ndata,sigma,theta1_median,theta2_median,theta1_iqrs,theta2_iqrs,quartiles1_1,quartiles3_1,quartiles1_2,quartiles3_2,theta1_coverage,theta2_coverage
50,1.0,168.57725159612602,79.9466724938848,1.3692732932220224,1.2849207059316257,167.89049201498506,169.25976530820708,79.29707366715482,80.58199437308645,false,false
50,1.0,168.59879689775585,79.95489010363055,1.313883183284787,1.3255925661828911,167.94653062250964,169.26041380579443,79.27857360882327,80.60416617500616,false,false
50,1.0,168.59106284498665,80.01261092492366,1.3554152997932647,1.3391972793923799,167.90172906503284,169.2571443648261,79.34048499803875,80.67968227743113,false,false
50,1.0,168.57415683230394,80.06053213314281,1.3761441595830775,1.2964867588570996,167.8937868012675,169.2699309608506,79.40871577926146,80.70520253811856,false,false
50,1.0,168.58697240600702,79.88645595797041,1.3520497894133712,1.3418269234634295,167.9146904494866,169.26674023889998,79.21919161850207,80.5610185419655,false,false
50,1.0,168.59306955103668,79.96470234871991,1.3892138542812802,1.3606933935240875,167.90090562351637,169.29011947779765,79.27954733939885,80.64024073292293,false,false
50,1.0,168.58043743581138,79.90350787196637,1.384688324879022,1.347768886859157,167.88196382311003,169.26665214798905,79.23090291807763,80.57867180493679,false,false
50,1.0,168.59724293600698,80.03014775566258,1.360762083720374,1.3832692925940222,167.92309597183467,169.28385805555504,79.33188513363885,80.71515442623287,false,false
50,1.0,168.6005039059036,79.95607249210791,1.3767087867380496,1.3466663674611112,167.9164207785318,169.29312956526985,79.2876909538127,80.63435732127381,false,false
50,1.0,168.59636176344554,80.0596466312216,1.3550684938382176,1.3612796006687091,167.92484115266248,169.2799096465007,79.38635876754704,80.74763836821575,false,false
50,1.0,168.59135709692563,79.96079582116782,1.32803205463307,1.3745440210962272,167.92271268711926,169.25074474175233,79.28142900583366,80.65597302692989,false,false
50,1.0,168.56632054191294,80.06413964070413,1.3736364485723698,1.3596510561346378,167.88260764646375,169.25624409503612,79.38164189033334,80.74129294646798,false,false
50,1.0,168.57754309519123,79.97946777790585,1.3265970495502302,1.357755354886038,167.91978822174374,169.24638527129397,79.30958583972075,80.66734119460679,false,false
50,1.0,168.5876403485704,80.01081906454229,1.3198982080544113,1.3159737075504125,167.93325493217833,169.25315314023274,79.3695848366068,80.68555854415722,false,false
50,1.0,168.58593625537392,79.98479349933244,1.3563632051883587,1.3236188951275096,167.8933897588706,169.24975296405896,79.32566775279015,80.64928664791766,false,false
50,1.0,168.58633095339326,79.95200616460264,1.314484577459524,1.3605501811125151,167.9188323371916,169.2333169146511,79.27076413021253,80.63131431132504,false,false
50,1.0,168.58552474392081,79.92901526394405,1.3195537520859375,1.3380655032595996,167.91757180465896,169.2371255567449,79.24724355659782,80.58530905985742,false,false
50,1.0,168.59349148034772,79.90801861735659,1.3896050870770011,1.3648441932372748,167.89814840451288,169.28775349158988,79.2211874922715,80.58603168550877,false,false
50,1.0,168.5870263737877,80.02223028208897,1.328655261068974,1.3204333182266055,167.92249189589856,169.25114715696753,79.36383489865747,80.68426821688408,false,false
50,1.0,168.56400950083588,80.04949474122296,1.3813718773331516,1.3624327512082033,167.88997317638922,169.27134505372237,79.37113211028554,80.73356486149375,false,false
50,1.0,168.58216180870573,80.01941641603754,1.3950577837198068,1.3578386319369002,167.88384917751907,169.27890696123887,79.32531010139155,80.68314873332845,false,false
50,1.0,168.58691987083668,80.07169872284433,1.3651819432556636,1.3306750224553383,167.91569760802764,169.2808795512833,79.41451160229897,80.74518662475431,false,false
50,1.0,168.582404664568,80.05843329733955,1.3344811270346497,1.3282436971548464,167.91465367072425,169.2491347977589,79.38447236889063,80.71271606604547,false,false
50,1.0,168.59221662141772,79.96841037835,1.3680983988745936,1.2979316577939244,167.91329358838698,169.28139198726157,79.31399174613898,80.6119234039329,false,false
50,1.0,168.5617650957324,80.0555217516974,1.351612460038723,1.3462065925485547,167.9155831388453,169.26719559888403,79.39160611874537,80.73781271129393,false,false
50,1.0,168.5867680541313,80.07238380816591,1.3848344054746633,1.3499514186454604,167.89427514135497,169.27910954682963,79.39646365976687,80.74641507841233,false,false
50,1.0,168.6118310895689,80.0397059792941,1.3593205331972342,1.339530344121286,167.91017150902547,169.2694920422227,79.35931821851847,80.69884856263975,false,false
50,1.0,168.60028069321893,80.00184795261951,1.3526763008891294,1.3078680769771154,167.92787736303976,169.28055366392888,79.35339511188533,80.66126318886245,false,false
50,1.0,168.59020475733433,80.06946179082826,1.3875570250479257,1.3579253718427253,167.88087403278897,169.2684310578369,79.38786233065677,80.7457877024995,false,false
50,1.0,168.5953793953318,79.99205929407537,1.3970977277490135,1.3532150469142579,167.90663314762463,169.30373087537365,79.33114276609352,80.68435781300778,false,false
50,1.0,168.5854416543175,79.9919160434894,1.3902607661398179,1.341457865723271,167.879506799733,169.26976756587283,79.32964727208602,80.67110513780929,false,false
50,1.0,168.5964786615417,80.03284862735833,1.3367627705613359,1.2876513633866864,167.93737638636122,169.27413915692256,79.39074341685817,80.67839478024486,false,false
50,1.0,168.58488368703493,79.99052622991564,1.3825997418836096,1.3351653183338357,167.9052425144426,169.2878422563262,79.31597637600407,80.65114169433791,false,false
50,1.0,168.59597309638264,79.96527455822334,1.3388384337155799,1.3077159722442815,167.90850790922366,169.24734634293924,79.31431183169914,80.62202780394342,false,false
50,1.0,168.58099630592858,80.01324650404695,1.3760548367226306,1.2900489926648078,167.89313271874596,169.2691875554686,79.37251497043788,80.66256396310268,false,false
50,1.0,168.58170432049548,79.91556612040071,1.3581903724550841,1.3111073458929923,167.89879265049473,169.2569830229498,79.26236789235887,80.57347523825186,false,false
50,1.0,168.5809788470297,80.01381249195127,1.3741889604505673,1.3200366564506822,167.91059240210896,169.28478136255953,79.36360909506202,80.6836457515127,false,false
50,1.0,168.60837377833093,79.96360701865952,1.3563977424104223,1.3201145291080962,167.92110760842417,169.2775053508346,79.29586340917025,80.61597793827835,false,false
50,1.0,168.60047610075236,79.99067989636654,1.3854246209564565,1.3264905954664243,167.89720212532208,169.28262674627854,79.33294367639853,80.65943427186495,false,false
50,1.0,168.60649138290998,79.93625640652834,1.358981015001234,1.3494723158714095,167.91472542869695,169.2737064436982,79.2759082994175,80.6253806152889,false,false
50,1.0,168.56991698156747,79.99930956756418,1.3346814505522389,1.3608457978969284,167.91108119344864,169.24576264400088,79.30666135197599,80.66750714987292,false,false
50,1.0,168.61391767641868,80.0191567375453,1.3683136653694987,1.348060497842539,167.92519698898911,169.2935106543586,79.34426249415003,80.69232299199257,false,false
50,1.0,168.5810966791057,79.94588493808439,1.3535872931025779,1.331752295945975,167.91375673132353,169.2673440244261,79.28296260227461,80.61471489822058,false,false
50,1.0,168.5610247237875,79.95810785777391,1.328734051742856,1.3863140653806454,167.89571018814684,169.2244442398897,79.25348349665923,80.63979756203987,false,false
50,1.0,168.58111012454071,79.966631245472,1.3797018333916071,1.3517462569432865,167.9022061959665,169.2819080293581,79.29102048331153,80.64276674025481,false,false
50,1.0,168.59160585630764,80.0292791465622,1.3763106359724873,1.3307001878702067,167.8949963037807,169.27130693975317,79.36754793931655,80.69824812718676,false,false
50,1.0,168.59946652939496,80.01017762114526,1.328570920739054,1.3088386859153616,167.91744716129156,169.24601808203062,79.3583336078585,80.66717229377386,false,false
50,1.0,168.60462006014342,80.06209091052679,1.3456816195093495,1.3458369110995108,167.91846979918742,169.26415141869677,79.37233336607697,80.71817027717648,false,false
50,1.0,168.5930220266426,80.11753969433641,1.3484165223386526,1.3377980241531873,167.9207335649971,169.26915008733576,79.42833045662256,80.76612848077575,false,false
50,1.0,168.58882857066422,80.09507871365105,1.361089775376712,1.3866097714936956,167.91846614423838,169.2795559196151,79.39433791135868,80.78094768285237,false,false
50,1.0,168.581809523171,79.99808257874011,1.3486497912248012,1.3447609763667003,167.89917274987727,169.24782254110207,79.31989391917654,80.66465489554324,false,false
50,1.0,168.5813121477325,79.97912743142209,1.3606432325657636,1.3118759605595471,167.90234809069747,169.26299132326324,79.32250959594955,80.6343855565091,false,false
50,1.0,168.5869522158004,80.02772110882403,1.3202949088148728,1.3261455566621123,167.9242205718714,169.24451548068626,79.37252593152283,80.69867148818494,false,false
50,1.0,168.58220205997586,79.92151089054221,1.3678123731205574,1.3499117370042768,167.90333928433262,169.27115165745317,79.24367011392215,80.59358185092643,false,false
50,1.0,168.58571900855296,79.94980272079599,1.3592815836944965,1.334209196120753,167.90751310389763,169.26679468759212,79.27560356868236,80.60981276480311,false,false
50,1.0,168.6042444423747,80.04085842056625,1.4040410905482759,1.3770124326653388,167.88856261372095,169.29260370426923,79.36673173251879,80.74374416518413,false,false
50,1.0,168.60985803600784,79.84594597601986,1.3152499150863832,1.3070559595612679,167.9443712623358,169.2596211774222,79.19633146096831,80.50338742052958,false,false
50,1.0,168.5894800190993,80.07950358367584,1.322453311724189,1.3147012368723523,167.9323903833064,169.2548436950306,79.43191943391818,80.74662067079053,false,false
50,1.0,168.58402385257617,79.87810636484463,1.3438019230370344,1.3342304813124741,167.9188308755995,169.26263279863653,79.20789762653185,80.54212810784432,false,false
50,1.0,168.5958894963086,79.9261408828483,1.3730159095201486,1.33583493339151,167.89746144847638,169.27047735799653,79.26485161073211,80.60068654412362,false,false
50,1.0,168.56036959786064,79.9761744816993,1.3604369406499472,1.3422860909768133,167.88798587374083,169.24842281439078,79.31271478893407,80.65500087991089,false,false
50,1.0,168.61082711547485,79.90129662720986,1.371178347353947,1.3735583091393835,167.91960935799196,169.2907877053459,79.21982811259701,80.5933864217364,false,false
50,1.0,168.58362846295998,80.0420171703157,1.3376796455956423,1.3395728840818464,167.9217121108422,169.25939175643785,79.37601471138193,80.71558759546377,false,false
50,1.0,168.58858180272273,79.99896818956489,1.3409665045646193,1.3539268123222286,167.91430244801944,169.25526895258406,79.3155350595192,80.66946187184143,false,false
50,1.0,168.5974855122696,80.01239603782685,1.3491927500128327,1.321590005666053,167.8987783642687,169.24797111428154,79.34917862579832,80.67076863146437,false,false
50,1.0,168.6137122680268,80.00164103886506,1.349426800838529,1.2877539296047331,167.9176081726339,169.26703497347242,79.36034981261223,80.64810374221696,false,false
50,1.0,168.61150593360605,79.99364185335232,1.3457934784824204,1.3625327799255587,167.94044514304076,169.28623862152318,79.30580196695948,80.66833474688504,false,false
50,1.0,168.6060492488441,80.00318854309748,1.3764004915704504,1.340681850290764,167.90445795081217,169.28085844238262,79.32923695175087,80.66991880204164,false,false
50,1.0,168.5782532553166,79.93471523911992,1.3508521399060385,1.3144107112005514,167.9122784903345,169.26313063024054,79.26850225238877,80.58291296358932,false,false
50,1.0,168.56806719522433,80.08975339711367,1.3139110353256171,1.3790031791238704,167.92534050628976,169.23925154161537,79.40561871787261,80.78462189699648,false,false
50,1.0,168.55956519546987,80.01165174020844,1.3451119663608893,1.3407849368715574,167.89957081167785,169.24468277803874,79.34019179169718,80.68097672856874,false,false
50,1.0,168.59690266066315,79.93841357761508,1.3500803169258973,1.3742018819971378,167.92910722816669,169.27918754509258,79.2654796483695,80.63968153036664,false,false
50,1.0,168.5761452544092,79.86326812338854,1.346880886969842,1.3314790881671996,167.9116886620704,169.25856954904023,79.1804858406392,80.51196492880639,false,false
50,1.0,168.59801926533584,80.07746224294263,1.357718679918861,1.368003980295839,167.90695973293634,169.2646784128552,79.3887683692264,80.75677234952224,false,false
50,1.0,168.6085577317666,80.01498883431574,1.3497061756641813,1.3681967268159099,167.91219495751545,169.26190113317963,79.33896031278013,80.70715703959604,false,false
50,1.0,168.60111006911038,79.94525966578662,1.3445299760615512,1.3318611171612673,167.9268827697208,169.27141274578236,79.27804182454163,80.6099029417029,false,false
50,1.0,168.5740835050911,80.09149952794849,1.3733144610423835,1.2815040499355916,167.89195694252555,169.26527140356794,79.44714625116053,80.72865030109612,false,false
50,1.0,168.58692014327914,79.93892475276976,1.384722019311738,1.3074020089970304,167.9054577172183,169.29017973653004,79.29642410032196,80.60382610931899,false,false
50,1.0,168.57558600465106,79.9198860545479,1.385705613562152,1.3331928316193995,167.88845833188049,169.27416394544264,79.2504691195794,80.5836619511988,false,false
50,1.0,168.59988635551656,80.01644871821952,1.334610837549718,1.3417657261560123,167.92300324814101,169.25761408569073,79.34900367367187,80.69076939982789,false,false
50,1.0,168.5859207381798,79.99650873408768,1.3728048039238558,1.3556143847767572,167.90368091215365,169.2764857160775,79.3049931161344,80.66060750091115,false,false
50,1.0,168.5991347177835,80.01496386054336,1.3569824193787952,1.34794649734296,167.9208379951552,169.277820414534,79.32155495490697,80.66950145224993,false,false
50,1.0,168.59868378304486,80.00953872424637,1.3500381314434264,1.3067485064599254,167.92830995299713,169.27834808444055,79.37007872436111,80.67682723082103,false,false
50,1.0,168.58746644779308,80.00506054402052,1.3728261741297842,1.336239904023941,167.88809714848165,169.26092332261143,79.32903796125368,80.66527786527762,false,false
50,1.0,168.57475919413963,80.00904717620334,1.3766128216338984,1.3453939459281088,167.90327070023767,169.27988352187157,79.34428511642777,80.68967906235588,false,false
50,1.0,168.58771374877801,80.04352541917683,1.3375346896710596,1.3564951473124864,167.91988443507216,169.25741912474322,79.36364931732906,80.72014446464155,false,false
50,1.0,168.56858215300522,80.00281523777014,1.39051854837831,1.3805655475406553,167.88980130776628,169.2803198561446,79.30112327706556,80.68168882460621,false,false
50,1.0,168.5788574117779,80.0104867936629,1.3639736954988564,1.3002056588994435,167.89562289122895,169.2595965867278,79.36146937602769,80.66167503492713,false,false
50,1.0,168.58816894687837,79.97034556863305,1.312807017088403,1.3190316671168887,167.9270788219342,169.2398858390226,79.32549015669301,80.6445218238099,false,false
50,1.0,168.57398015344933,79.97776697884572,1.3578845388784089,1.3551431418040067,167.8920248402978,169.24990937917622,79.30442577731425,80.65956891911826,false,false
50,1.0,168.5887303651142,80.09639520772043,1.3601581517158934,1.3193202106429425,167.90848637525184,169.26864452696773,79.43640408088709,80.75572429153003,false,false
50,1.0,168.6007322900573,79.97426664338137,1.3973998059302346,1.385175611928247,167.89264061204864,169.29004041797887,79.28730778287671,80.67248339480496,false,false
50,1.0,168.59908063158326,80.01419628972177,1.3736448993473687,1.3674483103907704,167.91096028155658,169.28460518090395,79.33815079139352,80.70559910178429,false,false
50,1.0,168.59694822944903,79.95810225030687,1.3876757919249485,1.294658074237347,167.9084489434281,169.29612473535306,79.31826868716227,80.61292676139962,false,false
50,1.0,168.5852646878615,79.9867375992536,1.3630159851065287,1.4040220538378918,167.92103915151256,169.2840551366191,79.29614971170426,80.70017176554215,false,false
50,1.0,168.60550294257368,79.98150140112764,1.323111629082831,1.3468735338297648,167.94234468465584,169.26545631373867,79.30280488737898,80.64967842120875,false,false
50,1.0,168.58857094923042,80.08844832096747,1.3603183068456417,1.3453568517160477,167.91123224763987,169.27155055448551,79.40710840023695,80.752465251953,false,false
50,1.0,168.60151742715328,79.91289805517084,1.3690596634646397,1.3621398665419093,167.91107352273613,169.28013318620077,79.23466991357502,80.59680978011693,false,false
50,1.0,168.5796541075585,80.04249746650643,1.369702841763825,1.315222923375572,167.9003900525537,169.27009289431751,79.39243260572387,80.70765552909944,false,false
50,1.0,168.5891046579613,79.9372643299742,1.3735976745150253,1.3835545793762805,167.903407081839,169.27700475635402,79.24155516597729,80.62510974535357,false,false
50,1.0,168.6174482524824,79.95570941893459,1.3103039219063817,1.3666426506319738,167.9544660804211,169.26477000232748,79.27496826611537,80.64161091674734,false,false
50,1.0,168.59698065802894,79.96120753662332,1.382542025318628,1.3171863877463892,167.90339055080742,169.28593257612604,79.30013532187284,80.61732170961923,false,false
50,1.0,168.59450171441193,80.00329462950674,1.3805684952349395,1.3716188286646656,167.91004381920723,169.29061231444217,79.33572784747346,80.70734667613813,false,false
50,1.0,168.60136749161302,79.8903078676179,1.3652061453516353,1.2939575075320704,167.91355397145452,169.27876011680615,79.24177985670673,80.5357373642388,false,false
50,1.0,168.58876033692468,79.96635872297769,1.3418110646321395,1.2873755512701592,167.9294784223553,169.27128948698743,79.32798431607446,80.61535986734462,false,false
50,1.0,168.58228683941343,80.07458074783871,1.380499401535019,1.3492647190590645,167.89830273267773,169.27880213421275,79.39568256341758,80.74494728247664,false,false
50,1.0,168.60629387576012,79.996765043924,1.3448803795406548,1.3825428066867147,167.92816153993294,169.2730419194736,79.29716403611356,80.67970684280027,false,false
50,1.0,168.58608040194292,80.0175652826446,1.3781832273031966,1.3507971895214865,167.91231544627198,169.29049867357517,79.34779380095195,80.69859099047343,false,false
50,1.0,168.59450324448056,80.01215747726138,1.3360516583674382,1.3253356104849559,167.92550476298345,169.2615564213509,79.33727639061681,80.66261200110176,false,false
50,1.0,168.58565011394225,80.002906606725,1.3487210653184434,1.371042659717034,167.92516077448153,169.27388183979997,79.32498983901738,80.69603249873441,false,false
50,1.0,168.59107748624973,79.96945681139562,1.4009711154615445,1.3212776487278006,167.86907623761272,169.27004735307426,79.30624861669621,80.62752626542401,false,false
50,1.0,168.6068463514485,79.99115426481396,1.3576038064449278,1.365032159903592,167.90923341368878,169.2668372201337,79.3020050795901,80.6670372394937,false,false
50,1.0,168.5941212091991,79.84507810939216,1.3702009722217667,1.3224035782803867,167.91454594870584,169.2847469209276,79.18239120798009,80.50479478626048,false,false
50,1.0,168.58691855475996,79.9149974196436,1.3652774854119514,1.318538469675019,167.901831732533,169.26710921794495,79.24197589971308,80.5605143693881,false,false
50,1.0,168.5979168363495,80.04468055430875,1.3769537541882357,1.3325314493506113,167.91306340521697,169.2900171594052,79.36806057877025,80.70059202812087,false,false
50,1.0,168.58120832587568,80.06401714063796,1.341769458992701,1.3516556522111784,167.9018397616324,169.2436092206251,79.37168294964896,80.72333860186014,false,false
50,1.0,168.5881532479877,80.05079493004315,1.381596934111741,1.334604381743702,167.9032777981215,169.28487473223325,79.38278239574878,80.71738677749248,false,false
50,1.0,168.59249753166876,79.96245120726584,1.370771287260709,1.3108909426030095,167.9120550435254,169.28282633078612,79.3054725881102,80.61636353071322,false,false
50,1.0,168.60927954886287,79.98834570862633,1.40301631342561,1.3216352379465377,167.9018764699961,169.3048927834217,79.32755219866239,80.64918743660893,false,false
50,1.0,168.58710892511434,80.05613320412455,1.3425144145753052,1.3483227327055687,167.91921179138862,169.26172620596392,79.38341377075052,80.73173650345609,false,false
50,1.0,168.54595659171497,79.91230125077823,1.3479596802188496,1.380649068669456,167.8897371088189,169.23769678903776,79.24121738860808,80.62186645727753,false,false
50,1.0,168.60712069267646,80.0501963557883,1.3732161650254113,1.3176878566845147,167.91677549229541,169.28999165732083,79.37872900572474,80.69641686240925,false,false
50,1.0,168.59705765833132,80.02882313374938,1.365049749380404,1.3248596809691833,167.91707146687799,169.2821212162584,79.35192436475782,80.676784045727,false,false
50,1.0,168.5984334779683,79.98577491204057,1.3395833277337204,1.3591865783185142,167.91065777104643,169.25024109878015,79.30524444878495,80.66443102710346,false,false
50,1.0,168.57528642028518,80.02001662350617,1.3346408053354821,1.3523689978631808,167.9028045823435,169.23744538767897,79.34717361907674,80.69954261693992,false,false
50,1.0,168.60043440942928,80.00102692573412,1.3810058590196093,1.347172296484544,167.9150109399945,169.2960167990141,79.31854083559158,80.66571313207612,false,false
50,1.0,168.5804934731143,80.03745454560769,1.4048363818013456,1.375015459837087,167.88305530862206,169.2878916904234,79.34591878724603,80.72093424708312,false,false
50,1.0,168.59116782909084,79.97461697931541,1.3536032169184864,1.3290417794154052,167.91114922006238,169.26475243698087,79.32326060688385,80.65230238629925,false,false
50,1.0,168.59076544803588,80.04337602147262,1.371094389378385,1.3374658688190664,167.8997007706122,169.2707951599906,79.36894125481886,80.70640712363793,false,false
50,1.0,168.6111548274956,80.01402162767253,1.3656174335336857,1.3353996746137398,167.93049623843993,169.29611367197361,79.34893385486669,80.68433352948043,false,false
50,1.0,168.59308310759855,80.08352682172995,1.3409954420684755,1.3333527535409075,167.9225496285886,169.26354507065707,79.41977264177184,80.75312539531275,false,false
50,1.0,168.58707813160066,79.91165049709767,1.3563881477242887,1.3556411346862944,167.90493498075594,169.26132312848023,79.23421117287108,80.58985230755738,false,false
50,1.0,168.59355616567382,79.95934130772189,1.3604201202811055,1.3255471781137373,167.92135161469662,169.28177173497772,79.27665493498644,80.60220211310018,false,false
50,1.0,168.60605981273744,80.03311547196517,1.3773578648896603,1.3582278565274777,167.9055700669998,169.28292793188945,79.33813425690873,80.69636211343621,false,false
50,1.0,168.57976700797008,79.97139281249468,1.3294251489898272,1.333471856801566,167.9233310343508,169.25275618334064,79.30728262476616,80.64075448156773,false,false
50,1.0,168.5711430270929,80.0123259581616,1.3504706607459696,1.3486801829873514,167.90194134478065,169.25241200552662,79.33169510611876,80.68037528910611,false,false
50,1.0,168.5958045697676,79.93959893544114,1.3465244218139105,1.348639651280081,167.91553189513547,169.26205631694938,79.28196078883921,80.6306004401193,false,false
50,1.0,168.59482578702728,79.97301627506724,1.3675589240196189,1.3436422816035787,167.9103971433162,169.27795606733582,79.31241058985626,80.65605287145983,false,false
50,1.0,168.58186509140722,79.98058440368402,1.3590774054108579,1.3363792541808692,167.89733210292925,169.2564095083401,79.31664757329102,80.65302682747189,false,false
50,1.0,168.5808587368005,79.98291716522891,1.3147357233610535,1.3736866979020448,167.93674987511227,169.25148559847332,79.31695810203325,80.6906447999353,false,false
50,1.0,168.61023293528268,79.93586165713013,1.3595173308616495,1.3443243005553,167.9168085495288,169.27632588039046,79.26175633970912,80.60608064026442,false,false
50,1.0,168.60685963461515,79.96587955493078,1.3535774016235678,1.355517091464563,167.91213088653262,169.2657082881562,79.30387376440974,80.6593908558743,false,false
50,1.0,168.5772950098219,79.96604221682985,1.4200337110073065,1.354550694538517,167.87845202736565,169.29848573837296,79.29716549878646,80.65171619332497,false,false
50,1.0,168.58882679067307,79.87825446709653,1.3687711432914398,1.3514268150863415,167.90092587255486,169.2696970158463,79.19623416737167,80.54766098245801,false,false
50,1.0,168.57677985563538,80.01904968945783,1.371690350984892,1.3431910091804156,167.90706778400812,169.278758134993,79.3431032615317,80.68629427071211,false,false
50,1.0,168.59356475060986,80.06706192787453,1.4164865298590996,1.342703159849961,167.8827769936908,169.2992635235499,79.38339229737011,80.72609545722007,false,false
50,1.0,168.56825383053103,79.8784876976045,1.3997771210025576,1.362134717313424,167.88599792420885,169.2857750452114,79.19581479222896,80.55794950954238,false,false
50,1.0,168.57406078518187,79.96782971177984,1.3970288194424825,1.3059744428287985,167.89167759372535,169.28870641316783,79.31392427398846,80.61989871681726,false,false
50,1.0,168.59212920015997,79.96896320997324,1.3724203809162816,1.3678567085670466,167.91461226576945,169.28703264668573,79.29963988927138,80.66749659783842,false,false
50,1.0,168.56650343509762,80.00628715592745,1.3710202227622403,1.371528588701338,167.88580400332074,169.25682422608298,79.30051291897661,80.67204150767795,false,false
50,1.0,168.5992072669962,80.1165332308307,1.374496215491348,1.335621978178267,167.91628228107825,169.2907784965696,79.43677015796848,80.77239213614675,false,false
50,1.0,168.5732580172409,80.00926054698638,1.366765573273085,1.3329654969801936,167.88434921961473,169.25111479288782,79.3355412021223,80.6685066991025,false,false
50,1.0,168.59242221244787,79.95726477970045,1.3269463004741056,1.3348038990638855,167.92777411363704,169.25472041411115,79.29681938905222,80.6316232881161,false,false
50,1.0,168.58729106005336,79.94195063088928,1.3319199746664196,1.3394945155156393,167.9348054642132,169.26672543887963,79.27470512344497,80.61419963896061,false,false
50,1.0,168.59443999486416,79.98645817023785,1.3519141702543607,1.3400682670040283,167.92103347768338,169.27294764793774,79.3157952858404,80.65586355284442,false,false
50,1.0,168.5811835420084,79.94220713452351,1.3653719909240465,1.3334674074108932,167.89440187973165,169.2597738706557,79.29006042386399,80.62352783127488,false,false
50,1.0,168.59926197766322,79.84007169388516,1.3511136139476605,1.3206437476874697,167.9217486915576,169.27286230550527,79.18061879268464,80.50126254037211,false,false
50,1.0,168.5867577917323,80.0598898153892,1.3579713832027096,1.3355549830404243,167.90163712594165,169.25960850914436,79.37903431997002,80.71458930301044,false,false
50,1.0,168.5887230572805,80.0451912696843,1.340377954654116,1.3156332795314398,167.9312704524827,169.2716484071368,79.39068225628189,80.70631553581333,false,false
50,1.0,168.5846476085203,80.03286737014659,1.3874016328458652,1.3569365209952053,167.89178579087664,169.2791874237225,79.33058054174003,80.68751706273524,false,false
50,1.0,168.58925242763206,80.05573524013423,1.3539295004816552,1.3624642564679732,167.91478941265106,169.26871891313272,79.38561449057693,80.7480787470449,false,false
50,1.0,168.58259402700173,80.02164865769986,1.3919175697676565,1.3472033932420828,167.89892871328635,169.290846283054,79.34689087309877,80.69409426634085,false,false
50,1.0,168.57140807495406,79.97832384815945,1.3743157448692216,1.3250638354889048,167.88480572906946,169.25912147393868,79.31671272376018,80.64177655924908,false,false
50,1.0,168.5903491970601,80.03269008635354,1.3419826952451217,1.31571180874532,167.92658654783878,169.2685692430839,79.37843757928162,80.69414938802694,false,false
50,1.0,168.5832404204428,79.96546645677722,1.3653776499510286,1.3381793970074796,167.90346168614127,169.2688393360923,79.30518071472996,80.64336011173744,false,false
50,1.0,168.59105145300293,80.05161359122022,1.353245118363759,1.322916121033174,167.91613797212113,169.2693830904849,79.38227695468137,80.70519307571455,false,false
50,1.0,168.5982756513527,80.08850514511153,1.3606311706623728,1.3586383455771482,167.9094135021762,169.27004467283857,79.40539262085372,80.76403096643087,false,false
50,1.0,168.58226525592295,80.04101977647163,1.340983979978688,1.3160246689853636,167.92039092932941,169.2613749093081,79.3939071697011,80.70993183868646,false,false
50,1.0,168.57396770878063,79.99208802191376,1.3431299921907112,1.3639875311885703,167.91552602252784,169.25865601471855,79.30662980023753,80.6706173314261,false,false
50,1.0,168.58043800058812,79.99284765512198,1.346536612967185,1.3647104417883753,167.90683674630603,169.2533733592732,79.3061598964762,80.67087033826458,false,false
50,1.0,168.58586448069394,80.04167085156428,1.3439187088244466,1.3425656784270927,167.9124434921889,169.25636220101336,79.37611775791112,80.71868343633821,false,false
50,1.0,168.5827856631625,80.0375761167669,1.3516561841164787,1.3394054240947781,167.92014258552575,169.27179876964223,79.35631848572838,80.69572390982316,false,false
50,1.0,168.5970929520559,79.94350439977163,1.3716435625112524,1.3859225547068093,167.90953199241486,169.2811755549261,79.25170161768457,80.63762417239138,false,false
50,1.0,168.59205705348387,79.98473063197142,1.358724231818627,1.343802694915098,167.9021414920474,169.26086572386603,79.34134822631876,80.68515092123386,false,false
50,1.0,168.5647845717657,79.92132998331294,1.359796080177773,1.3117635944626187,167.90788298362804,169.26767906380582,79.24780968313924,80.55957327760186,false,false
50,1.0,168.58292894574245,80.01275507516618,1.3364283587587522,1.3322141911153125,167.91791358522838,169.25434194398713,79.33987722468562,80.67209141580094,false,false
50,1.0,168.56897536558762,79.98441425084414,1.3519298680355405,1.3159946108635694,167.90882539761748,169.26075526565302,79.33161627223613,80.6476108830997,false,false
50,1.0,168.57088857073302,80.0547655775737,1.3855183201209513,1.3357154873865227,167.87387150593986,169.2593898260608,79.37967007226499,80.71538555965151,false,false
50,1.0,168.5883861794731,79.97292722096259,1.3568702880258172,1.3665973334508124,167.91660631805883,169.27347660608464,79.28199918979368,80.64859652324449,false,false
50,1.0,168.58043888668124,80.05453369983022,1.3664684132332923,1.3478295861768999,167.90165825288517,169.26812666611846,79.38665942376555,80.73448900994245,false,false
50,1.0,168.59492482393262,79.91544540098914,1.3702757307348747,1.3662003583658873,167.91250197490143,169.2827777056363,79.24018655594413,80.60638691431002,false,false
50,1.0,168.58846090429432,80.0285622833388,1.4052427827436418,1.3431875167043756,167.88497919522518,169.29022197796883,79.36253410843528,80.70572162513966,false,false
50,1.0,168.58406720936676,80.00815703540398,1.367307778776194,1.3435740524744801,167.9135987380465,169.28090651682268,79.36152795038778,80.70510200286226,false,false
50,1.0,168.57319738835457,80.05924263365013,1.340576476420722,1.3203605538106302,167.90989515497927,169.2504716314,79.4006766043411,80.72103715815173,false,false
50,1.0,168.60296016053428,80.04655612455555,1.3383823033577755,1.3581212796534317,167.9288225207993,169.26720482415706,79.36148254463457,80.719603824288,false,false
50,1.0,168.58558259445869,79.99297069119254,1.3286004450122562,1.3499067209431104,167.93595761921623,169.26455806422848,79.33900274849749,80.6889094694406,false,false
50,1.0,168.58208109264461,80.07460710594177,1.3584466451888204,1.343807126162119,167.89337672013056,169.25182336531938,79.3776184604256,80.72142558658771,false,false
50,1.0,168.57552861877372,79.9848255879023,1.347543312616466,1.3577480985601653,167.91541786628264,169.2629611788991,79.3217780021314,80.67952610069156,false,false
50,1.0,168.5984331306218,79.96522381403759,1.3655811375958535,1.3636816546806472,167.90907497475197,169.27465611234783,79.2918972160414,80.65557887072205,false,false
50,1.0,168.5785954989538,80.03045600800672,1.3972018733205118,1.3582777306977931,167.87484345702865,169.27204533034916,79.36127588603118,80.71955361672897,false,false
50,1.0,168.60576346375518,79.99214228816541,1.4051077698816812,1.3700879019266807,167.9049260174596,169.31003378734127,79.31431304281483,80.68440094474151,false,false
50,1.0,168.58807008725373,80.07145116334803,1.349894226897277,1.3434474759980048,167.92130653496116,169.27120076185844,79.38729697346434,80.73074444946235,false,false
50,1.0,168.59861862084352,80.02742821655377,1.3633145718779645,1.3384326330251355,167.8983707291721,169.26168530105005,79.37176174516996,80.7101943781951,false,false
50,1.0,168.58920810488635,80.08157610676503,1.3506137139584666,1.3323968530338846,167.9134565104788,169.26407022443726,79.41211734434623,80.74451419738011,false,false
50,1.0,168.5811315427281,79.99248726231875,1.33737953505684,1.357185119838661,167.92057702089193,169.25795655594877,79.30952042389883,80.66670554373749,false,false
50,1.0,168.58232506831922,80.06453029048063,1.3820564380414737,1.3445764766940727,167.88339042205288,169.26544686009436,79.39468974375403,80.7392662204481,false,false
50,1.0,168.577469228388,80.05014545301105,1.3569707109050455,1.358689928117883,167.903393558738,169.26036426964305,79.36509010567036,80.72378003378824,false,false
50,1.0,168.59970024765232,79.91682413430422,1.3986577933884234,1.3381558425588622,167.91238299159983,169.31104078498825,79.24134691013718,80.57950275269604,false,false
50,1.0,168.59073622690067,79.96034072615194,1.3579384867527153,1.3502163825356917,167.917365163015,169.27530364976772,79.30414256915986,80.65435895169556,false,false
50,1.0,168.57974878559892,80.03286171514996,1.2807219774423686,1.345083133276077,167.95101113063362,169.23173310807599,79.3602596370902,80.70534277036627,false,false
50,1.0,168.60979049397295,80.02783511994183,1.3509138172465214,1.3802189593626792,167.92640552251902,169.27731933976554,79.32348613546438,80.70370509482706,false,false
50,1.0,168.57243981697576,80.01520794469178,1.3829331656760644,1.339375823706419,167.88305719195063,169.2659903576267,79.3509625162444,80.69033833995081,false,false
50,1.0,168.59217171051543,80.00814123971435,1.3572312162174,1.3302392785440702,167.92917731880368,169.28640853502108,79.34211523130833,80.6723545098524,false,false
50,1.0,168.57844830239776,80.00715704592726,1.3739639462906155,1.2992464508626966,167.89463948365156,169.26860342994217,79.35969933290232,80.65894578376502,false,false
50,1.0,168.56909166351667,80.01360974358698,1.3419659668092265,1.2998682608015173,167.90604901635902,169.24801498316825,79.3623012394205,80.66216950022202,false,false
50,1.0,168.60578224162396,79.93595704263728,1.3483444678203682,1.3393058626662082,167.91832203408367,169.26666650190404,79.24572364531195,80.58502950797816,false,false
50,1.0,168.5894519919006,80.03379142078695,1.347486668689811,1.3472932939245226,167.92344191156306,169.27092858025287,79.35833397699784,80.70562727092236,false,false
50,1.0,168.6009190088559,80.04668376142648,1.338336989667141,1.343579133127065,167.92758401942461,169.26592100909176,79.37093208635888,80.71451121948594,false,false
50,1.0,168.5783057554989,80.013198146087,1.362812350370973,1.406989755828448,167.90436322101112,169.2671755713821,79.29373312263385,80.7007228784623,false,false
50,1.0,168.58557154538283,80.0075332882983,1.3559544942409332,1.3663030947905668,167.88512429533637,169.2410787895773,79.32879681358531,80.69509990837588,false,false
50,1.0,168.58388039280996,79.96655939201247,1.33479272421377,1.340729290391124,167.92288925006832,169.2576819742821,79.30150251556759,80.64223180595872,false,false
50,1.0,168.5710983822163,80.02562459795865,1.3709287355236484,1.3154625695482451,167.89338459018026,169.2643133257039,79.36875511665221,80.68421768620045,false,false
50,1.0,168.57815042065127,80.00720491803847,1.3590940394111044,1.3570525702603788,167.90388960800976,169.26298364742087,79.31987170996317,80.67692428022355,false,false
50,1.0,168.5858133526231,79.9158039135794,1.350235808904074,1.3498605413853682,167.91943954017455,169.26967534907863,79.23877451757292,80.58863505895829,false,false
50,1.0,168.57328970374104,79.93208219879334,1.3251702679137338,1.3729572085264863,167.91835993549978,169.2435302034135,79.25337577601374,80.62633298454023,false,false
50,1.0,168.6243134096895,80.01617144584951,1.387209887148714,1.319417329167024,167.92398678788527,169.31119667503398,79.36597651297811,80.68539384214513,false,false
50,1.0,168.57838682327764,80.11271820192573,1.3271661847689131,1.298778536685134,167.90472246095737,169.2318886457263,79.43618576082221,80.73496429750735,false,false
50,1.0,168.57488859131917,79.95591711288847,1.3862969770801783,1.3690187500843933,167.89389515184672,169.2801921289269,79.2862276878027,80.65524643788709,false,false
50,1.0,168.58173874454812,79.97726512735508,1.3628093672208195,1.3448634055947366,167.8955484605462,169.25835782776701,79.31063888856997,80.6555022941647,false,false
50,1.0,168.60032066470802,80.07976265185218,1.3686742782998067,1.369058901531588,167.91088942090826,169.27956369920807,79.38855778826095,80.75761668979254,false,false
50,1.0,168.61110129044368,79.99050192591338,1.3829875647108167,1.345038482323389,167.91483055031043,169.29781811502124,79.31248109790721,80.6575195802306,false,false
50,1.0,168.59098325554922,79.96501462005521,1.3626046083931271,1.3480791591346701,167.90667465659953,169.26927926499266,79.28795292423146,80.63603208336613,false,false
50,1.0,168.55750114202948,79.96322131205315,1.3379200050829638,1.3217349111343566,167.900701526168,169.23862153125097,79.31257988348399,80.63431479461835,false,false
50,1.0,168.58157300310157,79.9754588327867,1.3525557385971752,1.322612761954204,167.89673069732936,169.24928643592654,79.31256128518238,80.63517404713659,false,false
50,1.0,168.57975959766816,79.98396810895755,1.3552551969058584,1.3318384820771456,167.89352461563286,169.24877981253871,79.32609715384207,80.65793563591922,false,false
50,1.0,168.58852473280984,79.91323321705713,1.3388007273604217,1.3386193954170977,167.92497620359245,169.26377693095287,79.22608221349036,80.56470160890746,false,false
50,1.0,168.59120526458344,79.99095153019626,1.3123338395517976,1.325027507705812,167.9299986988494,169.2423325384012,79.31637727981223,80.64140478751804,false,false
50,1.0,168.61465450638315,80.00847378831924,1.3655025495630184,1.3247861877201075,167.9183029702776,169.28380551984063,79.37396610796891,80.69875229568902,false,false
50,1.0,168.57133369106225,80.07740629346186,1.3341614254706258,1.3438622305382921,167.90465466916518,169.2388160946358,79.41095656877252,80.75481879931081,false,false
50,1.0,168.58553752376622,80.01393213384783,1.3213653314115277,1.339553338332479,167.93391405841845,169.25527938982998,79.3419001205836,80.68145345891608,false,false
50,1.0,168.58758187717655,80.02506879387974,1.3238478919041654,1.405897307249333,167.92733891759968,169.25118680950385,79.33126538826703,80.73716269551636,false,false
50,1.0,168.59483310293604,80.03176070107831,1.3539393171530207,1.3316985075837522,167.93172664537695,169.28566596252998,79.3678707627989,80.69956927038265,false,false
50,1.0,168.6070826406279,80.01248882556104,1.3730624563489187,1.3344707205555437,167.91803125879954,169.29109371514846,79.34715349298835,80.6816242135439,false,false
50,1.0,168.56991064933277,79.97908452319271,1.337118898934591,1.3283285938039455,167.91240363905007,169.24952253798466,79.31262261293202,80.64095120673596,false,false
50,1.0,168.6054046215306,80.00833876448652,1.3644981542688015,1.347356869499606,167.93053918589644,169.29503734016524,79.32453853582071,80.67189540532031,false,false
50,1.0,168.604983981331,80.0449572165432,1.3305558627553467,1.3659420874578956,167.93128091092598,169.26183677368132,79.34576871141485,80.71171079887274,false,false
50,1.0,168.59667017304128,80.04019851995491,1.331090144879397,1.3696439481611122,167.92826701606282,169.25935716094222,79.35172344420522,80.72136739236633,false,false
50,1.0,168.57718115177602,79.99381281621996,1.3313475048840644,1.3208343501717223,167.8924963565498,169.22384386143386,79.33395318121377,80.6547875313855,false,false
50,1.0,168.5790598300187,79.9245464397016,1.3604072314337259,1.3336673447961118,167.88861712446757,169.2490243559013,79.2568281610771,80.5904955058732,false,false
50,1.0,168.56359623074843,80.1483450036768,1.3438746204325582,1.3374712251665102,167.90325461494214,169.2471292353747,79.48432081245939,80.8217920376259,false,false
50,1.0,168.5655904736307,79.96951454656497,1.3366096029750452,1.3109529292394342,167.91039657022304,169.2470061731981,79.32648108524772,80.63743401448716,false,false
50,1.0,168.60394879631696,80.03357040605466,1.3414674474936135,1.3338226698095212,167.92455452156875,169.26602196906236,79.38124412865818,80.7150667984677,false,false
50,1.0,168.59327651031646,79.9639072483775,1.310173259004273,1.3512349766471345,167.93984878953503,169.2500220485393,79.27237052501505,80.62360550166218,false,false
50,1.0,168.60797746824514,79.88626841449437,1.3813531143077,1.3331606646430174,167.8933259899462,169.2746791042539,79.21304645172657,80.54620711636959,false,false
50,1.0,168.58063887492116,79.99860936339721,1.3686762586000896,1.3400234510837947,167.89729508174602,169.2659713403461,79.34124669814784,80.68127014923164,false,false
50,1.0,168.58739931347748,80.06417591614127,1.3875595254128825,1.3044975509060066,167.90466391905696,169.29222344446984,79.3905009434232,80.69499849432921,false,false
50,1.0,168.5625988479408,80.02886810424118,1.377517210249522,1.3124907314185066,167.89310662713254,169.27062383738206,79.37853963756879,80.6910303689873,false,false
50,1.0,168.57127406191276,80.02821316098888,1.3385889383694973,1.3347590645262954,167.913126940862,169.2517158792315,79.37153737424472,80.70629643877102,false,false
50,1.0,168.589203691187,80.03554165582642,1.3299323749327527,1.3673602048228304,167.9336773212451,169.26360969617787,79.33672326575109,80.70408347057392,false,false
50,1.0,168.6090332854177,80.07872063313593,1.3439763700218634,1.3289591028660084,167.93063642080278,169.27461279082465,79.39102705748931,80.71998616035532,false,false
50,1.0,168.58510993087472,80.04184877417161,1.3158021427920232,1.3227234515478017,167.9324128579795,169.24821500077152,79.36275975695622,80.68548320850402,false,false
50,1.0,168.60624262467164,80.02262761782279,1.3587091549564718,1.3030021143932373,167.93126802059965,169.28997717555612,79.35702688209643,80.66002899648967,false,false
50,1.0,168.56397505695114,80.04473733679869,1.3777322435954034,1.338099229464376,167.87669759836993,169.25442984196533,79.37485022471365,80.71294945417803,false,false
50,1.0,168.5736488853541,80.04434484387008,1.3477772329033826,1.3512303255989764,167.90448975463403,169.2522669875374,79.37935110750844,80.73058143310742,false,false
50,1.0,168.59254530074298,79.94497173466107,1.355626446570568,1.323880512686003,167.91274854265922,169.26837498922978,79.26518557497681,80.58906608766281,false,false
50,1.0,168.5787262330265,80.03429580434089,1.3309799886728797,1.3583976984935333,167.91520958766353,169.2461895763364,79.36351006919145,80.72190776768498,false,false
50,1.0,168.6055576337066,79.94663203815765,1.3723603060812763,1.3518340895839458,167.91939567467853,169.2917559807598,79.25423988892385,80.6060739785078,false,false
50,1.0,168.59703971538238,80.00582284984766,1.3762244352194841,1.3429282883783742,167.9114038343154,169.28762826953488,79.3321900211418,80.67511830952017,false,false
50,1.0,168.5906961044924,80.00221186081066,1.3818743704182168,1.3656522569891791,167.90884308551193,169.29071745593015,79.32042624564873,80.68607850263791,false,false
50,1.0,168.60529149000445,80.06501100199598,1.3672654505753599,1.3399010975584673,167.91962534044342,169.28689079101878,79.38618616181401,80.72608725937248,false,false
50,1.0,168.60889833772575,79.98578909246922,1.3477550305563568,1.3657560642992905,167.91348457787677,169.26123960843313,79.29824624036064,80.66400230465993,false,false
50,1.0,168.60691033532711,79.96857220887972,1.3572814134363114,1.3172954571237483,167.9249433028347,169.282224716271,79.3253352045123,80.64263066163605,false,false
50,1.0,168.58647471967333,80.06681557791757,1.3181262363934536,1.344538271344689,167.92497593062916,169.2431021670226,79.3990172780543,80.74355554939899,false,false
50,1.0,168.5859865508262,79.97954698079486,1.334686045350594,1.3101466788432248,167.910446209411,169.2451322547616,79.3322714393627,80.64241811820592,false,false
50,1.0,168.5888141223624,79.97068817352365,1.3617180580050956,1.3793195842393118,167.9076527531892,169.2693708111943,79.29207451368433,80.67139409792364,false,false
50,1.0,168.58563297376344,79.96086111792778,1.3482422090959574,1.3386153099376656,167.91642071526638,169.26466292436234,79.29722394231018,80.63583925224785,false,false
50,1.0,168.58835375406372,80.00489127623594,1.3836306348212872,1.3576745017989822,167.9021346246404,169.2857652594617,79.3265918970633,80.68426639886228,false,false
50,1.0,168.56617945433175,80.08560362262574,1.3384995069264392,1.3647533373379162,167.91286345710003,169.25136296402647,79.3976721900965,80.76242552743442,false,false
50,1.0,168.61179141129634,80.00366846496794,1.3547650738109382,1.3285140359248118,167.9071929664815,169.26195804029243,79.34168949187699,80.6702035278018,false,false
50,1.0,168.58253522144406,79.99709820822204,1.3209087420648302,1.346355003549263,167.92184727343005,169.24275601549488,79.33261498263249,80.67896998618176,false,false
50,1.0,168.5660974790201,79.98919289243743,1.3789605353777574,1.3682118889048667,167.8945644635772,169.27352499895497,79.32306579500148,80.69127768390635,false,false
50,1.0,168.5956350413261,79.98700044931688,1.3637976389437085,1.3299445998196546,167.9105250603655,169.2743226993092,79.2978062246935,80.62775082451316,false,false
50,1.0,168.61888348230804,79.99880596976955,1.3458439767719597,1.3358077704172047,167.92283465553479,169.26867863230675,79.34147089472684,80.67727866514404,false,false
50,1.0,168.58571273496963,80.04582183147815,1.3455946712313676,1.3396664165020553,167.91006660746615,169.25566127869752,79.36500172087615,80.7046681373782,false,false
50,1.0,168.5858833482077,80.0457665907743,1.323246540009336,1.3036562518271069,167.9304009299653,169.25364746997462,79.41358803919476,80.71724429102187,false,false
50,1.0,168.59056006382434,79.99070121955864,1.343633952293203,1.335961384399539,167.90116001855853,169.24479397085173,79.32397795072534,80.65993933512488,false,false
50,1.0,168.60097443638955,79.94443460752458,1.3614650413479978,1.355689455492751,167.92452215879285,169.28598720014085,79.26117085017246,80.61686030566521,false,false
50,1.0,168.5800442600111,79.95750697332628,1.326266743009711,1.3288067177710587,167.91978670617584,169.24605344918555,79.32514987255405,80.65395659032511,false,false
50,1.0,168.61792365403895,79.92822173370932,1.343210294019599,1.3108354796004846,167.9363079495736,169.2795182435932,79.28710257108202,80.5979380506825,false,false
50,1.0,168.59759803209076,79.98917953614469,1.344222524290501,1.326918023902806,167.92215709713764,169.26637962142814,79.31949224759407,80.64641027149688,false,false
50,1.0,168.60158816110152,80.05433678975882,1.382593809637882,1.2789109659185556,167.9004997201112,169.2830935297491,79.39838207584964,80.6772930417682,false,false
50,1.0,168.58735907764952,80.02928704358187,1.3609571695118063,1.3582326462685188,167.89272627864895,169.25368344816076,79.33030327928022,80.68853592554873,false,false
50,1.0,168.57016234101616,80.03766324112371,1.3726854400837851,1.345686491292895,167.90982926159896,169.28251470168274,79.36408469614865,80.70977118744155,false,false
50,1.0,168.57458628606815,80.03066067540857,1.3536665383622335,1.3532515091188486,167.91333538099883,169.26700191936106,79.33371536365334,80.68696687277219,false,false
50,1.0,168.60172871843957,79.97462728760169,1.3310303351457549,1.3720929499965564,167.91467027846375,169.2457006136095,79.27695372705992,80.64904667705648,false,false
50,1.0,168.57867975380924,79.9578196446266,1.3541466911067062,1.355145766314891,167.89183804585213,169.24598473695883,79.26827390279702,80.62341966911191,false,false
50,1.0,168.57979970921676,80.03332222740437,1.3509501481737516,1.3240294929603778,167.90306448882387,169.25401463699762,79.37071146924647,80.69474096220685,false,false
50,1.0,168.57300835593367,80.02336551342933,1.3356082440949422,1.3162487339553621,167.89933746057204,169.23494570466698,79.33996675300969,80.65621548696505,false,false
50,1.0,168.59177627037178,79.99836559832632,1.3558909378875228,1.3027591559290386,167.91812845573713,169.27401939362466,79.34389739505929,80.64665655098833,false,false
50,1.0,168.59541976520268,79.98311733779262,1.3584891847566496,1.3507192237356378,167.92302289834936,169.281512083106,79.30477135273331,80.65549057646895,false,false
50,1.0,168.58480309390103,80.03490516276204,1.355538604136882,1.3352504260096651,167.8997179313671,169.25525653550397,79.35501219975951,80.69026262576918,false,false
50,1.0,168.57686686893473,80.10360558176276,1.414751311646512,1.354861532582646,167.87161200005306,169.28636331169957,79.42500747415062,80.77986900673326,false,false
50,1.0,168.59013124714636,79.99409658605896,1.341718920012795,1.3563917168107906,167.91555258016672,169.2572715001795,79.31589930228547,80.67229101909626,false,false
50,1.0,168.58451377497065,80.06842120546305,1.3690347571467498,1.3432232508945532,167.90575082093937,169.27478557808612,79.38071844834451,80.72394169923906,false,false
50,1.0,168.5883757868953,80.09770559167666,1.367930857349279,1.3416008761224418,167.91803017807294,169.28596103542222,79.42418285360452,80.76578372972696,false,false
50,1.0,168.58359037218804,79.9353305342083,1.3521001299158115,1.3713704017597195,167.90944804246772,169.26154817238353,79.23010779312531,80.60147819488503,false,false
50,1.0,168.58659884825101,79.92999383654531,1.3697626122550162,1.3366989755664065,167.9008882774211,169.27065088967612,79.26260258116127,80.59930155672768,false,false
50,1.0,168.60294271680922,79.87400743242657,1.3641550856913796,1.311147981093015,167.91057690802955,169.27473199372093,79.20827604005773,80.51942402115074,false,false
50,1.0,168.59913034220307,80.03975201287072,1.334084779659804,1.3671660614903374,167.94032634540972,169.27441112506952,79.36854207954741,80.73570814103775,false,false
50,1.0,168.5747760301276,80.03414021798223,1.3373507594755267,1.3538277317068719,167.90398041884725,169.24133117832278,79.34713834869646,80.70096608040333,false,false
50,1.0,168.5927739467129,80.0493169748436,1.3369180558698872,1.3582673496598403,167.92024522319602,169.2571632790659,79.37090258544814,80.72916993510798,false,false
50,1.0,168.5958573199511,80.0008127409914,1.3625646310144077,1.346170619375215,167.92803518336598,169.29059981438039,79.32930859096831,80.67547921034352,false,false
50,1.0,168.59618186668473,79.98371331365482,1.3646301294446346,1.3744540869490862,167.91194901663812,169.27657914608275,79.30745985579472,80.6819139427438,false,false
50,1.0,168.58273878631485,80.02327236568729,1.3329976198056386,1.3231312480164235,167.90859717831174,169.24159479811738,79.35521505699049,80.67834630500691,false,false
50,1.0,168.59238354720935,79.99236581524193,1.360416789665038,1.3029981783444242,167.9211766602618,169.28159344992685,79.33774292809565,80.64074110644007,false,false
50,1.0,168.58651419143138,79.97750447963242,1.3737292920797586,1.3203213094610646,167.89460978236792,169.26833907444768,79.29234257345173,80.6126638829128,false,false
50,1.0,168.60133291904026,80.02662922708569,1.3428320112060987,1.3372957912587822,167.92136817826048,169.26420018946658,79.34441360184768,80.68170939310646,false,false
50,1.0,168.58872772494004,80.04184502906165,1.3216344574212826,1.3166459457890198,167.92311929058002,169.2447537480013,79.38050762240368,80.6971535681927,false,false
50,1.0,168.5844759617426,79.99772556302662,1.3937423622467975,1.3519296282354674,167.8828238241947,169.2765661864415,79.32202228217885,80.67395191041432,false,false
50,1.0,168.60140198894533,79.91033818298348,1.3810088365578395,1.3241462869234368,167.90907093706107,169.2900797736189,79.23509121728382,80.55923750420726,false,false
50,1.0,168.58397960153692,79.9992577388698,1.3485429645211866,1.3420773825696273,167.92235909605103,169.2709020605722,79.33140083997249,80.67347822254212,false,false
50,1.0,168.59059358181565,79.94935267021884,1.3609770408677662,1.3602702886991125,167.90140892893717,169.26238596980494,79.27900677104277,80.63927705974189,false,false
50,1.0,168.59207210188958,80.05808453743144,1.3522796774020946,1.394600500524973,167.9199430168878,169.2722226942899,79.34576839888423,80.7403688994092,false,false
50,1.0,168.59113429307126,80.01202099891773,1.3671886783759533,1.3440772380802741,167.89869300734014,169.2658816857161,79.35707314063745,80.70115037871773,false,false
50,1.0,168.57207074468639,80.01138953936153,1.3858367304193848,1.3305406373639244,167.89408844184652,169.2799251722659,79.3324797019362,80.66302033930012,false,false
50,1.0,168.59512575359895,79.94188155210416,1.3822551051005973,1.3643563467961428,167.9102191436827,169.2924742487833,79.27201037767513,80.63636672447127,false,false
50,1.0,168.5899137643417,79.99751629742929,1.3749118920858052,1.3825083829574965,167.88572113653927,169.26063302862508,79.29927639867974,80.68178478163723,false,false
50,1.0,168.56364348788946,80.00605136949281,1.3375473453174038,1.3588613219688739,167.90531949484514,169.24286684016255,79.31700302462372,80.67586434659259,false,false
50,1.0,168.58661718662083,80.0368392264457,1.3892072460300255,1.3446190581101405,167.89067353001766,169.2798807760477,79.37281520581763,80.71743426392777,false,false
50,1.0,168.60374286960155,80.01349009906576,1.3550621668029237,1.3368914910085294,167.9240219911111,169.279084157914,79.34479548975816,80.68168698076668,false,false
50,1.0,168.58369611740025,80.06007703359106,1.3529410988552115,1.336074453159469,167.91860873659377,169.27154983544898,79.3876155723521,80.72369002551157,false,false
50,1.0,168.57579591326544,80.04763900422725,1.400062938713745,1.3604896520843823,167.89394245053154,169.29400538924529,79.38588449254263,80.74637414462701,false,false
50,1.0,168.57348644061057,80.07321776057775,1.361726684304017,1.3128748526127225,167.90115370828016,169.26288039258418,79.41072355425017,80.72359840686289,false,false
50,1.0,168.56998353310627,80.02727929847134,1.3580403045753542,1.3390635566721727,167.905027254736,169.26306755931137,79.35750657729588,80.69657013396805,false,false
50,1.0,168.6132421627066,80.05865460902376,1.3615344631566018,1.3378559810494295,167.9306495649726,169.2921840281292,79.3903114731644,80.72816745421383,false,false
50,1.0,168.5937413559382,80.02648177941522,1.3407522254569244,1.389714615398674,167.91288732574657,169.2536395512035,79.34782875252282,80.73754336792149,false,false
50,1.0,168.5927647954195,79.93718340427145,1.3975519478654235,1.356651912232266,167.8893968048004,169.28694875266584,79.24532832760276,80.60198023983503,false,false
50,1.0,168.57217383541024,80.03411850271112,1.3614343250833372,1.3383951517340904,167.9151973373308,169.27663166241413,79.36597267515779,80.70436782689188,false,false
50,1.0,168.58627986150452,79.99116156736844,1.367419532918234,1.2989815891191512,167.90791265649068,169.2753321894089,79.32891015419509,80.62789174331424,false,false
50,1.0,168.5787588965465,79.95459707438255,1.3596039735088823,1.3085146610741987,167.9009671009797,169.26057107448858,79.29591171490073,80.60442637597492,false,false
50,1.0,168.5825099591517,79.95221266001661,1.3464890873368063,1.3596854439945503,167.9094758585171,169.25596494585392,79.27064668260533,80.63033212659988,false,false
50,1.0,168.59490022077455,80.00568690950041,1.3453642586827073,1.3337541287869925,167.91646542243512,169.26182968111783,79.34451775359422,80.67827188238121,false,false
50,1.0,168.59209689932635,79.97617941995603,1.354134144275804,1.3384896631750962,167.91590103121075,169.27003517548656,79.30828500225223,80.64677466542733,false,false
50,1.0,168.5856869579768,80.01534054134997,1.3867621724071455,1.2930762503201123,167.89484475264254,169.2816069250497,79.37081106364512,80.66388731396523,false,false
50,1.0,168.5753860618299,79.93550435888844,1.3377751040480064,1.3206717718472305,167.92633315109956,169.26410825514756,79.28354665284027,80.6042184246875,false,false
50,1.0,168.58309612438174,80.07845760061258,1.3125563858223757,1.3811686820910296,167.92443086198273,169.2369872478051,79.36734843730764,80.74851711939867,false,false
50,1.0,168.59404936605523,79.90351990580544,1.3640534010345675,1.2855340827182715,167.90562997912699,169.26968338016155,79.26310047013077,80.54863455284904,false,false
50,1.0,168.5813921238627,79.96832034068899,1.4078992813186062,1.3466530395240142,167.8584154871903,169.26631476850892,79.28865165073857,80.63530469026259,false,false
50,1.0,168.57366630732463,79.95808660836013,1.3037801414749026,1.3298236671606105,167.93265811763357,169.23643825910847,79.29190118518606,80.62172485234667,false,false
50,1.0,168.60190174255393,80.05678661399213,1.3769794739275483,1.3654533286641453,167.92126429502727,169.29824376895482,79.36677857701238,80.73223190567653,false,false
50,1.0,168.58295869543247,80.03374377314259,1.358838893677472,1.3595882125008245,167.90331014541061,169.2621490390881,79.34461482254098,80.7042030350418,false,false
50,1.0,168.5869758393609,79.94354543555524,1.376388101431246,1.3473600290348884,167.91139064713064,169.2877787485619,79.2648478856492,80.61220791468409,false,false
50,1.0,168.58486398887726,79.90438182998791,1.364403332378913,1.3523702608353574,167.91911013380422,169.28351346618314,79.22714896212327,80.57951922295862,false,false
50,1.0,168.5874344570787,80.08321694354456,1.349476750799738,1.3127424101620164,167.9273343866582,169.27681113745794,79.40743621713801,80.72017862730003,false,false
50,1.0,168.5742823247264,80.0513204336282,1.3437139715847763,1.3515859951786808,167.90435148957098,169.24806546115576,79.38719191311569,80.73877790829437,false,false
50,1.0,168.6161957426121,79.99966965963107,1.3752325921693682,1.334885162309618,167.90906561582483,169.2842982079942,79.33111575937396,80.66600092168358,false,false
50,1.0,168.58274897761783,80.01580495709074,1.327855933431266,1.3287183894928205,167.9219950193937,169.24985095282497,79.35999498402578,80.6887133735186,false,false
50,1.0,168.60238893983416,79.96586476391062,1.365227259483163,1.352032732203952,167.90241315662357,169.26764041610673,79.30954520786648,80.66157794007043,false,false
50,1.0,168.5886575535883,79.99942795989651,1.3499243390995161,1.3436153292030042,167.90512829990558,169.2550526390051,79.32577734086202,80.66939267006502,false,false
50,1.0,168.56988657007997,79.89315781131367,1.354896187308725,1.3686289421280975,167.8993556611797,169.25425184848842,79.21900973216694,80.58763867429504,false,false
50,1.0,168.61168433754676,80.06220691866032,1.3470394008185735,1.3437603765979844,167.92036682341927,169.26740622423785,79.38713831587665,80.73089869247464,false,false
50,1.0,168.56983243364886,80.02869477163426,1.3374646804423094,1.3298387585596032,167.9111110569506,169.2485757373929,79.36893049222935,80.69876925078896,false,false
50,1.0,168.5675055074523,80.02241264845568,1.380737773535742,1.3511476987357867,167.88828078714693,169.26901856068267,79.35524397949078,80.70639167822657,false,false
50,1.0,168.57888878778908,80.05635864617355,1.358824545463051,1.3388081206112332,167.91493100709744,169.2737555525605,79.3968820923909,80.73569021300213,false,false
50,1.0,168.57375529760915,80.00738019503663,1.3684006141427005,1.3101826497424867,167.89998273998066,169.26838335412336,79.35731954825825,80.66750219800073,false,false
50,1.0,168.5896802469527,80.012692905991,1.3290639208203174,1.3407620870439132,167.90863667376968,169.23770059459,79.32040036437651,80.66116245142042,false,false
50,1.0,168.59158622789926,80.03780022358373,1.3342457385855084,1.336535953502164,167.91480853194,169.2490542705255,79.36047640765938,80.69701236116154,false,false
50,1.0,168.58250123606308,79.99779771615442,1.3538743940985682,1.3323272752869002,167.90194624724086,169.25582064133943,79.32499757335844,80.65732484864535,false,false
50,1.0,168.59838766837098,79.97672862127212,1.4010354928021513,1.318988717532804,167.8832672592406,169.28430275204275,79.31534549139293,80.63433420892574,false,false
50,1.0,168.57736293507784,80.06212946997734,1.3647592444948486,1.3707335911107066,167.89803687086885,169.2627961153637,79.38026037159398,80.75099396270468,false,false
50,1.0,168.60324627780398,79.87083980922083,1.3386848772790643,1.3045397474258351,167.92580051121047,169.26448538848953,79.23798154683264,80.54252129425848,false,false
50,1.0,168.5909119690313,79.97828371020422,1.3717661792047693,1.3239127806780573,167.9132092506734,169.28497542987816,79.30988570279987,80.63379848347793,false,false
50,1.0,168.5645964073085,80.03718685965939,1.3839148582280245,1.3539916079892436,167.90383435895313,169.28774921718116,79.36051928354063,80.71451089152987,false,false
50,1.0,168.59326707691082,80.01385603537862,1.3449634768194016,1.3385886611953453,167.92063736677207,169.26560084359147,79.3364416085742,80.67503026976955,false,false
50,1.0,168.58507986301848,79.89238356811614,1.3891289745205313,1.3454401875994932,167.89481300063784,169.28394197515837,79.23985968476893,80.58529987236842,false,false
50,1.0,168.570196552005,80.0159799446628,1.3442200100358264,1.3116650707976731,167.9087649585216,169.25298496855743,79.3518374537464,80.66350252454407,false,false
50,1.0,168.57831594212928,79.96970789000545,1.3539061615281867,1.307926263623031,167.92866712413775,169.28257328566593,79.32366347188277,80.6315897355058,false,false
50,1.0,168.5684236851097,80.04000170415006,1.3434768938982984,1.3681344103418667,167.88932887694702,169.23280577084532,79.37142878939676,80.73956319973863,false,false
50,1.0,168.5784928926679,80.01743494557904,1.328652549470064,1.3244280351590731,167.9229379648374,169.25159051430745,79.36672730356307,80.69115533872214,false,false
50,1.0,168.59295945693137,79.994971445386,1.3671860111948604,1.3547248076310439,167.9129799663159,169.28016597751076,79.31249267394405,80.6672174815751,false,false
50,1.0,168.58815636993126,80.03151864060945,1.3332952179360973,1.3358675804489764,167.93365923492735,169.26695445286344,79.37009397478303,80.70596155523201,false,false
50,1.0,168.58056808333538,79.96561149884262,1.3939004003878495,1.3147650908522763,167.8915390151957,169.28543941558354,79.31676875941992,80.63153385027219,false,false
50,1.0,168.57624732537278,80.03198133720997,1.3526825222125751,1.3130264562293235,167.91680892583773,169.2694914480503,79.37743742704924,80.69046388327857,false,false
50,1.0,168.5803621930133,80.06987184701259,1.3416075570286807,1.3605520369187616,167.9153673572841,169.2569749143128,79.39282794744491,80.75337998436368,false,false
50,1.0,168.60418480413983,79.97930742296168,1.3981368450199625,1.3699072850828031,167.90434097860285,169.3024778236228,79.29851026530432,80.66841755038712,false,false
50,1.0,168.59499281475198,80.05662857406287,1.3856831821343576,1.3460672299624576,167.8970840508095,169.28276723294385,79.37242592445395,80.71849315441641,false,false
50,1.0,168.58644108329494,79.99176704981008,1.3428387764610363,1.3411038096357402,167.91843962787593,169.26127840433696,79.30385670957631,80.64496051921205,false,false
50,1.0,168.60691286677502,79.99175166988886,1.3614934860495111,1.3279370099898244,167.92809332418133,169.28958681023084,79.32751267665466,80.65544968664449,false,false
50,1.0,168.60267470191178,79.9946728902575,1.3412657681988094,1.2917212495451906,167.91922625066366,169.26049201886246,79.33747784511617,80.62919909466136,false,false
50,1.0,168.5966638407537,79.97667374671786,1.389648219055232,1.3272496689481557,167.8925387503062,169.28218696936142,79.31409772475412,80.64134739370228,false,false
50,1.0,168.57112512294006,80.0160502897394,1.3545186906465574,1.3637156740467304,167.9048544247026,169.25937311534915,79.33813354109584,80.70184921514257,false,false
50,1.0,168.59122311602277,79.95730304766066,1.3328210628030774,1.3789956689866187,167.93008909457566,169.26291015737874,79.26512345249976,80.64411912148638,false,false
50,1.0,168.5657072759385,79.99826965068745,1.3630447249863948,1.3710071930203895,167.88186325040041,169.2449079753868,79.32631032967569,80.69731752269608,false,false
50,1.0,168.59625690490935,80.00154565656626,1.324884855496009,1.3477756151689135,167.929791895814,169.25467675131,79.34602603445465,80.69380164962357,false,false
50,1.0,168.5944420004023,80.03486294299384,1.3684177669059352,1.3268686268204561,167.9019016456485,169.27031941255444,79.3691143154891,80.69598294230956,false,false
50,1.0,168.59914467568518,79.92622538676903,1.392145915081585,1.328279443382911,167.91249442417285,169.30464033925443,79.2746640096214,80.60294345300431,false,false
50,1.0,168.6010330659516,80.13615209623498,1.3518855751071328,1.3586158560778472,167.92158710726724,169.27347268237438,79.43997084291587,80.79858669899372,false,false
50,1.0,168.58761521214154,80.07485584590134,1.362884379726097,1.3449289879123114,167.90907767439495,169.27196205412105,79.39579732330827,80.74072631122058,false,false
50,1.0,168.6110998630816,80.03348727628799,1.3678486910836511,1.360896843261699,167.9091193871577,169.27696807824134,79.35129732225408,80.71219416551578,false,false
50,1.0,168.616065436089,80.04163157251323,1.3413779639526524,1.3125032940011891,167.92983761812116,169.2712155820738,79.38177558823166,80.69427888223285,false,false
50,1.0,168.58068932565743,79.90299550443295,1.3534892534852077,1.3593261408638853,167.90628803924017,169.25977729272537,79.21682744045748,80.57615358132136,false,false
50,1.0,168.59042674530258,80.02189674433514,1.338166094020437,1.3194797916306271,167.9078760544317,169.24604214845215,79.36144178344334,80.68092157507397,false,false
50,1.0,168.5860041407961,80.05752385328277,1.3432503283200106,1.3180924473128215,167.91396780232722,169.25721813064723,79.39216587720738,80.7102583245202,false,false
50,1.0,168.60865420482526,80.09851708798291,1.3480831266238624,1.3343525711888162,167.9362655483032,169.28434867492706,79.43355291087391,80.76790548206273,false,false
50,1.0,168.58554000604687,80.022353701908,1.393544524582694,1.3048312415235586,167.88541110215,169.27895562673268,79.37416908818693,80.67900032971049,false,false
50,1.0,168.60030727020273,79.99483791740715,1.3420594532247208,1.322408301860193,167.92499267096784,169.26705212419256,79.32985801790761,80.6522663197678,false,false
50,1.0,168.59328564438061,79.99558895553355,1.3625993314927598,1.3326033434203168,167.9047930912047,169.26739242269747,79.34021645943794,80.67281980285826,false,false
50,1.0,168.59515248305667,79.95873962755226,1.3326651484503031,1.3559529938444825,167.93130100463935,169.26396615308965,79.27034329077533,80.62629628461981,false,false
50,1.0,168.57865567704823,79.96592193314457,1.3498402373706995,1.3327978245205259,167.91459538314433,169.26443562051503,79.28393292893806,80.61673075345858,false,false
50,1.0,168.5618075542929,79.97837211778867,1.3487288844391685,1.3577024377235745,167.9038411638233,169.25257004826247,79.29412934899177,80.65183178671535,false,false
50,1.0,168.61137832635094,79.9801213748593,1.3673223781219122,1.3395363112167757,167.91886913165933,169.28619150978125,79.31319118497674,80.65272749619352,false,false
50,1.0,168.6123937189834,80.08398952006382,1.3681611593165712,1.3489614451772098,167.91427828837385,169.28243944769042,79.39118453298995,80.74014597816716,false,false
50,1.0,168.58743501361963,80.04668260419206,1.381486153157283,1.3540059028017168,167.89551983037018,169.27700598352746,79.3651478693473,80.71915377214901,false,false
50,1.0,168.57151686021803,80.01606962433482,1.339976282883299,1.325332665806414,167.89425480278152,169.23423108566482,79.37143744768592,80.69677011349233,false,false
50,1.0,168.58830971586053,79.96119569073379,1.357744137104504,1.3062805976138918,167.9098990166731,169.2676431537776,79.29891201499649,80.60519261261038,false,false
50,1.0,168.590244701816,80.0076267174285,1.2842648790737883,1.3182251500926867,167.95129254308029,169.23555742215407,79.36762110237783,80.68584625247051,false,false
50,1.0,168.60240273623003,80.0217377484775,1.3431189422928753,1.3690245262398975,167.9250849709595,169.26820391325236,79.3273115788111,80.696336105051,false,false
50,1.0,168.58297517653187,80.05625076609107,1.381952495739995,1.315222296540142,167.88359275720399,169.26554525294398,79.41157511835164,80.72679741489178,false,false
50,1.0,168.5766419060766,80.00451008534216,1.3696289985400938,1.3382867933437268,167.9107604708349,169.280389469375,79.33831596532525,80.67660275866898,false,false
50,1.0,168.58738340277546,79.94050863717094,1.3589546809244268,1.3145898572914803,167.91224586360394,169.27120054452837,79.29604098906361,80.6106308463551,false,false
50,1.0,168.59435528888204,79.99051518063902,1.3895789503959861,1.3456100563953157,167.90725255650665,169.29683150690263,79.30961331103684,80.65522336743216,false,false
50,1.0,168.5792344092604,80.0872321370343,1.3497096218360127,1.3509608249540577,167.89862093471112,169.24833055654713,79.41365367660607,80.76461450156013,false,false
50,1.0,168.5844580293429,80.07123533090768,1.3287488974520727,1.3625831441009097,167.9151943944792,169.24394329193126,79.37202986645138,80.7346130105523,false,false
50,1.0,168.5987966443541,79.98917470879502,1.3484103064401438,1.3465627815529615,167.9221143394735,169.27052464591364,79.30839225928614,80.6549550408391,false,false
50,1.0,168.5873808751757,80.03383137196958,1.3744306000626239,1.310090790391726,167.89330125328786,169.26773185335048,79.36915943530227,80.67925022569399,false,false
50,1.0,168.58790649552378,79.96253663116524,1.320373287419983,1.3358008923060538,167.9307207093323,169.25109399675227,79.30907433714249,80.64487522944854,false,false
50,1.0,168.60301864028216,80.07919292429676,1.376000410287162,1.3716144842304203,167.9033734715556,169.27937388184276,79.38351239379122,80.75512687802164,false,false
50,1.0,168.60433470200775,79.94950927722006,1.3481152591559464,1.3421379201565315,167.92658101932966,169.2746962784856,79.30435126797401,80.64648918813054,false,false
50,1.0,168.59068255294306,79.99513216505076,1.3523426892535895,1.341244266088765,167.91118886202293,169.26353155127651,79.34423442262816,80.68547868871693,false,false
50,1.0,168.59305234642528,80.07366055031471,1.3343633184732084,1.34886198491607,167.9244222994276,169.2587856179008,79.38663248164475,80.73549446656082,false,false
50,1.0,168.60125005122998,80.0246965193136,1.3489697917902674,1.3439449835588562,167.92598562872098,169.27495542051125,79.35906517070268,80.70301015426153,false,false
50,1.0,168.58074220917212,79.92360082824099,1.3731832242892494,1.3426034935362026,167.8976065637806,169.27078978806986,79.26211856782335,80.60472206135955,false,false
50,1.0,168.5656876808151,79.87917169702871,1.3654437053115203,1.3565722842433132,167.89923418388094,169.26467788919246,79.20693117064896,80.56350345489227,false,false
50,1.0,168.59049489181984,80.03187640431108,1.3775510039762935,1.352058152106551,167.89954563915953,169.27709664313582,79.35309647192564,80.70515462403219,false,false
50,1.0,168.58368033433413,80.00500269952221,1.3423406974324905,1.3168389781709209,167.91069534069953,169.25303603813202,79.33217651062773,80.64901548879865,false,false
50,1.0,168.59085299520035,80.01542481242976,1.3897095476645802,1.3245074100247507,167.88506457636493,169.2747741240295,79.35609141213587,80.68059882216062,false,false
50,1.0,168.59092726142856,79.99729146836785,1.3934455294140662,1.3499571649800544,167.9026036322461,169.29604916166016,79.31315820240565,80.6631153673857,false,false
50,1.0,168.611642049806,80.00575419222191,1.3682150107721327,1.3593392069243322,167.92126846487278,169.28948347564491,79.32485803145418,80.68419723837852,false,false
50,1.0,168.59568852720173,80.0462596692642,1.3479834869148135,1.3822590775208141,167.91151539368713,169.25949888060194,79.36006121206447,80.74232028958528,false,false
50,1.0,168.5968970640891,79.98467607817963,1.3776530993482936,1.3558520980292599,167.8839985776999,169.2616516770482,79.29801779657717,80.65386989460643,false,false
50,1.0,168.58970513115503,79.96416973105718,1.359059583349108,1.2987201792095533,167.90554199814068,169.26460158148979,79.3177980467925,80.61651822600206,false,false
50,1.0,168.5979436550847,80.05048945438321,1.3898186662881926,1.3315589096842757,167.90474491573988,169.29456358202808,79.38020741157058,80.71176632125486,false,false
50,1.0,168.58171435142395,80.01874910092263,1.3774708914561984,1.3471361624721965,167.88459447440502,169.26206536586122,79.35278939418934,80.69992555666154,false,false
50,1.0,168.59765937146645,79.96562576668522,1.37258425448303,1.3651196315781817,167.91239686381903,169.28498111830206,79.28174002695184,80.64685965853002,false,false
50,1.0,168.60177224760614,79.96526807279938,1.3871257905998107,1.3317283869497487,167.91179784355188,169.2989236341517,79.30187041382987,80.63359880077962,false,false
50,1.0,168.61026898907312,79.95300759398576,1.3838329877076774,1.3273963872239989,167.913469391463,169.29730237917067,79.2995008148774,80.6268972021014,false,false
50,1.0,168.60667439345315,80.04643689707426,1.3320377980870717,1.3510893297740978,167.9314737799956,169.26351157808267,79.37209167321865,80.72318100299275,false,false
50,1.0,168.60008130828425,80.02016678626026,1.3368172812264163,1.3133457580063208,167.93820755324066,169.27502483446708,79.36635874137916,80.67970449938548,false,false
50,1.0,168.58278519325904,79.91613138612212,1.344959580498994,1.3588772583552782,167.9077615713275,169.2527211518265,79.24006003596628,80.59893729432156,false,false
50,1.0,168.61684382828506,79.97150817465992,1.3511922101806704,1.3615341176132603,167.92700647169397,169.27819868187464,79.28345823197448,80.64499234958774,false,false
50,1.0,168.6028783411413,80.00695317074576,1.3475808890422911,1.343290900630933,167.92914131443635,169.27672220347864,79.32070102658531,80.66399192721624,false,false
50,1.0,168.58789773504412,80.00494461513809,1.3262552882125362,1.3479349436283172,167.93973520967603,169.26599049788857,79.33583389010731,80.68376883373563,false,false
50,1.0,168.5939741731638,79.95300542558948,1.3484945786576645,1.3819449709000509,167.9177978696134,169.26629244827106,79.28248608422106,80.66443105512111,false,false
50,1.0,168.60741611470377,79.97791079302172,1.37562993846484,1.341208587688513,167.91229988366888,169.28792982213372,79.30579955519005,80.64700814287856,false,false
50,1.0,168.5987639893269,79.94568005686948,1.3486557006106068,1.3273877640024807,167.90790725264748,169.25656295325808,79.29337762901386,80.62076539301634,false,false
50,1.0,168.62712691261402,79.98179658426005,1.3534531697963246,1.2984449338171373,167.93999751587717,169.2934506856735,79.33182090007497,80.63026583389211,false,false
50,1.0,168.59322248454333,80.05009780474859,1.3129126322583602,1.3338398503017146,167.91070649011684,169.2236191223752,79.38227004876136,80.71610989906307,false,false
50,1.0,168.593875306666,79.96353428353618,1.3471410571530384,1.3260971148539085,167.91817730880175,169.26531836595478,79.3158167467419,80.64191386159581,false,false
50,1.0,168.6119945747909,80.01837941859364,1.3569109948674907,1.3391468472318167,167.9263072110452,169.2832182059127,79.34096885331877,80.68011570055059,false,false
50,1.0,168.6035483378439,79.95437958212753,1.3352424806970191,1.3567124268969053,167.92200661867255,169.25724909936957,79.26150693290887,80.61821935980578,false,false
50,1.0,168.5832884484133,79.93247188412101,1.3512466816178517,1.354747236735463,167.90314789061512,169.25439457223297,79.25914379486626,80.61389103160172,false,false
50,1.0,168.58825618211245,79.87391744454007,1.3755038796870167,1.3313861431898317,167.9001047770106,169.2756086566976,79.22243572962908,80.55382187281892,false,false
50,1.0,168.58618634762212,79.90899530176014,1.3383683718981843,1.2795527734864152,167.914290357252,169.2526587291502,79.26487427951376,80.54442705300018,false,false
50,1.0,168.59614567955884,79.99380373614778,1.3433788095020702,1.3566299938637485,167.91830008684653,169.2616788963486,79.32119647639686,80.67782647026061,false,false
50,1.0,168.57840222493093,80.05553562977644,1.3421473159755521,1.354295820435297,167.9052043287002,169.24735164467575,79.38227640802026,80.73657222845556,false,false
50,1.0,168.5885199544232,79.96899057104342,1.3739018874182705,1.3017727465472575,167.88847849865007,169.26238038606834,79.3367782518283,80.63855099837556,false,false
50,1.0,168.59135235837496,80.00572155630347,1.3903855193718186,1.3453374175685013,167.8997368557882,169.29012237516002,79.33552140343973,80.68085882100823,false,false
50,1.0,168.56819843914582,79.9850280553655,1.3565472014216766,1.3230990018211912,167.92027466860054,169.27682187002222,79.32007167236661,80.6431706741878,false,false
50,1.0,168.59746126252253,80.01787228304532,1.3598809771459344,1.3045372890470333,167.91677175858794,169.27665273573388,79.37068664809217,80.67522393713921,false,false
50,1.0,168.60014564925962,79.87566222158387,1.4102850433207266,1.3557158635056226,167.89930517295656,169.3095902162773,79.18619225308605,80.54190811659167,false,false
50,1.0,168.60790988288534,79.97035561127456,1.382302414257282,1.3514519189748029,167.92194710391726,169.30424951817454,79.31095770820879,80.66240962718359,false,false
50,1.0,168.58705063172005,80.05670669071095,1.3632199521006214,1.3333467854959054,167.906343359507,169.2695633116076,79.39586097282145,80.72920775831736,false,false
50,1.0,168.58059554238656,80.05100449865631,1.357687424899325,1.3753144887525366,167.90560718891118,169.2632946138105,79.37526841635562,80.75058290510816,false,false
50,1.0,168.59383182207873,80.03994160511554,1.3631610090405104,1.3503370460333457,167.9097895392967,169.2729505483372,79.35120058562487,80.70153763165821,false,false
50,1.0,168.61651884733857,80.02170310630555,1.3561405454875057,1.3778690086039234,167.92536899270542,169.28150953819292,79.33104947059185,80.70891847919577,false,false
50,1.0,168.58832815880407,80.01414298489581,1.385014129820405,1.3605188203583793,167.89156023336415,169.27657436318455,79.32430473860985,80.68482355896823,false,false
50,1.0,168.57929486574056,80.03755214705845,1.3716230941152503,1.3434933587091251,167.89436916495242,169.26599225906767,79.37039312746798,80.7138864861771,false,false
50,1.0,168.60367959036023,79.95307919355994,1.3493141130203696,1.32963019213787,167.9263022380399,169.27561635106028,79.29661668262167,80.62624687475954,false,false
50,1.0,168.57789673461235,80.00179718361612,1.394238506235638,1.344715914533424,167.88322035135886,169.2774588575945,79.34019977970756,80.68491569424098,false,false
50,1.0,168.58400425873432,80.0420235938391,1.3865281223527859,1.345611123250606,167.88342309996213,169.26995122231492,79.35878248238174,80.70439360563235,false,false
50,1.0,168.59661988615466,79.99145329577726,1.3588390924962255,1.3437113842782935,167.93181470013135,169.29065379262758,79.29472368410339,80.63843506838168,false,false
50,1.0,168.5835206274396,80.01857043846067,1.3969892508808925,1.3280734426469678,167.8808350641856,169.27782431506648,79.35404011637246,80.68211355901943,false,false
50,1.0,168.60805304972496,80.0584694862927,1.3658353606321612,1.3577292948057789,167.93812126622828,169.30395662686044,79.36871551370015,80.72644480850593,false,false
50,1.0,168.5812869379693,80.02992846866812,1.3712910923707966,1.36290608786895,167.90214491492662,169.27343600729742,79.34588144104347,80.70878752891242,false,false
50,1.0,168.568261888684,80.10209274212727,1.3517265402073235,1.3433675508158132,167.89968287867092,169.25140941887824,79.4403284579615,80.78369600877731,false,false
50,1.0,168.6015900887934,80.02152858260523,1.3489753640232607,1.3793343904700635,167.92033614408547,169.26931150810873,79.31323022268546,80.69256461315553,false,false
50,1.0,168.58665392819344,79.98056451658306,1.3390343536825355,1.3446096055534582,167.91785485480187,169.2568892084844,79.28920869283553,80.63381829838899,false,false
50,1.0,168.5802697613255,80.07139930547636,1.3770297220495706,1.3423633523744485,167.8963498502433,169.27337957229287,79.41683613653214,80.75919948890659,false,false
50,1.0,168.5937162740521,80.011327591379,1.3632426321499906,1.3442802114916788,167.90262162887103,169.26586426102102,79.32880964580919,80.67308985730087,false,false
50,1.0,168.58601095944834,79.98756631772746,1.373003491073348,1.358191085201483,167.89975099906263,169.27275449013598,79.30669737430634,80.66488845950782,false,false
50,1.0,168.62470266714845,79.95863534920726,1.357472848901807,1.36715681612921,167.93972743225362,169.29720028115543,79.25646323909058,80.62362005521979,false,false
50,1.0,168.5865027138791,79.99191066781226,1.3538651441821798,1.3768863107164435,167.91864346509692,169.2725086092791,79.30677384511732,80.68366015583376,false,false
50,1.0,168.58788689327997,79.94362571222865,1.3263514125809195,1.3724247390767346,167.9153700802626,169.2417214928435,79.25899148927562,80.63141622835235,false,false
50,1.0,168.61527439731066,79.95155482066065,1.3494225667222395,1.3422688353710157,167.92503376194233,169.27445632866457,79.30016429901968,80.6424331343907,false,false
50,1.0,168.59308288424205,79.98999364277543,1.3602310719953437,1.3602947237307603,167.91338359417557,169.27361466617091,79.32986791722722,80.69016264095798,false,false
50,1.0,168.5768778057302,80.06446655523351,1.3606883830190952,1.3604369269343835,167.89154134005406,169.25222972307316,79.39010464728965,80.75054157422403,false,false
50,1.0,168.58000619309132,79.9477041990466,1.3533579794681998,1.3448012949515373,167.89192366799995,169.24528164746815,79.26851237903307,80.6133136739846,false,false
50,1.0,168.57754354448883,80.02279465543145,1.3427652614698218,1.3438370499625876,167.91939148825713,169.26215674972696,79.34651056104583,80.69034761100842,false,false
50,1.0,168.59459156122318,80.07232578065076,1.3601690026222855,1.3727135810734268,167.92187977593218,169.28204877855447,79.38818456896684,80.76089815004026,false,false
50,1.0,168.60507968192798,80.02657341155783,1.3569210179374238,1.3580359641535722,167.9248642340111,169.28178525194852,79.36914470086509,80.72718066501866,false,false
50,1.0,168.57472153408906,79.9506537506754,1.3493332964790454,1.369898432377056,167.891415436977,169.24074873345606,79.27816778554586,80.64806621792292,false,false
50,1.0,168.59345295339617,79.93274251459427,1.366992508088316,1.3255471994831396,167.90641935917535,169.27341186726366,79.276331814503,80.60187901398614,false,false
50,1.0,168.59027583865557,80.02611138953617,1.376464138101909,1.3219901541854568,167.9070483524766,169.28351249057852,79.37803211788875,80.70002227207421,false,false
50,1.0,168.57139264258802,80.03273810409979,1.3378481224829386,1.3419851861980874,167.90922728944335,169.2470754119263,79.37483218352885,80.71681736972694,false,false
50,1.0,168.60341324167072,79.96716630426847,1.3698955826248778,1.3487284737917236,167.9078008208744,169.27769640349928,79.28903671135846,80.63776518515019,false,false
50,1.0,168.60104879339502,79.96574136327429,1.3828714133515803,1.3185471516246707,167.90201703327747,169.28488844662905,79.3087841210822,80.62733127270687,false,false
50,1.0,168.59399451639433,79.99089772605349,1.3505782961716761,1.3232627494487303,167.92022467301092,169.2708029691826,79.33197425821507,80.6552370076638,false,false
50,1.0,168.6025131506526,80.01740124443774,1.3938676934820933,1.324423486525447,167.91312278496713,169.30699047844922,79.33501275318854,80.65943623971398,false,false
50,1.0,168.57806309690713,79.94375698482366,1.3562632268539119,1.3427049018693253,167.9083746576357,169.26463788448962,79.29385113175462,80.63655603362395,false,false
50,1.0,168.5870350514226,79.89683693248142,1.3724212713928239,1.3352798107288635,167.91221070044165,169.28463197183447,79.23790369342036,80.57318350414923,false,false
50,1.0,168.57329396223292,79.93020666687528,1.355776770346921,1.3750307256521808,167.90861868405096,169.26439545439789,79.24100870912996,80.61603943478214,false,false
50,1.0,168.5614726208261,80.01838603621036,1.3779894742959868,1.3293935664875534,167.87275110038243,169.25074057467842,79.35712951180082,80.68652307828837,false,false
50,1.0,168.60143346539613,80.08530899382181,1.3946299789000705,1.330985136767083,167.90418427182746,169.29881425072753,79.41292914465491,80.743914281422,false,false
50,1.0,168.5619091026947,79.96583218714788,1.3632919573008166,1.318516453333487,167.89616995372575,169.25946191102656,79.317290621491,80.63580707482448,false,false
50,1.0,168.61540226500034,79.98997196298336,1.3952038473362904,1.3849210530519542,167.89612037968325,169.29132422701954,79.30553814079278,80.69045919384473,false,false
50,1.0,168.58365791572788,80.02007365863946,1.3594228878452554,1.3361952639953927,167.91467708267686,169.27409997052212,79.35237415195104,80.68856941594643,false,false
50,1.0,168.56780685243268,80.07000750855718,1.361342694173004,1.3135417321844187,167.9112469260704,169.2725896202434,79.41762369401374,80.73116542619816,false,false
50,1.0,168.57504863640182,79.97648506012852,1.3888200287005361,1.3270862137451331,167.8928761912757,169.28169621997623,79.30348908132896,80.6305752950741,false,false
50,1.0,168.58480551805178,79.99733657844472,1.3690630368903385,1.322854209274979,167.88996922597283,169.25903226286317,79.33026445781633,80.6531186670913,false,false
50,1.0,168.58436110567476,79.97226474250957,1.3653019774236554,1.3483382651607485,167.89188644076074,169.2571884181844,79.29793183492595,80.6462701000867,false,false
50,1.0,168.60855228110782,80.03836883347604,1.320378375274089,1.3389476581910458,167.92425121297495,169.24462958824904,79.37125625323463,80.71020391142568,false,false
50,1.0,168.585995958247,79.94541716292743,1.3384129848249415,1.3315904973979116,167.91536328525922,169.25377627008416,79.28321324149923,80.61480373889714,false,false
50,1.0,168.61476812950622,79.97190942646245,1.3834497939811854,1.3415723360262461,167.91902812395728,169.30247791793846,79.32293248572799,80.66450482175424,false,false
50,1.0,168.58179200334288,80.05897029266207,1.3742606718239472,1.3432483848247188,167.90644750732596,169.2807081791499,79.38325333380241,80.72650171862713,false,false
50,1.0,168.60318682380813,79.96254832002248,1.386473184447624,1.3266569649738216,167.8990356599513,169.28550884439892,79.31300922223608,80.6396661872099,false,false
50,1.0,168.5945744043592,79.94516801074106,1.3787866725582205,1.3280042412239936,167.90285823020162,169.28164490275984,79.28050299219937,80.60850723342337,false,false
50,1.0,168.58557625108887,79.93121409641844,1.3532373321259001,1.3071018421738785,167.90744614615645,169.26068347828235,79.27482239040444,80.58192423257832,false,false
50,1.0,168.59806572568573,80.03643932015692,1.3630532327506728,1.332871344032469,167.9269750129162,169.29002824566686,79.35895153549991,80.69182287953238,false,false
50,1.0,168.5849247882413,80.07461823196593,1.3431452178728875,1.3350630666769234,167.8976169450449,169.24076216291778,79.40450862401943,80.73957169069635,false,false
50,1.0,168.59539901903756,80.0457982311767,1.3622809102662927,1.338956468822488,167.90291458804114,169.26519549830743,79.3582409465869,80.69719741540939,false,false
50,1.0,168.58780879401644,80.00749827580375,1.3575450310653423,1.3374820621340149,167.90599976990444,169.26354480096978,79.32861751431265,80.66609957644667,false,false
50,1.0,168.60590974691718,80.02525549215216,1.3714870249407056,1.3301610936923112,167.89832014997134,169.26980717491205,79.36939022721336,80.69955132090567,false,false
50,1.0,168.57924264479388,80.07518490645717,1.3538390550511679,1.318121672434529,167.9097265536544,169.26356560870556,79.40231443983137,80.7204361122659,false,false
50,1.0,168.59523261259628,79.96068043174205,1.3464451062681633,1.3476358651132898,167.91261073606412,169.2590558423323,79.29225993945472,80.63989580456801,false,false
50,1.0,168.59825667735643,79.98372916269906,1.4035076518022152,1.3518866945448025,167.92163025766547,169.32513790946768,79.29925519182736,80.65114188637216,false,false
50,1.0,168.58816801856702,80.06544624688001,1.370736054620835,1.3497235582989617,167.91389697537946,169.2846330300003,79.378395579063,80.72811913736196,false,false
50,1.0,168.57759944231356,79.9470908741541,1.3577537913089373,1.346287289545046,167.91468954867992,169.27244333998885,79.27229839833808,80.61858568788313,false,false
50,1.0,168.61186554107826,79.96640004561371,1.3872766145061348,1.330513805864669,167.90893596050105,169.2962125750072,79.30078861746878,80.63130242333345,false,false
50,1.0,168.5969907430058,80.13111746409197,1.3560260334318173,1.359657905781063,167.91516538855518,169.271191421987,79.43851743735294,80.798175343134,false,false
50,1.0,168.5816294791297,79.98296018247694,1.3720004263896328,1.3161811176123024,167.9042244154468,169.27622484183644,79.31924295920345,80.63542407681575,false,false
50,1.0,168.58994006229915,80.00266328843779,1.3669648911561865,1.367625457047609,167.9066897631037,169.2736546542599,79.30632059167745,80.67394604872506,false,false
50,1.0,168.60313383104094,79.93951860820776,1.3768974808558028,1.355010781639919,167.90637294315403,169.28327042400983,79.25635594176367,80.61136672340359,false,false
50,1.0,168.59799505413588,80.04594245130754,1.3825210740795342,1.3372030109989907,167.89804901636938,169.28057009044892,79.3720901040328,80.70929311503178,false,false
50,1.0,168.56771908330705,80.03504878706553,1.3730594909384877,1.3556603734724035,167.88994736035318,169.26300685129166,79.35089259694821,80.70655297042062,false,false
50,1.0,168.61476911069389,79.98586857881077,1.35125830243976,1.3185625099447122,167.911518900377,169.26277720281675,79.33111331129663,80.64967582124135,false,false
50,1.0,168.6075023894391,80.01368427771739,1.3588399303253311,1.3411089880842866,167.9204075406452,169.27924747097052,79.34618599714234,80.68729498522663,false,false
50,1.0,168.58295612791065,80.00491531960395,1.3617633165296468,1.3649133110221499,167.90157062754056,169.2633339440702,79.31833992777626,80.68325323879841,false,false
50,1.0,168.5838948133292,80.05426838907684,1.3652753711660353,1.3111556459942335,167.9063291003087,169.27160447147475,79.39932837488257,80.7104840208768,false,false
50,1.0,168.56443480900828,79.95321948337659,1.3570000311886758,1.365982147244992,167.90443611322274,169.26143614441142,79.25327475420052,80.61925690144551,false,false
50,1.0,168.60417096398504,79.99490908496057,1.3809015588074658,1.3003476328881334,167.91243711471185,169.29333867351932,79.35472856133264,80.65507619422077,false,false
50,1.0,168.57154811193033,79.97729689175233,1.4081954382500328,1.3091661419592953,167.8847561518003,169.29295159005034,79.32510740424915,80.63427354620845,false,false
50,1.0,168.58355285451302,79.99613604734247,1.345418868562433,1.3600365271845334,167.92084605519528,169.26626492375772,79.31734728599496,80.67738381317949,false,false
50,1.0,168.60638847020846,79.9121380281707,1.3692292692054764,1.3008380799817587,167.91617529653226,169.28540456573774,79.25854405613512,80.55938213611688,false,false
50,1.0,168.5941877700999,80.0354292230272,1.356454855410334,1.339330193369932,167.9243817608666,169.28083661627693,79.35969404148753,80.69902423485746,false,false
50,1.0,168.60497036215395,79.9679971665903,1.3902083972090225,1.39126569642886,167.91381973840208,169.3040281356111,79.27462604916252,80.66589174559138,false,false
50,1.0,168.5762997412264,79.9650287402875,1.3433079135420485,1.3159299177537065,167.91084529974228,169.25415321328433,79.3224877821287,80.63841769988241,false,false
50,1.0,168.58759631836926,80.07439612825144,1.376423186418009,1.3502369125441191,167.88118806093718,169.2576112473552,79.39686254011387,80.74709945265799,false,false
50,1.0,168.581729907208,80.02595046216013,1.3650092152057312,1.3661839149539077,167.9110019176931,169.27601113289884,79.33075054806154,80.69693446301545,false,false
50,1.0,168.58429847821566,80.1221524505421,1.3732359867464652,1.332539171529234,167.9030104926425,169.27624647938896,79.45082958596835,80.78336875749758,false,false
50,1.0,168.60073595314606,80.01765707420753,1.3813334124057803,1.3636364948852844,167.91240796387484,169.29374137628062,79.33585404410148,80.69949053898677,false,false
50,1.0,168.58735753553682,79.97929100001475,1.382114842918753,1.3146524831091995,167.89423856936824,169.276353412287,79.33009783293242,80.64475031604162,false,false
50,1.0,168.59960623285966,79.95993525758752,1.3539512222368728,1.3328597713864667,167.90173443343633,169.2556856556732,79.29734800963858,80.63020778102505,false,false
50,1.0,168.57897007519165,80.075036532226,1.350843907553866,1.3459171895665065,167.89142139879343,169.2422653063473,79.40330873728122,80.74922592684773,false,false
50,1.0,168.61257261822897,79.97538205698315,1.3402793671010045,1.3226125752776028,167.93096910786608,169.27124847496708,79.30142611705433,80.62403869233194,false,false
50,1.0,168.57121786692124,80.01227487698429,1.3892825767210297,1.3501916142185877,167.87574557525653,169.26502815197756,79.33652148865815,80.68671310287674,false,false
50,1.0,168.60873150547414,80.03402436371243,1.407135603579917,1.3536750249047458,167.8854736396131,169.29260924319303,79.35697555209383,80.71065057699857,false,false
50,1.0,168.59573416065626,80.06824242038797,1.3768131212222556,1.3360747726938058,167.89149740004808,169.26831052127034,79.40885617743196,80.74493095012576,false,false
50,1.0,168.58191945590283,79.99619918747463,1.4163715802170316,1.3756872755644451,167.8811180471052,169.29748962732222,79.3049895356396,80.68067681120405,false,false
50,1.0,168.59276250565307,79.93987313950191,1.3616319130222507,1.341373810829225,167.92230809787043,169.28394001089268,79.26318676932857,80.6045605801578,false,false
50,1.0,168.60027415581828,79.99365724267156,1.3338586466609286,1.325363836448929,167.92222110730776,169.2560797539687,79.3300358780275,80.65539971447643,false,false
50,1.0,168.58774641954795,80.03050353963751,1.3413707350853485,1.3473627057827144,167.92044458645563,169.26181532154098,79.36200955184884,80.70937225763156,false,false
50,1.0,168.5865031158613,79.92211072566987,1.332399525874763,1.3878792556140667,167.927040460684,169.25943998655876,79.21865688222081,80.60653613783488,false,false
50,1.0,168.58726482587997,79.96915401680425,1.388193088171107,1.353779532977839,167.88811722300457,169.27631031117568,79.29746125375189,80.65124078672973,false,false
50,1.0,168.58248443860907,79.9045442407187,1.3844607395274409,1.326330529547107,167.8782854316769,169.26274617120433,79.23412880946108,80.56045933900819,false,false
50,1.0,168.58391956575576,79.94459484178404,1.3788430875579536,1.2900984779792282,167.89583490200462,169.27467798956258,79.2937253869475,80.58382386492673,false,false
50,1.0,168.58894151846476,79.97649332092925,1.3762443084509357,1.3365718592920075,167.91116920257352,169.28741351102445,79.32300247772943,80.65957433702144,false,false
50,1.0,168.59689384801365,79.98670376666377,1.3603087150540603,1.3553244943099685,167.91929643356156,169.27960514861562,79.29497708436489,80.65030157867486,false,false
50,1.0,168.59311744320513,80.0795635305835,1.3374893060351667,1.3318853490295055,167.9290331020822,169.26652240811737,79.40675582729952,80.73864117632903,false,false
50,1.0,168.58356804177646,80.0005114922018,1.3411492158307396,1.3772240180121287,167.9247072721874,169.26585648801813,79.30397193857087,80.681195956583,false,false
50,1.0,168.57003690058247,80.05557970306063,1.362613941227238,1.3599480229748622,167.89435037023915,169.2569643114664,79.37116468484669,80.73111270782155,false,false
50,1.0,168.58528916705,80.02525830357646,1.3500896037874668,1.3760969189942642,167.91431686059667,169.26440646438414,79.35288387724685,80.72898079624112,false,false
50,1.0,168.59823277351575,79.91442719453036,1.3850292631744878,1.3284550785457867,167.9051776199987,169.2902068831732,79.24624851043055,80.57470358897633,false,false
50,1.0,168.58743495136486,80.0713282468561,1.315980479036483,1.341175961815111,167.92538016025463,169.24136063929112,79.39795308451302,80.73912904632813,false,false
50,1.0,168.5714685467895,80.08347736624879,1.3810251807896066,1.3485675239752908,167.87578638784967,169.25681156863928,79.40956689344665,80.75813441742194,false,false
50,1.0,168.58422197683458,79.99720253354425,1.33057735950635,1.3177477746178852,167.91132687334712,169.24190423285347,79.3395676587113,80.65731543332919,false,false
50,1.0,168.60709926227275,80.01366024040738,1.358524730885648,1.360676573298477,167.92595770359793,169.28448243448358,79.3243687689651,80.68504534226358,false,false
50,1.0,168.60024684944972,79.99505624658116,1.3536381194830653,1.3575739750229872,167.9124917711714,169.26612989065447,79.31282165653698,80.67039563155997,false,false
50,1.0,168.61636371559712,80.02506513885649,1.3798136973435078,1.3733011430311848,167.91222853535936,169.29204223270287,79.34808997956394,80.72139112259512,false,false
50,1.0,168.56566413604318,80.04907782407486,1.3512490848303287,1.3363981954488224,167.8914977736068,169.24274685843713,79.38506748307522,80.72146567852404,false,false
50,1.0,168.57645302254036,79.94904581947115,1.3635857519497563,1.3434067894529846,167.91049062256516,169.27407637451492,79.27486771754593,80.61827450699892,false,false
50,1.0,168.5721723611943,80.04216265781633,1.3275170911526573,1.3611570328714748,167.92271303733193,169.2502301284846,79.3561561680054,80.71731320087687,false,false
50,1.0,168.58660018362104,80.0133470686009,1.358590219787601,1.3396150558836268,167.91373225483133,169.27232247461893,79.3382025555452,80.67781761142882,false,false
50,1.0,168.57753092624242,79.9121646970363,1.3462068981449704,1.3567069696665044,167.91829328206293,169.2645001802079,79.24103416149302,80.59774113115952,false,false
50,1.0,168.60106993128846,79.94888506926176,1.3784391428088156,1.3209687610126792,167.9049329875986,169.28337213040743,79.28567623802583,80.60664499903851,false,false
50,1.0,168.57890802068474,80.0357359118575,1.358133321821839,1.3179027805041699,167.90268113110173,169.26081445292357,79.37357393798275,80.69147671848692,false,false
50,1.0,168.61209919838578,80.12131089682734,1.34059615258235,1.3317841974865416,167.94304533542197,169.28364148800432,79.45946888425534,80.79125308174189,false,false
50,1.0,168.59949902986006,80.00962906930968,1.3848138137031185,1.3626187114195574,167.90148423566052,169.28629804936364,79.31279756829083,80.67541627971039,false,false
50,1.0,168.57232124115825,80.02294371618382,1.3713822477974418,1.3078457452370031,167.89342067751235,169.2648029253098,79.37133939531873,80.67918514055573,false,false
50,1.0,168.59280709948052,80.08815376344232,1.3369139138915216,1.333378329558684,167.91609340516231,169.25300731905384,79.4186403676393,80.75201869719798,false,false
50,1.0,168.590509094241,79.8745335894256,1.3624922310175975,1.3477971624863727,167.8834681840874,169.245960415105,79.20165663198031,80.54945379446669,false,false
50,1.0,168.56868481612435,79.88784266623227,1.334993024525005,1.333853479459691,167.907344536331,169.24233756085601,79.2317998650088,80.56565334446849,false,false
50,1.0,168.59131670046148,80.02725942911266,1.3206603407793978,1.330759515762864,167.92124947801352,169.24190981879292,79.36640511188448,80.69716462764734,false,false
50,1.0,168.58076158651605,79.94469500164669,1.3632981396014543,1.3450758605961397,167.90624239689168,169.26954053649314,79.28471531194567,80.62979117254181,false,false
50,1.0,168.57702658387333,79.9715240015482,1.3746948463920887,1.3279311563882885,167.89822867211592,169.272923518508,79.30785928874204,80.63579044513033,false,false
50,1.0,168.5739713096936,79.96842457567796,1.3573623525708456,1.3014725908306843,167.89369786781094,169.2510602203818,79.32969902703078,80.63117161786147,false,false
50,1.0,168.58265721062767,79.9936665474979,1.3431824694776537,1.359551123805062,167.9200567884629,169.26323925794054,79.30709318923329,80.66664431303835,false,false
50,1.0,168.56804115389025,79.96201440507213,1.3435325989878493,1.3276896863693821,167.90793367916507,169.25146627815292,79.29439815262333,80.62208783899271,false,false
50,1.0,168.5978391055479,79.98349324673126,1.3100934847359724,1.3415448044372624,167.93634650875237,169.24643999348834,79.32043935268985,80.66198415712711,false,false
50,1.0,168.6099604529506,80.02245188201273,1.352349557680327,1.3557599185741935,167.9341079332434,169.28645749092374,79.3378864542204,80.69364637279459,false,false
50,1.0,168.58704325647983,79.93317318017222,1.3300840839860086,1.3687729058109142,167.93001100802462,169.26009509201063,79.2593340712196,80.62810697703051,false,false
50,1.0,168.59189620441907,80.01370084143309,1.378918937395298,1.3553713294251821,167.8903810199407,169.269299957336,79.35191182959515,80.70728315902034,false,false
50,1.0,168.56413056814463,80.00247874895828,1.3725014664252626,1.3407746795181765,167.89691769713798,169.26941916356324,79.339894606175,80.68066928569317,false,false
50,1.0,168.60091056552278,80.02364049340471,1.3625077302575903,1.2969686376758318,167.9199500122364,169.282457742494,79.37308086985945,80.67004950753528,false,false
50,1.0,168.59232746159643,80.03002415690628,1.3591017800836198,1.3195450969959808,167.92463485720242,169.28373663728604,79.35747035581736,80.67701545281334,false,false
50,1.0,168.5829738835543,79.99960692495019,1.3460487965959373,1.3649918957841436,167.91742853344942,169.26347733004536,79.32592953429267,80.69092143007681,false,false
50,1.0,168.58146794698837,79.99900621648598,1.3729176828857703,1.330905271681175,167.89895862945684,169.2718763123426,79.3351572673845,80.66606253906568,false,false
50,1.0,168.59365456467236,79.93170789607164,1.3680589747134206,1.3081673201434256,167.90472011147054,169.27277908618396,79.27373348740464,80.58190080754807,false,false
50,1.0,168.59298210888164,79.95335028068305,1.3715269343199452,1.3173418009403122,167.91045496342542,169.28198189774537,79.28786760245349,80.6052094033938,false,false
50,1.0,168.5868372679942,79.98218540427307,1.3499016464656108,1.3432333885038474,167.91960569653497,169.26950734300058,79.28145513625695,80.6246885247608,false,false
50,1.0,168.5939328454835,80.01204358573243,1.3850451591227966,1.3266678340713014,167.90209978907347,169.28714494819627,79.34640529126082,80.67307312533212,false,false
50,1.0,168.5793762566372,79.96797029210057,1.3332012598471863,1.3106498328443195,167.90860267764546,169.24180393749265,79.3106091063885,80.62125893923282,false,false
50,1.0,168.57548538887954,80.02237583808106,1.3618397550269208,1.334713598657217,167.88630080570732,169.24814056073424,79.36221911678227,80.69693271543949,false,false
50,1.0,168.59983220432986,79.95376732523096,1.3327172011110804,1.3282492653902978,167.9308327132853,169.26354991439638,79.29466481284149,80.62291407823179,false,false
50,1.0,168.58710005274526,79.9959862573006,1.314775348868011,1.328396004330159,167.94040490508291,169.25518025395093,79.34114404525289,80.66954004958305,false,false
50,1.0,168.58763132562487,80.02125399046793,1.35043864941548,1.3406563129753835,167.9065107923757,169.2569494417912,79.35186968209365,80.69252599506903,false,false
50,1.0,168.59851357661952,80.05232304728811,1.3501098001903813,1.339637956648275,167.92439451520437,169.27450431539475,79.37558465572125,80.71522261236953,false,false
50,1.0,168.6023164792958,80.03013860116505,1.368574687438155,1.3386659274029995,167.9159792358586,169.28455392329676,79.3558802894115,80.6945462168145,false,false
50,1.0,168.60095781028463,80.01210462587548,1.3776896772889131,1.317875434164847,167.90333130064926,169.28102097793817,79.36780970549198,80.68568513965683,false,false
50,1.0,168.60099818847925,79.95467936492528,1.3674186192451998,1.3708196135135182,167.92224756231565,169.28966618156085,79.28050728680212,80.65132690031564,false,false
50,1.0,168.60587608825193,80.04421982915972,1.378835810842304,1.3065382019536855,167.90410215869628,169.28293796953858,79.3902112972902,80.69674949924388,false,false
50,1.0,168.58987060834414,80.00633374822988,1.3684080789041388,1.3452445327299216,167.9051910208531,169.27359909975723,79.33414700587517,80.67939153860509,false,false
50,1.0,168.58650086930047,80.05781548372966,1.3893961598024305,1.3260170677590963,167.8790100285868,169.26840618838924,79.39077565476032,80.71679272251941,false,false
50,1.0,168.59060462504345,79.99564049326372,1.3821445261216638,1.3351824638928491,167.89056521481365,169.2727097409353,79.30790574741553,80.64308821130838,false,false
50,1.0,168.61049534864966,79.96338812130702,1.3324117422368715,1.334928128408066,167.93839914817787,169.27081089041474,79.29569540257789,80.63062353098596,false,false
50,1.0,168.57351680980702,80.04889194561889,1.3445002605588456,1.3456623117672137,167.91673479830752,169.26123505886636,79.3717635101652,80.71742582193241,false,false
50,1.0,168.59288440073234,79.97123878159275,1.387420423542011,1.3379599265131787,167.88254899618673,169.26996941972874,79.29549760172198,80.63345752823516,false,false
50,1.0,168.58426719354316,80.04685223399208,1.3253211058370482,1.3656297741091379,167.90857753137288,169.23389863720993,79.37221543659102,80.73784521070016,false,false
50,1.0,168.59895122861826,80.00353698697955,1.370232305272026,1.3508905068891295,167.9106084722912,169.2808407775632,79.31080588258934,80.66169638947846,false,false
50,1.0,168.58383127646,79.97528223253798,1.352752973407945,1.3491563059300518,167.90848589257178,169.26123886597972,79.30248009694617,80.65163640287622,false,false
50,1.0,168.56863234597475,79.9894446445322,1.34311508105651,1.3270412153836446,167.91062553152494,169.25374061258145,79.30005297172443,80.62709418710807,false,false
50,1.0,168.5998177792648,80.01338451430865,1.3820245960147304,1.3616217249603721,167.9153747924443,169.29739938845904,79.33507237643678,80.69669410139716,false,false
50,1.0,168.61130122265376,79.98500421357517,1.3677749393203555,1.3335706554840385,167.91525333859974,169.2830282779201,79.31779489035245,80.65136554583648,false,false
50,1.0,168.6137769012147,79.97783328855894,1.3529786317130004,1.3172319086983748,167.93305391887353,169.28603255058653,79.33622463788461,80.65345654658299,false,false
50,1.0,168.59140978508663,80.0204292831702,1.3420739468747627,1.3300385689952918,167.9305311691452,169.27260511601997,79.34836131520231,80.6783998841976,false,false
50,1.0,168.59300524517846,80.02132478703238,1.3666559966279692,1.3776667838344423,167.91240928906518,169.27906528569315,79.33729807852775,80.7149648623622,false,false
50,1.0,168.5918733046264,79.94645462681564,1.3901143435030292,1.3198941390569985,167.88950423730842,169.27961858081144,79.29576507965146,80.61565921870846,false,false
50,1.0,168.5795235959588,80.14715159085519,1.3548009194871895,1.3389659326416705,167.90056486557395,169.25536578506114,79.47624043534289,80.81520636798456,false,false
50,1.0,168.56127146009504,79.95432539677248,1.331801712181175,1.3384830035403468,167.90747900060018,169.23928071278135,79.2908401592234,80.62932316276374,false,false
50,1.0,168.61240283687155,79.96251010360746,1.348679409319118,1.3128957477963468,167.92969869084527,169.2783781001644,79.31012118317659,80.62301693097294,false,false
50,1.0,168.59487396381485,79.91945055134785,1.413228891538381,1.3206160238439963,167.87346757195127,169.28669646348965,79.2584025843672,80.5790186082112,false,false
50,1.0,168.60107755087597,80.08145128386943,1.3581254143545038,1.3731168870547208,167.92271868587557,169.28084410023007,79.39811197897288,80.7712288660276,false,false
50,1.0,168.58045997182649,80.00025416720354,1.3557639989052177,1.332446174847945,167.91431423027262,169.27007822917784,79.34568425672481,80.67813043157275,false,false
50,1.0,168.56253779492386,79.99422418757523,1.3654024307821544,1.325552007433231,167.8873439175252,169.25274634830734,79.3348573776869,80.66040938512013,false,false
50,1.0,168.59145948956737,80.01776312375824,1.34649232740324,1.3324032538664596,167.91053945625333,169.25703178365657,79.36126554178895,80.69366879565541,false,false
50,1.0,168.58558997520737,80.00489607486867,1.337233593328591,1.3622539893110996,167.90499096545292,169.24222455878152,79.3196185292061,80.6818725185172,false,false
50,1.0,168.58238828130033,79.99347750779455,1.36106930298277,1.3419762824450743,167.89976802022068,169.26083732320345,79.32102192281283,80.6629982052579,false,false
50,1.0,168.61197042139554,79.98849495879324,1.3278708502453185,1.3377441329919577,167.9481649643505,169.27603581459582,79.3390752727675,80.67681940575946,false,false
50,1.0,168.57213029348605,80.04536124319898,1.3423879251037363,1.3717333829875145,167.8949111648077,169.23729908991143,79.35997415742341,80.73170754041092,false,false
50,1.0,168.61429379797292,80.01400345504553,1.3501256835492086,1.3561162558621618,167.93255944562628,169.2826851291755,79.33931972008554,80.6954359759477,false,false
50,1.0,168.5819708613805,79.92594599587227,1.3628805874832608,1.340152257459593,167.89533350322162,169.25821409070488,79.25736598300166,80.59751824046126,false,false
50,1.0,168.5846552507595,79.96070818457832,1.3794410243929462,1.3863689641100194,167.89888963569567,169.2783306600886,79.26736210560271,80.65373106971273,false,false
50,1.0,168.58438029691163,80.04673802392225,1.3602443663306758,1.3440122004017212,167.91849687460342,169.2787412409341,79.37339808864544,80.71741028904717,false,false
50,1.0,168.61333045118022,79.96852906994015,1.3550936592814935,1.3368569390230363,167.9289163922617,169.2840100515432,79.29360676179049,80.63046370081352,false,false
50,1.0,168.58992266113646,80.01731191294124,1.3499466958771507,1.3334675738418866,167.9159543236455,169.26590101952266,79.34106032510206,80.67452789894395,false,false
50,1.0,168.58154315246347,80.0184852350843,1.331891523254626,1.3874192231026683,167.91279534615194,169.24468686940656,79.31779650074397,80.70521572384664,false,false
50,1.0,168.57897264011527,80.10014955964724,1.3437434689814154,1.3251764736007914,167.91154286575295,169.25528633473436,79.44661513590597,80.77179160950676,false,false
50,1.0,168.57422628785378,80.03935152090895,1.3879857296223292,1.3458061514904216,167.88901161648468,169.276997346107,79.34923354891669,80.69503970040711,false,false
50,1.0,168.58130028184974,80.00785805847147,1.399615970241257,1.3466964851545242,167.88764231941147,169.28725828965273,79.33371603142253,80.68041251657705,false,false
50,1.0,168.6013772994943,79.98980400537036,1.3717966860428419,1.3781046836402027,167.91766558278906,169.2894622688319,79.31207485631876,80.69017953995896,false,false
50,1.0,168.5880521311882,80.04478111631796,1.3425572235213963,1.3498141412068065,167.91416811530976,169.25672533883116,79.36219104522156,80.71200518642837,false,false
50,1.0,168.58469092873963,79.99368045130805,1.3734465769966562,1.3637814976227531,167.9084965567073,169.28194313370395,79.29744887569444,80.6612303733172,false,false
50,1.0,168.60536802340027,79.97973869636624,1.3666406203992665,1.347560160469044,167.91228542686514,169.2789260472644,79.29815175499671,80.64571191546575,false,false
50,1.0,168.57363378357965,79.93685260072778,1.3356101964535583,1.3034338561171666,167.90140054671235,169.2370107431659,79.29317722852109,80.59661108463825,false,false
50,1.0,168.5717892808471,80.00464646993886,1.3463389255194613,1.3265718692520352,167.89844596447537,169.24478488999483,79.34160086500336,80.66817273425539,false,false
50,1.0,168.57829095930745,79.96072917279324,1.3715773167183727,1.303497426980499,167.88486204979287,169.25643936651124,79.30119228052064,80.60468970750114,false,false
50,1.0,168.5795440844883,80.12045163681618,1.3882478699178762,1.3551980640704357,167.89379981590642,169.2820476858243,79.45556591993753,80.81076398400796,false,false
50,1.0,168.57595735296206,80.0322461646596,1.3779637473320463,1.3568050241615595,167.91135416074366,169.2893179080757,79.34803940409118,80.70484442825274,false,false
50,1.0,168.5801721851467,80.02352556351514,1.3766530213424346,1.3463530379604407,167.89529878666926,169.2719518080117,79.36261513100963,80.70896816897007,false,false
50,1.0,168.583352522827,80.02255624221748,1.3525885407724445,1.3485352734806924,167.91299295026363,169.26558149103607,79.35288052646052,80.70141579994122,false,false
50,1.0,168.59742607034073,80.01223297514136,1.3904189998347931,1.3690263109808143,167.89983967475214,169.29025867458694,79.33923807177402,80.70826438275483,false,false
50,1.0,168.5859807632517,79.96456106547333,1.3887073473130442,1.315479675719729,167.88746396052017,169.2761713078332,79.3168419534415,80.63232162916123,false,false
50,1.0,168.57207517558962,79.99327821948074,1.3839866342916594,1.3480637733693186,167.88734730804444,169.2713339423361,79.3203834259732,80.66844719934252,false,false
50,1.0,168.56991046021773,79.94961814715901,1.3827297049947163,1.3531644129272564,167.90230831954688,169.2850380245416,79.27700038850654,80.63016480143379,false,false
50,1.0,168.57017544055643,80.00847695802702,1.3707133833284502,1.3318550955004298,167.88767447046138,169.25838785378983,79.36533807347087,80.6971931689713,false,false
50,1.0,168.58257315131226,79.95127250656445,1.3405646561144806,1.3435647428655813,167.92254938033815,169.26311403645263,79.28327586275421,80.62684060561979,false,false
50,1.0,168.57205336532306,79.98228288819789,1.350566345840349,1.3271121693718868,167.90299637677398,169.25356272261433,79.31600368275339,80.64311585212528,false,false
50,1.0,168.58630722348818,79.9593445193488,1.3510516341361836,1.3524929820696627,167.9142595899576,169.26531122409378,79.28692756516807,80.63942054723773,false,false
50,1.0,168.5845922410332,79.94451628898314,1.3891567014188126,1.3063342958844828,167.88292969187165,169.27208639329046,79.28422194960095,80.59055624548543,false,false
50,1.0,168.57714968535467,80.0269303893015,1.330102516605507,1.3623593333696817,167.92407768530592,169.25418020191142,79.33083391785475,80.69319325122443,false,false
50,1.0,168.59723870962506,80.01237428538796,1.349024091067605,1.3514288141449526,167.9168651511925,169.2658892422601,79.327898354859,80.67932716900395,false,false
50,1.0,168.60187477542883,79.98154741077911,1.3531275688678477,1.351841531564503,167.9099927639405,169.26312033280834,79.31689162375451,80.66873315531902,false,false
50,1.0,168.6024353761493,79.98615515343882,1.3517323369954113,1.3687877623641214,167.91486885821658,169.266601195212,79.3080925561512,80.67688031851532,false,false
50,1.0,168.60339985360952,79.99996992929937,1.3581588130038256,1.3400463624717247,167.91788875688974,169.27604756989356,79.32998233415384,80.67002869662556,false,false
50,1.0,168.62235706224504,80.00835915290665,1.4010383114443528,1.3339468107019599,167.92702620939664,169.328064520841,79.33785277350759,80.67179958420955,false,false
50,1.0,168.59022525686646,79.94458213057995,1.3664469666773016,1.3417286432158164,167.91626761810818,169.28271458478548,79.28465271561092,80.62638135882673,false,false
50,1.0,168.5838395487824,79.94934329221577,1.3662884777079682,1.3130982292814224,167.89974073980363,169.2660292175116,79.29372815050417,80.60682637978559,false,false
50,1.0,168.59546937817225,80.08048934898804,1.3472242679006285,1.2866182702897788,167.91422951416186,169.2614537820625,79.43237658666125,80.71899485695103,false,false
50,1.0,168.58142690999188,79.95919479024568,1.4237898602033567,1.3745884514363382,167.86740149061916,169.29119135082252,79.27601772475315,80.65060617618948,false,false
50,1.0,168.60680459644095,79.92215490781122,1.3770217670546288,1.3427488068273163,167.91736149094638,169.294383258001,79.25212543174828,80.5948742385756,false,false
50,1.0,168.58291334411308,79.94377371236705,1.3700590373901775,1.3171090380767225,167.91718963330192,169.2872486706921,79.29082144446772,80.60793048254445,false,false
50,1.0,168.57193381360344,80.04850064771131,1.3430875305827215,1.3473845678193612,167.9065680245539,169.24965555513663,79.37890626306414,80.7262908308835,false,false
50,1.0,168.5751153922611,79.9657118233329,1.3612756810859707,1.3156860659788805,167.89962368493093,169.2608993660169,79.27819059018192,80.5938766561608,false,false
50,1.0,168.57213549152766,80.04156843471227,1.3659165616170412,1.3419156433530475,167.8967074080486,169.26262396966564,79.38217714547818,80.72409278883123,false,false
50,1.0,168.57930270998042,79.99974039324877,1.3424679230622019,1.3310597364354635,167.9145983643217,169.2570662873839,79.34552562696248,80.67658536339795,false,false
50,1.0,168.57418246149922,80.03313902702023,1.3535534901745905,1.3166555863109153,167.8960958668739,169.2496493570485,79.3658344347204,80.68249002103131,false,false
50,1.0,168.62444070280384,79.88901589818369,1.3591374833479222,1.3393120585057972,167.92592995549114,169.28506743883906,79.21148480845685,80.55079686696264,false,false
50,1.0,168.58839407267038,79.9998715299505,1.3695836488439852,1.3753477326651478,167.89652305322784,169.26610670207182,79.32231884821823,80.69766658088338,false,false
50,1.0,168.57690474353151,79.99682657842251,1.3452672709470335,1.3434599065524537,167.91098345861974,169.25625072956677,79.33272387946516,80.67618378601762,false,false
50,1.0,168.5818833717309,80.06741691653521,1.389892548046845,1.352381712357328,167.8917544828652,169.28164703091204,79.38441919866099,80.73680091101832,false,false
50,1.0,168.5675424814826,79.9441909325934,1.329448536199834,1.3546030298124094,167.91475802949185,169.24420656569168,79.27952533565471,80.63412836546712,false,false
50,1.0,168.58299594041222,79.99014685189223,1.3407807285599347,1.320440593038768,167.91359467031293,169.25437539887287,79.33994974172185,80.66039033476062,false,false
50,1.0,168.6152761481888,80.0688798945517,1.35787693746488,1.3076284856860667,167.91773572757094,169.27561266503582,79.41695171584539,80.72458020153145,false,false
50,1.0,168.57695203791823,80.11670203401266,1.3776164125019932,1.3294006186671368,167.88814928546861,169.2657656979706,79.43621056650693,80.76561118517407,false,false
50,1.0,168.58191170003056,80.00266895580314,1.343930232730628,1.363067001868373,167.91126319794748,169.2551934306781,79.31339225272563,80.67645925459401,false,false
50,1.0,168.60254430607762,79.91306493022569,1.3630643502566784,1.3581479544765216,167.90521605034692,169.2682804006036,79.22770886112266,80.58585681559919,false,false
50,1.0,168.5736710787499,79.91101629561491,1.36506124092827,1.3101532627742785,167.88346316206815,169.24852440299642,79.2703471496256,80.58050041239987,false,false
50,1.0,168.59679243466218,80.07203703137046,1.3625640940081496,1.3189074686403188,167.91545027884183,169.27801437284998,79.42737690845547,80.74628437709579,false,false
50,1.0,168.58671423064976,80.0055433955321,1.3294090352759724,1.3296330209184788,167.91607477393362,169.2454838092096,79.354099142506,80.68373216342448,false,false
50,1.0,168.57049781750607,80.0769671953887,1.3706838589688175,1.3239302488298677,167.89176300499287,169.26244686396169,79.39313008535905,80.71706033418891,false,false
50,1.0,168.57528774707694,80.04366227688166,1.338875423129764,1.3247931756021956,167.9096254576467,169.24850088077648,79.39143439096657,80.71622756656876,false,false
50,1.0,168.57073077256067,79.95042561189081,1.313522690635324,1.3574922884009624,167.91888807839953,169.23241076903486,79.26314333603828,80.62063562443925,false,false
50,1.0,168.58253207616295,80.04024014278751,1.356796569837229,1.3125236843663401,167.90087506614032,169.25767163597754,79.3822221218826,80.69474580624895,false,false
50,1.0,168.60080454156378,80.07105602351837,1.3845997343485124,1.3358431032572753,167.9029806969817,169.2875804313302,79.3899373903948,80.72578049365208,false,false
50,1.0,168.58739037834192,79.9542672291698,1.3636469514238456,1.3602809552088218,167.90096971467224,169.2646166660961,79.26038470344828,80.6206656586571,false,false
50,1.0,168.56452544824384,79.98006304524681,1.3358481392762371,1.3527975866618647,167.91231047663817,169.2481586159144,79.3143206730748,80.66711825973667,false,false
50,1.0,168.57982326450622,79.9723916072289,1.3492643482695428,1.3299806857445162,167.91184566752787,169.2611100157974,79.29235319458657,80.62233388033108,false,false
50,1.0,168.58329489694756,80.01036586266892,1.3404317875727543,1.3430854408873927,167.90509694105168,169.24552872862444,79.34821374893303,80.69129918982043,false,false
50,1.0,168.55504324077305,80.01131269865371,1.337152726600408,1.3198896252853132,167.89027122097525,169.22742394757566,79.34133673876619,80.6612263640515,false,false
50,1.0,168.57557813603177,80.11365373245823,1.38088919746113,1.3165757809469056,167.89078127473445,169.27167047219558,79.45645011898249,80.7730258999294,false,false
50,1.0,168.58827393974195,79.96336013000105,1.3340404147049298,1.3359448552618431,167.90290038985702,169.23694080456195,79.2901522353966,80.62609709065845,false,false
50,1.0,168.5815020457158,80.05411776680803,1.3832758767025837,1.3594510954658858,167.88183250961015,169.26510838631273,79.36679967526999,80.72625077073587,false,false
50,1.0,168.577843054102,80.08469982249073,1.3324548056306185,1.3767966481154446,167.90850710246457,169.2409619080952,79.39656924879066,80.7733658969061,false,false
50,1.0,168.57168865588434,80.05257990929208,1.3460105476056583,1.3387752365111254,167.90129999286495,169.2473105404706,79.37737003276843,80.71614526927955,false,false
50,1.0,168.5882384992866,80.01153719831436,1.3616501566659167,1.3067670651777803,167.91236925348792,169.27401941015384,79.37288267126095,80.67964973643873,false,false
50,1.0,168.58506872292236,80.05174968320483,1.4167276766775103,1.346853329790278,167.88618709651064,169.30291477318815,79.38406628768519,80.73091961747546,false,false
50,1.0,168.58800108278604,79.95984329979663,1.3682205106987055,1.3426569092687544,167.8980818609529,169.26630237165162,79.28730164436833,80.62995855363708,false,false
50,1.0,168.5847119623498,80.01177953867833,1.3654835126625358,1.345716824203393,167.9073522211412,169.27283573380373,79.3406184174916,80.68633524169499,false,false
50,1.0,168.5767520443946,80.01643934975624,1.347284699192528,1.3688305749363252,167.91040065333115,169.25768535252368,79.33516465746068,80.703995232397,false,false
50,1.0,168.60927673391467,79.90091767118719,1.378332671358777,1.3479742097692338,167.9129047246627,169.29123739602147,79.23154309655911,80.57951730632834,false,false
50,1.0,168.58202793273077,79.98975731550578,1.3779370908424653,1.3386185036211202,167.88074827889483,169.2586853697373,79.3049955488791,80.64361405250023,false,false
50,1.0,168.58079684856014,79.96795941424296,1.3503850922525942,1.3595163014275045,167.89989791154545,169.25028300379805,79.29146930049829,80.6509856019258,false,false
50,1.0,168.59631745576138,80.03909060971658,1.3524307965459457,1.3474660437004644,167.9270897835001,169.27952058004604,79.34743040698959,80.69489645069005,false,false
50,1.0,168.59530262648641,79.96672736419762,1.3335291737071202,1.3671755956480638,167.92292905327162,169.25645822697874,79.28817459998075,80.65535019562881,false,false
50,1.0,168.601855730569,80.0253544299876,1.35549446024379,1.3152694570891157,167.92333769358453,169.27883215382832,79.37244246345003,80.68771192053914,false,false
50,1.0,168.58319287753915,79.97933148605217,1.3421639785356092,1.3355399129684002,167.9158565537732,169.25802053230882,79.30038926492325,80.63592917789165,false,false
50,1.0,168.57613774353968,80.03394887861877,1.3391545346250382,1.3473717121108564,167.92167405259391,169.26082858721895,79.36099622482269,80.70836793693354,false,false
50,1.0,168.58198534176302,79.95590363008077,1.3659933420628363,1.370233945853542,167.8962457062007,169.26223904826352,79.26573122992328,80.63596517577682,false,false
50,1.0,168.60604878346433,79.97947502286203,1.3896156581283208,1.333158432517763,167.8883560482102,169.27797170633852,79.3189952342882,80.65215366680596,false,false
50,1.0,168.57803691898056,80.03752913470751,1.3644239661273616,1.347498277174708,167.90365408017317,169.26807804630053,79.38394165724765,80.73143993442235,false,false
50,1.0,168.57639861614035,80.06534735480798,1.4340550477081138,1.377860536138428,167.8719337824221,169.30598883013022,79.38567912717649,80.76353966331492,false,false
50,1.0,168.59813413806023,79.94892178322209,1.3607706342537256,1.319705657758405,167.89236683968096,169.2531374739347,79.2826666237242,80.6023722814826,false,false
50,1.0,168.59970382637894,80.06458438648183,1.3580572248742158,1.3375396079771633,167.90944261396618,169.2674998388404,79.39908994266949,80.73662955064665,false,false
50,1.0,168.5910396949219,79.9783343634881,1.379850000328446,1.3341868375704564,167.90169090568722,169.28154090601566,79.32356248899023,80.65774932656069,false,false
50,1.0,168.56532111680121,80.04917399338434,1.3725606638841157,1.3330350018239727,167.89130737254607,169.26386803643018,79.38880225711968,80.72183725894365,false,false
50,1.0,168.58544217641278,79.9771385700704,1.385607354100074,1.3567903342717216,167.88741392449327,169.27302127859335,79.29689107776099,80.65368141203271,false,false
50,1.0,168.58417545930823,79.96009077579475,1.3126829062917125,1.343159722882973,167.92889733567128,169.241580241963,79.29898092359818,80.64214064648115,false,false
50,1.0,168.5878427245674,80.04222187682004,1.3866633512812143,1.3239223285841746,167.89401366954016,169.28067702082137,79.39219178937766,80.71611411796184,false,false
50,1.0,168.57751304986147,80.01119745220117,1.3863973653235178,1.306929654651455,167.9052306185212,169.2916279838447,79.35875553553647,80.66568519018793,false,false
50,1.0,168.61438790811985,79.98554544136871,1.3661839681028596,1.3258745683492066,167.91344582583565,169.2796297939385,79.30923466079875,80.63510922914796,false,false
50,1.0,168.59543107800093,79.99356390405532,1.3420178184006488,1.3587494880173097,167.92418749259343,169.26620531099408,79.30755776591958,80.66630725393689,false,false
50,1.0,168.54649093019827,80.00498745400367,1.3511959887002831,1.296533888113018,167.88546270729182,169.2366586959921,79.35642509981186,80.65295898792488,false,false
50,1.0,168.57099538474463,79.9852400777867,1.359124116303235,1.3254223893181916,167.89891000402963,169.25803412033287,79.33638595539716,80.66180834471535,false,false
50,1.0,168.57188050937057,80.06294768126247,1.3509885523703815,1.349162538894177,167.90954352651542,169.2605320788858,79.38616238424379,80.73532492313797,false,false
50,1.0,168.57797422251383,79.98490789395686,1.3505541131906966,1.3288786851540522,167.9012305897105,169.2517847029012,79.32187752880174,80.65075621395579,false,false
50,1.0,168.57497234361472,80.07304239057365,1.3256589643962116,1.3262151733365215,167.9162286135679,169.24188757796412,79.41745082775046,80.74366600108698,false,false
50,1.0,168.60064636284574,80.01249537616077,1.4091393535754548,1.3399992407996706,167.87632590825856,169.28546526183402,79.3337727795128,80.67377202031247,false,false
50,1.0,168.5828680567054,80.04505207719725,1.3592231115812297,1.3349336536699639,167.90602384384815,169.26524695542938,79.38654590117844,80.7214795548484,false,false
50,1.0,168.5678351947848,79.99676191937607,1.3781769417892349,1.34245970652006,167.87719814685258,169.2553750886418,79.32039971332699,80.66285941984705,false,false
50,1.0,168.61809269696067,79.96382918839117,1.37753493625695,1.3385692045539912,167.9187366189633,169.29627155522024,79.29213189428081,80.6307010988348,false,false
50,1.0,168.58320864762203,80.04848737408642,1.3821114667366885,1.3494720665848945,167.90053434381008,169.28264581054677,79.3806612448891,80.73013331147399,false,false
50,1.0,168.57565456209502,80.02173871350783,1.3059166443538572,1.3302463708938461,167.93012444135988,169.23604108571374,79.35359394194862,80.68384031284246,false,false
50,1.0,168.58337914445488,79.95558953939789,1.3777534619733274,1.349031311807309,167.92726071079755,169.30501417277088,79.27868771227226,80.62771902407957,false,false
50,1.0,168.58436218967424,80.07476056085815,1.3483270192012924,1.3179676377139344,167.91537454362683,169.26370156282812,79.41630196498896,80.7342696027029,false,false
50,1.0,168.57206681612018,79.97235680372586,1.3690470570030868,1.3460832716206284,167.8982997942425,169.26734685124558,79.28750084395446,80.63358411557509,false,false
50,1.0,168.60263578276846,79.987867992907,1.3586118184570637,1.3293812476815106,167.88922580470216,169.24783762315923,79.3181859984669,80.64756724614841,false,false
50,1.0,168.5939739349783,80.04033730986242,1.3865388182758807,1.3903612520912247,167.9026686393321,169.28920745760797,79.35438434536536,80.74474559745659,false,false
50,1.0,168.5802007711103,79.94778457122261,1.3762866453421339,1.3711692719097073,167.88793106839555,169.26421771373768,79.2542900138018,80.62545928571151,false,false
50,1.0,168.5952850090274,80.0091681288632,1.3632082694846588,1.3428703486509335,167.90174130711335,169.264949576598,79.35744180436569,80.70031215301663,false,false
50,1.0,168.58451974163467,79.95017639215081,1.3558226421542372,1.341601395520783,167.9211672731579,169.27698991531213,79.2906200522222,80.63222144774298,false,false
50,1.0,168.58443989394212,79.99345581725082,1.3375975424771696,1.349716101394094,167.91857826703946,169.25617580951663,79.32514601643325,80.67486211782735,false,false
50,1.0,168.59682773377023,79.99131498905581,1.366022314246976,1.3580442306914051,167.92567179599803,169.291694110245,79.30897585669794,80.66702008738935,false,false
50,1.0,168.60371193565618,80.04426249156707,1.3460162698505655,1.3069511144446864,167.92389199199093,169.2699082618415,79.3969023331402,80.70385344758489,false,false
50,1.0,168.58376252239967,79.99262949381324,1.3447701391220903,1.3583650780268783,167.9251427011141,169.2699128402362,79.29628063335372,80.6546457113806,false,false
50,1.0,168.57291737768827,79.99115001532948,1.3561699680489028,1.3134535801315792,167.90845608356497,169.26462605161387,79.32235749674362,80.6358110768752,false,false
50,1.0,168.57932452530486,79.96672549380943,1.366586386825361,1.3299472747781351,167.88239278079948,169.24897916762484,79.32711180662756,80.65705908140569,false,false
50,1.0,168.58261474860166,80.04465947866228,1.3432456454169994,1.3215350154468268,167.91266448913046,169.25591013454746,79.40681454222928,80.72834955767611,false,false
50,1.0,168.60613560744713,80.01678394110726,1.3572105380518735,1.2954927863517014,167.9066952914705,169.26390582952237,79.36211959605345,80.65761238240515,false,false
50,1.0,168.58805410594653,80.0617585165031,1.3720625095359082,1.3334658467890819,167.90209964884644,169.27416215838235,79.38473336315145,80.71819920994054,false,false
50,1.0,168.59502252221944,79.97537257095365,1.3688690302857651,1.3667836108460278,167.895045139175,169.26391416946078,79.2916364626249,80.65842007347092,false,false
50,1.0,168.5831458570758,80.05114494131823,1.3663598503856633,1.3506256385433204,167.90733693935593,169.2736967897416,79.36886548948887,80.71949112803219,false,false
50,1.0,168.59208971201554,80.0388287718037,1.3253174794747906,1.3136644686296108,167.9453326281404,169.27065010761518,79.37294245405049,80.6866069226801,false,false
50,1.0,168.56935891743018,80.04061874071091,1.337064387237632,1.3060620662022586,167.91777750384676,169.2548418910844,79.38628904161749,80.69235110781975,false,false
50,1.0,168.59503760368975,80.00334559165324,1.37051463431942,1.363528786335138,167.89238132827512,169.26289596259454,79.30984736723825,80.67337615357339,false,false
50,1.0,168.58011038005588,80.00476102000738,1.3429666880349487,1.3954758988840155,167.91698096325686,169.2599476512918,79.31159236679045,80.70706826567447,false,false
50,1.0,168.59104336149443,80.03736660838382,1.3591478756328854,1.3217781409938425,167.89618960243251,169.2553374780654,79.38573353907256,80.7075116800664,false,false
50,1.0,168.5908192697595,79.95262980102851,1.3510835080446952,1.2493364306258457,167.9081282267013,169.259211734746,79.33078970819537,80.58012613882121,false,false
50,1.0,168.57356171975195,79.94203582908591,1.3621956881818278,1.3597466540100953,167.91565088539608,169.2778465735779,79.26815887485974,80.62790552886983,false,false
50,1.0,168.56324004956136,80.02935336713323,1.4037333155799843,1.3529384760308716,167.86289562118347,169.26662893676345,79.34285256802727,80.69579104405814,false,false
50,1.0,168.61097867723907,80.00249826326123,1.3890339295186322,1.3293601157859598,167.90916105444956,169.2981949839682,79.3430740603576,80.67243417614355,false,false
50,1.0,168.60301709498682,80.06154275296876,1.3908607433859288,1.323801458759462,167.88811178185637,169.2789725252423,79.41389034969366,80.73769180845312,false,false
50,1.0,168.58117291935318,80.03656030068652,1.343801751933853,1.3543265556998705,167.906494057224,169.25029580915785,79.35110299147671,80.70542954717658,false,false
50,1.0,168.59450115950708,79.98262252720181,1.3482297067915283,1.331154926684988,167.9208149757703,169.26904468256183,79.31647999307098,80.64763491975597,false,false
50,1.0,168.58426146119064,80.0655965444092,1.4000592485255652,1.3623156828713832,167.88457350383558,169.28463275236115,79.38848031737714,80.75079600024853,false,false
50,1.0,168.57358129742846,79.9581635325963,1.3662450264172037,1.3125491960780522,167.9095078133138,169.275752839731,79.30494100423921,80.61749020031726,false,false
50,1.0,168.60521313717993,79.88674852497076,1.352772713719503,1.341893547960339,167.9124490967279,169.2652218104474,79.21691420191004,80.55880774987038,false,false
50,1.0,168.61143107355082,79.90474650532616,1.3339637728600167,1.332769798723831,167.92251547206496,169.25647924492498,79.24142549075546,80.57419528947929,false,false
50,1.0,168.57695384826425,79.98857949344213,1.310926317602707,1.3172609334288836,167.9255693754953,169.236495693098,79.33895259491662,80.6562135283455,false,false
50,1.0,168.58560181555654,80.01374782142265,1.3700515648632177,1.341040149060163,167.8970577809386,169.26710934580183,79.34986483163475,80.69090498069491,false,false
50,1.0,168.60691570759167,80.03136965469558,1.3147892951259053,1.3289364112691828,167.94599217236717,169.26078146749308,79.35589879490824,80.68483520617742,false,false
50,1.0,168.57172349464156,79.95047919027641,1.3476554134913101,1.3644306886578903,167.89912426722086,169.24677968071217,79.2753345624551,80.63976525111299,false,false
50,1.0,168.5667454566908,79.92764070880631,1.3652195143119457,1.3503753804449303,167.90130156663565,169.2665210809476,79.24751907464294,80.59789445508787,false,false
50,1.0,168.58425482525098,79.99698021339402,1.3814892892114017,1.3313930275014627,167.92251756165743,169.30400685086883,79.32148448025006,80.65287750775153,false,false
50,1.0,168.58841125541386,79.91301738798606,1.3432796753358787,1.3818786854221798,167.91773772929903,169.2610174046349,79.2105252316669,80.59240391708909,false,false
50,1.0,168.58437483867414,80.00704952255403,1.4037960689344402,1.3594584265673575,167.88333628285403,169.28713235178847,79.33546046114597,80.69491888771333,false,false
50,1.0,168.59341920285408,80.03683024453238,1.3315559857106223,1.3761359671302529,167.92425435820525,169.25581034391587,79.32042418812108,80.69656015525133,false,false
50,1.0,168.5879148054055,79.90977638057952,1.37483756983832,1.3250720540396514,167.88815892054114,169.26299649037946,79.23493243967216,80.56000449371182,false,false
50,1.0,168.57538060362947,79.99617547420837,1.4051801524394705,1.3795808692356388,167.88197837190134,169.2871585243408,79.30284950653603,80.68243037577167,false,false
50,1.0,168.58664614107573,79.98294856546536,1.3668219868010283,1.3395817730555848,167.89883292268058,169.2656549094816,79.31629009680113,80.65587186985671,false,false
50,1.0,168.6143697172348,79.92120691033104,1.3415503925527617,1.3360487436960256,167.92470052579776,169.26625091835052,79.24206201295496,80.57811075665099,false,false
50,1.0,168.5995688368006,79.99778297395693,1.339339873619906,1.3753984013906972,167.92342503165574,169.26276490527565,79.29731057024517,80.67270897163587,false,false
50,1.0,168.57824794537856,80.06843392210058,1.3673932352185147,1.3426351000050119,167.92438187385045,169.29177510906896,79.40003629335658,80.74267139336159,false,false
50,1.0,168.5670475352487,80.09341159466841,1.3520887181348655,1.346993844220023,167.91382717454044,169.2659158926753,79.40047982567044,80.74747366989047,false,false
50,1.0,168.5764639218033,79.91244456755324,1.343841345819527,1.3131158339385252,167.90711579622683,169.25095714204636,79.26216579836728,80.5752816323058,false,false
50,1.0,168.5680155123997,79.98982474316536,1.378825785994536,1.314276137865619,167.8856568828481,169.26448266884265,79.33383072940316,80.64810686726878,false,false
50,1.0,168.5763732032022,79.90001581422734,1.3863281896519766,1.3219259404722692,167.90313342827977,169.28946161793175,79.25034250990474,80.57226845037701,false,false
50,1.0,168.58508137890698,80.01497383979445,1.3510345119287592,1.3661544066906401,167.89653454649903,169.24756905842779,79.32725460514953,80.69340901184017,false,false
50,1.0,168.59011856596487,79.91760062619966,1.3454040906216278,1.3525309390090712,167.92776876609906,169.2731728567207,79.2420811130689,80.59461205207798,false,false
50,1.0,168.59341002978312,79.97611413258588,1.3643632994815107,1.3756110928093932,167.90561769949105,169.26998099897256,79.28691750436566,80.66252859717505,false,false
50,1.0,168.60190883217913,80.03761883806335,1.3581579678960907,1.3399287578970984,167.90925515813652,169.2674131260326,79.35537407157094,80.69530282946803,false,false
50,1.0,168.61165423371713,79.98726060585444,1.373081401552696,1.383211597150364,167.9221015497583,169.295182951311,79.27745152120238,80.66066311835274,false,false
50,1.0,168.59816928986902,80.0309872398551,1.3631157238617675,1.3882866656138475,167.91704798820177,169.28016371206354,79.3270469885696,80.71533365418345,false,false
50,1.0,168.60218150603475,80.12667972120019,1.3848740479888875,1.3374633021788185,167.89890914167182,169.2837831896607,79.44630235995395,80.78376566213277,false,false
50,1.0,168.59229963445182,79.94381749005483,1.321596965013896,1.3278032445159766,167.92366927455078,169.24526623956467,79.2639683857711,80.59177163028707,false,false
50,1.0,168.57475578749393,80.01127222229411,1.4138684048330958,1.3727410249800158,167.87619080178348,169.29005920661658,79.31853605646887,80.69127708144889,false,false
50,1.0,168.58800194652343,80.03018751657629,1.3854357716969048,1.3526998513356148,167.885596963819,169.27103273551592,79.34959271306542,80.70229256440103,false,false
50,1.0,168.583519226879,80.02838948561006,1.3480704169341493,1.3756919990389775,167.91747992995337,169.26555034688752,79.34776794834727,80.72345994738625,false,false
50,1.0,168.57837998295523,79.94841713143946,1.3669266698343563,1.3645750002797286,167.894898954133,169.26182562396735,79.27691547630113,80.64149047658086,false,false
50,1.0,168.58236439101256,79.95746886196608,1.376942492730734,1.347388900579105,167.9084407665867,169.28538325931743,79.28406859507717,80.63145749565628,false,false
50,1.0,168.58554608870384,80.02910101999328,1.3450442516625571,1.370841317853973,167.90733315127233,169.25237740293488,79.35417581762816,80.72501713548213,false,false
50,1.0,168.588219990122,80.03723294278548,1.3895848840215592,1.3622439834584696,167.90620938704953,169.2957942710711,79.35422921310825,80.71647319656672,false,false
50,1.0,168.59034324004955,80.00525323482837,1.3522688807727832,1.3001236107585754,167.90518544164803,169.2574543224208,79.3626761504227,80.66279976118128,false,false
50,1.0,168.5810145617661,80.01434048088944,1.3084162458941648,1.3479271850427494,167.93371858696506,169.24213483285922,79.34313779199454,80.69106497703729,false,false
50,1.0,168.58683544164148,79.96884742450447,1.326512902526673,1.381659560733553,167.91253998735687,169.23905288988354,79.25906282185667,80.64072238259023,false,false
50,1.0,168.5891227398675,80.04121250352486,1.353118389907337,1.3439579780869337,167.91911190502975,169.2722302949371,79.35735321232632,80.70131119041325,false,false
50,1.0,168.58961694475516,79.95774139162887,1.3728359113313502,1.3209542311856524,167.90832525455787,169.28116116588922,79.30562608674073,80.62658031792638,false,false
50,1.0,168.59655392462452,80.0382427251035,1.3451452609152739,1.3826669642529197,167.91765629489151,169.2628015558068,79.36018220439884,80.74284916865176,false,false
50,1.0,168.58467098907212,80.04513464435459,1.3610036879141205,1.3439836197941304,167.92306809818163,169.28407178609575,79.38750761994275,80.73149123973688,false,false
50,1.0,168.60298311816928,79.94761195294136,1.3767467918898717,1.3422709112676898,167.91162175214063,169.2883685440305,79.29770037534522,80.6399712866129,false,false
50,1.0,168.58437085814703,80.00778890035258,1.3060034054436187,1.3579432963966553,167.9379366941323,169.24394009957592,79.32503671531369,80.68298001171034,false,false
50,1.0,168.57796104840799,80.04847215744806,1.332375251502782,1.3137136983338848,167.914551729653,169.24692698115578,79.38076197293671,80.6944756712706,false,false
50,1.0,168.58318543330438,79.98390155209631,1.3585424875876981,1.3426735723518561,167.9060325124602,169.2645750000479,79.3179258210186,80.66059939337046,false,false
50,1.0,168.59903040725166,80.0205251385888,1.3388077860484486,1.351584047552592,167.91978344612792,169.25859123217637,79.33119358360327,80.68277763115586,false,false
50,1.0,168.59728814164552,80.07153341710318,1.3614946654733444,1.3362384022736506,167.91732055842454,169.27881522389788,79.38777139549174,80.72400979776539,false,false
50,1.0,168.5832428285956,79.93554874721886,1.3438258096027482,1.3742326134464378,167.90392782689804,169.2477536365008,79.21639492138938,80.59062753483582,false,false
50,1.0,168.5925642196234,80.02237610512186,1.3220633573523344,1.3651018910452422,167.931291759777,169.25335511712933,79.3380993724127,80.70320126345794,false,false
50,1.0,168.59738162559034,79.9506186938058,1.3705463891296574,1.3052575246922942,167.92026387123872,169.29081026036837,79.30878556478926,80.61404308948156,false,false
50,1.0,168.58856988510252,79.97344465005443,1.3623660470012737,1.361749423216338,167.9159779564281,169.27834400342937,79.26942475277548,80.63117417599182,false,false
50,1.0,168.60202805295177,80.02665803498297,1.3877009918218448,1.3260649303242786,167.8930916046942,169.28079259651605,79.35563879963497,80.68170372995925,false,false
50,1.0,168.59595033728334,80.02967960212186,1.3536192971787386,1.3106659869376642,167.92515818961806,169.2787774867968,79.37789114900761,80.68855713594527,false,false
50,1.0,168.56945989030987,80.00059258322166,1.384363707565825,1.2939344818218217,167.89470583930742,169.27906954687325,79.34752060391301,80.64145508573483,false,false
50,1.0,168.5652472106653,80.08403441823481,1.3492954619439672,1.3464516389090448,167.89532024302224,169.2446157049662,79.40882768755871,80.75527932646776,false,false
50,1.0,168.59738041306883,79.90328320941975,1.336492574593393,1.3379031498543554,167.92368457041823,169.26017714501162,79.23069306360594,80.5685962134603,false,false
50,1.0,168.60543557665216,79.96567780894901,1.3494902384503291,1.3518312210811132,167.92585132077429,169.27534155922461,79.2776392207706,80.62947044185171,false,false
50,1.0,168.59049874605128,80.07724223835623,1.3374715083483295,1.3306970409948207,167.93002404905008,169.2674955573984,79.4051911571412,80.73588819813602,false,false
50,1.0,168.5992921727685,79.98899757119818,1.386717655746736,1.300740584568075,167.88631038649015,169.2730280422369,79.34642401402476,80.64716459859284,false,false
50,1.0,168.59411193351673,80.04850456758146,1.4109853243632529,1.3534208911507761,167.8917901183625,169.30277544272576,79.38301611467462,80.7364370058254,false,false
50,1.0,168.58644230704388,80.00176428059088,1.3662638928720696,1.3520144010779518,167.9101049264711,169.27636881934316,79.3268014098299,80.67881581090785,false,false
50,1.0,168.59062475764867,79.96113895800295,1.3541089659713919,1.3371715555413175,167.91114168647158,169.26525065244297,79.30217803344662,80.63934958898794,false,false
50,1.0,168.59835362430016,79.96286024782488,1.3577185312161362,1.337777632213843,167.91077923459216,169.2684977658083,79.28829329583513,80.62607092804897,false,false
50,1.0,168.5913456205253,80.01737226752445,1.384239878692739,1.3217336307502876,167.87514306479446,169.2593829434872,79.34515103989932,80.66688467064961,false,false
50,1.0,168.58743453600206,80.02964586662864,1.3636313892672547,1.3369999627328042,167.90136424243647,169.26499563170373,79.37182442719576,80.70882438992857,false,false
50,1.0,168.55613001631303,80.00203091464991,1.369505778686971,1.3527876430262609,167.87824322351818,169.24774900220515,79.33325578825233,80.68604343127859,false,false
50,1.0,168.57810139269654,79.98741752210536,1.3490946947050872,1.3514020696953395,167.90890359608258,169.25799829078767,79.31046796424259,80.66187003393793,false,false
50,1.0,168.57776077460343,79.94826476457679,1.3490168595506589,1.3354518122473849,167.89657745180398,169.24559431135464,79.29432719408504,80.62977900633243,false,false
50,1.0,168.57757728777193,80.01068400557784,1.3822222445367345,1.3555935915143493,167.885718941447,169.26794118598374,79.32836924698567,80.68396283850002,false,false
50,1.0,168.5889549833148,80.0271408730917,1.3498926328852292,1.3207923903563739,167.9251152851778,169.27500791806304,79.38184664648003,80.7026390368364,false,false
50,1.0,168.57217609362408,80.08630041880453,1.3373054676135894,1.332677950610318,167.91531769577983,169.25262316339342,79.42651601759306,80.75919396820338,false,false
50,1.0,168.58794235224596,80.07600544928877,1.3714997157482287,1.3407636436589456,167.907327640482,169.27882735623024,79.41075048058455,80.7515141242435,false,false
50,1.0,168.60943343796336,79.94690331253841,1.3404686336480154,1.3360095044528606,167.9241903468261,169.2646589804741,79.28616890884658,80.62217841329944,false,false
50,1.0,168.5938113702304,79.92558310489169,1.3520141857236752,1.343156577843331,167.93126679985323,169.2832809855769,79.26080765444291,80.60396423228624,false,false
50,1.0,168.58548214134015,79.96580367509415,1.3431009831766971,1.3679868694957804,167.91571871869854,169.25881970187524,79.29868932679179,80.66667619628757,false,false
50,1.0,168.5795675085817,80.02267739119463,1.3318355681619778,1.3265783454411348,167.92020690608513,169.2520424742471,79.36879941864728,80.69537776408842,false,false
50,1.0,168.6090513140681,79.93830905746407,1.3232878397713819,1.2922384837661554,167.9297096239475,169.25299746371888,79.30655285077799,80.59879133454415,false,false
50,1.0,168.59220684460695,79.99099976608412,1.3593490791633371,1.3553174954933809,167.9048210145248,169.26417009368814,79.31489821287728,80.67021570837066,false,false
50,1.0,168.57331452567092,79.96471617524264,1.3530431448878915,1.313976287549636,167.90909755023446,169.26214069512235,79.31923012551914,80.63320641306878,false,false
50,1.0,168.599810882721,79.97444855506475,1.3643141317494951,1.345692597313061,167.9180915918304,169.2824057235799,79.31979040651251,80.66548300382557,false,false
50,1.0,168.59074160403105,80.00202212637969,1.342501958690434,1.3285818613476437,167.9273017660257,169.26980372471613,79.35328699795137,80.68186885929902,false,false
50,1.0,168.58952532684464,79.99883438388741,1.3707046690334153,1.307508162964595,167.90418391451075,169.27488858354417,79.35802195350915,80.66553011647375,false,false
50,1.0,168.58278987684696,80.06638451390928,1.3902029439788066,1.3337419890176108,167.89298131694548,169.2831842609243,79.39561162453872,80.72935361355633,false,false
50,1.0,168.5855796492395,79.99647903664084,1.3614145933938175,1.359382564260784,167.9202970399782,169.28171163337203,79.29986179848221,80.659244362743,false,false
50,1.0,168.58018001402962,79.99945653465755,1.3623337744378432,1.3269920989045687,167.89058920381206,169.2529229782499,79.35028001399695,80.67727211290152,false,false
50,1.0,168.56509762606234,79.97349113112641,1.3422031471453124,1.3599820840298662,167.92189247958817,169.26409562673348,79.27827759987345,80.63825968390331,false,false
50,1.0,168.57568801368714,80.04399345364695,1.3228668969528883,1.3382155357614778,167.91432755367555,169.23719445062844,79.36797518119842,80.7061907169599,false,false
50,1.0,168.58512851104416,80.0487757573017,1.3623796060563222,1.3286321528458842,167.91610244917993,169.27848205523625,79.39316923106362,80.72180138390951,false,false
50,1.0,168.59142748263312,80.03579327763055,1.3829806821324269,1.3239450184431547,167.9061575133786,169.28913819551101,79.37260279146494,80.6965478099081,false,false
50,1.0,168.59837871652059,79.99219545302337,1.3642118427177934,1.372586605930195,167.90166344910108,169.26587529181887,79.29557181161593,80.66815841754612,false,false
50,1.0,168.58617088195803,79.91156465149362,1.4039782090547135,1.3552173135754941,167.8827169019487,169.2866951110034,79.21634927583122,80.57156658940671,false,false
50,1.0,168.59802765995335,79.94147911318615,1.3775264923743578,1.3408533161638587,167.88984864935696,169.26737514173132,79.27687510242906,80.61772841859292,false,false
50,1.0,168.59018803056716,79.9818256288403,1.3388851610631605,1.3480884198786924,167.92047094029328,169.25935610135645,79.32339375625767,80.67148217613637,false,false
50,1.0,168.59252051357495,80.01706776411022,1.3355254089011055,1.2953127211501965,167.92771958571356,169.26324499461467,79.3733579217563,80.66867064290649,false,false
50,1.0,168.56840005150133,80.01497641416658,1.3420165049498962,1.344934271504755,167.91386718370927,169.25588368865917,79.34377974762197,80.68871401912672,false,false
50,1.0,168.5612526194937,79.98507374901783,1.344691612003885,1.3466566082288693,167.88743972233377,169.23213133433765,79.31659719069722,80.66325379892609,false,false
50,1.0,168.58897211172032,79.97405520552854,1.391217085845284,1.3527088602909885,167.89762161173107,169.28883869757635,79.29567765072912,80.6483865110201,false,false
50,1.0,168.59705195367843,79.90927718996932,1.3644518332253028,1.3418779984832128,167.91987261295657,169.28432444618187,79.2355375205075,80.57741551899072,false,false
50,1.0,168.5915749929968,80.01026173941523,1.3950139410598865,1.3869964429919008,167.88798510075077,169.28299904181065,79.31305580124929,80.70005224424119,false,false
50,1.0,168.57797549855798,80.06014662757877,1.346719501608078,1.3585966294426868,167.8926965257455,169.23941602735357,79.37637970427912,80.7349763337218,false,false
50,1.0,168.58080022221688,79.95279560571382,1.3556299364020674,1.3545330445396218,167.9114859294346,169.26711586583667,79.29172423286246,80.64625727740209,false,false
50,1.0,168.61309097520638,80.04536630556419,1.330656662266108,1.3282219104011972,167.94991367063847,169.28057033290457,79.37504953795639,80.70327144835758,false,false
50,1.0,168.60717756231568,79.98207282983216,1.3529935679027574,1.3350301816924315,167.93521931872536,169.28821288662812,79.2951149402905,80.63014512198293,false,false
50,1.0,168.57242390872187,79.99351087567598,1.3572114528321038,1.3566955969630357,167.903095565607,169.2603070184391,79.31738462779866,80.6740802247617,false,false
50,1.0,168.5865727141907,79.94227338541248,1.3691524815226614,1.3229254279806497,167.89530018658505,169.2644526681077,79.27817948822016,80.60110491620081,false,false
50,1.0,168.58955080927083,79.98764968275731,1.3585632189827095,1.3574310012894415,167.91571310724092,169.27427632622363,79.30829645116256,80.665727452452,false,false
50,1.0,168.57538729575964,80.01725931904011,1.3727600122463173,1.3460780392240679,167.90049726396146,169.27325727620777,79.34549473066434,80.69157276988841,false,false
50,1.0,168.58875765787542,79.955681525248,1.3798333242754666,1.34954646954003,167.89678225117916,169.27661557545463,79.28247201760186,80.63201848714189,false,false
50,1.0,168.57678352019445,79.90210446348021,1.342660395578747,1.3776244974143736,167.924913386104,169.26757378168276,79.20569895373086,80.58332345114523,false,false
50,1.0,168.58297211439827,79.90432854704963,1.3789175839292227,1.383197468371634,167.90021244814884,169.27913003207806,79.22085447330167,80.6040519416733,false,false
50,1.0,168.56920543287578,80.07606642248481,1.3501308084561572,1.3313445951323786,167.89797281478303,169.2481036232392,79.4140063252634,80.74535092039578,false,false
50,1.0,168.5835096919791,79.9735327222802,1.3680608015346536,1.3512356597509836,167.923441165486,169.29150196702065,79.27780065746092,80.6290363172119,false,false
50,1.0,168.57203309226543,80.00877314122204,1.3374425958319875,1.3468554808343782,167.90716799021794,169.24461058604993,79.32885780888446,80.67571328971884,false,false
50,1.0,168.59837744819293,80.03197946691245,1.3711632082041376,1.343582397541411,167.92177099816973,169.29293420637387,79.35991697827365,80.70349937581506,false,false
50,1.0,168.57279818461524,80.0321285130151,1.3596490250331215,1.3075507422788064,167.8977792213718,169.2574282464049,79.36908945237175,80.67664019465056,false,false
50,1.0,168.5878737439213,80.02960717557498,1.4003705241177045,1.3483620694904204,167.86653979376433,169.26691031788204,79.36217165994597,80.71053372943639,false,false
50,1.0,168.58837254784692,80.0021984148546,1.3797510095968448,1.3960021568174454,167.89205554152232,169.27180655111917,79.31233441240994,80.70833656922738,false,false
50,1.0,168.5827828813169,79.92977544422703,1.362889113556463,1.32991866146034,167.9101732664272,169.27306237998366,79.2607800484235,80.59069870988384,false,false
50,1.0,168.58789401082194,79.99777985986344,1.3695129202240253,1.3686933193727384,167.91099822927188,169.2805111494959,79.30065843854553,80.66935175791826,false,false
50,1.0,168.58714291784798,80.08410372487772,1.3497001789968408,1.3617603933160751,167.92821619329686,169.2779163722937,79.38571307623734,80.74747346955341,false,false
50,1.0,168.59021665379782,80.03640117346691,1.364846749022405,1.3427960851977048,167.90973085150765,169.27457760053005,79.36327178668118,80.70606787187889,false,false
50,1.0,168.59529672901368,80.0150635882892,1.3257548515787505,1.356630959512458,167.93141703684375,169.2571718884225,79.33432330701821,80.69095426653067,false,false
50,1.0,168.60092281548935,79.99587093958965,1.3530482835624582,1.3329251042143824,167.91854955760007,169.27159784116253,79.33708908379532,80.6700141880097,false,false
50,1.0,168.6050390908132,79.91842099025831,1.3864260358274123,1.345863314109934,167.90605958265536,169.29248561848277,79.24352942897927,80.5893927430892,false,false
50,1.0,168.5938185849073,80.11804571718292,1.343893383449398,1.3459757538006727,167.9203648614981,169.26425824494748,79.4412230360345,80.78719878983517,false,false
50,1.0,168.5697025546501,79.9339640654295,1.3907896790982477,1.3150743792554636,167.88950919621675,169.280298875315,79.27240329673279,80.58747767598825,false,false
50,1.0,168.61067351580027,80.02899519866408,1.357286807402545,1.327457415755859,167.91542988627813,169.27271669368068,79.38494518574078,80.71240260149663,false,false
50,1.0,168.6094683477628,79.90176559121153,1.3628422457070428,1.2975617300153175,167.9079937530875,169.27083599879455,79.26302436315586,80.56058609317118,false,false
50,1.0,168.5725646634188,80.0499131035634,1.3535320765091683,1.3667859266610378,167.8989841990935,169.25251627560266,79.38221703007203,80.74900295673307,false,false
50,1.0,168.59440247910743,79.89763084688491,1.3739102552555948,1.313970549904809,167.89864832901213,169.27255858426773,79.24325695760001,80.55722750750482,false,false
50,1.0,168.58753301357083,80.01440991993283,1.3571171228126104,1.3422611565019906,167.89090922569886,169.24802634851147,79.34411346106968,80.68637461757167,false,false
50,1.0,168.62523848202028,80.08445696656992,1.4028342658354234,1.3170081401217573,167.90925390736768,169.3120881732031,79.41909696522079,80.73610510534255,false,false
50,1.0,168.58356570263993,80.00112668284754,1.367036083328145,1.3321725166680238,167.9181617800014,169.28519786332956,79.33925950206614,80.67143201873417,false,false
50,1.0,168.58649852584347,80.0256293970894,1.3901975488318783,1.328911167937619,167.89392497890304,169.28412252773492,79.36368350835416,80.69259467629178,false,false
50,1.0,168.59475523569694,80.00071958416366,1.3428120083120234,1.336850588276647,167.92634009098214,169.26915209929416,79.3190519387897,80.65590252706635,false,false
50,1.0,168.58374547797843,79.9322539091404,1.4080366618855749,1.3566991071789403,167.8920747289973,169.30011139088288,79.24270624396858,80.59940535114752,false,false
50,1.0,168.59364082025456,79.90191999730204,1.3865539815942043,1.3534243809106243,167.89189470399373,169.27844868558793,79.22342125412614,80.57684563503676,false,false
50,1.0,168.5871501308281,80.02020272748257,1.3775368575930997,1.3530933470142656,167.89664974856822,169.27418660616132,79.35889845185453,80.7119917988688,false,false
50,1.0,168.5697724036176,80.05256442208616,1.3713091717218617,1.3369657615346142,167.90818530163565,169.27949447335752,79.3682599649093,80.70522572644391,false,false
50,1.0,168.56195356826737,79.95126129292267,1.3670385225732389,1.3429748167461497,167.89221197527553,169.25925049784877,79.28100074082542,80.62397555757157,false,false
50,1.0,168.5891607351119,80.02661687507315,1.3778627860308177,1.3540932558116054,167.90717994585356,169.28504273188437,79.3524339462208,80.7065272020324,false,false
50,1.0,168.60830074069784,80.01424268575332,1.3325193698755413,1.3329065649253948,167.9318183668048,169.26433773668035,79.36566916549208,80.69857573041747,false,false
50,1.0,168.6050796694645,80.03126163712116,1.361525650181136,1.3278813459467358,167.9328872462027,169.29441289638385,79.3576603435435,80.68554168949024,false,false
50,1.0,168.58916795442576,79.99654359970523,1.3391996322501427,1.342378791782437,167.9221391673941,169.26133879964425,79.32812300574496,80.6705017975274,false,false
50,1.0,168.60895815410476,79.93656268508315,1.3648666237331781,1.319306216082495,167.92180088490483,169.286667508638,79.27041491200158,80.58972112808408,false,false
50,1.0,168.5889396637442,80.05579625773596,1.3649086870761096,1.3208424909400378,167.89856431598287,169.26347300305898,79.3928102903281,80.71365278126814,false,false
50,1.0,168.58662495998334,79.97272607588121,1.3643159081685212,1.3460826959351238,167.90370018776395,169.26801609593247,79.28792459675157,80.63400729268669,false,false
50,1.0,168.58355611673647,80.07492433199943,1.3791198153936932,1.3487381312734499,167.89099317343855,169.27011298883224,79.38949624655515,80.7382343778286,false,false
50,1.0,168.57855393947239,80.02975768466871,1.3818765874489713,1.3483814573463917,167.88728773616558,169.26916432361455,79.36356589729021,80.7119473546366,false,false
50,1.0,168.55924475061607,80.05867432721496,1.3330334602729579,1.3322290867337756,167.90053197564743,169.23356543592038,79.40019757612535,80.73242666285913,false,false
50,1.0,168.5928093345998,80.01104408353194,1.335875544076174,1.3346196483163624,167.91798320591477,169.25385874999094,79.33102726895942,80.66564691727578,false,false
50,1.0,168.58555091750267,80.00630379068753,1.3116390588283764,1.3299633427056676,167.9355554966003,169.24719455542868,79.33017195112492,80.66013529383059,false,false
50,1.0,168.5761433035665,80.08074050452808,1.3665393446445933,1.3181387453005726,167.90482451828956,169.27136386293415,79.39998699551141,80.71812574081198,false,false
50,1.0,168.61032672820568,80.08534397858222,1.3362650607772366,1.343611435503206,167.94804666354406,169.2843117243213,79.40938797894506,80.75299941444827,false,false
50,1.0,168.5873258393807,80.02397178653837,1.3271467295268167,1.358022573009336,167.92994582573675,169.25709255526357,79.33240584224458,80.69042841525392,false,false
50,1.0,168.60231954735477,79.97613615997022,1.3536792969841542,1.3206086559314087,167.92734016748594,169.2810194644701,79.29912487305474,80.61973352898615,false,false
50,1.0,168.58621615668176,79.95242617752206,1.3593800633771878,1.3312470773058749,167.90603146688724,169.26541153026443,79.28107884668174,80.61232592398761,false,false
50,1.0,168.60069753702373,80.01102607697827,1.3500999493789436,1.3629477400215109,167.92021026001638,169.27031020939532,79.32100180286263,80.68394954288414,false,false
50,1.0,168.57843870519912,79.9676111396659,1.4010479389706347,1.342031554588445,167.88519680624884,169.28624474521948,79.29633497279552,80.63836652738397,false,false
50,1.0,168.59540310158582,79.98070036483276,1.3772847873617025,1.3527219573809788,167.89403512427117,169.27131991163287,79.30848791177364,80.66120986915462,false,false
50,1.0,168.5983588430301,79.92458475603831,1.354625177123296,1.3468890949462917,167.91160496817716,169.26623014530045,79.23674521177806,80.58363430672435,false,false
50,1.0,168.60323502639017,80.01700248208533,1.340160133139193,1.3308806061498615,167.9116624522,169.2518225853392,79.3499822684239,80.68086287457376,false,false
50,1.0,168.59357173525706,80.02066620430335,1.3722139996259841,1.3525900888698459,167.90748696783288,169.27970096745887,79.33299677329458,80.68558686216443,false,false
50,1.0,168.58539538057323,79.9845503729632,1.3385465989296392,1.3693767612560634,167.9138654655954,169.25241206452503,79.30929829530797,80.67867505656403,false,false
50,1.0,168.58577472872082,80.01855475084145,1.3853172426415767,1.3312195618794789,167.87422255520192,169.2595397978435,79.36042150629545,80.69164106817493,false,false
50,1.0,168.59880432237094,80.02884039396903,1.3651037659315364,1.354256562304414,167.92686527664583,169.29196904257736,79.34320760138795,80.69746416369236,false,false
50,1.0,168.63640053908608,79.99121346793432,1.3528587129767686,1.3496960697646045,167.93563518324137,169.28849389621814,79.30084671342115,80.65054278318576,false,false
50,1.0,168.58175429077494,79.95819631214356,1.3821967308719536,1.3398629711046226,167.8936413776492,169.27583810852116,79.29874477612452,80.63860774722914,false,false
50,1.0,168.60847551321086,79.98737580820608,1.3508464378275278,1.3396090526625244,167.9241195022814,169.27496594010893,79.32468732781302,80.66429638047555,false,false
50,1.0,168.60535035058803,79.98511775980765,1.3685315235663325,1.3487945008018443,167.91228235255699,169.28081387612332,79.31242132224592,80.66121582304777,false,false
50,1.0,168.60427921428527,79.96868335350351,1.354038910980364,1.3776241183696811,167.92153561277624,169.2755745237566,79.26375461183366,80.64137873020334,false,false
50,1.0,168.58605573135773,80.01029706829695,1.358655062101036,1.357463721096309,167.9115861650235,169.27024122712453,79.32679451589637,80.68425823699268,false,false
50,1.0,168.60569020936407,79.9280790472758,1.3575595216287297,1.371301848621556,167.92965184847623,169.28721137010496,79.23617306217888,80.60747491080043,false,false
50,1.0,168.58193734090935,79.99826134238788,1.3779027589685313,1.3193660877538775,167.90040427105896,169.2783070300275,79.3361339467561,80.65550003450998,false,false
50,1.0,168.61490906340077,80.0623186717515,1.3532074689885292,1.3267154207124179,167.92107018184683,169.27427765083536,79.40404652257779,80.7307619432902,false,false
50,1.0,168.57770908229958,79.94412189574228,1.3855635647434212,1.3100312815572153,167.8861359857907,169.27169955053412,79.28683033938167,80.59686162093888,false,false
50,1.0,168.59454567197622,79.94011983449892,1.3645902024995564,1.3262812562521589,167.90839089147204,169.2729810939716,79.27012372567992,80.59640498193208,false,false
50,1.0,168.58084529497958,80.03531344030239,1.3637831872495951,1.316674488075222,167.89902484539522,169.2628080326448,79.38890583495876,80.70558032303398,false,false
50,1.0,168.58430257213354,80.09221670203348,1.3472922463352859,1.3521860100178884,167.91937643431282,169.2666686806481,79.39755071357264,80.74973672359053,false,false
50,1.0,168.56562153695972,79.98153459150473,1.3843059708102885,1.2978739923242273,167.88452750191385,169.26883347272414,79.3357612480316,80.63363524035583,false,false
50,1.0,168.57684248589615,79.9887417046752,1.3621433809743735,1.3597978292374933,167.8991189958085,169.26126237678287,79.32850609319148,80.68830392242897,false,false
50,1.0,168.55849828812867,79.93340485967771,1.3429456066054115,1.371802433814679,167.87446088765626,169.21740649426167,79.24173139704449,80.61353383085917,false,false
50,1.0,168.6114668104525,79.99344489973213,1.3343565232056847,1.3285812680860545,167.93374506563555,169.26810158884123,79.31895222073325,80.6475334888193,false,false
50,1.0,168.58886144625149,80.03320313291401,1.3437323870552405,1.3598233671382474,167.90479910056843,169.24853148762367,79.3471302310196,80.70695359815785,false,false
50,1.0,168.58547435168617,79.93044503704465,1.322700581801854,1.341800807284116,167.9245084027607,169.24720898456255,79.2796651491051,80.62146595638922,false,false
50,1.0,168.5904852380777,79.97891145195874,1.3554424500563869,1.356261817977824,167.90901252402585,169.26445497408224,79.29575272285744,80.65201454083527,false,false
50,1.0,168.56857907146804,79.98652444877808,1.3973643773845197,1.332300528799351,167.88058245229888,169.2779468296834,79.32492784291284,80.6572283717122,false,false
50,1.0,168.59291767011007,80.01441357233273,1.3486786486619735,1.3770359209979972,167.89989434709776,169.24857299575973,79.32032141221214,80.69735733321014,false,false
50,1.0,168.57909107166216,79.97736687451317,1.4008432211670083,1.359187307838468,167.88489506315352,169.28573828432053,79.28730748163996,80.64649478947842,false,false
50,1.0,168.5958933845347,79.98316702923157,1.3423478399494684,1.3570315331175635,167.9188856440531,169.26123348400256,79.32676917874929,80.68380071186685,false,false
50,1.0,168.5843685131714,80.00866082361003,1.3909573008880898,1.3572664247421073,167.89147867898035,169.28243597986844,79.32926652330228,80.68653294804439,false,false
50,1.0,168.60337506508117,80.00963512132981,1.3859645559797116,1.311976100920802,167.8945300415561,169.2804945975358,79.35303378362134,80.66500988454214,false,false
50,1.0,168.5833664305589,80.01941692406493,1.3870639646115421,1.3210733867988438,167.89414781520478,169.28121177981632,79.35151254404627,80.67258593084512,false,false
50,1.0,168.61573271228758,80.03968889669952,1.3676540365140681,1.3326046136794787,167.92865440109892,169.296308437613,79.35432780162711,80.68693241530659,false,false
50,1.0,168.58499778102475,79.95591286209738,1.3411336546242296,1.3015795171176308,167.9207527570071,169.26188641163134,79.31741954329101,80.61899906040864,false,false
50,1.0,168.6020296797461,79.97659369966698,1.3531084211692246,1.3261593039064081,167.91518301716755,169.26829143833677,79.31634414256528,80.6425034464717,false,false
50,1.0,168.5847603650434,80.05304649261905,1.3843418277486705,1.3729883816450297,167.88397137273168,169.26831320048035,79.3575442251235,80.73053260676853,false,false
50,1.0,168.59463850784897,79.83960992987454,1.3914869702960573,1.334939800769675,167.90526847018373,169.29675544047979,79.17915692773303,80.51409672850271,false,false
50,1.0,168.57016838694358,79.98113179460121,1.3863550740836672,1.3597904827469591,167.88584731275455,169.27220238683822,79.30069558479407,80.66048606754103,false,false
50,1.0,168.60203540412365,80.01357553669148,1.3491022750852721,1.2993902778225532,167.92002226412657,169.26912453921184,79.35529752218302,80.65468780000558,false,false
50,1.0,168.57915418687963,80.0371735337298,1.336529456590597,1.3652428855072714,167.91994203325714,169.25647148984774,79.34283228025463,80.7080751657619,false,false
50,1.0,168.5713310917577,79.93477156066865,1.3407508111514517,1.3191714856291838,167.90182662550595,169.2425774366574,79.27789897050378,80.59707045613297,false,false
50,1.0,168.58433812242407,79.97099314489157,1.3404794995775546,1.3567988313204893,167.91633787594557,169.25681737552313,79.2925245088479,80.6493233401684,false,false
50,1.0,168.60321766867847,80.04240727026473,1.3669231565306177,1.3679057462242241,167.91165567241381,169.27857882894443,79.35903884718726,80.72694459341149,false,false
