ndata,sigma,theta1_median,theta2_median,theta1_iqrs,theta2_iqrs,quartiles1_1,quartiles3_1,quartiles1_2,quartiles3_2,theta1_coverage,theta2_coverage
10,20.0,148.72117275768613,97.05317784400603,2.593184624298061,16.28771835686254,147.81227499924793,150.405459623546,87.76744484380183,104.05516320066437,true,true
10,20.0,149.3433371239447,90.4456122563522,3.1343632697581825,17.288918528801446,148.2221322243382,151.35649549409638,80.82026442402017,98.10918295282161,true,false
10,20.0,151.06721294164427,93.07597773602708,3.059413267593129,16.593960738453106,149.95490809421833,153.01432136181145,84.34366482697335,100.93762556542646,true,true
10,20.0,150.35871135529027,90.61983100685286,3.1472566413139305,17.7750161015465,149.1749942510272,152.32225089234112,80.83932649667463,98.61434259822113,true,false
10,20.0,149.80607526022834,84.74739766634583,3.5079831011009333,16.517092351191323,148.52193904062466,152.0299221417256,75.71442355594212,92.23151590713344,true,false
10,20.0,150.52022974177913,92.03696442219923,3.1273565889337647,17.50024835888982,149.39055598016716,152.51791256910093,82.64282940387744,100.14307776276726,true,true
10,20.0,148.27330679401243,116.2035075010399,1.6884984272984411,13.968533951565405,147.6774393721829,149.36593779948134,108.35796459207455,122.32649854363996,false,false
10,20.0,151.74958919054666,86.4021320804669,3.4828467666835365,16.815365581642865,150.4895284546473,153.97237522133085,77.28263962534733,94.0980052069902,false,false
10,20.0,151.2241619264621,90.11652568638252,3.4601129078209567,17.12828531609638,149.9606595064392,153.42077241426017,80.66933308261768,97.79761839871406,true,false
10,20.0,148.84571069472565,126.79653578390324,1.1344943970351267,11.016122900218207,148.4237800395415,149.55827443657662,120.10235954495023,131.11848244516844,false,false
10,20.0,150.6545233269328,105.5319321159121,2.260258573626288,17.018040683074233,149.8542871780352,152.1145457516615,96.0890482501354,113.10708893320964,true,true
10,20.0,150.46427971878117,103.01755590926763,2.508827593821678,15.782727612272708,149.56252361073214,152.07135120455382,94.17593113868115,109.95865875095386,true,true
10,20.0,148.3493048109283,93.96643665693433,2.89281012410558,17.470371987515136,147.33953769010515,150.23234781421073,84.50702689345705,101.97739888097219,true,true
10,20.0,148.97030810953936,100.41811850044672,2.560960811105275,17.1453989932633,148.03713577497692,150.5980965860822,90.72976010861326,107.87515910187656,true,true
10,20.0,149.2681949551693,92.87876247265599,3.147430061863446,16.39326437148047,148.10363338590912,151.25106344777257,83.6390310295188,100.03229540099927,true,true
10,20.0,151.2128448046579,92.49946038259156,3.006680218862556,18.034281249090427,150.10332205420366,153.11000227306621,82.66155240628535,100.69583365537578,false,true
10,20.0,150.8425170980978,84.98963742688719,3.63971219220835,17.04614305077736,149.5376771428054,153.17738933501374,75.6680809437911,92.71422399456846,true,false
10,20.0,151.8057803182612,83.83410273504181,3.4681900585642893,16.793892847798432,150.53476101423644,154.00295107280073,74.5125847310441,91.30647757884253,false,false
10,20.0,151.59436135009597,95.3645964151732,3.0577318536409166,18.785993878940175,150.46188985636883,153.51962171000974,84.86270181600729,103.64869569494746,false,true
10,20.0,149.92125559331419,103.2978661653738,2.628803711422364,17.004612215618565,149.0147172788923,151.64352099031467,93.35954943470979,110.36416165032836,true,true
10,20.0,151.64798720127365,88.35571284086978,3.3635412904341138,17.26075985475687,150.42354432990294,153.78708562033705,79.16373167091643,96.4244915256733,false,false
10,20.0,149.638741818629,80.07562541808622,3.7197555484482336,18.32166064901564,148.3016049707816,152.02136051922983,70.11760245164271,88.43926310065835,true,false
10,20.0,150.45141180506252,88.98634279643267,3.295961298050713,17.976828833026033,149.23963441500177,152.5355957130525,79.09545426502933,97.07228309805537,true,false
10,20.0,150.26700649934037,105.3745726513111,2.4555534410881705,18.134620473462263,149.43405771443835,151.88961115552652,95.14250430369066,113.27712477715292,true,true
10,20.0,150.0096996320107,95.14064958906266,2.8618341198875044,17.848442164357465,149.0048752426039,151.8667093624914,85.62213811998177,103.47058028433923,true,true
10,20.0,150.73164637307048,94.00741573630754,3.041104800782932,17.283093940071538,149.59655582350865,152.63766062429158,84.05350482345285,101.33659876352439,true,true
10,20.0,148.94121806780782,107.31386395455294,2.222441325238094,16.71253443685289,148.16641121892863,150.38885254416672,97.67340496933636,114.38593940618925,true,true
10,20.0,148.39865032965417,100.68348695588426,2.2911099588569073,14.802352909553903,147.57641189354862,149.86752185240553,92.38047122336154,107.18282413291544,false,true
10,20.0,151.07453920098433,84.47598539695011,3.4151697696491112,16.724254202178926,149.8454360244066,153.26060579405572,75.6144447634438,92.33869896562273,true,false
10,20.0,149.24766616706103,85.26796906687797,3.3804421019275424,16.41865325646934,148.01872510232346,151.399167204251,76.30349321758258,92.72214647405193,true,false
10,20.0,151.7899089439716,92.26972456105437,3.112900316173409,16.595367386940538,150.69108150909568,153.8039818252691,82.74572697165675,99.34109435859729,false,false
10,20.0,150.63951606632077,97.01884037110503,2.7950538290387783,16.97012071254038,149.63685879108328,152.43191262012206,87.7456670263743,104.71578773891468,true,true
10,20.0,150.24395577723868,86.2378385833565,3.2733742741277183,16.52869442807699,149.0502374122882,152.32361168641592,77.43938935155548,93.96808377963247,true,false
10,20.0,151.01096947206622,90.6744836980819,3.1601543467808426,17.81451111158104,149.85765137790165,153.0178057246825,80.89148520630812,98.70599631788916,true,false
10,20.0,146.1712085565688,89.01307162181175,3.3557763708509185,16.940947779051513,144.9484051412446,148.3041815120955,79.99148395294199,96.9324317319935,false,false
10,20.0,150.60376017374392,106.16364200950676,2.292232947548399,16.799037963995744,149.73489447310087,152.02712742064926,96.54718961609927,113.34622758009502,true,true
10,20.0,151.36862461819408,86.42409717976878,3.48784710939438,16.408208666735504,150.11109393617664,153.59894104557102,77.2631728892701,93.6713815560056,false,false
10,20.0,150.38016016235878,82.9283171871825,3.5183432888279356,16.571372775129745,149.1047074413148,152.62305073014272,73.65940940652554,90.23078218165529,true,false
10,20.0,151.47884624663902,97.24883216074815,2.605886532145348,18.223184120838425,150.5276632791792,153.13354981132454,87.1393519968753,105.36253611771373,false,true
10,20.0,147.3485837726008,85.76682045983205,3.292985089910303,16.922983099386713,146.20559032318303,149.49857541309333,76.45727905876946,93.38026215815617,false,false
10,20.0,150.6356324733418,96.06606350500208,2.8972483341098894,16.6859728594262,149.61275362090143,152.51000195501132,86.84330303234219,103.52927589176839,true,true
10,20.0,150.71458104629608,95.7806120356649,2.7294014333633356,14.962441844939931,149.7668062129282,152.49620764629154,87.21847931419342,102.18092115913335,true,true
10,20.0,151.63927664977365,91.89437487950994,3.2384977927511613,16.493274800216923,150.47561443798295,153.71411223073412,82.97962529639851,99.47290009661543,false,false
10,20.0,151.71584086360411,83.96682333836253,3.7701759203446557,16.789069597811903,150.35711486179557,154.12729078214022,74.61933187202467,91.40840146983658,false,false
10,20.0,148.95323811665816,86.90510952508684,3.4272589702906373,15.930501591364035,147.76130109874953,151.18856006904016,78.20227603509005,94.13277762645409,true,false
10,20.0,151.3617626703034,97.68868180896317,2.781169861714716,17.282454951814344,150.35184272080647,153.1330125825212,88.51946722989757,105.80192218171192,false,true
10,20.0,147.5654342454783,94.17589189424027,2.903089890907154,15.989153101757026,146.54841144496515,149.4515013358723,85.33326170980756,101.32241481156458,false,true
10,20.0,147.55262509097753,88.77235501107425,3.1775364329076865,16.55966107632696,146.43804297493017,149.61557940783786,79.7661865118167,96.32584758814366,false,false
10,20.0,145.61495587383303,95.93881321732438,2.858552483586834,15.580035654014523,144.64352930684242,147.50208179042926,87.15906355074974,102.73909920476426,false,true
10,20.0,151.03795674848055,98.48327957405871,2.6060092635987075,17.29336632888598,150.131130229784,152.7371394933827,88.88832974279143,106.18169607167741,false,true
10,20.0,151.06840033220473,92.50882779053046,2.9439157506375295,16.263994882859407,150.02681420993383,152.97072996057136,83.47335614475455,99.73735102761395,false,false
10,20.0,151.06773483137465,78.90850318895023,3.803176805940325,16.67591849569486,149.708304036816,153.51148084275633,70.02954595865491,86.70546445434977,true,false
10,20.0,149.3909403130393,88.5929829270421,3.1960099943368903,15.912098513040817,148.21956782827414,151.41557782261103,80.07798358497598,95.9900820980168,true,false
10,20.0,152.04277164182412,82.41560156491055,3.7708438241448903,17.08255883309647,150.6495873826414,154.4204312067863,73.36645940697323,90.4490182400697,false,false
10,20.0,151.34565596489193,103.05794008035375,2.655188780715207,15.849160523375858,150.39141334112486,153.04660212184007,94.23883399922997,110.08799452260583,false,true
10,20.0,150.7414871756438,93.21647847171131,3.0070235334312656,17.366919722051932,149.65045204211071,152.65747557554198,83.89749622893879,101.26441595099072,true,true
10,20.0,151.35581468024162,95.63123042915788,2.8763455090501395,15.415812838577509,150.3604342372282,153.23677974627833,86.88956777838408,102.30538061696159,false,true
10,20.0,147.58745316750105,96.4709006887275,2.646858049753291,16.377491384573517,146.6556715858846,149.30252963563788,87.47053784049182,103.84802922506533,false,true
10,20.0,150.83182112796763,119.55210106942388,1.6049580612823888,15.02248752098744,150.2773412487059,151.8822993099883,110.63763374095515,125.66012126194259,false,false
10,20.0,151.66401716891124,86.41021782543021,3.4388093040575995,16.504831111397493,150.4066743078488,153.8454836119064,77.14065648823899,93.64548759963648,false,false
10,20.0,151.06060717038167,111.79656740996451,1.9665014381689332,15.65445791922589,150.3697703289668,152.33627176713574,102.81381993605113,118.46827785527702,false,false
10,20.0,147.88588848539086,110.16846917972586,1.9888618878869693,16.549016560328766,147.1713927891636,149.16025467705057,100.8218123998453,117.37082896017407,false,false
10,20.0,151.92526546684547,92.71631084224438,3.1159478061159973,16.984775381786392,150.79421390895268,153.91016171506868,83.27437851625449,100.25915389804088,false,true
10,20.0,150.06486358702716,95.36354898544049,2.9194390705386866,15.037702619914285,149.04495106503728,151.96439013557597,87.29081934162528,102.32852196153956,true,true
10,20.0,149.36439179067895,110.09802157747461,1.9511198746883736,15.137674873224867,148.66229250643357,150.61341238112195,101.30232126413364,116.4399961373585,true,false
10,20.0,150.1067009391427,89.6346649678256,3.2749317221152126,17.357473222333837,148.96013471240371,152.23506643451893,80.12868738040332,97.48616060273716,true,false
10,20.0,142.8316119251731,82.53178661239568,3.417267999529031,16.33165865027351,141.65928747334243,145.07655547287146,73.74141935996369,90.0730780102372,false,false
10,20.0,148.14345129181254,84.26442975161552,3.3036200851148294,16.935187335217094,146.91221643934423,150.21583652445906,74.7895521671944,91.7247395024115,true,false
10,20.0,150.51469968980575,97.3976098233212,2.6007199866590724,16.95861257416918,149.54857953525644,152.1492995219155,88.04193842048811,105.00055099465729,true,true
10,20.0,151.52146307132372,86.1479317455765,3.6015623921875033,18.047010630921292,150.2442471124399,153.8458095046274,76.39393984298674,94.44095047390803,false,false
10,20.0,149.8531295617301,85.45994553996759,3.386919217565321,17.339769053817065,148.61247286063528,151.9993920782006,76.10742189945643,93.44719095327349,true,false
10,20.0,148.7831832361364,84.9306621873238,3.5402013370467955,15.506683938918599,147.43187072800762,150.97207206505442,76.57494315858537,92.08162709750397,true,false
10,20.0,151.13659971989142,94.80692682101487,2.966883275536901,16.434404925313956,150.06141095250885,153.02829422804575,85.98949986397848,102.42390478929244,false,true
10,20.0,151.21888899649343,97.82703551248039,2.9927595006791705,17.87674114575036,150.12528474595214,153.1180442466313,87.90127274940342,105.77801389515378,false,true
10,20.0,151.06995960114733,97.57262051000097,2.5329464111333664,16.037391034071547,150.1538963431159,152.68684275424926,88.65993823095762,104.69732926502917,false,true
10,20.0,151.08048946736108,96.96658313604277,2.8851824256666134,16.36211883423651,150.03067994812588,152.9158623737925,87.6720575002751,104.03417633451161,false,true
10,20.0,149.74460321379462,88.89217070259787,3.329593025662973,15.827284145590895,148.5890566929541,151.91864971861708,80.20656244998831,96.0338465955792,true,false
10,20.0,152.43589020544607,79.20591555392987,3.991136902735434,17.310396827861723,150.97936047620234,154.97049737893778,70.04782757027638,87.3582243981381,false,false
10,20.0,149.1232289355956,97.78186730083478,2.7847789665433993,16.91592498941921,148.1627967149969,150.9475756815403,88.5210720545835,105.43699704400271,true,true
10,20.0,150.80875987547842,86.8749734077332,3.440114742267241,16.815789747433257,149.64270827272253,153.08282301498977,77.43780749540666,94.25359724283992,true,false
10,20.0,150.72442268147034,104.55408800291315,2.316250871306977,16.39735149348597,149.90038616469738,152.21663703600436,95.50900965704473,111.9063611505307,true,true
10,20.0,149.1490508194036,94.3604260639834,2.8406208181524732,16.015598095043785,148.1685065947703,151.00912741292277,85.62123458707602,101.6368326821198,true,true
10,20.0,148.1720719718769,82.93752057931717,3.540589926409581,15.938696086996316,146.88439773762482,150.4249876640344,74.34059093829913,90.27928702529545,true,false
10,20.0,151.01526792044461,93.33132274512107,3.1169324649605983,17.584699206933422,149.8792628666074,152.996195331568,83.56480841659845,101.14950762353187,true,true
10,20.0,150.8203171184203,95.96618712239561,2.9145178923538424,17.80583645821504,149.7449789217897,152.65949681414355,86.4919559450674,104.29779240328244,true,true
10,20.0,150.6545696412049,91.44328631841435,3.200795173694587,17.164994556225878,149.5218090513443,152.72260422503888,81.64862279470343,98.8136173509293,true,false
10,20.0,149.02655365761237,103.94081428472201,2.532785978718522,17.955976510970913,148.1440662515775,150.67685223029602,93.87004517142657,111.82602168239748,true,true
10,20.0,151.40187188552324,94.21369279453367,3.044012820549426,18.26319075503423,150.28815390351278,153.3321667240622,84.26723098465361,102.53042173968784,false,true
10,20.0,151.03360541012054,109.135257541499,2.102165836745229,15.265467715081911,150.25741135921598,152.3595771959612,100.30204605410134,115.56751376918325,false,false
10,20.0,151.55719871201964,87.65816934409759,3.2992801864126307,15.971400132425387,150.41434646905077,153.7136266554634,78.79037909324316,94.76177922566855,false,false
10,20.0,150.19735537434653,100.92700079919918,2.4997253629682916,15.853145336697054,149.30189575971661,151.8016211226849,92.2048359234467,108.05798126014375,true,true
10,20.0,140.99655218163815,90.10589660521762,2.8543198112685673,15.152895600928858,139.9660156753718,142.82033548664037,81.98720445121442,97.14010005214328,false,false
10,20.0,150.4443983103015,80.75375075775167,3.4474118588824467,17.19377719668259,149.21471800558317,152.6621298644656,72.06861909449626,89.26239629117885,true,false
10,20.0,151.21764061541538,85.52091298441869,3.6880890049673667,17.676625042231436,149.8733390873727,153.56142809234007,75.7470031121518,93.42362815438324,true,false
10,20.0,151.28945072610952,88.02000895626952,3.3882566008254003,17.118030298406254,150.07662284322078,153.46487944404618,78.75055259443967,95.86858289284592,false,false
10,20.0,149.48342681455358,86.90412301405115,3.26691111262366,16.549577170551842,148.2703535582168,151.53726467084047,77.7431845018173,94.29276167236914,true,false
10,20.0,149.50824641169322,79.18707936770585,3.5751346790343916,17.147852033080227,148.25151772147615,151.82665240051054,70.03286141017685,87.18071344325708,true,false
10,20.0,150.9718845466361,95.84072773606302,2.616530100163402,17.566865212526437,150.08175642988712,152.69828653005052,86.34192586887475,103.90879108140119,false,true
10,20.0,149.43566659372473,100.42873371792359,2.7001539777088226,16.029507448989506,148.44816413986118,151.14831811757,91.51668192258263,107.54618937157214,true,true
10,20.0,147.19182059570988,101.6272884150669,2.481458377190961,16.560539844309602,146.30154332181644,148.7830016990074,92.27368466323952,108.83422450754912,false,true
10,20.0,148.9482710859869,83.23686688275804,3.5422213283961526,16.910597837439383,147.7249532316943,151.26717456009044,73.9003443605354,90.81094219797478,true,false
10,20.0,141.87654072320294,83.40306323664572,3.4537867674723657,16.174059759969083,140.6149376243668,144.06872439183917,74.58699189519577,90.76105165516485,false,false
10,20.0,149.3434045192484,89.56152469827413,3.0572291183292464,16.68629085643002,148.24914043411587,151.30636955244512,80.59173970938542,97.27803056581544,true,false
10,20.0,150.25143758708327,89.85659491083865,3.321893577838523,16.756532180957194,149.10487835633757,152.4267719341761,81.05541996991046,97.81195215086765,true,false
10,20.0,151.5436973374617,92.40960880469481,2.951575291690517,16.146970798275945,150.48722427171856,153.43879956340908,83.16423148332443,99.31120228160037,false,false
10,20.0,147.97222663994887,94.99267010689975,2.9839968100040153,15.098007598653865,146.93514239318685,149.91913920319087,86.43477879881927,101.53278639747313,false,true
10,20.0,150.79942014394672,90.84827597468876,3.372473823751136,17.183954996026117,149.6072619462473,152.97973576999843,81.342379526493,98.52633452251912,true,false
10,20.0,151.7039955297733,95.77695797383282,2.656764215316457,16.665901876195093,150.6926363874046,153.34940060272106,86.60440755542487,103.27030943161996,false,true
10,20.0,150.72755427400196,94.6836776084402,3.089486334955666,16.657798648541146,149.56022375343795,152.64971008839362,85.30587260280005,101.9636712513412,true,true
10,20.0,151.9020621521612,87.11616551141984,3.2963881846772267,16.01517558308433,150.7359738492444,154.03236203392163,78.5976251034918,94.61280068657612,false,false
10,20.0,151.58001387152822,95.82690963237792,2.8591521233781236,17.52708295620627,150.51950084934296,153.37865297272108,86.30911232865782,103.83619528486409,false,true
10,20.0,149.57118907507845,123.1189297935693,1.3090014061948807,12.594458174473175,149.11915502180935,150.42815642800423,115.47478293280395,128.06924110727712,true,false
10,20.0,147.04691016490068,99.85006579513812,2.6356567886548987,14.668948099382618,146.13237169832092,148.76802848697582,91.47294737011197,106.14189546949459,false,true
10,20.0,150.70152160313137,83.62178772758176,3.62993258890765,16.817438225927873,149.38444047109022,153.01437305999787,74.53071933118763,91.3481575571155,true,false
10,20.0,152.2743845639957,83.39774133478515,3.873764786486106,16.551561844121878,150.89162376756377,154.76538855404988,74.3269569365359,90.87851878065777,false,false
10,20.0,149.0214180472708,85.29236488551857,3.5496789123403403,17.549723401782913,147.76096438613163,151.31064329847197,76.05004734578338,93.5997707475663,true,false
10,20.0,150.73332417277913,98.50068976399263,2.891551081500012,16.660327864191515,149.72864370962637,152.62019479112638,89.41980611912231,106.08013398331383,true,true
10,20.0,151.57057419517577,94.43295357501684,2.9942154510212617,17.368140791715007,150.5167468316181,153.51096228263935,84.93864057549825,102.30678136721326,false,true
10,20.0,149.80494749457952,92.56881597167998,2.9166667156270307,15.521506939320616,148.73810426123993,151.65477097686696,83.91668340380927,99.43819034312989,true,false
10,20.0,147.77319096333866,103.43201351792311,2.2152234123257415,16.458247448446713,146.97239048451337,149.1876138968391,94.26358488229243,110.72183233073915,false,true
10,20.0,150.5160029685951,87.82405840454246,3.2663038868101637,15.89740684194227,149.30919662841242,152.5755005152226,79.15548967481313,95.0528965167554,true,false
10,20.0,142.7034328905715,105.46150107753954,1.8197097115203462,12.503956092637978,142.05133822352454,143.87104793504488,98.39968962802675,110.90364572066473,false,true
10,20.0,152.29445986265333,79.5681325481024,3.6613385884294303,16.761919776019965,150.94730390677213,154.60864249520156,70.57262531723296,87.33454509325293,false,false
10,20.0,151.55607709966338,88.58524577574218,3.1763300429885817,18.022239739724625,150.3528673418319,153.5291973848205,78.91201249363283,96.93425223335745,false,false
10,20.0,147.81235338382646,83.71138207748547,3.5051035974116758,16.057344184580288,146.5263478684971,150.0314514659088,74.64619318318599,90.70353736776627,true,false
10,20.0,149.584030837139,90.72134222376503,3.1675188569513466,17.687993237685376,148.43067855397794,151.5981974109293,81.07798761717767,98.76598085486305,true,false
10,20.0,151.43350738024054,87.88219215289334,3.371582436588568,16.470701648846898,150.23075928241485,153.60234171900342,78.71819660099473,95.18889824984163,false,false
10,20.0,151.67627802993528,85.12114793129055,3.4918887155981793,18.491061262004735,150.39207524074607,153.88396395634425,74.97976222531176,93.4708234873165,false,false
10,20.0,151.84022452660332,87.15455072477127,3.1094374638729505,17.551299095158996,150.7036821769566,153.81311964082954,78.0301316121786,95.58143070733759,false,false
10,20.0,149.77755426995608,93.91381468574188,2.6691642531414743,17.045246284142138,148.8284509728438,151.49761522598527,84.43103363247957,101.4762799166217,true,true
10,20.0,150.45657176939807,101.71976502339209,2.492112149452481,16.973709751588558,149.56044226057787,152.05255441003035,92.0639990519517,109.03770880354026,true,true
10,20.0,146.5466842130916,105.70610577291156,2.137341528401464,16.769685533281574,145.77100319225593,147.9083447206574,96.08152410693921,112.85120964022079,false,true
10,20.0,145.92999608100325,92.41121220767579,2.854649385584679,15.973259357529003,144.9223203393678,147.77696972495247,83.75069438269277,99.72395374022177,false,false
10,20.0,143.86508385813795,115.43530439673759,1.5124662473386081,10.602038276008969,143.34710316520682,144.85956941254543,109.10932923515864,119.71136751116761,false,false
10,20.0,151.61164003709717,98.78790924232774,2.8482262729154115,18.288992991638438,150.64754516433993,153.49577143725534,88.37356958659862,106.66256257823706,false,true
10,20.0,151.97192690706544,86.78170264347808,3.6641127232874737,17.63845969946904,150.6478678776461,154.31198060093357,77.13937523524291,94.77783493471195,false,false
10,20.0,148.49669664328633,94.02870504685502,2.7992885447717413,16.70003692816354,147.51815726924653,150.31744581401827,84.65373975101448,101.35377667917803,true,true
10,20.0,149.5471017372068,99.92569862095402,2.4957376027468854,17.201671830123217,148.62853938726073,151.12427699000762,90.48615030510626,107.68782213522948,true,true
10,20.0,148.68887372127665,85.04159533632412,3.362161731322061,16.33492431067829,147.47538013647304,150.8375418677951,76.38233781306292,92.71726212374121,true,false
10,20.0,147.89333322385647,92.33842233820648,2.854407126924201,15.83621182849636,146.86877431656302,149.72318144348722,83.6284415442143,99.46465337271066,false,false
10,20.0,151.33300830310745,88.80551493328525,3.2854160774001286,16.246990664534323,150.15552760095466,153.44094367835478,80.24981179684978,96.4968024613841,false,false
10,20.0,149.84374341240465,78.37538624964493,3.812620738157932,16.362413616094017,148.37722278085147,152.1898435190094,69.37559557972799,85.738009195822,true,false
10,20.0,148.167636559217,88.31562767013098,3.1020125833457826,15.911892984608713,147.0166595234101,150.1186721067559,79.66127460104484,95.57316758565355,true,false
10,20.0,149.88530029606255,95.95283611360097,2.830512469744093,17.12400605401831,148.87179357132945,151.70230604107354,86.60209358787219,103.7260996418905,true,true
10,20.0,142.00134035449227,103.4271334600055,2.0576061740779323,15.542106671750531,141.27157544352673,143.32918161760466,94.74025840140322,110.28236507315376,false,true
10,20.0,148.83714658743423,90.0086544963566,3.033714838870935,16.960939881668978,147.76546558151784,150.79918042038878,80.88307599439084,97.84401587605981,true,false
10,20.0,149.70644338926172,100.2609077361275,2.6271246240427786,16.585072771945136,148.74398731198477,151.37111193602755,90.99759370616404,107.58266647810918,true,true
10,20.0,149.71139215771433,88.47810594402952,3.0772876010753976,16.799477303881886,148.64781166226405,151.72509926333944,79.42133045982256,96.22080776370444,true,false
10,20.0,150.8857129567372,100.7363676434255,2.803286348377071,17.251668969777086,149.85722801610257,152.66051436447964,91.38509311033005,108.63676208010713,true,true
10,20.0,148.16470805807344,89.48678818947036,2.8398062379565374,15.219559519563077,147.1421197970927,149.98192603504924,81.20163675541536,96.42119627497844,false,false
10,20.0,148.0237065022685,98.71929922101695,2.6082180872588765,15.84515621442904,147.06936214005108,149.67758022730996,90.04723136364301,105.89238757807205,false,true
10,20.0,147.10216777096025,93.11659865744264,3.084058204493516,14.791729449093367,146.0084506141071,149.0925088186006,85.02152387844714,99.81325332754051,false,false
10,20.0,147.74042407294536,87.78348490012334,3.2464421191952226,17.490254391423804,146.59255757896602,149.83899969816125,78.54870938138382,96.03896377280762,false,false
10,20.0,150.05842896987994,78.64293442412934,3.5105458945578505,16.912060798499013,148.85100982291587,152.36155571747372,69.53954117637694,86.45160197487596,true,false
10,20.0,150.19425517033184,88.95893741462297,3.2449908703936785,17.878444126277913,148.98299392598855,152.22798479638223,79.06800407096426,96.94644819724218,true,false
10,20.0,150.3019067716604,95.71194831640649,2.8189078998774733,18.541779760494165,149.29921673773066,152.11812463760813,85.41736251782999,103.95914227832415,true,true
10,20.0,148.81296750892145,103.7761279446816,2.652123543864775,15.422108599504469,147.88090786348658,150.53303140735136,95.1841719732135,110.60628057271796,true,true
10,20.0,151.09929829308925,100.97981474832699,2.446988139321604,17.00099717224046,150.22866261356535,152.67565075288695,91.17473650569028,108.17573367793074,false,true
10,20.0,151.1396431484681,92.89005590735952,3.123582958883219,17.67674076890559,150.04755078834413,153.17113374722734,83.10230828614255,100.77904905504813,false,true
10,20.0,148.86136731367705,103.22167485649862,2.43921540990371,16.791640679577895,148.0266323087963,150.46584771870002,93.8076584049325,110.59929908451039,true,true
10,20.0,146.39907485718746,103.5898453511685,2.303729853636753,15.993294213417983,145.5526397208397,147.85636957447645,94.40067510053566,110.39396931395365,false,true
10,20.0,147.75186347058496,85.65092117879173,3.113547782328851,16.530866317433563,146.65106388046877,149.76461166279762,76.37852701243308,92.90939332986665,false,false
10,20.0,148.65291454827076,104.13859577862993,2.2922823377884924,15.361546883847979,147.79898016395072,150.0912625017392,95.62556336497141,110.98711024881939,true,true
10,20.0,148.40151243224045,92.29992137039302,3.0911133315814254,18.04682675723042,147.31166264228426,150.4027759738657,82.62564229057953,100.67246904780995,true,true
10,20.0,150.19052762493413,97.11363282171357,2.7930303791503377,16.112662444645167,149.16091113872795,151.9539415178783,87.98600507068134,104.09866751532651,true,true
10,20.0,151.05030833006376,98.60675310392821,2.799848078725944,16.541673951285205,150.0656873369445,152.86553541567045,89.22623004380807,105.76790399509328,false,true
10,20.0,150.63245533200399,93.48374299170958,3.031656728653701,18.090744253298638,149.60999516006896,152.64165188872266,83.65883835120852,101.74958260450715,true,true
10,20.0,150.9580488519362,93.49800406669698,2.869210625305385,16.397834662015683,149.92458884913245,152.79379947443783,84.4175770638819,100.81541172589758,true,true
10,20.0,149.65020182282402,101.70689079260104,2.4830541093697605,17.026824006162784,148.7673032988736,151.25035740824336,92.29284033546408,109.31966434162686,true,true
10,20.0,148.95191536424778,110.3676768277083,2.112791757386333,13.689166126476096,148.20727553348786,150.3200672908742,102.21667490602357,115.90584103249967,true,false
10,20.0,149.3642209354673,103.7019764864091,2.3736527085874854,16.112069957022598,148.54159508039584,150.91524778898332,94.6538334887254,110.765903445748,true,true
10,20.0,146.34712916293958,107.37305721582057,2.231821172531994,15.24545599360627,145.55621885192525,147.78804002445725,98.46286077349106,113.70831676709733,false,true
10,20.0,147.28639110474722,85.1547779965241,3.536275811240955,15.765397736492616,145.99699128135023,149.5332670925912,76.6340271305784,92.39942486707102,false,false
10,20.0,151.93066292849426,86.78248740320944,3.5007166737544537,17.053184910360713,150.6953100968084,154.19602677056287,77.36154640997552,94.41473132033623,false,false
10,20.0,149.38021118919085,92.61665695644548,2.861229485095464,17.315610259962938,148.3538996471093,151.21512913220477,82.98915132416323,100.30476158412617,true,true
10,20.0,151.43544934379975,96.95125916050023,2.8543432285825077,16.151373463045203,150.4150973847695,153.269440613352,87.90689020075548,104.05826366380069,false,true
10,20.0,150.9299619153852,112.89871980444147,1.9511421373194082,16.958012024709717,150.22659357725126,152.17773571457067,103.0723991902274,120.03041121493712,false,false
10,20.0,152.03248295050753,84.31962007780821,3.512327515284852,17.120778563653033,150.74026861522097,154.25259613050582,75.1186987149552,92.23947727860823,false,false
10,20.0,151.56768030437902,99.87457406925616,2.817326483353412,18.86791494407676,150.5709729025156,153.388299385869,89.55582603458274,108.4237409786595,false,true
10,20.0,150.2202580221664,105.30432431368254,2.201679256373609,17.51624677382091,149.45049277150179,151.6521720278754,95.54140300914739,113.0576497829683,true,true
10,20.0,146.97631954891673,95.23989187804453,2.8259495706128632,15.213092311260056,145.9254826459359,148.75143221654875,86.74393331420731,101.95702562546737,false,true
10,20.0,150.44094840015418,94.63994136885596,2.7348444007961348,18.164670714873196,149.48019002614097,152.2150344269371,84.87867325277116,103.04334396764436,true,true
10,20.0,145.8053944536561,104.32709829938537,2.19291967813416,15.91743362748646,145.0193900103744,147.21230968850855,95.27429091467249,111.19172454215895,false,true
10,20.0,149.98558536629074,97.44311995290042,2.894654563507885,17.31833909045322,148.97579204656773,151.87044661007562,87.55198817073067,104.87032726118389,true,true
10,20.0,149.7040140860076,87.09452095324484,3.305861737804321,16.319263185919638,148.5354857759952,151.84134751379952,78.04326920587107,94.36253239179071,true,false
10,20.0,151.3477980278763,95.07878551864593,2.9128108425422,17.810147520768183,150.29058752240996,153.20339836495216,85.1363636384957,102.94651115926388,false,true
10,20.0,146.877003022119,106.39056928984581,2.153030290931696,15.824926022652008,146.14296561928128,148.29599591021298,97.28731783890385,113.11224386155585,false,true
10,20.0,151.6842438283706,98.84652628444601,2.895548628993083,17.882967513436,150.64767369485725,153.54322232385033,89.21035000423547,107.09331751767147,false,true
10,20.0,150.3028732888884,105.04732686094596,2.3000085387962486,16.45253399654935,149.48930566132327,151.78931420011952,95.37155613574531,111.82409013229466,true,true
10,20.0,149.31027615982987,93.97393404838544,2.870150790902443,16.02742962778163,148.26309945468114,151.13325024558358,85.14867823973327,101.1761078675149,true,true
10,20.0,151.30330942956635,86.97191023000771,3.470498944101138,17.042765639720727,150.00633097701072,153.47682992111186,77.74950485192977,94.7922704916505,false,false
10,20.0,151.33164455407478,98.21000991677695,2.817818215640841,16.779853057294474,150.2846585228421,153.10247673848295,88.8612886969772,105.64114175427167,false,true
10,20.0,147.5968405031041,89.14732505584618,2.984055768049302,14.511164843525421,146.5519489368174,149.5360047048667,80.90737996428389,95.41854480780931,false,false
10,20.0,151.22381093711772,93.81290747883764,2.8258478712488397,17.954230333759426,150.2463148353672,153.07216270661604,83.8217846370311,101.77601497079053,false,true
10,20.0,150.33709597754427,93.1581972685759,2.9770771959356352,17.7520162551736,149.2495594289519,152.22663662488753,83.45777828714017,101.20979454231377,true,true
10,20.0,151.95056103834045,85.66803024399628,3.1790740970436104,15.226909173110883,150.73737286284728,153.9164469598909,77.34764891630302,92.5745580894139,false,false
10,20.0,151.34001019978885,93.20842059411505,2.9475841140503576,16.521618893830023,150.286504411569,153.23408852561937,84.07683750899567,100.59845640282569,false,true
10,20.0,149.89518056117709,115.74319891639996,1.7526302192035246,14.609155867631756,149.3092458872922,151.06187610649573,107.28298464187893,121.89214050951068,true,false
10,20.0,148.68622384147727,106.98576613988868,2.1068909020157776,15.915991622853895,147.93863933964613,150.0455302416619,97.83815797813017,113.75414960098406,true,true
10,20.0,151.57595719679642,87.63599752862014,3.4666773030245963,18.0271302073282,150.35507309745424,153.82175040047883,78.17849693984249,96.20562714717069,false,false
10,20.0,150.5697250938494,90.05237384776152,3.230380021009637,17.13004990808038,149.38935479188572,152.61973481289536,80.64934912045165,97.77939902853203,true,false
10,20.0,148.04806771255528,78.59153483611794,3.754899674710572,17.514685350373924,146.70214615892212,150.4570458336327,69.28430141572787,86.79898676610179,true,false
10,20.0,150.64174209465529,86.33469912669204,3.334505773433392,17.357484485986916,149.48172981328375,152.81623558671714,76.90060895236459,94.25809343835151,true,false
10,20.0,148.25334006632238,100.38807464281825,2.5054753696027774,17.17714404287905,147.3663700813809,149.87184545098367,91.14251094130495,108.319654984184,false,true
10,20.0,148.0035067061932,96.18738720344808,2.5308939631824785,16.599282734550044,147.10710161444098,149.63799557762346,87.09658679035033,103.69586952490037,false,true
10,20.0,150.40276805617236,118.51250146422527,1.718959315169002,15.384048667437952,149.79657042800608,151.51552974317508,109.43480448953007,124.81885315696802,true,false
10,20.0,151.8530243436765,84.17686469853119,3.547658065215842,17.321309357379718,150.57315001855142,154.12080808376726,74.95475229461933,92.27606165199904,false,false
10,20.0,150.81354580195102,107.2420409435945,2.3068507053758367,17.77764113962614,149.99968181358722,152.30653251896305,97.52299526314017,115.30063640276632,true,true
10,20.0,149.8475232766545,98.3554474537216,2.7256316515671983,17.173417242290355,148.89974832544226,151.62537997700946,88.97912486284059,106.15254210513095,true,true
10,20.0,151.17444819610313,102.57380625698545,2.426411958391526,16.4444213778215,150.3236536785404,152.75006563693194,93.32342851602522,109.76784989384672,false,true
10,20.0,149.52738152418152,94.50781305223774,2.692212552328982,15.757850938127575,148.55213149084423,151.24434404317321,86.1000802146958,101.85793115282337,true,true
10,20.0,151.82538948712047,83.182949570848,3.5961335475547287,17.061363644743764,150.51265943308917,154.1087929806439,73.9968644719546,91.05822811669836,false,false
10,20.0,151.2952667665823,92.35597674260819,2.8772345862197994,17.324719610561147,150.27685564094116,153.15409022716096,83.08354215837046,100.40826176893161,false,true
10,20.0,149.28207707478936,92.12103214983136,3.0070323421228125,15.941025418335414,148.22850401593251,151.23553635805533,83.25294491961581,99.19397033795123,true,false
10,20.0,148.00128031867422,88.94056584559571,3.1317572560013787,16.66174149123931,146.90670863344104,150.03846588944242,80.08863909456821,96.75038058580752,true,false
10,20.0,148.673673177455,96.35977779609223,2.747970609812967,17.58096373138244,147.74060820056292,150.48857881037588,86.95330777309606,104.5342715044785,true,true
10,20.0,151.5986514990418,91.40165868391584,3.0611415851643358,15.91845473189835,150.44771277359908,153.50885435876341,82.6308874199845,98.54934215188285,false,false
10,20.0,150.04816241192768,80.00171985361331,3.633221763453264,16.38605609335913,148.73877103381457,152.37199279726784,71.20730753993705,87.59336363329618,true,false
10,20.0,151.05602866569114,81.93044680471147,3.5884990559317487,16.64393514494145,149.76133690283822,153.34983595876997,72.92352705296886,89.56746219791032,true,false
10,20.0,151.55049252283624,99.92328515720467,2.6322567588835284,15.422985705675899,150.64933141834064,153.28158817722417,91.40348204345959,106.82646774913549,false,true
10,20.0,151.6817835632784,91.1762310893284,3.252083885293814,17.05898675729665,150.46833345653747,153.72041734183128,81.81418155048713,98.87316830778379,false,false
10,20.0,150.58253594179507,95.33251241174534,3.021843196761921,16.60699297676939,149.47122069026787,152.4930638870298,85.91498765036735,102.52198062713674,true,true
10,20.0,150.39737093661887,87.85336519006725,2.986645345959033,17.533295444563223,149.28605441990848,152.27269976586751,78.4706582278519,96.00395367241512,true,false
10,20.0,149.25709720176854,88.31261971821772,3.365349502334425,16.493655722431214,148.0349887138824,151.40033821621682,79.25697019624513,95.75062591867635,true,false
10,20.0,151.2847852518973,90.92680211847467,3.247013585849743,15.320065827292211,150.1521005356493,153.39911412149905,82.25622169606997,97.57628752336218,false,false
10,20.0,150.85342489939796,91.77612484714962,2.997668192256441,18.29194512788085,149.79386429708993,152.79153248934637,81.8554803638816,100.14742549176245,true,true
10,20.0,150.2928256048556,94.45849738657891,2.9004489419537265,16.66728543590422,149.21428177970634,152.11473072166007,85.3914423830698,102.05872781897402,true,true
10,20.0,149.6767465440132,115.67320712236406,1.7532746634714158,15.399414528742483,149.06815346201802,150.82142812548943,106.7727386358678,122.17215316461028,true,false
10,20.0,149.65565795426465,92.88904893492486,2.8902880484806417,16.474315898111627,148.6219501559864,151.51223820446705,84.0351134813495,100.50942937946112,true,true
10,20.0,149.88628282801764,87.54583585754413,3.3064270256194845,17.271192374593284,148.65810292004414,151.96452994566363,78.12918682319795,95.40037919779124,true,false
10,20.0,152.00486951420265,86.37795626219155,3.2970898365091443,17.424023278364103,150.76222086170162,154.05931069821077,76.7671122185721,94.1911354969362,false,false
10,20.0,149.3903477413024,101.06351740826372,2.464821994709098,15.128394055731889,148.53404604745901,150.9988680421681,92.40450316681768,107.53289722254956,true,true
10,20.0,150.41528848651086,94.95844149153999,2.9300393511568643,19.764012266458963,149.39824935760765,152.32828870876452,84.07899994497608,103.84301221143504,true,true
10,20.0,147.86028752194267,91.94691063837661,2.9328273001131606,16.698207051194686,146.80233195652605,149.7351592566392,82.99416830769522,99.6923753588899,false,false
10,20.0,149.31986875244957,92.40721399617452,2.9974740653391905,16.055142453048134,148.25365413029058,151.25112819562978,83.56204353544784,99.61718598849598,true,false
10,20.0,150.526544976094,88.94891827258104,3.2342615204218816,15.716702496544741,149.36995337562445,152.60421489604633,80.25037816924984,95.96708066579458,true,false
10,20.0,147.30985624923585,96.29779800526836,2.687333356721922,14.727445171739063,146.37740478003144,149.06473813675336,88.20971855051542,102.93716372225448,false,true
10,20.0,151.02963422714203,102.06915470702859,2.499578344682618,16.92796469998845,150.1839145501665,152.6834928948491,92.90914291361666,109.83710761360511,false,true
10,20.0,148.11392181979073,88.2195435510052,3.1549317618318184,15.836060644035186,146.9827097350606,150.13764149689243,79.42114665624572,95.25720730028091,true,false
10,20.0,151.30121985245387,90.65931970089972,3.0857502696217125,17.195641058244476,150.160597605345,153.24634787496672,81.41863408988195,98.61427514812642,false,false
10,20.0,150.5874012883087,101.30339698120432,2.4330323429711314,18.058453928576156,149.6982793605032,152.13131170347432,91.40640679240235,109.4648607209785,true,true
10,20.0,150.78694220460363,104.4654523401513,2.475182269080989,18.08932492237831,149.88583030445358,152.36101257353457,94.71989333017808,112.80921825255639,true,true
10,20.0,147.55646513845056,94.02812932724547,2.862014396924053,15.542233978180661,146.54315328662437,149.40516768354843,85.26812867717135,100.81036265535201,false,true
10,20.0,151.2057150691429,83.47843221435534,3.8164463117691128,17.107825926006484,149.85874051688177,153.67518682865088,73.90015302842264,91.00797895442912,true,false
10,20.0,146.2116854424109,96.50739913860173,2.7931232391588026,16.430805023712807,145.19722894077796,147.99035217993676,87.50619553085271,103.93700055456551,false,true
10,20.0,148.75359507065036,99.12805607150001,2.6200079431287975,16.619066944595232,147.83069530989576,150.45070325302456,90.13470133831825,106.75376828291348,true,true
10,20.0,151.13210094443514,94.50785673987218,3.0955992575765663,16.757507811240387,150.028910603124,153.12450986070056,85.2288280765835,101.98633588782388,false,true
10,20.0,150.28974362604453,93.60754068362547,3.1710918170438163,17.381285675754285,149.12743024096864,152.29852205801245,83.75166853384115,101.13295420959544,true,true
10,20.0,151.63147887969762,81.9484578168996,3.69091317691354,15.849504259609759,150.28309183165845,153.974005008572,73.50641730540875,89.3559215650185,false,false
10,20.0,146.36368089878334,92.92774729522807,2.8356782528484246,17.259347494197385,145.35808773853248,148.1937659913809,83.42739961313438,100.68674710733177,false,true
10,20.0,149.33330815819568,93.56032244238637,2.9787759356797494,15.929976575857282,148.23902721478746,151.2178031504672,84.94788171715386,100.87785829301114,true,true
10,20.0,149.5852230624365,89.47173741020808,3.195078237481056,16.313563071721717,148.43342126450338,151.62849950198444,80.31513735918378,96.6287004309055,true,false
10,20.0,151.7323105604745,93.7792368458498,3.2297603990319317,16.200904897818376,150.6040415561309,153.83380195516284,84.92235013629727,101.12325503411564,false,true
10,20.0,150.45656693467936,100.208176827845,2.8167191935676215,17.371122365449963,149.47530636024672,152.29202555381434,90.73835584864582,108.10947821409579,true,true
10,20.0,148.90446063238386,100.93371696008711,2.5783189817551886,14.911795941638218,147.99959697045165,150.57791595220684,92.54762087013569,107.4594168117739,true,true
10,20.0,150.78188891271378,83.52677479544948,3.52836608040397,17.178894627777495,149.5080485841734,153.03641466457736,74.18160355646607,91.36049818424357,true,false
10,20.0,150.94633030322316,92.9431029862688,3.100735419343806,18.867745512710357,149.8848101754699,152.98554559481371,82.67867100225602,101.54641651496638,true,true
10,20.0,151.3327824090779,100.02714152007108,2.6780416929522346,16.702203356447583,150.34794971599788,153.02599140895012,90.63581482058454,107.33801817703213,false,true
10,20.0,150.31504767833292,93.33431713843288,3.1003431886502995,17.376803926637038,149.21810278730254,152.31844597595284,83.69557524628542,101.07237917292245,true,true
10,20.0,151.73230247228673,97.52593355751087,2.9230217089343853,15.81486388099242,150.65896960704552,153.5819913159799,88.67077286616097,104.48563674715339,false,true
10,20.0,149.31369329703193,95.46933070244646,2.766795573264062,17.391960062518905,148.29996761688136,151.06676319014542,85.94705523561521,103.33901529813411,true,true
10,20.0,151.15935148469833,89.34899624303392,3.0261639107398537,16.353120253588116,150.01644298499335,153.0426068957332,80.44855869427201,96.80167894786013,false,false
10,20.0,151.21088062938776,104.03508538001921,2.5245667446959885,15.974355875117183,150.30411716924166,152.82868391393765,94.71808013295738,110.69243600807457,false,true
10,20.0,147.2669214199126,98.24649944141709,2.561427203067751,17.217705306465234,146.34732778520777,148.90875498827552,88.75858803628867,105.9762933427539,false,true
10,20.0,147.9882837688562,90.1451191912561,2.9390597983552027,16.64731724540374,146.89662657512426,149.83568637347946,81.27888399176553,97.92620123716927,false,false
10,20.0,149.17962633010836,92.48434048496048,2.8893490930257713,17.976760195756498,148.14155801710967,151.03090711013544,82.8162464137283,100.79300660948479,true,true
10,20.0,151.0530214020261,91.23800012977023,3.3333065479945105,15.890397433566235,149.82594497975865,153.15925152775316,82.38707316576996,98.2774705993362,true,false
10,20.0,151.53306664198487,100.9585715418615,2.6730713090096856,17.75098570211871,150.5782345854256,153.2513058944353,91.1436988554334,108.89468455755211,false,true
10,20.0,151.66697483956358,88.43947512773208,3.3732963688810287,17.51507564342954,150.45409816665727,153.8273945355383,78.88247806389725,96.3975537073268,false,false
10,20.0,151.14445484605412,100.08757390756179,2.799077158468407,17.65819586348377,150.17594318663623,152.97502034510464,90.39391341785165,108.05210928133542,false,true
10,20.0,151.25953143955616,89.81502023419694,3.3064064695232673,17.07629968793907,150.05277954236755,153.3591860118908,80.77934801085945,97.85564769879852,false,false
10,20.0,149.6945588648344,93.9975612616255,2.973761940048206,14.060278330324124,148.6196347933086,151.5933967333568,86.02688894494608,100.0871672752702,true,true
10,20.0,152.34132104484888,80.38118253897997,3.846138889333247,16.595442510855264,150.95864803850577,154.80478692783902,71.54257934524381,88.13802185609907,false,false
10,20.0,148.5343946309879,89.24072584468679,3.283629154749974,15.670303124121645,147.3553668322907,150.6389959870407,80.85253409483063,96.52283721895228,true,false
10,20.0,149.33460960215186,94.72238476197322,3.0663387609021697,15.577721476212744,148.24844120949302,151.3147799703952,85.80902007685216,101.38674155306491,true,true
10,20.0,147.8115987662652,101.79307173119179,2.5524988113739084,15.29055133134139,146.88911489514828,149.4416137065222,93.19458502931688,108.48513636065827,false,true
10,20.0,151.91497476468635,83.64266881143463,3.8490220100333374,16.96015280506498,150.46705277052942,154.31607478056276,74.46282027827135,91.42297308333633,false,false
10,20.0,150.1909938965744,85.15439682333368,3.504545073774665,16.761580856201604,148.8796546072056,152.38419968098026,76.03920681783343,92.80078767403504,true,false
10,20.0,150.02225572061786,82.3587398514177,3.570113171305337,16.84060233109375,148.7041709065342,152.27428407783952,73.25657340155178,90.09717573264552,true,false
10,20.0,148.27469788458887,84.3296786820781,3.4916491260861164,16.7492475762362,147.07464588215535,150.56629500824147,75.10199579990886,91.85124337614506,true,false
10,20.0,149.07241381768392,81.3362155202316,3.6282989241981056,16.1044324995147,147.7435773426664,151.37187626686452,72.75007599592912,88.85450849544382,true,false
10,20.0,148.9455660689839,84.7163006804036,3.533029492988504,17.67092401219118,147.68753916341694,151.22056865640545,75.02379466326306,92.69471867545424,true,false
10,20.0,151.70384857265606,92.79987814285298,3.1375903671826677,16.22408436021216,150.6210610114777,153.75865137866037,83.98017006125836,100.20425442147052,false,true
10,20.0,147.6371431673346,90.62081075227198,3.0023793802108685,16.258453631012202,146.5426606328942,149.54504001310508,81.6231186550751,97.8815722860873,false,false
10,20.0,151.7641274683744,81.41263608909838,3.7889201611656347,17.32422209378609,150.38168669569646,154.1706068568621,72.19169277473199,89.51591486851808,false,false
10,20.0,152.50806016994733,77.7192879624205,4.079856609129138,16.19377708618667,150.95842471992205,155.0382813290512,69.23922193296464,85.43299901915131,false,false
10,20.0,151.1234788411366,96.96171243286136,2.749649438708559,17.780866484589495,150.10851294894758,152.85816238765614,87.45003400249593,105.23090048708542,false,true
10,20.0,150.4614732227297,85.47946536002279,3.5251801230440094,16.929022593266453,149.20459749038952,152.72977761343353,76.17614391679307,93.10516651005952,true,false
10,20.0,147.934737147128,98.62501901681279,2.3814171625463416,17.347140840403412,147.08478648836922,149.46620365091556,89.1335907507879,106.48073159119132,false,true
10,20.0,151.9099677862319,79.02977365495651,4.001158685978169,16.53740331334123,150.40673026492723,154.4078889509054,70.43754920227168,86.97495251561291,false,false
10,20.0,150.69547104557716,100.34892152793907,2.6509842507760766,15.142377656524957,149.74504842388907,152.39603267466515,92.02769463233602,107.17007228886098,true,true
10,20.0,151.9124043463147,88.56424554396204,3.369603672889099,18.157368484448924,150.6884479560736,154.0580516289627,79.0436377661728,97.20100625062172,false,false
10,20.0,148.70221324406054,81.9693711964727,3.5144383247161954,17.05568755400772,147.44192805649863,150.95636638121482,73.0777399972603,90.13342755126801,true,false
10,20.0,151.85778202268682,88.0895302112468,3.2468438979172447,17.585131937849525,150.71309416267417,153.9599380605914,78.16759449275332,95.75272643060285,false,false
10,20.0,149.94199853826825,89.37508285812387,3.180415264359482,16.374687283181302,148.79186729738186,151.97228256174134,80.50404977156522,96.87873705474652,true,false
10,20.0,151.41041253312062,96.450151528339,2.7436747601442164,16.7611775565873,150.40166995941556,153.14534471955977,87.22472470503948,103.98590226162678,false,true
10,20.0,147.78405884068826,91.25838229430721,2.903653587148767,15.597867062265948,146.75967932749646,149.66333291464522,82.70598344723396,98.30385050949991,false,false
10,20.0,149.0559050551881,99.4605721427363,2.5776164428428956,15.924612233963856,148.07153451995782,150.64915096280072,90.64388283612611,106.56849507008997,true,true
10,20.0,151.05668174533642,84.48276386670616,3.410548892402062,14.55787613230332,149.83753210581932,153.24808099822138,76.35116544487518,90.9090415771785,true,false
10,20.0,148.90033250413268,112.72840441777889,1.870969345577521,15.496758121318848,148.22523951234672,150.09620885792424,104.01830597136194,119.51506409268079,true,false
10,20.0,151.62790262801911,82.6218768700956,3.402299554838322,16.142394215300712,150.39695580042428,153.7992553552626,73.93435874037701,90.07675295567772,false,false
10,20.0,151.3295756736767,92.88319791313636,3.009461942699005,16.330693641651166,150.23491065395154,153.24437259665055,83.77710030424187,100.10779394589304,false,true
10,20.0,151.33224035801624,88.08716891776209,3.310280738960273,16.493813605551708,150.15126993292657,153.46155067188684,79.15192946056176,95.64574306611347,false,false
10,20.0,151.34143160256363,94.55418525875848,3.067968122709715,17.5591757688764,150.2648644314802,153.3328325541899,84.55391110592397,102.11308687480037,false,true
10,20.0,151.4009643876008,100.08946499782077,2.7192267501126253,17.593411690460684,150.4331436416181,153.15237039173073,90.20273293386815,107.79614462432883,false,true
10,20.0,150.3405497488315,91.11124489837493,3.226368624125456,15.65869639947013,149.16797716902857,152.39434579315403,82.19675744153943,97.85545384100956,true,false
10,20.0,148.48196341213415,99.32774939097277,2.7913760180971394,17.10693842128846,147.456939540504,150.24831555860115,90.0781701222775,107.18510854356596,true,true
10,20.0,144.80329754814818,105.82565300098179,2.177745368693536,15.21041895329833,144.02671081895213,146.20445618764566,97.14037325988379,112.35079221318212,false,true
10,20.0,148.45049846513822,102.19955903330077,2.4509132190666776,15.825018863297203,147.61032549317318,150.06123871223986,93.04729175270687,108.87231061600407,true,true
10,20.0,151.0323505060677,101.37588645564111,2.5592588219793697,17.134718183214986,150.10813847084464,152.667397292824,91.9997480486785,109.13446623189348,false,true
10,20.0,150.24324285396315,91.41087039878661,3.1322852372578325,16.483360426214517,149.14739098146336,152.2796762187212,82.14617093482832,98.62953136104284,true,false
10,20.0,145.70738281659547,87.61623385537321,3.114794070185127,15.83679164126194,144.59951353477393,147.71430760495906,78.76400671937063,94.60079836063257,false,false
10,20.0,147.8055315785815,90.82669832543891,3.1220969519321216,17.76562877350132,146.72213170407775,149.84422865600988,80.93813185351873,98.70376062702005,false,false
10,20.0,150.02661324437423,102.40619547786923,2.64627109794057,15.684632648584639,149.07885346245143,151.725124560392,93.53663308033696,109.2212657289216,true,true
10,20.0,149.4709220613829,88.87397023601638,3.000023703706802,16.488845566528198,148.36499623116612,151.36501993487292,79.70604335194422,96.19488891847242,true,false
10,20.0,149.55766939098248,97.23226454692045,2.7582191532976026,16.361555335566905,148.5459724590603,151.3041916123579,88.12836073355379,104.4899160691207,true,true
10,20.0,149.9881744994559,90.14770555614892,3.5417987418005055,15.83936027210433,148.76813927426372,152.30993801606422,81.62063419924755,97.45999447135188,true,false
10,20.0,151.01074280874684,95.75642308853459,2.9535061320181057,18.445602262188046,149.96482732284764,152.91833345486575,85.54394169477779,103.98954395696583,true,true
10,20.0,144.1952269836387,87.68513696888681,3.0439050766811135,16.2065988854162,143.11511831450764,146.15902339118875,78.7402849489558,94.946883834372,false,false
10,20.0,150.3499059528483,88.48252472827343,3.2271524634789444,16.50286008602187,149.19765453305115,152.4248069965301,79.38195719692224,95.88481728294411,true,false
10,20.0,150.06196257521265,88.21204511343171,3.5320365600815933,16.69789543245264,148.82299567577326,152.35503223585485,79.21314852977244,95.91104396222508,true,false
10,20.0,150.69648094866704,92.89972784637638,3.071574867897027,17.458276171843565,149.53242073374975,152.60399560164677,83.49705487457337,100.95533104641693,true,true
10,20.0,149.19985459127093,99.55664413053078,2.6533399754074765,17.04733426227456,148.22523397330843,150.8785739487159,90.17637588623623,107.22371014851079,true,true
10,20.0,151.1038680496648,94.76464568796942,2.9435140646777995,15.194598722310701,150.07130898237395,153.01482304705175,86.16988513186202,101.36448385417272,false,true
10,20.0,148.87836122699554,104.51640858204902,2.119818391184367,17.18192916003207,148.07161871878102,150.1914371099654,94.83891216711764,112.02084132714971,true,true
10,20.0,150.85484625914552,95.22450192129392,2.9203040288666102,16.76216111661934,149.848100022366,152.7684040512326,85.8260365375624,102.58819765418174,true,true
10,20.0,149.64781171543962,97.58151952729878,2.7789475189861435,15.058860837405021,148.64581522569668,151.42476274468282,89.17754553676006,104.23640637416509,true,true
10,20.0,149.47482604722381,113.9438405177784,1.7764768814035676,15.531431060461514,148.8489078766265,150.62538475803007,105.08199849333133,120.61342955379284,true,false
10,20.0,151.0575206995834,97.83881619047989,2.668329372574476,17.06519272769208,150.09461846188998,152.76294783446446,88.35791892147074,105.42311164916282,false,true
10,20.0,151.29229600641008,85.16765847853611,3.776211284351632,16.40395666990038,149.8943005013873,153.67051178573894,76.07894433284032,92.4829010027407,true,false
10,20.0,151.78960205148226,96.0133990251667,2.9922626040865055,17.951241342504744,150.70422285554233,153.69648545962883,86.1221140038339,104.07335534633864,false,true
10,20.0,151.02364339932964,84.13174378965519,3.628667804084074,17.364122596808443,149.69167314090532,153.3203409449894,74.77395421976888,92.13807681657732,true,false
10,20.0,149.29070647594415,88.22629284981846,3.008675675113551,17.548914376652604,148.2045292531059,151.21320492821945,78.49277173475912,96.04168611141172,true,false
10,20.0,150.80979997960523,91.08396724831728,3.1150263431052565,18.443063073058525,149.65909652951106,152.77412287261632,81.0428496936513,99.48591276670983,true,false
10,20.0,150.53696586177662,96.4515066342753,2.799799402125643,16.444123014501415,149.52153055810186,152.3213299602275,87.03138210926629,103.4755051237677,true,true
10,20.0,150.00538152228006,85.01394519516097,3.454906139578327,15.074446243575466,148.76449263393772,152.21939877351605,76.62116376185548,91.69561000543095,true,false
10,20.0,147.05041322591248,92.97208770771603,2.933092364194181,15.853725728839578,145.98112946569637,148.91422182989055,84.05746723977703,99.9111929686166,false,false
10,20.0,151.4567366053718,84.36725314124939,3.4635251423975717,17.220943305142825,150.16747619934887,153.63100134174644,74.92172992968669,92.14267323482952,false,false
10,20.0,151.45877978059553,96.14208981595453,3.112007559692273,17.925216135124842,150.39063603521248,153.50264359490475,86.27471640211296,104.1999325372378,false,true
10,20.0,151.0391773759619,99.69318895047688,2.7030653062774093,17.689933519819135,150.12991141868858,152.832976724966,89.87434853589585,107.56428205571498,false,true
10,20.0,150.79549435877544,114.93025458729632,1.858472690268286,16.42935469449057,150.12446616437012,151.9829388546384,105.49129340889601,121.92064810338658,false,false
10,20.0,150.06519926644035,97.90448229572513,2.63136098294936,16.27261450125981,149.13333661767635,151.7646976006257,88.89101701842223,105.16363151968204,true,true
10,20.0,146.99467585810763,106.3925411774681,2.00758154097295,15.279168227165911,146.29822035414932,148.30580189512227,97.7835774025981,113.06274562976401,false,true
10,20.0,145.59950961435902,101.14091218880922,2.3902439749204234,14.633572347729512,144.76411018096513,147.15435415588556,92.74005321361852,107.37362556134804,false,true
10,20.0,146.8742122308512,96.60526454732795,2.5200511513695574,15.920591777738082,145.97799022425568,148.49804137562523,87.64216006775757,103.56275184549565,false,true
10,20.0,149.58841096325065,84.36913482398481,3.802565148889869,16.30953711380235,148.25093810636207,152.05350325525194,75.49108924105515,91.8006263548575,true,false
10,20.0,151.50931210060125,99.02156930950918,2.880739080293921,17.55178223645612,150.49611636102998,153.3768554413239,89.1948943012834,106.74667653773952,false,true
10,20.0,151.00578800438188,86.7309062755555,3.540531028903189,17.727961741629798,149.73000251550843,153.27053354441162,77.47277250637748,95.20073424800728,true,false
10,20.0,151.07246746206522,94.0120162311436,3.028894811769561,15.845311671673471,150.03323338989196,153.06212820166152,85.06674554026554,100.91205721193901,false,true
10,20.0,146.5840733026194,86.94701425405887,3.0710168191735363,15.226948278603814,145.44786528998782,148.51888210916135,78.3543061979078,93.58125447651162,false,false
10,20.0,151.61264146745202,91.01061467867194,2.9260352260592413,15.725082717796937,150.49369451851788,153.41972974457713,82.52203326496478,98.24711598276171,false,false
10,20.0,151.25045828899093,97.64334268014733,2.9716301981770243,16.72796182266667,150.24599467093765,153.21762486911467,88.46694383416725,105.19490565683392,false,true
10,20.0,150.6873195075405,91.20602128165777,3.1412024545982717,17.88289288773882,149.58992008251988,152.73112253711815,81.51907803867158,99.4019709264104,true,false
10,20.0,151.71282205654362,89.23750513815313,3.244627775535264,16.6855363486994,150.53459087123974,153.779218646775,80.0854809892943,96.7710173379937,false,false
10,20.0,151.5502056160365,95.51912420249337,2.9860641359950364,17.377146569125003,150.53110367357436,153.5171678095694,85.90368618598752,103.28083275511253,false,true
10,20.0,150.403479126962,89.37260570990475,3.341629787336757,17.67912072984518,149.2362518217054,152.57788160904215,79.83562827250998,97.51474900235516,true,false
10,20.0,150.94114519064726,78.49557807744489,3.6203348182570494,16.382006528678616,149.63294021606043,153.25327503431748,69.60695585306908,85.9889623817477,true,false
10,20.0,144.70962060189953,82.09036484304443,3.484338894199709,15.55824834434786,143.49818938265207,146.98252827685178,73.51439409783991,89.07264244218777,false,false
10,20.0,149.176552749388,112.05007167993061,2.121900500897482,15.904399349649466,148.46390393358564,150.58580443448312,102.8850501564006,118.78944950605006,true,false
10,20.0,151.23972231443855,104.91447946640633,2.4630605136268287,16.80370793327556,150.35415404487935,152.81721455850618,95.40798723508398,112.21169516835954,false,true
10,20.0,152.00988902663397,85.04659198803256,3.294566734022027,15.779825978610589,150.8152108683772,154.10977760239922,76.55611794075305,92.33594391936364,false,false
10,20.0,149.0767153446158,111.06298782769403,2.016189431781413,13.437981370086561,148.37284923948437,150.38903867126578,103.45880068580732,116.89678205589388,true,false
10,20.0,148.94705612489844,99.18232918860971,2.4703164786428715,15.513330986925922,148.06823505630598,150.53855153494885,90.6338637368936,106.14719472381952,true,true
10,20.0,148.45374071380263,85.25766422776883,3.233768458779224,16.82874323092703,147.2778233687189,150.51159182749814,76.37212745713929,93.20087068806632,true,false
10,20.0,148.63837528491408,95.01660428843621,2.8507153468915476,17.677742900033692,147.6676548670345,150.51837021392606,85.37398529471159,103.05172819474528,true,true
10,20.0,149.28462549495822,94.35473931158802,2.7123669905860766,16.853989272592187,148.32954258775487,151.04190957834095,85.19114029299314,102.04512956558533,true,true
10,20.0,151.0366891882436,87.61355985250887,3.3414365706080957,17.54866969086784,149.7744810767664,153.1159176473745,78.04272742480516,95.591397115673,true,false
10,20.0,151.71913413729771,83.77395458373421,3.410155206837885,15.945666644597978,150.50421879055713,153.91437399739502,75.08541585819033,91.03108250278831,false,false
10,20.0,149.8857792779923,103.60092025617925,2.4531059125127683,15.391131664195271,149.02253594848077,151.47564186099353,95.16931451982995,110.56044618402522,true,true
10,20.0,150.97979346377699,101.25446451102036,2.644067389927727,15.823429448044863,150.03963051706188,152.6836979069896,92.3155716045012,108.13900105254606,false,true
10,20.0,152.0992446253017,86.03029415965435,3.4717338933106703,17.02523665953119,150.8519239350415,154.32365782835217,76.8206313452986,93.84586800482978,false,false
10,20.0,150.80916860683408,101.09083875077917,2.663255979437082,17.610572172680804,149.83911520318478,152.50237118262186,91.32837990519178,108.93895207787259,true,true
10,20.0,150.03987959891668,93.12595172775738,2.9897737638817716,16.207335972510776,148.98047894755825,151.97025271144003,84.1504215057304,100.35775747824118,true,true
10,20.0,151.5799199294275,94.16677240364558,3.302313864275277,17.299907356939357,150.36508721987553,153.6674010841508,84.66121497691677,101.96112233385612,false,true
10,20.0,151.04705975604247,87.80497060056356,3.3199568558600276,18.526836475666272,149.82796092473382,153.14791778059384,77.94825989119015,96.47509636685642,true,false
10,20.0,148.22941270600575,84.94680408630191,3.5142119762641357,16.6107327384143,146.91976094282052,150.43397291908465,76.01357930149575,92.62431203991005,true,false
10,20.0,148.53302445595432,92.04852253223729,3.2822686286390876,17.54637719366977,147.38458619989507,150.66685482853416,82.36000105115757,99.90637824482734,true,false
10,20.0,148.714965316951,79.92305317634174,3.5843695186563878,17.516025748421768,147.40383813680145,150.98820765545784,70.16791807503668,87.68394382345845,true,false
10,20.0,151.2947909419686,83.01027627031,3.69594769514012,17.533242214410237,149.96303750653865,153.65898520167877,73.55726244759649,91.09050466200672,true,false
10,20.0,151.05423513286547,80.02951661335888,3.5922819048453505,16.149160973659946,149.75139700858819,153.34367891343354,71.02248209766805,87.17164307132799,true,false
10,20.0,148.63321021507397,89.55162280830217,3.167781825377375,16.67763120079215,147.46181284089434,150.62959466627171,80.75641421067107,97.43404541146322,true,false
10,20.0,148.19704546371304,105.10595215022428,2.2368432114951986,16.300564865398442,147.41758542562835,149.65442863712354,95.88700896697713,112.18757383237558,false,true
10,20.0,151.2190729064559,85.18750258033236,3.4719546018344545,15.908945092680796,149.97365779677833,153.44561239861278,76.50865783676643,92.41760292944723,true,false
10,20.0,151.63893945106392,93.8523072740038,2.9841803912917158,16.927372458816436,150.56425489140102,153.54843528269274,84.30055653190219,101.22792899071862,false,true
10,20.0,151.4008124894736,96.54745407282209,2.9403939433325093,18.134552619304856,150.35625645714146,153.29665040047396,86.63117804250993,104.76573066181479,false,true
10,20.0,148.1837429350525,97.93297352282269,2.496153316722882,15.474366833017982,147.30761396258092,149.8037672793038,89.13651860069814,104.61088543371612,false,true
10,20.0,151.48141163717253,96.45296224540384,2.8675869656103714,17.16056083098964,150.50265735005075,153.37024431566113,87.09774677566232,104.25830760665195,false,true
10,20.0,150.30309543431258,93.3217160758294,3.0304752278785827,15.946932711753547,149.2347786471959,152.26525387507448,84.4517440367911,100.39867674854464,true,true
10,20.0,145.19060481734687,78.58727493684015,3.5970814843263383,15.335121396527427,143.88601709166738,147.48309857599372,70.32397074617799,85.65909214270542,false,false
10,20.0,151.2629481056956,86.30951519876423,3.5954876016564583,15.462663813640816,149.96310172724185,153.5585893288983,77.7404300156407,93.20309382928151,true,false
10,20.0,148.2738666965521,88.35213557427826,3.2360595872587794,15.861877932986076,147.10818112111554,150.34424070837431,79.42830500658793,95.29018293957401,true,false
10,20.0,151.56016309088824,83.66126268226685,3.704210756835778,16.93319995990646,150.21009981714997,153.91431057398574,74.36283983339084,91.2960397932973,false,false
10,20.0,148.36315310409924,94.72984532333501,2.9364324990474984,13.965872753799019,147.30407972894108,150.24051222798857,86.62976299090909,100.5956357447081,true,true
10,20.0,150.53196940928217,99.7887695046114,2.466517884033749,16.726996552792414,149.60518967029236,152.0717075543261,90.3741337508484,107.10113030364082,true,true
10,20.0,148.14572685175938,88.76888416547237,3.0744197221256115,17.15954926225747,147.0599194678492,150.1343391899748,79.51302248485534,96.67257174711281,true,false
10,20.0,140.7833562211153,100.36645561150657,2.1885583811358913,14.609421909042425,140.0083809915323,142.1969393726682,91.7952421029457,106.40466401198813,false,true
10,20.0,152.24353895054614,75.02226552964697,3.940951695132327,17.815705457047827,150.8550290895207,154.79598078465304,65.40427998450568,83.2199854415535,false,false
10,20.0,149.89747901730598,89.66230625460186,2.9876465889764745,17.0704325677833,148.83353407223228,151.82118066120876,80.20366066959897,97.27409323738227,true,false
10,20.0,151.68233339975694,87.6327243527983,3.2238123469036566,17.80431615667024,150.53701345925413,153.76082580615778,78.04601618786663,95.85033234453687,false,false
10,20.0,149.82836479952834,95.47589580252603,2.963655798520591,17.227515767830525,148.8168837627049,151.78053956122548,86.34428900752154,103.57180477535206,true,true
10,20.0,146.90498240050167,95.1811937804181,2.6812609809232413,17.153478941481694,145.9412903697243,148.62255135064754,85.89383994050098,103.04731888198268,false,true
10,20.0,152.010890441397,86.0523041629712,3.4226963751886217,16.304143917302014,150.71851646826534,154.14121284345396,77.44508578420624,93.74922970150826,false,false
10,20.0,141.89101947783396,107.25203991548254,1.8559261046231939,13.944955505040284,141.22252991567572,143.07845602029892,99.366808638839,113.31176414387929,false,true
10,20.0,149.5430905554242,93.54994280465671,3.1133277013053657,16.72510731164688,148.37775461857228,151.49108231987765,84.23959661942828,100.96470393107516,true,true
10,20.0,149.45281099908863,101.78584046586317,2.5618336071745773,16.592623892324823,148.55809626261208,151.11992986978666,92.6077933867924,109.20041727911722,true,true
10,20.0,150.8597785294972,79.7515039102093,3.937854166647469,16.688664211127616,149.46850107226027,153.40635523890774,70.63851985634054,87.32718406746815,true,false
10,20.0,147.6698013102399,103.94781894969287,2.2569118459191486,16.26937535484518,146.87336743959796,149.1302792855171,94.88616646316541,111.15554181801059,false,true
10,20.0,149.57445829672236,98.92315455810238,2.8823448895299464,15.770800904799302,148.5831159683007,151.46546085783064,90.39237114181934,106.16317204661864,true,true
10,20.0,151.2203854921164,81.77116423967911,3.5291527998829224,17.03160745903871,149.87990680623938,153.4090596061223,72.5699065961122,89.60151405515091,true,false
10,20.0,145.20938310856988,83.39865570355465,3.6659449008881495,16.016198095383288,143.84482775922717,147.51077266011532,74.58037941891708,90.59657751430036,false,false
10,20.0,151.0794544383201,87.52259109189662,3.5120028718583285,16.25787909044284,149.83027413378474,153.34227700564307,78.41082886602364,94.66870795646648,true,false
10,20.0,150.2867391542205,95.7975157162297,2.6843049288117697,17.31171105988483,149.33290706061797,152.01721198942974,85.88238584845234,103.19409690833717,true,true
10,20.0,150.47197889145048,98.12169513878075,2.8618300147957427,17.680141830588113,149.37870873106993,152.24053874586568,88.0634733226031,105.74361515319121,true,true
10,20.0,150.61414743661445,92.16025915229127,2.9763775884199504,16.548996425809648,149.57090211337078,152.54727970179073,83.33698218372302,99.88597860953267,true,false
10,20.0,150.5512048149474,87.23153122295128,3.712136177971672,16.3852833210383,149.25249407620112,152.9646302541728,78.20428238739481,94.58956570843311,true,false
10,20.0,145.18328607315868,103.68987811214582,2.229146945392813,14.075308386631136,144.4152913739907,146.6444383193835,95.20991944577604,109.28522783240717,false,true
10,20.0,148.06877994321675,109.00968442339351,2.0817892151418107,14.575727212354764,147.2977563695689,149.3795455847107,100.59688845286611,115.17261566522087,false,false
10,20.0,151.5232105784762,91.13884750239785,3.1023995081462488,16.101326413957125,150.41969962739302,153.52209913553926,82.43672787334724,98.53805428730436,false,false
10,20.0,151.44140890697173,90.32148582544949,3.1869752707798398,17.329276015311308,150.2896445173056,153.47661978808543,81.04952076479836,98.37879678010967,false,false
10,20.0,147.29070537435467,91.79234316417845,2.764947170956731,15.986621543022096,146.26999198801482,149.03493915897155,83.48118736368966,99.46780890671175,false,false
10,20.0,150.5091668381005,102.44063040704921,2.3576936848600667,16.31138702021542,149.69478146661174,152.0524751514718,93.25759971239688,109.5689867326123,true,true
10,20.0,149.40828327881138,94.87761136131341,2.9685225017848325,17.92386937168014,148.37148524960307,151.3400077513879,85.02881532855237,102.95268470023251,true,true
10,20.0,148.67896795511592,97.54913539572621,2.854556410483781,15.325656312483389,147.6358913499329,150.49044776041669,88.8483156120295,104.17397192451288,true,true
10,20.0,150.9676291156847,88.4733952210866,3.5786657749284245,16.921071709322817,149.66907165192606,153.24773742685448,79.31084650506264,96.23191821438546,true,false
10,20.0,147.37741631096623,82.5144220415903,3.4373211701324635,15.979452564568618,146.05141131543525,149.4887324855677,73.97613241442164,89.95558497899026,false,false
10,20.0,150.69085516374926,104.9148109656501,2.4929447280696024,16.251948860017322,149.80755678210292,152.30050151017252,95.45066869058523,111.70261755060255,true,true
10,20.0,150.91472099418837,91.26416867546956,3.1108038097031283,17.290898886615977,149.84914178811644,152.95994559781957,81.79383384088999,99.08473272750597,true,false
10,20.0,150.57329380494804,95.87273073059593,2.714627039954621,16.547596737381454,149.6265793263434,152.34120636629802,86.97632727047679,103.52392400785824,true,true
10,20.0,148.11770599159456,101.99852957866675,2.4069173824613586,17.369234087373613,147.2914824020953,149.69839978455667,92.22266762432258,109.5919017116962,false,true
10,20.0,150.93805816392512,93.00090214342202,3.0798548305636757,17.098893832783887,149.8606335155493,152.94048834611297,83.56097824241883,100.65987207520271,true,true
10,20.0,150.42431679480634,89.98236899695434,3.050991647495067,17.312503142732524,149.29387147539873,152.3448631228938,80.72878080488658,98.0412839476191,true,false
10,20.0,145.5771003068003,95.87760820662896,2.516903445780912,15.472763220155855,144.71264579592597,147.22954924170688,87.23732550728957,102.71008872744542,false,true
10,20.0,150.81635252741484,98.26683457879876,2.6902202336199252,17.57502384440734,149.8620512704484,152.55227150406833,88.5244079169261,106.09943176133343,true,true
10,20.0,151.55669108961342,87.07656434129872,3.2914123391827843,18.165305896848324,150.33028674019698,153.62169907937977,76.88481326681476,95.05011916366308,false,false
10,20.0,151.80830261437455,87.99633239937268,3.3734886143816425,17.3003367742609,150.61532246485388,153.98881107923552,78.38409257469984,95.68442934896073,false,false
10,20.0,148.970150778029,92.51549496727777,3.1221392191632162,16.345968855928277,147.87785786781512,150.99999708697834,83.71462938235888,100.06059823828716,true,true
10,20.0,149.52797932449346,93.35134563736497,3.0935550420364564,13.839420119654065,148.4938851836621,151.58744022569854,85.52213174826176,99.36155186791582,true,false
10,20.0,151.0703506516651,81.77072794749913,3.8948285668483607,17.106369949778397,149.68851247979396,153.58334104664232,72.2982740751158,89.4046440248942,true,false
10,20.0,150.39860528155938,104.14014110544491,2.2601702300052295,17.17352861794302,149.62729793376252,151.88746816376775,94.65754035478176,111.83106897272478,true,true
10,20.0,150.566258784587,101.890127415758,2.729440884396496,17.046985199803302,149.62247932017297,152.35192020456947,92.37024840595828,109.41723360576158,true,true
10,20.0,151.41743529896198,96.66323084178299,2.8289433177507135,18.686620400490185,150.41585790408675,153.24480122183746,86.62224977703316,105.30887017752335,false,true
10,20.0,151.51218593697473,90.3507949909664,3.3193707030569612,16.193573794835203,150.2863262957742,153.60569699883115,81.77500094165805,97.96857473649325,false,false
10,20.0,151.43254072159698,91.70009342521587,3.2369923691541658,16.936386000666843,150.28670808797412,153.52370045712829,82.34926907589129,99.28565507655813,false,false
10,20.0,149.3630671765213,89.68699909051657,3.2336740802033717,16.889741220002662,148.18152988582898,151.41520396603235,80.66977728008871,97.55951850009137,true,false
10,20.0,151.36743632149148,90.67642161366015,3.0981064340610374,17.41667174127039,150.20689679598132,153.30500323004236,81.21270222812575,98.62937396939614,false,false
10,20.0,152.24013936742261,82.31363821250036,3.7307353320230447,17.042350463787187,150.88320847469592,154.61394380671896,73.22048703642932,90.2628375002165,false,false
10,20.0,151.68018247286895,88.17735867803654,3.3728201633065567,16.445554666486004,150.48635457715167,153.85917474045823,79.0008757850226,95.4464304515086,false,false
10,20.0,152.01427501584342,87.69746663968644,3.652464716783669,17.816202363101752,150.70256748809186,154.35503220487553,78.25020602128917,96.06640838439093,false,false
10,20.0,145.86090581840125,85.29548089542476,3.0080440561402497,14.850103187448909,144.78703081022906,147.7950748663693,76.94752629925286,91.79762948670177,false,false
10,20.0,149.8781046402283,89.47554824748765,3.2118196138590065,17.539907270342766,148.78893470046114,152.00075431432015,80.27268122196037,97.81258849230314,true,false
10,20.0,150.2742736146331,96.8675495535349,2.6703030942861687,16.17954717816167,149.3551977548731,152.02550084915927,88.00917504368289,104.18872222184456,true,true
10,20.0,150.85779763449727,91.51757745527651,3.0759332248024407,16.53268563681398,149.75264622839973,152.82857945320217,82.50670820179081,99.0393938386048,true,false
10,20.0,151.2441492766254,88.3984875192318,3.512762269444238,18.01689408209434,149.94797904724336,153.4607413166876,78.38095713046194,96.39785121255628,true,false
10,20.0,145.26809527228605,91.78889548875134,2.89257031087007,17.129470497466514,144.24630255722838,147.13887286809845,82.49635286040736,99.62582335787387,false,false
10,20.0,151.45934231611517,102.2263935235718,2.5861137763104693,17.398243868046265,150.5734320777271,153.15954585403756,92.64121538807274,110.039459256119,false,true
10,20.0,150.75408641728185,96.26439582265684,2.9078336077904225,17.12568814822366,149.75976964143672,152.66760324922714,86.86599724657694,103.9916853948006,true,true
10,20.0,151.02405538663152,106.82406296374924,2.307206460625366,16.706567121623877,150.2257929605905,152.53299942121586,97.16562357432888,113.87219069595275,false,true
10,20.0,151.7171690554487,94.85985326031226,2.930782278872641,17.31601255693269,150.70607068083638,153.63685295970902,85.45752341475085,102.77353597168354,false,true
10,20.0,151.46563770001023,94.47863386372336,2.976864933663734,18.024295301309365,150.39144239040817,153.3683073240719,84.79345045904316,102.81774576035252,false,true
10,20.0,150.5166339195299,86.19634610699546,3.3524712794078937,15.654903653336802,149.37172478702257,152.72419606643047,77.37114318525755,93.02604683859435,true,false
10,20.0,149.8450822430362,97.58207844576707,2.6161294019889,16.622872306680748,148.90166244645957,151.51779184844847,88.44481063338114,105.06768294006189,true,true
10,20.0,150.31231460617363,100.39232155695848,2.621118974110715,17.4856480548613,149.34875611758588,151.9698750916966,91.05868051761931,108.54432857248061,true,true
10,20.0,149.46751346825997,100.27934562667821,2.82469195249368,15.48978108385107,148.4694608035781,151.29415275607178,91.6043615599311,107.09414264378218,true,true
10,20.0,150.11987401810458,90.3689128488553,3.3332572893410486,18.696674945828647,148.974257879584,152.30751516892505,79.99563504545924,98.69230999128789,true,false
10,20.0,149.24536089815487,86.19559461490235,3.4836677846116118,17.748112854977677,148.00536544876007,151.48903323337169,76.8228524476396,94.57096530261728,true,false
10,20.0,151.56207305878445,89.30235119715653,3.2937318910099123,17.00075295240505,150.32813645996268,153.6218683509726,80.15888458316365,97.1596375355687,false,false
10,20.0,150.23607110634237,89.94846271025509,3.2031571784327753,16.94709178928467,149.1104601282588,152.31361730669158,80.45680796913321,97.40389975841788,true,false
10,20.0,149.6225711417385,93.54840197326195,3.0054174890685488,17.522345751652864,148.5763182360961,151.58173572516466,83.8122854896495,101.33463124130236,true,true
10,20.0,151.14436249509572,100.40062431984245,2.577155924221671,16.546757913818254,150.22406332379578,152.80121924801745,91.06965779636202,107.61641571018028,false,true
10,20.0,150.79724758078117,101.26422314586004,2.3175677250751505,17.058393096984133,149.95382068425403,152.27138840932918,91.91513410461496,108.9735272015991,true,true
10,20.0,151.07584760716153,96.18283134208778,2.900210774869805,17.73197658652809,150.04436313620064,152.94457391107045,86.45361873767382,104.18559532420191,false,true
10,20.0,150.21102780659902,86.90423921443261,3.4861214152431046,16.611315618040337,148.98255369553019,152.4686751107733,77.77732091511426,94.3886365331546,true,false
10,20.0,150.4369102733405,88.43377089931629,3.1498410523982443,15.817591921224277,149.2957479718466,152.44558902424484,79.88154515587361,95.69913707709789,true,false
10,20.0,149.89842096488775,114.53542491378033,1.8333670043462291,15.427008090079923,149.27491881300494,151.10828581735117,105.62469764686466,121.05170573694458,true,false
10,20.0,150.398589384761,99.3710305307456,2.5573977920830657,16.440537216174278,149.4389921235915,151.99638991567457,90.33853006262804,106.77906727880232,true,true
10,20.0,149.8065893708237,103.99764600186532,2.457852673706583,15.07815569380692,148.97620319063842,151.434055864345,95.38264071018833,110.46079640399525,true,true
10,20.0,151.52766142430534,98.21676400733054,2.7612459832822367,17.35534432342463,150.54024136372917,153.3014873470114,88.80255371664128,106.15789804006592,false,true
10,20.0,146.92601917518513,93.6794789527201,2.8821562643110497,16.77443038963102,145.8936173652994,148.77577362961046,84.34074912229542,101.11517951192644,false,true
10,20.0,151.69614912190303,91.82841213204074,3.386449345416281,18.382547462654173,150.47271281473988,153.85916216015616,81.75228039994605,100.13482786260022,false,true
10,20.0,151.43279541021377,90.57341461590855,3.4152175177496247,16.453554673376644,150.1898950068358,153.60511252458542,81.29413368623601,97.74768835961265,false,false
10,20.0,151.11313895532996,95.19432102389865,2.8775633642519836,15.287715301034908,150.07476406201351,152.9523274262655,86.89129608030665,102.17901138134155,false,true
10,20.0,150.5434111380323,96.91157645402433,3.012547840539014,16.192670298656267,149.43057583642343,152.44312367696244,87.95874829328456,104.15141859194082,true,true
10,20.0,150.03289904503714,95.55176615427624,2.964666820967892,17.4514044325568,148.9184031841229,151.8830700050908,85.92574070657078,103.37714513912758,true,true
10,20.0,148.90285267189836,99.50179645740644,2.8029808961050264,15.962845167705353,147.92959476570746,150.7325756618125,90.23045471489903,106.19329988260438,true,true
10,20.0,151.63115097927727,83.35150300147997,3.60293623651782,16.7251354695524,150.29276049068955,153.89569672720737,74.3064096949949,91.0315451645473,false,false
10,20.0,151.99549531703215,78.45851534808435,4.009659132741774,17.611767861970392,150.54992345761096,154.55958259035273,69.10653782869534,86.71830569066573,false,false
10,20.0,151.32395028454,91.66885885976336,2.8898187741914967,17.815239712998192,150.23392616244968,153.12374493664117,81.94900481644454,99.76424452944273,false,false
10,20.0,144.7875197341602,97.58002507173633,2.573105239816215,15.726539856306658,143.86644782217138,146.4395530619876,88.57152965125299,104.29806950755965,false,true
10,20.0,149.83438078326725,103.72059586411734,2.4850300876216522,16.119149967729854,148.92135755226343,151.40638763988508,94.64150119831942,110.76065116604927,true,true
10,20.0,146.29215067279404,96.90326247293456,2.665596584371798,15.3190424319655,145.34859851145174,148.01419509582354,88.49571175810439,103.81475419006989,false,true
10,20.0,150.57616871266666,86.09241585646198,3.428545359237603,15.798414334253792,149.34217651924774,152.77072187848535,77.38703811016943,93.18545244442322,true,false
10,20.0,148.41352005224687,96.12418159608795,2.7484788816486514,15.888514470946674,147.44077797762694,150.1892568592756,87.19252561197695,103.08104008292362,true,true
10,20.0,150.65379590136814,82.66810642538034,3.59873997387146,17.26664760516053,149.39737514389068,152.99611511776214,73.2444050403665,90.51105264552703,true,false
10,20.0,148.82914074484103,100.07748437775874,2.609732748977507,17.383844669704004,147.9094542284207,150.51918697739822,90.68458495918155,108.06842962888555,true,true
10,20.0,149.5604257575144,100.74518906116492,2.6554834697333547,17.5931063126409,148.57693741762424,151.2324208873576,90.80616733176018,108.39927364440108,true,true
10,20.0,149.31249885858074,93.64136578652403,3.115817598187874,17.384110487786188,148.20957866810784,151.3253962662957,84.09634127752027,101.48045176530646,true,true
10,20.0,151.21646894940096,88.89121786294932,3.071702636550725,16.17524450490032,150.08885620526755,153.16055884181827,79.68592981779,95.86117432269032,false,false
10,20.0,146.25058911473366,110.45922227952487,1.8135387423649547,14.635443378018948,145.64506100104714,147.4585997434121,101.93840399365945,116.5738473716784,false,false
10,20.0,151.16092366398618,103.33682531900277,2.5761329920705407,17.819536636436254,150.2741601015729,152.85029309364344,93.43958046345278,111.25911709988904,false,true
10,20.0,150.33833533382435,97.40419845185262,2.735960998736715,17.452458362572457,149.37002711652073,152.10598811525745,88.08857557227265,105.5410339348451,true,true
10,20.0,152.3560257466165,81.4571242085483,3.930299347523203,16.179862596804043,150.97777305413746,154.90807240166066,72.66050511366572,88.84036771046976,false,false
10,20.0,149.81732959435752,84.57499238178694,3.475499773494562,17.47739831306356,148.61226347662338,152.08776325011794,75.53733742225745,93.01473573532101,true,false
10,20.0,150.5611434951405,102.85740449131137,2.680496425744167,17.04964950435138,149.60227260181256,152.28276902755672,93.14489112887797,110.19454063322935,true,true
10,20.0,150.91401425018455,84.56810167731157,3.598723393274838,15.59125650660036,149.59937948710458,153.19810288037942,76.10681998320266,91.69807648980301,true,false
10,20.0,152.13962368747718,83.80309082786788,3.5621512585949233,17.098741440263055,150.83871479989068,154.4008660584856,74.60220583738003,91.70094727764308,false,false
10,20.0,151.96570119668004,91.12736926550298,3.410692912213136,15.021545543434897,150.7466002321941,154.15729314440725,82.84928114223132,97.87082668566622,false,false
10,20.0,151.08876833288608,89.80853263727752,3.320614605715406,18.293203317313072,149.8854605063706,153.206075112086,79.65869348876227,97.95189680607534,true,false
10,20.0,150.7253469088553,104.2052661140708,2.385990042169965,15.498090568013879,149.85991906520047,152.24590910737044,95.00620019860672,110.5042907666206,true,true
10,20.0,151.13053313545544,96.93984769316936,2.912041238489678,15.78621356174122,150.05821322720527,152.97025446569495,87.9224959334964,103.70870949523763,false,true
10,20.0,150.5560721170003,90.18881888644862,3.001309417370038,16.34913907581992,149.47586858126516,152.4771779986352,81.49498628446226,97.84412536028218,true,false
10,20.0,151.32407328290668,94.34194613592132,3.015686330399319,17.793013176705756,150.30154178422242,153.31722811462174,84.84903673565232,102.64204991235808,false,true
10,20.0,151.68468935555148,86.6952825052996,3.3456891639478954,18.559170251131604,150.44907013113533,153.79475929508322,76.48799886420804,95.04716911533964,false,false
10,20.0,151.79957099038091,95.75921403293782,3.0450038885753656,16.726732780993558,150.66956180604402,153.71456569461938,86.09425582974117,102.82098861073473,false,true
10,20.0,151.67463818840852,84.03250951399366,3.571223384301618,15.370056122643561,150.44319291609247,154.0144163003941,75.47585112257734,90.8459072452209,false,false
10,20.0,149.37797757641667,89.13598942527564,3.113903261537331,17.671580894717508,148.2422697792256,151.35617304076294,79.54876789805255,97.22034879277005,true,false
10,20.0,150.78327829362098,103.92089988921207,2.4796943897779613,16.304197655700136,149.90274583824774,152.3824402280257,94.82557072258234,111.12976837828248,true,true
10,20.0,151.45505503055023,91.83271848610568,3.2044578110295845,17.37622309026939,150.2688879070258,153.47334571805538,82.29118986339833,99.66741295366772,false,false
10,20.0,151.27453655430713,91.27667737829822,3.0605848814274452,16.63542709347547,150.18855358465046,153.2491384660779,81.94104904637271,98.57647613984818,false,false
10,20.0,147.70061963408278,89.8521051069465,3.08187505514303,16.09583992945018,146.60145778970485,149.68333284484788,81.01525917328746,97.11109910273764,false,false
10,20.0,149.61166438913918,107.8445459578918,2.3004532703129428,16.69643184376362,148.7626017377791,151.06305500809205,98.44916761258176,115.14559945634538,true,true
10,20.0,151.20430248090574,93.99220808721472,3.2933722618597585,18.305758456670688,150.07554786444928,153.36892012630904,84.34676451178524,102.65252296845593,false,true
10,20.0,149.2566445964843,108.12827135362933,2.1129472953186337,15.92075879588674,148.49645748192003,150.60940477723867,99.32460493166236,115.2453637275491,true,true
10,20.0,150.83945705617194,96.72324990674161,2.7995988211705765,16.502037628327628,149.8400040425105,152.63960286368106,87.31471785127286,103.81675547960049,true,true
10,20.0,149.6669824184127,93.76522270739132,2.8025346155532134,17.514266714295587,148.64742747828313,151.44996209383635,84.33543032511099,101.84969703940658,true,true
10,20.0,143.91152267456064,105.2905396556882,2.0043839056851596,14.900217710762718,143.24173691640632,145.24612082209148,96.85543248118356,111.75565019194627,false,true
10,20.0,150.49230833308326,105.38165790453354,2.558281164781846,17.882744056799368,149.59922361637746,152.1575047811593,95.0190616415467,112.90180569834607,true,true
10,20.0,150.82876697741966,105.15270611069242,2.477974956546575,18.330662171054982,149.93390816688853,152.4118831234351,95.12880998703696,113.45947215809194,true,true
10,20.0,151.41971960161112,95.97852320177327,2.806959760476559,16.78410975094124,150.44671258692492,153.25367234740148,86.73948577405523,103.52359552499647,false,true
10,20.0,152.24941132249938,82.63644765156778,3.786582972382007,17.019354529853317,150.86209791457156,154.64868088695357,73.48624533115255,90.50559986100586,false,false
10,20.0,147.76219257548397,111.07817411208919,1.857035760669845,15.243385673125545,147.09414890481966,148.9511846654895,102.33928113188253,117.58266680500807,false,false
10,20.0,150.5620445341222,102.29363496508718,2.7264506336669,17.189302134087356,149.57072146904875,152.29717210271565,92.9546044044822,110.14390653856955,true,true
10,20.0,146.75169416079598,93.13308484354225,2.7953124048553093,15.387454008718976,145.7606106253986,148.55592303025392,84.70717188627171,100.09462589499068,false,true
10,20.0,150.80716999242054,88.56668080412408,3.3108318766866773,15.92983857067189,149.6424416290726,152.95327350575928,79.83576974296851,95.7656083136404,true,false
10,20.0,149.82864111819794,91.42821664568878,3.1902492435351064,16.771347473605402,148.6891228780363,151.8793721215714,82.11284328426225,98.88419075786766,true,false
10,20.0,151.49360002410575,95.60044925519533,3.0296296361304655,19.09573472917205,150.47618025497582,153.50580989110628,85.28358757419443,104.37932230336648,false,true
10,20.0,150.02349263681702,85.24343191941045,3.347260165393351,15.118713905454015,148.7790883243445,152.12634848973786,76.88017752403073,91.99889142948474,true,false
10,20.0,146.6476697870491,100.98759548127579,2.3426675808012476,16.657497776422403,145.84532578833915,148.1879933691404,91.62315458981143,108.28065236623384,false,true
10,20.0,149.08180394978825,94.9642305170662,3.0794620609375443,16.887296835576834,148.01800664976201,151.09746871069956,85.68965241037152,102.57694924594836,true,true
10,20.0,150.95685186597842,92.96229562302625,3.1061632274139868,15.926035664048783,149.81943111841937,152.92559434583336,83.96514175575153,99.89117741980031,true,false
10,20.0,151.14323821026196,88.17766662961255,3.3922473028312936,15.628955020421813,149.92460523970692,153.31685254253821,79.46544162313376,95.09439664355557,true,false
10,20.0,150.10367746925192,113.35741436449418,1.776776612991938,14.343588410212476,149.48471039680587,151.2614870097978,105.05892016110077,119.40250857131325,true,false
10,20.0,149.72524674551977,99.40299021594339,2.5487991382578343,16.66462371307979,148.78794612189301,151.33674526015085,89.98974961433007,106.65437332740986,true,true
10,20.0,150.743245574119,100.43888211514358,2.5351185113405563,17.166628255801072,149.85411131929766,152.38922983063821,91.01927074652488,108.18589900232595,true,true
10,20.0,150.403660470937,94.78800667123727,3.233034926058025,16.35545270083574,149.24307072979036,152.4761056558484,85.74305579664276,102.0985084974785,true,true
10,20.0,148.9019593420697,102.0195370355215,2.7321910078529754,15.946482478499576,147.95956788820638,150.69175889605935,92.85325302720403,108.79973550570361,true,true
10,20.0,148.0179356848001,90.26821972933317,3.0710154782675545,16.224996486907926,146.9344327836894,150.00544826195696,81.35492375075442,97.57992023766235,true,false
10,20.0,145.89822025823986,87.7298018688778,3.266394762296102,16.465606323943362,144.71317773130963,147.97957249360573,78.61245036911436,95.07805669305772,false,false
10,20.0,150.70607420027315,89.87985804744807,3.1010890881241835,17.040631573095723,149.58197458153867,152.68306366966286,80.65304410768296,97.69367568077868,true,false
10,20.0,151.0662418241446,100.95739590630052,2.4974654311482425,17.141553035617477,150.16464458893256,152.6621100200808,91.66474252629686,108.80629556191434,false,true
10,20.0,148.5476581575357,90.21885573519003,3.256191200812111,16.771483784536287,147.3954911544257,150.65168235523782,80.52294132586448,97.29442511040077,true,false
10,20.0,151.86845343575,81.6585392940481,3.795545644042079,16.31916548064062,150.55512765221934,154.35067329626142,72.70603457635764,89.02520005699826,false,false
10,20.0,151.80245093962301,87.69692482633451,3.1642619579016014,18.04821402066044,150.67136629150662,153.83562824940822,77.93291246492407,95.98112648558451,false,false
10,20.0,146.95861488920238,100.27648327508226,2.5255290807753283,16.99767244387874,146.05619021508588,148.5817192958612,90.77737427959968,107.77504672347843,false,true
10,20.0,150.08194023840534,82.26382567953507,3.5377270250754123,17.269087658967592,148.80366306301428,152.3413900880897,72.84453992454397,90.11362758351156,true,false
10,20.0,149.71370381069477,84.13999176703882,3.3794726590238042,15.375285689863091,148.4417696878607,151.8212423468845,75.53574750469043,90.91103319455353,true,false
10,20.0,150.3018577315338,92.04135994445204,3.110117983741816,16.922251529908195,149.19211015104582,152.30222813478764,82.8086899344845,99.7309414643927,true,false
10,20.0,150.72931465993952,98.03814670545869,2.836780588345704,17.567729747736664,149.7266924985279,152.5634730868736,88.17512292362377,105.74285267136044,true,true
10,20.0,151.13083354591225,89.14817391775587,3.2308335250981486,17.926474386888174,149.9631646301083,153.19399815520646,79.29096245188433,97.2174368387725,true,false
10,20.0,149.0332104459115,104.17638518687278,2.429499648569646,14.384735114133022,148.1682623962714,150.59776204484103,95.53251081307248,109.9172459272055,true,true
10,20.0,151.22879514430667,92.41781673608835,2.888920508424434,17.026188041651253,150.19707080479796,153.0859913132224,83.03029110822283,100.05647914987408,false,true
10,20.0,150.9544212506574,89.08310594724847,3.1870260088910527,15.776023857073696,149.79020725441129,152.97723326330234,80.45411465092181,96.2301385079955,true,false
10,20.0,151.5130842758768,90.3546401020271,3.2103021616210015,17.518311888531088,150.30825629585507,153.51855845747608,81.40162038374531,98.9199322722764,false,false
10,20.0,149.90677097929427,88.89156103232014,3.1421708709567895,17.430818621021302,148.75916200680797,151.90133287776476,79.33112309223817,96.76194171325947,true,false
10,20.0,150.43736212289699,90.15745692326607,2.983903574383561,16.391207091624466,149.35779706533083,152.3417006397144,81.05087645423308,97.44208354585754,true,false
10,20.0,150.21749833000607,97.1361509124828,2.7427416882078433,16.718984096021615,149.26920731915882,152.01194900736667,87.5057438073481,104.22472790336971,true,true
10,20.0,151.17250091535004,102.45325534098745,2.5847572967320787,16.43484859614985,150.21312572609384,152.7978830228259,93.12082580112275,109.5556743972726,false,true
10,20.0,151.89325430941156,80.60367513083301,3.6646138730753535,15.836381602233118,150.56754509177796,154.2321589648533,71.78863907700003,87.62502067923315,false,false
10,20.0,151.0287399791286,91.41456167115743,3.1552194821558714,14.462454206981306,149.84936231220348,153.00458179435935,83.25850638987173,97.72096059685303,true,false
10,20.0,151.84181907040352,88.71157855009146,3.1070493785451845,18.033099228093775,150.72010089129776,153.82715026984295,79.02733891698013,97.0604381450739,false,false
10,20.0,150.76767607873978,92.65523155455776,2.8644243814692345,18.051216883479995,149.73960716658667,152.6040315480559,82.82292803389139,100.87414491737138,true,true
10,20.0,149.3219611535202,104.33544317093136,2.3577097876676874,15.805936505564375,148.47625241257032,150.833962200238,95.45892022417473,111.26485672973911,true,true
10,20.0,149.19120842522221,94.25030698502323,2.9859301458577647,17.044078896670513,148.17169664549078,151.15762679134855,84.85263632097801,101.89671521764852,true,true
10,20.0,151.1219287082404,93.99721701536899,2.9856527346325095,17.982621946600247,150.03544835674492,153.02110109137743,84.36427933280342,102.34690127940367,false,true
10,20.0,146.82543912369042,108.73281596046135,1.9740611407924007,15.368610184538099,146.12310900564918,148.09717014644158,99.91323700200394,115.28184718654204,false,true
10,20.0,151.686563358843,96.76794956890744,2.792741798953216,17.64434264207148,150.66269961635135,153.45544141530456,87.0204066184406,104.66474926051208,false,true
10,20.0,151.55072676031068,87.45344609469053,3.4378290743134414,16.60481609924601,150.27742277068322,153.71525184499666,78.21429972835362,94.81911582759963,false,false
10,20.0,150.734070167361,116.61510971314732,1.695360754849446,16.007092816801247,150.1559601078979,151.85132086274734,107.61244477901279,123.61953759581404,false,false
10,20.0,144.79669155457498,88.56713834901541,3.11636925958544,15.978140861773824,143.7150011243002,146.83137038388563,79.76338469655659,95.74152555833041,false,false
10,20.0,146.11975152017914,105.78230931992033,2.3194129612519987,14.039258434062063,145.33106963506265,147.65048259631465,97.93470658143903,111.9739650155011,false,true
10,20.0,146.56821184097282,91.4140442645499,2.9285354590452357,16.20418307543956,145.53592617740105,148.4644616364463,82.32529050545341,98.52947358089297,false,false
10,20.0,145.1134154302511,92.27843668527072,2.9143429050218685,15.727624767705336,144.09097871457752,147.00532161959939,83.46718047904203,99.19480524674736,false,false
10,20.0,149.74782839898722,101.64703859519939,2.5734869973123864,15.850460754596696,148.81870901834196,151.39219601565435,92.63928112839005,108.48974188298675,true,true
10,20.0,151.8739881813882,86.38851250492291,3.3494550155215563,16.540558693643533,150.68392789032296,154.03338290584452,77.20480112491333,93.74535981855686,false,false
10,20.0,151.34910984466956,106.17796145943424,2.365877594515382,16.911906517420135,150.49957781022658,152.86545540474197,96.64804777320978,113.55995429062992,false,true
10,20.0,151.52492625155304,90.41282760822128,3.2020436415210156,17.116834347564804,150.334891908947,153.536935550468,80.65055339589618,97.76738774346099,false,false
10,20.0,151.07727768784753,89.07500072812374,3.1599583828620723,17.30538340098552,149.948346880789,153.10830526365106,79.66833725491809,96.9737206559036,true,false
10,20.0,150.25207530471047,106.09155844493156,2.1857673052865607,15.693720663148255,149.42687451216975,151.6126418174563,97.15029698571882,112.84401764886708,true,true
10,20.0,149.75769331277547,91.55816946189668,3.2025997417305803,16.798915261642932,148.60588564371682,151.8084853854474,82.52875360740475,99.32766886904768,true,false
10,20.0,150.29972069337092,87.59020698802405,3.203530843418804,18.19952076171529,149.10046057000312,152.30399141342193,77.69563765357097,95.89515841528626,true,false
10,20.0,151.11247876872258,97.05862258403924,2.730890309513427,16.898571295321346,150.11619199591024,152.84708230542367,87.83823298550993,104.73680428083128,false,true
10,20.0,149.98285297020468,87.05578910278082,3.273209936514405,15.846347335133643,148.78786677115957,152.06107670767398,78.64287318977449,94.48922052490813,true,false
10,20.0,150.71537603067463,91.67012118255246,3.135357761463837,17.28494536535763,149.60364039957466,152.7389981610385,82.19307859160041,99.47802395695804,true,false
10,20.0,150.77421047251255,88.09137763113401,3.2297884552698406,15.395746800776621,149.56397913118042,152.79376758645026,79.44453578610782,94.84028258688444,true,false
10,20.0,152.25775538470026,83.67834865345016,3.7044849517015166,16.549549810219332,150.8571542829786,154.56163923468011,74.7216613722116,91.27121118243093,false,false
10,20.0,149.5770097525153,114.54954293048294,1.824272953778717,14.811446825211988,148.89137733565076,150.71565028942948,105.9860763211241,120.79752314633609,true,false
10,20.0,150.23623072074489,93.646684288323,2.9322133777527313,18.398401124512972,149.19425393649988,152.1264673142526,83.46487134957813,101.8632724740911,true,true
10,20.0,151.10344866534302,85.36263039409602,3.4023042692674608,16.01041198072936,149.828567110612,153.23087137987946,76.41792323320463,92.42833521393399,true,false
10,20.0,142.23629442246056,87.90409099175962,2.7619042749366827,14.890297515476064,141.24463798887552,144.0065422638122,79.61670601076231,94.50700352623838,false,false
10,20.0,147.51956973132886,93.35609514801114,2.941756313430801,16.638518959056213,146.48326931465397,149.42502562808477,84.11790406860796,100.75642302766417,false,true
10,20.0,149.4344629339041,106.99752822937035,2.2497249705818945,15.52851347466266,148.6189541793309,150.8686791499128,98.16752545418426,113.69603892884692,true,true
10,20.0,151.26700785702513,90.91103014033335,3.118629752051362,18.63767045191119,150.15714171718594,153.2757714692373,80.95646517636865,99.59413562827984,false,false
10,20.0,149.57268341888698,97.53912920234174,2.7391468472767713,17.279444379404254,148.57929801422748,151.31844486150425,87.95956509165927,105.23900947106353,true,true
10,20.0,150.13365140631512,86.72520639357279,3.249343039160408,15.77579459852194,148.98124091914408,152.2305839583045,77.97788508290105,93.753679681423,true,false
10,20.0,150.2383157312742,93.79796172919183,2.84739280409417,14.395232403269048,149.2211420920782,152.06853489617237,85.53575161133278,99.93098401460183,true,false
10,20.0,151.1818453901933,94.99749356029761,2.958435178835913,16.801117242857288,150.1140667494484,153.0725019282843,85.47969565627153,102.28081289912882,false,true
10,20.0,151.2714166734557,99.47466480475602,2.53160983244328,17.833689296960102,150.39934329625925,152.93095312870253,89.31609165656972,107.14978095352983,false,true
10,20.0,148.44165935082435,122.85071829122114,1.4901608552793277,12.655847386695356,147.91930921924782,149.40947007452715,115.05030219546546,127.70614958216082,false,false
10,20.0,151.37833401173714,81.1784694490396,3.7468465031459743,15.986255716063582,149.96914749927683,153.7159940024228,72.31171000046893,88.29796571653252,true,false
10,20.0,150.1892787991866,95.4399013844701,2.7242819480619573,16.78944553193449,149.20564464140733,151.9299265894693,86.07429568497827,102.86374121691276,true,true
10,20.0,146.7209851631983,93.74983677064658,2.825537807982272,16.425003939584286,145.7199706326528,148.54550844063507,84.51373502447169,100.93873896405597,false,true
10,20.0,150.3841787801017,91.25542207278414,3.1781691080101666,17.250490062949055,149.284611465537,152.46278057354718,82.1661148556466,99.41660491859565,true,false
10,20.0,145.56910178165037,106.86253856870287,1.8524953849534995,15.693319795065918,144.87149449097802,146.72398987593152,98.02376516675383,113.71708496181975,false,true
10,20.0,150.09390279317424,94.03376487974347,3.116157912617581,16.713623427422704,148.99935601630273,152.1155139289203,84.77935732327386,101.49298075069656,true,true
10,20.0,146.96140503136695,95.44826425470694,2.7489532377446437,15.330223223065218,146.02475757902866,148.7737108167733,86.73643157025828,102.0666547933235,false,true
10,20.0,151.33815274960773,92.0835067759323,3.0798134838069586,16.4892709946391,150.22726192851042,153.30707541231737,83.28102280829106,99.77029380293015,false,false
10,20.0,149.47992909207008,82.17585713533688,3.6123143620764893,14.969800736303284,148.09861252447274,151.71092688654923,73.8879126941055,88.85771343040878,true,false
10,20.0,148.467848610543,84.95411516083169,3.322274488321881,17.012908287895797,147.23656194454426,150.55883643286614,75.77326700836394,92.78617529625974,true,false
10,20.0,150.88592816919325,109.05855667902952,2.1469864444206337,16.468209361697504,150.12655775325095,152.27354419767158,99.81005755776481,116.27826691946231,false,true
10,20.0,148.45748759868167,109.69565773588585,2.2191534352922986,16.598688097025004,147.66622694340708,149.88538037869938,100.08096867968143,116.67965677670644,false,false
10,20.0,149.97861738821658,76.71359665093289,3.9521506683865937,17.26680763383243,148.57814602290208,152.53029669128867,67.37119331671883,84.63800095055126,true,false
10,20.0,149.2666713626037,99.98441976053812,2.8782619077547906,15.21103674970766,148.21206568385276,151.09032759160755,91.13194018892395,106.34297693863161,true,true
10,20.0,148.93029184298064,94.97065053358321,2.716955631801113,15.955426454135235,147.9145339954141,150.63148962721522,86.23456201611694,102.18998847025217,true,true
10,20.0,151.3235352069937,96.5962865055651,2.8174387773885883,17.974574767730232,150.33093142722896,153.14837020461755,86.79400246940722,104.76857723713745,false,true
10,20.0,151.06678875140284,104.59383705608556,2.344060339001942,16.0466062250522,150.17460773488807,152.51866807389,95.86841852033822,111.91502474539043,false,true
10,20.0,150.71048899314894,83.2998629745315,3.5994930750691765,16.154770505874964,149.39671505895402,152.9962081340232,74.49098724905055,90.64575775492551,true,false
10,20.0,147.53010719171598,102.42013488442805,2.25257837267489,16.33502682280823,146.71755790722025,148.97013627989514,93.40461970709006,109.7396465298983,false,true
10,20.0,152.10178570237403,86.92797121539196,3.4360820582402596,17.042858230790927,150.8451334141034,154.28121547234366,77.73881582289434,94.78167405368526,false,false
10,20.0,151.36645281496226,77.88351366506919,4.04662822066291,15.891136995693785,149.89344015832447,153.94006837898738,69.49102958659627,85.38216658229005,true,false
10,20.0,148.34790462878084,91.86879240158416,3.0875711020646293,16.761114793418443,147.24541876872885,150.33298987079348,82.78783706515146,99.54895185856991,true,false
10,20.0,147.53895681276958,91.91342119139964,3.0725112884167345,17.178645946115537,146.44797650489326,149.52048779331,82.57208989577703,99.75073584189256,false,false
10,20.0,152.121381467769,84.01787008094406,3.5487723008140506,17.61326986511989,150.82117171003375,154.3699440108478,73.94531700191476,91.55858686703465,false,false
10,20.0,151.34274769573688,91.42707882011283,3.2938444109847183,16.697742646035664,150.15539795786395,153.44924236884867,82.43053857266752,99.12828121870318,false,false
10,20.0,149.5665385420849,85.7865737964983,3.3781842627234653,17.81322221876664,148.40542869336332,151.78361295608678,75.94849238920506,93.7617146079717,true,false
10,20.0,151.8767726076547,90.79584968056048,2.9944058134287843,17.018677160289172,150.75764319410663,153.75204900753542,81.54795871669751,98.56663587698668,false,false
10,20.0,151.06245273575877,87.98195433275504,3.454528251423426,16.098722569559314,149.7849788793224,153.23950713074584,79.13731477011414,95.23603733967346,true,false
10,20.0,150.66837951009668,92.18809364545524,3.2770626128853166,17.55343437686794,149.49632180403447,152.77338441691978,82.496889059936,100.05032343680394,true,true
10,20.0,148.3492321730614,102.90239774548954,2.4719032009991224,15.252793638207478,147.51543160489643,149.98733480589556,94.12216378756902,109.3749574257765,false,true
10,20.0,149.72883349283464,96.76150431448465,2.696876599672919,17.608850031345824,148.72491664746104,151.42179324713396,87.14354886787719,104.75239889922301,true,true
10,20.0,151.50854797710826,100.0451255861206,2.7404528062397446,17.382544911654676,150.55195075046979,153.29240355670953,90.47079260201525,107.85333751366993,false,true
10,20.0,145.73558057158084,108.99186981801088,2.0007243354606032,14.94275917968362,145.03490185960308,147.03562619506368,100.42372100263623,115.36648018231985,false,false
10,20.0,151.53297318918234,87.71602108296426,3.128113290691772,17.752659147380967,150.4214723600269,153.54958565071868,78.24984252698559,96.00250167436656,false,false
10,20.0,151.09398265764705,90.06810830079918,3.246024172742267,15.93793014457404,149.94630908764893,153.1923332603912,81.23686002001955,97.17479016459359,true,false
10,20.0,150.76910719048664,99.27881595421768,2.796253933470126,15.56903582870683,149.74502072086472,152.54127465433484,90.33066567992351,105.89970150863034,true,true
10,20.0,149.65315786453942,97.58916545854092,2.6993504729596793,18.208729709479186,148.74040984429317,151.43976031725285,87.72663949242624,105.93536920190543,true,true
10,20.0,148.5186023830879,84.60297144617175,3.3786668601634346,15.643374002799476,147.31443157351578,150.6930984336792,76.12819169393762,91.7715656967371,true,false
10,20.0,151.0025323468169,87.41893176883553,3.4125016288259644,15.883182974541555,149.75238743238236,153.16488906120833,78.88013946697691,94.76332244151847,true,false
10,20.0,148.402821870593,90.19850581306633,2.846566090776662,17.867726602634335,147.4097946831177,150.25636077389436,80.49283721110268,98.36056381373702,true,false
10,20.0,149.789262091579,90.39749970203857,3.2753560496855414,17.507356897858458,148.6911853357849,151.96654138547044,80.82842097673725,98.3357778745957,true,false
10,20.0,146.83014688284075,89.20076890383092,3.22342414582846,15.576454202568712,145.6418775430812,148.86530168890965,80.4454220043189,96.02187620688761,false,false
10,20.0,151.60020524734625,96.7620768746347,2.634923719136367,14.281223341929305,150.66178231821,153.29670603734635,88.78869562970081,103.06991897163012,false,true
10,20.0,151.99797512294649,91.13789111376113,3.3514380732105735,17.014165771565928,150.80954535307666,154.16098342628723,81.78708461673881,98.80125038830474,false,false
10,20.0,150.5257420918314,91.83880746287787,3.123634537284204,18.2989880002482,149.40748062370432,152.53111516098852,82.02113233025595,100.32012033050415,true,true
10,20.0,144.3477698744562,88.812894499614,2.8838023727852544,16.30864180936848,143.28427078026198,146.16807315304723,79.97827118931419,96.28691299868267,false,false
10,20.0,150.22437503664506,101.84981518623934,2.3338601821899942,17.001365688906148,149.4052933956474,151.73915357783739,92.53045605719946,109.5318217461056,true,true
10,20.0,147.48562534817756,91.25699709071054,3.0421394678684237,18.580861737286526,146.4210207259195,149.46316019378793,80.52395707144895,99.10481880873547,false,false
10,20.0,151.22770538321078,101.87882918906496,2.697714727030643,14.825217068585445,150.2565341245769,152.95424885160753,93.48366539937831,108.30888246796376,false,true
10,20.0,151.76651657155068,90.37832608987671,3.2012779094936263,17.57289861288716,150.5795746124034,153.78085252189703,80.69975458666792,98.27265319955508,false,false
10,20.0,150.49135225798153,93.61307583015298,3.017131034414689,14.852824623915197,149.4140624427591,152.4311934771738,85.5412477553777,100.3940723792929,true,true
10,20.0,150.2103354852957,98.61019040712551,2.7453794354333922,16.53151381012411,149.2523719092531,151.9977513446865,89.49194025685986,106.02345406698397,true,true
10,20.0,148.66858459272134,89.85701137499171,3.049134545891974,15.188334754981838,147.5489069462018,150.59804149209378,81.47507988555803,96.66341464053987,true,false
10,20.0,148.42830313116235,82.93184509729844,3.4382986845317873,15.33885530691235,147.1463857941261,150.5846844786579,74.48878635073335,89.8276416576457,true,false
10,20.0,150.81528596988295,95.26717871774844,2.8570541116377797,16.677989073390577,149.82086032949172,152.6779144411295,85.97406451974317,102.65205359313374,true,true
10,20.0,151.06605731595943,79.9124977814406,3.5887133228778794,17.48808035752893,149.76228428271372,153.3509976055916,70.49639430566666,87.98447466319558,true,false
10,20.0,148.09811344939465,99.47326854490976,2.5978901094808293,15.298885951024502,147.1861156239218,149.78400573340264,91.08065412985569,106.37954008088019,false,true
10,20.0,150.15858291353666,85.59389876512422,3.2284766516622483,16.31792879942013,149.00698294208203,152.23545959374428,76.84167301979761,93.15960181921774,true,false
10,20.0,148.95380842128657,111.3155094943875,1.9684570154419703,15.506598880240915,148.28058116744907,150.24903818289104,102.58215715965801,118.08875603989893,true,false
10,20.0,148.36107585573677,83.21963034827223,3.5567798622145688,16.638669085787612,147.06477181828794,150.6215516805025,74.33757783486493,90.97624692065254,true,false
10,20.0,147.5298138003581,92.80377496599127,2.967990961415097,17.047768045849722,146.48849997608556,149.45649093750066,83.69492006407442,100.74268810992415,false,true
10,20.0,148.16761116068787,89.79839192661504,3.0868185857368076,16.573112074243227,146.99806548142874,150.08488406716555,80.8446028661616,97.41771494040482,true,false
10,20.0,140.73942866639217,93.42540413224252,2.566519898910798,12.782688320716787,139.83459698170446,142.40111688061526,86.10099846038591,98.8836867811027,false,false
10,20.0,151.5958599569796,100.14284955047528,2.8774095818195633,16.544998438423434,150.5848772731141,153.46228685493367,90.93555643242922,107.48055487085266,false,true
10,20.0,148.7891918573834,106.2627138938609,2.352042386469492,16.862362141809967,147.9415343857392,150.2935767722087,96.56663848368356,113.42900062549353,true,true
10,20.0,150.7168997005456,82.9706049504176,3.9011569294283674,17.62689047406907,149.28416485699572,153.18532178642408,73.30295493694831,90.92984541101738,true,false
10,20.0,150.80474719369704,88.62214479472928,3.287379999269632,16.735648246212023,149.59840959955213,152.88578959882176,79.2266554080048,95.96230365421683,true,false
10,20.0,149.45072275962383,98.77543379211644,2.9127613929575205,16.173937443343135,148.43591668519963,151.34867807815715,89.59279454522375,105.76673198856689,true,true
10,20.0,151.06255062720214,81.60279597553912,3.6906339039170177,15.491611106442392,149.72789520606966,153.41852910998668,72.83693682276733,88.32854792920972,true,false
10,20.0,150.24262894800137,100.70280331700911,2.612623609472166,17.861011764081837,149.30735855373567,151.91998216320783,90.45562917593666,108.3166409400185,true,true
10,20.0,150.66413221892554,85.95990731016565,3.4589966478187932,17.73791301447143,149.38617971484743,152.84517636266622,76.51213702098123,94.25005003545266,true,false
10,20.0,150.54392844161038,83.1613274572834,3.7980492473698177,17.016120869386143,149.15088738080118,152.948936628171,74.11606097097533,91.13218184036147,true,false
10,20.0,150.94859446307453,86.4181926328301,3.4838535844912712,17.11107697226194,149.69477030147922,153.1786238859705,77.22844721062211,94.33952418288405,true,false
10,20.0,144.639103042241,91.3881314934327,2.831706987865175,15.949344431712547,143.61405435272223,146.4457613405874,82.74017283719651,98.68951726890906,false,false
10,20.0,147.4237804049169,84.55974416274864,3.2506507122568564,16.596957681162507,146.2624829267508,149.51313363900766,75.28142745256099,91.8783851337235,false,false
10,20.0,151.84785204399972,80.79148165196922,3.5006773713290045,16.615380124396907,150.6267280167193,154.12740538804832,71.63094815115667,88.24632827555358,false,false
10,20.0,150.04953608981867,112.58532701962702,1.8432653491663302,16.401825729290323,149.41700000322072,151.26026535238705,103.10290825392693,119.50473398321725,true,false
10,20.0,151.0641172456917,90.27378798393266,3.3321003960849396,17.986982297650783,149.886787369213,153.21888776529795,80.52461589533615,98.51159819298694,true,false
10,20.0,150.51606187367292,107.08973573773517,2.3914438032352052,15.447036477192896,149.68491287830372,152.07635668153893,98.399126274082,113.84616275127489,true,true
10,20.0,151.0134895186711,95.9805069844828,2.841343850201639,14.481183933771007,149.94468210489475,152.7860259550964,87.98794087642791,102.46912481019892,true,true
10,20.0,151.7141360597352,87.31373358599657,3.5140371421517784,17.363106198856727,150.5022777892037,154.01631493135548,78.0010971924147,95.36420339127143,false,false
10,20.0,151.13892396085447,98.82654186234568,2.6921181085757837,17.009346395382906,150.2002943589726,152.89241246754838,89.16361159530132,106.17295799068422,false,true
10,20.0,146.58190309123302,87.98176208373413,3.316905108238018,17.14632456148084,145.35445891731877,148.67136402555678,78.42145314754961,95.56777770903045,false,false
10,20.0,148.51480254843722,86.17864513165148,3.4294487750061933,17.454214960712193,147.3322423950564,150.7616911700626,76.7773297315169,94.2315446922291,true,false
10,20.0,151.58830160647625,95.11018779927966,3.0814146018038855,18.906304747893557,150.5027178559387,153.58413245774258,85.11886316218815,104.0251679100817,false,true
10,20.0,146.8622624387419,94.91832032935217,2.8893330110806232,17.46074680012896,145.84645936008002,148.73579237116064,85.50351293550754,102.9642597356365,false,true
10,20.0,150.74045203966108,100.60889177716145,2.459304541697918,17.037613997440587,149.8490988983425,152.30840344004042,91.35309800018368,108.39071199762427,true,true
10,20.0,151.02523788021026,103.9565179381577,2.4497295266228605,18.06863817498059,150.17033252448712,152.62006205110998,93.94064100700095,112.00927918198154,false,true
10,20.0,149.1963767568248,89.20649594586041,3.2062969073894863,16.661250572004448,148.04258470055098,151.24888160794046,80.34873468698494,97.00998525898939,true,false
10,20.0,150.36344645552265,116.66030451485543,1.7203502868821658,14.994994960450612,149.73785928249737,151.45820956937953,107.84359645767805,122.83859141812866,true,false
10,20.0,150.9823438174334,89.2567939063185,3.229823285948754,17.09063385205367,149.81559975392386,153.04542303987262,79.9022023139098,96.99283616596347,true,false
10,20.0,149.42331100296235,103.43180456803319,2.3167987067758986,16.797412934092705,148.5929645701252,150.9097632769011,94.0408928550373,110.83830578913,true,true
10,20.0,147.99726970675601,104.17030721419395,2.4170773913978962,15.612378021533488,147.1346103777182,149.55168776911609,95.10866054307606,110.72103856460954,false,true
10,20.0,150.9963532246946,111.3336527035473,2.1874341959353387,15.578862156387615,150.23838825582658,152.42582245176192,102.47814343844908,118.0570055948367,false,false
10,20.0,146.53578683577513,98.06484646851533,2.5870607324516754,14.676192903942095,145.6469876103182,148.23404834276988,89.62390173079027,104.30009463473236,false,true
10,20.0,151.2453906694218,93.16280329586333,3.0852466403473215,15.133310383067965,150.15910722908356,153.24435386943088,84.64656876320365,99.77987914627161,false,false
10,20.0,150.86256061428728,98.51596094327255,2.724565883789978,16.50081483176568,149.89339536971738,152.61796125350736,89.2880650130568,105.78887984482247,true,true
10,20.0,150.56798594718686,93.17293755746513,2.9470833747011227,16.970039369344164,149.49342318395918,152.4405065586603,83.77346857138278,100.74350794072694,true,true
10,20.0,150.37820502906965,86.2644023375621,3.402185614367795,17.706055366313038,149.11627378438885,152.51845939875665,76.55810802672792,94.26416339304096,true,false
10,20.0,149.8212235373228,87.31042542337116,3.2872140590521326,18.487267626518374,148.5819583450832,151.86917240413533,77.25540247542652,95.7426701019449,true,false
10,20.0,150.87302409367072,82.21546167599557,3.6045307561273887,16.70878000949476,149.62788260740868,153.23241336353607,73.07386038005313,89.7826403895479,true,false
10,20.0,147.75048428919217,100.09634414495204,2.425124289435985,16.812776047311544,146.88531624444488,149.31044053388086,90.54054945863307,107.35332550594461,false,true
10,20.0,146.91927922105015,108.09396498721401,2.1038716358837064,14.51156632689316,146.1821437910459,148.2860154269296,99.84433157200642,114.35589789889958,false,true
10,20.0,149.85566369030758,94.04095281654075,2.677598912794963,16.917545302230522,148.9297627226193,151.60736163541426,84.60557956369841,101.52312486592893,true,true
10,20.0,148.3468417008347,90.14709313008782,3.133910141019527,16.316544523741968,147.24493468051853,150.37884482153805,81.40237464368391,97.71891916742588,true,false
10,20.0,145.04679286935368,97.98668569327344,2.5676146581187425,16.081251503527426,144.1091348493843,146.67674950750305,89.68959958324709,105.77085108677451,false,true
10,20.0,149.999870337944,85.10611775084502,3.1712317594321746,17.53003301194579,148.81679616622472,151.9880279256569,76.03720488754026,93.56723789948605,true,false
10,20.0,152.12594332487305,83.75328067083083,3.5377586192281,17.591246293589705,150.8564109716053,154.3941695908334,74.02507974926432,91.61632604285403,false,false
10,20.0,147.42463738895032,92.64122799018341,2.8535232081849244,16.514165615598756,146.4109865799876,149.26450978817252,83.57382160307785,100.0879872186766,false,true
10,20.0,151.5318803804595,100.21149154738251,2.608708140093313,16.63548509921077,150.5913325843636,153.20004072445693,91.0117321443775,107.64721724358827,false,true
10,20.0,149.3026707427245,89.05691818087995,2.970630979476681,17.207797107172894,148.25379772860686,151.22442870808354,80.06912758333243,97.27692469050533,true,false
10,20.0,150.69690839788473,88.6227898783288,3.1556740072147704,16.5134447593546,149.561026696108,152.71670070332277,79.8121075829269,96.3255523422815,true,false
10,20.0,150.96891716076698,92.37115783936943,2.9654584737209007,15.730407162838318,149.89840235036434,152.86386082408524,83.59680096066457,99.32720812350288,true,false
10,20.0,151.78732444526096,92.79352967462025,3.205358476829673,17.272128018623164,150.67178985261205,153.87714832944172,83.12714804376715,100.39927606239031,false,true
10,20.0,145.41480474129983,97.92275863266107,2.4639635686624217,15.85956823067032,144.5176241385541,146.98158770721653,89.01906011399906,104.87862834466938,false,true
10,20.0,149.51819285941895,92.18396894643406,2.9487437914968098,17.139731122668294,148.5223968343362,151.47114062583302,82.84285395275708,99.98258507542538,true,false
10,20.0,152.0457074834393,89.65141377251634,3.301410584786396,15.973146805403374,150.83999524519245,154.14140582997885,80.72871306015122,96.7018598655546,false,false
10,20.0,147.84163993053704,103.54169251433939,2.26211393132877,16.81868526771332,147.05411928309314,149.3162332144219,93.95114151780771,110.76982678552103,false,true
10,20.0,151.3487663309802,85.5612189852657,3.4318474667315115,16.491376451168648,150.09594834797664,153.52779581470816,76.92332973332634,93.41470618449499,false,false
10,20.0,151.55521305705344,96.79715901704276,2.7843123340126112,18.310092983869055,150.54916104089205,153.33347337490466,86.39919005683299,104.70928304070205,false,true
10,20.0,149.42587486019335,92.64744530419402,3.06897779797859,16.57437942721451,148.2910715897995,151.36004938777808,83.5006582457275,100.075037672942,true,true
10,20.0,149.90257552121807,91.28676184234556,3.274062341435524,15.663146286477101,148.70232205753717,151.9763843989727,82.47656121406341,98.13970750054051,true,false
10,20.0,150.2565753181892,96.46319551504214,2.8583313642042185,15.835063292689327,149.22715008934148,152.0854814535457,87.55705996237468,103.392123255064,true,true
10,20.0,151.5790301369405,95.57801129013248,3.083447370455474,16.481373493145824,150.47591742645363,153.5593647969091,86.45242086341524,102.93379435656107,false,true
10,20.0,150.6970169932605,92.43694122330967,2.9503659955778687,17.845197576904056,149.64531917849092,152.5956851740688,82.7158784914036,100.56107606830766,true,true
10,20.0,151.3946169177027,85.94955671852132,3.4048511214471375,17.2190469482681,150.1534047124569,153.55825583390404,76.40730158735983,93.62634853562793,false,false
10,20.0,151.52436166314345,80.81300217133014,3.9056373482307833,16.549757239010788,150.13246478597355,154.03810213420434,71.76140816820933,88.31116540722012,false,false
10,20.0,150.0750916905247,102.5664843946575,2.390480477781125,16.53884618186659,149.2506943807429,151.64117485852404,93.65697384215343,110.19582002402002,true,true
10,20.0,151.46714856650095,101.2306172550228,2.5932955190250766,17.209155485518565,150.55048972816525,153.14378524719032,91.16112905628837,108.37028454180694,false,true
10,20.0,148.78032293026175,92.37001972733142,3.008811257031766,17.71363186507351,147.68620702599407,150.69501828302583,82.75477005185436,100.46840191692787,true,true
10,20.0,148.09669789544438,105.71184317786125,2.2709682895066408,15.066326435585879,147.31674283474337,149.58771112425,97.43814284503432,112.5044692806202,false,true
10,20.0,150.92595421132543,107.0864229433152,2.3040353904243887,16.997579975126285,150.1318705779891,152.4359059684135,97.38613811004912,114.3837180851754,false,true
10,20.0,151.50434347976767,88.10649815980008,3.4427734397197582,17.608729668924383,150.30115254485082,153.74392598457058,78.56894186180034,96.17767153072472,false,false
10,20.0,151.60058847376513,84.80982046690164,3.559455476682274,16.934543099440987,150.3181771642816,153.87763264096387,75.60992861009154,92.54447170953253,false,false
10,20.0,150.7169037962433,108.03533652396018,2.199329104523912,16.65025679649179,149.9094671404116,152.10879624493552,98.19706532228135,114.84732211877314,true,true
10,20.0,144.48413286701611,88.14906979667528,2.9876643094416977,15.280660197335067,143.42306320164278,146.41072751108447,79.61345917246712,94.89411936980218,false,false
10,20.0,150.8752865121786,92.67195753877473,3.141674106560231,16.941195507305437,149.7864091070825,152.92808321364274,83.29061543086901,100.23181093817445,true,true
10,20.0,146.68720501800794,91.88373099590984,3.026586122551663,16.23934640003398,145.56224338570897,148.58882950826063,82.79773954847022,99.0370859485042,false,false
10,20.0,148.0729105739275,87.36385332025196,3.171522702282971,17.502604340036925,146.91669893338363,150.0882216356666,78.03129657124151,95.53390091127844,true,false
10,20.0,145.88820611629296,97.81018262835852,2.6611278359065977,14.447274874266057,144.96748835569878,147.62861619160537,89.60513738994177,104.05241226420783,false,true
10,20.0,149.47139679316837,81.47132591575621,3.652661089042226,16.735393168907365,148.17972928883245,151.83239037787467,72.53525628082949,89.27064944973685,true,false
10,20.0,147.44990616419346,123.94609105344584,1.187084578398668,10.676422580751833,147.01358313277234,148.200667711171,117.58370223674085,128.26012481749268,false,false
10,20.0,150.91267424978537,94.48646183417165,2.9635296234369832,18.45354126879775,149.8338147411282,152.7973443645652,84.04012465293495,102.4936659217327,true,true
10,20.0,151.2902628604554,86.56675788822889,3.415559960687773,16.81743283206542,149.97801551733508,153.39357547802285,77.41678720484519,94.23422003691061,true,false
10,20.0,150.82403104760152,94.69376217109308,2.7612169872420793,17.656159148432295,149.8357396191958,152.59695660643789,85.21562796860093,102.87178711703322,true,true
10,20.0,148.86099321980527,106.19824485193811,2.226000978328244,15.159770667132975,148.01154404170532,150.23754502003356,97.53261620445966,112.69238687159263,true,true
10,20.0,145.5214404464756,85.14746835460275,3.3101611830889226,15.455163147175469,144.3452338687279,147.6553950518168,76.41670136075435,91.87186450792981,false,false
10,20.0,151.46584567753192,94.36253490811418,2.9574059071296688,16.81585952818348,150.34047782066216,153.29788372779183,84.89904988190003,101.71490941008351,false,true
10,20.0,140.1227112220417,93.41137567683049,2.4597077525848476,14.18440335740631,139.22623012293758,141.68593787552243,85.40485326563027,99.58925662303658,false,false
10,20.0,150.28926866559348,85.34575906312472,3.3028714839284703,17.67150945707435,149.04192944692602,152.3448009308545,75.83331140193471,93.50482085900906,true,false
10,20.0,149.19191254375608,92.18058642907683,2.933812160397082,16.52474354349856,148.1350431833097,151.0688553437068,83.20411255688425,99.72885610038281,true,false
10,20.0,146.8864120032814,98.01032336742509,2.6582955752896,16.282942338572965,145.93079061404887,148.58908618933847,88.93806442715601,105.22100676572897,false,true
10,20.0,151.96470597723385,88.37180818082052,3.2864203289313707,14.932274200143453,150.77057223367677,154.05699256260814,79.97790063080811,94.91017483095156,false,false
10,20.0,150.95113120296915,105.85535730977506,2.3394410145196503,17.847282186753063,150.09179798649672,152.43123900101637,95.88855762065198,113.73583980740504,false,true
10,20.0,149.1327174969648,99.69547046841998,2.5815300612100884,16.969731827081063,148.23598012867538,150.81751018988547,89.98714148176074,106.9568733088418,true,true
10,20.0,150.90589074569135,86.63875523042682,3.5149616738511895,16.6331155444596,149.61649639277863,153.13145806662982,77.4388078619983,94.0719234064579,true,false
10,20.0,150.57934231594868,111.59340592469417,1.9664044145629873,16.919738120312445,149.82791905285373,151.79432346741672,101.95808302519904,118.87782114551149,true,false
10,20.0,151.5786089748597,87.40166583640725,3.2003502909095687,17.7682001156506,150.4542873176316,153.65463760854118,77.71805579083016,95.48625590648076,false,false
10,20.0,145.33823260567067,100.78904731226248,2.448633584391473,15.419236743785987,144.44219841844753,146.890832002839,92.2356961972896,107.65493294107559,false,true
10,20.0,145.52412618604214,87.25158080185827,3.0429140462432542,17.197704002810383,144.38951496778364,147.4324290140269,78.09699835187499,95.29470235468537,false,false
10,20.0,148.87928631856113,94.18198032251166,2.7847198057844764,16.132714995269467,147.91444366963358,150.69916347541806,85.3479210488965,101.48063604416596,true,true
10,20.0,151.83489634992384,85.37921241763794,3.3945693965988823,16.705639367097973,150.59644362692202,153.9910130235209,76.86145381471871,93.56709318181669,false,false
10,20.0,149.59950357591492,115.21565378930535,1.8400844281847526,14.387670258646011,148.93314171706885,150.7732261452536,106.82322279694077,121.21089305558678,true,false
10,20.0,151.42711390500665,81.14118443321401,3.879819311683832,17.46724858500518,149.94412678796652,153.82394609965036,71.66149451965188,89.12874310465706,true,false
10,20.0,147.17973491662116,84.97275928859258,3.6288773618807113,16.89825139881603,145.90995302963637,149.53883039151708,75.76046377204597,92.658715170862,false,false
10,20.0,146.517508167937,103.89320115529245,2.3394515502144486,15.787877022955854,145.67441644442553,148.01386799463998,94.85605419614734,110.6439312191032,false,true
10,20.0,148.17541879858578,96.73554671727965,2.8549840570995855,16.925817171251424,147.16092855367202,150.0159126107716,87.25214593678446,104.17796310803588,true,true
10,20.0,143.41996341455842,96.93162423710274,2.4939413399396244,14.476918238272916,142.58879845926091,145.08273979920054,88.68676204561856,103.16368028389148,false,true
10,20.0,150.50306416310266,91.414412034348,3.382599822459781,16.749586254891085,149.35930218335506,152.74190200581484,82.18597623542104,98.93556249031212,true,false
10,20.0,150.83893429537426,97.55271619009008,2.8032723935180854,17.319899263092196,149.8418261806007,152.64509857411878,87.83419276964895,105.15409203274115,true,true
10,20.0,148.42168075050733,97.95037127058487,2.7273935867373496,16.92122461007925,147.49157090946227,150.21896449619962,88.52432695120262,105.44555156128187,true,true
10,20.0,151.29029206054264,101.27715899695018,2.596268300802251,16.85688268408383,150.36536983923614,152.9616381400384,92.04565986318877,108.9025425472726,false,true
10,20.0,151.679390524847,90.93815214191662,3.1828017651216385,17.2931099244949,150.5358482771947,153.71865004231634,81.3461653148833,98.6392752393782,false,false
10,20.0,151.82918478977365,91.3356946802281,2.9229553657721397,17.37780953938568,150.7132712968728,153.63622666264493,82.00347305313223,99.3812825925179,false,false
10,20.0,150.87236816009542,85.11861467521875,3.5669491316716915,15.398889192892781,149.5299651439569,153.0969142756286,76.76013842051506,92.15902761340784,true,false
10,20.0,150.60129185620167,80.60608268503046,3.5076408337386624,16.938760656758248,149.31075156851324,152.8183924022519,71.74226241692614,88.68102307368439,true,false
10,20.0,150.11990616252305,110.13590303215739,2.210988493199636,16.37638107207627,149.3681554722943,151.57914396549393,101.04906926273145,117.42545033480772,true,false
10,20.0,147.80917714813614,91.38578578713127,3.078601258132778,17.86775694932399,146.6440785152972,149.72267977342997,81.74418956614105,99.61194651546504,false,false
10,20.0,149.75465883358348,106.47169943937266,2.406814035603162,17.62815745729084,148.8801181935876,151.28693222919077,96.45288758625311,114.08104504354395,true,true
10,20.0,151.81755733623552,84.16459098790386,3.5609955415598336,17.26251261168386,150.57204966957045,154.13304521113028,74.82309972390114,92.085612335585,false,false
10,20.0,151.31234410366972,80.23392697287969,3.7624484201989787,16.12647327633657,149.89796258355202,153.660411003751,71.23854959889287,87.36502287522944,true,false
10,20.0,150.58393030458274,100.19275800761832,2.28765142941549,17.7595819212639,149.76464763950742,152.0522990689229,91.01031996372728,108.76990188499119,true,true
10,20.0,151.26297551100302,100.45878229150595,2.562528701193571,15.73374408753594,150.33398864298834,152.89651734418192,91.6359819826464,107.36972607018234,false,true
10,20.0,150.96776924557398,94.02143209209319,2.953508624002211,16.358998599615077,149.92285611604663,152.87636474004884,84.81178477623763,101.17078337585271,true,true
10,20.0,150.28557007845612,106.52829134222442,2.3505752995015143,16.72437876476502,149.4680078489063,151.8185831484078,97.22162013370931,113.94599889847433,true,true
10,20.0,151.6235599933152,99.09445254128414,2.659283744608956,16.216125484916304,150.6657342830572,153.32501802766615,89.92253289437399,106.13865837929029,false,true
10,20.0,151.51417522121636,80.52536233702673,3.675463527914104,17.226022532148107,150.14929701514498,153.82476054305909,71.41597280876731,88.64199534091541,false,false
10,20.0,150.52151016552952,93.83544863019858,2.8269944900260953,17.13014425398356,149.4728731489787,152.2998676390048,84.62265234613851,101.75279660012207,true,true
10,20.0,151.63595187390115,89.0824353944041,3.2778608590259637,17.085615782347105,150.4472594537193,153.72512031274528,79.77344685746114,96.85906263980824,false,false
10,20.0,150.7760215460318,89.68613539414075,3.22503757048716,16.285091486973386,149.6280815734905,152.85311914397766,80.95654349200085,97.24163497897423,true,false
10,20.0,150.90648683579312,98.6197891565226,2.9014578328417997,16.435599417433153,149.87974151330445,152.78119934614625,89.74849755188554,106.18409696931869,true,true
10,20.0,151.09692549885426,91.57080040138567,3.087002809496795,16.675758932859097,149.92149418088582,153.0084969903826,82.66929822846853,99.34505716132763,true,false
10,20.0,148.74456948933778,95.79930267207716,2.86826923665285,16.641543232592767,147.7500791040061,150.61834834065894,86.61242921748095,103.25397245007372,true,true
10,20.0,141.1428432673546,97.6137416767452,2.504906923565642,14.709884480455543,140.24428156247188,142.74918848603753,89.21431660263332,103.92420108308886,false,true
10,20.0,150.0757712632647,121.99289376740747,1.5031358626095823,13.206734276829934,149.54316559723193,151.04630145984152,113.87782830798065,127.08456258481058,true,false
10,20.0,151.24623687353375,91.85823315611299,3.0229264751957032,16.59177457701739,150.13809290634885,153.16101938154455,82.57118790809476,99.16296248511215,false,false
10,20.0,150.96606316525907,83.11707205352654,3.4211590444141677,17.288507308684032,149.68308929784942,153.1042483422636,73.66254446423024,90.95105177291427,true,false
10,20.0,150.13635015812895,99.95020035380387,2.590244780546925,16.647044810786667,149.2405373765506,151.83078215709753,90.55976326008546,107.20680807087213,true,true
10,20.0,151.98048819755542,88.64682596404846,3.2504982830069196,17.826987380996727,150.75146467937626,154.00196296238317,78.90005065994013,96.72703804093686,false,false
10,20.0,149.56885453182525,92.47508131908575,3.1710637556666654,18.049739016076373,148.44317189181825,151.61423564748492,82.97152876005926,101.02126777613563,true,true
10,20.0,145.9988878281491,89.67185104737618,3.136412435006747,16.050090088419907,144.88496893372974,148.02138136873648,80.61376620922968,96.66385629764959,false,false
10,20.0,148.22107832883114,93.62530954963266,2.9343122569666207,16.931882486884376,147.18509797262365,150.11941022959027,84.15449917481078,101.08638166169516,true,true
10,20.0,146.2746854329743,89.63852787365336,3.1457640184944466,15.261362653317647,145.1705983251643,148.31636234365874,81.26724553255944,96.52860818587709,false,false
10,20.0,143.81437271978223,98.17373191860786,2.3709842659546325,13.762590156138359,142.96748242914657,145.3384666951012,90.32792765204617,104.09051780818453,false,true
10,20.0,149.71269969786937,95.54369043320224,2.8106587490344452,17.583469656620963,148.72955275896436,151.5402115079988,85.6930680666248,103.27653772324577,true,true
10,20.0,148.5419899547453,96.12288156666864,2.950374828476015,17.501449941440484,147.49309854896654,150.44347337744256,86.4922690637939,103.99371900523438,true,true
10,20.0,150.93961205473317,108.32471089568924,2.1648836394593047,14.207339182498444,150.1627888023958,152.3276724418551,100.11912674707153,114.32646592956998,false,false
10,20.0,151.076571814172,87.21081249989501,3.318128697022786,18.026784182535977,149.8747725898762,153.19290128689897,77.6083223360169,95.63510651855287,true,false
10,20.0,151.6308427307389,97.48364255525516,2.9239143028442527,18.633152119583684,150.6096701869934,153.53358448983766,87.20319427401523,105.83634639359892,false,true
10,20.0,151.1684222027816,93.96025260827994,3.1082071149574517,16.19923493209015,150.06112049017,153.16932760512745,85.27574234014395,101.4749772722341,false,true
10,20.0,149.7729859284671,91.03529482840614,2.9127954250722894,18.26733749179516,148.7263561424412,151.6391515675135,80.61568606627995,98.88302355807511,true,false
10,20.0,148.88289014319685,93.21073691673698,2.887219589578393,16.584049886216533,147.84324039277251,150.7304599823509,84.2019304924412,100.78598037865774,true,true
10,20.0,151.2303980627599,85.16979823848476,3.3528010846019924,16.23052089990665,149.94063923694125,153.29344032154324,76.33453614239872,92.56505704230537,true,false
10,20.0,149.97930466512213,91.21778080248691,3.1325968271431464,16.11635371176193,148.85638378164796,151.9889806087911,82.39273071440434,98.50908442616627,true,false
10,20.0,149.87819603910225,85.1286878309086,3.4943427427089375,17.13265338322263,148.6682335382558,152.16257628096474,76.06703180701098,93.19968519023361,true,false
10,20.0,151.99719193468798,85.97701189687155,3.665912135447684,17.192765047612767,150.7118657480679,154.3777778835156,76.53012287308661,93.72288792069938,false,false
10,20.0,151.1760355795767,84.88441327863188,3.4833265995310967,16.988622716289356,149.90868179908057,153.39200839861167,75.5568015179449,92.54542423423426,true,false
10,20.0,151.14730109050564,90.00128850329463,3.160446903361759,17.26627994403198,150.01519731638783,153.17564421974959,80.69060985031693,97.95688979434891,false,false
10,20.0,150.69778344289296,113.86300618137747,1.975691857058706,16.7330354677094,149.99820660283737,151.97389845989608,104.23125361250885,120.96428908021825,true,false
10,20.0,148.74367667108845,94.33477021876107,3.045986667604552,17.410258147250886,147.6696177672776,150.71560443488215,84.67728713177117,102.08754527902205,true,true
10,20.0,150.5404808558252,112.59863682115704,1.9502190111814741,16.34843855159005,149.83139669531818,151.78161570649965,103.15868725197419,119.50712580356424,true,false
10,20.0,151.90388872540055,86.31790293443575,3.5818273167403163,17.189137244763202,150.5833078297942,154.1651351465345,77.1827638911854,94.3719011359486,false,false
10,20.0,150.58353696355726,91.12983167796418,3.1069309530689395,17.804445497297095,149.44681383534652,152.55374478841546,81.1410294392646,98.9454749365617,true,false
10,20.0,151.4960956185271,94.02905262020744,3.1464560376841746,17.64521994908118,150.43848370176914,153.58493973945332,84.33103221344939,101.97625216253057,false,true
10,20.0,150.77565394343125,86.68847698383965,3.340864751574969,17.339862360489562,149.63954331923267,152.98040807080764,77.12523145680531,94.46509381729487,true,false
10,20.0,149.27055584443977,84.79974267143774,3.331628774326987,16.316318638502025,148.0687389085502,151.40036768287717,75.89317944607217,92.2094980845742,true,false
10,20.0,145.67682631180816,91.3962429196323,3.00165011136491,16.583775300562777,144.55650720991204,147.55815732127695,82.08938555631822,98.673160856881,false,false
10,20.0,150.56151393286464,84.12472301233159,3.524726208296329,16.558749803385524,149.32437710447806,152.8491033127744,75.29305349575742,91.85180329914294,true,false
10,20.0,151.52758578117152,76.48136748170592,4.047303132351772,16.199498395567716,150.0417997810644,154.08910291341618,67.65952414723287,83.85902254280059,false,false
10,20.0,150.05418367412844,99.38963663086028,2.858029592543886,15.92632803578229,149.03319649710787,151.89122608965175,90.37545875814746,106.30178679392975,true,true
10,20.0,151.57187915699762,99.03287450294343,2.804298402496727,17.18716409374923,150.54574281485836,153.35004121735508,89.6265705205567,106.81373461430593,false,true
10,20.0,148.29208042971229,92.92286168233852,3.0299773516720734,16.6706802133086,147.19508382697177,150.22506117864384,84.02894842682973,100.69962864013833,true,true
10,20.0,151.6006057018933,94.60774860439167,2.977201219838662,16.1156143686015,150.5010990727902,153.47830029262886,85.84745424967512,101.96306861827662,false,true
10,20.0,151.578816450771,91.15351338530007,3.1120409027037113,17.942831773207757,150.47650555027275,153.58854645297646,81.43435878886045,99.37719056206821,false,false
10,20.0,149.19956589251734,82.0417934187916,3.7018076895315914,16.200791026515304,147.83919603774245,151.54100372727405,73.21990243797,89.42069346448531,true,false
10,20.0,148.12786163386602,88.21303436225176,3.222413237758019,15.499237017976725,146.98021591914653,150.20262915690455,79.82213193387477,95.3213689518515,true,false
10,20.0,142.82267163511847,95.40268427746418,2.418481406949553,15.564097355657879,141.95506750766347,144.37354891461302,86.74481839513356,102.30891575079144,false,true
10,20.0,150.25534033106632,92.83342828577827,3.124332531797336,16.694109449362827,149.0930347837127,152.21736731551005,83.5580190245443,100.25212847390712,true,true
10,20.0,150.0025137571069,88.89080248220128,3.407900905890102,17.24373186959022,148.77273372594615,152.18063463183626,79.68373434736483,96.92746621695505,true,false
10,20.0,151.51804954397693,99.90416352963535,2.6568076152948095,16.249219311057345,150.5952542928723,153.25206190816712,90.86350217666212,107.11272148771947,false,true
10,20.0,140.38397436765206,94.88231902272808,2.480622649364136,15.040205686737053,139.50539775410394,141.98602040346807,86.57497798269844,101.6151836694355,false,true
10,20.0,151.3316725336669,87.5918217163156,3.253906122147839,16.871008854349242,150.1159964402889,153.36990256243675,78.50815923373898,95.37916808808822,false,false
10,20.0,151.04092467758204,80.74392774085352,3.573494729381082,16.566320616614647,149.77147611171446,153.34497084109555,71.707762987626,88.27408360424064,true,false
10,20.0,150.23691817714266,88.99534815058931,3.2774180603781815,17.13725361180829,149.07711003572422,152.3545280961024,79.46798213883758,96.60523575064587,true,false
10,20.0,151.22798179046706,81.1071118486141,3.556301811787904,17.339485023686677,149.91505372937013,153.47135554115803,71.81528831418191,89.15477333786859,true,false
10,20.0,148.3218714060303,84.80090776051887,3.4420989207978607,16.177872923516034,147.12501962970654,150.5671185505044,75.71510516557214,91.89297808908817,true,false
10,20.0,150.1207219752429,98.60923406894742,2.4841582359814254,16.0974945290301,149.22292067673777,151.7070789127192,90.00674615900019,106.10424068803029,true,true
10,20.0,151.01938504212686,109.79412370149663,2.051987386610108,16.908884984919354,150.2744937519358,152.32648113854592,100.01618791335764,116.925072898277,false,false
10,20.0,151.86324932222163,87.64422198701837,3.478458658976024,16.818006367611147,150.59109589827244,154.06955455724847,78.28671180460078,95.10471817221193,false,false
10,20.0,151.33202200362396,90.9490555501927,3.3421105422593484,18.899126493691924,150.1018666468294,153.44397718908874,80.75280998216346,99.65193647585538,false,false
10,20.0,151.40004554760725,88.09568134692176,3.2144834275339633,16.912882007296673,150.18166448295176,153.39614791048572,79.01036940911925,95.92325141641592,false,false
10,20.0,151.02750854397448,102.8472296525427,2.58926961278695,16.892616056378372,150.08062151032962,152.66989112311657,93.24833012239122,110.1409461787696,false,true
10,20.0,149.6629156278899,111.68540269089038,2.0953861421188833,17.213337963814695,148.9490460827139,151.04443222483278,102.01199209857285,119.22533006238754,true,false
10,20.0,151.00265612707295,99.96034171776506,2.5084231579851917,17.934598346544945,150.08840645470602,152.5968296126912,90.4615612009742,108.39615954751915,false,true
10,20.0,149.0432981853174,97.6643267531804,2.6313397433166585,17.034710500911203,148.0853157388698,150.71665548218647,88.25342003420357,105.28813053511477,true,true
10,20.0,149.24897958301756,96.32699021159529,2.9146775109500425,17.058091184545503,148.2601033285007,151.17478083945073,86.93302574782805,103.99111693237356,true,true
10,20.0,149.233733210739,100.95893130714012,2.7180148473717622,16.14000387505959,148.32015951062675,151.0381743579985,92.155708577599,108.29571245265859,true,true
10,20.0,150.76219240551123,83.179196085118,3.502601055974793,18.390259980947434,149.48907787361117,152.99167892958596,73.03977296173821,91.43003294268564,true,false
10,20.0,149.80953170887804,86.20094072810046,3.356452404268282,16.67728969164567,148.56881878689208,151.92527119116036,77.17339963842231,93.85068933006798,true,false
10,20.0,150.82615612081958,100.6391348332079,2.576099631733655,17.831618579214094,149.91297575237178,152.48907538410543,90.96833517915974,108.79995375837383,true,true
10,20.0,150.08751354606576,89.34912637265094,3.155643137834687,16.248227830185158,148.96794201831025,152.12358515614494,80.30048213913254,96.5487099693177,true,false
10,20.0,151.4131502488379,92.3603515283748,3.1156306017911106,18.110161174486507,150.34289706568535,153.45852766747646,82.73667407666684,100.84683525115335,false,true
10,20.0,150.76441055494846,89.48699119510425,3.1060719908172416,15.426060125501735,149.61781243604517,152.7238844268624,80.66872505140591,96.09478517690765,true,false
10,20.0,149.74432251281672,90.88376071384938,2.955011739726018,15.95786672000601,148.69459466337693,151.64960640310295,81.84671161790263,97.80457833790864,true,false
10,20.0,149.14998342178473,88.16502735903663,3.1909361107354357,14.68157844085583,147.9616984729464,151.15263458368185,79.8437841018624,94.52536254271823,true,false
10,20.0,151.6196822981793,94.47092171918834,2.99929795556875,16.542094254912485,150.52191098900667,153.52120894457542,85.61787418320088,102.15996843811337,false,true
10,20.0,150.17027774350044,88.9621415993363,3.319691063433595,16.064667639020527,148.9911719256914,152.31086298912498,79.93987595747126,96.00454359649179,true,false
10,20.0,142.9065339473997,91.23539944056492,2.787170418491712,14.082826571757906,141.9014198749121,144.68859029340382,83.66544042769779,97.7482669994557,false,false
10,20.0,143.99839310587112,87.68435329999635,2.983193711927413,16.291643583403257,142.9242082273402,145.9074019392676,78.92250941211283,95.21415299551609,false,false
10,20.0,150.9001749191978,91.04950047943075,3.2895603780570184,16.248292919347534,149.70089878959578,152.9904591676528,82.07177521517511,98.32006813452264,true,false
10,20.0,150.29362404730554,95.62519415297314,3.058195993045473,16.90461365002544,149.20060332670874,152.25879931975422,86.42450073742758,103.32911438745302,true,true
10,20.0,151.75346958364958,90.45311284348229,3.3778760151980123,17.121247245206717,150.52587016323696,153.90374617843497,81.03036817904419,98.1516154242509,false,false
10,20.0,150.16971135633787,101.92410540270195,2.471857756173023,15.597735410067955,149.26927669822535,151.74113445439838,93.16181016383572,108.75954557390368,true,true
10,20.0,147.55497645736267,99.65420165332645,2.4737063145748834,15.432018218523226,146.67318685227448,149.14689316684937,90.81057314512474,106.24259136364796,false,true
10,20.0,150.80441442400019,95.9986725442624,2.84882301776463,16.175831077592974,149.8264197405514,152.67524275831602,87.01506432505906,103.19089540265203,true,true
10,20.0,151.49100498421035,90.42579158418279,3.282971911000203,18.59327027645365,150.30173024269837,153.58470215369857,80.77418462128757,99.36745489774123,false,false
10,20.0,151.1480638679484,92.72117286658886,2.957767316331001,16.97982144616192,150.04413333475688,153.00190065108788,83.25239148841818,100.2322129345801,false,true
10,20.0,152.14750276875193,80.8991182260732,3.793235033100842,15.797384105783806,150.87025411430392,154.66348914740476,72.14505268132358,87.94243678710738,false,false
10,20.0,149.538293573955,96.05070958963967,2.913579766638577,17.67700819636714,148.45498209859588,151.36856186523445,86.28983581365028,103.96684401001743,true,true
10,20.0,151.15607801011637,103.1296001836249,2.669848856527693,17.571356486644035,150.19979165223327,152.86964050876097,93.2890525544253,110.86040904106933,false,true
10,20.0,150.81505236533724,95.62005229606007,2.8686319844075854,17.8116604672675,149.7865247498007,152.65515673420828,85.99088649000917,103.80254695727668,true,true
10,20.0,150.3997224853421,94.00880625852675,2.8073001663848913,16.14860062821394,149.35385746128435,152.16115762766924,85.3359787180149,101.48457934622884,true,true
10,20.0,151.28178599789686,111.66637794762309,2.1162008575803384,15.17981971615535,150.52926671270905,152.64546757028938,102.57237030821804,117.75219002437339,false,false
10,20.0,150.6330738799236,88.35343402232874,3.262637885804196,16.524041575035042,149.53196819496353,152.79460608076772,79.51212789659455,96.03616947162959,true,false
10,20.0,150.8064452581121,82.44571485279593,3.4894615249827154,16.15953510313986,149.66260283918098,153.1520643641637,73.69644752597578,89.85598262911564,true,false
10,20.0,151.32540784154145,99.78631142860091,2.903180619995254,18.60053562830855,150.29611821784562,153.19929883784087,89.23713613355082,107.83767176185937,false,true
10,20.0,149.05880918374464,99.54594646858413,2.7817829118626207,16.053530013714166,148.0460435184953,150.82782643035793,90.97489888792641,107.02842890164058,true,true
10,20.0,150.02427127877286,91.37732322781645,3.2836538462250076,17.61833491708211,148.81480663471132,152.09846048093632,81.59023727993046,99.20857219701257,true,false
10,20.0,151.5910614634161,98.0256881622323,2.7494398603203933,17.21782624596557,150.62970736616404,153.37914722648443,88.18648113356376,105.40430737952933,false,true
10,20.0,151.14926300836777,88.9622670516253,3.1305123376907034,17.418892339552784,150.08169914625725,153.21221148394795,79.53088761425775,96.94977995381053,false,false
10,20.0,151.24671582381492,102.16254386043252,2.5124494008916827,17.47447814000374,150.33906768830076,152.85151708919244,92.78709791670803,110.26157605671177,false,true
10,20.0,150.97949085250087,93.33500101592051,3.154837218196036,16.137398718369496,149.82215000960468,152.97698722780072,84.19088964961674,100.32828836798623,true,true
10,20.0,149.986480751736,109.46763573241616,2.0543668317850745,15.100048230460516,149.24793404379233,151.3023008755774,100.8087026813225,115.90875091178302,true,false
10,20.0,150.31991438672927,90.76346517921985,3.119474026405527,16.931198664971888,149.21199066438047,152.331464690786,81.67477562861441,98.6059742935863,true,false
10,20.0,149.4824825171312,93.2191361365823,2.8094124707078834,16.02242334327552,148.46207217092615,151.27148464163403,84.35288989176281,100.37531323503833,true,true
10,20.0,149.75524214826945,107.35839338965671,2.3176395490618518,16.819560048293667,148.93876838546066,151.2564079345225,97.78859932558616,114.60815937387983,true,true
10,20.0,151.05259451491395,105.58173342854218,2.377921528077195,17.572271640519446,150.22204412015287,152.59996564823007,95.52538471726973,113.09765635778918,false,true
10,20.0,149.0205167166233,100.3434893856691,2.5288470265235787,17.166431060048353,148.1516103947825,150.68045742130607,90.83713151191633,108.00356257196468,true,true
10,20.0,151.80121021152922,90.82144187018986,3.1394145264132476,17.456310557525896,150.6849611012437,153.82437562765693,81.4405872990373,98.8968978565632,false,false
10,20.0,148.87206364159542,95.19910478208244,2.8404625657042857,17.57595147440837,147.85253211694598,150.69299468265027,85.51158532880417,103.08753680321254,true,true
10,20.0,150.19898167568147,99.60023591526745,2.484489168196859,18.369279866263938,149.30036663914714,151.784855807344,89.46819345639828,107.83747332266222,true,true
10,20.0,150.25895725355343,88.83860172088775,3.23297336956648,17.134545855275064,149.12031877158958,152.35329214115606,79.53968773747361,96.67423359274868,true,false
10,20.0,149.27747853992003,95.59362471141542,2.761689576667152,15.510001749626028,148.29098005617467,151.05266963284183,87.24855979166902,102.75856154129505,true,true
10,20.0,149.29536697740562,94.04426280054976,2.861336696879647,15.321550258016984,148.26759974907748,151.12893644595712,85.80297443822762,101.1245246962446,true,true
10,20.0,146.5891452446904,88.8022337216514,3.130605536821946,16.183538085064953,145.479877235452,148.61048277227394,79.75081321073662,95.93435129580158,false,false
10,20.0,149.59453794555233,96.44984748725048,2.7354452339622526,15.236378096661227,148.59967768627124,151.3351229202335,87.84764431262816,103.08402240928939,true,true
10,20.0,147.9258293407193,90.96224787128452,3.181742960339335,15.147966013066664,146.7905197498455,149.97226271018482,82.27007727141904,97.4180432844857,false,false
10,20.0,151.89901621673545,91.8496143848236,3.1194565644152306,16.269616603071086,150.72875193018285,153.84820849459808,83.01099605617588,99.28061265924697,false,false
10,20.0,149.60031461971096,81.55380393345757,4.068292595934707,16.726602517050807,148.07028564656886,152.13857824250357,72.24832084327967,88.97492336033048,true,false
10,20.0,150.72821614312446,99.84868470626003,2.5112321358560905,16.532843088039883,149.84063410983114,152.35186624568723,90.51053238400901,107.0433754720489,true,true
10,20.0,144.46830104920758,108.3291780298139,2.025594542869243,13.637067557649942,143.7495955911167,145.77519013398594,100.45934381385575,114.0964113715057,false,false
10,20.0,150.19444880266002,96.67537881525298,2.9940698769733842,15.770244945773541,149.1873935861302,152.1814634631036,87.71023033294182,103.48047527871536,true,true
10,20.0,149.63845097741947,100.06406409585432,2.5654540744569942,16.95274123459963,148.72349553004855,151.28894960450555,90.80852827593895,107.76126951053858,true,true
10,20.0,150.57762325636588,90.75649287370703,3.0324682374833287,15.89554868094254,149.43986954119183,152.47233777867515,81.88769488464739,97.78324356558993,true,false
10,20.0,148.4341756897608,101.39624792680249,2.417264851211854,16.538899371385938,147.59666813084203,150.0139329820539,92.03278322098157,108.57168259236751,true,true
10,20.0,149.77301008351031,99.80532862195362,2.6651937779695345,16.537198080229643,148.7937728259997,151.45896660396923,90.35416873289208,106.89136681312172,true,true
10,20.0,149.7835936623943,85.5875601617231,3.3176400109503277,14.824402375722542,148.59190902989837,151.9095490408487,77.38580728750028,92.21020966322283,true,false
10,20.0,149.64537166781088,106.26711461795604,2.3605198833209613,15.596625584924766,148.84834639673895,151.2088662800599,97.3150092625512,112.91163484747597,true,true
10,20.0,149.0239785206655,86.59171496283841,3.1993526320527508,17.21735081557395,147.8588372308903,151.05818986294304,77.29842849032141,94.51577930589536,true,false
10,20.0,149.80061883579893,97.32435984889798,2.8942995586902214,16.05870887820535,148.78689023309252,151.68118979178274,88.3384258915406,104.39713476974595,true,true
10,20.0,151.78440196327998,88.25297322714519,3.372413043253772,17.73921153581159,150.53694767140928,153.90936071466305,78.50989798026723,96.24910951607882,false,false
10,20.0,150.66907703482897,94.3203653187569,2.8204495656864026,17.143290370320727,149.63510016322613,152.45554972891253,85.03305797549882,102.17634834581955,true,true
10,20.0,148.5341353104322,88.072252983982,3.158094118182703,17.42796592832687,147.386061124073,150.5441552422557,78.9291616042187,96.35712753254558,true,false
10,20.0,145.52957897145396,88.8597866425738,2.854835425636935,16.415679277961218,144.4623982411126,147.31723366674953,79.5524021352258,95.96808141318702,false,false
10,20.0,144.43663064439812,98.67181491425325,2.5393270809751414,14.987618570514897,143.54652737885618,146.08585445983132,90.26149887408758,105.24911744460248,false,true
10,20.0,150.3045745002725,98.67164436611566,2.6753714507607924,15.989807109856812,149.35394317181425,152.02931462257504,89.62946308753094,105.61927019738775,true,true
10,20.0,151.72746946215415,86.89824578187631,3.495963510134743,17.679188597485336,150.51413658042088,154.01010009055562,77.240425023918,94.91961362140333,false,false
10,20.0,148.54171217639743,98.58547529702321,2.6179182063370092,17.281894756870386,147.5853763189382,150.2032945252752,88.60930675862365,105.89120151549403,true,true
10,20.0,150.85120007343346,92.76658044273277,2.823518938414054,17.144434399532955,149.83661497983348,152.66013391824754,83.5938325977327,100.73826699726565,true,true
10,20.0,150.2545883327158,88.10845807101086,3.0087987931154316,18.133863800973444,149.12428767074235,152.13308646385778,78.34850954203583,96.48237334300927,true,false
10,20.0,147.39171213617396,92.66497878410983,2.827775840645046,16.374522566934345,146.37616262277353,149.20393846341858,83.65332174108296,100.02784430801731,false,true
10,20.0,148.3416251592801,87.70000674629357,3.2030188940447033,16.130882308976794,147.18545057275634,150.38846946680104,78.83430839471629,94.96519070369308,true,false
10,20.0,150.51544510308753,97.67947162108621,2.8167537946347636,18.731826206214876,149.51124975285146,152.32800354748622,87.43833789981022,106.1701641060251,true,true
10,20.0,150.27698257620122,86.24534027048301,3.4497314744670007,16.698343851319322,149.0101701917742,152.4599016662412,77.15596750320539,93.85431135452471,true,false
10,20.0,151.62123858214164,98.71702359300258,2.967301493813295,17.463510871042132,150.6284310576398,153.5957325514531,88.96505244415647,106.4285633151986,false,true
10,20.0,150.52150444130132,108.59452007174946,2.1058235413343027,15.850965061765308,149.80552253575365,151.91134607708796,99.64103846729482,115.49200352906013,true,true
10,20.0,150.42811874765195,96.92556172583718,2.8492997245196534,16.68613270246604,149.34180928522278,152.19110900974243,87.81713129366997,104.50326399613601,true,true
10,20.0,145.18643313622522,97.8636007913826,2.3352750436879433,15.935502632678833,144.38770796274844,146.72298300643638,89.18007201856035,105.11557465123919,false,true
10,20.0,150.85344745459815,104.04944078134528,2.4275600581849517,17.100740383945777,149.94990531223573,152.37746537042068,94.70482018762576,111.80556057157153,true,true
10,20.0,149.7588895933548,94.07699533213165,3.1572034551900003,16.839690572889182,148.61785464784333,151.77505810303333,84.70613936988313,101.54582994277231,true,true
10,20.0,151.04766096264132,98.34668360079468,2.765618903154632,16.966919826869585,149.98443580815842,152.75005471131306,89.4861310258897,106.45305085275929,true,true
10,20.0,149.89991476888136,98.11636120362161,2.9011342930865567,16.1725930119497,148.93323387578516,151.83436816887172,89.02322405102784,105.19581706297754,true,true
10,20.0,152.0353202382479,87.08743657472208,3.3333496959684794,16.615082265096618,150.82589842640385,154.15924812237233,77.87217067425911,94.48725293935573,false,false
10,20.0,151.68195842136464,96.02851939222779,2.819152140525887,16.939420426359163,150.69390678764128,153.51305892816717,86.46069008027457,103.40011050663374,false,true
10,20.0,147.35355240517288,108.21731740817458,2.1142839200926744,16.363523484778327,146.6227870603071,148.73707098039978,98.80271808583122,115.16624157060954,false,true
10,20.0,150.94416542181563,93.24024101637585,2.87910142674113,18.115999843452414,149.8991640334017,152.77826546014282,83.32739217819696,101.44339202164937,true,true
10,20.0,149.4542593941071,95.10580904559316,2.6447110289461477,17.004182011782802,148.45240839392076,151.0971194228669,85.67570574500297,102.67988775678577,true,true
10,20.0,147.3538344899041,78.46842212717561,3.7975684236160703,16.812900465672257,146.00632745363302,149.8038958772491,69.60622195373911,86.41912241941137,false,false
10,20.0,151.19815734211411,93.90998898323468,2.96479577234561,17.327976602599364,150.10275694272775,153.06755271507336,84.34701253906196,101.67498914166133,false,true
10,20.0,150.07099865078902,88.86648008957121,3.5126627878671854,16.558233123753922,148.80170762701803,152.31437041488522,79.97684921706073,96.53508234081465,true,false
10,20.0,151.6786898391845,83.74810230723945,3.6232741267509994,16.931639881054977,150.3614296920791,153.9847038188301,74.55751221186483,91.48915209291981,false,false
10,20.0,151.05665389281106,88.45287705953695,3.347417517738819,16.147176712760597,149.8771778761478,153.22459539388663,79.49413649239118,95.64131320515177,true,false
10,20.0,151.58390709430228,83.42458239248194,3.715101634497614,15.912782453860856,150.3342783528172,154.0493799873148,74.71657805213817,90.62936050599903,false,false
10,20.0,150.73564515507533,96.85650441600706,2.7176154752755792,18.202599911000505,149.7282582492113,152.4458737244869,87.02186661932083,105.22446653032134,true,true
10,20.0,147.78455593344006,105.20987396086218,2.3535260001770553,16.675549201770664,146.97405336176257,149.32757936193963,96.02548593303938,112.70103513481004,false,true
10,20.0,150.43466402372093,91.70832916836983,3.3641154777850772,15.693653333409827,149.2720777125146,152.63619319029968,83.1796200483652,98.87327338177502,true,false
10,20.0,151.0497339613667,99.36634604312367,2.83956060525756,18.652205466573108,150.04414945142426,152.88371005668182,88.75815679890418,107.41036226547729,false,true
10,20.0,150.99824139012662,102.54323063041772,2.477763386256612,15.640933195569147,150.16039778685519,152.6381611731118,93.83349191423879,109.47442510980794,false,true
10,20.0,151.17314615525373,93.43879079867145,3.1270302879815404,16.136724862596225,149.9852914771924,153.11232176517393,84.50071795609288,100.63744281868911,true,true
10,20.0,151.72565421470065,96.80256217665008,2.966792769803419,17.608503555870612,150.68109984758908,153.6478926173925,86.98867738686562,104.59718094273623,false,true
10,20.0,140.57575607417317,104.17471184649817,1.9254814471318582,13.75998812769383,139.8714292301476,141.79691067727947,96.53552755946606,110.29551568715989,false,true
10,20.0,150.03350967702815,104.90339368451666,2.3440203464301703,17.718349077274084,149.21864642836545,151.56266677479562,94.57159826945689,112.28994734673097,true,true
10,20.0,151.58901127150838,90.87150888409755,3.103008120683711,15.864835402519162,150.41492757149214,153.51793569217585,81.97699690515933,97.84183230767849,false,false
10,20.0,151.9864087909579,90.27896835616227,3.2282565309537574,15.164673177395699,150.79531914489795,154.0235756758517,81.94473655497524,97.10940973237093,false,false
10,20.0,149.25592121906146,95.26335358247223,2.814867963358438,16.4077761835011,148.27967916105257,151.094547124411,86.31942746275183,102.72720364625293,true,true
10,20.0,149.46432001567416,87.19874125700815,3.330736700199367,16.76728737525532,148.2706993153482,151.60143601554756,78.21994295734955,94.98723033260487,true,false
10,20.0,147.9165940713698,107.19008194277914,2.259584261804804,14.7726649989755,147.0843300191425,149.3439142809473,98.71808807509548,113.49075307407098,false,true
10,20.0,149.39641990412474,107.25876055749669,2.2170044389879706,17.045620711842716,148.6290139891747,150.84601842816267,97.57004223660996,114.61566294845268,true,true
10,20.0,148.5896362060002,97.90047473239957,2.624191601197623,17.086502890238023,147.64462656844148,150.2688181696391,88.33484447616509,105.42134736640311,true,true
10,20.0,150.9602541626512,82.10498840557872,3.650428710653216,16.805212390424344,149.60149674058164,153.25192545123485,73.08599994903241,89.89121233945676,true,false
10,20.0,145.83109129104645,91.7519848071552,2.9700304422224804,14.927173690711086,144.76263722210376,147.73266766432624,83.55500778821674,98.48218147892783,false,false
10,20.0,151.77093065436702,91.03490611664225,3.1067726243707625,16.893308139599114,150.6418516365627,153.74862426093347,81.33048101866733,98.22378915826644,false,false
10,20.0,150.33772762041906,92.37795060262492,2.9799345899102434,17.596445816834176,149.23825901737604,152.21819360728628,82.82047765894696,100.41692347578113,true,true
10,20.0,151.34449192952707,93.95078937993188,3.0397308278946866,17.10925923637066,150.19823538175223,153.2379662096469,84.67770153785963,101.7869607742303,false,true
10,20.0,149.64168147589822,87.04812101010265,3.1251049787698832,15.937861818013985,148.54680057904127,151.67190555781116,78.22334654963359,94.16120836764757,true,false
10,20.0,151.06563503387554,104.30484207929621,2.4205300139443864,16.336262613126593,150.19761123089194,152.61814124483632,95.21991646177653,111.55617907490313,false,true
10,20.0,151.95310321767926,87.32590842611988,3.2727559420463024,16.75425768316819,150.7183241671981,153.9910801092444,78.08915763763105,94.84341532079924,false,false
10,20.0,145.88171435860187,102.68957922191126,2.3039105385682603,15.971432278172983,145.1044968714989,147.40840741006716,93.68943232155804,109.66086459973103,false,true
10,20.0,151.39877861940653,84.43083629281585,3.4703806423196397,15.776282908653613,150.1639155309149,153.63429617323453,75.76830305656324,91.54458596521685,false,false
10,20.0,150.66079765539948,99.45781970417977,2.808899148498824,17.211657935690965,149.69583324405238,152.5047323925512,90.14163950985,107.35329744554096,true,true
10,20.0,149.90416955438462,112.0017308399859,1.933334692026591,17.030473072576214,149.2114789800154,151.144813672042,102.05498735505046,119.08546042762667,true,false
10,20.0,149.62821845205283,88.76189912744094,3.3108740162693095,16.119071875065785,148.39422773320715,151.70510174947646,80.09684243469732,96.21591430976311,true,false
10,20.0,150.74371261486812,102.20977236546355,2.5344862022675443,15.530407757605744,149.83548463764225,152.3699708399098,93.32434033969835,108.8547480973041,true,true
10,20.0,151.3883501383396,87.40861868693808,3.2002267087072482,16.71080645535791,150.21950045686182,153.41972716556907,78.085863690874,94.79667014623192,false,false
10,20.0,147.56091088509967,83.93986235294645,3.4193385610822986,15.895577671555415,146.40376837078674,149.82310693186903,75.13236689204905,91.02794456360446,false,false
10,20.0,146.22824213113614,93.72628075044841,2.9494646884485007,13.590858738900295,145.15509414107797,148.10455882952647,86.02714339694046,99.61800213584075,false,false
10,20.0,148.663807046555,95.51910751898926,2.7621660962009855,16.301848040837996,147.72325010540817,150.48541620160915,86.47833702492039,102.78018506575839,true,true
10,20.0,149.1139361515441,97.54906386679502,2.784214729427134,16.773634322582893,148.10679580298347,150.8910105324106,88.1811713774496,104.9548057000325,true,true
10,20.0,149.24356416094008,85.25306345786225,3.5375925145674216,16.25167924543254,147.97986252139984,151.51745503596726,76.77987981879745,93.03155906423,true,false
10,20.0,150.75125025779653,89.03593132586994,3.1296608067005707,16.241541131863457,149.6361492477828,152.76581005448338,79.85590773880405,96.0974488706675,true,false
10,20.0,149.3636241857272,89.41488435915328,3.2570929039015653,17.100990627427166,148.2170995269166,151.47419243081816,79.89997776667946,97.00096839410662,true,false
10,20.0,150.66752754821525,95.50925778215596,2.7666356697895935,16.922651454213323,149.62261080557752,152.38924647536712,86.04679326681708,102.9694447210304,true,true
10,20.0,150.83575391828828,88.58850230589996,3.1358607418539464,16.361469501567157,149.6932546504384,152.82911539229235,79.35446833967197,95.71593784123912,true,false
