ndata,sigma,theta1_median,theta2_median,theta1_iqrs,theta2_iqrs,quartiles1_1,quartiles3_1,quartiles1_2,quartiles3_2,theta1_coverage,theta2_coverage
200,20.0,147.58354282389647,99.98229759052717,2.3342882783186383,0.10219150533686161,146.4954883255992,148.82977660391785,99.9176275874621,100.01981909279897,false,true
200,20.0,151.0766053064392,99.9682928801804,2.5357170779250566,0.10973029478375906,149.90472665370064,152.4404437316257,99.89850896772916,100.00823926251292,true,true
200,20.0,151.60687284822762,100.02735939492936,2.6429883873023527,0.1140295362720849,150.34304477019356,152.9860331574959,99.9557121215754,100.06974165784749,false,true
200,20.0,150.87291000079767,100.1667341928435,2.6819450251825288,0.11005919867490377,149.6667538773793,152.34869890256184,100.09619926802128,100.20625846669618,true,false
200,20.0,150.86092849245807,99.97414208311528,2.539600176132467,0.10564210987112688,149.64405299527857,152.18365317141104,99.90749029793008,100.01313240780121,true,true
200,20.0,151.91782746465103,100.1266629946083,2.4155915243132426,0.12092848182349769,150.80114812329913,153.21673964761237,100.04812905923302,100.16905754105652,false,false
200,20.0,150.17237457189879,100.2138530104236,2.4468964310486285,0.11037246608209728,149.0610054219789,151.50790185302753,100.14181693357006,100.25218939965215,true,false
200,20.0,152.20232981542287,100.15407673711954,2.760327877266292,0.11227274832393164,150.87927635952818,153.63960423679447,100.08187277431759,100.19414552264152,false,false
200,20.0,149.4072919300152,100.05189644812286,2.460017819675471,0.106230774097682,148.209574268317,150.66959208799247,99.98368774118221,100.08991851527989,true,true
200,20.0,149.70816970503012,99.97219004891511,2.7590872741565704,0.10966118639208844,148.36869245568238,151.12777972983895,99.90332170282203,100.01298288921411,true,true
200,20.0,146.99455620488186,100.02009055271617,2.810736462420465,0.10710568815639476,145.63720866792633,148.4479451303468,99.95155754458963,100.05866323274603,false,true
200,20.0,150.28103671473448,100.1175293475224,2.615546695204557,0.10985442220129471,148.99391114343103,151.6094578386356,100.05007146162039,100.15992588382169,true,false
200,20.0,151.58126137243005,100.02321638282784,2.3008129021173716,0.11325022197992496,150.5126711792692,152.81348408138658,99.95291131393844,100.06616153591837,false,true
200,20.0,153.8655430053272,100.36943745088456,2.779214185054826,0.12126781516583662,152.54560838209116,155.324822567146,100.29062199333906,100.4118898085049,false,false
200,20.0,148.56014593439977,99.94589375613492,2.5967718701274407,0.10858051321596918,147.31935497814413,149.91612684827157,99.87664675210837,99.98522726532434,false,false
200,20.0,151.68242127768474,99.93593510322695,2.767949933127454,0.1107225076261642,150.35365247753506,153.12160241066252,99.86656455172839,99.97728705935455,false,false
200,20.0,150.5877136111093,99.93570869217693,1.9833799423998926,0.11159777321472575,149.67627416337763,151.65965410577752,99.86704197523989,99.97863974845461,true,false
200,20.0,146.9251341098497,100.00680859009407,2.51612314669282,0.10280851729829976,145.75478149995232,148.27090464664514,99.9417115994674,100.0445201167657,false,true
200,20.0,148.3784690860939,100.01298727978886,2.600118406300652,0.10706077273302128,147.1398802136993,149.73999861999997,99.94547148689993,100.05253225963295,false,true
200,20.0,149.46045750208845,99.95168747739021,2.0370517127671235,0.1076770615941598,148.5222996432729,150.55935135604003,99.88434111196113,99.9920181735553,true,false
200,20.0,147.4705372247165,100.11811905558918,2.5512506318027874,0.10107255436483342,146.30401311422776,148.85526374603054,100.05501320973106,100.15608576409589,false,false
200,20.0,151.02310171138953,100.12733219764719,2.809324837355234,0.10931143200858173,149.64935681519023,152.45868165254547,100.05906129694324,100.16837272895182,true,false
200,20.0,148.24285881281156,99.93653554671562,2.521312930015597,0.09865586950107286,147.0362365208157,149.5575494508313,99.874195061841,99.97285093134207,false,false
200,20.0,153.39078800443963,100.07930395931095,2.771457829459507,0.12432142015958902,152.07647339598446,154.84793122544397,100.00041237851943,100.12473379867902,false,false
200,20.0,152.0604522601946,99.92749426114145,3.086137013236197,0.11517327448552805,150.60776961587788,153.69390662911408,99.85635940288864,99.97153267737417,false,false
200,20.0,149.12305656763556,99.96220571821704,2.6026976465889504,0.10632667413921126,147.8974821478167,150.50017979440565,99.89551279861354,100.00183947275275,true,true
200,20.0,150.7037735390233,99.931371344864,2.5539557773629156,0.12005760032857893,149.53103375201968,152.0849895293826,99.85829469030894,99.97835229063752,true,false
200,20.0,151.59631609577394,100.04757128322146,2.8931652375799786,0.11982610163322249,150.13321184919576,153.02637708677574,99.97163019426017,100.0914562958934,false,true
200,20.0,150.0833266313271,99.95748902211814,2.3884965106981895,0.10879143881520292,148.99021351577238,151.37871002647057,99.88893398083741,99.99772541965261,true,false
200,20.0,150.13767291845807,99.95789315292554,2.7588755415884805,0.10778584909164124,148.8651538069296,151.6240293485181,99.88992141552936,99.997707264621,true,false
200,20.0,147.30645650942427,100.0192227623192,2.613229813639663,0.10136530066270666,146.07164912862993,148.6848789422696,99.95547819712158,100.05684349778429,false,true
200,20.0,152.30338682251096,99.9443294103441,2.3040413799935493,0.12034216203434767,151.25483669570966,153.5588780757032,99.86801011068428,99.98835227271863,false,false
200,20.0,146.2165415219183,100.04703690652944,2.3302532336619777,0.10416757149292266,145.13728276374974,147.46753599741172,99.98009233156543,100.08425990305835,false,true
200,20.0,146.1836844884639,100.09308872859123,2.360260997026245,0.10415770496257437,145.0958429120887,147.45610390911494,100.02659767405005,100.13075537901263,false,false
200,20.0,151.1779828121499,100.12853525994629,1.541308549156014,0.11454828839283948,150.5186753680748,152.05998391723082,100.05691868003865,100.17146696843149,false,false
200,20.0,151.2392726105469,100.05635539206799,2.866439183649959,0.11943133254601435,149.8579432601715,152.72438244382147,99.98029083126337,100.09972216380939,true,true
200,20.0,147.81271806586795,100.02298162119756,2.500856166371676,0.10532904923272213,146.68176112180038,149.18261728817205,99.95597554091812,100.06130459015084,false,true
200,20.0,151.65691911396019,100.06975421859215,2.1927424110266713,0.10585049112556533,150.61598473726067,152.80872714828735,100.00263102568785,100.10848151681341,false,false
200,20.0,150.46730752323674,100.02518994129125,2.1168315556329276,0.10552463470752116,149.49092530842398,151.6077568640569,99.95644360673218,100.0619682414397,true,true
200,20.0,151.59958776607613,99.95730626188323,2.8683004953801685,0.11621106363097056,150.281182862195,153.14948335757518,99.88657311392717,100.00278417755814,false,true
200,20.0,152.5772414986394,100.11812610366135,2.5151320896700895,0.11545354805454622,151.39193645084498,153.90706854051507,100.04486759707919,100.16032114513374,false,false
200,20.0,151.66445772055374,100.28596702157296,2.602196128487435,0.11356744250049644,150.36906850495677,152.9712646334442,100.21366440952855,100.32723185202904,false,false
200,20.0,150.1806565553361,100.17086438925219,2.662309862987968,0.11007593685376094,148.93998465291747,151.60229451590544,100.10084824669872,100.21092418355248,true,false
200,20.0,152.8656938345635,99.93619463802986,2.5633324714223704,0.12185407867444553,151.64428965604858,154.20762212747096,99.85744376037076,99.9792978390452,false,false
200,20.0,150.73244318780556,100.07002056132615,2.56757326475352,0.11021069628822033,149.52042495487487,152.0879982196284,100.000112000915,100.11032269720322,true,false
200,20.0,152.4679093423321,99.99888804070667,2.813304345243381,0.12098737658126879,151.2018818978428,154.0151862430862,99.92192220623195,100.04290958281322,false,true
200,20.0,150.70750968713057,99.99246551516131,2.332434258824094,0.10470313294877087,149.5860072196905,151.91844147851458,99.9269905775143,100.03169371046307,true,true
200,20.0,149.44469905458226,99.95342249006941,2.463238677608416,0.11328913343703562,148.31007948984043,150.77331816744885,99.88317616639063,99.99646529982766,true,false
200,20.0,150.04001592710506,99.94252818637324,2.527484105885037,0.1089516585196435,148.83856150459707,151.3660456104821,99.87495339254546,99.98390505106511,true,false
200,20.0,149.8128586239524,99.99317869909032,2.175928961445692,0.10376063333943364,148.7939328732393,150.969861834685,99.9275781134545,100.03133874679394,true,true
200,20.0,149.62207669362067,99.99052474451969,2.205197480338427,0.10593244739378349,148.532241257191,150.73743873752943,99.92408807182684,100.03002051922063,true,true
200,20.0,152.15055215415234,99.93752680520541,2.656112262042342,0.11270999130682924,150.90218323592157,153.5582954979639,99.86683159266659,99.97954158397341,false,false
200,20.0,152.0029224405963,100.07207119438974,2.5804357738230976,0.11452171072200201,150.7704039822709,153.350839756094,100.00056197529958,100.11508368602158,false,false
200,20.0,150.75397364371034,99.97897056283247,2.7363756663637275,0.11516575231833315,149.48619446780913,152.22257013417286,99.90641977191825,100.02158552423658,true,true
200,20.0,151.51172486995517,99.96654424392723,2.750433744163985,0.11335046246996683,150.2265419134648,152.9769756576288,99.89474840665571,100.00809886912567,false,true
200,20.0,149.76398733883875,99.99306816744436,2.517365356151373,0.11415420330442316,148.59968174899083,151.1170471051422,99.91923231025126,100.03338651355568,true,true
200,20.0,149.2655227116112,99.95712965418663,2.5122323095808383,0.10487795562937663,148.07541256149352,150.58764487107436,99.89186204470414,99.99674000033352,true,false
200,20.0,149.06249513818028,99.98905956120375,2.424757521948152,0.10447991478811502,147.9578271535224,150.38258467547055,99.92355157813878,100.0280314929269,true,true
200,20.0,150.05959862744442,100.14031590784344,2.4371063253310012,0.10002423113935777,148.8890724404512,151.3261787657822,100.07839337240843,100.17841760354779,true,false
200,20.0,150.31396213544332,100.03724019733664,2.565058059131701,0.11634818744596487,149.07564604450843,151.64070410364013,99.96411610427339,100.08046429171935,true,true
200,20.0,149.53638047248592,100.07954451595714,2.2025351449983077,0.11636917833918403,148.52053213399265,150.72306727899095,100.00646757558474,100.12283675392392,true,false
200,20.0,149.30363359265286,99.9373345338869,2.5077654571234405,0.10918907951820245,148.13666289449247,150.64442835161591,99.86937168672881,99.97856076624701,true,false
200,20.0,148.1124786199403,100.01320315271377,2.521815251173848,0.10304314280153903,146.90359401189923,149.42540926307308,99.94861493211044,100.05165807491198,false,true
200,20.0,149.0227345184986,100.05360454242245,2.078625811853783,0.11244136553851547,148.08151233181502,150.1601381436688,99.98194623477545,100.09438760031396,true,true
200,20.0,149.85979356650932,99.9475472918112,2.7335069578100786,0.11303753614670597,148.5427883818689,151.27629533967897,99.87707399950426,99.99011153565097,true,false
200,20.0,150.15369165117772,99.99710560632496,2.474084787919452,0.11038514319999138,149.00756970395275,151.4816544918722,99.92804149393318,100.03842663713317,true,true
200,20.0,150.20495842808432,99.99939352202823,2.567316474616007,0.10708532306793472,148.9767626086669,151.5440790832829,99.93138702419816,100.0384723472661,true,true
200,20.0,147.4799393689571,99.96407845255088,2.466453914649975,0.10394806095560227,146.28370942339936,148.75016333804933,99.89969673753981,100.00364479849542,false,true
200,20.0,153.0424490298554,100.16434648051691,3.0265687788826767,0.12726635164347044,151.60971531966973,154.6362840985524,100.08199264659869,100.20925899824216,false,false
200,20.0,150.07156096256588,100.10933671007137,2.438722968840807,0.11088606227455955,148.9595643581587,151.3982873269995,100.0391302735586,100.15001633583316,true,false
200,20.0,149.14863349616152,99.94768136324083,1.8372083447543446,0.11263564224901756,148.32004843403325,150.1572567787876,99.87749562720123,99.99013126945025,true,false
200,20.0,148.7587545308642,99.94102132404473,2.2504189518416524,0.10348748857497014,147.69751433132697,149.94793328316862,99.8765202822327,99.98000777080767,false,false
200,20.0,152.08575377461128,99.93462656285844,2.891661756506096,0.1166340604555387,150.72251039921332,153.61417215571942,99.86083974211797,99.97747380257351,false,false
200,20.0,148.62056515313492,99.95781873032163,2.687067144182521,0.10826983137941681,147.32077565118826,150.00784279537078,99.88988265132107,99.99815248270049,true,false
200,20.0,148.83482220066256,99.96438571530923,2.6268260435483626,0.11031200294210919,147.54743741688858,150.17426346043695,99.89183939451675,100.00215139745886,true,true
200,20.0,148.987789553762,100.10870146773127,2.2571359061302303,0.10202033181577974,147.89312013801617,150.1502560441464,100.045970882852,100.14799121466778,true,false
200,20.0,148.07391603996,99.93945605307974,2.6676505987838084,0.10811619045392717,146.78120830030352,149.44885889908733,99.87113866793837,99.9792548583923,false,false
200,20.0,152.2820851125838,99.97788437854541,2.661299250320212,0.11676782582996736,151.06386646903178,153.725165719352,99.9049483732697,100.02171619909967,false,true
200,20.0,147.66705752011208,100.38295238504926,2.578802050542066,0.10306048486282293,146.4342440911397,149.01304614168177,100.31820578036536,100.42126626522818,false,false
200,20.0,149.2328021140546,99.98569990764773,2.4243440381607684,0.1094999852207934,148.04426405534957,150.46860809351034,99.91666134671124,100.02616133193203,true,true
200,20.0,149.0312713130005,100.10969377298846,2.358394244178868,0.11070229555694766,147.91662117070197,150.27501541488084,100.041431156701,100.15213345225794,true,false
200,20.0,149.11382885408466,99.93909287703192,2.361217347181821,0.1064279973180362,147.99047328866982,150.35169063585164,99.87112156988883,99.97754956720686,true,false
200,20.0,148.4003161546754,100.03346206567213,2.5311591055749716,0.10735404369111734,147.18952558188008,149.72068468745505,99.967033947859,100.07438799155011,false,true
200,20.0,153.1518060271834,99.93276980726763,2.6472514720389313,0.12072713032434024,151.8348265134805,154.48207798551942,99.85710299623275,99.9778301265571,false,false
200,20.0,149.06846100840386,99.9578563001499,1.9785501307896425,0.10587655470035884,148.14896361352828,150.12751374431792,99.89131147654771,99.99718803124807,true,false
200,20.0,148.09812747367772,100.14317403544833,2.737758662636594,0.10527417415435991,146.85324724939912,149.5910059120357,100.07949750890613,100.18477168306049,false,false
200,20.0,147.702791496825,99.9569507730776,2.249184776369873,0.10059812774454713,146.68733481439034,148.9365195907602,99.8942919034642,99.99489003120874,false,false
200,20.0,151.43831632608067,99.97519040197784,2.563877309497201,0.11365627793658462,150.23700764628097,152.80088495577817,99.90440645623967,100.01806273417625,false,true
200,20.0,151.21891593361536,100.02246931586308,3.0811343430643205,0.11563245911941067,149.76633708876105,152.84747143182537,99.9511363626772,100.06676882179661,true,true
200,20.0,148.88975134712345,99.93571379915213,2.543602228512867,0.10707803292100948,147.63806845691715,150.18167068543002,99.86774166163461,99.97481969455562,true,false
200,20.0,152.257611041579,99.93512653904861,2.997309011208614,0.11713672234581907,150.82250769691228,153.8198167081209,99.86068544668343,99.97782216902925,false,false
200,20.0,147.45338518315276,99.96645793704536,2.787095392343332,0.11172562933690244,146.1429978489735,148.93009324131683,99.89748599685153,100.00921162618843,false,true
200,20.0,153.0567294706937,100.02626260801594,2.6104446907006036,0.12210704478140144,151.82178965226896,154.43223434296956,99.94926256012177,100.07136960490317,false,true
200,20.0,152.38414565035393,100.16454579422646,2.6695114855334907,0.11573847468589804,151.14558732462618,153.81509881015967,100.09150789769174,100.20724637237764,false,false
200,20.0,146.3496796274457,99.96766323939211,2.310018846560638,0.10267209849578762,145.24135997241456,147.5513788189752,99.9040040210263,100.00667611952208,false,true
200,20.0,151.3390321260232,99.9793134312982,1.9398970432082194,0.11307358141149848,150.4594569706222,152.39935401383042,99.90860803288638,100.02168161429788,false,true
200,20.0,150.61974112903852,100.08410812009743,2.8324641210346897,0.11844215772448763,149.20530839853555,152.03777251957024,100.01000683818467,100.12844899590915,true,false
200,20.0,150.73685010289742,99.96772576523483,2.4654534839123983,0.10419157785548805,149.57688731846775,152.04234080238015,99.90241010552819,100.00660168338368,true,true
200,20.0,148.82730167695362,99.94379889503124,2.52428825514275,0.1127672657075891,147.66700756861027,150.19129582375302,99.87224296410201,99.9850102298096,true,false
200,20.0,151.44143029225268,100.04064031950637,2.8481702695198976,0.11914073784349455,150.06299161017427,152.91116187969416,99.96535630673202,100.08449704457551,false,true
200,20.0,147.4113584470465,100.0734901441334,2.58042078302708,0.10784934653747769,146.16867292415566,148.74909370718274,100.00633658137828,100.11418592791576,false,false
200,20.0,151.29170172265196,100.01289518610284,2.474085666187335,0.10628737491774132,150.13029793372434,152.60438359991167,99.94545275219907,100.05174012711682,false,true
200,20.0,152.19888187232706,100.21785301380943,2.9323358771563335,0.1127129711646262,150.770566546669,153.70290242382532,100.1453530945953,100.25806606575992,false,false
200,20.0,151.01640197275407,99.93528208262752,2.655853354962886,0.11681884330744197,149.7466968095955,152.4025501645584,99.86344928715742,99.98026813046486,true,false
200,20.0,144.04728514999238,100.0336713277427,2.2825371630750624,0.09513190719431464,142.97771842845384,145.2602555915289,99.97336610740442,100.06849801459873,false,true
200,20.0,150.2139047185367,100.00933173421608,2.1487696644369123,0.11738058441513033,149.18637905491553,151.33514871935245,99.93465314942449,100.05203373383962,true,true
200,20.0,150.3497207070231,99.93624822065607,2.8838824119933975,0.10919065763697233,148.99731341922256,151.88119583121596,99.86699027103481,99.97618092867178,true,false
200,20.0,149.14775946982616,99.98727684192906,2.5997476365788543,0.11038008412263878,147.9501796665068,150.54992730308567,99.91544447319723,100.02582455731986,true,true
200,20.0,151.2195714085649,99.9411331866547,2.549612990080533,0.11139394868027352,150.0238270593827,152.57344004946324,99.86914415249113,99.9805381011714,false,false
200,20.0,152.6885667628434,99.93164710786789,2.5056030440600523,0.1223278767180318,151.55939464697434,154.0649976910344,99.85547298208472,99.97780085880275,false,false
200,20.0,150.18079530575352,100.08971814963823,1.8845053306822308,0.11061765017745984,149.31154128663474,151.19604661731697,100.02319525473649,100.13381290491395,true,false
200,20.0,146.82503550073656,100.19519426165525,2.278708909506719,0.09898890559574625,145.72479520582402,148.00350411533074,100.12979594395514,100.22878484955089,false,false
200,20.0,152.35927150033865,100.01427126563337,2.505404534918938,0.11157420274814456,151.16121980551745,153.66662434043639,99.94445114758918,100.05602535033732,false,true
200,20.0,150.5304525478656,99.9468566173797,2.662910452958215,0.11107394030531736,149.28348383217184,151.94639428513005,99.87584035571794,99.98691429602326,true,false
200,20.0,149.78787847658108,99.93628270582124,2.4656129539411893,0.10939380787300479,148.669396303864,151.1350092578052,99.86668340563006,99.97607721350306,true,false
200,20.0,150.17694673221203,99.97562563940338,2.6178992803157257,0.10935264494088415,148.92658598843653,151.54448526875225,99.90755442217872,100.0169070671196,true,true
200,20.0,150.21830314221907,99.96120107893898,2.340549018217331,0.11058379031182142,149.15963729113398,151.5001863093513,99.89086547749422,100.00144926780604,true,true
200,20.0,150.27066935164365,100.00504904121675,2.4523671470495003,0.11690714577025574,149.18758696465744,151.63995411170694,99.9322987540222,100.04920589979245,true,true
200,20.0,149.71641587247993,99.93934413344937,2.825233380820464,0.11059636842364284,148.3743563788777,151.19958975969817,99.87047401952202,99.98107038794566,true,false
200,20.0,154.1422247464601,100.12998980322078,2.9442399968231143,0.12111942233535444,152.74697260154994,155.69121259837306,100.05176181433733,100.17288123667268,false,false
200,20.0,151.53638123773058,99.984288485702,2.689027688146467,0.11751503128262186,150.26191185898722,152.9509395471337,99.91049716629658,100.0280121975792,false,true
200,20.0,149.99385857282184,99.96626373352532,2.680171345251864,0.11203042812857689,148.69158544349446,151.37175678874632,99.89564434535873,100.00767477348731,true,true
200,20.0,146.6574003235483,100.0054335997942,2.490208744475609,0.1037481133142677,145.48277500681303,147.97298375128864,99.9395190617025,100.04326717501677,false,true
200,20.0,150.52791319983078,99.94281360430756,2.421318269155222,0.11220159189029744,149.43413624370405,151.85545451285927,99.87253885876669,99.98474045065699,true,false
200,20.0,154.04160832628577,100.13565417146933,2.999381516427576,0.1240149738043641,152.6057870555366,155.60516857196419,100.05516508314555,100.17918005694992,false,false
200,20.0,149.70258846629207,99.93947705771983,2.4860289200732097,0.11020151495357311,148.5320993557921,151.0181282758653,99.86910579604066,99.97930731099423,true,false
200,20.0,146.53338967582786,99.93367744970968,2.3882386575265286,0.1057903246650369,145.4027000258533,147.79093868337984,99.86725788113736,99.9730482058024,false,false
200,20.0,149.69363398978334,100.1292918362885,2.6005695456174465,0.11079854317551963,148.47187139606714,151.0724409416846,100.05947340664807,100.17027194982359,true,false
200,20.0,151.31588596272985,99.93696640078457,2.569520653617076,0.11282068661546418,150.0946386479838,152.66415930160088,99.8663317168723,99.97915240348776,false,false
200,20.0,149.48632867721523,100.05789148008074,2.3031548419883734,0.11006942841804346,148.42788388091145,150.73103872289983,99.98904446651551,100.09911389493355,true,true
200,20.0,150.40034700752003,100.11299206681485,2.519006655055364,0.11434944475612951,149.21505559294937,151.73406224800473,100.04007372629928,100.15442317105541,true,false
200,20.0,147.68815445928414,100.15499036642561,2.9991259163926998,0.10870811325112584,146.3091458324496,149.3082717488423,100.08589493035926,100.19460304361039,false,false
200,20.0,150.57368975390045,99.92980882507916,2.54102291414506,0.11275846384995702,149.38687914384803,151.9279020579931,99.85928017166378,99.97203863551374,true,false
200,20.0,148.155706848261,100.0180376908927,2.458321455195943,0.10622930293261845,147.02364265026807,149.48196410546402,99.95097869840392,100.05720800133653,false,true
200,20.0,150.12296305356423,100.10051991031031,2.3016757743166067,0.11182991432076506,149.0427208847173,151.34439665903392,100.02837979851893,100.14020971283969,true,false
200,20.0,149.67661697734653,100.33790887665644,2.0883570888558154,0.10482787371071822,148.75938647421907,150.84774356307489,100.27143057393599,100.3762584476467,true,false
200,20.0,150.37586495807932,99.95950192824841,2.483384571749184,0.1052914815796413,149.22047364843695,151.70385822018613,99.89320841150254,99.99849989308218,true,false
200,20.0,149.44958488058376,100.0960374484076,2.6373477972863952,0.11498557566847012,148.22514817342852,150.86249597071492,100.02200597627737,100.13699155194584,true,false
200,20.0,153.03844427990134,100.00250107813984,3.0072355085020774,0.12218520857705073,151.5944729221179,154.60170843061996,99.92414639608988,100.04633160466693,false,true
200,20.0,151.88495547891392,99.99709278744385,2.560134454185487,0.11242588212620319,150.69768108429227,153.25781553847776,99.92536738260318,100.03779326472939,false,true
200,20.0,150.8732560453655,99.96735326340146,2.5620537798982923,0.10857809053797496,149.6420924975804,152.20414627747869,99.89913818262826,100.00771627316624,true,true
200,20.0,150.98930726713945,99.93573295666513,2.326910663011489,0.1121873576427248,149.92900700136542,152.2559176643769,99.8653841132259,99.97757147086863,true,false
200,20.0,150.95787144492374,100.12957709408427,2.9745281388886156,0.10852109693648515,149.5739351620325,152.54846330092113,100.05786275804975,100.16638385498624,true,false
200,20.0,152.25260759745143,99.95150958204859,2.9470771901344506,0.11530950001029794,150.85352319860172,153.80060038873617,99.8781445563597,99.99345405637,false,false
200,20.0,151.41331874969833,100.03575468331022,2.6133137950523917,0.11147404527501692,150.1888098337822,152.80212362883458,99.96753133392345,100.07900537919846,false,true
200,20.0,150.19402226003396,99.98400412736036,2.576314580867688,0.11223520410831611,148.9769790738728,151.5532936547405,99.913429861814,100.02566506592231,true,true
200,20.0,151.08271636641814,99.96263375283237,2.3841485828129407,0.115528168464067,149.9875391762884,152.37168775910135,99.88977448382494,100.005302652289,true,true
200,20.0,149.54087171864327,99.94074934394501,2.6472699329800093,0.1057181189509322,148.22188816680065,150.86915809978066,99.87422009543626,99.97993821438719,true,false
200,20.0,150.02498045781098,99.98380210498959,2.2955447239141904,0.11721414492021154,148.94655441805014,151.24209914196433,99.90826745889322,100.02548160381343,true,true
200,20.0,148.37584653909656,99.99951896889371,2.4478579806357743,0.10533947992000492,147.22948999265753,149.6773479732933,99.93273493060867,100.03807441052868,false,true
200,20.0,152.40143192001221,99.962393093069,2.918788697746834,0.10683539275248677,151.01447327538,153.93326197312683,99.89722034018808,100.00405573294057,false,true
200,20.0,148.41909744345867,99.94065044791134,2.4793781826238046,0.10447755293886019,147.23383660973087,149.71321479235468,99.87561174562347,99.98008929856233,false,false
200,20.0,149.83222516174732,99.93493743391431,2.7718894797165774,0.11113074120858357,148.52917668463814,151.30106616435472,99.86376057391357,99.97489131512215,true,false
200,20.0,150.87253867560935,99.94501611200911,2.1969843113206764,0.1106931985645474,149.90446983473774,152.10145414605842,99.87416144241182,99.98485464097637,true,false
200,20.0,149.64805727840536,99.94018701258923,2.801605159448826,0.11034864125822708,148.3555233639512,151.15712852340002,99.87024841760582,99.98059705886405,true,false
200,20.0,151.08732630958494,100.11412318894342,2.059074736709391,0.11717168753094143,150.17594098275754,152.23501571946693,100.04053287360782,100.15770456113876,false,false
200,20.0,153.1726153355954,100.01099279842401,2.2376543106867075,0.11748609311756297,152.13010032461895,154.36775463530566,99.93819392692205,100.05568002003962,false,true
200,20.0,150.730019773879,100.19631724323654,2.683980970547424,0.11133424678105541,149.453447986262,152.13742895680943,100.12473638278823,100.23607062956928,true,false
200,20.0,152.7877739881001,99.92748572791314,2.8830504422634533,0.11889011391133408,151.41856361969357,154.30161406195703,99.85254478729591,99.97143490120725,false,false
200,20.0,149.0888976115751,99.96719801095344,1.8689662233724107,0.1081671927968273,148.23147265795893,150.10043888133134,99.89829535103256,100.00646254382939,true,true
200,20.0,150.15248441057116,100.05323597309386,2.5604507786837587,0.10805423232073963,149.0092018264525,151.56965260513627,99.98652828113231,100.09458251345305,true,true
200,20.0,150.39400086375974,99.93427301448841,2.605340834229935,0.10340334921889394,149.13386932959074,151.73921016382067,99.87137126884531,99.9747746180642,true,false
200,20.0,149.7410384125419,99.98609323875839,2.445614002261067,0.10965239758886014,148.6248555322487,151.07046953450975,99.91811762582144,100.0277700234103,true,true
200,20.0,148.40245334946195,99.98690725909302,2.3904950568395122,0.10152155099686411,147.28067272610352,149.67116778294303,99.92249927019455,100.02402082119141,false,true
200,20.0,148.701921742252,99.93552664845514,2.7565699432129804,0.10473413415095933,147.3711244646392,150.12769440785218,99.8708733800628,99.97560751421376,true,false
200,20.0,151.9744986322537,100.0201047367833,2.7838724929352168,0.11278031184527038,150.60483008091234,153.38870257384755,99.95064146714526,100.06342177899053,false,true
200,20.0,151.30103187727303,99.94675263134539,2.4087025328757363,0.11086644506747234,150.15467704277717,152.5633795756529,99.87706109015409,99.98792753522156,false,false
200,20.0,152.34275969859831,100.25126832719488,2.7907379936898167,0.1195975395276605,151.05839493021134,153.84913292390115,100.17533662472582,100.29493416425348,false,false
200,20.0,152.00440184272566,99.97906344897373,2.600277846403287,0.11554505105414137,150.75137130772544,153.35164915412872,99.90732820956543,100.02287326061958,false,true
200,20.0,151.41393315394214,99.95866814677623,2.836480203180713,0.12040232169084675,150.09383700495889,152.9303172081396,99.88297839383806,100.0033807155289,false,true
200,20.0,152.71992600864024,99.9764069221196,2.875109223114862,0.1129316528667772,151.37366218583094,154.2487714089458,99.90548573951648,100.01841739238326,false,true
200,20.0,148.70204377671558,100.13181656832656,2.3989440091889094,0.10104643565651372,147.5480389259848,149.9469829351737,100.06856856421206,100.16961499986857,false,false
200,20.0,151.41881830166824,100.04795744820794,2.4607879279373037,0.11524916431679344,150.2481960591598,152.7089839870971,99.97607551294253,100.09132467725932,false,true
200,20.0,150.8558984990452,100.16801518285058,2.639307649056718,0.10832798768046814,149.620381202401,152.25968885145772,100.1007150517797,100.20904303946017,true,false
200,20.0,150.45044890273542,100.06105680136946,2.5823443239586084,0.11119332076734167,149.26244007342328,151.8447843973819,99.9912417216585,100.10243504242584,true,true
200,20.0,151.0486683410463,100.00994420613864,2.935037817126556,0.11561935871638696,149.6733916973031,152.60842951442964,99.93648285751223,100.05210221622862,true,true
200,20.0,152.11492615612923,100.00428164416661,2.8087369263413393,0.11405178733026844,150.77591858576685,153.58465551210818,99.9339382616361,100.04799004896637,false,true
200,20.0,147.34018132322,100.0757899702348,2.2912767922591115,0.10445809811093909,146.27978563840355,148.57106243066266,100.01098364694796,100.1154417450589,false,false
200,20.0,152.0296306781002,99.93197981103542,2.384233019611173,0.11951400441311932,150.9655442197306,153.34977723934176,99.85605164047216,99.97556564488528,false,false
200,20.0,148.90683450012153,100.02759316342906,2.1040416166667057,0.10622473603775973,147.9360399548289,150.04008157149562,99.96113816637818,100.06736290241594,true,true
200,20.0,150.78227950951168,99.93267301183904,2.5560172112981547,0.11217840848802041,149.66063312086555,152.2166503321637,99.86206564517292,99.97424405366094,true,false
200,20.0,152.54329289372015,99.98929244278864,2.4250642207923363,0.12462079283633898,151.40565329452815,153.8307175153205,99.91075062696744,100.03537141980378,false,true
200,20.0,151.53528506309405,100.13514446800765,2.685334440254991,0.11317318963233447,150.24629181755262,152.9316262578076,100.06566661406436,100.17883980369669,false,false
200,20.0,150.47276667653514,100.34539605871032,1.999816962717432,0.10802216592992409,149.58369558179314,151.58351254451057,100.27797857681294,100.38600074274287,true,false
200,20.0,152.15658137779315,100.01803262154183,2.9825591313661164,0.11763678063570637,150.7228733879166,153.7054325192827,99.94519585500719,100.06283263564289,false,true
200,20.0,150.42588485170077,100.24250668762092,2.641515941785002,0.11621616811621038,149.22120841227397,151.86272435405897,100.16889407417736,100.28511024229357,true,false
200,20.0,147.08673727355088,100.0245199123874,2.500615025457847,0.10010165512571234,145.9269289581136,148.42754398357144,99.96216553924717,100.06226719437288,false,true
200,20.0,149.76461396013525,99.92779799493931,2.6503778884072347,0.1157489666086775,148.55710229148403,151.20748017989126,99.85594242232956,99.97169138893824,true,false
200,20.0,153.75258250485825,99.95707724723692,2.775576193943891,0.11902288268933603,152.40306476272565,155.17864095666954,99.88379012372081,100.00281300641015,false,true
200,20.0,151.30907231935475,99.95073066922399,2.94946871602815,0.10813369628107239,149.90455360626135,152.8540223222895,99.88255558442415,99.99068928070523,true,false
200,20.0,149.87403110182333,100.02885970433438,2.7395210196083326,0.1172929126930029,148.57057472420541,151.31009574381375,99.95655052019985,100.07384343289286,true,true
200,20.0,153.96135212256462,99.9395831106583,2.976780879229807,0.12192007681986183,152.55171900915713,155.52849988838693,99.8629749900712,99.98489506689106,false,false
200,20.0,151.24309842390733,99.98164329175457,2.6840470913505783,0.12312185355328609,149.97060446392155,152.65465155527212,99.9034244280657,100.02654628161899,true,true
200,20.0,153.2456038036977,100.22570381337562,2.803565108760381,0.12089387293021048,151.94883634592688,154.75240145468726,100.14933869552154,100.27023256845175,false,false
200,20.0,147.9534641564838,99.94182187729551,2.567143802357606,0.11300985294903398,146.76141856006387,149.32856236242148,99.87055446966554,99.98356432261457,false,false
200,20.0,148.65465898571773,100.16630246811661,2.8861590072390015,0.10895205586763268,147.21014282095513,150.09630182819413,100.09751118703343,100.20646324290107,true,false
200,20.0,145.77195484459486,99.98587416046533,2.476226357410752,0.10231229865296143,144.59878595568796,147.0750123130987,99.9214873709121,100.02379966956507,false,true
200,20.0,152.0821581700573,99.9497800292489,2.608344572723894,0.11230766160041128,150.81079472017055,153.41913929289444,99.87832523576665,99.99063289736706,false,false
200,20.0,149.09400257136775,100.03849439715768,2.473795326679891,0.10884904165402531,147.92382730216394,150.39762262884383,99.97129109207273,100.08014013372676,true,true
200,20.0,150.72857628613713,100.40764858157493,2.744826424160493,0.10297619186624729,149.44600220142667,152.19082862558716,100.34370537445469,100.44668156632093,true,false
200,20.0,151.7874888582587,99.93493769989229,2.2259682217394925,0.11895721692319228,150.7999095948685,153.025877816608,99.86072128973326,99.97967850665646,false,false
200,20.0,150.6050321534771,99.9297560412881,2.684434951966267,0.11053866681942282,149.32878294672622,152.0132178986925,99.86062606436559,99.97116473118501,true,false
200,20.0,150.5033156571621,99.94166486593325,2.6521337703285326,0.11487324157724288,149.2695147177895,151.92164848811802,99.87165103979102,99.98652428136826,true,false
200,20.0,150.78900238812048,99.92692106753123,2.6398643045481265,0.11295726143114848,149.58815491291645,152.22801921746458,99.8563932968614,99.96935055829255,true,false
200,20.0,151.12712239160385,99.95460496058658,1.7745721517620439,0.11304630103643376,150.35460325896372,152.12917541072576,99.88380633141789,99.99685263245432,false,false
200,20.0,148.58455237985245,99.93857775244882,2.515902399705169,0.10797166347367693,147.3533333201359,149.86923571984107,99.86975732499599,99.97772898846966,false,false
200,20.0,148.63785863503153,99.96775309924996,2.712713218908334,0.10708435066872823,147.33695553921893,150.04966875812727,99.89982129035886,100.00690564102759,true,true
200,20.0,149.4804404612016,99.98214986863609,2.544253906836616,0.11252318454448584,148.24222786076592,150.78648176760254,99.91112880006992,100.0236519846144,true,true
200,20.0,152.0211471371357,100.00409615317503,2.480315792117807,0.11867967149831316,150.84891190891716,153.32922770103497,99.93030299403594,100.04898266553425,false,true
200,20.0,149.9129145557643,99.9422038219457,2.7625508625124553,0.10135853306064746,148.60222638344456,151.36477724595701,99.87783732072609,99.97919585378673,true,false
200,20.0,149.55334785379756,100.0869893753074,2.970892962139459,0.1080746904039529,148.15866684587976,151.12955980801922,100.0175331509531,100.12560784135705,true,false
200,20.0,151.8877502918254,100.10558790115978,2.518455304063508,0.11060098718118638,150.72647634767065,153.24493165173416,100.03561645924908,100.14621744643027,false,false
200,20.0,147.77514474717117,99.94954507928537,2.6371180577165774,0.10246210607721196,146.56235660607913,149.1994746637957,99.88479256066935,99.98725466674657,false,false
200,20.0,150.72613639201703,100.08444601273943,2.603210833628964,0.11191504975516864,149.4657063490365,152.06891718266547,100.01103514085617,100.12295019061133,true,false
200,20.0,149.65153949693962,99.93942879496834,2.738261364424744,0.11153807087355005,148.30852936351607,151.04679072794082,99.8677843736803,99.97932244455384,true,false
200,20.0,150.5915887178893,99.98242449381533,2.772357739720718,0.10451161004749565,149.26118057424463,152.03353831396535,99.91519235896752,100.01970396901501,true,true
200,20.0,149.51753391425459,99.93633750690444,2.4291010806247755,0.10593266126171841,148.37593065148994,150.8050317321147,99.86975542200857,99.97568808327028,true,false
200,20.0,151.83728225935744,100.25232303298031,2.9420594159094264,0.12025515629643735,150.4223882723119,153.36444768822133,100.17570635540274,100.29596151169918,false,false
200,20.0,149.70571161777906,99.93384931014022,2.6973103674732215,0.10939364564379161,148.48197366449259,151.1792840319658,99.86691790464212,99.97631155028591,true,false
200,20.0,150.80396517179076,100.1209963907772,2.653146267709303,0.11741851928653091,149.5562340526261,152.2093803203354,100.04561292780645,100.16303144709298,true,false
200,20.0,151.93844993017598,99.95811193024784,2.3703100001057464,0.11089111396488249,150.8364470238099,153.20675702391566,99.88714970353546,99.99804081750034,false,false
200,20.0,152.65247777264523,100.04083523949876,2.6705468808065405,0.11835712110074326,151.39181845795412,154.06236533876066,99.96552154290477,100.08387866400551,false,true
200,20.0,147.6848560890334,100.26635803418262,1.947059591473078,0.10358985029324685,146.77071820581892,148.717777797292,100.20175549074416,100.30534534103741,false,false
200,20.0,152.49987329178745,100.33717033973181,2.4882239351850046,0.11538434693601118,151.3470114249317,153.8352353601167,100.26315463277902,100.37853897971503,false,false
200,20.0,152.15300843934196,99.96442271534393,2.5806293568747662,0.12312479212486949,150.896986680556,153.47761603743078,99.88638976531647,100.00951455744134,false,true
200,20.0,147.53066014370503,100.0162627106086,2.389359451627257,0.10962657588828506,146.3757829548288,148.76514240645605,99.94766729198301,100.0572938678713,false,true
200,20.0,150.99720538848868,99.9443149972733,2.659116669604032,0.11068666231304292,149.7309514473627,152.39006811696675,99.8744920134757,99.98517867578875,true,false
200,20.0,150.91517417696787,99.95699502906324,2.7964543722345354,0.10516449711286668,149.5840359948058,152.38049036704032,99.89252417220682,99.99768866931969,true,false
200,20.0,149.920063329276,100.05634859862505,2.5184509449410086,0.1111783982242116,148.70794926720458,151.2264002121456,99.9864838619635,100.09766226018772,true,true
200,20.0,149.40019538855395,100.03519103997198,2.538160940954839,0.10617174637337712,148.14885611219987,150.6870170531547,99.967832093614,100.07400383998738,true,true
200,20.0,151.93593178207908,99.94978055630153,2.186617727892525,0.11439134813811336,150.90986283825575,153.09648056614827,99.87751612342437,99.99190747156248,false,false
200,20.0,149.15382837862347,99.97346519234225,2.811594661517688,0.10711729954968519,147.78570420022612,150.5972988617438,99.9071435091485,100.01426080869818,true,true
200,20.0,151.72687871298547,100.0473721669874,2.766801750234862,0.10960597064644162,150.37637356401837,153.14317531425323,99.97670964751808,100.08631561816452,false,true
200,20.0,151.6283682651561,99.97209913942595,2.015141485290144,0.11281267811720852,150.740438056475,152.75557954176514,99.89946028040268,100.01227295851989,false,true
200,20.0,153.4684830225413,100.32586845072777,2.6789458244399498,0.11867709066909526,152.240239639292,154.91918546373196,100.2507064035133,100.3693834941824,false,false
200,20.0,148.67745070251476,100.19548460797597,2.7135597710765182,0.10320497052151723,147.40205598103702,150.11561575211354,100.13032233412144,100.23352730464296,true,false
200,20.0,152.29765477939085,99.99477223882126,2.8576518171155953,0.11868693358235305,150.9237756742699,153.7814274913855,99.92183676191307,100.04052369549542,false,true
200,20.0,150.65198251230407,100.14830569692744,1.8989962558370053,0.11246342006270993,149.79885078282118,151.69784703865818,100.07744163761669,100.1899050576794,true,false
200,20.0,150.34378626508646,99.93341952965397,2.539096825182014,0.11054425318137362,149.18278462943402,151.72188145461604,99.86450972864317,99.97505398182454,true,false
200,20.0,145.30577796583577,99.95314050937776,2.4033678727650454,0.09820652369347727,144.17566068454983,146.57902855731487,99.89204336116595,99.99024988485942,false,false
200,20.0,152.3708877775231,99.92944156673741,2.304548983632401,0.11413951170202097,151.2957519076212,153.6003008912536,99.85817359198741,99.97231310368943,false,false
200,20.0,154.47535008518355,99.97962083395487,3.1319163301762387,0.11914989150729127,152.97556237180055,156.1074787019768,99.90439565462663,100.02354554613392,false,true
200,20.0,151.33252609609977,99.97165470349859,2.562062620635288,0.11056227942208352,150.1329195838014,152.69498220443668,99.90119072925201,100.01175300867409,false,true
200,20.0,153.12242839081108,99.97875223791951,2.846876859550946,0.11733865472142213,151.76336306542564,154.61023992497658,99.90508397528596,100.02242263000738,false,true
200,20.0,148.91268027875918,100.02438909894634,2.7453679660572163,0.10802395796227415,147.6711548980294,150.41652286408663,99.95570773808731,100.06373169604959,true,true
200,20.0,148.76449044311275,100.08247080394277,2.233824115098372,0.10998546400982434,147.71260324957115,149.94642736466952,100.0113617518205,100.12134721583033,false,false
200,20.0,150.55704305855562,99.9440727208315,3.0444136463467544,0.10744794287825243,149.06101641613895,152.1054300624857,99.87772458631251,99.98517252919076,true,false
200,20.0,150.96058068378375,99.93036097096068,2.576624003370654,0.11960670522471162,149.81415465295723,152.39077865632788,99.85498138303208,99.9745880882568,true,false
200,20.0,147.74822039284481,99.93987634450971,2.6189098229074546,0.10401850460117146,146.42964906913272,149.04855889204018,99.87343779565803,99.9774563002592,false,false
200,20.0,152.55352786388232,99.94799601435972,2.410123355523183,0.11224211057158584,151.41504721894873,153.8251705744719,99.87712610770267,99.98936821827425,false,false
200,20.0,149.9888530003412,99.95266215642975,2.2610244309478844,0.11419253751385838,148.9218609761965,151.1828854071444,99.87962853774877,99.99382107526263,true,false
200,20.0,150.69907070567405,100.00668875571617,2.6473672918557156,0.10858568405085123,149.40496806375967,152.05233535561538,99.93712125355403,100.04570693760488,true,true
200,20.0,149.03075605160757,99.9803441426537,1.8038587419981695,0.10727056204176222,148.24149233138337,150.04535107338154,99.91173104006371,100.01900160210548,true,true
200,20.0,150.16770760474907,99.94381013149199,2.5947208434272113,0.10661914427140573,148.9324943039048,151.52721514733202,99.87668362308628,99.98330276735769,true,false
200,20.0,151.78892634496384,100.02389507622551,2.801296031786393,0.1211300988273365,150.44440881900042,153.2457048507868,99.9467955412747,100.06792564010203,false,true
200,20.0,152.18909169940142,99.99674434406586,2.8816158147804174,0.10697213604200329,150.7651131342244,153.64672894900482,99.92874986553652,100.03572200157852,false,true
200,20.0,152.8203341408217,99.936132889357,2.6940941055894143,0.10765517774109412,151.54121609049233,154.23531019608174,99.86871628604897,99.97637146379006,false,false
200,20.0,149.43994541360647,99.95993190985564,2.3940257249138597,0.10906221494764168,148.32373147774334,150.7177572026572,99.89137433354995,100.00043654849759,true,true
200,20.0,151.71897891026686,100.00076195493101,2.2725666711832844,0.12081850415897577,150.6710241671602,152.94359083834348,99.92431044409564,100.04512894825461,false,true
200,20.0,149.59036886998143,99.98813031942319,2.4340342173302076,0.11326163341877304,148.47366720098776,150.90770141831797,99.9175492154348,100.03081084885358,true,true
200,20.0,148.09270092385162,100.03179005002691,2.3983736723664038,0.10904109288756558,146.93533943619508,149.33371310856148,99.96277394427764,100.07181503716521,false,true
200,20.0,149.84747900668557,99.97358459782708,2.474827507890325,0.1126032820154137,148.6441640651467,151.11899157303702,99.90162604085418,100.0142293228696,true,true
200,20.0,147.65923148273856,99.949236679641,2.2936424659329475,0.09433914193503767,146.50165004397945,148.7952925099124,99.89094133115202,99.98528047308706,false,false
200,20.0,148.98967639683002,100.07035651480372,2.5093172547738334,0.1161642661035387,147.7944139252051,150.30373117997894,99.99587642112937,100.1120406872329,true,true
200,20.0,152.43272720570678,100.30939526264646,2.2263415214343354,0.11291008421918036,151.39930588986408,153.62564741129842,100.2375896586514,100.35049974287058,false,false
200,20.0,149.16564277764525,99.93776785324127,2.4572170960232143,0.1118647933231216,148.0121284662083,150.46934556223152,99.86517715262357,99.9770419459467,true,false
200,20.0,149.87055834879476,100.2749165764739,2.4185746129922165,0.10714409650869072,148.71627509289183,151.13484970588405,100.20732935606915,100.31447345257784,true,false
200,20.0,149.0010865886934,99.9709946228264,2.815502509513749,0.10681538242614863,147.64299966721296,150.4585021767267,99.90348202583641,100.01029740826256,true,true
200,20.0,153.05300133674405,100.14486382685564,2.9304524069424076,0.11566279681238711,151.65554803607102,154.58600044301343,100.0723742481561,100.18803704496848,false,false
200,20.0,148.18572316398814,99.95991681255659,2.6889198196604127,0.10293319560474856,146.91430021200998,149.6032200316704,99.89630007319982,99.99923326880457,false,false
200,20.0,148.6158206457518,100.08964862550377,2.5460470296326037,0.1030781612695364,147.35456198932675,149.90060901895936,100.02660360740279,100.12968176867233,false,false
200,20.0,149.39404861593326,100.05587292807189,2.5280274203344106,0.11025942059815463,148.19014795573634,150.71817537607075,99.98695560496733,100.09721502556549,true,true
200,20.0,150.75143762154204,100.0160029767083,2.7130803192758606,0.11692110393094879,149.44923017191937,152.16231049119523,99.94192557708391,100.05884668101486,true,true
200,20.0,149.98620905223981,99.93695482028602,2.1381459243054337,0.1047550323806945,148.9948881196288,151.13303404393423,99.87105838518161,99.9758134175623,true,false
200,20.0,150.6360971972017,99.96355194904541,2.450894073557521,0.1151061785463412,149.49163814010905,151.94253221366657,99.89114665525122,100.00625283379756,true,true
200,20.0,149.66235981803976,99.94034133088724,2.7856788084318964,0.11104958080966298,148.31926156527405,151.10494037370594,99.86859655150899,99.97964613231865,true,false
200,20.0,148.3607784537832,100.1111712522538,2.3935581408908604,0.1090549405155059,147.25228524524658,149.64584338613744,100.04353633409849,100.152591274614,false,false
200,20.0,151.96681318521377,99.95527444628277,2.6384395273558425,0.12574850967601492,150.73144114927783,153.36988067663367,99.8759124298701,100.00166093954611,false,true
200,20.0,154.25640037155213,100.04887772896703,2.8938116993169274,0.12223753574173202,152.91884719614038,155.8126588954573,99.96982540715103,100.09206294289277,false,true
200,20.0,150.50737831276325,100.0487098395885,2.1666104371388997,0.11121042154881877,149.48890291584013,151.65551335297903,99.97606997666634,100.08728039821516,true,true
200,20.0,152.62488394676913,100.12913796351108,2.4360716339116664,0.12492195661988603,151.46032531233803,153.8963969462497,100.04873503277867,100.17365698939855,false,false
200,20.0,150.36261338169794,99.93979134708545,2.4541392136709987,0.11724088697813784,149.17399009798345,151.62812931165445,99.86563977284311,99.98288065982125,true,false
200,20.0,152.22897237438627,99.98160389113457,3.0911828623926,0.11075231702670862,150.72190736834088,153.81309023073348,99.91065205633888,100.02140437336558,false,true
200,20.0,152.1394991205808,99.9917101130604,2.3504841450230742,0.11766146516214349,151.07276459342222,153.4232487384453,99.91948024007061,100.03714170523276,false,true
200,20.0,151.0790436896462,99.96316350633523,2.9369963473372707,0.11723665523176408,149.6871545924067,152.62415093974397,99.8875853095491,100.00482196478086,true,true
200,20.0,151.6293204503491,100.07633411950235,2.4666563099390544,0.10711926665325677,150.44809942321942,152.91475573315847,100.00948417887173,100.11660344552499,false,false
200,20.0,151.7275269754371,100.02384385457064,2.4471500857749504,0.11379701342087856,150.61072060966944,153.0578706954444,99.95154821233889,100.06534522575977,false,true
200,20.0,150.6606237108398,100.01852240854984,2.80199842766271,0.11742648056124949,149.33807805122666,152.14007647888937,99.94396257270343,100.06138905326468,true,true
200,20.0,149.16820457603518,99.98487536481494,2.6599877069918136,0.11081490000393046,147.87877521161496,150.53876291860678,99.91599429315468,100.02680919315861,true,true
200,20.0,151.47650518218,99.93495236369154,2.2843636096779107,0.10483021102602663,150.41104578660307,152.69540939628098,99.86921194575211,99.97404215677814,false,false
200,20.0,147.85032389867496,99.96516917490945,2.2398195352616597,0.1025382876305514,146.81411003653216,149.05392957179382,99.9015827685449,100.00412105617545,false,true
200,20.0,151.0893754103521,99.985413664274,2.6573888137205017,0.10950742796840984,149.797969558081,152.4553583718015,99.91751053124679,100.0270179592152,true,true
200,20.0,147.83918918340268,99.98415082123184,2.520516655033731,0.10296579633474323,146.61853724977797,149.1390539048117,99.92085255387735,100.0238183502121,false,true
200,20.0,151.89548491828953,100.00156189659685,2.8097598684400964,0.11430792908528531,150.55750621468923,153.36726608312932,99.92810781678267,100.04241574586796,false,true
200,20.0,149.1014601679846,100.13016449556115,2.874012495030655,0.11887923614858664,147.7488869074489,150.62289940247956,100.05494129448005,100.17382053062863,true,false
200,20.0,150.71403659331042,99.95165799821504,2.2437064046671082,0.11508702354890943,149.6799445439941,151.92365094866122,99.87783141722588,99.99291844077479,true,false
200,20.0,147.08193686964046,99.94684020821273,2.597518787075728,0.09980229946714303,145.818596049292,148.41611483636774,99.88210466565242,99.98190696511956,false,false
200,20.0,149.5134293220919,99.9406381048396,2.7541036611891343,0.11409002316233341,148.22267489868466,150.9767785598738,99.86759501218631,99.98168503534865,true,false
200,20.0,153.93808316008915,100.06605744535352,2.872754015132415,0.1190404799776843,152.59181221043048,155.4645662255629,99.9922057759226,100.11124625590028,false,true
200,20.0,151.04087963111294,100.025012801118,2.7641796201825173,0.11089663287616247,149.76776883971937,152.53194845990188,99.95552502139945,100.06642165427562,true,true
200,20.0,151.65676526045172,100.0537347749098,2.724554288622869,0.10966638198441103,150.3756113947482,153.10016568337107,99.98462498174115,100.09429136372556,false,true
200,20.0,148.67906883208363,100.15759872887398,2.283084707806097,0.10787540107143911,147.6104743487772,149.89355905658329,100.0899186961637,100.19779409723515,false,false
200,20.0,151.68037148762875,99.96853486224725,2.4833985573855557,0.11115785447495341,150.51022816296532,152.99362672035087,99.89909072162732,100.01024857610227,false,true
200,20.0,152.24334674401993,100.02532195627431,2.166937152744083,0.11897333362126972,151.23429478829388,153.40123194103796,99.95052249187938,100.06949582550065,false,true
200,20.0,151.23264405586414,99.98728982327145,2.7047608929467515,0.11928475368881664,149.9859646875858,152.69072558053256,99.91342789739383,100.03271265108265,true,true
200,20.0,149.75193686878094,100.00681960217881,2.921579981942301,0.11493005987448157,148.42417860325568,151.34575858519798,99.93324808849316,100.04817814836764,true,true
200,20.0,146.71657235141024,100.06554220197296,2.4437152258026344,0.09759008265463365,145.55761941105956,148.0013346368622,100.00417793382334,100.10176801647798,false,false
200,20.0,149.67598968073708,99.93614590172601,2.373366197272759,0.10785294900301778,148.60294534275496,150.97631154002772,99.86660176377657,99.97445471277959,true,false
200,20.0,148.06946124390464,100.10932154676044,2.6568636960792844,0.11022443153602524,146.7407722815033,149.39763597758258,100.04031936398182,100.15054379551785,false,false
200,20.0,145.6497960829746,100.09184926174771,2.329177896199866,0.10567301437208698,144.55626025480166,146.88543815100152,100.02426727400317,100.12994028837525,false,false
200,20.0,150.25001524819695,100.089814090506,2.788878498457194,0.10951326372270387,148.89487314976316,151.68375164822035,100.01970850345654,100.12922176717925,true,false
200,20.0,149.5069088157357,100.16602350213134,2.310939554316633,0.10325169722092653,148.42308716622182,150.73402672053845,100.10136002861509,100.20461172583602,true,false
200,20.0,149.18166184631954,99.94085632543575,2.583494387773243,0.11346837077613259,147.97463228224385,150.5581266700171,99.86866692791739,99.98213529869352,true,false
200,20.0,150.3301725496288,100.09912961126713,2.4152944149194013,0.11464985805342565,149.23862246531755,151.65391688023695,100.02681459944016,100.14146445749358,true,false
200,20.0,146.57639839978089,100.21415483916869,2.7444053545908957,0.1072701067654549,145.24119898979532,147.98560434438622,100.14643407407944,100.25370418084489,false,false
200,20.0,148.9024691973572,99.99985324103437,2.7498277916328675,0.10623761148947608,147.61268994714933,150.3625177387822,99.93290925067004,100.03914686215951,true,true
200,20.0,151.52364629167533,100.1395682755782,2.816052888074921,0.11914917375412415,150.17098169416983,152.98703458224475,100.0627524412853,100.18190161503942,false,false
200,20.0,149.4457111453199,100.30921912938447,2.8336690699488827,0.11135214250313652,148.03594693001145,150.86961599996033,100.23803920070222,100.34939134320535,true,false
200,20.0,150.49236402093368,100.02338709911173,2.238662460217,0.10589739883558025,149.46318357517853,151.70184603539553,99.95659746838699,100.06249486722257,true,true
200,20.0,149.16001245348627,100.00281564218638,2.551081223343459,0.10986114247795342,147.96003592205662,150.51111714540008,99.9325904308912,100.04245157336915,true,true
200,20.0,153.58420331354176,100.14620999529916,2.615613252694118,0.11890959089940623,152.37908536384901,154.99469861654313,100.07269990963736,100.19160950053677,false,false
200,20.0,148.5111270157482,99.93411385566722,2.4362595597475263,0.11065120395119266,147.35873463245508,149.7949941922026,99.86320826533597,99.97385946928716,false,false
200,20.0,149.45513953961188,100.03092425400338,2.704839477547523,0.10524750940696492,148.16941619951922,150.87425567706674,99.96466740859644,100.0699149180034,true,true
200,20.0,149.32037296163566,100.08273641636877,2.5601168536601335,0.10762917207654255,148.13911367677514,150.69923053043527,100.01462619751703,100.12225536959357,true,false
200,20.0,146.24482109061694,100.20409155721526,2.046420898983598,0.10740625388416447,145.30148467982073,147.34790557880433,100.1359819260381,100.24338817992226,false,false
200,20.0,151.21376738996003,99.96221814822667,2.465843996044839,0.12203823748481568,150.1335444681468,152.59938846419163,99.88396060192555,100.00599883941037,false,true
200,20.0,146.5567011547437,99.93848283856435,2.5148342905346794,0.10298571029062487,145.3297297623879,147.84456405292258,99.87414630344568,99.97713201373631,false,false
200,20.0,149.72406302326766,99.93727655483522,2.686802359714193,0.10184723629701864,148.461048547029,151.1478509067432,99.87258290661767,99.97443014291468,true,false
200,20.0,150.2864227032593,100.09028011455644,2.276247670571763,0.1103962421869511,149.24852974434552,151.52477741491728,100.02000991447535,100.1304061566623,true,false
200,20.0,151.39848160177627,100.0071248936652,2.956167061707589,0.10679674440497422,150.04033258524177,152.99649964694936,99.93840014800514,100.04519689241012,false,true
200,20.0,152.78382160586182,100.10079223824883,2.356845817818339,0.11877013395964298,151.7161052629142,154.07295108073254,100.02547518724191,100.14424532120155,false,false
200,20.0,150.70919209076385,99.99010685791303,2.505908567255915,0.10610933845640602,149.4890570620884,151.9949656293443,99.92406645356914,100.03017579202555,true,true
200,20.0,149.04142512985248,99.95349706728106,2.668740745944291,0.11858173702724173,147.80718449249204,150.47592523843633,99.87912577763315,99.99770751466039,true,false
200,20.0,152.98419406355154,99.93160321591581,3.069514136414938,0.11699601199541121,151.50271741388636,154.5722315503013,99.85855665692905,99.97555266892446,false,false
200,20.0,150.33329990327434,99.97386813941337,2.589288988250786,0.11092173585005582,149.14039494206878,151.72968393031957,99.90503047452935,100.01595221037941,true,true
200,20.0,149.13731791429964,99.94964240494294,2.7424952048405373,0.10968376413551084,147.8106960920734,150.55319129691395,99.87953661057203,99.98922037470754,true,false
200,20.0,149.5306585688665,100.12753544290626,2.6490047509501267,0.11383982630056266,148.27025019241464,150.91925494336476,100.05632029947786,100.17016012577842,true,false
200,20.0,148.31592776296645,100.1466763349448,2.441677511758769,0.10722821876179012,147.14418812445132,149.5858656362101,100.08013738259173,100.18736560135352,false,false
200,20.0,150.0422749073573,99.95845081844763,2.3816316017273493,0.1111095374070743,148.92545250921307,151.30708411094042,99.88802865316137,99.99913819056844,true,false
200,20.0,148.87058106092226,100.37484661778856,2.263772797909411,0.10908154082854082,147.84693817216427,150.11071097007368,100.30707264341999,100.41615418424853,true,false
200,20.0,147.40333719999828,100.13541085400996,2.6597678543521113,0.10718088645769797,146.17825449107687,148.83802234542898,100.0686810796666,100.1758619661243,false,false
200,20.0,148.3548470201817,99.98333676403982,2.8232051487206604,0.1048692747505271,147.02298895593287,149.84619410465353,99.91853131078682,100.02340058553735,false,true
200,20.0,150.7592356254125,99.93534655034294,2.2797350240149683,0.11215891141891632,149.67926456927879,151.95899959329375,99.86488576581863,99.97704467723754,true,false
200,20.0,148.8526754617003,99.94326142135233,3.0180549925313187,0.10908148552212538,147.42097337350268,150.439028366034,99.87459932076243,99.98368080628455,true,false
200,20.0,150.42488161560067,100.07091980838189,2.8094023209357033,0.10696475106963987,149.10639861900574,151.91580093994145,100.00304413218645,100.11000888325609,true,false
200,20.0,149.2456337590886,100.13386303297008,2.617375791094247,0.11328502777365657,147.98325204080245,150.6006278318967,100.06265368040712,100.17593870818078,true,false
200,20.0,151.8353217153881,100.15351517638251,2.9806220018707563,0.1138626211955227,150.4100780815753,153.39070008344606,100.08235101011772,100.19621363131324,false,false
200,20.0,148.93153871428783,100.12243789797881,2.6389592445837593,0.11228320155862548,147.67688022692457,150.31583947150833,100.05262187358503,100.16490507514365,true,false
200,20.0,150.3888704311512,100.01164594529502,2.800578398137361,0.10683657141382241,149.09773070923387,151.89830910737123,99.94430133987464,100.05113791128846,true,true
200,20.0,150.1291382156179,100.07769125943682,2.490802047666051,0.11312432003896333,148.9267830062191,151.41758505388515,100.00559847028468,100.11872279032364,true,false
200,20.0,150.18268373869137,100.09530559414404,2.275891815877088,0.11715126656430641,149.1240824775913,151.39997429346838,100.02161153419426,100.13876280075857,true,false
200,20.0,148.34575629358466,99.99175543671149,2.171209174604172,0.11110540720594031,147.33359234300136,149.50480151760553,99.92145231856765,100.03255772577359,false,true
200,20.0,149.6262188790594,100.02731306390989,2.5008407674152977,0.10571381052905338,148.4355779484593,150.9364187158746,99.96176180207392,100.06747561260298,true,true
200,20.0,149.12212465535498,99.99635552502758,2.5559250471885377,0.1006461372380727,147.95738942550793,150.51331447269646,99.9338688047091,100.03451494194718,true,true
200,20.0,152.1101452330512,99.96403926501272,3.049461298030991,0.10357326794300548,150.62505459032226,153.67451588835326,99.897540523176,100.00111379111901,false,true
200,20.0,151.58562850448345,100.01492059202354,2.544386307413731,0.11935846781233295,150.39083082446916,152.9352171318829,99.9403870431131,100.05974551092544,false,true
200,20.0,147.94114693986552,100.08089635675043,2.114392527305654,0.1014164619713398,146.9425654648639,149.05695799216954,100.01698596527051,100.11840242724185,false,false
200,20.0,150.38964087957714,100.37158532044724,2.322533115200997,0.1052874162440105,149.27762594404356,151.60015905924456,100.30480404632837,100.41009146257238,true,false
200,20.0,147.54178268385616,99.93890992056029,2.7984766617252035,0.10746673290762487,146.21267988940832,149.01115655113352,99.8707422596911,99.97820899259872,false,false
200,20.0,149.74466860510546,100.02708173190865,2.103035420759028,0.11783473923611609,148.77020860357993,150.87324402433896,99.95216474616275,100.06999948539887,true,true
200,20.0,151.02334443277618,100.12789176546994,2.1647141750647734,0.11113018874340241,150.02329335775391,152.1880075328187,100.05749835011972,100.16862853886312,false,false
200,20.0,152.87642001599244,99.9502170590028,2.608253597165117,0.11327694704513647,151.65799056990443,154.26624416706954,99.87848139673987,99.99175834378501,false,false
200,20.0,153.67964808211502,99.94660713703473,2.8866635563734917,0.11656765514108258,152.31882733372117,155.20549089009467,99.87197714111088,99.98854479625196,false,false
200,20.0,148.9965821222301,99.99070977661975,2.168545712506841,0.09490656725860447,147.98997574834743,150.15852146085427,99.93173210036524,100.02663866762384,true,true
200,20.0,149.2514518965247,100.01520160451375,2.479782811420364,0.09977477289532999,148.06948428525982,150.54926709668018,99.95308768380355,100.05286245669888,true,true
200,20.0,150.27991930540753,100.02044106166022,2.4273661499473462,0.11520429430396462,149.12637996466535,151.5537461146127,99.94862043450375,100.06382472880772,true,true
200,20.0,150.70767375622054,100.42977152762063,2.1486854282923673,0.1092720658206332,149.7529291462946,151.90161457458697,100.36233688411093,100.47160894993156,true,false
200,20.0,153.94179097332463,100.01626981816608,3.06982815122376,0.12313244631249631,152.4583806619026,155.52820881312635,99.93867730146845,100.06180974778094,false,true
200,20.0,152.79044754466526,99.99713606729276,2.7041635940999527,0.11632238912537218,151.54614436098277,154.25030795508272,99.92547918286903,100.0418015719944,false,true
200,20.0,148.64483933784555,99.93824708441855,1.807537057415118,0.09885632051681625,147.84210500096145,149.64964205837657,99.87631529528815,99.97517161580497,false,false
200,20.0,149.79665277623104,99.94055602257487,2.9216102265388315,0.10741907505992287,148.41657731740884,151.33818754394767,99.87327132526805,99.98069040032797,true,false
200,20.0,150.56341114935006,100.07443423658728,2.6965131042393864,0.10774425045444502,149.30763606534774,152.00414916958712,100.00726453598168,100.11500878643612,true,false
200,20.0,151.56938176443055,99.94822133736284,2.6119321370292425,0.11499607314696902,150.34130316849678,152.95323530552602,99.87799528036537,99.99299135351234,false,false
200,20.0,149.14576613127804,100.21072166582626,2.480943016754452,0.11013464798533334,147.94173857000095,150.4226815867554,100.1397678118152,100.24990245980054,true,false
200,20.0,151.0550312534351,100.01207479720183,2.6471907219003015,0.11556317733270305,149.79632567420893,152.44351639610923,99.93943304848793,100.05499622582063,true,true
200,20.0,149.8937855527808,100.20917380442235,2.6529253264461943,0.11147975491486761,148.602026377758,151.2549517042042,100.13791855549664,100.24939831041151,true,false
200,20.0,151.17153274428472,99.96495086311104,2.727434920456659,0.11590865735189482,149.88236646613532,152.60980138659198,99.8906696582932,100.0065783156451,true,true
200,20.0,150.23511982191923,100.13263410898966,2.8467469900655544,0.10604799101841422,148.8968384528726,151.74358544293815,100.06651101114824,100.17255900216665,true,false
200,20.0,150.89310325248925,100.05332380475816,2.5456111170671534,0.10898060736587922,149.68176040312864,152.2273715201958,99.98592564573012,100.094906253096,true,true
200,20.0,149.49796876794716,100.14715119947857,3.001264400840654,0.11204387983282516,148.06808768271034,151.069352083551,100.07607810314668,100.18812198297951,true,false
200,20.0,150.83685534543082,100.05157001940569,2.9709498355596793,0.11269536923387591,149.43286566935893,152.4038155049186,99.98134840552743,100.0940437747613,true,true
200,20.0,152.2649013471436,100.00105559941112,2.585488220397764,0.11154316013005428,151.0262164008682,153.61170462126597,99.93086373939033,100.04240689952039,false,true
200,20.0,150.69419583682787,99.92942904039411,2.883826727340562,0.11353962531330808,149.31692104340115,152.2007477707417,99.85806615946247,99.97160578477578,true,false
200,20.0,153.09474974856374,99.94152170004295,3.006343429851853,0.1259978187793962,151.63172046560805,154.6380638954599,99.864213775992,99.9902115947714,false,false
200,20.0,147.68357067535197,99.9919401537771,1.9274846099695822,0.10520567306734563,146.79883822596355,148.72632283593313,99.92638877310623,100.03159444617357,false,true
200,20.0,150.21976926511752,99.956677750131,2.3997031460391725,0.11237013833481058,149.07080881943915,151.47051196547832,99.88557608820527,99.99794622654008,true,false
200,20.0,150.08433053417417,99.9323634185957,2.4082059461707956,0.11278682325645661,148.94997239482666,151.35817834099745,99.8600465448681,99.97283336812455,true,false
200,20.0,148.62443524649427,100.01487569123593,2.2278763965260566,0.1027359781031123,147.597352511738,149.82522890826405,99.9505262731447,100.05326225124782,false,true
200,20.0,151.56320124428117,100.00380317232606,2.7659355948290454,0.11397758994742446,150.23327308698873,152.99920868181778,99.93289029273286,100.04686788268029,false,true
200,20.0,148.87310938300607,100.10986415056988,2.6996123286143927,0.1040126301939921,147.60809816324232,150.3077104918567,100.0449778080888,100.1489904382828,true,false
200,20.0,147.29514700204084,100.20588629041461,2.40024652714078,0.09799558417863352,146.09821755140229,148.49846407854307,100.14522766630895,100.24322325048759,false,false
200,20.0,152.01709396464793,99.91780163606754,2.861157363427168,0.12358308965798415,150.6614157922653,153.52257315569247,99.84172533065905,99.96530842031703,false,false
200,20.0,148.1647833625479,99.98299380595284,2.628140908154421,0.10628713848065274,146.86053021886528,149.4886711270197,99.91633689357226,100.02262403205292,false,true
200,20.0,147.162929765429,100.13353878516419,2.279246988152238,0.10439552514071693,146.0587970107859,148.33804399893813,100.06776998018698,100.1721655053277,false,false
200,20.0,151.71551471980376,99.93869009558927,2.6297554552425595,0.11478193835949924,150.47774843319417,153.10750388843672,99.86755049776411,99.98233243612361,false,false
200,20.0,151.53662475931728,99.96306712403796,2.884873002174203,0.11733336693303897,150.14063158249851,153.02550458467272,99.88957531583635,100.00690868276939,false,true
200,20.0,148.7121928620062,100.23219560106101,2.1566969869898287,0.10798615061662531,147.7337689908715,149.89046597786134,100.16362291283626,100.27160906345289,false,false
200,20.0,152.9909472551459,99.98046368042074,2.8645142756270445,0.11074315513739919,151.5777177916333,154.44223206726033,99.91177746858177,100.02252062371917,false,true
200,20.0,148.50811442988243,99.94106627448534,2.4221382381414855,0.10959322119549597,147.32885213185028,149.75099036999177,99.87240117649593,99.98199439769142,false,false
200,20.0,148.95440169447826,99.97296352453748,2.3400297978711535,0.11117508107091112,147.86367185781944,150.2037016556906,99.90282225700895,100.01399733807986,true,true
200,20.0,147.27723657595624,100.01748079260216,2.150958722226335,0.10530656760016655,146.28508892835262,148.43604765057896,99.94990884944632,100.05521541704648,false,true
200,20.0,148.48479716906084,99.99065633894563,2.3960591338950223,0.10217419922076942,147.37002147447575,149.76608060837077,99.92570348386838,100.02787768308914,false,true
200,20.0,148.17544076045138,100.25731391840957,2.8509945176116958,0.10708185917201263,146.83584132638453,149.68683584399622,100.18866351835894,100.29574537753095,false,false
200,20.0,147.71443238895498,100.13296101834196,2.521021109490931,0.0976217532718664,146.49998870940146,149.0210098188924,100.07151360615185,100.16913535942372,false,false
200,20.0,153.47414597725856,99.94242521749756,2.8926696253483044,0.11322852327984378,152.06852751421908,154.9611971395674,99.87280464864966,99.9860331719295,false,false
200,20.0,149.3135274964127,100.04016397221481,2.4317237935948697,0.11716562070475334,148.1554291339709,150.58715292756577,99.96495344905534,100.0821190697601,true,true
200,20.0,153.3039715226721,99.97666934924268,2.9427044401917897,0.11554554710430409,151.91436596713146,154.85707040732325,99.90402199557111,100.01956754267542,false,true
200,20.0,149.53365004749764,99.94614881817176,2.571830013319726,0.10937611758279786,148.30855120423388,150.8803812175536,99.87774077473588,99.98711689231868,true,false
200,20.0,147.56866945416658,100.19553264366562,2.306026566046228,0.10431859114913777,146.46457035434224,148.77059692038847,100.13051570705784,100.23483429820698,false,false
200,20.0,150.53087082972496,99.93343594139472,2.4972408708090654,0.11586525069448328,149.30677832981257,151.80401920062164,99.86084088079274,99.97670613148722,true,false
200,20.0,148.74375664489685,100.07633515529848,2.519924585923661,0.10779536694904834,147.4785757271615,149.99850031308517,100.00819942924078,100.11599479618982,false,false
200,20.0,152.79735592678168,99.94440139389164,2.940324182536415,0.12046694036068573,151.40321929763252,154.34354348016893,99.86703055436513,99.98749749472582,false,false
200,20.0,150.71312818392565,99.93394499642208,2.8435238735610255,0.1124211476429764,149.3681092613914,152.21163313495242,99.8655403407941,99.97796148843707,true,false
200,20.0,150.9954282637475,100.05978902309809,2.82606594181658,0.12181445062837781,149.67983887768906,152.50590481950564,99.98190586562693,100.1037203162553,true,true
200,20.0,152.57786104631373,99.96796614584083,3.039573987412126,0.11531462082471933,151.12018614959848,154.1597601370106,99.89255824191233,100.00787286273705,false,true
200,20.0,149.02417956128102,100.07563929644317,2.2314832710143264,0.11134444687145617,147.96653430744607,150.1980175784604,100.00335062957157,100.11469507644303,true,false
200,20.0,150.01976626642286,100.00604308523177,2.847133666874157,0.10502134072939384,148.67610725749094,151.5232409243651,99.93929330764952,100.04431464837891,true,true
200,20.0,151.38485312934358,99.93190814333124,2.9292375602932736,0.11440044319692788,150.010843550344,152.94008111063727,99.86196729232252,99.97636773551945,false,false
200,20.0,150.54257814287735,99.959977890625,2.924212963091321,0.10691134033574201,149.19801041458078,152.1222233776721,99.89414682480977,100.00105816514551,true,true
200,20.0,148.7407205396733,100.1257089724322,2.4885669116191877,0.10657409512312199,147.53134884831536,150.01991575993455,100.0570552660151,100.16362936113822,true,false
200,20.0,148.22849321588797,99.94009610145156,2.6323854218580607,0.10449326781150603,147.0119011282988,149.64428655015686,99.87351489916901,99.97800816698052,false,false
200,20.0,148.83460088950739,99.93932000372607,2.4737256498018496,0.11219545143697474,147.6703450459786,150.14407069578044,99.86906015653337,99.98125560797034,true,false
200,20.0,147.6337907584042,99.97694415047262,2.397686991133611,0.10647526401267271,146.5680296563299,148.96571664746352,99.9086200574653,100.01509532147797,false,true
200,20.0,150.27217808520675,100.15074581491335,2.3567107847066495,0.1192445218522522,149.17467492994146,151.5313857146481,100.07585518603753,100.19509970788978,true,false
200,20.0,150.61743281533322,99.98531120824433,2.7727015223093474,0.10409032747909919,149.27024246100422,152.04294398331356,99.91798379486136,100.02207412234046,true,true
200,20.0,149.35520466781395,100.00172912249768,2.3795831389888633,0.11074443925977562,148.21724607338274,150.5968292123716,99.93065152671429,100.04139596597406,true,true
200,20.0,150.7212565043775,99.94363619965017,3.0037589224588714,0.10941569186965694,149.3153071020284,152.31906602448728,99.87432848294713,99.98374417481679,true,false
200,20.0,143.29729057409833,99.95969051411501,2.378970371239035,0.09407009352744922,142.12592381734203,144.50489418858106,99.90056663368827,99.99463672721572,false,false
200,20.0,148.17978475483804,100.00020518484104,2.4207030000076486,0.09915895656236273,147.06637227751685,149.4870752775245,99.9374673954008,100.03662635196316,false,true
200,20.0,151.65540555599694,99.934414286383,2.604553475960131,0.1201087086982966,150.40518507153456,153.0097385474947,99.85909986547301,99.97920857417131,false,false
200,20.0,151.0209415307727,99.97925271245745,1.8650969702984526,0.11115770411502979,150.1895220927887,152.05461906308716,99.91082289227955,100.02198059639458,false,true
200,20.0,149.35321550036224,99.9930952087035,2.4001871186570156,0.10732305829672839,148.23657315678406,150.63676027544108,99.92584684439734,100.03316990269407,true,true
200,20.0,150.79053108577477,99.99818819919678,2.9689329613512427,0.1146329191976605,149.38840045826146,152.3573334196127,99.92578496255774,100.0404178817554,true,true
200,20.0,144.3320917516827,99.95234306906363,2.5250132071820985,0.09983956344679257,143.1353048744594,145.6603180816415,99.88760801826747,99.98744758171426,false,false
200,20.0,149.5835773260385,100.10731963215231,2.803117169335934,0.10229218566679776,148.25473620450404,151.05785337383998,100.04195400617745,100.14424619184425,true,false
200,20.0,151.68890638819056,99.97734587318195,2.670730070066469,0.11234044881352645,150.44333799541064,153.1140680654771,99.90776451403057,100.0201049628441,false,true
200,20.0,151.63105293643258,99.95231912101008,3.047662371765398,0.10584919337335918,150.17145312548504,153.21911549725044,99.88398054923186,99.98982974260522,false,false
200,20.0,145.76929239474646,99.9828283531337,2.26775273637395,0.09830814063896298,144.67963907248847,146.94739180886242,99.92017647067156,100.01848461131053,false,true
200,20.0,152.32558068250063,99.96886076670782,2.732920424598916,0.12019535232266776,151.01820249827637,153.75112292287528,99.89349357927574,100.01368893159841,false,true
200,20.0,151.1007147340149,100.10166944034965,2.300063168743719,0.11306566463689194,150.00731870023648,152.3073818689802,100.02915797749633,100.14222364213322,false,false
200,20.0,150.2429269055493,99.93228943714445,2.753722541371104,0.11116583475585173,148.8921879086034,151.6459104499745,99.86493083831203,99.97609667306789,true,false
200,20.0,150.41313462327312,100.05586908864083,2.6119655216475905,0.10601638690634729,149.14206277857173,151.75402830021932,99.98786133315461,100.09387772006096,true,true
200,20.0,150.6059146797891,100.05264078967349,2.0715908275799677,0.10791142883856253,149.71962210777534,151.7912129353553,99.98499907311803,100.0929105019566,true,true
200,20.0,150.49083962376955,100.04344172057262,2.5815817600581568,0.11282860229889025,149.25801104258176,151.8395928026399,99.97242743947982,100.0852560417787,true,true
200,20.0,151.0933911171323,100.00787212043156,2.781244447672293,0.10412067468683972,149.74203064014068,152.52327508781298,99.94426635604441,100.04838703073125,true,true
200,20.0,150.86130966567418,100.05178804396974,2.2869944525654375,0.11470391966764737,149.81838466505988,152.10537911762532,99.97755686556239,100.09226078523004,true,true
200,20.0,148.99616264084636,99.98366520826767,2.4841340868229054,0.12065710203128788,147.85984839897617,150.34398248579907,99.90703439288441,100.0276914949157,true,true
200,20.0,154.13996935716398,100.19422415599733,2.790280271404555,0.11798333108937697,152.8021305183083,155.59241078971286,100.11859849085836,100.23658182194774,false,false
200,20.0,150.58988532787362,99.93329069284482,1.8704972748816715,0.11070434413014141,149.73074953187017,151.60124680675185,99.86389549183181,99.97459983596195,true,false
200,20.0,149.64828137012225,99.94829513293061,2.9396288861216533,0.10633465419624599,148.25831121947274,151.1979401055944,99.880449856942,99.98678451113824,true,false
200,20.0,148.19791923546032,100.12943178829653,2.4339023682947243,0.1047847223860714,147.00884380525162,149.44274617354634,100.06338004482431,100.16816476721038,false,false
200,20.0,150.40947355690992,99.97278331454314,2.302241832473811,0.10637453133182362,149.3533229006801,151.6555647331539,99.90579529440546,100.01216982573729,true,true
200,20.0,150.63730085040748,100.0814648372487,2.1428916248362953,0.10828720199754116,149.65755997942532,151.8004516042616,100.01194969673702,100.12023689873456,true,false
200,20.0,153.07405316464838,100.07810962276291,2.860631752267153,0.11878120221537358,151.71992166078607,154.58055341305322,100.00361143593894,100.12239263815431,false,false
200,20.0,151.19302163305548,100.00981896223325,2.6365144552197535,0.11331566489538147,149.9532471736466,152.58976162886634,99.93904674797714,100.05236241287253,true,true
200,20.0,152.0267371388021,100.04906090263316,2.7353841765926177,0.117232227520077,150.73488738095523,153.47027155754785,99.97479607654172,100.0920283040618,false,true
200,20.0,150.46989240777413,100.17573848671502,2.667490464965084,0.1190450783362138,149.20488850542736,151.87237897039245,100.1018082228109,100.22085330114712,true,false
200,20.0,151.75094506082064,99.97559418289623,2.5553271035573744,0.11744232678803712,150.5529612874074,153.1082883909648,99.90149836995674,100.01894069674478,false,true
200,20.0,147.55751426410228,100.04390165342248,2.480155710288898,0.10792327358387865,146.39012229899902,148.87027800928792,99.97660511284457,100.08452838642845,false,true
200,20.0,148.0565585861183,99.97933007322453,2.610705953506823,0.10342945540404003,146.80882272389937,149.4195286774062,99.9140366071192,100.01746606252324,false,true
200,20.0,147.26291481756414,99.97189809071122,2.532552632335779,0.10289779963343904,146.04194375948137,148.57449639181715,99.90622584622349,100.00912364585693,false,true
200,20.0,147.02855785704065,99.96922105693426,2.4707049482619823,0.11076445233911159,145.88190060213768,148.35260555039966,99.89869555726108,100.00946000960019,false,true
200,20.0,147.9726869133302,99.93889425897221,2.3617406808743624,0.11491943576966435,146.85418712389182,149.21592780476618,99.86613398106326,99.98105341683292,false,false
200,20.0,148.1756249701617,99.99680682957342,2.6922033512995824,0.10835244277113532,146.89911495765864,149.59131830895822,99.92730042347452,100.03565286624566,false,true
200,20.0,150.83656459165843,99.93708544747366,2.556324505552027,0.11134672677668789,149.59981259256955,152.15613709812158,99.8685671264498,99.97991385322649,true,false
200,20.0,148.3436002975695,100.08644566374754,2.797348665076811,0.10267140295688648,146.99854489577513,149.79589356085194,100.0227037101887,100.12537511314558,false,false
200,20.0,149.53480321033118,100.00199445090361,2.7410912504281555,0.11167730914758067,148.20819095209242,150.94928220252058,99.93107376326206,100.04275107240964,true,true
200,20.0,152.23643561187853,99.9662081051384,2.671266516992489,0.11723034343370387,150.96117165297784,153.63243816997033,99.89082558991561,100.00805593334931,false,true
200,20.0,149.26150431516703,99.97546900109069,2.455685416301179,0.1116638230460012,148.09018903250814,150.54587444880931,99.90583808442764,100.01750190747364,true,true
200,20.0,150.69408752316195,100.01164314634906,2.7594867953387734,0.1077762733344656,149.41423036548852,152.1737171608273,99.94426212298056,100.05203839631503,true,true
200,20.0,149.2998088068972,99.93686694685215,2.8553826492498615,0.104784688952833,147.97290571924094,150.8282883684908,99.87122604931733,99.97601073827016,true,false
200,20.0,150.3445969446451,100.23612478061244,2.685715915435395,0.1143679706411973,149.05197055538372,151.7376864708191,100.16475867395198,100.27912664459318,true,false
200,20.0,147.4183324921841,99.94561909092145,2.4587607758478214,0.10121828052930937,146.2524309171527,148.71119169300053,99.88218714123377,99.98340542176308,false,false
200,20.0,151.17332011749102,100.05153086211855,2.5498922950936276,0.10348933399581028,149.96499387491752,152.51488617001115,99.98596824557222,100.08945757956803,true,true
200,20.0,149.99604096044885,99.94615736757564,2.5409937199556225,0.10974625461433618,148.78775082104184,151.32874454099746,99.87701348296967,99.98675973758401,true,false
200,20.0,153.192862999257,99.9715939469266,2.326084197480526,0.11833959770706315,152.08816203953353,154.41424623701405,99.89831758877456,100.01665718648162,false,true
200,20.0,150.94559505746668,99.9901666580574,2.9430133130273646,0.10591298278094996,149.56046843586148,152.50348174888885,99.92391273032624,100.02982571310719,true,true
200,20.0,148.48502345224182,100.01059317811988,2.4352899788370905,0.10537504550713095,147.36501529779812,149.8003052766352,99.94480433462408,100.05017938013121,false,true
200,20.0,146.41526962152778,100.12537045692781,2.6541703181058836,0.10290195708600436,145.13413637623918,147.78830669434507,100.0603836569607,100.1632856140467,false,false
200,20.0,152.51177826526077,99.9714054659959,2.9334984796986703,0.11964523558937401,151.11428655959568,154.04778503929435,99.89525981491914,100.01490505050852,false,true
200,20.0,149.37821504214952,99.9584418429328,2.5911408827422804,0.11452354430410594,148.14523323405624,150.73637411679852,99.88574781763114,100.00027136193525,true,true
200,20.0,152.36387710153986,100.02666360595256,2.7065802814937,0.11697977746661081,151.07510389829292,153.78168417978662,99.95113269830144,100.06811247576805,false,true
200,20.0,150.11842947680336,99.98575302083114,2.5260022091327414,0.10860353638207698,148.91500085970415,151.4410030688369,99.9171049259623,100.02570846234438,true,true
200,20.0,144.99400263995122,99.95328185969413,2.4741474096006186,0.09972023824663268,143.8125921679847,146.2867395775853,99.89074661083158,99.99046684907822,false,false
200,20.0,151.39870083190291,99.98407440087871,3.0250079187456436,0.11283328906293377,149.9909610747103,153.01596899345594,99.91202308716309,100.02485637622603,true,true
200,20.0,151.46059372143685,100.02415673980474,2.553423137455354,0.11945012623040441,150.2645706267701,152.81799376422546,99.94970803717786,100.06915816340826,false,true
200,20.0,153.39083715013084,100.0392892184814,2.348555089074665,0.12008108495835756,152.25063004260426,154.59918513167892,99.96288620606647,100.08296729102483,false,true
200,20.0,151.1025463586625,100.30198013334282,2.4396314446603355,0.11655515617940182,149.9422220412735,152.38185348593385,100.23077825633897,100.34733341251837,true,false
200,20.0,150.57685320313192,99.95342826609507,2.8953058856548353,0.11416125758326245,149.2165370678678,152.11184295352263,99.88126882672569,99.99543008430895,true,false
200,20.0,152.7521237701513,99.97982564569408,2.882556121469804,0.11709690729331612,151.39036004850178,154.27291616997158,99.90610649093223,100.02320339822555,false,true
200,20.0,150.76218285577426,99.99727589040207,2.66510557571209,0.11633899083244614,149.49428959893237,152.15939517464446,99.92346367481534,100.03980266564778,true,true
200,20.0,150.48604514543777,100.06571881223246,2.646082006892243,0.10380410470872903,149.249718063447,151.89580007033925,100.00044670309896,100.10425080780769,true,false
200,20.0,151.64863932000713,100.10187267488388,2.803253250233638,0.11116830282504964,150.31711308701085,153.1203663372445,100.03104706790111,100.14221537072616,false,false
200,20.0,152.88011780990047,100.14263442382394,2.834459634520613,0.1150167750784874,151.4836045764815,154.3180642110021,100.0697049379458,100.18472171302429,false,false
200,20.0,149.45197949375427,100.03182220100558,2.4851697790117555,0.10399602046101108,148.26207489206044,150.7472446710722,99.9662461827846,100.07024220324561,true,true
200,20.0,151.2486788604096,99.94349280755544,2.404822043788272,0.12290907068592105,150.11759253939658,152.52241458318485,99.86275536274417,99.98566443343009,false,false
200,20.0,149.49596525290332,100.01841606893021,2.2538983631222322,0.10870690098712998,148.4677055728965,150.72160393601874,99.9518230082745,100.06052990926163,true,true
200,20.0,150.67570076486152,99.97819147062168,2.5412816827661118,0.10968167814172602,149.50171970663828,152.0430013894044,99.91115748043848,100.0208391585802,true,true
200,20.0,151.34016147166122,99.96858206807576,2.684401034628536,0.10786022013031982,150.05773138122208,152.74213241585062,99.89931249416374,100.00717271429406,false,true
200,20.0,150.42476456648626,100.00596539847928,2.875359872181292,0.11202454523642302,149.05569296250707,151.93105283468836,99.93498819083504,100.04701273607147,true,true
200,20.0,147.73570298420185,100.045397325972,2.716351054701647,0.10712850135205088,146.48903378372532,149.20538483842697,99.9787469662409,100.08587546759296,false,true
200,20.0,147.91826695605022,100.18991921737319,2.7706323200381178,0.10280675412026596,146.57828309195733,149.34891541199545,100.12538298014863,100.2281897342689,false,false
200,20.0,149.78271929164862,100.02725272604243,2.2738300379842826,0.11653960407383579,148.67793595280563,150.9517659907899,99.95374138478596,100.07028098885979,true,true
200,20.0,151.49168136825264,99.94092858948233,2.7363917305720236,0.11363938169481003,150.14542901292552,152.88182074349754,99.8700248421566,99.9836642238514,false,false
200,20.0,147.57452865397403,99.93558895125831,2.413003410457577,0.11039024412839638,146.4500740864382,148.86307749689578,99.86547289022121,99.97586313434961,false,false
200,20.0,149.35041629151712,99.97577361236286,2.3489500068084794,0.11167217022139653,148.24942275024793,150.5983727570564,99.90500560082666,100.01667777104805,true,true
200,20.0,152.36345294939872,99.98686048672818,2.9014390824458474,0.11769264902738996,151.02695755573268,153.92839663817853,99.9128520060652,100.03054465509258,false,true
200,20.0,149.78986366900446,100.01454682071062,2.3515752207291314,0.10539827859838624,148.698303977433,151.04987919816213,99.94561910117628,100.05101737977466,true,true
200,20.0,150.7110050063563,100.04904444053642,2.4682229984905746,0.10931747326040409,149.5674947927526,152.03571779124317,99.97879420907469,100.0881116823351,true,true
200,20.0,151.58886383293054,99.9555556847233,1.8958515553647146,0.10529282548847618,150.7165048816623,152.61235643702702,99.88848087266611,99.99377369815458,false,false
200,20.0,148.152363850502,99.95307475671726,2.5391131386585357,0.10582964813897888,146.95975850674216,149.4988716454007,99.88724780656,99.99307745469898,false,false
200,20.0,149.18172693961168,99.93443280723315,2.1144842211843127,0.10986909222086183,148.1994318625219,150.3139160837062,99.86516130464975,99.97503039687061,true,false
200,20.0,153.1566680917925,99.95371827174772,2.567019604302345,0.11780717598776391,151.9776679896898,154.54468759399214,99.87912850713904,99.99693568312681,false,false
200,20.0,150.3093575044715,99.93727188500334,2.7101702337081406,0.11014504718913543,149.0155420563956,151.72571229010373,99.86753227124669,99.97767731843582,true,false
200,20.0,146.601848145409,100.06318249882942,2.248580279630289,0.10208317293283642,145.55004698361066,147.79862726324095,99.99931264434832,100.10139581728116,false,true
200,20.0,147.0718055182801,99.93643444903458,2.61296769087582,0.10368601373632202,145.8333959487907,148.44636363966652,99.8718771412459,99.97556315498223,false,false
200,20.0,149.50580060088706,100.01662761670394,2.195574665236933,0.11501261617164005,148.5178836593942,150.71345832463112,99.9418831225278,100.05689573869944,true,true
200,20.0,150.7582137472796,99.93833530338517,2.8339162295717983,0.11306109444342383,149.40315483084692,152.2370710604187,99.86764760788226,99.98070870232569,true,false
200,20.0,149.6821285432927,99.99208555647903,2.3926892958151598,0.11441895216185571,148.57719155680596,150.96988085262112,99.92040817882119,100.03482713098305,true,true
200,20.0,151.54181375151933,99.95865047216546,2.556946881723121,0.11057319805603072,150.3235234316327,152.88047031335583,99.88821183125711,99.99878502931314,false,false
200,20.0,152.21617493134804,99.93123364419056,2.5283651147123294,0.11471990577395275,151.06306404038943,153.59142915510176,99.85876438736503,99.97348429313898,false,false
200,20.0,150.1728486471264,100.07379812926521,2.5019791596816674,0.10895111458196993,149.00677498122218,151.50875414090385,100.00476022817442,100.11371134275639,true,false
200,20.0,150.5332809072299,99.98582467261618,2.882440028598296,0.11519071740714537,149.15365543691266,152.03609546551095,99.91196828112548,100.02715899853263,true,true
200,20.0,150.2698445583873,100.170132072819,2.5490912081943975,0.10545132987964223,149.08221805373887,151.63130926193327,100.10199751219288,100.20744884207252,true,false
200,20.0,149.8043423642029,99.95995336035355,2.426529831260325,0.10930453015477326,148.70105497400075,151.12758480526108,99.89166415432975,100.00096868448452,true,true
200,20.0,150.38075297630695,99.95863947407128,2.5161655000934218,0.10950539298035267,149.2239091229755,151.74007462306892,99.89028598551684,99.99979137849719,true,false
200,20.0,150.06202053350762,100.02479763869101,2.607816343508631,0.10953331291547386,148.80649626604742,151.41431260955605,99.9543185251316,100.06385183804707,true,true
200,20.0,148.41553591290187,100.05242187942144,2.5231139817589963,0.11039010552664763,147.22002154131496,149.74313552307396,99.98254402657176,100.0929341320984,false,true
200,20.0,147.4717266978998,99.93221073420091,2.136894135534874,0.10778041251177228,146.50008719692283,148.6369813324577,99.86517402441896,99.97295443693073,false,false
200,20.0,152.37212005220823,100.00243417914844,2.668604732158684,0.12301310709133872,151.1114928942901,153.7800976264488,99.92498345400328,100.04799656109462,false,true
200,20.0,151.1500937807124,99.9783416291423,2.19398821284679,0.11100870725412904,150.13479388637455,152.32878209922134,99.90865586900789,100.01966457626202,false,true
200,20.0,150.2149806217144,100.07974460572017,2.8737666983828376,0.11150928994905485,148.78121827550473,151.65498497388757,100.00937058347075,100.12087987341981,true,false
200,20.0,151.26402432005347,99.9942862554804,2.716838642963239,0.11522827714803441,149.97747918562246,152.6943178285857,99.92011067414813,100.03533895129617,true,true
200,20.0,151.27501054995628,100.08429075587898,2.315510225549019,0.11412080500940647,150.1785008703567,152.4940110959057,100.01277743028086,100.12689823529027,false,false
200,20.0,151.13255458915478,99.97785498433376,2.5421534650629667,0.11799009232579749,149.98075523398427,152.52290869904724,99.90295632007552,100.02094641240132,true,true
200,20.0,150.59246762316445,100.12478411487962,2.1167866972934632,0.10842881655756287,149.63076938422248,151.74755608151594,100.05812532433332,100.16655414089088,true,false
200,20.0,148.16529087033254,99.95815553564063,2.6573199428544,0.10500696093455986,146.91221646169748,149.56953640455188,99.89298074341616,99.99798770435072,false,false
200,20.0,149.56338786518594,99.9555201791234,2.2463143186497234,0.10507128989476655,148.54061037147991,150.78692469012964,99.88943693620695,99.99450822610171,true,false
200,20.0,150.905020405951,99.96638183255351,2.862253909635598,0.1093740438017079,149.58651598076798,152.44876989040358,99.89795020315034,100.00732424695205,true,true
200,20.0,150.23198168968577,100.03750375323307,2.3756264365203776,0.11337501164635455,149.12454402768205,151.50017046420243,99.96620289649539,100.07957790814174,true,true
200,20.0,150.7348574922877,100.04915526589942,2.7265568504947453,0.11262153380819484,149.44252878533717,152.16908563583192,99.97866867900471,100.09129021281291,true,true
200,20.0,151.16642730550592,99.93808725012573,2.677012139119256,0.11003292836505807,149.91311490123252,152.59012704035177,99.86892887006843,99.97896179843349,true,false
200,20.0,150.08035766414457,100.05287511324546,2.292277288688382,0.11089262977719727,149.01692209503653,151.30919938372492,99.98259438101555,100.09348701079274,true,true
200,20.0,149.83871401594422,99.99336863201857,2.490213404052213,0.1110141146033925,148.70585879032006,151.19607219437228,99.92337372051412,100.03438783511751,true,true
200,20.0,147.82875355475323,99.99658790509635,2.799498968215204,0.09887926422132409,146.4593255832611,149.2588245514763,99.93414933883548,100.0330286030568,false,true
200,20.0,149.48047816241672,100.09035041237041,2.7463577276965623,0.1087765194766348,148.19133039872673,150.9376881264233,100.01975610033757,100.12853261981421,true,false
200,20.0,150.21556840312837,99.96816336210682,2.693735368518759,0.11040077100410883,148.8961238767186,151.58985924523736,99.89754058889133,100.00794135989544,true,true
200,20.0,147.9421766341079,99.95952349463472,2.7833302329717355,0.1072132515368196,146.63155426796013,149.41488450093186,99.89252210824522,99.99973535978204,false,false
200,20.0,147.88638567677629,100.22581238727403,2.632560140370032,0.11034081864669076,146.58642632982622,149.21898647019626,100.15701862180488,100.26735944045157,false,false
200,20.0,151.2163207323444,100.0396684128164,2.1607560928979126,0.10932883607137,150.32829285059333,152.48904894349124,99.9684236652968,100.07775250136817,false,true
200,20.0,150.88039349821275,100.03258069573505,2.5900594576822016,0.110596376381082,149.70291132840424,152.29297078608644,99.96496607542326,100.07556245180434,true,true
200,20.0,146.06364137243477,100.02666087099976,2.247327956056637,0.10098786819020233,145.016577299102,147.26390525515865,99.96141069005617,100.06239855824637,false,true
200,20.0,151.57405738875553,99.97340052073267,2.3714506299510276,0.11309232891670717,150.42635304992157,152.7978036798726,99.90259792136106,100.01569025027777,false,true
200,20.0,151.70338923207856,99.94779389615047,2.4726690651656043,0.11783484297222913,150.5472881440194,153.019957209185,99.87344117657338,99.99127601954561,false,false
200,20.0,149.40923915193093,100.10365860250977,1.9794210946510589,0.10346837068865966,148.50724455855698,150.48666565320804,100.03830447527923,100.14177284596789,true,false
200,20.0,153.86306952564237,99.98392928269726,2.807577484216125,0.12539877592037385,152.56343529199728,155.3710127762134,99.90413284730704,100.02953162322741,false,true
200,20.0,149.55310204989345,100.01191486902405,2.4202688264225856,0.11059138428997528,148.44220964545414,150.86247847187673,99.94123133903005,100.05182272332003,true,true
200,20.0,149.90221910999855,99.95622010264087,2.529493214504271,0.11092023294320086,148.7040701919782,151.23356340648246,99.88622904663231,99.99714927957551,true,false
200,20.0,154.75035053438657,99.96109122871297,2.919911562924568,0.12128520493172346,153.337275689538,156.25718725246256,99.88515710579658,100.0064423107283,false,true
200,20.0,149.16236018870026,100.09338558287877,2.6546712385362525,0.1069548365396713,147.89486946001549,150.54954069855174,100.02524082990175,100.13219566644142,true,false
200,20.0,149.88539975398933,100.14676035650669,2.590692756672894,0.10927429717364134,148.71194833275078,151.30264108942367,100.07895353226807,100.18822782944171,true,false
200,20.0,150.2444039009558,99.9846629128406,2.7000332057513106,0.10781923737327759,149.00001694143492,151.70005014718623,99.91653025712613,100.0243494944994,true,true
200,20.0,151.30464508316737,100.25308898570438,2.7027300965974064,0.11292783132596185,150.02702435532493,152.72975445192233,100.1803757231143,100.29330355444026,false,false
200,20.0,151.89388794572602,99.98716218015252,2.504120131184834,0.11471552001577834,150.69794689077455,153.20206702195938,99.9139079803233,100.02862350033908,false,true
200,20.0,149.62929536766748,100.0741773015791,2.1157421546241437,0.10666358315103253,148.61471042451694,150.7304525791411,100.00543480017456,100.11209838332559,true,false
200,20.0,151.0227947492757,100.11010701073107,2.6598381455382594,0.11105767552248835,149.74362221727569,152.40346036281395,100.0393356615948,100.1503933371173,true,false
200,20.0,150.5405553504593,99.97260503114092,2.816781481517836,0.1154943872876828,149.21788554896915,152.034667030487,99.8985034145902,100.01399780187788,true,true
200,20.0,146.84117049410537,100.14505114847265,2.5915289319927695,0.09875495060788353,145.57683122468785,148.16836015668062,100.08381926389103,100.18257421449891,false,false
200,20.0,149.93012262154647,99.95745468245451,1.9115911965980672,0.10621603399462742,149.04588975533898,150.95748095193704,99.8928932814466,99.99910931544123,true,false
200,20.0,151.58647363038938,99.98088770907614,2.6760115848806834,0.10919441921123507,150.29631324594789,152.97232483082857,99.9114036306922,100.02059804990344,false,true
200,20.0,146.28401938044078,99.95551364822474,1.9839459743435555,0.10275711396447207,145.33991646622053,147.32386244056408,99.88942927102158,99.99218638498606,false,false
200,20.0,149.6841216700883,100.03216683205176,2.7455560337145357,0.10544637397548229,148.4024067998868,151.14796283360133,99.96534072350276,100.07078709747825,true,true
200,20.0,148.43505868475347,99.94522657483977,2.491075999538765,0.10397746864879309,147.21739606243653,149.7084720619753,99.87912806738588,99.98310553603467,false,false
200,20.0,150.68014116096217,99.98880137152662,2.5065160127713852,0.10876535110817542,149.48153108571617,151.98804709848756,99.91939757622553,100.02816292733371,true,true
200,20.0,149.37696536778157,99.98187553744822,2.578849976648627,0.10537497361090686,148.11581067054428,150.6946606471929,99.91578142483476,100.02115639844567,true,true
200,20.0,151.6722173707088,99.93377984368661,2.5127498057338187,0.11786268602148198,150.481501562974,152.9942513687078,99.85851071300712,99.9763733990286,false,false
200,20.0,145.2863269019832,99.98290515881928,2.364143129771179,0.09350977385419412,144.1838893012484,146.54803243101958,99.92320646478314,100.01671623863733,false,true
200,20.0,152.72146073305578,99.94609109698382,2.9078821844523475,0.11477572487042664,151.37346068671349,154.28134287116583,99.87252698938852,99.98730271425895,false,false
200,20.0,152.11924477061268,99.9904815082384,2.6796306106025725,0.11681061260625825,150.8420592686606,153.52168987926316,99.9163653522375,100.03317596484376,false,true
200,20.0,147.49985617395492,99.99320251632024,2.6377993873851437,0.1040947701628312,146.27474703205445,148.9125464194396,99.92789826155946,100.0319930317223,false,true
200,20.0,151.0264824141056,99.92863528059341,2.688466069823079,0.11536488222276375,149.7564166123756,152.44488268219868,99.85763810675891,99.97300298898168,true,false
200,20.0,148.1587931837686,100.13301359049132,1.7009842282909062,0.10119202640019864,147.39641868669577,149.09740291498667,100.06925565939356,100.17044768579376,false,false
200,20.0,148.50790952917652,100.06696272642293,2.3056488565183884,0.10441633861111654,147.42912004963162,149.73476890615,100.00062513028388,100.105041468895,false,false
200,20.0,150.6025437978905,100.1097700175746,2.547084854636836,0.11455680034730165,149.4071398103357,151.95422466497254,100.03591225955856,100.15046905990586,true,false
200,20.0,152.57364741550867,99.96882750130028,3.1023150240486927,0.11432102363578167,151.08963692293918,154.19195194698787,99.89519847574783,100.00951949938361,false,true
200,20.0,146.80655964052457,99.97515167911803,2.309627689519232,0.1041470328674734,145.73669149390057,148.0463191834198,99.91068024877184,100.01482728163931,false,true
200,20.0,148.6128455829163,100.28767072192898,2.064421075866562,0.10660899329279516,147.66617799028805,149.7305990661546,100.22055412479959,100.32716311809239,false,false
200,20.0,149.9202104020747,100.06900929621315,2.5769772318375033,0.11562282428516824,148.70207574174583,151.27905297358333,99.99745280247083,100.113075626756,true,true
200,20.0,151.08924977186496,100.02822089692027,2.4259790735057436,0.11540214063474252,149.96621486714446,152.3921939406502,99.95607705266733,100.07147919330207,true,true
200,20.0,151.59844417158806,100.02262053544794,2.2577243684365556,0.1146781160948791,150.5367994104944,152.79452377893097,99.95046109610308,100.06513921219796,false,true
200,20.0,152.38509345568224,100.02768763320795,2.139282469144547,0.12616771224548984,151.4059025258872,153.54518499503175,99.94600645802814,100.07217417027363,false,true
200,20.0,152.42482775687222,99.93599260732093,2.8429131461986685,0.10911625668781255,151.08775125769688,153.93066440389555,99.86626841563712,99.97538467232494,false,false
200,20.0,152.32799797432864,99.95776987710103,2.768502565371648,0.11960554482999441,151.02545636451248,153.79395892988413,99.88167890776757,100.00128445259756,false,true
200,20.0,148.38680647129775,99.95135222380509,2.480381588654751,0.1110967390433899,147.2412774018521,149.72165899050685,99.88225813498839,99.99335487403178,false,false
200,20.0,150.97632245203667,99.9878267262073,2.7378661769842267,0.10830584144470379,149.6941402995601,152.43200647654433,99.91884519653112,100.02715103797583,true,true
200,20.0,149.30874469618163,99.93657325061096,2.038621398484679,0.10398259151548928,148.43940233346416,150.47802373194884,99.87073826085323,99.97472085236872,true,false
200,20.0,147.25482064441536,99.93815685123825,2.487142042601988,0.10737222559184545,146.1243224275101,148.61146447011208,99.86818517119309,99.97555739678494,false,false
200,20.0,147.7590781104832,100.01828681658793,2.793449863167268,0.1095722991814938,146.4246021999037,149.21805206307096,99.9480396948486,100.0576119940301,false,true
200,20.0,147.66422949809433,99.96100683712126,2.6070240655260477,0.1066458507237229,146.4424740944489,149.04949815997495,99.89368087788073,100.00032672860445,false,true
200,20.0,151.573650556895,99.94071165140441,2.723754819865121,0.11280522843858876,150.2879346098697,153.01168942973482,99.87020560570807,99.98301083414665,false,false
200,20.0,142.57995696475115,100.0211460630704,2.456381356304206,0.0933394962423364,141.40592720823662,143.86230856454083,99.96290049550653,100.05623999174887,false,true
200,20.0,151.0907287059338,100.08065727577184,2.8762442851410412,0.1140375926067776,149.68507713549766,152.5613214206387,100.00784705923428,100.12188465184106,true,false
200,20.0,148.14521754823159,100.02599581924588,2.1648803492102218,0.10470821894581661,147.14165795730585,149.30653830651607,99.96145223156972,100.06616045051554,false,true
200,20.0,148.77906140444532,100.14596089346396,2.6479096652932697,0.10520402160841513,147.51868859088978,150.16659825618305,100.0793315844139,100.18453560602231,true,false
200,20.0,150.4442335413769,99.94000044454043,2.595244341230284,0.1146413230942045,149.25638555686282,151.8516298980931,99.86844763613976,99.98308895923397,true,false
200,20.0,150.30921693564758,100.12703757474603,2.0565048561342962,0.10691572430404506,149.37438008727236,151.43088494340665,100.05836866443931,100.16528438874336,true,false
200,20.0,152.3852077406509,99.9880790616661,2.9430397981499823,0.1207478105220332,150.94206246120572,153.8851022593557,99.90982958735486,100.0305773978769,false,true
200,20.0,148.3808282170099,99.94664334786441,2.735792111387809,0.10391359477775097,147.08662355732793,149.82241566871573,99.87974592553033,99.98365952030808,false,false
200,20.0,149.92282608797194,100.11849318722463,2.6035221234060373,0.11599358555105255,148.71416112390267,151.3176832473087,100.04560466933506,100.16159825488612,true,false
200,20.0,152.0732061979707,100.07072761440833,2.4159572937885514,0.12014608054805365,150.94109563705797,153.35705293084652,99.99379463567179,100.11394071621984,false,true
200,20.0,152.10940028380318,100.20059002265809,2.73108231477633,0.12085974426631196,150.82770677368987,153.5587890884662,100.12327211249138,100.24413185675769,false,false
200,20.0,150.36447267705728,99.93766366447814,2.6440465987898847,0.10965974513129595,149.0354158712762,151.67946247006608,99.86722329901806,99.97688304414936,true,false
200,20.0,150.0914494402272,99.95423210882184,2.4574582354992174,0.11030790567913584,148.98612224453348,151.4435804800327,99.88505906734622,99.99536697302536,true,false
200,20.0,149.14988295622283,99.92809728162841,1.593423924225533,0.1100141021240546,148.45403952474317,150.0474634489687,99.85969727754227,99.96971137966632,true,false
200,20.0,150.49079548392064,99.96897252666568,2.839339226205283,0.11071270165521696,149.14993530433551,151.9892745305408,99.89882346463804,100.00953616629326,true,true
200,20.0,148.26597006899698,100.00531066160147,1.8221916909291735,0.10793575133730826,147.48714834957656,149.30934004050573,99.93640656888665,100.04434232022396,false,true
200,20.0,149.5502100698357,99.94730708514878,2.5797593429152244,0.10537887634598064,148.4038259349859,150.9835852779011,99.88044155296362,99.9858204293096,true,false
200,20.0,148.28287916378258,99.95430123946207,2.285329530557476,0.10081240875706499,147.22053153190907,149.50586106246655,99.8911632624484,99.99197567120547,false,false
200,20.0,147.46231731104777,100.01934387692452,2.2840640977676117,0.10892566030166506,146.39716097364334,148.68122507141095,99.95018063222099,100.05910629252266,false,true
200,20.0,151.5346347963252,100.16352443437766,2.636696457655006,0.11961666387453818,150.23680062159744,152.87349707925245,100.0885147432226,100.20813140709714,false,false
200,20.0,150.30941741036008,100.00159752021236,2.464847849537108,0.11105323865682237,149.1442838941397,151.6091317436768,99.93229274482715,100.04334598348397,true,true
200,20.0,148.07841445094138,100.22295058269108,2.3000475416603763,0.09965520069061995,146.96286249867723,149.2629100403376,100.16067545854135,100.26033065923197,false,false
200,20.0,149.2054915497675,99.97048135909097,2.431071756306494,0.11563432743872681,148.03853553975057,150.46960729605706,99.89703502752664,100.01266935496537,true,true
200,20.0,150.40111754659821,100.24328936347088,3.1027414954759536,0.11749182700839356,148.92066293919837,152.02340443467432,100.16718379418472,100.28467562119312,true,false
200,20.0,148.4866655023109,99.97225946092877,2.6049750285370408,0.10461240647165937,147.23580793852207,149.8407829670591,99.90726419734405,100.01187660381571,false,true
200,20.0,149.64352661470411,100.0806474509262,2.4764999102170293,0.10995365882845931,148.52138656736975,150.99788647758677,100.01162259612255,100.12157625495101,true,false
200,20.0,151.65460853560788,99.97457548770979,2.749672516064493,0.1103321058398734,150.3254292500837,153.07510176614818,99.90524183244999,100.01557393828986,false,true
200,20.0,150.94552410805238,99.99894643261055,2.96148782927537,0.11165199563417616,149.50098771249154,152.4624755417669,99.92885521936559,100.04050721499976,true,true
200,20.0,150.85448081075418,99.96885695295435,2.8129543350959807,0.11032325434995016,149.51781933032436,152.33077366542034,99.89776526323445,100.0080885175844,true,true
200,20.0,147.75412605785283,99.96663135850258,2.121798344970699,0.11159603521605277,146.7723578648418,148.8941562098125,99.89400712760185,100.0056031628179,false,true
200,20.0,145.96807531913623,99.94668837653958,2.448702368259603,0.10044252346716576,144.7759842058578,147.2246865741174,99.88324174330668,99.98368426677385,false,false
200,20.0,151.38476689732724,99.98766615370354,2.059453162662379,0.10756754350366293,150.45045221030006,152.50990537296244,99.92310945844739,100.03067700195105,false,true
200,20.0,147.58181023169325,99.95625471470163,2.567433728621495,0.10335276198483712,146.32923829240252,148.89667202102402,99.8919698820817,99.99532264406653,false,false
200,20.0,151.4121365557103,100.02702125810204,2.1574536211631425,0.11049687381232332,150.46844983362638,152.62590345478952,99.95734328823576,100.06784016204809,false,true
200,20.0,148.24097675130287,100.3624927644137,2.615213211268326,0.10546118345612854,146.97007354374722,149.58528675501555,100.2953683928688,100.40082957632492,false,false
200,20.0,151.94522330239676,100.39858905938502,2.3369273513893347,0.1130682032085275,150.82888579192803,153.16581314331737,100.3279498018278,100.44101800503633,false,false
200,20.0,152.79846826752203,100.08726796598938,2.95296972945377,0.12115198963805085,151.42631157377082,154.3792813032246,100.01062379443341,100.13177578407146,false,false
200,20.0,150.70120747737224,100.19638750587617,2.6544883914204718,0.1193408629561219,149.4125915823348,152.06707997375528,100.12144475842885,100.24078562138497,true,false
200,20.0,153.09143688430993,99.93304939291932,3.00667789435019,0.11682866572550665,151.6521893618937,154.6588672562439,99.86027641506439,99.9771050807899,false,false
200,20.0,148.79795010755765,100.20906302064219,2.7032185345648827,0.10408970291702246,147.4908743507905,150.1940928853554,100.14259438460162,100.24668408751864,true,false
200,20.0,152.55454279236037,99.99916212595377,2.8498445157611627,0.11332102977696934,151.16843358815848,154.01827810391964,99.92886331485813,100.0421843446351,false,true
200,20.0,153.1655451156366,99.9307110224936,2.907637015790101,0.12029130970587687,151.7317119223935,154.6393489381836,99.85554598746859,99.97583729717446,false,false
200,20.0,153.80194447811692,100.0457511867312,2.9872997611289804,0.11941231087408255,152.35382079439825,155.34112055552723,99.97130637438036,100.09071868525444,false,true
200,20.0,148.88358569476213,99.9669770273176,2.221142807588251,0.10365009263323088,147.82728929200243,150.04843209959068,99.90161924648982,100.00526933912305,true,true
200,20.0,151.43358886563288,99.9661322891431,1.9249967008781539,0.11993555849964821,150.57054944056142,152.49554614143958,99.88799446346422,100.00793002196387,false,true
200,20.0,147.13958292673578,99.97936397403032,2.576011184424374,0.10703162689029,145.8668699316919,148.44288111611627,99.9125538883541,100.01958551524439,false,true
200,20.0,149.27411938324425,99.93564380830443,2.5754507207941515,0.11192912565627466,148.03246603834737,150.60791675914152,99.86622301312158,99.97815213877786,true,false
200,20.0,151.6013950570105,100.01338320991294,2.5555400368878054,0.11873491748865206,150.39270971393938,152.9482497508272,99.938276732133,100.05701164962166,false,true
200,20.0,150.4203819642015,100.012786119656,2.1282717007271685,0.10660019018773426,149.42652043922055,151.55479213994772,99.9465105549569,100.05311074514464,true,true
200,20.0,149.7348727581849,99.99841238012084,2.1894686881853147,0.11044962777027933,148.71518372789208,150.9046524160774,99.92831961878932,100.0387692465596,true,true
200,20.0,152.97665694650578,100.02677218217408,2.820539261300553,0.11267515764816949,151.60548618940982,154.42602545071037,99.95681033451038,100.06948549215855,false,true
200,20.0,151.1745041729026,100.13908217076465,2.7968479088842457,0.10838583571533889,149.83990402094423,152.63675192982848,100.07139914598105,100.17978498169639,true,false
200,20.0,150.50431890307215,100.1313126632516,2.6001557847344543,0.10799067563155518,149.23460703862725,151.8347628233617,100.06272947366992,100.17072014930147,true,false
200,20.0,149.33301168719126,99.98512436073509,2.486964879803452,0.11140533863854785,148.18121515492237,150.66818003472582,99.91295469373986,100.02436003237841,true,true
200,20.0,149.1210960832965,100.03185370377139,2.7305346768439165,0.10986831514519224,147.8267317275243,150.55726640436822,99.9629301313267,100.0727984464719,true,true
200,20.0,151.30813309089496,99.97384850581705,2.441799849571794,0.11592401125926699,150.16188567046368,152.60368552003547,99.89812200757915,100.01404601883841,false,true
200,20.0,151.73371303809517,99.99191804165244,2.505248365629427,0.11217125507366177,150.5630767152334,153.06832508086282,99.92135270355122,100.03352395862488,false,true
200,20.0,149.87106952853316,99.95738175029162,2.262857388628561,0.107153759702868,148.80964657055307,151.07250395918163,99.88900267067021,99.99615643037308,true,false
200,20.0,148.3142415880784,100.07452133975382,2.6967636659305754,0.1044676092476493,146.97017377249392,149.6669374384245,100.00927917841365,100.1137467876613,false,false
200,20.0,148.87562907300997,99.96762253165684,1.5053406290619762,0.11668701480313359,148.21956049332533,149.7249011223873,99.89248479568474,100.00917181048787,false,true
200,20.0,151.68877061209753,100.22411513684939,2.653603344371163,0.10979500853295576,150.47036352339535,153.1239668677665,100.15518148531498,100.26497649384794,false,false
200,20.0,151.99686061879703,99.95978697310926,2.7474180971169346,0.11810804669876518,150.69924493333244,153.44666303044937,99.88584758373258,100.00395563043135,false,true
200,20.0,151.63761013840093,99.9702054000309,2.4386707501695355,0.11168186358283094,150.53127521623063,152.96994596640016,99.89821668088354,100.00989854446637,false,true
200,20.0,150.0124112385716,99.96677291087448,2.4021392724608006,0.10749053837621148,148.87757123978022,151.27971051224102,99.89992748591874,100.00741802429495,true,true
200,20.0,151.24507510578036,100.2533670602859,2.3597013987509,0.1161725826038662,150.11650294494302,152.47620434369392,100.17982313797266,100.29599572057653,false,false
200,20.0,149.3140721112096,99.98710193268975,2.6720668409692223,0.10508748936065615,148.06432362714799,150.7363904681172,99.9209790180394,100.02606650740006,true,true
200,20.0,150.15656971661116,100.0475990331773,2.734002681993587,0.11287046575986892,148.8141688521219,151.54817153411548,99.9771563584222,100.09002682418208,true,true
200,20.0,148.95906382126662,100.1229679726646,2.5711327863375857,0.10703558958213932,147.7318393170899,150.3029721034275,100.0571214268338,100.16415701641594,true,false
200,20.0,148.00672079624889,99.98249406400062,1.8577192710718293,0.102882536047602,147.19893116475853,149.05665043583036,99.91786761628148,100.02075015232909,false,true
200,20.0,146.6770828696697,100.13315658515782,2.7256530716575185,0.09666604142655899,145.404901714064,148.13055478572153,100.07260243429121,100.16926847571777,false,false
200,20.0,148.5916561902348,100.23907815727502,1.918186981536195,0.10609867832619102,147.7128501800826,149.6310371616188,100.17212012442965,100.27821880275584,false,false
200,20.0,149.94721318078587,99.9575769050712,2.5222178359503857,0.1110585410899887,148.76983915993847,151.29205699588886,99.88722385064031,99.9982823917303,true,false
200,20.0,150.06201081321586,99.93379710625211,2.514045188229545,0.11436492663527531,148.86976142723887,151.38380661546842,99.86087576316977,99.97524068980505,true,false
200,20.0,149.5152678826093,99.95645942675559,2.6804278111319775,0.10575711428660384,148.24897762808533,150.9294054392173,99.88988992588156,99.99564704016817,true,false
200,20.0,151.31127762034075,99.92672803254013,2.8005832584686345,0.12243051295877194,149.99700873922805,152.79759199769668,99.84915570260665,99.97158621556542,true,false
200,20.0,149.97588517717924,99.9542926819021,2.6182630058470124,0.10945245978798823,148.7627323662883,151.38099537213532,99.88344550100993,99.99289796079792,true,false
200,20.0,148.01137661047136,100.07599764623974,2.182380832944915,0.10842377483658083,147.003818416859,149.1861992498039,100.00767039979786,100.11609417463444,false,false
200,20.0,150.59636026391834,100.01495924537929,2.619640758816729,0.1090978487856944,149.35317440869773,151.97281516751445,99.94664169951191,100.05573954829761,true,true
200,20.0,149.8382311966104,99.99484974817346,2.6037239227006808,0.11185455183208148,148.64160706862108,151.24533099132177,99.92533498897048,100.03718954080256,true,true
200,20.0,151.09943742391548,99.97167680896374,2.8717644774109203,0.10912088475727444,149.71634973461957,152.5881142120305,99.90058212729602,100.0097030120533,true,true
200,20.0,150.33596567386425,100.0269045557786,2.6680685838040574,0.11191563179734487,149.04573343048284,151.7138020142869,99.95646834954513,100.06838398134248,true,true
200,20.0,153.00398812735096,100.01211543827453,2.5172459268751766,0.11968975688932915,151.8112048392612,154.32845076613637,99.93746024960367,100.057150006493,false,true
200,20.0,147.26800047121003,100.08490429812457,2.543713243939692,0.10565800146868298,146.03679326612468,148.58050651006437,100.01728653471554,100.12294453618422,false,false
200,20.0,151.57367444282562,100.05595658043981,2.4159715740804018,0.10947777179248419,150.43306203356167,152.84903360764207,99.98802286189814,100.09750063369063,false,true
200,20.0,150.40654784177832,100.00402134887975,2.6611918636887424,0.10669851233815564,149.11976543218927,151.780957295878,99.93814949731814,100.04484800965629,true,true
200,20.0,151.38602451396855,100.00770964295661,1.88766081882477,0.10465959159834881,150.5055445357008,152.39320535452558,99.94241203439061,100.04707162598896,false,true
200,20.0,150.06573048142724,100.06606046187468,2.8128819264292986,0.1089389523906732,148.7361563385726,151.5490382650019,99.99781605337262,100.10675500576329,true,true
200,20.0,149.79379762781357,100.01839226879173,2.499770962708766,0.1089312707743062,148.583678685872,151.08344964858077,99.95139094587078,100.06032221664509,true,true
200,20.0,151.20181060780905,99.99825386070626,2.2910555847845444,0.12069054217111841,150.13559391239943,152.42664949718397,99.9218536483117,100.04254419048281,false,true
200,20.0,154.15063037556996,99.93272253157983,3.059985344285252,0.12498064433172829,152.65307304089458,155.71305838517983,99.85484400242099,99.97982464675272,false,false
200,20.0,148.62732757878138,100.07580850124792,2.4659357273241653,0.10689373653319478,147.47067971052928,149.93661543785345,100.00713598425318,100.11402972078638,false,false
200,20.0,150.25285588422685,100.00750369175853,2.8375257692148352,0.10454488591410893,148.8583265232318,151.69585229244663,99.93956651656164,100.04411140247575,true,true
200,20.0,148.66200726144623,99.9499766002126,2.4233370216261108,0.11151431062420158,147.50711375464715,149.93045077627326,99.87845390204969,99.98996821267389,false,false
200,20.0,152.81405005841364,100.08195879536115,2.963197349495232,0.12221692482714275,151.3606559172291,154.32385326672434,100.0054206104145,100.12763753524165,false,false
200,20.0,149.97916408846461,99.97717616096664,2.5533273210560026,0.10848629315201208,148.7504559229334,151.30378324398941,99.90859484177675,100.01708113492876,true,true
200,20.0,150.00741157382436,100.16720550841478,2.42551702660964,0.11037058029954494,148.8884723033821,151.31398932999173,100.09694818904121,100.20731876934076,true,false
200,20.0,148.99708568231088,99.93837494376251,2.6329533049594147,0.10755081323324589,147.71728512302712,150.35023842798654,99.87000875900411,99.97755957223735,true,false
200,20.0,150.62173414849934,99.98278284126086,2.4193056505238815,0.10987231234997807,149.49682374842536,151.91612939894924,99.91354038840194,100.02341270075192,true,true
200,20.0,149.42793437089648,100.00878362756242,2.69917278402977,0.12061478621421884,148.13841336526895,150.83758614929872,99.93169474660988,100.0523095328241,true,true
200,20.0,150.80740597560217,99.96044969551286,2.058609718961094,0.1092367369750491,149.85271571390783,151.91132543286892,99.89125644613048,100.00049318310553,true,true
200,20.0,150.15702072698474,99.94287742193876,2.3297530461436793,0.11656868642710094,149.0687205778473,151.39847362399098,99.87139967758293,99.98796836401003,true,false
200,20.0,151.71618776896054,100.03562082750622,2.9442330987806997,0.11448920147785202,150.3042706620027,153.2485037607834,99.96447755974376,100.07896676122161,false,true
200,20.0,149.78313788389704,100.00118309332464,2.948035252692989,0.11016257247852934,148.38223040117475,151.33026565386774,99.93013458651103,100.04029715898956,true,true
200,20.0,148.27775676219818,100.11637692373931,2.9415519506027294,0.11066225228164228,146.8469689216014,149.78852087220412,100.04530809142943,100.15597034371108,false,false
200,20.0,151.9189542734029,99.98343746889225,2.7263317690255064,0.11432748002903281,150.58190624344283,153.30823801246834,99.91277327867024,100.02710075869928,false,true
200,20.0,150.83530291654318,100.03068664332727,2.530584961942054,0.10767388325007232,149.6468662020193,152.17745116396136,99.96220256890768,100.06987645215776,true,true
200,20.0,151.66426571482612,99.9396959434551,2.0547868887899767,0.11356556636189907,150.76384466339,152.81863155217997,99.86728921440755,99.98085478076945,false,false
200,20.0,147.1335235715302,100.21400191850663,2.3660983685558676,0.10329571074537114,146.0313290970356,148.39742746559148,100.14875348321942,100.2520491939648,false,false
200,20.0,150.3921263204894,100.07992909511327,2.6306891124741867,0.11836205891617624,149.15424562282996,151.78493473530415,100.0047743839167,100.12313644283287,true,false
200,20.0,146.89493827807067,100.30317914480676,2.190475968009139,0.10181988070077352,145.87741559343183,148.06789156144097,100.23800111952481,100.33982100022558,false,false
200,20.0,150.11870035847159,100.3233746453679,2.6752011700678224,0.11413613467236416,148.82749420127303,151.50269537134085,100.2511360966163,100.36527223128867,true,false
200,20.0,151.02155751337585,100.03813593817601,2.716644718704856,0.12120964303834114,149.6912642551611,152.40790897386594,99.96172031391103,100.08292995694937,true,true
200,20.0,148.43875157709556,99.94093829478908,2.7661982850245295,0.10180611243673354,147.12215999094883,149.88835827597336,99.87744003627151,99.97924614870824,false,false
200,20.0,147.65353041093618,100.11945263976426,2.609677967847574,0.10487778902357547,146.38295996575016,148.99263793359773,100.05199876289495,100.15687655191853,false,false
200,20.0,150.7404719893699,99.93799394679317,2.753604665404623,0.10725141603093391,149.4101571027897,152.16376176819432,99.8681546814764,99.97540609750733,true,false
200,20.0,148.35789687356993,100.04697798352632,2.3856811454686238,0.1043000891366006,147.24339990578105,149.62908105124967,99.98136475028421,100.08566483942082,false,true
200,20.0,150.44103604475066,99.99768141984512,2.41967928144976,0.10757995868006276,149.26157728078337,151.68125656223313,99.92898171488325,100.03656167356331,true,true
200,20.0,150.56849233681658,99.98114719699218,2.6772860377294307,0.10811490894887754,149.28043749707103,151.95772353480046,99.91063285377786,100.01874776272673,true,true
200,20.0,151.38739202271626,100.10944980285501,2.622224514328906,0.11091040008517439,150.12455984802563,152.74678436235453,100.03783616107148,100.14874656115666,false,false
200,20.0,151.73973501316664,100.64520783990147,2.5372726570407167,0.1110882189165352,150.52216958645013,153.05944224349085,100.5757431100858,100.68683132900233,false,false
200,20.0,152.37745199378116,100.07533441263695,2.425487857369035,0.12006538861227511,151.22640007945733,153.65188793682637,99.99917938201409,100.11924477062637,false,true
200,20.0,149.4521704527849,100.17782302299625,2.6794300340397967,0.11290097827159684,148.22676958355888,150.90619961759867,100.10806682877485,100.22096780704645,true,false
200,20.0,149.51690668856855,100.2798455885465,2.8711746667637215,0.10749080504447761,148.12433852397038,150.9955131907341,100.20935882044748,100.31684962549195,true,false
200,20.0,148.30128088776752,99.93624623661387,2.0848757315663704,0.10769097109520942,147.32335529691306,149.40823102847943,99.86713606800734,99.97482703910255,false,false
200,20.0,151.6001685422728,100.00566332934403,2.5627459996159416,0.12156043493946811,150.33165764872862,152.89440364834456,99.9300346782779,100.05159511321737,false,true
200,20.0,151.31969156671607,99.97399573356873,2.8009807106081155,0.11110696951551802,149.9545421013838,152.7555228119919,99.90538335486754,100.01649032438306,true,true
200,20.0,148.0048107559744,99.93735154563286,2.4763735669907305,0.10508851059427116,146.8240519417305,149.30042550872122,99.87016184106454,99.97525035165881,false,false
200,20.0,150.029258619818,99.98339464214388,2.4455583021197924,0.1183165078053463,148.90450443462748,151.35006273674728,99.90878985622487,100.02710636403022,true,true
200,20.0,149.7563780266851,99.95589937808144,2.305724108011333,0.11218655539612143,148.75289866433855,151.05862277234988,99.88560687348294,99.99779342887906,true,false
200,20.0,147.06075928761385,99.97375630192252,2.6088904161475455,0.10320249010337079,145.83098758719532,148.43987800334287,99.90737643984012,100.01057892994349,false,true
200,20.0,149.4726067151413,99.98091041558361,2.5322656824662033,0.11244018555930779,148.27119091655976,150.80345659902596,99.90841352868944,100.02085371424874,true,true
200,20.0,151.06565391047985,100.07951541962399,2.350141200687574,0.11632934530437922,149.94178250295084,152.29192370363842,100.00570779044342,100.1220371357478,true,false
200,20.0,147.37974184902336,100.0103386825599,2.180166284678762,0.11692679894967739,146.3618905151793,148.54205679985807,99.93336073707184,100.05028753602151,false,true
200,20.0,149.1979365575274,99.95141964472654,2.5268482916017376,0.1113636276410972,147.98381375388365,150.5106620454854,99.88074956528149,99.99211319292259,true,false
200,20.0,149.33639026118792,100.03274271517373,2.7893230806786846,0.1053730910460473,148.0355630246596,150.8248861053383,99.96519270744157,100.07056579848762,true,true
200,20.0,147.9697039990569,100.11357338867782,2.020860803910125,0.10566147283370242,147.06995432915446,149.09081513306458,100.04832154511661,100.15398301795031,false,false
200,20.0,151.47362288630774,100.00479244907899,2.581709919575786,0.11329062920414401,150.22452037267203,152.80623029224782,99.93468169728784,100.04797232649199,false,true
200,20.0,151.12758713647244,99.9572399592907,2.5784976558880146,0.11347566424737465,149.90027201178847,152.4787696676765,99.88746519783793,100.0009408620853,true,true
200,20.0,152.40665836653773,99.94591638197639,2.951884524507051,0.10882317717012313,150.98242929786232,153.93431382236938,99.87804711977158,99.9868702969417,false,false
200,20.0,151.5606692596132,99.97014672689187,2.743990779428998,0.11197868232051178,150.29121294486123,153.03520372429023,99.89999880942814,100.01197749174865,false,true
200,20.0,147.53708623169453,100.05711906102115,2.3849566801437163,0.09845779727974957,146.39027089843896,148.77522757858267,99.99472794318547,100.09318574046522,false,true
200,20.0,149.65479163559155,99.96406288513657,1.843806193786861,0.10747390410651292,148.84706658546463,150.6908727792515,99.89508987232394,100.00256377643045,true,true
200,20.0,150.42178100280447,99.94813253860252,2.5902175822775746,0.11475666307033805,149.20275644226933,151.7929740245469,99.8745187595285,99.98927542259884,true,false
200,20.0,148.57139982821843,100.15150895309387,2.8043624378557297,0.10604977912068136,147.27852353482518,150.0828859726809,100.08408609436026,100.19013587348094,true,false
200,20.0,151.435443900261,100.05457204550507,2.642646863542268,0.11333845277479782,150.20579139741108,152.84843826095334,99.98213271284283,100.09547116561762,false,true
200,20.0,149.86808764560288,99.95730581014269,2.700967030921504,0.11458288996142585,148.55087302062367,151.25184005154517,99.88430873654691,99.99889162650834,true,false
200,20.0,149.90206444083105,100.05703191931748,2.6006807948718915,0.1119889954447757,148.63535541305146,151.23603620792335,99.98619682688651,100.09818582233129,true,true
200,20.0,150.98613795275844,100.08406876797343,2.4401743863280103,0.11068589994819433,149.79304741536754,152.23322180169555,100.01253291622857,100.12321881617676,true,false
200,20.0,150.46984690881357,99.95213465388983,1.9588391897008819,0.11276047077693363,149.5803671533797,151.5392063430806,99.88079116450416,99.9935516352811,true,false
200,20.0,150.31210635136205,99.99782743559467,2.6106485243394104,0.10901148378665937,149.08890903246677,151.69955755680618,99.92852272555923,100.03753420934589,true,true
200,20.0,146.97530801327036,100.0609503153253,2.2150654752593937,0.09961539392310215,145.90142448901256,148.11648996427195,99.99657292130684,100.09618831522994,false,true
200,20.0,148.4384823624378,100.03053368131071,2.209581403805231,0.10627934729862432,147.39279958954202,149.60238099334725,99.96292843431408,100.0692077816127,false,true
200,20.0,147.09848603160557,99.96776991238353,2.734909998542463,0.10519725095714705,145.8083215648746,148.54323156341707,99.90212210441496,100.0073193553721,false,true
200,20.0,152.69992390058044,100.0367466439935,3.106916127112356,0.11380133618783361,151.29141072513252,154.39832685224488,99.96228365078655,100.07608498697438,false,true
200,20.0,149.67451395906502,100.03832469388634,2.4092366575361552,0.10802291399635067,148.5417199377805,150.95095659531665,99.96848579887819,100.07650871287454,true,true
200,20.0,146.98435182760352,99.9890897736986,2.3875659704597467,0.1091181040678606,145.87346837211052,148.26103434257027,99.9214373898794,100.03055549394726,false,true
200,20.0,149.55440425636328,99.95290425241524,2.498412706657092,0.11595497307432368,148.38190761265062,150.8803203193077,99.88021666365749,99.99617163673182,true,false
200,20.0,150.68221421941786,99.95582056279784,2.1295697706185877,0.10753653256908535,149.70498744320426,151.83455721382285,99.88719810762647,99.99473464019556,true,false
200,20.0,153.12397822567817,99.95825201919304,2.642794491420517,0.1189753944024261,151.91936177820597,154.56215626962648,99.88295825186573,100.00193364626816,false,true
200,20.0,150.8250708256176,99.96457571040195,2.456781855344076,0.11155862491375501,149.68579990307467,152.14258175841874,99.89512739091282,100.00668601582657,true,true
200,20.0,151.5103398112459,99.94736121569304,2.754955904931336,0.11617502898167231,150.20399631410652,152.95895221903785,99.87403526897907,99.99021029796074,false,false
200,20.0,147.90607739046212,99.94813279488321,2.430478892183345,0.10567429001018525,146.79297283006778,149.22345172225113,99.88214039596176,99.98781468597194,false,false
200,20.0,148.56215415690377,100.26843981893819,2.5387863155489754,0.10061812583057872,147.33063477497444,149.86942109052342,100.20455229689514,100.30517042272572,false,false
200,20.0,149.57538059831097,99.94992759306567,2.299470509049968,0.10839262400997995,148.52026167719174,150.8197321862417,99.88222130027054,99.99061392428052,true,false
200,20.0,149.0480932311889,99.9734552351319,2.7000035935336655,0.09798093272679864,147.74679365181646,150.44679724535013,99.9114196073793,100.0094005401061,true,true
200,20.0,150.17339068063745,99.9358566484433,2.4070912464284504,0.11233956955969404,149.02569140825284,151.4327826546813,99.86509011506634,99.97742968462603,true,false
200,20.0,151.96199123069005,100.00337456185932,2.691274877047988,0.11338806159281489,150.65271604999637,153.34399092704436,99.93116535728772,100.04455341888054,false,true
200,20.0,147.9816708321764,99.96891087837353,2.5366959216804332,0.10986634559930053,146.73039353163594,149.26708945331637,99.89879222236205,100.00865856796135,false,true
200,20.0,147.5644042251112,100.01116914142034,2.774170355351572,0.10113125684281954,146.27604815279196,149.05021850814353,99.94743237082228,100.0485636276651,false,true
200,20.0,148.4967217651693,100.12308207719408,2.403003998150382,0.11287761147326592,147.38793590283043,149.79093990098082,100.0513195021809,100.16419711365417,false,false
200,20.0,150.3960936797348,99.95552087210595,2.661887603682601,0.11434257683269777,149.129695665675,151.7915832693576,99.88308268158535,99.99742525841805,true,false
200,20.0,149.27880465767004,99.966858399454,2.7642409691265755,0.1152073869402841,147.9516638350334,150.71590480415998,99.89479926508793,100.01000665202821,true,true
200,20.0,151.78435427110358,99.95168340990813,2.768523663169674,0.1101013077762758,150.51418909181714,153.28271275498682,99.88273936981889,99.99284067759517,false,false
200,20.0,150.16462597778366,100.14652337983784,2.737438038342674,0.11240226388025576,148.8913244924664,151.62876253080907,100.07431586191531,100.18671812579557,true,false
200,20.0,149.24905826216224,99.93889378794074,2.946266206027417,0.10718852926318334,147.8673586181505,150.8136248241779,99.87276315277084,99.97995168203403,true,false
200,20.0,149.25484128503018,100.13468786615579,2.588912994855349,0.10506199773571723,148.07564974388765,150.664562738743,100.06860204172187,100.17366403945759,true,false
200,20.0,151.31551422782707,100.00689169059243,2.4931393898760064,0.10921939707951367,150.18439369571774,152.67753308559375,99.93660432515057,100.04582372223008,false,true
200,20.0,150.9216279583547,100.01619811816965,1.4540104286670044,0.11554314014142619,150.258609861713,151.71262029038002,99.94464914611689,100.06019228625831,false,true
200,20.0,151.59279216116255,99.97309698928761,2.8557992649509742,0.10916352937573492,150.18288923834973,153.0386885033007,99.90400415040241,100.01316767977815,false,true
200,20.0,151.43621305517243,99.96399377890965,2.550929638875118,0.11467414017079136,150.26477915468232,152.81570879355743,99.89325378694039,100.00792792711118,false,true
200,20.0,150.48513924619732,100.01815521711066,2.58110390994662,0.10737706914250111,149.23846750391724,151.81957141386386,99.95169575749213,100.05907282663463,true,true
200,20.0,149.3536602394416,100.42527357044577,2.7423770325834482,0.10512562689427796,148.07055637483697,150.81293340742042,100.35946479912374,100.46459042601802,true,false
200,20.0,151.61008890921994,100.26820131961549,2.5903513981030812,0.1110193907847048,150.34688355337886,152.93723495148194,100.19969982406097,100.31071921484568,false,false
200,20.0,149.8145293109842,100.07477990781061,2.509413034651203,0.10373770784212866,148.63485090951255,151.14426394416375,100.00753268080464,100.11127038864677,true,false
200,20.0,149.6402883245529,99.97399264810869,2.6658731847601302,0.11058396957724881,148.33848066417153,151.00435384893166,99.90328944599446,100.01387341557171,true,true
200,20.0,146.73169861180912,100.09831453951752,2.087003672452852,0.09599994044205573,145.76923537681012,147.85623904926297,100.0383882446325,100.13438818507456,false,false
200,20.0,152.81274181785685,100.1860203816579,2.60127467821971,0.1136751595703629,151.57242101288662,154.17369569110633,100.1140552829462,100.22773044251656,false,false
200,20.0,149.99582596170666,100.09913035161944,2.6832593343212636,0.11111294758516976,148.69499446458744,151.3782537989087,100.02896538687091,100.14007833445608,true,false
200,20.0,148.7517183864574,100.0272762554307,2.2419437949318137,0.10411225181002237,147.68701869687408,149.9289624918059,99.95934534762729,100.06345759943731,false,true
200,20.0,149.70293421725106,99.96614666912603,1.7605201788526585,0.12094665482328537,148.90439277681008,150.66491295566274,99.88893185182243,100.00987850664572,true,true
200,20.0,150.80969733307074,100.20066819329583,1.9274187864277508,0.11480014811334627,149.94964443241668,151.87706321884443,100.13039549501468,100.24519564312803,true,false
200,20.0,151.6556643308827,99.94155707465566,2.385926128747343,0.10952164156525157,150.51692201947594,152.90284814822328,99.87222556386466,99.98174720542991,false,false
200,20.0,148.85986650572318,99.93399199396588,2.4148007439583523,0.11204842430308304,147.72083246099209,150.13563320495044,99.8620743975941,99.97412282189718,true,false
200,20.0,147.3918009777409,100.15194958239235,2.249649696096526,0.10124456523416825,146.34736617626476,148.59701587236128,100.0880141541254,100.18925871935957,false,false
200,20.0,148.6244369632419,99.97721710198283,2.787132200881814,0.10648088956769186,147.2411559490888,150.02828814997062,99.9108304564394,100.01731134600709,true,true
200,20.0,149.39462606453841,100.02272618399729,2.8063546373427073,0.10693432026108951,148.02156564877058,150.82792028611328,99.95663174304184,100.06356606330293,true,true
200,20.0,152.2732903669309,100.01570017335173,2.8513901947025033,0.11900039452292788,150.94625322464856,153.79764341935106,99.93984254947709,100.05884294400002,false,true
200,20.0,152.83620950051136,100.13879449795895,2.9138587284996618,0.12225753531888017,151.46122679631864,154.3750855248183,100.06221552410665,100.18447305942553,false,false
200,20.0,149.09184023962518,100.02302138192364,2.1154481772325084,0.11534233334498367,148.06967245644182,150.18512063367433,99.94971359048935,100.06505592383434,true,true
200,20.0,153.68451581752447,99.93927009886319,2.892261216883327,0.12313234876489787,152.25419181251917,155.1464530294025,99.86119438580869,99.98432673457359,false,false
200,20.0,148.76403256422967,100.03890310644297,2.413870256850913,0.10538031281632243,147.6038780058895,150.0177482627404,99.97240173388829,100.07778204670461,true,true
200,20.0,148.7398025406408,99.96708419421284,2.695783661053923,0.10958970836321669,147.48802449638546,150.1838081574394,99.89618101109582,100.00577071945904,true,true
200,20.0,151.2247084059453,99.95309787166704,2.8172381811010325,0.11253833314324879,149.8917934969446,152.70903167804562,99.88377348678733,99.99631181993058,true,false
200,20.0,151.69740966905962,99.96848222334694,2.694414064149413,0.11234431169530978,150.3912437295154,153.0856577936648,99.89869628154202,100.01104059323733,false,true
200,20.0,147.51997170044385,99.97290032355512,2.680308350614979,0.10795488435913114,146.25954962518261,148.9398579757976,99.90312474800135,100.01107963236048,false,true
200,20.0,150.58880119436512,100.15660280272118,2.7662953148636404,0.11056863783417725,149.29462607759572,152.06092139245936,100.08824660090829,100.19881523874247,true,false
200,20.0,148.7593425255136,100.00250309607877,2.7895729945432493,0.10222899635266458,147.43249280257172,150.22206579711496,99.93816391089423,100.0403929072469,true,true
200,20.0,151.56163750981992,100.14446758739908,2.709306880490402,0.13041925519266329,150.29111131247114,153.00041819296155,100.06182104419624,100.1922402993889,false,false
200,20.0,151.02018502196188,100.24480160710343,2.497090388503551,0.106589007234831,149.82620655709496,152.3232969455985,100.17655336083997,100.2831423680748,true,false
200,20.0,149.83208368121984,99.94021450264128,2.274980831047259,0.10340214643061074,148.8152450148754,151.09022584592265,99.87593011830579,99.9793322647364,true,false
200,20.0,152.66766248243874,100.00246423055364,2.9624070416041945,0.11632253277417703,151.2046045774187,154.1670116190229,99.92785310876863,100.04417564154281,false,true
200,20.0,151.64967981788223,99.94692131680736,2.709922100413621,0.11995554323796398,150.3025643394172,153.0124864398308,99.86993145596911,99.98988699920707,false,false
200,20.0,147.33576983888207,99.96189603084495,2.5586028881115794,0.09885072812645035,146.11000117201192,148.6686040601235,99.900811340869,99.99966206899545,false,false
200,20.0,147.1318458600112,99.94210327562054,2.9089289950509283,0.10618891935335739,145.75757291052022,148.66650190557115,99.87532092599602,99.98150984534938,false,false
200,20.0,148.08028350794882,99.94234440448093,2.385670360754034,0.11439489943492731,146.96520879129343,149.35087915204747,99.86997825165409,99.98437315108902,false,false
200,20.0,151.76056747567233,100.04127975402773,2.844893762303002,0.11645222200797889,150.42073245225458,153.26562621455759,99.967996433465,100.08444865547298,false,true
200,20.0,152.47715056331083,100.1077417079426,2.5167735409351053,0.11403679904867658,151.3454917693964,153.8622653103315,100.03630342284653,100.1503402218952,false,false
200,20.0,153.49161082691714,100.06663995711169,2.3757902021399957,0.11942035380567972,152.35738734886783,154.73317755100783,99.98949831471003,100.10891866851571,false,true
200,20.0,150.91770269738032,99.9788991856665,2.789321563950466,0.11417826037188661,149.59668819649707,152.38600976044754,99.90944921197817,100.02362747235006,true,true
200,20.0,149.66397976795326,99.9638710394801,2.235968455233831,0.12023073331883438,148.64425314973857,150.8802216049724,99.88806059283088,100.00829132614972,true,true
200,20.0,150.75135623781784,100.00627326647492,2.8312453402399456,0.10944227010237739,149.42909874927395,152.2603440895139,99.93641761277206,100.04585988287444,true,true
200,20.0,148.93037115336915,99.97536654784054,2.085848656134459,0.10645203351592158,147.95698669815772,150.04283535429218,99.9071426282988,100.01359466181472,true,true
200,20.0,149.46476377058198,100.0033323532862,2.584585971190336,0.1059136313603517,148.21318250729138,150.79776847848171,99.93689543833847,100.04280906969882,true,true
200,20.0,150.7979560055796,100.06342273015863,2.4615013360617297,0.10778167737208832,149.61426625483668,152.0757675908984,99.99577795524505,100.10355963261713,true,true
200,20.0,150.3597835233233,100.43825761309236,2.7703411471570973,0.1079678116904006,149.04746084336463,151.81780199052173,100.37018742534762,100.47815523703802,true,false
200,20.0,149.54916895733038,100.48536738241422,2.5644833145784105,0.10461598614872969,148.36657896133116,150.93106227590957,100.41927971942216,100.5238957055709,true,false
200,20.0,151.53400296166518,100.02937080293869,2.404515763628723,0.11558977124042258,150.37910894160942,152.78362470523814,99.95591778802653,100.07150755926695,false,true
200,20.0,148.44416521800025,100.18976472970076,2.3229675306288584,0.11322220065378019,147.37537610019191,149.69834363082077,100.11734195421633,100.23056415487011,false,false
200,20.0,149.2392512315721,100.1906583615801,2.561744159810985,0.11129238500070926,148.0197122088106,150.5814563686216,100.12145752173608,100.23274990673679,true,false
200,20.0,148.30686199733233,99.94888682960934,2.737236879236093,0.10890651932112405,147.0495883494481,149.7868252286842,99.88232180836361,99.99122832768474,false,false
200,20.0,147.86377508541216,99.97022471042082,2.44566641122114,0.1018163167376116,146.69453889112316,149.1402053023443,99.90587247287489,100.0076887896125,false,true
200,20.0,151.46054085910959,99.94265512902673,2.527197967553036,0.115900058572322,150.28868482090223,152.81588278845527,99.86886721263912,99.98476727121144,false,false
200,20.0,150.65520033846377,100.08680129242394,1.758583986784572,0.11700293061501554,149.86520674705446,151.62379073383903,100.01419601890211,100.13119894951713,true,false
200,20.0,149.17459707466003,99.93380999031359,2.3392258922033022,0.1079879273370068,148.05663065064977,150.39585654285307,99.86439585945702,99.97238378679403,true,false
200,20.0,149.06923195839354,99.9493041256539,2.731836012035501,0.10880891454837638,147.78352079794558,150.51535680998109,99.88053653129901,99.98934544584739,true,false
200,20.0,147.66515245318038,100.08027025098588,2.290108409266452,0.10357586456542833,146.58054364407434,148.8706520533408,100.01439033660918,100.11796620117461,false,false
200,20.0,149.3135569104774,100.20776555138104,2.509783115005945,0.11114853915711365,148.12958505495232,150.63936816995826,100.13598054600534,100.24712908516246,true,false
200,20.0,150.69023393783198,100.14691527112144,2.702689485454755,0.11188951760534849,149.33023832969567,152.03292781515043,100.07569251596955,100.1875820335749,true,false
200,20.0,151.8744242570633,99.94325522269591,2.374687288800942,0.12373871897466415,150.7735027505698,153.14819003937075,99.86344197748159,99.98718069645625,false,false
200,20.0,149.99932501868645,99.97767075227208,2.414188182061224,0.11052509518896159,148.90094169778953,151.31512987985076,99.90762019319459,100.01814528838355,true,true
200,20.0,150.62820823609164,99.9773399593485,1.9763883763207843,0.11412842826712222,149.70485776703893,151.68124614335972,99.90706633541697,100.0211947636841,true,true
200,20.0,150.6918717756116,99.97175966658506,2.2826237843833326,0.11030719051301219,149.6529682530562,151.93559203743953,99.90252627106562,100.01283346157864,true,true
200,20.0,147.3812141696448,100.16226990314114,2.4857598487881774,0.1000934286297337,146.2275778256867,148.71333767447487,100.09760895144052,100.19770238007025,false,false
200,20.0,151.22419900670906,100.00295018564222,2.778293135512911,0.10684298525491442,149.91585467283187,152.69414780834478,99.93518724283715,100.04203022809206,true,true
200,20.0,151.06960044275434,100.24272026902422,2.1943197394210756,0.12252048201283117,150.09918378067846,152.29350352009953,100.16588219848406,100.28840268049689,false,false
200,20.0,151.56835492518638,99.93155291397605,2.6564790941753245,0.11106899184993324,150.31930762337765,152.97578671755298,99.86169310997268,99.97276210182261,false,false
200,20.0,148.78712395432223,100.1291506587761,2.0705392282589514,0.10880046947993094,147.86625556664464,149.9367947949036,100.06065309908777,100.1694535685677,false,false
200,20.0,149.94046735912877,99.99081957489855,2.4643442673537947,0.12190776374266932,148.8406260929841,151.3049703603379,99.91321211414692,100.03511987788958,true,true
200,20.0,149.5363052181478,99.9599965754141,2.682904819879525,0.10864569871758079,148.21782472741137,150.9007295472909,99.89274770628177,100.00139340499935,true,true
200,20.0,149.84947733404667,99.96875429091514,2.739859094284782,0.11121540277082431,148.53717644950683,151.2770355437916,99.89821681176154,100.00943221453237,true,true
200,20.0,151.4778400718247,99.93499481819114,2.8882390959892916,0.11569177800232922,150.08798920305915,152.97622829904844,99.86205928112985,99.97775105913217,false,false
200,20.0,151.1251081885184,99.98371850117339,2.137456830662785,0.11634706334520217,150.16024071134518,152.29769754200797,99.90942038882974,100.02576745217495,false,true
200,20.0,148.98975508860124,100.23559424805691,2.3783051651533356,0.11415907495651823,147.85218235549672,150.23048752065006,100.16302061288104,100.27717968783756,true,false
200,20.0,149.29469607517245,100.0728557343862,2.283591169896056,0.10811872272640244,148.19166118904292,150.47525235893897,100.00419699750165,100.11231572022805,true,false
200,20.0,146.68075367204798,99.98921345391048,2.242412602480101,0.09966788030605755,145.67015935601066,147.91257195849076,99.92664421578614,100.0263120960922,false,true
200,20.0,151.4187541407237,99.95590227542225,2.617871381938187,0.1188414760291181,150.20368610859515,152.82155749053334,99.879259204613,99.99810068064212,false,false
200,20.0,150.60084690078293,100.02272915130867,2.8227560619424708,0.1099985756631554,149.23317541923865,152.05593148118112,99.95232851461587,100.06232709027903,true,true
200,20.0,150.7025554643641,99.98309769675423,2.9375028387736677,0.11249118048884554,149.31760115228258,152.25510399105625,99.91194893532962,100.02444011581846,true,true
200,20.0,149.3517579472035,100.04682428179734,2.4154617812690162,0.10677883065481808,148.1975227002681,150.61298448153713,99.97960991123696,100.08638874189178,true,true
200,20.0,150.0668920827494,100.1730713733815,2.5269502523406686,0.11226316378187562,148.85255707490802,151.3795073272487,100.10129309067064,100.21355625445251,true,false
200,20.0,148.8449699518778,100.45523788517943,2.2659681352034795,0.10900062626396334,147.7684548810692,150.03442301627268,100.38787403574385,100.49687466200781,true,false
200,20.0,147.5525691540238,100.03899404990327,2.48825880088404,0.10613082674886698,146.39994672565723,148.88820552654127,99.97203375864356,100.07816458539243,false,true
200,20.0,147.287170472051,99.96578715830269,2.513612216825777,0.10723110091666399,146.10614681596002,148.6197590327858,99.8983787058769,100.00560980679356,false,true
200,20.0,148.2337471890758,100.12880318628908,2.56546553164506,0.10462629449924066,146.9863543469916,149.55181987863665,100.06260855056986,100.1672348450691,false,false
200,20.0,148.73368199218464,100.03935457411174,2.3348169609187437,0.10467421529902765,147.65519848434286,149.9900154452616,99.97389445226386,100.07856866756289,false,true
200,20.0,151.37104113646586,99.95096497250336,2.623337514326721,0.12073109342739485,150.1547346973684,152.77807221169513,99.8754405598944,99.9961716533218,false,false
200,20.0,151.61964581794547,99.96232991666132,2.5643295464179516,0.11476964630483621,150.43857936213416,153.00290890855212,99.88924889715001,100.00401854345485,false,true
200,20.0,149.2842377827663,99.99352684603187,2.6870628114095894,0.11112660997210355,147.977410595722,150.6644734071316,99.92367220419126,100.03479881416337,true,true
200,20.0,146.89008891887974,100.07164572199497,2.3248569785841653,0.10294074225087968,145.7758434784774,148.10070045706158,100.00772617939695,100.11066692164783,false,false
200,20.0,145.83053774761743,99.95481569414031,2.550653461544016,0.10715901894920421,144.65038002283413,147.20103348437814,99.88694179755026,99.99410081649947,false,false
200,20.0,151.65810336523109,99.94518426855215,2.1960433259129672,0.11116564290560405,150.6517588597348,152.84780218564777,99.87409947295885,99.98526511586445,false,false
200,20.0,149.7244703164086,99.97343780142212,2.633263463712126,0.1115659614659279,148.49123379165508,151.1244972553672,99.90327902060761,100.01484498207354,true,true
200,20.0,146.68169280435222,99.949703084529,2.63973567403022,0.10212459723192069,145.39434173254682,148.03407740657704,99.88551990852946,99.98764450576138,false,false
200,20.0,151.26566505163768,100.01643099411035,2.6553985349750917,0.10850928800442716,149.9840864676244,152.63948500259949,99.94712473038007,100.0556340183845,true,true
200,20.0,150.55851311190045,99.92951646638977,2.481646055828918,0.10959785789324883,149.41277625029952,151.89442230612843,99.86095515597287,99.97055301386612,true,false
200,20.0,146.80752548067846,100.04772836943822,1.8269716189567475,0.10634663750717266,145.9951379721047,147.82210959106143,99.98048293259303,100.0868295701002,false,true
200,20.0,150.50045804371382,99.96848417680198,2.8535938877568015,0.10270733042719371,149.13211531181588,151.98570919957268,99.90466808000448,100.00737541043168,true,true
200,20.0,150.22891940796143,99.96564988322618,2.4924026374733614,0.10397570186118799,149.04813359456747,151.54053623204084,99.90005395171379,100.00402965357497,true,true
200,20.0,149.98705233953103,100.1617709976017,2.478037966131808,0.11351674790897448,148.82917777379745,151.30721573992926,100.08846228718714,100.20197903509612,true,false
200,20.0,147.5827309134768,100.15444178320723,2.541967429753896,0.1015725546113373,146.36618099930908,148.90814842906298,100.09007274483369,100.19164529944503,false,false
200,20.0,151.5478614496259,99.99662690965289,2.1869477294589785,0.11033791633798273,150.58264687726708,152.76959460672606,99.92803469812193,100.03837261445992,false,true
200,20.0,150.12533737683916,100.02621035766433,2.640906466032561,0.11323485285936385,148.87847212202774,151.5193785880603,99.95551542077231,100.06875027363168,true,true
200,20.0,148.71417846439795,99.99027681029668,2.160053757398913,0.11312907266163563,147.69741744476298,149.8574712021619,99.91977679712355,100.03290586978518,false,true
200,20.0,152.36814043949184,99.9363085646938,2.3403053484386476,0.11698987465422306,151.28456262714704,153.6248679755857,99.86374780772945,99.98073768238368,false,false
200,20.0,149.26098161129315,100.02081236499656,2.9184185494764563,0.10504850690485057,147.86115831984193,150.7795768693184,99.95399533308168,100.05904383998653,true,true
200,20.0,148.43769711488414,99.98882496672994,2.7812790554276603,0.11765125963742662,147.1038623290481,149.88514138447576,99.9156812789312,100.03333253856863,false,true
200,20.0,148.94449607837953,100.19467667203814,2.7230091638633667,0.1051329440662272,147.62812927838158,150.35113844224495,100.12820780735977,100.233340751426,true,false
200,20.0,147.8826537253956,100.05513004838247,2.4542137565380244,0.10369016374116313,146.75003007117985,149.20424382771787,99.98977646892872,100.09346663266989,false,true
200,20.0,148.79742668673714,99.95984990970663,2.763645228595635,0.10777556487357742,147.49803723708263,150.26168246567826,99.8912812030944,99.99905676796797,true,false
200,20.0,150.05060900364532,100.03630217519384,2.8289543337681096,0.10987923002240052,148.6426304779364,151.4715848117045,99.96635865148924,100.07623788151164,true,true
200,20.0,148.0135540719345,99.9986429199125,1.792477176851861,0.1103258992431222,147.20235241420983,148.9948295910617,99.9295375839129,100.03986348315603,false,true
200,20.0,151.3603242584873,99.97683041864803,2.8240945189282343,0.11531715919302599,149.99300601370234,152.81710053263058,99.90465272919054,100.01996988838357,true,true
200,20.0,147.39943070442533,100.02305911192929,2.3956529380425025,0.10102253059216082,146.28277461897508,148.67842755701759,99.95857402261095,100.05959655320311,false,true
200,20.0,150.34864896188114,99.99071233217262,1.9492823616363921,0.11835380722233424,149.5000766444133,151.4493590060497,99.91518231021672,100.03353611743906,true,true
200,20.0,149.7100560941072,100.15043998592655,2.7142518278788543,0.11147878685495982,148.41498295686563,151.12923478474448,100.08050742143797,100.19198620829293,true,false
200,20.0,149.54589221513965,99.99414879107354,2.2555515196650333,0.10913933513329255,148.49748535395233,150.75303687361736,99.92524735151885,100.03438668665214,true,true
200,20.0,147.77336892093558,100.07075255433378,2.6759272406354455,0.108025898206904,146.5481265911136,149.22405383174905,100.00209868252644,100.11012458073334,false,false
200,20.0,150.94039699788283,99.94279564944125,2.891592600221685,0.10995906697016267,149.56735397318735,152.45894657340904,99.87225758909179,99.98221665606195,true,false
200,20.0,146.50695985474246,99.96528145377209,2.4985718276738,0.10494871041909448,145.30045028829278,147.79902211596658,99.90065489123947,100.00560360165856,false,true
200,20.0,151.00574626013793,99.95781861060314,1.9170954169567551,0.10793075540371433,150.129215296456,152.04631071341277,99.88989578358135,99.99782653898507,false,false
200,20.0,149.9235149959055,100.054685010405,2.3697986885480304,0.09890815677050568,148.8134701867744,151.18326887532243,99.99313166296452,100.09203981973502,true,true
200,20.0,150.78525475228093,100.11094516146986,2.7326279789096475,0.11079386857053919,149.44149071098303,152.17411868989268,100.04262255643474,100.15341642500528,true,false
200,20.0,150.24674768344738,99.96734787334469,2.827746771390963,0.11413680819285332,148.92467938528287,151.75242615667383,99.89503198114895,100.0091687893418,true,true
200,20.0,149.8546838460829,100.165969503837,2.719732942485905,0.10789321577927069,148.5671160934568,151.2868490359427,100.09852502709771,100.20641824287698,true,false
200,20.0,152.33811569497027,100.00050706102448,2.383857835465193,0.11795978526723161,151.28890277542519,153.67276061089038,99.92666350353905,100.04462328880628,false,true
200,20.0,151.67981615569764,100.11404525053405,2.836507800460055,0.11040340635895518,150.35026276965067,153.18677057011072,100.04434253068393,100.15474593704289,false,false
200,20.0,148.73096510381072,99.93868994927743,2.5381829054749687,0.11825948784807849,147.53862863230324,150.0768115377782,99.86290412044913,99.98116360829721,true,false
200,20.0,147.65568344295752,99.98312045619826,2.624438705499415,0.10274465909718344,146.4002233692441,149.0246620747435,99.91843570597675,100.02118036507393,false,true
200,20.0,147.07414119543316,99.94517417121588,2.6310227202185956,0.1030170883910273,145.8258792178037,148.4569019380223,99.87956509190462,99.98258218029565,false,false
200,20.0,149.73757988563318,100.03981234868704,2.724654916649058,0.1076826559836519,148.4020379603131,151.12669287696215,99.97325563581522,100.08093829179887,true,true
200,20.0,151.87431261569824,99.93740122285936,2.315672926019829,0.10997446570594605,150.81549405451335,153.13116698053318,99.86793606821543,99.97791053392137,false,false
200,20.0,151.1522149031198,100.20833469415909,2.378015382792512,0.1147024087387365,150.02050232343274,152.39851770622525,100.13595761117102,100.25066001990976,false,false
200,20.0,149.03584254585047,99.95181395762113,2.029418964746924,0.10733558454502656,148.1122456973535,150.14166466210042,99.88606186460558,99.9933974491506,true,false
200,20.0,150.7355627535539,99.96924487173104,2.2724351400939042,0.11032991981915075,149.6671899695796,151.9396251096735,99.8990349385634,100.00936485838255,true,true
200,20.0,149.3907947156075,99.9395453356293,2.5970855304185534,0.10469040401284246,148.16847988702347,150.76556541744202,99.87539905289901,99.98008945691186,true,false
200,20.0,149.17567730573532,99.93092097614891,2.779817837752205,0.11402906894383591,147.823740391703,150.60355822945522,99.85964245831012,99.97367152725396,true,false
200,20.0,148.39181001970752,99.96961383315815,2.2591628060793596,0.10446453796735966,147.33472638295808,149.59388918903744,99.90552316529477,100.00998770326213,false,true
200,20.0,148.260829489083,100.02223463247333,2.4905910429201015,0.11014092471114623,147.0802804087782,149.5708714516983,99.95602994972282,100.06617087443396,false,true
200,20.0,149.0445791879165,99.97730776285577,2.8034893513804207,0.10958184393173553,147.69540208720196,150.49889143858238,99.90895577980524,100.01853762373698,true,true
200,20.0,149.32731754284566,100.11947025259556,2.620656023507678,0.10898935696472734,148.10653114187986,150.72718716538753,100.0512050235611,100.16019438052582,true,false
200,20.0,148.51643499761866,100.06414203079618,2.4051190100347526,0.10486181294508867,147.38594803006026,149.79106704009502,99.9982334627147,100.10309527565978,false,true
200,20.0,151.27205221980566,99.97793591690055,2.3323079362209,0.11147790619965292,150.18101924082777,152.51332717704867,99.90597612863898,100.01745403483864,false,true
200,20.0,151.24299208386813,99.98944022287486,2.5154091475884854,0.108290132282022,150.03178544278424,152.54719459037273,99.92224305543482,100.03053318771684,false,true
200,20.0,149.47841898702825,99.94221711566547,2.795824562186283,0.11127501218918212,148.1572818538194,150.95310641600568,99.87115193922666,99.98242695141585,true,false
200,20.0,150.65162085554357,99.9281586461208,2.3091240689964536,0.11539763418380744,149.55493189563873,151.86405596463518,99.85530935929933,99.97070699348313,true,false
200,20.0,151.2492808819006,99.93087571090055,2.3847187457146504,0.11553968795365677,150.1209621089159,152.50568085463055,99.8572696240455,99.97280931199916,false,false
200,20.0,151.25672384885186,100.1207189476734,2.256294460386897,0.10900456149128956,150.19449427040843,152.45078873079532,100.0522247997157,100.16122936120699,false,false
200,20.0,148.07978203222007,99.9420503113966,2.4993899961262684,0.10252358085743651,146.8850213649916,149.38441136111786,99.87778395113797,99.98030753199541,false,false
200,20.0,148.1906086524353,99.99492507608639,2.513915300427925,0.10815871964403811,147.01945623172386,149.5333715321518,99.9274504896296,100.03560920927364,false,true
200,20.0,153.20396667793653,100.12606773833389,3.1467607406387117,0.1195862065263924,151.71362398103938,154.8603847216781,100.04963289969227,100.16921910621866,false,false
200,20.0,149.41112028720397,100.04084387171915,2.787692278200808,0.108400277794928,148.10088446969064,150.88857674789145,99.9725110302961,100.08091130809103,true,true
200,20.0,149.67013802551156,99.96866971461299,2.0801862581164983,0.10435059813332259,148.7293066123155,150.809492870432,99.90150285573225,100.00585345386557,true,true
200,20.0,148.23839170185545,99.9841007609772,2.2753947074413077,0.10929702037022082,147.18878336605795,149.46417807349926,99.91503794567365,100.02433496604387,false,true
200,20.0,146.58649345631716,99.97807325591879,2.484862988888267,0.10824143436116174,145.40252681722498,147.88738980611325,99.90797556683746,100.01621700119863,false,true
200,20.0,147.48740405359405,99.98156750111247,2.866213939607235,0.10393727882525639,146.10533957492086,148.9715535145281,99.91632780395928,100.02026508278453,false,true
200,20.0,149.16798933567276,99.99279050776852,2.247167803520682,0.11278791672818045,148.13900568602472,150.3861734895454,99.91986849371598,100.03265641044416,true,true
200,20.0,150.20918805356447,99.97595669703261,2.1173614339726896,0.10454460871427784,149.22550834279963,151.34286977677232,99.90886942993392,100.0134140386482,true,true
200,20.0,149.06213974889562,100.21899418136834,1.7629456377072756,0.10644055153254328,148.29994606919502,150.0628917069023,100.15176295508174,100.25820350661428,true,false
200,20.0,150.90729286922965,99.96450288597813,2.2138013217876846,0.11259423171793514,149.81137306129105,152.02517438307873,99.89330658971637,100.00590082143431,true,true
200,20.0,148.08879567356564,100.03986667434219,1.8404995805484816,0.09865363720199127,147.2990832639746,149.1395828445231,99.97837726192054,100.07703089912253,false,true
200,20.0,151.83811537404063,99.9341667117821,2.747690967920363,0.11311742019864823,150.4930113937502,153.24070236167057,99.86226140862101,99.97537882881966,false,false
200,20.0,149.1865893096794,100.0758920776039,2.5910145018569324,0.1021068653735,147.96133567207175,150.5523501739287,100.01115032940982,100.11325719478332,true,false
200,20.0,148.75029482250838,99.97223386212636,2.391420552580456,0.11033693407614464,147.64982974524372,150.04125029782418,99.9013303271474,100.01166726122355,true,true
200,20.0,153.3938326345144,99.9943774522882,2.6640694036435093,0.11743157203311227,152.12887728107395,154.79294668471746,99.91916974709554,100.03660131912865,false,true
200,20.0,152.0380369471402,99.97607631675751,2.5271655266013227,0.12425548542617548,150.8287012769992,153.35586680360052,99.89559965016896,100.01985513559514,false,true
200,20.0,151.84182190721128,100.27142815407831,2.894326390108887,0.11277990805324123,150.47027259723674,153.36459898734563,100.20061915027593,100.31339905832917,false,false
200,20.0,152.4096245378896,99.9713578946213,2.4301728558540674,0.11898550289694754,151.26674966907777,153.69692252493184,99.8948423712437,100.01382787414065,false,true
200,20.0,146.9413153517724,100.06558093692462,2.385065475774553,0.10277096812473019,145.83546724917844,148.220532724953,100.00242256854875,100.10519353667348,false,false
200,20.0,152.90227485461935,99.93348446224473,2.7974391061284507,0.11770278239049503,151.60234689167214,154.3997859978006,99.85752867391577,99.97523145630626,false,false
200,20.0,147.8116949901373,99.98187410473399,2.379900557410764,0.11179781782060161,146.6874053820734,149.06730593948416,99.91089682308848,100.02269464090908,false,true
200,20.0,150.13506825597932,99.96949464101202,2.6199109435690673,0.11349821753427136,148.94696541794403,151.5668763615131,99.89827387333077,100.01177209086504,true,true
200,20.0,146.88779017571653,100.09117264616876,2.182801817400076,0.10580786520360164,145.87720882786647,148.06001064526654,100.02352546793267,100.12933333313627,false,false
200,20.0,151.11487350417687,99.98896261280686,2.845686681989605,0.11470036354182866,149.71706113953306,152.56274782152266,99.91667869152023,100.03137905506206,true,true
200,20.0,147.75280196511443,100.16935385505107,2.3374231765954505,0.11043080883540313,146.69492513131826,149.0323483079137,100.09928042241134,100.20971123124674,false,false
200,20.0,149.14983749283735,100.0167839673988,2.625430817495584,0.10911647328363472,147.8782245639692,150.5036553814648,99.94897668225617,100.05809315553981,true,true
200,20.0,148.99186422980932,100.09339693534531,2.3446861781202415,0.10815302710733476,147.87094061626456,150.2156267943848,100.02677584084326,100.13492886795059,true,false
200,20.0,148.4785007999169,99.97550921088931,2.3134109814540977,0.10361274824107625,147.40754158285145,149.72095256430555,99.91060149596738,100.01421424420846,false,true
200,20.0,148.63124452661302,100.2255204427988,2.60786336224848,0.10500030399130367,147.40008291127188,150.00794627352036,100.15952769971956,100.26452800371086,true,false
200,20.0,151.17073629559036,99.95073616007012,2.696942214226965,0.11532989321025866,149.8738104244228,152.57075263864976,99.87731097094417,99.99264086415442,true,false
200,20.0,149.78344837402688,99.98399827335228,2.5652423141990823,0.10831215154277629,148.56201507407818,151.12725738827726,99.91660508813041,100.02491723967319,true,true
200,20.0,149.5907284556542,100.43095792431873,2.6628850578344156,0.11113405639517282,148.3218535155474,150.9847385733818,100.36172657098848,100.47286062738365,true,false
200,20.0,151.54053268396012,99.99930507820021,2.798503798943756,0.11756145640583782,150.20227547224707,153.00077927119082,99.92511712155456,100.0426785779604,false,true
200,20.0,145.18718477533045,100.26618426999407,2.2794178511261407,0.10037784545865236,144.08007401280958,146.35949186393572,100.20275899104217,100.30313683650083,false,false
200,20.0,148.5064313020082,100.0322841010562,2.4666627341384526,0.10422520557696657,147.31795366285564,149.7846163969941,99.96661650752795,100.07084171310491,false,true
200,20.0,149.64844727503103,100.06762800584585,2.7905949991790067,0.11071224266609647,148.30017585785757,151.09077085703657,99.99601543877677,100.10672768144286,true,true
200,20.0,151.07167686955017,99.94074561660616,2.890563707713426,0.11054732762634956,149.67854943693177,152.5691131446452,99.87059219236835,99.9811395199947,true,false
200,20.0,152.08833469497068,100.02482779444227,2.929818030776005,0.11716347350620993,150.6527425556495,153.5825605864255,99.95014213326314,100.06730560676935,false,true
200,20.0,151.94722536402304,100.03520641731959,2.556881407206447,0.11384701404648467,150.792834720533,153.34971612773944,99.9639242647178,100.07777127876429,false,true
200,20.0,150.12864397835384,99.94277906485013,2.549632138090402,0.10992013618607643,148.9518094628251,151.5014416009155,99.87312288473109,99.98304302091717,true,false
200,20.0,149.83709004819195,99.92739039278814,2.703298059314619,0.11405943342577984,148.5604631916383,151.2637612509529,99.8562797191675,99.97033915259328,true,false
200,20.0,151.2587969610624,100.00666847078548,2.8597401441896295,0.11343593434990851,149.89468134097015,152.75442148515978,99.9342281796852,100.04766411403511,true,true
200,20.0,150.90585082125926,100.01489492514239,3.0057079981702373,0.1191341010694913,149.45120526467093,152.45691326284117,99.9385328366655,100.057666937735,true,true
200,20.0,150.109665766236,100.40839842430549,2.241811745303778,0.11161546450300364,149.0760244726716,151.31783621797538,100.33676106541498,100.44837652991798,true,false
200,20.0,151.89328130666198,99.99725882765196,2.904665624623817,0.10723271745548857,150.5331657398284,153.43783136445222,99.93039659396945,100.03762931142494,false,true
200,20.0,152.16924861477037,99.9640406456998,2.639234455841148,0.12056942061104792,150.92483948578055,153.5640739416217,99.8886368596229,100.00920628023395,false,true
200,20.0,150.50975119030835,100.04790759805633,3.040797312065905,0.1095191532684936,149.00857970695955,152.04937701902546,99.97869054753407,100.08820970080257,true,true
200,20.0,150.708837521421,99.98127360706344,2.5328269920231605,0.11538549338061443,149.48624168074667,152.01906867276983,99.90800203656697,100.02338752994758,true,true
200,20.0,150.24936983276143,99.96602279147271,2.326118430016436,0.10780958255401174,149.2194550801901,151.54557351020654,99.89826127663906,100.00607085919307,true,true
200,20.0,152.77535000731274,100.05509048308559,2.8526278363079314,0.11834442216252228,151.43806843570846,154.2906962720164,99.97958758977221,100.09793201193473,false,true
200,20.0,151.94642772931306,99.9693093756178,2.646154382722898,0.11994719431353928,150.67669329539444,153.32284767811734,99.89244813598555,100.01239533029909,false,true
200,20.0,149.42672549581897,100.14771211884792,2.5887582928964434,0.10915000322296464,148.18019041932183,150.76894871221828,100.07807635424206,100.18722635746502,true,false
200,20.0,148.02542138184918,100.01771961995505,2.102408503096285,0.10352388033919624,147.06450543586402,149.1669139389603,99.9533751196046,100.0568989999438,false,true
200,20.0,152.1427752860253,99.97459458813722,2.1186896756648252,0.11429308231453206,151.20587145885605,153.32456113452088,99.90212499217655,100.01641807449109,false,true
200,20.0,152.66536249766756,99.96686313261839,2.614220950850182,0.124095358095488,151.4375521338556,154.0517730847058,99.8889158650626,100.01301122315809,false,true
200,20.0,153.07341975873294,100.17778034121105,2.6278871802473986,0.12115116531944636,151.79766020180153,154.42554738204893,100.10360099874342,100.22475216406286,false,false
200,20.0,150.37260769525437,99.94412635857049,2.190297981529312,0.1061673547819737,149.3717211432068,151.5620191247361,99.87629120572836,99.98245856051034,true,false
200,20.0,148.99478387258426,100.17401208699036,2.394488034089221,0.10544298754599879,147.92169317779877,150.316181211888,100.10870706034437,100.21415004789037,true,false
200,20.0,152.32591360568472,99.92495350904122,2.352944676273978,0.11925199563970068,151.22814564917633,153.5810903254503,99.849079837522,99.9683318331617,false,false
200,20.0,150.9961711096243,99.94901401683802,2.0634862084816064,0.11651503850139022,150.0815316565035,152.1450178649851,99.87530849940929,99.99182353791068,false,false
200,20.0,148.2158383544135,99.9699899912556,2.231533992235171,0.11020670431483381,147.16591779874938,149.39745179098455,99.90019733568832,100.01040404000315,false,true
200,20.0,149.3068137605488,100.01896971286816,2.647530538326521,0.11040408522356415,148.0914651478279,150.73899568615442,99.94937105152947,100.05977513675303,true,true
200,20.0,149.59044922692073,99.99420689881455,2.513041428394871,0.10694614472345165,148.38489342202794,150.8979348504228,99.92687664817346,100.03382279289691,true,true
200,20.0,148.6475705446229,99.96969253850797,2.523852749881229,0.10848084202578434,147.46942891585246,149.9932816657337,99.90209903323982,100.0105798752656,false,true
200,20.0,150.49055963424908,99.94880136277266,2.8033659734055334,0.10835024314319242,149.17890854292637,151.9822745163319,99.87965800976309,99.98800825290628,true,false
200,20.0,149.39882201793142,100.14436085934773,2.38523827236628,0.11040187335784424,148.32976440572043,150.7150026780867,100.07425787636294,100.18465974972078,true,false
200,20.0,149.69280135625996,100.01295869641473,2.6238253850921467,0.11262532082669452,148.46558346299517,151.08940884808732,99.93971623754977,100.05234155837647,true,true
200,20.0,151.88182236864472,100.07339763495327,2.0019806741481716,0.11538013577138884,150.99550362264628,152.99748429679445,99.99899927297825,100.11437940874964,false,true
200,20.0,152.0207238324441,99.9643999182253,2.807300617190265,0.11872446527139857,150.63493655577878,153.44223717296904,99.88809359659214,100.00681806186354,false,true
200,20.0,153.06029444903976,99.98177761519682,2.6275545993232186,0.11974208092428285,151.80320518511132,154.43075978443454,99.90647089773177,100.02621297865605,false,true
200,20.0,154.28869823365739,100.02855536577482,2.9709531532081144,0.12227417617653202,152.8353987425128,155.80635189572092,99.95128039832873,100.07355457450527,false,true
