ndata,sigma,theta1_median,theta2_median,theta1_iqrs,theta2_iqrs,quartiles1_1,quartiles3_1,quartiles1_2,quartiles3_2,theta1_coverage,theta2_coverage
50,20.0,148.21240967375093,99.81725213392136,5.954386081115501,0.4530006949609202,145.60494813867206,151.55933421978756,99.52841319000068,99.9814138849616,true,false
50,20.0,148.47042036170794,100.63413348949756,5.817651220117369,0.44694356901928245,145.8705576492823,151.68820886939966,100.35166073339798,100.79860430241726,true,false
50,20.0,151.77488993973026,100.86884472635836,5.381912103910025,0.4808687837902994,149.29283703226778,154.6747491361778,100.55605039719315,101.03691918098345,true,false
50,20.0,153.02085923754277,99.87982277558817,6.414137590482255,0.495685074302628,150.1651134840447,156.57925107452695,99.5666322917198,100.06231736602243,false,true
50,20.0,152.4885345865437,100.22486506830928,5.591675434102541,0.44501132659169684,150.0211050561021,155.61278049020464,99.93559441371976,100.38060574031145,false,true
50,20.0,155.19689753534433,99.85240664552232,6.640716683684275,0.48668946832715676,152.1040356642167,158.74475234790097,99.55094906016566,100.03763852849282,false,true
50,20.0,155.7535460377958,99.72915098258669,6.5333557958680615,0.5110976218392977,152.93662005091758,159.46997584678564,99.40538105389751,99.91647867573681,false,false
50,20.0,150.01984958084756,100.03732573093544,5.908366811475531,0.43411529731061194,147.30656315600385,153.21492996747938,99.76017106324868,100.19428636055929,true,true
50,20.0,150.65780711914192,100.54626788632177,5.226607965999108,0.4736168983718727,148.3851126000918,153.6117205660909,100.24280736338348,100.71642426175535,true,false
50,20.0,154.40264804768339,100.06118206587416,5.997112274441008,0.45136499304121,151.56257977583044,157.55969205027145,99.78369702800806,100.23506202104927,false,true
50,20.0,149.46131829025126,100.21021040407756,5.458997770670209,0.45790754295308034,146.93579177361514,152.39478954428535,99.91690768125079,100.37481522420387,true,true
50,20.0,155.4226527993979,99.89223528239218,6.639514382348011,0.48766703360249153,152.36333591614454,159.00285029849255,99.58517828042869,100.07284531403118,false,true
50,20.0,152.87405032501388,102.18946575015433,6.225073605703301,0.4733694222014293,149.9951229734956,156.2201965791989,101.88843745204744,102.36180687424887,true,false
50,20.0,147.12866160031692,100.49908571206518,5.451787374234101,0.40730677716922514,144.64242428341515,150.09421165764925,100.24029507549824,100.64760185266746,true,false
50,20.0,144.15779502477585,100.10614832902945,4.95392751100934,0.3703866935010751,141.93624854555628,146.89017605656562,99.87379022342543,100.2441769169265,false,true
50,20.0,142.2421735072878,99.79676184682582,5.209244275652651,0.3849967406303705,139.8379708401185,145.04721511577114,99.5590636043478,99.94406034497817,false,false
50,20.0,144.89218949038008,99.80999476577844,4.922448829132094,0.38147059672709815,142.73884174454716,147.66129057367925,99.56472995172807,99.94620054845517,false,false
50,20.0,151.6379176398834,100.7351401580531,5.429979407380756,0.47056859084321445,149.19647893646138,154.62645834384213,100.43736152614878,100.90793011699199,true,false
50,20.0,159.86104706080573,99.81074365001741,6.7400113733041565,0.5332275829378688,156.6775254573967,163.41753683070087,99.48339831203552,100.01662589497339,false,true
50,20.0,143.8211407373371,99.8808758696638,3.736496755340596,0.3894645305166762,142.19746523917703,145.93396199451763,99.63620894276698,100.02567347328366,false,true
50,20.0,148.51564853996507,100.40145584563652,5.675729780500774,0.4474770487846058,145.75000929105522,151.425739071556,100.12120093098522,100.56867797976983,true,false
50,20.0,145.47254606686295,100.38563041629494,5.49295899690901,0.4241847718197249,142.95094482804564,148.44390382495465,100.11512247310338,100.53930724492311,false,false
50,20.0,149.7019456673758,99.81666835578304,5.913144006258591,0.48975157740875375,147.10063715309394,153.01378115935253,99.50149470014689,99.99124627755565,true,false
50,20.0,151.62894073688426,99.77496368545098,5.207618969382651,0.4591946394483699,149.23507480322257,154.44269377260522,99.49192432102195,99.95111896047032,true,false
50,20.0,148.93859560373784,99.7395672127532,5.2843211781664365,0.4611244053980812,146.54194168561807,151.8262628637845,99.44592963109658,99.90705403649466,true,false
50,20.0,147.6444516685113,100.17006674783507,5.289813096589455,0.41739441813547273,145.21499247828564,150.5048055748751,99.90833382986958,100.32572824800505,true,true
50,20.0,154.30093765227485,99.84049676124988,5.827033265832512,0.5047612689872238,151.63635967018675,157.46339293601926,99.5293938892105,100.03415515819772,false,true
50,20.0,154.09421770736222,100.22473475871249,5.5330507825113955,0.47954455326537015,151.5282769149701,157.0613276974815,99.9158710682577,100.39541562152307,false,true
50,20.0,149.6334350021798,100.4167758699634,4.98617333151563,0.4816354207011102,147.40268157917382,152.38885491068945,100.10516493255392,100.58680035325503,true,false
50,20.0,148.8051672740418,99.93368001699048,5.720213564358687,0.4224731912746762,146.0728279257879,151.79304149014658,99.66812715652658,100.09060034780126,true,true
50,20.0,157.92024797057854,99.7482043816366,5.900435600751308,0.5033851494643926,155.25005385416395,161.15048945491526,99.43634762143478,99.93973277089917,false,false
50,20.0,155.57880458505718,99.78028239696407,6.289402451877493,0.49147957956165556,152.72811800764157,159.01752045951906,99.4779920457237,99.96947162528535,false,false
50,20.0,154.9277155646687,100.31794604136283,5.743025036772394,0.4889768157792531,152.35675470101958,158.09977973779198,100.01181506091305,100.5007918766923,false,false
50,20.0,147.71372602850846,100.24229789968999,5.177196209106512,0.4370548930685487,145.35230659199226,150.52950280109877,99.9641066800461,100.40116157311465,true,true
50,20.0,151.06892423091534,100.38868515197616,5.375597832691028,0.4576409657001079,148.64922530214508,154.0248231348361,100.09559673845021,100.55323770415032,true,false
50,20.0,149.30902523258845,100.04664510176545,5.356901405128042,0.44831849224776477,146.84562967211372,152.20253107724176,99.7616228659986,100.20994135824637,true,true
50,20.0,150.4760588395199,100.68603469674446,5.8356032467653165,0.43235496869365875,147.80847927268763,153.64408251945295,100.41754901574899,100.84990398444265,true,false
50,20.0,144.44205023341357,100.31870450092791,5.061619369237263,0.39453153966532284,142.0474710039232,147.10909037316046,100.0723221004666,100.46685364013192,false,false
50,20.0,154.90593542435943,99.80699080286578,6.161462892057074,0.45967263040351725,152.12200158022776,158.28346447228483,99.51400550028579,99.97367813068931,false,false
50,20.0,149.00034268177933,100.6272179310937,5.534328673617182,0.4135269800105448,146.54314910395965,152.07747777757683,100.36967367466706,100.7832006546776,true,false
50,20.0,149.28900272674397,100.24436065792725,5.590241376538074,0.41337872595984493,146.7078673471815,152.29810872371957,99.98491474817138,100.39829347413122,true,true
50,20.0,148.16238664261067,100.65361740387179,4.8052388615176085,0.4086055662338026,145.96024084443968,150.7654797059573,100.39345153806948,100.80205710430329,true,false
50,20.0,144.3618212539141,99.81945980942254,5.181719744587809,0.3956535206901748,142.0448846679078,147.22660441249562,99.56674957195604,99.96240309264621,false,false
50,20.0,147.78682596119455,99.84590285799946,5.856423723171872,0.44058967068744437,145.04140522863014,150.897828951802,99.56697156120065,100.00756123188809,true,true
50,20.0,147.79278322890286,100.13066980807595,5.394485752846435,0.4277411164833893,145.38374878342117,150.7782345362676,99.8615338940053,100.2892750104887,true,true
50,20.0,148.54947262036123,99.93892670357602,5.786426342258977,0.43665209210550415,145.85397424648045,151.64040058873942,99.65728209443148,100.09393418653698,true,true
50,20.0,152.57519197751054,100.29244859833273,5.578338218232631,0.47590204616157905,150.11668369708931,155.69502191532195,99.98437704458524,100.46027909074682,false,true
50,20.0,152.39616785026885,99.85793435877554,4.865735496893507,0.5099086412202638,150.1900322522391,155.0557677491326,99.53513150520095,100.04504014642121,false,true
50,20.0,151.17035419592983,100.32983717567197,5.7970949549643365,0.4691720971937343,148.46070531880252,154.25780027376686,100.03013133419647,100.4993034313902,true,false
50,20.0,149.0474791516828,100.57945391037863,4.602619607772084,0.4619934895404185,146.94726420379934,151.54988381157142,100.28544419221764,100.74743768175806,true,false
50,20.0,151.90817390180837,100.23633560060179,4.71442624773286,0.4732727278794471,149.86197763279344,154.5764038805263,99.93929479290233,100.41256752078178,true,true
50,20.0,147.14548361678033,99.76391235419517,6.012282326940976,0.4128379037892387,144.48800029859967,150.50028262554065,99.5072364472411,99.92007435103034,true,false
50,20.0,151.2283404241025,99.97333361895295,6.545222575633915,0.445306060071033,148.22844276005978,154.7736653356937,99.69096577785285,100.13627183792389,true,true
50,20.0,155.30318360749655,100.50792746158022,6.030442177252638,0.474149332549743,152.51558476194842,158.54602693920106,100.20891096462982,100.68306029717957,false,false
50,20.0,151.37319476205928,99.97950303916603,5.978761110418731,0.45211796335081544,148.60411003346357,154.5828711438823,99.69555831217731,100.14767627552813,true,true
50,20.0,153.1336927501972,99.90879086089932,4.480712479728993,0.43773860003385323,151.16171748814781,155.6424299678768,99.63569174647171,100.07343034650556,false,true
50,20.0,153.95179546924706,99.81007873035982,6.009301669936576,0.48721167915016395,151.17544752993462,157.1847491998712,99.50866692470439,99.99587860385455,false,false
50,20.0,150.46469152942342,100.09744943441393,5.103345715684981,0.45333904444916584,148.10562474540225,153.20897046108723,99.81357099382366,100.26691003827283,true,true
50,20.0,151.84877399172507,99.9727738194052,5.847356323353523,0.4669419286054364,149.26272163277517,155.1100779561287,99.67759649112459,100.14453841973003,true,true
50,20.0,145.86942663276852,100.53767987214218,5.376094021059686,0.4235513642616553,143.34286857697072,148.7189625980304,100.27070626311897,100.69425762738062,false,false
50,20.0,152.1806166520172,99.90807529010343,4.822322456339748,0.4641742348811704,149.97859560247133,154.80091805881108,99.61625833310063,100.0804325679818,true,true
50,20.0,146.82812053639017,99.82612588470971,5.547189966959536,0.436576736347277,144.29566864903393,149.84285861599346,99.55392027333697,99.99049700968425,false,false
50,20.0,152.2144689936922,99.8041317226502,5.699626552142661,0.44729447176931103,149.71082646066935,155.410453012812,99.51905887309272,99.96635334486203,true,false
50,20.0,151.74760159087083,99.8660697068086,6.215407166515405,0.42076925198331594,149.00138460103992,155.21679176755532,99.5953253601868,100.01609461217012,true,true
50,20.0,149.34625405188262,99.80877558879553,5.510809874620861,0.43903646571614274,146.73256384871718,152.24337372333804,99.52991238023708,99.96894884595322,true,false
50,20.0,142.35354895037506,100.53370761900221,4.793959087772976,0.3715005023427551,140.1978357581104,144.99179484588336,100.29733189472019,100.66883239706294,false,false
50,20.0,146.43404192399296,100.18497743749067,4.882589301397047,0.43208161209156515,144.16781275780534,149.05040205920238,99.92371317199272,100.35579478408428,false,true
50,20.0,149.0586324067405,100.14490138707353,5.3537843188048555,0.38939749312882554,146.5493367601827,151.90312107898757,99.89611709742297,100.2855145905518,true,true
50,20.0,143.49349338952436,99.94294719668585,5.4869512306914885,0.4201868038146017,140.89545509494678,146.38240632563827,99.67018658671944,100.09037339053404,false,true
50,20.0,143.15169096985602,99.80061710358575,4.53655756345043,0.3657503276773042,141.09787563891084,145.63443320236127,99.57032980864258,99.93608013631989,false,false
50,20.0,151.49189883526594,99.82770535745883,6.195265399889024,0.46247862473597934,148.50951925961687,154.7047846595059,99.52772027134466,99.99019889608064,true,false
50,20.0,153.68382242117048,99.68537128031193,5.946176704877047,0.5236314051135622,151.05093981236863,156.99711651724567,99.35810633558008,99.88173774069364,false,false
50,20.0,157.22165717510546,100.20592512693187,6.178703493442015,0.5263462679465505,154.38711413257124,160.56581762601326,99.8763091323924,100.40265540033894,false,true
50,20.0,152.7166505408962,100.35075911900492,5.179419992099838,0.4483374982808499,150.36528498464463,155.54470497674447,100.06818096145902,100.51651845973987,false,false
50,20.0,152.8270016206453,100.46208735652388,5.833934145202619,0.49462235044175884,150.02343336715236,155.85736751235498,100.1430466496238,100.63766900006556,false,false
50,20.0,149.83611669322744,99.88053566791348,4.953730097916122,0.44659332936198837,147.68102415739642,152.63475425531254,99.60748367452614,100.05407700388812,true,true
50,20.0,146.522129557515,100.71506966359479,5.161902698770405,0.42448593141016033,144.1410773716961,149.3029800704665,100.44810847462792,100.87259440603808,false,false
50,20.0,141.5913870049141,99.96717270709154,4.996658279638012,0.3723730559564302,139.31867134265948,144.3153296222975,99.72718362762774,100.09955668358417,false,true
50,20.0,154.08396710198787,100.44961311135388,5.83212655558799,0.5056009693981309,151.49668789133304,157.32881444692103,100.12787386191438,100.63347483131251,false,false
50,20.0,150.13248782076053,99.96094513699762,5.380319312255892,0.48973397155069165,147.71203652736568,153.09235583962158,99.64473307279019,100.13446704434088,true,true
50,20.0,148.86616827166588,99.93892093368063,5.925045049985897,0.4360465237803055,146.1755438796731,152.100588929659,99.6612736829557,100.097320206736,true,true
50,20.0,143.9582566099042,100.51362858704292,4.764599882588811,0.3795722670402881,141.71780247240662,146.48240235499543,100.27469749345053,100.65426976049082,false,false
50,20.0,150.38666676559055,99.84480274084332,5.272929434535257,0.4293207521028819,147.9597040222054,153.23263345674064,99.57489298380874,100.00421373591162,true,true
50,20.0,152.38865721415584,100.19820114385072,5.191797113445801,0.47736484251068134,149.97625714042576,155.16805425387156,99.90228025985915,100.37964510236984,true,true
50,20.0,149.6037963234879,99.9549968459193,5.261964413523913,0.46638540123531413,147.22057762423032,152.48254203775423,99.661445666659,100.12783106789432,true,true
50,20.0,148.91372305025774,100.66686010365294,5.04949744935297,0.41470599403467645,146.61642270794547,151.66592015729844,100.3995842713102,100.81429026534488,true,false
50,20.0,142.37737579578018,100.30735286045257,3.6176045266896892,0.36130770596093953,140.73784223191655,144.35544675860623,100.07929308499166,100.4406007909526,false,false
50,20.0,149.1630321658273,100.08122901949308,5.589048863692511,0.4631877259612054,146.44418233858718,152.0332312022797,99.78449099827182,100.24767872423303,true,true
50,20.0,151.64120269857617,99.81211792829943,5.461052558670843,0.45084178248539786,149.08483791263785,154.5458904713087,99.52334935548902,99.97419113797442,true,false
50,20.0,150.61736946951945,100.99478168807093,5.7858649428461035,0.42644985458960605,147.96192228884078,153.74778723168689,100.72614463286993,101.15259448745954,true,false
50,20.0,154.02488598172127,100.360013480518,6.211611512947314,0.47546803818532624,151.07777639034668,157.289387903294,100.05535421888229,100.53082225706761,false,false
50,20.0,144.65122931902107,100.20783070050676,4.883902417903272,0.41463967881914243,142.37677760740445,147.26068002530772,99.94631412513348,100.36095380395263,false,true
50,20.0,150.3913490012307,99.83645387502233,5.787558490082262,0.4453589047605675,147.72148299529482,153.50904148537708,99.55892203233131,100.00428093709188,true,true
50,20.0,150.17356169291557,101.0401829758458,5.31528482941448,0.45123924376204627,147.68395093751835,152.99923576693283,100.75623279668585,101.2074720404479,true,false
50,20.0,143.36819780121584,99.8459335145771,4.045736991015559,0.4084306273477267,141.57958802717596,145.62532501819152,99.59084861184982,99.99927923919755,false,false
50,20.0,154.66447481774088,101.25301726210594,6.075253631691282,0.47208765180118917,151.82014468911194,157.89539832080322,100.95175065457515,101.42383830637634,false,false
50,20.0,147.04237565530565,101.0546648053563,4.39710792413635,0.39922534571128665,145.06378962656933,149.46089755070568,100.80462265594635,101.20384800165763,false,false
50,20.0,150.7888106151986,100.2396945029321,5.414382574070061,0.43644022180939146,148.3152854271672,153.72966800123726,99.96906760236959,100.40550782417898,true,true
50,20.0,151.36293748144084,99.83445443680345,5.412975402519777,0.44984353196115023,148.9084340020366,154.3214094045564,99.55098993756492,100.00083346952607,true,true
50,20.0,154.86227833962351,99.90260520881259,5.751369257500784,0.47338720800776457,152.2664912117589,158.0178604692597,99.60378500296385,100.07717221097161,false,true
50,20.0,151.14440214630014,99.80174648151196,6.285032058761402,0.45441774856637096,148.12572846058043,154.41076051934184,99.51745401536871,99.97187176393508,true,false
50,20.0,153.4734813709219,100.51248737272336,5.670888814618422,0.4683838422775466,150.92471878926847,156.5956076038869,100.21674783422148,100.68513167649903,false,false
50,20.0,154.0116345451971,99.9303712969604,5.597615436234207,0.46702894233403924,151.41547595826876,157.01309139450296,99.63496227224512,100.10199121457916,false,true
50,20.0,150.43609419079615,100.4794983202448,5.6688874873304655,0.4336315736601506,147.7773956213761,153.44628310870655,100.20862185974097,100.64225343340112,true,false
50,20.0,153.3579190648204,99.74826968182052,5.535508193775826,0.4983026506585446,150.9383528074539,156.47386100122972,99.42701771147007,99.92532036212862,false,false
50,20.0,152.82726466935662,99.88505718901273,5.78447539184279,0.4368650033558197,150.17076291633933,155.95523830818212,99.60874705692628,100.0456120602821,false,true
50,20.0,150.11611509950365,100.53861323649542,5.249999472067884,0.4442136987890706,147.75161885925183,153.00161833131972,100.26004636014837,100.70426005893744,true,false
50,20.0,152.49942521522905,100.64377991299227,4.031518658449471,0.44152739528315976,150.82381362480402,154.8553322832535,100.36292868956062,100.80445608484378,false,false
50,20.0,152.89653433306012,100.1748760026583,4.882292327684723,0.47494489965143316,150.70149629364082,155.58378862132554,99.87086416664224,100.34580906629367,false,true
50,20.0,151.08260685630614,99.87493800320743,6.695668575776324,0.4902494429290414,148.08790117627163,154.78356975204795,99.56009035060124,100.05033979353028,true,true
50,20.0,136.29938654467114,100.08077278977608,4.905020579084777,0.31653616934059414,134.05765321673547,138.96267379582025,99.8820141097233,100.1985502790639,false,true
50,20.0,148.74703096139024,100.09491954709455,4.8851800638067004,0.42947518828384545,146.5319376750971,151.4171177389038,99.8262021611286,100.25567734941245,true,true
50,20.0,147.55728342420076,100.34383055744308,4.5964179307148925,0.4150185896506571,145.5210324970872,150.11745042780208,100.08376940556585,100.4987879952165,true,false
50,20.0,148.2055262562895,100.33808325102964,5.6250615902920345,0.41772092171478903,145.5798469078715,151.20490849816355,100.07315371178063,100.49087463349542,true,false
50,20.0,152.51992114923758,99.88439639476022,5.6177996333436795,0.46093749585938326,150.01131154374912,155.6291111770928,99.60033202865935,100.06126952451874,false,true
50,20.0,152.95958664837002,100.53767162279317,5.187275016567497,0.4717360499912644,150.5915359230147,155.7788109395822,100.24142897211829,100.71316502210955,false,false
50,20.0,146.18557077803928,99.7603659907892,5.436199485200007,0.41722304590801684,143.7479319290597,149.1841314142597,99.5001078872374,99.91733093314542,false,false
50,20.0,142.598894535451,99.80807925082524,4.959875373183621,0.3994965553894758,140.27369716235074,145.23357253553436,99.55437474689882,99.95387130228829,false,false
50,20.0,146.0314593825284,100.04994772894486,4.952056906556749,0.39313683934830124,143.7918212889287,148.74387819548545,99.80297092466938,100.19610776401768,false,true
50,20.0,146.69683805765766,99.75843524304865,5.167381559396972,0.41046817616259546,144.3202217888857,149.48760334828268,99.4996898326078,99.9101580087704,false,false
50,20.0,151.69163451409287,100.90035820118516,5.425085796786789,0.4947671975197636,149.1435914153619,154.56867721214869,100.57906344811232,101.07383064563209,true,false
50,20.0,148.44978075733349,99.74779463907241,5.018594629747156,0.42709529481079755,146.21311098906,151.23170561880715,99.48304114222618,99.91013643703698,true,false
50,20.0,149.0619956038877,99.88204031788433,4.838881450581425,0.45338889581681485,146.90199365251073,151.74087510309215,99.59476098906615,100.04814988488296,true,true
50,20.0,153.70969820758933,99.95594201967522,6.774305781662605,0.46120071015172925,150.58247093186222,157.35677671352482,99.66617847597058,100.12737918612231,false,true
50,20.0,144.07453381605706,100.00819270255751,5.077372051931803,0.41403212939826517,141.72565727566425,146.80302932759605,99.74345905005565,100.15749117945391,false,true
50,20.0,150.56746987423605,100.27101789536715,6.071202364359664,0.45837525655372247,147.81576073779198,153.88696310215164,99.98194495833977,100.44032021489349,true,true
50,20.0,150.47756225432988,100.21325227266257,3.969617733931642,0.4427636562222972,148.70859563059946,152.6782133645311,99.9348835338663,100.3776471900886,true,true
50,20.0,151.02659506053445,99.71920939751506,5.715476652915015,0.48970659224522706,148.4502375277085,154.16571418062352,99.41217602399006,99.90188261623528,true,false
50,20.0,153.18412343156834,100.22201784750914,5.545596037348417,0.4605274974427829,150.67062946316486,156.21622550051327,99.92681746853404,100.38734496597682,false,true
50,20.0,153.43983150105126,100.09725915936696,4.937946327676315,0.46933766572124114,151.1860221201765,156.1239684478528,99.80141271803093,100.27075038375217,false,true
50,20.0,150.4561943311217,100.09973604471645,5.29902217268787,0.4506533612450738,148.12681753166555,153.42583970435342,99.81081872295394,100.26147208419901,true,true
50,20.0,145.57382247382395,99.96963166288137,5.241183224680668,0.39897765438142585,143.12752109917082,148.3687043238515,99.72241501898161,100.12139267336303,false,true
50,20.0,142.49602547832694,100.06938386028705,5.221131517564231,0.36616187350722385,140.005053617096,145.22618513466023,99.83598470272271,100.20214657622994,false,true
50,20.0,152.07181200158246,100.37295574832248,4.366325801434812,0.47079573308309364,150.16200468179485,154.52833048322967,100.06939623368739,100.54019196677048,false,false
50,20.0,151.93179220901942,99.89996185067258,5.842630815031839,0.4850218867343301,149.21881981516668,155.06145063019852,99.58390793210472,100.06892981883905,true,true
50,20.0,151.43855725946116,100.01076851374033,6.551806205473156,0.4698258040597807,148.3270128326003,154.87881903807346,99.71456486378717,100.18439066784696,true,true
50,20.0,149.70830690319497,99.83562654264617,4.498338421792539,0.45565446547716704,147.75609958607447,152.254438007867,99.5434582210405,99.99911268651766,true,false
50,20.0,150.84462739433891,99.84760338497631,4.720813452676595,0.45955487509274917,148.68083160521218,153.40164505788877,99.55725402759168,100.01680890268443,true,true
50,20.0,149.35013713519962,99.94462902407365,6.772330008963877,0.4321291223760966,146.2617395874098,153.03406959637368,99.67296858919138,100.10509771156748,true,true
50,20.0,146.7673244164904,100.08940572096091,5.314777348981636,0.4178171862265714,144.23973175933557,149.5545091083172,99.82474821727622,100.2425654035028,false,true
50,20.0,152.5035774489121,100.61867400050606,5.580975039805395,0.5047067826210139,149.99196249068189,155.57293753048728,100.3012899324693,100.80599671509032,true,false
50,20.0,154.7361268003158,99.8427708459837,5.963050502112878,0.5092884214487299,151.8981399310386,157.86119043315148,99.51538051457567,100.0246689360244,false,true
50,20.0,149.33521728075516,100.02730375139856,5.139418083817958,0.4843701812158656,147.02403412037643,152.16345220419439,99.722269463879,100.20663964509487,true,true
50,20.0,142.52127799232625,99.85215697495781,4.245370330412669,0.37807002532389333,140.57073645274855,144.81610678316122,99.6068644050263,99.9849344303502,false,false
50,20.0,157.94804256309988,100.22995280813143,6.665735733976732,0.5141714322454192,154.7592959577085,161.42503169168523,99.90243706228085,100.41660849452627,false,true
50,20.0,151.2892486680486,100.09874294823524,6.152039169321654,0.4673244664062963,148.3360501852265,154.48808935454815,99.8001573567661,100.2674818231724,true,true
50,20.0,151.3437161412806,99.78207460161812,5.767110080993746,0.479657916718466,148.78763423000152,154.55474431099526,99.47726292723043,99.9569208439489,true,false
50,20.0,146.16183042250836,100.81658962234013,5.449965863419834,0.3998942176147864,143.72200824560687,149.1719741090267,100.56699194744799,100.96688616506277,false,false
50,20.0,153.95644470318842,99.80204811330701,6.519058506761951,0.466538897902538,151.00304969504302,157.52210820180497,99.50037873752828,99.96691763543082,false,false
50,20.0,146.11595047578075,100.43129400077049,4.874501211245786,0.41952742639499263,143.92298198595483,148.79748319720062,100.16524240928706,100.58476983568205,false,false
50,20.0,143.22132294029316,99.8592372068552,4.065672467070641,0.40529071370217196,141.46338251337275,145.5290549804434,99.59978761922378,100.00507833292595,false,true
50,20.0,149.62564622060813,100.08856842952386,5.387877040161328,0.423777961033025,147.21132501857335,152.59920205873468,99.81695420767493,100.24073216870795,true,true
50,20.0,153.71832799306787,99.76410586132832,5.588569196870225,0.4937855970325131,151.16898563771093,156.75755483458116,99.45659176690486,99.95037736393738,false,false
50,20.0,154.6571673093822,99.9507385608683,4.891254836744963,0.4642187355957077,152.4750160782615,157.36627091500645,99.66033812326775,100.12455685886346,false,true
50,20.0,148.2881952850621,100.2867634841317,5.704361821516613,0.43443239121580746,145.63701284241267,151.3413746639293,100.01291077394704,100.44734316516285,true,false
50,20.0,152.12033887060863,100.19858909112364,5.5324059711921905,0.4280399960584873,149.5748437059477,155.1072496771399,99.92431126690244,100.35235126296092,true,true
50,20.0,145.57414214387836,99.90161989760819,4.849171634068313,0.4330072388778916,143.46701773074335,148.31618936481166,99.62262441640821,100.0556316552861,false,true
50,20.0,151.8665882143131,101.60868989743058,4.965528399692147,0.466888605534038,149.70160926608722,154.66713766577936,101.31286038289018,101.77974898842422,true,false
50,20.0,144.61003438201033,99.76917531951739,5.4272035101875815,0.3941335226338225,142.09510651766774,147.52231002785533,99.51789844223646,99.91203196487028,false,false
50,20.0,153.99414256382988,100.46147684648713,6.590894126009516,0.47481415447637687,150.96457981535946,157.55547394136897,100.16129080735786,100.63610496183423,false,false
50,20.0,148.11316812365888,100.61480912309864,5.547091680908437,0.429603730729923,145.4224508341129,150.96954251502135,100.3430039247981,100.77260765552802,true,false
50,20.0,149.018027467781,100.32372913744216,6.041805208843556,0.4446179042288634,146.30949916602165,152.3513043748652,100.04709074447011,100.49170864869897,true,false
50,20.0,149.050604332325,99.92452390774477,5.410128079122444,0.40556195952048313,146.5742523854574,151.98438046457986,99.6661490550433,100.07171101456379,true,true
50,20.0,145.2972842857107,99.86411110205535,5.2254873014775285,0.4222127788977872,142.8845408158533,148.11002811733084,99.59718013862742,100.01939291752521,false,true
50,20.0,149.50057799567503,100.0131290403636,5.22546782438792,0.43593671590905103,147.08967579643084,152.31514362081876,99.73491702383265,100.1708537397417,true,true
50,20.0,150.22472783976744,99.73197899534804,5.978898310931754,0.45154657324704317,147.52625572454897,153.50515403548073,99.44656524923172,99.89811182247877,true,false
50,20.0,154.2800755129913,99.91032818218572,5.8250614543669315,0.48661269089612347,151.62382818649755,157.44888964086448,99.60486027853051,100.09147296942663,false,true
50,20.0,151.66562148663837,100.57665005765308,5.631964272903673,0.46564261795654716,149.0828748555534,154.71483912845707,100.2812578810684,100.74690049902495,true,false
50,20.0,150.41341086789197,99.9698435493662,4.614225010591468,0.4565144640573635,148.3121274202657,152.92635243085718,99.6847371443522,100.14125160840956,true,true
50,20.0,145.9901175366611,99.86976164121987,4.563318494516636,0.4154730698095932,143.94519750776558,148.50851600228222,99.60908857493338,100.02456164474297,false,true
50,20.0,154.52762121566218,100.95600397572017,4.8476921886817195,0.5038895691860716,152.39492364000142,157.24261582868314,100.64442093950564,101.14831050869171,false,false
50,20.0,149.49683093438466,100.03103811518938,5.256714779958287,0.43441628917672404,146.93008917951587,152.18680395947416,99.75738016717828,100.19179645635501,true,true
50,20.0,147.65526877483498,99.83908094871002,5.591171710299676,0.4470667504274388,145.02134867461288,150.61252038491256,99.56153179701465,100.00859854744209,true,true
50,20.0,148.84450961421425,99.76799903308361,5.63816868014294,0.4225630820417763,146.235275207744,151.87344388788694,99.49915330223715,99.92171638427892,true,false
50,20.0,153.03506469279353,100.32310283787746,5.2142769741944335,0.46672031077396525,150.67794178892868,155.8922187631231,100.02316368641162,100.48988399718559,false,false
50,20.0,157.52223913711657,100.16739120818187,6.34139704937823,0.5128487351418869,154.53698368110946,160.8783807304877,99.84327010161174,100.35611883675362,false,true
50,20.0,153.16650192936936,99.79257854009131,4.712043009657407,0.48723762774311297,151.0368818156403,155.7489248252977,99.48397957689656,99.97121720463967,false,false
50,20.0,151.76579865755693,100.61710061811698,5.341646043358679,0.45976566768658245,149.24679689427913,154.5884429376378,100.32281667934711,100.7825823470337,true,false
50,20.0,146.1328539577259,100.29102068385947,5.079445710734944,0.4088024472307126,143.78907685406338,148.86852256479833,100.02929298928103,100.43809543651174,false,false
50,20.0,141.06983632862307,100.21242615518031,4.609253521668279,0.3697438918069338,138.90014947987754,143.50940300154582,99.97555132029825,100.34529521210519,false,true
50,20.0,151.4167327169303,99.85413089703131,5.865582232264842,0.46680382182174185,148.65973718072604,154.52531941299088,99.56445418487229,100.03125800669403,true,true
50,20.0,153.0569041892112,99.95692515839846,5.806861277883314,0.4741722268811088,150.47408852935786,156.28094980724117,99.6572976457789,100.13146987266,false,true
50,20.0,147.8283302672761,100.59759230067408,5.797152592960941,0.40326454550833546,145.20340509607686,151.0005576890378,100.34555284379577,100.74881738930411,true,false
50,20.0,148.73964186787066,99.79399745164405,4.882037837939578,0.432792217162671,146.50791837045935,151.38995620839893,99.52241705442637,99.95520927158904,true,false
50,20.0,144.16223270898064,100.13953413585836,5.1869595433960285,0.40020582340774524,141.8584410072403,147.04540055063632,99.88977209468428,100.28997791809202,false,true
50,20.0,144.36807598104707,99.75565581376009,4.455765212874184,0.41480719757417717,142.30087840172746,146.75664361460164,99.48855673463177,99.90336393220595,false,false
50,20.0,145.41593449485606,100.06628998688826,4.551397586578872,0.41886365404086234,143.34216691696022,147.8935645035391,99.79716329355952,100.21602694760038,false,true
50,20.0,144.68713851540133,100.68740585542994,4.994067990999838,0.41909371469608914,142.38383283775602,147.37790082875586,100.42255159569858,100.84164531039467,false,false
50,20.0,151.20855856620506,100.09404564682599,5.950201044283602,0.44334095389733363,148.52293130545482,154.47313234973842,99.81781121279838,100.26115216669571,true,true
50,20.0,151.4451590983578,100.52478888927479,5.007712223899972,0.463079061224974,149.27866809378378,154.28638031768375,100.23365575664407,100.69673481786904,true,false
50,20.0,155.13594470172745,100.30173151611028,5.783865992466616,0.4869045981661344,152.4665472173439,158.25041320981052,99.98987859422112,100.47678319238726,false,true
50,20.0,152.04608561770578,99.7084658621954,6.502486727854688,0.4766229839579097,148.9454136517754,155.44790037963008,99.40541902324713,99.88204200720504,true,false
50,20.0,149.78409648604202,99.78810550591672,3.8795406116033178,0.45316363007940197,148.07829929673622,151.95783990833954,99.49672053500554,99.94988416508494,true,false
50,20.0,148.18969568902378,100.44955630180118,5.287283313808018,0.414605757301004,145.760262198367,151.04754551217502,100.19891848768508,100.61352424498608,true,false
50,20.0,150.23936737929995,99.86627404923831,5.409308310395289,0.4562108364730051,147.79982763664967,153.20913594704496,99.57975387640396,100.03596471287696,true,true
50,20.0,151.42940397252545,100.12912132974418,5.151926584091768,0.4616200819676237,149.0674102843196,154.21933686841138,99.8384090229994,100.30002910496702,true,true
50,20.0,147.98840128211293,99.89914135917455,4.35395842898393,0.4453257939169504,146.03574832305338,150.3897067520373,99.61601990617153,100.06134570008848,true,true
50,20.0,148.84957174035785,100.05146838515412,5.177249283975897,0.4391509971338934,146.48089888742567,151.65814817140156,99.77523324469668,100.21438424183057,true,true
50,20.0,152.1123236403564,99.73898815799664,5.726665370459074,0.45006951719821586,149.46987962479932,155.1965449952584,99.45616011899727,99.90622963619549,true,false
50,20.0,145.14384285942853,100.21709205894687,4.950651868148043,0.3914342472968144,142.82346233715052,147.77411420529856,99.9654184985523,100.35685274584911,false,true
50,20.0,145.53375041093634,100.89624545550667,5.075873538169901,0.4177054272423959,143.18041331620338,148.2562868543733,100.63750297306072,101.05520840030312,false,false
50,20.0,147.15366069863848,100.49604875532546,5.160815356364651,0.4099063348739662,144.81785183499875,149.9786671913634,100.24397706855379,100.65388340342776,false,false
50,20.0,148.94049373325578,99.82993927452017,6.1916567432283784,0.4354968540190498,145.99075898467416,152.18241572790254,99.55267034229972,99.98816719631877,true,false
50,20.0,149.03561045586468,100.04807895835833,6.0494035378858655,0.43629985254122516,146.16844885971176,152.21785239759762,99.77119544009473,100.20749529263595,true,true
50,20.0,147.2668784048738,100.27002407815294,5.234017204444086,0.4309918533401884,144.86127412719154,150.09529133163562,99.98813509039506,100.41912694373525,true,true
50,20.0,151.47360985083128,99.8705131089925,5.744250439233497,0.44024405914238685,148.9090772526104,154.65332769184388,99.5897798667707,100.03002392591308,true,true
50,20.0,145.31105841408458,100.22355388639397,5.544961205228333,0.38394797993055363,142.762333889089,148.30729509431734,99.97835977267351,100.36230775260407,false,true
50,20.0,150.85327910802383,100.61187442639326,4.282420238308475,0.4383529688879122,148.94129912065085,153.22371935895933,100.33488943265822,100.77324240154613,true,false
50,20.0,153.7190486808459,99.8366632901664,5.204587702050674,0.4846223049402312,151.33958613761232,156.544173839663,99.52665310994996,100.01127541489019,false,true
50,20.0,151.9036860109143,100.57785976651863,5.598302625473025,0.4224390568417249,149.34376750566918,154.9420701311422,100.3102051487447,100.73264420558642,true,false
50,20.0,147.4166083331312,99.92898623064772,4.102355761308388,0.4032929243233383,145.5960243986316,149.69838015994,99.67512079324403,100.07841371756737,false,true
50,20.0,146.29450686179496,101.21143288824246,5.309430533616023,0.39910790070757685,143.86072711095173,149.17015764456775,100.9591694039971,101.35827730470467,false,false
50,20.0,153.01429601755024,99.70244276001874,4.996947132380058,0.48025418324992586,150.7475761563063,155.74452328868637,99.39920377964256,99.87945796289249,false,false
50,20.0,141.98236171623734,99.95905870619794,4.193125354425177,0.3651212664307195,140.08747437074283,144.280599725168,99.73204880823931,100.09717007467003,false,true
50,20.0,151.61242971385582,99.95006316996788,5.494914641449014,0.44505021842873305,149.14463600835077,154.6395506497998,99.66681097406457,100.11186119249331,true,true
50,20.0,148.84574824948373,100.05035820927263,4.966761387174415,0.4493201029045224,146.58476846077917,151.5515298479536,99.76267779653824,100.21199789944276,true,true
50,20.0,156.64577085973963,99.96066131799121,5.79218577836096,0.5130671812114258,154.05938215605718,159.85156793441814,99.63081713205801,100.14388431326944,false,true
50,20.0,150.18712193706665,100.31036752711968,5.780457092614995,0.4236230655032216,147.5021064972339,153.2825635898489,100.0433765455922,100.46699961109542,true,false
50,20.0,148.50887085350615,101.22789844671152,4.252468570347787,0.4069861790866298,146.69656890462403,150.94903747497182,100.97189635780839,101.37888253689502,true,false
50,20.0,147.94825366922228,100.18600412150641,5.179668361556537,0.4157280101474896,145.6563112559328,150.83597961748933,99.92389801296015,100.33962602310764,true,true
50,20.0,149.21556073670655,100.26516501671375,5.7943942798986825,0.44473576279992244,146.56876321973382,152.3631574996325,99.98597467537398,100.4307104381739,true,true
50,20.0,152.46975686794613,99.75509970886486,5.188555990497605,0.45477077826771506,150.11259370388643,155.30114969438404,99.46376073838108,99.9185315166488,false,false
50,20.0,145.69455096432745,100.22855528389385,5.026591882811772,0.4071693290018743,143.346920333188,148.37351221599977,99.97071428660611,100.37788361560798,false,true
50,20.0,148.51050918589564,100.12136720195645,5.03087382272949,0.4308150851665715,146.19173738754986,151.22261121027935,99.84485545082475,100.27567053599132,true,true
50,20.0,154.97740335300387,99.89131729631634,6.705466186026399,0.48125747521172,151.94170504096135,158.64717122698775,99.59043695415149,100.0716944293632,false,true
50,20.0,153.23493982964084,99.83599512667753,6.397786002920213,0.47339801303959916,150.30998078207858,156.7077667849988,99.54660036151884,100.01999837455844,false,true
50,20.0,153.09518162786873,99.82830087435585,6.148192468882627,0.4862360217356354,150.193374407241,156.34156687612364,99.51693549773562,100.00317151947125,false,true
50,20.0,151.09855434625885,99.97842225598438,6.03928822941225,0.4455876931162521,148.18796483374723,154.22725306315948,99.69174777373917,100.13733546685542,true,true
50,20.0,149.05541096832224,99.74507704032146,5.489564526513789,0.4371484242799255,146.44975749505636,151.93932202157015,99.4681500035312,99.90529842781113,true,false
50,20.0,151.55911077394097,99.77948418420326,6.441978326080687,0.4774121588873186,148.4431576485982,154.8851359746789,99.47924575450998,99.9566579133973,true,false
50,20.0,145.22247147801215,99.80489741506392,4.546327874615258,0.4280912584204799,143.1707248428956,147.71705271751085,99.53273391573637,99.96082517415685,false,false
50,20.0,153.4829561539496,99.77518045061655,6.21162605800464,0.4710648584628956,150.71979875007486,156.9314248080795,99.47807812550138,99.94914298396428,false,false
50,20.0,149.56635094994462,99.73427843578978,4.704438689533788,0.4712520083340621,147.44446352922097,152.14890221875476,99.44438829194908,99.91564030028314,true,false
50,20.0,151.86422566146,100.96709608598951,5.498135987700294,0.4519227636460954,149.29406760302334,154.79220359072363,100.67786845150228,101.12979121514837,true,false
50,20.0,150.38511153650046,100.09296918666773,5.948148314782799,0.4515637027652133,147.61009234494588,153.55824065972868,99.80668776429471,100.25825146705992,true,true
50,20.0,150.29296704747918,99.87161207993144,5.900373516231355,0.42429976341743725,147.6537369528578,153.55411046908915,99.59762716829529,100.02192693171273,true,true
50,20.0,151.74354595165255,99.85986741042754,5.197987704569442,0.4856030613516964,149.40453101586473,154.60251872043418,99.55917021034409,100.04477327169579,true,true
50,20.0,148.07672663571202,99.78472022963484,5.573225023906957,0.42725140221554625,145.47290331257005,151.046128336477,99.51180135828903,99.93905276050458,true,false
50,20.0,148.7751996641981,99.73682111510253,5.3604550590002304,0.43403734227324264,146.39318567766674,151.75364073666697,99.46042271931142,99.89446006158467,true,false
50,20.0,146.2594665186678,100.48817964919982,5.926843141373695,0.3996999278189577,143.51848020779835,149.44532334917204,100.23778515541211,100.63748508323107,false,false
50,20.0,149.94494734040893,99.8171713255764,4.42885120574212,0.43604184025055304,147.97514027601085,152.40399148175297,99.54598780726853,99.98202964751908,true,false
50,20.0,148.8941066284486,99.77136493078116,5.658560403927083,0.4070105879964956,146.25760665871405,151.91616706264114,99.52128320855768,99.92829379655417,true,false
50,20.0,154.07624931422086,99.94585410599831,6.490189016611481,0.4879254270980624,151.05918837742877,157.54937739404025,99.64443765749955,100.13236308459761,false,true
50,20.0,148.43913359638077,100.70461191957114,5.293239276369775,0.45701312574732356,146.00796525518598,151.30120453155575,100.41883436686675,100.87584749261407,true,false
50,20.0,154.6315329997003,99.74329755350351,6.290124069190114,0.4944457804650142,151.73118733270994,158.02131140190005,99.424685871295,99.91913165176001,false,false
50,20.0,155.50043900007796,100.15894000572686,6.418566042797551,0.4883679141694728,152.45141739212244,158.86998343492,99.84337652307306,100.33174443724253,false,true
50,20.0,147.6957521637215,100.1564537682841,6.028044179272683,0.40394474504316236,144.95683542887556,150.98487960814825,99.90477345447638,100.30871819951955,true,true
50,20.0,149.12281073833367,100.13331007016995,5.132496124891588,0.4525732527389863,146.77750167894806,151.90999780383964,99.84135443616708,100.29392768890607,true,true
50,20.0,157.718951522828,99.75134352774614,6.400245742163179,0.5267167202334377,154.73922209663232,161.1394678387955,99.4200727634163,99.94678948364974,false,false
50,20.0,153.88262531789337,99.7815076383003,5.903772834501751,0.5059445764023565,151.23263534955885,157.1364081840606,99.45746309490616,99.96340767130852,false,false
50,20.0,148.5954898699546,99.92000789972798,5.2082149108080955,0.4392410460220617,146.19585349381558,151.40406840462367,99.64616797465777,100.08540902067983,true,true
50,20.0,151.37161108044995,99.95354789121821,5.738498999140177,0.4826895252425345,148.76245231868333,154.5009513178235,99.65223149887606,100.1349210241186,true,true
50,20.0,146.77315794570643,99.75130636469594,4.629092260319595,0.4331655072323457,144.60773393311607,149.23682619343566,99.48159931012592,99.91476481735826,false,false
50,20.0,152.70398061274258,100.09433451588984,4.583448937572541,0.47146365410944213,150.66163744646076,155.2450863840333,99.79693081390825,100.26839446801769,false,true
50,20.0,151.6588388034931,100.23797301701026,5.889564270767721,0.4605971764965915,149.06049108483597,154.9500553556037,99.94151444407929,100.40211162057588,true,true
50,20.0,155.23056042167542,99.84011148315241,5.34492337336593,0.46791517155153883,152.89034898952994,158.23527236289587,99.55215197467837,100.0200671462299,false,true
50,20.0,148.8672384795654,100.06252398856671,5.717952723531283,0.4491186877840079,146.2354822905785,151.95343501410977,99.77839740339245,100.22751609117645,true,true
50,20.0,148.29967424726772,99.87238754293193,5.906108025264416,0.4328052587463702,145.61352632326103,151.51963434852544,99.59550992119539,100.02831517994176,true,true
50,20.0,144.2132100039667,100.52553785192077,5.388802168738636,0.39981939132503896,141.81060173687442,147.19940390561305,100.28044469077031,100.68026408209535,false,false
50,20.0,148.56430675216967,99.86086831866533,5.478772335865472,0.44428771299865844,146.12821638514043,151.6069887210059,99.58620576246807,100.03049347546673,true,true
50,20.0,151.33695918605002,100.10295775769173,5.867689350713334,0.48163639615872,148.69776345154958,154.5654528022629,99.80027797209716,100.28191436825588,true,true
50,20.0,141.6943681656736,100.05100522476627,5.419056750715299,0.37327031894503193,139.22022808404546,144.63928483476076,99.80935075527043,100.18262107421546,false,true
50,20.0,148.28268669920735,99.83985390631489,5.033314978735206,0.43748287284162757,145.9999315356539,151.0332465143891,99.5671325495232,100.00461542236482,true,true
50,20.0,149.8630383183164,100.08552604195779,5.742113327176213,0.453148212454451,147.2484331093298,152.990546436506,99.80461693870122,100.25776515115567,true,true
50,20.0,151.11873398491005,100.34477383518413,5.742909640056723,0.44288254096758806,148.42518664165672,154.16809628171345,100.0608023326525,100.50368487362009,true,false
50,20.0,154.77734799056847,99.89347536620468,5.942267372582307,0.49374150330179134,152.06548391407352,158.00775128665583,99.5808878330841,100.0746293363859,false,true
50,20.0,155.81516438387854,99.69187320910835,5.783993019201972,0.493107528361179,153.03997583188774,158.82396885108972,99.38074746034997,99.87385498871114,false,false
50,20.0,149.92265113226415,99.72406669612236,5.602850864623406,0.4362724836697822,147.24520257535136,152.84805343997476,99.45307641714467,99.88934890081445,true,false
50,20.0,155.62075595768414,100.6128341037452,5.755604372812968,0.46336372666253567,153.00232439202625,158.75792876483922,100.32112127556448,100.78448500222702,false,false
50,20.0,151.06607889052287,100.25288790057752,5.6211401437781205,0.46011302418276046,148.44484347603452,154.06598361981264,99.9551503550207,100.41526337920347,true,true
50,20.0,145.51748751158783,99.89751324527572,4.363245502554406,0.3942325618776721,143.55545597116603,147.91870147372043,99.64487554885386,100.03910811073153,false,true
50,20.0,148.6505471555623,99.74757670048206,4.294363396918726,0.43321627213387615,146.79662376169932,151.09098715861805,99.47362654334326,99.90684281547713,true,false
50,20.0,153.78494592612384,99.91562829923348,6.0440046342260985,0.48942094869345,150.98467127407227,157.02867590829837,99.60006416480735,100.0894851135008,false,true
50,20.0,153.69339214934772,100.4156349685855,5.179806302311164,0.47705239289493306,151.35265211460575,156.5324584169169,100.11842008198445,100.59547247487939,false,false
50,20.0,153.21471255785065,100.42381377108114,6.434051971060171,0.4676355754801591,150.2213945226946,156.65544649375477,100.12645583332542,100.59409140880558,false,false
50,20.0,157.6311204416474,100.564021696216,6.85101233467455,0.504395690735052,154.43762228458496,161.2886346192595,100.24779841704223,100.75219410777729,false,false
50,20.0,151.128112548098,99.97866978290601,4.966315595771476,0.46635751735743725,148.87109043162422,153.8374060273957,99.68956823292892,100.15592575028636,true,true
50,20.0,152.6918967410846,100.08925914176402,5.790716747158655,0.44914528526417996,150.071313232732,155.86202997989065,99.80769175378626,100.25683703905044,false,true
50,20.0,148.88024563561478,100.32540177525289,5.84187065036275,0.4468159594552219,146.22250784144757,152.06437849181032,100.04565903642325,100.49247499587847,true,false
50,20.0,153.91812498695998,99.6936530830439,5.826761018318308,0.49591918583359984,151.36103101631582,157.18779203463413,99.38017508140234,99.87609426723594,false,false
50,20.0,156.08696542117343,100.80363335597627,6.009854305595354,0.46620955408094744,153.3134627624958,159.32331706809114,100.51077076456767,100.97698031864861,false,false
50,20.0,152.63917736072906,99.74986348875578,5.077553298375818,0.4764642272934907,150.36480192961915,155.44235522799497,99.44331542944978,99.91977965674327,false,false
50,20.0,152.84485815963527,100.02922804318102,6.172458490338357,0.48138603054911755,150.11751936646476,156.28997785680312,99.72364065402573,100.20502668457485,false,true
50,20.0,148.5666585457173,99.99955371940858,5.537770807699786,0.4390056931428177,146.14283942402963,151.68061023172942,99.72083868157075,100.15984437471357,true,true
50,20.0,148.10472306944143,99.99597675536262,5.900207375323475,0.43552033230412235,145.33866289624268,151.23887027156616,99.72404294834678,100.1595632806509,true,true
50,20.0,148.14466204532084,100.03245795993328,5.622035163172768,0.44164276118270607,145.50100380510105,151.12303896827382,99.75225462830846,100.19389738949117,true,true
50,20.0,151.0505728411141,99.79372141130557,5.3981297570034315,0.4583051975929209,148.63856177527254,154.03669153227597,99.50135819546378,99.9596633930567,true,false
50,20.0,148.92007010823156,100.07504347455068,5.775367655226461,0.42867361663913073,146.16245669180086,151.93782434702732,99.7980152842206,100.22668890085973,true,true
50,20.0,155.42691195572536,100.02880648683941,5.428966941667056,0.5144979680609509,152.91274511687072,158.34171205853778,99.70346886180458,100.21796682986553,false,true
50,20.0,150.41230628825974,101.40246122770151,5.51416490492889,0.4563027368050001,147.91015056883006,153.42431547375895,101.11163686193491,101.56793959873991,true,false
50,20.0,148.29641323340695,99.85389245213379,5.866757724432887,0.4187822301151414,145.56796140296495,151.43471912739784,99.58602530485189,100.00480753496703,true,true
50,20.0,148.7096120769385,99.81310873961874,4.839083058796632,0.4158238914046848,146.54795176223362,151.38703482103026,99.54475722532098,99.96058111672566,true,false
50,20.0,151.99060082607355,99.7664016098634,6.4041539175814535,0.4646593479527894,149.05821604761485,155.4623699651963,99.47223511250354,99.93689446045633,true,false
50,20.0,148.61975345576565,99.86499921564604,4.8353658534052215,0.42608781191903233,146.4622832167712,151.29764907017642,99.59296295453348,100.01905076645251,true,true
50,20.0,148.75138909035905,100.00387559473307,4.25448980508952,0.45729469733194605,146.9141447519259,151.16863455701542,99.7150294082316,100.17232410556355,true,true
50,20.0,153.2776909810736,99.79580536443717,5.901485523506011,0.4491357828041487,150.5318184671518,156.4333039906578,99.50907705583984,99.95821283864399,false,false
50,20.0,145.4936250264958,100.11303712002933,4.2537736239185335,0.42353441220706145,143.65251307036013,147.90628669427866,99.83701144572424,100.2605458579313,false,true
50,20.0,149.2526200888983,100.37624333770802,5.771594475173089,0.4573968417418399,146.62832815366144,152.39992262883453,100.08825720308332,100.54565404482516,true,false
50,20.0,149.40480734230545,100.29567101834769,5.13513354393001,0.4381584017814646,147.05477460756904,152.18990815149905,100.01564028843315,100.45379869021461,true,false
50,20.0,153.27884935496894,99.74869153457078,5.955594279323634,0.483116919888559,150.5076102717095,156.46320455103313,99.44326965264166,99.92638657253022,false,false
50,20.0,151.50415048992218,99.88855276141429,5.598698040472897,0.47847232863809097,148.92250800684954,154.52120604732244,99.58438052003095,100.06285284866904,true,true
50,20.0,149.74267349147172,99.77005068113725,5.255614728914679,0.41246381505624186,147.41834648617953,152.6739612150942,99.50603391856238,99.91849773361862,true,false
50,20.0,154.0093248853973,100.47762989494825,6.147193185610888,0.4543498773767851,151.18637249524193,157.33356568085281,100.19869925466604,100.65304913204282,false,false
50,20.0,148.55056877783605,100.02025091403846,5.408241973708186,0.4249409981587604,146.05538285338324,151.46362482709142,99.75709936996815,100.1820403681269,true,true
50,20.0,148.5709882554728,100.11269672249043,5.226452031403994,0.4165198848274514,146.11468580721095,151.34113783861494,99.85167087221373,100.26819075704118,true,true
50,20.0,147.89524998906012,100.56132785536494,5.801118944305614,0.4079037520057085,145.10112312474905,150.90224206905467,100.30362225935635,100.71152601136205,true,false
50,20.0,153.8883675348548,99.85401003342166,6.250763116628548,0.468774243605381,151.07585371552557,157.32661683215412,99.55630098376605,100.02507522737143,false,true
50,20.0,148.47161304501503,99.80619480198429,5.908886786727095,0.41265352256579035,145.82208328360886,151.73097007033596,99.54792545893383,99.96057898149962,true,false
50,20.0,146.48289264658294,100.57444691225393,4.3883670252441505,0.41578899706220795,144.47884089029753,148.86720791554168,100.31248211901743,100.72827111607964,false,false
50,20.0,146.49051197366805,99.78013293015454,5.598120404111484,0.3799920261934062,143.88909999858825,149.48722040269973,99.54282556838196,99.92281759457536,false,false
50,20.0,145.76285872192102,100.29904956514568,4.272737972663862,0.42074220997243117,143.83978618335985,148.1125241560237,100.02585510129659,100.44659731126902,false,false
50,20.0,151.60088281921946,99.75512743767976,6.390668877922451,0.4676274572448307,148.63251997285414,155.0231888507766,99.45659250110732,99.92421995835215,true,false
50,20.0,154.41508738932043,99.69511977586535,6.439436389170993,0.4942960818855511,151.4176687321756,157.8571051213466,99.38667244988706,99.88096853177261,false,false
50,20.0,153.12308852420298,100.03134603719803,5.953553840267517,0.48020953582121706,150.3906870592284,156.34424089949593,99.73386520179048,100.2140747376117,false,true
50,20.0,150.23989861065587,99.79236611958153,6.016919183519121,0.48803149436520243,147.47649804759595,153.49341723111507,99.48859839414138,99.97662988850658,true,false
50,20.0,157.38563172465138,100.09361919446789,5.856699745454847,0.5282566767992307,154.6374750191197,160.49417476457455,99.75900484000752,100.28726151680675,false,true
50,20.0,156.04834586136423,100.03402830036364,5.32556764814035,0.5256854546462222,153.70156659586965,159.02713424401,99.69778115117198,100.2234666058182,false,true
50,20.0,148.87451978357313,100.5158353198606,5.802279609393906,0.4123422105520831,146.17884333787003,151.98112294726394,100.26065320517688,100.67299541572896,true,false
50,20.0,145.9506381834438,99.95072662375645,5.4060414409981945,0.39390072489177896,143.49289958253934,148.89894102353753,99.70174506196318,100.09564578685496,false,true
50,20.0,144.69742384114193,100.53989243785024,5.004770042527696,0.39915332844044826,142.38227999918237,147.38705004171007,100.28604209503568,100.68519542347613,false,false
50,20.0,146.15984145768857,99.82922383975023,4.910417196280463,0.39863329815111115,143.83511060684333,148.7455278031238,99.58043576295661,99.97906906110772,false,false
50,20.0,154.7535708153431,100.66792712693311,6.860906732099409,0.49566822347428285,151.62882141171372,158.48972814381312,100.35677690265321,100.85244512612749,false,false
50,20.0,152.60274353745154,100.01828352879744,5.78998634656017,0.47718695354058127,149.93903760178335,155.72902394834352,99.71702082522577,100.19420777876635,true,true
50,20.0,146.61707054777025,99.95362972933312,4.482097970613182,0.4059712423102724,144.61584860540208,149.09794657601526,99.69126787025968,100.09723911256995,false,true
50,20.0,150.27791907003822,99.75893411487445,6.054977096010333,0.4433217182361062,147.52086086005468,153.57583795606502,99.47244119921587,99.91576291745197,true,false
50,20.0,148.79289864175354,100.59671857804689,4.03319800575818,0.4268321044256851,146.9902776756245,151.02347568138268,100.32815941468226,100.75499151910795,true,false
50,20.0,154.23805855435228,100.40950472428642,5.804720229337931,0.47285275996526366,151.55017335187233,157.35489358121026,100.10869060678735,100.58154336675261,false,false
50,20.0,144.95248583853515,100.83267726973907,4.479948133380788,0.3905741909759257,143.01538629952273,147.49533443290352,100.59070765485058,100.9812818458265,false,false
50,20.0,147.59615711315712,99.91342490826767,5.353237789609551,0.4139378339136357,145.12802411598796,150.4812619055975,99.65785544271955,100.07179327663319,true,true
50,20.0,154.71045963620264,99.84791637867305,5.69929037729861,0.4511431570744975,152.12888717601004,157.82817755330865,99.55954612130942,100.01068927838392,false,true
50,20.0,148.32993308259626,99.93022332556416,6.350607422722305,0.47529744082794423,145.4047489354624,151.7553563581847,99.6334789241407,100.10877636496865,true,true
50,20.0,153.25634955759753,100.04889498111649,5.3782739237548185,0.48092383126942195,150.86427507400796,156.24254899776278,99.7441324921515,100.22505632342092,false,true
50,20.0,150.29957206370372,100.22436880649181,5.632200385573242,0.43421748101229696,147.68733323442655,153.3195336199998,99.94483472316492,100.37905220417721,true,true
50,20.0,150.27392036033112,99.98214234759317,5.594877367583251,0.4156102722369752,147.7105903693421,153.30546773692535,99.72529629487026,100.14090656710724,true,true
50,20.0,151.54458901297562,100.37044057075718,5.936202059183472,0.4430344196071161,148.8648727276711,154.80107478685457,100.08944866453565,100.53248308414277,true,false
50,20.0,146.35187347848418,100.07646462620947,5.184140091015394,0.4246112207518422,143.92094202066707,149.10508211168246,99.8142518891696,100.23886310992144,false,true
50,20.0,152.30976932250292,100.56952090462724,5.051787249838554,0.49321980263029275,150.06904720824727,155.12083445808582,100.25861677934722,100.75183658197751,false,false
50,20.0,150.58180305149537,100.30681720484236,5.982416916378071,0.4440500375454377,147.72812981103263,153.7105467274107,100.02879484686316,100.4728448844086,true,false
50,20.0,155.35255590587212,99.70187116227831,5.636052411692361,0.5397771460224305,152.66369930899813,158.2997517206905,99.35713367300451,99.89691081902694,false,false
50,20.0,150.49986017409816,100.13684561472945,5.378057452869285,0.4522770265799778,148.04877370585254,153.42683115872182,99.85042448955436,100.30270151613433,true,true
50,20.0,148.62279023466388,100.01214351654875,5.817133733629078,0.43500230507103765,145.93955284330085,151.75668657692992,99.7344206165071,100.16942292157813,true,true
50,20.0,157.90114852105532,99.87994550243153,6.6868659347687185,0.53409673935613,154.80499588437766,161.49186181914638,99.54278969255952,100.07688643191565,false,true
50,20.0,149.6976570761082,99.78280202428616,4.236833452276613,0.45877147293099085,147.90545402441833,152.14228747669495,99.49546613561117,99.95423760854216,true,false
50,20.0,149.17097084618095,100.09486357992301,5.561881265602182,0.4292613626328432,146.65943100458,152.22131227018218,99.81945505492186,100.2487164175547,true,true
50,20.0,148.5876506952001,100.0419924319248,5.774604210829835,0.4587739195350906,145.94424420185146,151.7188484126813,99.74945814074627,100.20823206028136,true,true
50,20.0,149.83927696197352,100.09414576045114,5.622100328004876,0.42572721335479,147.26516661851454,152.88726694651942,99.82651755873523,100.25224477209002,true,true
50,20.0,154.03379970833822,99.73157369088077,6.188822724157234,0.455340575063758,151.27275835316868,157.46158107732592,99.44845841774594,99.9037989928097,false,false
50,20.0,150.56033941586648,100.54422362273705,5.549120564958002,0.4272631000077638,147.8656754348034,153.4147959997614,100.28074442297674,100.7080075229845,true,false
50,20.0,150.43266330163937,100.16360143749337,5.595425954278113,0.43937451648932324,147.7790765933634,153.37450254764153,99.88611726230374,100.32549177879307,true,true
50,20.0,146.51679601625892,100.19478474180978,5.862873103726628,0.41760533917096154,143.71992432123508,149.5827974249617,99.92466765632207,100.34227299549303,false,true
50,20.0,144.9833150311811,99.97260723278654,5.257523631481575,0.4247966857420238,142.63639258321305,147.89391621469463,99.70086307526697,100.12565976100899,false,true
50,20.0,153.29391658104112,99.79631855307358,6.459300944824463,0.4592230574570948,150.22213373453033,156.6814346793548,99.51079085880428,99.97001391626138,false,false
50,20.0,147.4713762739567,99.9395660908722,4.905396917499758,0.41732754350937284,145.19804638816134,150.1034433056611,99.67758976633567,100.09491730984504,true,true
50,20.0,149.16384951475152,99.76874828721341,5.015047745531149,0.4585303182041969,146.8866048789755,151.90165262450665,99.48109644782714,99.93962676603134,true,false
50,20.0,148.8741731727635,100.09947101070574,5.478630902838489,0.4720316058123615,146.45236238837137,151.93099329120986,99.80300830383916,100.27503990965153,true,true
50,20.0,153.81581810536417,99.74512171599801,6.364911835960868,0.49906066151947925,150.80535731342593,157.1702691493868,99.43855417785696,99.93761483937644,false,false
50,20.0,147.04761272641747,100.56306601535383,5.327153014508042,0.3939225147831422,144.65266698201157,149.9798199965196,100.317743816641,100.71166633142414,false,false
50,20.0,147.1305637955648,99.97576756614035,5.275840413408758,0.3946223168745888,144.66473741545263,149.9405778288614,99.73095054148212,100.1255728583567,false,true
50,20.0,148.49217129505084,100.160195455329,5.816321950153167,0.42906340172379487,145.663089046948,151.47941099710116,99.88270041024529,100.31176381196909,true,true
50,20.0,142.85700191132338,101.17348188682455,4.818225322391925,0.37000908378315955,140.68259062050595,145.50081594289787,100.93261814243992,101.30262722622308,false,false
50,20.0,143.9853330064538,100.15631684998101,4.267003885983655,0.419208074248715,142.15273859845996,146.41974248444362,99.89077226533331,100.30998033958203,false,true
50,20.0,144.9123965401908,100.08414318437747,5.252339259644117,0.3806666009831048,142.60234681218444,147.85468607182855,99.8424136077275,100.2230802087106,false,true
50,20.0,147.65047107579477,99.76552554529115,5.239578886462937,0.42912215962515177,145.28150029216658,150.52107917862952,99.49208973293499,99.92121189256014,true,false
50,20.0,156.10018550594924,100.09678657225764,6.769301266186602,0.48218443310089754,152.97171731709437,159.74101858328098,99.78887945924657,100.27106389234747,false,true
50,20.0,152.6628271197639,100.38144631414774,5.220055599235792,0.47101322264211376,150.28105332915027,155.50110892838606,100.07736876496223,100.54838198760434,false,false
50,20.0,150.59991063191052,100.25686907429841,5.075387665259626,0.43799041237598146,148.34921116385743,153.42459882911706,99.97766016378982,100.4156505761658,true,true
50,20.0,152.7927300210301,100.1700877279799,4.763433920140102,0.4772044650543279,150.66383746998872,155.42727139012882,99.86680972147732,100.34401418653165,false,true
50,20.0,151.2206911671563,99.96345250009739,5.880417927528498,0.44039600152618164,148.50785962224026,154.38827754976876,99.6816529483375,100.12204894986368,true,true
50,20.0,155.17894973349146,100.00211638792341,5.313724428669673,0.4480700995258644,152.79565076762034,158.10937519629002,99.72410114689109,100.17217124641695,false,true
50,20.0,144.599855189861,100.4456908095928,5.657600161175566,0.3947398781144926,141.96568056816477,147.62328072934034,100.1985533891915,100.593293267306,false,false
50,20.0,145.68344501771986,99.95712284689914,5.585457390544633,0.4108332125094165,143.0351855104032,148.62064290094784,99.7012093245135,100.11204253702292,false,true
50,20.0,157.38922767581766,99.79204927755877,6.499321725099577,0.5305222704539148,154.41135360018276,160.91067532528234,99.46683974242524,99.99736201287915,false,false
50,20.0,152.6648380170552,100.28888853602949,6.093733536699773,0.47854598902704026,149.87784922826742,155.9715827649672,99.98502318538814,100.46356917441518,true,true
50,20.0,148.29050654860822,100.35571797044841,5.488043211967408,0.4142048911701437,145.8666572539749,151.3547004659423,100.09143648553734,100.50564137670749,true,false
50,20.0,150.9917419755719,100.06740502278512,5.287869063339656,0.4720053908694979,148.7037139257012,153.99158298904086,99.77016116401538,100.24216655488488,true,true
50,20.0,155.06419486206704,99.74124549023057,5.12980859145793,0.5242172636521332,152.67719774834174,157.80700633979967,99.41018480770336,99.93440207135549,false,false
50,20.0,148.07940795810416,100.10165353711761,5.885976291640617,0.440330936876947,145.4645048892686,151.3504811809092,99.81377475064542,100.25410568752237,true,true
50,20.0,154.82602258743486,100.28835662013039,5.579044264932747,0.5073107135675059,152.26940904070673,157.84845330563948,99.96922990237466,100.47654061594217,false,true
50,20.0,151.87292422463997,100.21303534673702,5.250710513937548,0.4451676966450151,149.57433915474348,154.82504966868103,99.92511949014387,100.37028718678889,true,true
50,20.0,148.93304952692142,99.89124712017633,5.653310093499101,0.42781474463170355,146.3215786095776,151.97488870307672,99.61765132770772,100.04546607233942,true,true
50,20.0,152.08395639684838,99.83666898884843,4.91433665251418,0.44703878319845103,149.92362970217295,154.83796635468713,99.55769584415367,100.00473462735212,true,true
50,20.0,154.26162232769093,99.89807782804013,5.097223066818913,0.47525891657888053,152.05206378437168,157.1492868511906,99.59452032938756,100.06977924596644,false,true
50,20.0,156.9320632815033,100.39617291128604,6.5079966643309035,0.5032544191116557,153.8643146468441,160.372311311175,100.0761863590502,100.57944077816185,false,false
50,20.0,156.2006969617466,100.55545021336003,6.597980816969965,0.5252841063446851,153.07829109685954,159.6762719138295,100.22427186556698,100.74955597191166,false,false
50,20.0,147.26163528444508,99.87395765133093,6.092565445767349,0.44481128751353083,144.3567030011674,150.44926844693475,99.5994987195314,100.04431000704493,true,true
50,20.0,151.12002616910434,99.73376345224355,5.109605400760898,0.45635247012407376,148.8639338016855,153.9735392024464,99.44343262937964,99.89978509950372,true,false
50,20.0,150.97654710928634,100.0573179662556,5.166756026321963,0.4344449586150603,148.6331515251957,153.79990755151766,99.77627956996511,100.21072452858017,true,true
50,20.0,149.70265669621926,99.82800279746851,5.192254166713951,0.4227563275908892,147.28991478625906,152.482168952973,99.56631606702976,99.98907239462065,true,false
50,20.0,145.51581720676475,99.93628310158104,4.960331323013406,0.43184205996610103,143.1934632216788,148.1537945446922,99.66949537201094,100.10133743197704,false,true
50,20.0,154.19597186154147,100.1975783383572,5.546201812334857,0.49959477662673635,151.63813274731177,157.18433455964663,99.8794794603767,100.37907423700344,false,true
50,20.0,150.97807101500564,99.73823082095943,6.132176349316211,0.44737716254350346,148.025393677126,154.15757002644222,99.4554020164967,99.90277917904021,true,false
50,20.0,153.10162914572115,100.11920474226854,6.482685294902268,0.4634349206397701,150.12287033029628,156.60555562519855,99.82083052594042,100.28426544658019,false,true
50,20.0,145.83538815185926,100.34210787997489,5.015978444589052,0.4081361384489668,143.52725695215878,148.54323539674783,100.08285720583521,100.49099334428418,false,false
50,20.0,151.30316828423776,99.98275717545764,5.756913491675078,0.47302376402807056,148.7778284023841,154.53474189405918,99.68971233435309,100.16273609838116,true,true
50,20.0,148.4494787555098,100.665124539796,4.0040018807651165,0.438959542578516,146.70927233841323,150.71327421917834,100.3958585101094,100.83481805268792,true,false
50,20.0,151.89067268989157,100.5427834163473,5.862422773167822,0.47971190199318414,149.24955022715972,155.11197300032754,100.2428682638951,100.72258016588829,true,false
50,20.0,153.41703891917456,99.78486252302005,6.274892002786004,0.4572225619065762,150.66355081661106,156.93844281939707,99.49139247163217,99.94861503353874,false,false
50,20.0,151.61299698072776,100.35316935699541,5.991877360269285,0.4455381121521924,148.92845672001778,154.92033408028706,100.06291645621633,100.50845456836852,true,false
50,20.0,149.54808563285252,99.76624403597151,5.710583818430877,0.4687043897930323,146.87722640352564,152.58781022195652,99.47460029827681,99.94330468806984,true,false
50,20.0,155.04617950961088,99.85834621139495,6.324311803879681,0.5142302820987226,152.20263851210575,158.52695031598543,99.5378343339064,100.05206461600513,false,true
50,20.0,149.98958605085284,102.19157435895042,4.83097706208784,0.4473301790375217,147.88073212906943,152.71170919115727,101.90190534815832,102.34923552719584,true,false
50,20.0,154.79930397286046,100.0641063150891,5.48412163559604,0.4653123246053781,152.35640151390922,157.84052314950526,99.77461738468094,100.23992970928632,false,true
50,20.0,141.83030983462186,101.75705978375812,4.514749402253443,0.34236588131504675,139.89740829920206,144.4121577014555,101.53887197385382,101.88123785516886,false,false
50,20.0,155.69055164213535,101.23179556404202,5.321973307488037,0.48566977823533364,153.31886010344087,158.6408334109289,100.92157166830108,101.40724144653642,false,false
50,20.0,150.78421442737897,100.05226538805668,5.729929434880262,0.48142102424878885,148.14720338679263,153.8771328216729,99.74826922080759,100.22969024505637,true,true
50,20.0,149.5326276832097,99.75522838033962,4.8087358950783425,0.45730647042489636,147.44048642524902,152.24922232032736,99.46550170607208,99.92280817649697,true,false
50,20.0,158.51108727226188,100.20546683003954,6.50986767749734,0.5136448753698062,155.47895006027866,161.988817737776,99.87922956353123,100.39287443890103,false,true
50,20.0,151.5857169623103,99.90336882074529,5.824762123757097,0.45484349563975,148.91068396810496,154.73544609186206,99.61658986894301,100.07143336458276,true,true
50,20.0,157.76963495657424,99.71370965539595,6.252169558447349,0.5136433913982188,154.8869340237644,161.13910358221176,99.39044106669374,99.90408445809196,false,false
50,20.0,153.46660008290286,99.79716515601413,5.298135825677434,0.47526289488202167,151.03147320962557,156.329609035303,99.48791163785563,99.96317453273765,false,false
50,20.0,156.67252383177924,99.81277723066286,6.515173550875261,0.5001340349271288,153.59452718832486,160.10970073920012,99.50415638389404,100.00429041882117,false,true
50,20.0,151.15682345689396,100.27115786816928,4.488145483553126,0.4703262852963235,149.14583464042278,153.6339801239759,99.96683530150763,100.43716158680395,true,true
50,20.0,149.93941098218423,99.7757773114485,5.605465367229954,0.42980951351817964,147.4141754877827,153.01964085501265,99.50578688934664,99.93559640286482,true,false
50,20.0,147.70520849502077,100.66343715781042,5.457895703371719,0.4094850133480463,145.25029323830557,150.7081889416773,100.40755819355496,100.81704320690301,true,false
50,20.0,150.89223676911314,100.59291280503847,5.690081652882668,0.4547077403096438,148.26462878652782,153.9547104394105,100.29947405230845,100.7541817926181,true,false
50,20.0,149.52425714579473,101.72469472669792,5.4762639052004545,0.4485049294600145,146.9890002328905,152.46526413809096,101.43712004566923,101.88562497512925,true,false
50,20.0,149.80270596332954,99.77644543745863,5.563333273014052,0.46377381202147205,147.25769067659263,152.82102394960668,99.47992125603004,99.94369506805151,true,false
50,20.0,147.48288396407736,99.80651130804208,6.286913445163179,0.41610560051441325,144.51391043686482,150.800823882028,99.54180894932463,99.95791454983905,true,false
50,20.0,150.2195880243906,99.86515403907313,6.381708567632671,0.4440817981098206,147.27959855754233,153.661307125175,99.58629273610353,100.03037453421335,true,true
50,20.0,151.7351375998138,100.59455111322228,4.992580089274696,0.45460842217087816,149.3852464208169,154.3778265100916,100.30642701692767,100.76103543909855,true,false
50,20.0,153.09611945174976,100.97048922666703,5.817690161035415,0.4320846389177291,150.55975487052712,156.37744503156253,100.69401255750931,101.12609719642704,false,false
50,20.0,146.22483179148878,99.90196222971761,5.485930363220376,0.40710292559354855,143.7129236919791,149.1988540551995,99.64029363839971,100.04739656399326,false,true
50,20.0,148.36148445040487,100.26247048889225,5.643665312526849,0.41461094866076564,145.8026684982367,151.44633381076355,100.01047855859967,100.42508950726044,true,false
50,20.0,150.90912819646013,100.24820839265384,5.4740985274154355,0.4442139351903336,148.38922539315087,153.8633239205663,99.96313294308129,100.40734687827162,true,true
50,20.0,147.82017678677977,99.7851382818393,5.654588346865239,0.4133592906082413,145.26115322281464,150.91574156967988,99.52491783607707,99.9382771266853,true,false
50,20.0,149.5984045984235,100.37776517427807,4.729333207186045,0.4541195159993663,147.45203803670813,152.18137124389418,100.09349719501665,100.54761671101602,true,false
50,20.0,151.71406822018133,100.26068209283972,5.031932673695877,0.4440358304721599,149.45625470935772,154.4881873830536,99.98318281383962,100.42721864431178,true,true
50,20.0,154.20319550592276,99.89644292529867,5.215331016311296,0.49256834329193566,151.7980359166974,157.01336693300868,99.58824866926324,100.08081701255517,false,true
50,20.0,153.28822523834322,100.25936043859747,6.055255237319955,0.4608683611612179,150.47040470130253,156.52565993862248,99.97377807808357,100.43464643924479,false,true
50,20.0,157.31183365122132,99.89494788720341,7.073147677539765,0.5209306771381819,154.07221687225564,161.1453645497954,99.56366532729979,100.08459600443797,false,true
50,20.0,148.94599923600322,99.71882360083609,6.0910926095157265,0.4520953482493866,146.12178975984784,152.21288236936357,99.44150016479647,99.89359551304585,true,false
50,20.0,147.99251883467986,100.10568980565414,4.367609621351477,0.4292956395435823,146.0510146033048,150.41862422465627,99.8435239273544,100.27281956689798,true,true
50,20.0,154.52157702246444,99.74717951256699,6.048733065412932,0.5028877398849545,151.8038638963347,157.85259696174762,99.42634970450693,99.92923744439189,false,false
50,20.0,159.897284213904,99.84735297432064,7.179645097268121,0.5136572810193485,156.5597829823517,163.7394280796198,99.51997208305853,100.03362936407788,false,true
50,20.0,150.3819642263624,99.71421990731469,6.405833572083395,0.45960762688507373,147.30731788071722,153.71315145280062,99.42401561010725,99.88362323699232,true,false
50,20.0,151.90311246671303,100.1476842742625,4.92767064296973,0.45054867552700273,149.7120884411216,154.63975908409134,99.87103012780791,100.32157880333492,true,true
50,20.0,145.22399780213183,99.88549397466942,5.478044153409172,0.40472602481924014,142.6734510436861,148.15149519709527,99.62690158446787,100.03162760928711,false,true
50,20.0,149.61949044981128,100.13070057686943,5.231969032005651,0.45501296851243467,147.2793544131225,152.51132344512814,99.84870297108958,100.30371593960201,true,true
50,20.0,151.81529064042758,100.42138743826831,4.258127148082906,0.46551362572061805,149.9980659067382,154.2561930548211,100.12601168919909,100.5915253149197,true,false
50,20.0,151.6167545933493,100.02058407653597,4.593760732091283,0.4450030006559018,149.52072460171127,154.11448533380255,99.74168768880519,100.18669068946109,true,true
50,20.0,155.08624249126717,100.31937266365904,4.877619784312657,0.5287583777293321,152.97447368335497,157.85209346766763,99.98939979580105,100.51815817353038,false,true
50,20.0,146.3356449944863,100.18091688222032,4.649307103544032,0.41544520514329975,144.23079702420367,148.8801041277477,99.91627492386013,100.33172012900343,false,true
50,20.0,149.95441556677793,100.08776328158653,6.110689464022073,0.4605929625948306,147.02554014088003,153.1362296049021,99.79821752739286,100.2588104899877,true,true
50,20.0,152.28631915869641,99.82174628794205,5.824504900755471,0.45523749595739105,149.50082245960343,155.3253273603589,99.53965009646404,99.99488759242143,true,false
50,20.0,153.40318371934785,100.23165987494784,6.6155794089526125,0.48272471535059935,150.41858913704516,157.03416854599777,99.9288339213119,100.4115586366625,false,true
50,20.0,147.9779522454803,100.01964922358343,4.605485755557311,0.4439162619599841,145.9161668224337,150.521652577991,99.73129620583174,100.17521246779172,true,true
50,20.0,155.15219904412336,99.88278657048716,5.38539758789608,0.4908421469329909,152.6675580240266,158.05295561192267,99.57146811702778,100.06231026396077,false,true
50,20.0,154.10644017699286,100.18979617278491,5.9062275050706035,0.4585182497637419,151.4160146745259,157.32224217959651,99.89664654509706,100.3551647948608,false,true
50,20.0,153.36468846803447,99.83282748482254,6.665310482654235,0.45610407679541254,150.2130590040722,156.87836948672643,99.53983998585485,99.99594406265027,false,false
50,20.0,153.1873313624597,99.95192924476436,5.694899770419852,0.5016892386679785,150.49511086649824,156.1900106369181,99.64472237179018,100.14641161045816,false,true
50,20.0,156.33850492162634,100.0332945317837,5.934978439161853,0.5110367172573973,153.64931066481313,159.58428910397498,99.71069780749059,100.22173452474799,false,true
50,20.0,152.34169353029654,100.74083224757132,6.047205704500783,0.4774856195957682,149.4614165449375,155.50862224943828,100.44278008828397,100.92026570787974,true,false
50,20.0,145.04559929987676,100.60308613929473,4.030826262308608,0.3822297980003242,143.2014360222385,147.23226228454712,100.35978766649069,100.74201746449101,false,false
50,20.0,153.24903829936443,99.91348850258942,5.859316992853564,0.5108767678527499,150.50932890437522,156.3686458972288,99.5860293592672,100.09690612711995,false,true
50,20.0,148.85661288487307,100.24825522614519,5.210571082163483,0.4443121452189871,146.51339789043715,151.72396897260063,99.9624518004693,100.40676394568828,true,true
50,20.0,140.05918852792604,100.19443883418973,4.288139491179805,0.35793831237737095,138.19088178438832,142.47902127556813,99.9698977817643,100.32783609414167,false,true
50,20.0,146.91429856836078,100.3844053205019,4.975477780250344,0.4158763652731068,144.5643766294216,149.53985440967193,100.120948805039,100.53682517031211,false,false
50,20.0,153.57301462244357,100.36151606223292,5.975079197323538,0.46853467796628934,150.78160224934484,156.75668144666838,100.05652888180572,100.52506355977201,false,false
50,20.0,154.72194767700344,99.79768682196615,5.563681444250221,0.4845977300452091,152.2545923256616,157.81827376991183,99.48939098076492,99.97398871081013,false,false
50,20.0,154.58908676808244,99.69994780054913,5.685212765549039,0.5006757764927414,151.96593230398756,157.6511450695366,99.38251736539537,99.88319314188811,false,false
50,20.0,149.61181764732174,101.08822109605633,5.406203464526925,0.45267322068067983,147.1583183259999,152.5645217905268,100.80784112904871,101.26051434972939,true,false
50,20.0,153.12567835379474,99.8343382620084,5.7747077656180466,0.49259721557304204,150.54969208419286,156.3243998498109,99.51791101257692,100.01050822814996,false,true
50,20.0,147.63247673083495,99.95570467383651,4.537029083242004,0.4175974322277227,145.47483578026063,150.01186486350264,99.69147922450374,100.10907665673146,true,true
50,20.0,154.0468882605686,99.76423255117825,5.41717556714346,0.46987807221277933,151.6060908876713,157.02326645481475,99.46394097297978,99.93381904519256,false,false
50,20.0,153.19192374318192,100.23606221486128,6.26965197655926,0.47156978419886286,150.29861289472984,156.5682648712891,99.94050193319767,100.41207171739653,false,true
50,20.0,149.4886515986715,100.35449398797103,3.51894167544242,0.42648896453464147,147.95523210206284,151.47417377750526,100.09381638106326,100.5203053455979,true,false
50,20.0,148.09986195245858,99.94330842714382,5.195328128078273,0.44296929353902215,145.8045575143037,150.99988564238197,99.65187756564595,100.09484685918497,true,true
50,20.0,150.60699817995425,99.90409565977251,5.214048204657985,0.44223176958102783,148.16373490442865,153.37778310908664,99.62838920683164,100.07062097641267,true,true
50,20.0,147.26437707097676,100.72847577603207,5.422613918178541,0.4467611617083236,144.83322856572465,150.2558424839032,100.44586919224759,100.89263035395591,true,false
50,20.0,157.47455439232468,99.85806392254074,6.728929555625314,0.5346796491993757,154.33909064499522,161.06802020062054,99.52612575554053,100.06080540473991,false,true
50,20.0,150.72308118180752,99.7721689264761,5.9965983319641225,0.46400016070447236,148.05376618203508,154.0503645139992,99.47469752463526,99.93869768533973,true,false
50,20.0,144.0269733939528,101.26203428744759,4.876358361783332,0.3644772620315848,141.7764181605163,146.65277652229963,101.0271081856548,101.39158544768638,false,false
50,20.0,153.62576482169507,99.8615944394571,5.840790683042343,0.47750104577369257,150.87847776763772,156.71926845068006,99.56215699710458,100.03965804287827,false,true
50,20.0,152.35381392333642,100.3211484627513,5.305121539254287,0.49255887445076496,149.97589085335633,155.28101239261062,100.01067545538422,100.50323432983498,true,false
50,20.0,150.0046150334377,99.80621928707434,5.582335319005949,0.48816128059795005,147.35730752367988,152.93964284268583,99.49660424229609,99.98476552289404,true,false
50,20.0,152.08494507043315,99.94991977707305,4.899228753362763,0.46841212749787076,149.97754361203883,154.8767723654016,99.65520135022709,100.12361347772496,true,true
50,20.0,156.81939474528738,99.93814002638359,6.951312220462796,0.5142837341264794,153.64224558111567,160.59355780157847,99.60841938974264,100.12270312386912,false,true
50,20.0,148.61934363736452,100.97098955060514,4.8072198920370965,0.43826744808170304,146.459149789047,151.2663696810841,100.69582101870414,101.13408846678584,true,false
50,20.0,149.6748365965065,99.88140116789057,6.127321498081443,0.442516408792315,146.85532967458346,152.9826511726649,99.61026811230862,100.05278452110093,true,true
50,20.0,149.58314038685518,99.74367156429588,5.666500165244173,0.4472470340115535,146.96844377330575,152.63494393854992,99.45943408246768,99.90668111647923,true,false
50,20.0,159.9447694441232,100.31203335482208,6.868703538747127,0.5312616904054579,156.880901692181,163.74960523092813,99.98649002820174,100.5177517186072,false,true
50,20.0,151.9589681089327,100.4423862385156,5.790516558285958,0.46903894441825855,149.24359522393024,155.0341117822162,100.1458490471754,100.61488799159366,true,false
50,20.0,149.00259471157992,100.64963774977255,4.93858893903959,0.44336273547490634,146.7432354190941,151.6818243581337,100.36550780736312,100.80887054283802,true,false
50,20.0,150.8148211261971,99.91444483071815,5.582223731983419,0.40764550905535657,148.27664847085816,153.85887220284158,99.65954312139681,100.06718863045216,true,true
50,20.0,151.73291350461335,99.83232120896643,4.974953667938848,0.4399032531679836,149.45576596299085,154.4307196309297,99.55181482408541,99.9917180772534,true,false
50,20.0,150.72141281810468,99.8918722674128,5.912627826277031,0.44265884521639975,148.0155805157394,153.92820834201643,99.61406146222255,100.05672030743895,true,true
50,20.0,151.60624141870414,100.1172414667301,6.131034194111493,0.4738222335643343,148.81389559490066,154.94492978901215,99.81856618378507,100.2923884173494,true,true
50,20.0,158.22148452934715,100.1272746295773,6.5594105087155015,0.5425319470895147,155.0901744022962,161.64958491101171,99.78491293515063,100.32744488224014,false,true
50,20.0,154.342446008399,100.0175406629712,5.249314080151805,0.509906791071046,151.95578795394255,157.20510203409435,99.68905215858086,100.19895894965191,false,true
50,20.0,155.60478114335302,100.30199358419213,6.079071550657972,0.5275112640492239,152.98228250118595,159.06135405184392,99.96937964362426,100.49689090767349,false,true
50,20.0,148.2817893631303,99.89090692792188,5.852183387761613,0.4327433433537067,145.59612885124022,151.44831223900184,99.6211815560262,100.05392489937991,true,true
50,20.0,150.62545551494892,100.37577452836292,6.356876669071653,0.43918363540716143,147.67654690419704,154.0334235732687,100.08988527256552,100.52906890797269,true,false
50,20.0,154.58761460152465,100.22772035712259,6.426404577130228,0.5310746837656524,151.67542621889646,158.1018307960267,99.89356498090656,100.42463966467221,false,true
50,20.0,149.10365541447277,99.74619079925952,5.628066670752048,0.4378873113199404,146.46741051000868,152.09547718076072,99.47315686956662,99.91104418088656,true,false
50,20.0,152.0393782411185,99.80915892352573,5.622638133648962,0.44911981325587647,149.5052357763226,155.12787390997156,99.52658063068786,99.97570044394374,true,false
50,20.0,151.43813257222632,100.0984999423552,5.311909295592926,0.4565116102250357,149.01385077403188,154.3257600696248,99.81636049352576,100.2728721037508,true,true
50,20.0,147.5631721375749,99.76957500430704,5.871145449832483,0.4069822828664371,144.8412124057643,150.7123578555968,99.51060320257747,99.91758548544391,true,false
50,20.0,149.8534555305601,99.99653137506205,6.313974852442641,0.43624851161408174,147.0428108755428,153.35678572798545,99.72041034060308,100.15665885221716,true,true
50,20.0,146.5461543183339,99.79719942469703,4.658712220296678,0.42324778771619265,144.39026780103475,149.04898002133143,99.5261679307707,99.94941571848689,false,false
50,20.0,152.49890600909282,100.3394511221257,6.120999958885648,0.4567027804816348,149.6613289659445,155.78232892483015,100.05380543943414,100.51050821991578,true,false
50,20.0,146.82516126827258,100.20669570921987,5.822882071470019,0.39361146936448677,144.14043674712264,149.96331881859265,99.9539611543947,100.34757262375919,false,true
50,20.0,151.8683173089097,99.86781278232834,6.393228502217966,0.48660987391633626,148.8963374630978,155.28956596531577,99.55940710379068,100.04601697770701,true,true
50,20.0,147.23433114902247,99.78230510800046,3.866661159702886,0.421911305235966,145.5484505439986,149.41511170370148,99.52266524744479,99.94457655268076,false,false
50,20.0,146.60520030241034,99.94779439228674,5.378678856266106,0.4056718156683985,144.18969522773455,149.56837408400065,99.69266963209165,100.09834144776005,false,true
50,20.0,146.79052018840684,100.00103846257267,4.530499934982998,0.37591303407631926,144.81376861821465,149.34426855319765,99.76594741363493,100.14186044771125,false,true
50,20.0,151.1895556252282,99.79503721444878,5.081503789840838,0.41942146062852714,149.02859098044019,154.11009477028102,99.53626589966898,99.9556873602975,true,false
50,20.0,157.18526398132582,100.64372025758172,5.888765879137708,0.5292106011421254,154.51495195204117,160.40371783117888,100.30947894739884,100.83868954854097,false,false
50,20.0,155.6485006914723,99.72667654412444,5.676858195685099,0.4893702681610961,153.04993022975862,158.72678842544371,99.41286897695116,99.90223924511226,false,false
50,20.0,140.36088900237255,99.77098742452588,4.822790543999332,0.37133522358020343,138.20962501640747,143.0324155604068,99.53581137137532,99.90714659495552,false,false
50,20.0,141.56337299434017,100.03449794059057,4.734318110024844,0.3510026485384117,139.44577383297496,144.1800919429998,99.80706402736334,100.15806667590175,false,true
50,20.0,149.15313920492954,99.82371717124445,5.726344574115529,0.42249371522056833,146.5115925484858,152.23793712260132,99.55742203027654,99.97991574549711,true,false
50,20.0,153.40205445685893,99.84611555397937,6.12291260168908,0.47145272593179754,150.5139910167513,156.63690361844039,99.55720889628651,100.02866162221831,false,true
50,20.0,147.27030652091966,99.8220767938891,4.482389067980108,0.43855364878369585,145.1464850933975,149.6288741613776,99.54403123317634,99.98258488196004,false,false
50,20.0,153.15858080477938,100.28001590722741,6.333041539027363,0.4824480941597642,150.21394036841693,156.5469819074443,99.9723760919959,100.45482418615566,false,true
50,20.0,144.7887730504884,99.79272539345257,4.129048995506594,0.39989731994523936,143.00436597026695,147.13341496577354,99.53497576105559,99.93487308100083,false,false
50,20.0,150.66970072263658,100.31176350123272,6.357838640458311,0.4685281399276988,147.77416489327348,154.1320035337318,100.01324991223541,100.48177805216311,true,false
50,20.0,155.2449674237991,99.82548779781798,6.572763497878299,0.4923574422900998,152.1694241400603,158.7421876379386,99.51058272691947,100.00294016920957,false,true
50,20.0,148.86444664541702,100.42321251424015,6.063069575264137,0.4501957583973848,146.08346286957442,152.14653244483856,100.13574254132001,100.5859382997174,true,false
50,20.0,151.84880042300745,100.94612066538222,5.047767981195449,0.47656926734173055,149.56410453399292,154.61187251518837,100.64863940751941,101.12520867486114,true,false
50,20.0,143.88804229262266,100.02298141077895,4.757868534866674,0.36379190088078417,141.75374078623895,146.51160932110562,99.79204861773843,100.15584051861921,false,true
50,20.0,152.47888564195196,100.14248944647458,5.359264422683907,0.4715320045052209,150.04581166109324,155.40507608377715,99.84458965490792,100.31612165941314,false,true
50,20.0,147.58311761258335,101.89030014310225,5.294154398174896,0.3869284296975337,145.25007872443786,150.54423312261275,101.6446907565087,102.03161918620623,true,false
50,20.0,150.97360966710073,101.04029257689805,4.804874266339283,0.45198382243953006,148.83953859625933,153.6444128625986,100.7558409498585,101.20782477229803,true,false
50,20.0,147.04393313085882,100.18839041738168,5.692930886036407,0.41154521918545584,144.428908346647,150.1218392326834,99.92862602515295,100.3401712443384,true,true
50,20.0,141.08686224807076,100.64436641264851,3.3560347363930987,0.3700239378002692,139.62189282795268,142.97792756434578,100.41084690435108,100.78087084215134,false,false
50,20.0,147.49939956578996,100.02626688809515,5.261695274484367,0.40492038139204567,145.1019316205273,150.36362689501166,99.7619982315166,100.16691861290865,true,true
50,20.0,148.3037479884601,100.49140007107545,5.364694700280637,0.45667405165343666,145.7301381668506,151.09483286713123,100.19511383760599,100.65178788925942,true,false
50,20.0,147.06374299993195,99.78410462543789,5.054299692348053,0.42767579433517255,144.72535047977007,149.77965017211812,99.5111990896419,99.93887488397708,false,false
50,20.0,148.1058329954796,100.16523840029828,5.263077124697304,0.42243954598582434,145.62269073505254,150.88576785974985,99.89739869103943,100.31983823702525,true,true
50,20.0,143.312520058401,100.16648668368944,5.275401646230392,0.41449146573899043,140.81948675964986,146.09488840588025,99.90534120385652,100.31983266959551,false,true
50,20.0,158.3580622350343,99.94695640671367,6.559460841743402,0.5158745782991048,155.2387112955484,161.7981721372918,99.62958980056928,100.14546437886838,false,true
50,20.0,144.55218069862823,100.03403625746438,5.083937709072501,0.3780973124153775,142.2916116546682,147.3755493637407,99.79427329674763,100.17237060916301,false,true
50,20.0,154.14366306114056,99.70141245211701,6.584832873206011,0.4780369325292071,151.1997165456464,157.7845494188524,99.40639529316205,99.88443222569126,false,false
50,20.0,152.22209880807023,99.93512012094538,4.343287612071208,0.46715880076766325,150.29284030950936,154.63612792158057,99.64712140997136,100.11428021073903,false,true
50,20.0,158.25344841211052,100.48762868226484,6.613798149144458,0.5313368137761074,155.2952860330871,161.90908418223157,100.15491582272418,100.68625263650029,false,false
50,20.0,152.17652118205623,101.71361486536065,5.8483457813480015,0.456223089995774,149.49050799821262,155.33885377956062,101.43166435185694,101.88788744185271,true,false
50,20.0,152.55820711924048,99.8466000768813,5.158947420822983,0.4681945095221067,150.27620976735517,155.43515718817815,99.54931802231751,100.01751253183961,false,true
50,20.0,143.5803855911435,100.11959201951251,5.196184187072447,0.3805615431057561,141.18959628677834,146.3857804738508,99.87649676196247,100.25705830506823,false,true
50,20.0,150.91548035513208,99.95726098105958,5.185199188910872,0.48276917584280454,148.52102912602848,153.70622831493935,99.65102605691892,100.13379523276173,true,true
50,20.0,148.54211272001754,99.96992216297691,6.088489825779874,0.42651670283795795,145.692651437166,151.78114126294588,99.6965361709016,100.12305287373955,true,true
50,20.0,149.7291387462069,100.33995889997759,5.476496469743438,0.44443893922080235,147.2287444147584,152.70524088450185,100.0537320700788,100.4981710092996,true,false
50,20.0,143.81306093241975,100.0125116979098,4.79911313599618,0.4179615775090184,141.69929503884472,146.4984081748409,99.75685395204658,100.1748155295556,false,true
50,20.0,155.3374504220801,100.22330727750685,6.670890304676675,0.5144154085180475,152.1850940347732,158.85598433944986,99.90013251937694,100.41454792789499,false,true
50,20.0,155.94581165772462,99.75608074632117,6.62105153808119,0.47229824899804385,152.8518633576274,159.47291489570858,99.47191675746355,99.94421500646159,false,false
50,20.0,152.24275789246664,100.32304487397964,5.43352428619059,0.47757795091328603,149.88603290947512,155.3195571956657,100.01515683688018,100.49273478779347,true,false
50,20.0,151.38607804572956,100.22990619287727,4.961572905810925,0.45636796640859245,149.0993038020175,154.0608767078284,99.93955149936993,100.39591946577852,true,true
50,20.0,154.7316188236079,99.91246568963584,5.786706011457625,0.4933022131179001,152.0282284463584,157.81493445781604,99.60363792887041,100.09694014198831,false,true
50,20.0,156.72909933640722,99.97199925443095,6.511572406715231,0.4866175008222484,153.6003706909763,160.11194309769152,99.6656866553444,100.15230415616665,false,true
50,20.0,150.9598800443871,100.11839870958946,5.244494344024076,0.4630831906728332,148.65526069192958,153.89975503595366,99.81814686223294,100.28123005290577,true,true
50,20.0,156.17195301713568,100.00955530325922,6.648451832161214,0.5288929880829301,153.05839017577242,159.70684200793363,99.66538748780812,100.19428047589105,false,true
50,20.0,150.95974927137024,99.8762045120288,5.007034786943507,0.45194676490039853,148.6197309719152,153.6267657588587,99.58530503837139,100.03725180327179,true,true
50,20.0,153.25275883746744,99.76188052229166,6.207548337426232,0.49927760092617746,150.38728490907044,156.59483324649668,99.4391563784269,99.93843397935308,false,false
50,20.0,153.38115922032912,100.06068185646741,5.160848203054684,0.45740173852061616,151.07081568120884,156.23166388426353,99.77127802863038,100.228679767151,false,true
50,20.0,151.43901606452474,99.77312741948106,6.154078510669677,0.5066554051456507,148.53761264952848,154.69169116019816,99.45131262633953,99.95796803148518,true,false
50,20.0,151.36096829351052,99.71786127970822,6.096034214620261,0.48424888014612577,148.59102791983506,154.68706213445532,99.42078872564775,99.90503760579388,true,false
50,20.0,142.8318185563,100.20609230982052,5.517855444626207,0.40126567716933437,140.25712512619782,145.77498057082403,99.94275528528667,100.344020962456,false,true
50,20.0,150.2741470905924,100.31627244455939,6.289343262276873,0.4926312173233498,147.34412075995724,153.6334640222341,100.00452284934437,100.49715406666772,true,false
50,20.0,143.6692260327693,100.56741928555516,4.771302959639257,0.38100880434528506,141.50215619074686,146.27345915038612,100.3313335274293,100.71234233177458,false,false
50,20.0,147.15978853497194,99.95265455413679,5.551504066889038,0.4067087298180212,144.55380758243518,150.10531164932422,99.68885331393994,100.09556204375797,true,true
50,20.0,149.79268504837117,99.93532151415039,4.424970769329235,0.4371635165911272,147.8911442323701,152.31611500169933,99.65744345933321,100.09460697592434,true,true
50,20.0,141.8360773781347,99.84957568990265,5.091461798148998,0.3769272086870643,139.49697576362655,144.58843756177555,99.60978760871077,99.98671481739784,false,false
50,20.0,145.06975185896474,99.8886644787213,3.7950521643015804,0.39349118740135225,143.47288138052048,147.26793354482206,99.64032584347052,100.03381703087187,false,true
50,20.0,155.839170487994,100.45817485675437,5.8729067327601,0.4836133559757769,153.20404627496123,159.07695300772133,100.15574646084704,100.63935981682282,false,false
50,20.0,146.0508444611926,100.70934412674447,5.197511465706981,0.39954131227440826,143.66612043969633,148.8636319054033,100.45832773625443,100.85786904852884,false,false
50,20.0,153.035838030862,99.99342482959891,6.540578189188352,0.49208277973461634,150.02829185494556,156.56887004413392,99.68388952083957,100.17597230057419,false,true
50,20.0,147.17016653232085,100.53597125378467,5.327592087431384,0.4224874161694032,144.76017725005434,150.08776933748572,100.27012722041002,100.69261463657942,true,false
50,20.0,149.24861354881318,100.10116862902133,5.371802607721605,0.4463265982768121,146.79271244515695,152.16451505287856,99.82190287943948,100.26822947771629,true,true
50,20.0,151.7723839102295,100.2361367910493,4.117825735179821,0.46290295013459115,149.9934775588136,154.11130329399342,99.94244906890275,100.40535201903734,true,true
50,20.0,142.33018485789873,99.78816043645753,5.278160258140474,0.3714815060745167,139.91027560417976,145.18843586232023,99.55047719689263,99.92195870296715,false,false
50,20.0,157.31067529522596,99.76623138326633,6.629684886000632,0.49368383105682767,154.1929183956373,160.82260328163792,99.45872300683615,99.95240683789298,false,false
50,20.0,154.79037314166635,100.41712107199811,5.757281880547026,0.4745290406114435,152.20565996489827,157.9629418454453,100.11224815846326,100.5867771990747,false,false
50,20.0,151.50858599880706,99.8983143734471,5.611527641561338,0.4170898567282677,148.83039208514737,154.4419197267087,99.63690549496539,100.05399535169366,true,true
50,20.0,144.6189410705258,101.29614277898429,4.05399087059692,0.3727612804183025,142.76999129899184,146.82398216958876,101.06215889112995,101.43492017154826,false,false
50,20.0,152.39989882242386,99.71336177604745,6.4702825429288,0.45010955923976326,149.40414404038293,155.87442658331173,99.42391357601873,99.8740231352585,true,false
50,20.0,146.10796428185415,99.77176265388674,5.884027420210373,0.39463984921896156,143.3288932479913,149.21292066820166,99.52378466342374,99.9184245126427,false,false
50,20.0,149.79084548640992,99.81250197972307,5.8932354868879315,0.4766029648999677,147.0352223704685,152.92845785735642,99.50827957524557,99.98488254014553,true,false
50,20.0,157.1976317812033,100.26026045266735,5.7811465899749805,0.526631796842949,154.5820568734201,160.36320346339508,99.92631752017954,100.45294931702249,false,true
50,20.0,143.25316397272059,101.87779527686777,4.481661388107483,0.35948831539815274,141.24653431756707,145.72819570567455,101.64950333782863,102.00899165322679,false,false
50,20.0,152.1802120824462,99.85705705033273,6.1856033081784005,0.47144272319988545,149.32300667571,155.5086099838884,99.55557323694033,100.02701596014022,true,true
50,20.0,153.95990311551708,99.9032419738928,5.481935349856485,0.46669535198523704,151.57022874289999,157.05216409275647,99.60159938792322,100.06829473990845,false,true
50,20.0,149.86852999825874,99.76520932943416,4.205777786853872,0.43855726344249035,148.0331363259537,152.23891411280758,99.48071875469572,99.9192760181382,true,false
50,20.0,152.07819296297393,100.05846608421683,5.969783681962269,0.4691922379954292,149.23275511929506,155.20253880125733,99.76025911671174,100.22945135470717,true,true
50,20.0,150.5248717247593,100.15111821352666,4.5259509964073175,0.4402141742424135,148.53521950357916,153.06117049998647,99.87714216164528,100.3173563358877,true,true
50,20.0,153.4510209273471,100.01464511737885,5.1294371693963114,0.44864011478881594,151.15718741479373,156.28662458419004,99.73481367643643,100.18345379122525,false,true
50,20.0,151.21582547144203,99.94092647938845,6.12014885058889,0.47566772275048663,148.4755588994868,154.5957077500757,99.6377349062138,100.11340262896428,true,true
50,20.0,155.98285706354562,99.72513680201027,5.755176945067404,0.4997099991219329,153.36925793045765,159.12443487552505,99.41297515062031,99.91268514974225,false,false
50,20.0,149.0500682008382,100.90217184604634,5.349435922761103,0.42334891065624447,146.57045209503502,151.91988801779613,100.6331684334898,101.05651734414604,true,false
50,20.0,153.5091322291173,100.44954216017983,5.747042467719183,0.461714410987355,150.86033374057476,156.60737620829394,100.1626403529296,100.62435476391695,false,false
50,20.0,144.74691432778835,99.87667130443927,4.501825221317574,0.40938947471993004,142.74373348361866,147.24555870493623,99.61935014086421,100.02873961558414,false,true
50,20.0,152.4311091664853,99.80850975799828,5.852884293321921,0.4893399154380518,149.66355022700625,155.51643452032818,99.50478244767245,99.9941223631105,true,false
50,20.0,148.31714914861521,99.9997417232728,5.219329572434333,0.4207090481949649,145.88711093937007,151.1064405118044,99.73691910401519,100.15762815221015,true,true
50,20.0,151.38913660010724,100.38994146918846,5.84297400532563,0.4492423697583945,148.70735839812028,154.5503324034459,100.1081286687631,100.5573710385215,true,false
50,20.0,151.16611008527917,99.79917194034348,5.345460760287381,0.44711521036134627,148.6946243989393,154.0400851592267,99.52097122585099,99.96808643621233,true,false
50,20.0,144.79844180443365,100.27197991056116,5.47680037490386,0.3782231780913605,142.17158385330612,147.64838422820998,100.02885407836708,100.40707725645844,false,false
50,20.0,151.34424286400372,100.1461349913125,6.246194048526263,0.4590447200577046,148.51222760868285,154.7584216572091,99.85829317108197,100.31733789113967,true,true
50,20.0,149.32391016451453,99.96007770132636,4.731282078687968,0.42406504321670013,147.1760963056992,151.90737838438716,99.6915597303817,100.1156247735984,true,true
50,20.0,148.87662737873262,100.36031985302415,5.3227574838747955,0.4368623808098562,146.46684409770745,151.78960158158225,100.08025458315404,100.5171169639639,true,false
50,20.0,147.42374039261432,99.77592761858224,4.881822944950528,0.4578699398033734,145.20244689979378,150.0842698447443,99.49287716119592,99.9507471009993,true,false
50,20.0,152.95218300642813,100.64605253599203,5.183247449181863,0.457171452571572,150.6556993431655,155.83894679234737,100.34753809261564,100.80470954518721,false,false
50,20.0,148.83987933241548,101.1428312438267,4.777353000119206,0.45561082121280094,146.5985814598395,151.3759344599587,100.85993490670477,101.31554572791757,true,false
50,20.0,148.70042853607376,99.79073872423022,5.4709274815498645,0.42731011721078005,146.20404658283977,151.67497406438963,99.51293603892537,99.94024615613615,true,false
50,20.0,144.15679677879206,100.08084507887611,5.080442246304841,0.4063898162093551,141.80098512896691,146.88142737527176,99.81894537413508,100.22533519034444,false,true
50,20.0,143.95218667865947,100.23754824352292,4.348353957718103,0.39484138666414026,142.04961009101294,146.39796404873104,99.98606946231469,100.38091084897883,false,true
50,20.0,151.89540722084655,99.86458603384878,6.42655089357703,0.4513454862682664,148.95240439448946,155.3789552880665,99.58543590895034,100.03678139521861,true,true
50,20.0,146.16262184588038,100.68035607478735,4.628070846592209,0.4114598168738155,144.00454563714095,148.63261648373316,100.42241618071068,100.8338759975845,false,false
50,20.0,152.01287392997804,100.34504747283847,4.8599280909591585,0.4768471425587961,149.7977486880024,154.65767677896156,100.04748335234768,100.52433049490648,true,false
50,20.0,148.7391111378807,100.27578614328426,5.639150938622578,0.42135027957128557,146.15254000391846,151.79169094254104,100.00977204676393,100.43112232633521,true,false
50,20.0,154.63395207223653,99.76603545640288,5.183556184988532,0.44791589654245456,152.36697181509027,157.5505280000788,99.48182358117458,99.92973947771704,false,false
50,20.0,152.3709664529913,100.05069823055129,6.365804916916602,0.46100494634825395,149.454614188515,155.8204191054316,99.76478530324067,100.22579024958893,true,true
50,20.0,151.1060322026766,100.05096140536864,4.250953377177524,0.45961121770557156,149.20945483332963,153.46040821050715,99.75342081348974,100.21303203119531,true,true
50,20.0,148.77019609799862,99.72427063043304,5.497165240599713,0.47482394480364576,146.29218932878507,151.78935456938478,99.42255303367787,99.89737697848152,true,false
50,20.0,152.80570098935152,100.26642604833094,6.080960076428141,0.45909285232443153,150.0578697646938,156.13882984112195,99.97799793406813,100.43709078639256,false,true
50,20.0,152.3093891109633,100.28508223199148,3.88322145342957,0.48072223894025967,150.5817327130225,154.46495416645206,99.98536953401693,100.46609177295718,false,true
50,20.0,154.05811957358713,99.73867461491103,5.424335295206475,0.4918275217826249,151.66925583686353,157.09359113207,99.43001624956874,99.92184377135136,false,false
50,20.0,150.77910323067942,99.98972254049413,4.677459911227714,0.4734594716010605,148.61970799318647,153.29716790441418,99.69698138117747,100.17044085277853,true,true
50,20.0,150.93377813560616,100.11613368952311,5.122507419942451,0.44767602283137364,148.66603732492118,153.78854474486363,99.83318713896398,100.28086316179535,true,true
50,20.0,150.62070120327348,100.74483641227026,5.117454574250985,0.45742746494981645,148.25114579055074,153.36860036480172,100.4522493896726,100.90967685462242,true,false
50,20.0,143.5426502872773,100.52516992122807,3.9667284794411444,0.3791946655080096,141.82856820043932,145.79529667988047,100.28692221217159,100.6661168776796,false,false
50,20.0,152.2192708265409,99.82139543189965,5.808969326100367,0.47699767081381594,149.5370694647994,155.34603879089977,99.52466226411984,100.00165993493366,true,true
50,20.0,153.79802367921235,99.86982632384316,6.467345738534846,0.535234485828795,150.78612177487804,157.2534675134129,99.52864975162198,100.06388423745078,false,true
50,20.0,144.7408806969995,99.75530083053779,4.760766742441945,0.4138057099254695,142.6161023762301,147.37686911867203,99.48723408759548,99.90103979752095,false,false
50,20.0,155.85681560294682,99.743332162392,6.282922579324122,0.5161812489589153,152.96485828250871,159.24778086183284,99.4246562851096,99.94083753406852,false,false
50,20.0,157.14889360119184,99.8099327256192,6.780017986670231,0.5481341570147151,154.06394543855205,160.84396342522228,99.46507236902565,100.01320652604036,false,true
50,20.0,149.85623227520736,99.84013396195456,5.843757146345155,0.4458538577122795,147.19739902884945,153.0411561751946,99.56469604451063,100.0105499022229,true,true
50,20.0,149.3810156636865,99.78363803582515,5.502262474617709,0.4532757257129276,146.8790838427986,152.3813463174163,99.49780538556713,99.95108111128006,true,false
50,20.0,149.58212608718569,100.0335800137198,5.785032923445613,0.4344134824533512,146.93219706309333,152.71722998653894,99.76037885219559,100.19479233464894,true,true
50,20.0,154.0360985816002,100.79450589116894,6.0477420180054935,0.46667638760936825,151.25607060700213,157.30381262500762,100.50106882278003,100.9677452103894,false,false
50,20.0,146.3561467527297,99.7505673049429,5.431050282524467,0.3891739233000351,143.81760929617298,149.24865957869744,99.50818030363413,99.89735422693417,false,false
50,20.0,149.95809713609668,100.35878848447139,5.425310881354932,0.43973453913439187,147.52048483058456,152.9457957119395,100.0770529221491,100.51678746128349,true,false
50,20.0,147.1224457689558,100.14494529580537,5.447563510586974,0.43179102071789544,144.68205433909964,150.1296178496866,99.87230398108065,100.30409500179854,true,true
50,20.0,149.7034973045586,99.79662257341388,5.7075255243119045,0.508210908391149,147.04061378042005,152.74813930473195,99.47571269299311,99.98392360138426,true,false
50,20.0,142.581012167168,99.75806851583336,4.488898244636516,0.38531189623466844,140.60179654293768,145.0906947875742,99.51632709165754,99.90163898789221,false,false
50,20.0,154.54927152347196,99.76476813441501,6.589548637655753,0.4928742480998096,151.62831754835332,158.21786618600908,99.45280872923405,99.94568297733386,false,false
50,20.0,149.31659484311297,100.3318275959638,4.469816236015447,0.4501065867577694,147.3511015195824,151.82091775559783,100.04004647710977,100.49015306386754,true,false
50,20.0,154.9217861696828,99.77801532528727,6.441995504070633,0.4959257582479921,151.9381812784734,158.38017678254403,99.46902765949103,99.96495341773903,false,false
50,20.0,154.66925384787763,100.26539073893878,6.687977143495829,0.4889284113411634,151.56459866542195,158.25257580891778,99.96099895530253,100.44992736664369,false,true
50,20.0,156.06677126969376,99.69645603230688,6.158525659678418,0.5192736407156247,153.26292157653137,159.4214472362098,99.36372041189202,99.88299405260764,false,false
50,20.0,144.3083223376471,100.3110676237527,5.525465757268336,0.4078510510351947,141.76036022396167,147.28582598123,100.04906803666071,100.45691908769591,false,false
50,20.0,155.9183578566971,99.92948446572308,5.933805042051262,0.5175291734265528,153.2042746671166,159.13807970916787,99.5981779298957,100.11570710332225,false,true
50,20.0,151.15428578393602,100.2865444146594,6.372576953268805,0.45155979199427065,148.21298346698836,154.58556042025717,100.01097932685468,100.46253911884895,true,false
50,20.0,153.38286587551238,100.31664507203791,5.586869318969576,0.48287528903111365,150.7495065133441,156.33637583231368,100.009634062835,100.49250935186612,false,false
50,20.0,144.93598166339044,99.99654704720326,5.0327764390547145,0.39611146636221406,142.78723489759977,147.8200113366545,99.75143838198231,100.14754984834453,false,true
50,20.0,147.35940317952432,99.7787879417747,4.966423531972993,0.4289492645195878,145.20185028635285,150.16827381832584,99.51136367093102,99.9403129354506,true,false
50,20.0,144.5400447105689,100.17641339552613,5.157352075026921,0.3874849369115765,142.27114726280985,147.42849933783677,99.93540591584481,100.32289085275639,false,true
50,20.0,154.5825500542778,99.79766068393768,5.7479124296245345,0.48641518524752314,151.95774912199323,157.70566155161777,99.49672310195871,99.98313828720623,false,false
50,20.0,157.25242353882743,99.87048215638247,6.908065266216113,0.5110795810111739,153.8954660178197,160.8035312840358,99.55737443273013,100.0684540137413,false,true
50,20.0,150.9192119526506,100.68263507882828,5.987316944356564,0.47362427685570196,148.13609640441894,154.1234133487755,100.38371965225511,100.85734392911081,true,false
50,20.0,148.99833338341722,99.75545282418452,4.7682688871384755,0.4452174132923119,146.86455129917323,151.6328201863117,99.4710232430072,99.91624065629951,true,false
50,20.0,154.73708974227077,99.7824145137368,6.332627649937621,0.49103005060987925,151.98923191762435,158.32185956756197,99.47746022030742,99.9684902709173,false,false
50,20.0,146.10877695763412,100.05379504434946,4.0851984803882715,0.4071020953223865,144.29957225043376,148.38477073082203,99.79757120648023,100.20467330180261,false,true
50,20.0,155.5171514207477,100.08393577587007,5.9563059867745665,0.4848655189536544,152.83104786142397,158.78735384819853,99.77090230159519,100.25576782054884,false,true
50,20.0,146.4825351128117,99.72000083992265,4.881478388032434,0.44804334575405846,144.30046497847684,149.18194336650927,99.4382932393449,99.88633658509896,false,false
50,20.0,147.38110079625682,100.6576888508884,4.165907436017676,0.444613688388074,145.60481601006632,149.770723446084,100.37931357846404,100.82392726685211,false,false
50,20.0,140.94462317114633,100.42208621759502,4.857203722980103,0.3665825359630759,138.71061054169678,143.56781426467688,100.19118204866234,100.55776458462542,false,false
50,20.0,146.75102604267312,99.82866298148826,5.66527253254111,0.4415964587333292,144.06013169531593,149.72540422785704,99.54897393886078,99.99057039759411,false,false
50,20.0,150.2828120437391,100.12227749696083,4.605574377296676,0.44094789166784665,148.20772810292607,152.81330248022275,99.8429720017598,100.28391989342765,true,true
50,20.0,153.75237656848094,99.84655735550821,6.36222925547537,0.48349398282613265,150.76714043254395,157.12936968801932,99.5382560139669,100.02174999679303,false,true
50,20.0,143.18258825359317,100.29225431726675,5.464615814152921,0.3921285481489889,140.64235061561124,146.10696642976416,100.04632420696201,100.438452755111,false,false
50,20.0,152.30277238424543,100.14894852988209,6.10994019363531,0.4540217928617949,149.493833506445,155.6037737000803,99.86514325791796,100.31916505077976,true,true
50,20.0,154.6514907584935,100.42128458691053,5.894037254250122,0.4848801746204856,151.9634847802666,157.85752203451673,100.10864105264308,100.59352122726357,false,false
50,20.0,153.20818882717464,100.31771627318761,6.370097279359186,0.44292642544988325,150.10760529691274,156.47770257627192,100.03843639381051,100.4813628192604,false,false
50,20.0,150.08911519879666,99.78608084647664,6.256663772649972,0.4594563716611759,147.28532360119692,153.5419873738469,99.49359148159569,99.95304785325686,true,false
50,20.0,150.93578972910404,99.71959866059504,5.076696536706805,0.4654962469505364,148.61244883133097,153.68914536803777,99.41775601103102,99.88325225798155,true,false
50,20.0,153.38125632091248,99.7062127939445,6.235469275604856,0.4846133638777701,150.5346251559935,156.77009443159835,99.40071622957544,99.8853295934532,false,false
50,20.0,154.58599123027022,99.93346296585878,5.570773927216493,0.4791684582176856,152.0576253669617,157.6283992941782,99.63400229824867,100.11317075646636,false,true
50,20.0,148.51211040201838,100.16624112123083,5.8033218817995476,0.41718440917462374,145.7939930604212,151.59731494222075,99.90259087932489,100.31977528849951,true,true
50,20.0,146.21871960372258,99.79479295114903,5.315639876489513,0.4143790732530732,143.7682727343789,149.08391261086842,99.53024928308592,99.944628356339,false,false
50,20.0,144.73876154234918,100.29658328883389,5.7815630767279345,0.3985224935725,141.96571153799522,147.74727461472315,100.04770211442467,100.44622460799717,false,false
50,20.0,149.85263639318666,99.84526112186832,5.965524461789244,0.4477520402897994,147.08361466936285,153.0491391311521,99.56061693439463,100.00836897468443,true,true
50,20.0,150.21932883722013,99.9205256697831,5.655261124108449,0.44526635317846797,147.62626773581238,153.28152885992083,99.63845385378772,100.08372020696619,true,true
50,20.0,151.5238090836114,99.8612046566481,4.524407028227472,0.44772743498101875,149.46138847449916,153.98579550272663,99.58339437967385,100.03112181465487,true,true
50,20.0,150.76446228020845,100.28784667764779,5.072545145627913,0.45839416999275784,148.51634911200392,153.58889425763184,99.99116027007693,100.44955444006969,true,true
50,20.0,148.0804084063267,99.90803785173058,5.583310217107936,0.4363330169405799,145.42978002398405,151.013090241092,99.63250599322922,100.0688390101698,true,true
50,20.0,152.69741664187487,100.10067739828213,6.405238472421161,0.46150374829846896,149.81217704876886,156.21741552119002,99.80701557231811,100.26851932061658,true,true
50,20.0,147.22015214214844,100.35338227380812,5.552903699572795,0.38734737269697916,144.62745407633693,150.18035777590973,100.10948812496567,100.49683549766264,true,false
50,20.0,149.16973166158817,99.76577794815807,4.894610145719014,0.42148577967108736,146.95486299644716,151.84947314216618,99.4970371138853,99.91852289355639,true,false
50,20.0,147.14779103443917,100.72726583751229,4.379500753359906,0.41182639141574384,145.24408590790833,149.62358666126823,100.47138298789197,100.88320937930771,false,false
50,20.0,157.18690986416442,100.40167731033594,6.456030084231571,0.5074146967812965,154.16772199098537,160.62375207521694,100.07719901740148,100.58461371418278,false,false
50,20.0,143.4251490574652,100.13276371429693,5.143314567225019,0.3862445657180018,141.02861094069496,146.17192550791998,99.89163375912541,100.27787832484341,false,true
50,20.0,152.73251642911617,100.71698283636303,5.198195694470314,0.4814659523380982,150.53518561786913,155.73338131233945,100.41333482635045,100.89480077868855,false,false
50,20.0,142.8842201710965,101.17712163762664,4.773955696200716,0.3865137025258889,140.6817956269653,145.45575132316603,100.92915281944985,101.31566652197574,false,false
50,20.0,150.353184952523,99.90340251613364,5.450843986025177,0.45030531904473037,147.79199637575417,153.24284036177934,99.61229699194251,100.06260231098724,true,true
50,20.0,151.1406002421843,99.97557024250439,4.243417681405731,0.4448934741968884,149.21461164390047,153.4580293253062,99.69019959281425,100.13509306701114,true,true
50,20.0,144.97228262709206,99.79212978247816,5.354549793391868,0.4199528355551507,142.43227835436147,147.78682814775334,99.52641822985338,99.94637106540853,false,false
50,20.0,143.24660769166866,100.25709182172827,5.308917897186177,0.3911178497313159,140.87403593658541,146.1829538337716,100.00743507088784,100.39855292061915,false,false
50,20.0,146.76182958997464,100.64813456271926,5.870452043702301,0.43085676442733245,143.95005207282702,149.82050411652932,100.37442110071513,100.80527786514246,false,false
50,20.0,151.10154519383315,99.82669228819466,6.147709630086723,0.45338043873154277,148.21151129527564,154.35922092536237,99.5388805399322,99.99226097866374,true,false
50,20.0,150.31644960530767,100.16838374615713,5.379132389184548,0.42991202176854415,147.8392377416631,153.21837013084766,99.89759546020068,100.32750748196922,true,true
50,20.0,143.04883342785902,100.06973654487024,4.840578590045283,0.36636356166552275,140.88767204471128,145.72825063475656,99.83659769264469,100.20296125431021,false,true
50,20.0,142.42971268321293,100.64644895155556,4.541737967858893,0.3581400831869672,140.3932200119411,144.9349579798,100.42128525213613,100.7794253353231,false,false
50,20.0,151.5465370812464,99.75723435638264,5.653894541294591,0.46172632274701186,149.0373544741243,154.6912490154189,99.46218958269188,99.92391590543889,true,false
50,20.0,150.34702657196618,100.66574799703125,5.313076300299144,0.443107612638201,147.9392568991613,153.25233319946045,100.39306814935236,100.83617576199056,true,false
50,20.0,147.29395993719243,100.02092211702467,4.866564222424103,0.444592106924361,145.15085782445013,150.01742204687423,99.74066546792979,100.18525757485415,true,true
50,20.0,150.33017361739968,99.96883742166487,4.278817701362385,0.45352604958235077,148.4593430097472,152.73816071110957,99.67754172070917,100.13106777029152,true,true
50,20.0,142.03759949451472,100.91683368473272,4.9452280976775285,0.3574031341986199,139.74708214393746,144.692310241615,100.69305299571731,101.05045612991593,false,false
50,20.0,148.71945234107216,100.60434115818978,5.3039147558401964,0.4456507308284898,146.3826613885936,151.6865761444338,100.32225475720065,100.76790548802914,true,false
50,20.0,152.80872408431145,99.77674197950512,5.4257013509273975,0.46257614761935884,150.367313821984,155.7930151729114,99.48511854876637,99.94769469638572,false,false
50,20.0,148.9629773162216,100.66707089568919,5.353695178508218,0.4375142681743256,146.4722052215623,151.8259004000705,100.38977612654908,100.8272903947234,true,false
50,20.0,151.4450539126044,100.37508422374523,5.190459431774087,0.44121724682646857,149.167924736242,154.3583841680161,100.0916566273595,100.53287387418597,true,false
50,20.0,153.32695738596328,99.84138619751631,6.859358830559557,0.4736130496386579,150.02274547628454,156.8821043068441,99.54012041614739,100.01373346578605,false,true
50,20.0,148.44617887155428,99.84499153465003,5.195855613237796,0.4472770207302119,146.0545385904805,151.2503942037183,99.56512164813745,100.01239866886766,true,true
50,20.0,146.3388422427726,100.10487973581436,5.466785038307279,0.43373430669608126,143.8533843997679,149.32016943807517,99.83016547768429,100.26389978438037,false,true
50,20.0,151.03859491087343,100.0066074050581,5.546594155146181,0.4397459050611445,148.461397398849,154.00799155399517,99.72598373732949,100.16572964239063,true,true
50,20.0,148.51497230306782,99.8676172717335,4.980959838046772,0.442317612889255,146.26856768487795,151.24952752292472,99.57745136430168,100.01976897719094,true,true
50,20.0,146.32823264927322,99.87000117135989,5.253790509540153,0.3993603778830419,143.84805342501238,149.10184393455253,99.61422008583533,100.01358046371837,false,true
50,20.0,149.25432219672584,99.89883540416923,4.957771901237663,0.45237882599477075,147.0522302311326,152.01000213237026,99.61478582483437,100.06716465082914,true,true
50,20.0,150.92550886547582,99.97820953648923,5.728140162635839,0.4874552865153703,148.2087324906429,153.93687265327873,99.68062874182121,100.16808402833658,true,true
50,20.0,150.0234453922516,100.4347805807626,4.9441295104975325,0.4573378375631876,147.78930455444078,152.7334340649383,100.14168954380142,100.5990273813646,true,false
50,20.0,147.9229023846109,99.91074331766686,5.893729889174438,0.44245193862947474,145.19308152070369,151.08681140987812,99.62645286385482,100.0689048024843,true,true
50,20.0,142.51914082593692,99.93330049904642,4.465355578517148,0.3585238138603728,140.44822065248422,144.91357623100137,99.70354252086281,100.06206633472318,false,true
50,20.0,150.69833910484508,99.94585011458187,4.681640062128736,0.46753069624250543,148.62884609063371,153.31048615276245,99.6491301426486,100.11666083889111,true,true
50,20.0,148.42352568184347,99.95838760949266,5.377122596813166,0.4382791824944263,145.936826078394,151.31394867520717,99.67819046225004,100.11646964474447,true,true
50,20.0,154.39808298329,99.68795767004383,5.905979773938952,0.520787831974161,151.6738428421447,157.57982261608365,99.3615603032649,99.88234813523906,false,false
50,20.0,150.3458913570775,99.7306263425474,5.49993391062884,0.43760049252769306,147.89836950385234,153.39830341448118,99.45561611207923,99.89321660460692,true,false
50,20.0,143.81991777530845,99.90441545537635,4.705772421973904,0.38256545102224493,141.66134990149084,146.36712232346474,99.66435045872495,100.0469159097472,false,true
50,20.0,151.2030862471228,99.7108051213892,5.11071700139459,0.48725366681090065,148.81851643941022,153.9292334408048,99.39716105410044,99.88441472091134,true,false
50,20.0,149.57142944730327,100.32207178786783,5.004854761564218,0.43379101410097576,147.34506789714126,152.34992265870548,100.04380033656098,100.47759135066195,true,false
50,20.0,150.42844174111795,100.72905935197824,5.646424890169726,0.4412288169814076,147.78777066254648,153.4341955527162,100.45483718464762,100.89606600162902,true,false
50,20.0,153.07880949306087,100.00691458009919,4.916482415637745,0.5041407222672234,150.7717109622044,155.68819337784214,99.68879468372994,100.19293540599716,false,true
50,20.0,149.03406822886683,100.24812025455587,4.694414258427173,0.42884718417188594,146.95051340952585,151.64492766795303,99.97844674359487,100.40729392776676,true,true
50,20.0,144.30347441988658,99.90611711515899,4.7038048402420145,0.3779601083279829,142.18340783338596,146.88721267362797,99.67042993991423,100.04839004824221,false,true
50,20.0,155.16150948518464,100.09985922892668,5.8659720353543605,0.47971972174346433,152.4731438567094,158.33911589206377,99.79848901753942,100.27820873928289,false,true
50,20.0,146.7550278561762,100.08391019119347,5.257199483803305,0.43093486267997605,144.27896034499744,149.53615982880075,99.8051323193093,100.23606718198927,false,true
50,20.0,149.35734892015603,99.88294418734893,5.60041089443402,0.43820155155290763,146.71803148684123,152.31844238127525,99.61023469067385,100.04843624222676,true,true
50,20.0,151.38273430110843,99.87862814347005,6.348131985773733,0.4366713258687014,148.43506573540043,154.78319772117416,99.60065964269978,100.03733096856848,true,true
50,20.0,152.94946144481807,99.80930073393294,6.5038310415206695,0.4714328449441467,150.07318510469497,156.57701614621564,99.50415645630262,99.97558930124677,false,false
50,20.0,154.1590228117048,99.92695691171414,5.944100136339756,0.4880725955669476,151.48285968994145,157.4269598262812,99.6252025743333,100.11327516990025,false,true
50,20.0,144.31402165298329,99.84584094600032,5.2609858607143565,0.42057684907746307,141.90009479843957,147.16108065915392,99.58058190315595,100.00115875223341,false,true
50,20.0,144.94012662206762,100.42055255835564,4.181396838386547,0.4190376426098652,143.09433442077477,147.27573125916132,100.14592540430206,100.56496304691193,false,false
50,20.0,151.2476253945546,100.1869668869317,5.6690385636781,0.4538790050683872,148.66256330144688,154.33160186512498,99.89322612407963,100.34710512914802,true,true
50,20.0,153.71851115980277,101.18511686817035,5.2027516829152205,0.46366172009236095,151.3856028211835,156.58835450409873,100.8959727321624,101.35963445225477,false,false
50,20.0,151.99778436209638,100.10335248680103,5.337198948553294,0.4621446292647562,149.64924916103854,154.98644810959183,99.80886922883805,100.2710138581028,true,true
50,20.0,152.91779069127733,100.01084082421926,5.744952634447202,0.4544641832520284,150.35152263325602,156.09647526770323,99.7280258838471,100.18249006709912,false,true
50,20.0,156.06848740522216,99.69269443531957,6.277541137650729,0.5163841674907133,153.1558159328912,159.43335707054192,99.35980147017608,99.8761856376668,false,false
50,20.0,151.57673877567038,100.91872435910977,6.293369066316245,0.4566765411492071,148.62748714751166,154.9208562138279,100.62653448455643,101.08321102570564,true,false
50,20.0,151.71149555687694,99.9380251230823,5.85727152653638,0.4557144247420979,148.95206223289276,154.80933375942914,99.65496044947486,100.11067487421695,true,true
50,20.0,147.67762646560124,99.73492139532624,5.3133112041442985,0.449526171648003,145.27373910563432,150.58705030977862,99.45745318715905,99.90697935880705,true,false
50,20.0,158.31636051527164,99.75621331602903,6.060031446484857,0.5760329168268754,155.5723976761296,161.63242912261447,99.38737274475235,99.96340566157923,false,false
50,20.0,150.5838630799481,99.89688533209582,5.808425396621118,0.4671235036240944,147.96073572964795,153.76916112626907,99.59916496326169,100.06628846688578,true,true
50,20.0,148.92843414548102,100.03763027707268,4.943170289204232,0.42650447927097446,146.64988121428883,151.59305150349306,99.76935197354304,100.19585645281401,true,true
50,20.0,138.96005274286827,99.966422948889,3.9704890719266928,0.33630853952843154,137.1852749613264,141.1557640332531,99.74979766262143,100.08610620214986,false,true
50,20.0,151.29641344992604,100.41192397014328,4.559272842280137,0.44888090896340316,149.25838524442585,153.817658086706,100.12834344677715,100.57722435574055,true,false
50,20.0,147.10342778950653,99.93070754656804,5.094795468179825,0.40372058655370324,144.80735038491474,149.90214585309457,99.67974516249261,100.08346574904631,false,true
50,20.0,148.26544883242485,99.84889283045189,4.02050147998429,0.4116242925806546,146.52593925147087,150.54644073145516,99.59312461468443,100.00474890726508,true,true
50,20.0,150.59188409640166,100.2938473561957,5.424224154896166,0.46334027615439766,148.10356149037563,153.5277856452718,100.00650229545298,100.46984257160737,true,false
50,20.0,154.34401475761825,100.48082762434385,6.528473689719192,0.48696909451948045,151.36079365538143,157.88926734510062,100.18186464465475,100.66883373917423,false,false
50,20.0,150.03814555338516,100.82007849633611,4.674208972526259,0.43602810116642843,147.94726370631017,152.62147267883643,100.5383792345198,100.97440733568622,true,false
50,20.0,150.31295344186356,100.43931694277188,5.405215780915341,0.45462592433986515,147.72970816198728,153.13492394290262,100.15566592416471,100.61029184850457,true,false
50,20.0,152.09171116924324,100.17402365864223,5.604662754211688,0.4753337636827695,149.6415464953302,155.2462092495419,99.86473686813179,100.34007063181456,true,true
50,20.0,148.43350970174177,99.983371223077,4.656514650509223,0.43513303721691443,146.40181654689536,151.05833119740458,99.70910910227562,100.14424213949253,true,true
50,20.0,148.54315177473933,99.82241494388458,5.458098860513985,0.440176556463868,146.06429818215616,151.52239704267015,99.54161486597499,99.98179142243886,true,false
50,20.0,146.79670173961756,99.79734736724538,5.574197562946665,0.40822355614183437,144.2217043162935,149.79590187924018,99.5406636739577,99.94888723009953,false,false
50,20.0,149.176431464718,99.77287153362887,5.612074919865563,0.4428709355465372,146.57482174792256,152.18689666778812,99.48972203920125,99.93259297474779,true,false
50,20.0,153.3124017198076,99.70749464650692,5.973907133019793,0.4982799141695722,150.54398958019604,156.51789671321583,99.3933098696193,99.89158978378887,false,false
50,20.0,155.36941654449475,99.84312828179097,6.461540954542215,0.4999173038297897,152.35141482667126,158.81295578121347,99.52886110429648,100.02877840812627,false,true
50,20.0,139.52081201855117,100.01282204746653,4.3922438426404256,0.3399064937343752,137.55229576016183,141.94453960280225,99.79643772945435,100.13634422318873,false,true
50,20.0,150.29164383811815,100.02028064012148,5.9846917803061785,0.4451314152842514,147.4926963657359,153.47738814604207,99.73343176446836,100.17856317975262,true,true
50,20.0,145.32411337660955,99.80685348796668,5.687481240792579,0.39134763203637135,142.63452034086504,148.32200158165762,99.55597189770643,99.9473195297428,false,false
50,20.0,146.69085042751863,99.86586576240262,4.155155272189347,0.41745610362237073,144.8079465044712,148.96310177666055,99.60197358039261,100.01942968401498,false,true
50,20.0,148.41444133304418,101.5288637403109,5.646780106071873,0.4104135519213514,145.93266316938235,151.57944327545422,101.27387449320358,101.68428804512493,true,false
50,20.0,148.8418954893393,99.74100058317333,5.420615264208351,0.4386929432356794,146.33461334266104,151.7552286068694,99.4643359343424,99.90302887757808,true,false
50,20.0,150.7611550218131,99.82701607793268,5.7991822838127405,0.4754860674736392,148.20916875324224,154.00835103705498,99.52590096660438,100.00138703407802,true,true
50,20.0,150.87866618376322,100.68365795927039,5.196278287704871,0.47381984527764587,148.55710486717828,153.75338315488315,100.38413710835235,100.85795695363,true,false
50,20.0,148.40934247081043,99.86805454425635,5.496725187176622,0.4371937992850121,145.8256273079995,151.32235249517612,99.58995747344223,100.02715127272724,true,true
50,20.0,156.4672616644066,99.85425870085908,6.3469527499464675,0.5010948652766274,153.54146928402818,159.88842203397465,99.54144849557781,100.04254336085444,false,true
50,20.0,152.80909291323036,100.37599268342194,5.731482316831716,0.4623581236942442,150.23753415399472,155.96901647082643,100.08811169593568,100.55046981962992,false,false
50,20.0,155.04783357075456,99.83073917036876,5.805880297165231,0.49899737861660753,152.39375956841593,158.19963986558116,99.5212894497571,100.02028682837371,false,true
50,20.0,147.51539616244705,99.76680962999455,5.174604272133934,0.43342742282831637,145.2616306239608,150.43623489609473,99.49520753306783,99.92863495589614,true,false
50,20.0,155.43788086369804,100.33613969848702,6.064516520618554,0.5104327549912853,152.7041180290209,158.76863454963944,100.01194955808772,100.522382313079,false,false
50,20.0,147.64357165181485,99.81471934585008,4.7780601390588515,0.4229535470958439,145.52736268976153,150.30542282882038,99.54650449652259,99.96945804361843,true,false
50,20.0,153.8709721224944,100.61635908894937,6.422336691776678,0.5075814456128711,150.90690583860845,157.32924253038513,100.30274427756346,100.81032572317633,false,false
50,20.0,147.30159544648706,99.92187715865775,5.2713652415949355,0.4127331147632418,144.82958765481249,150.10095289640742,99.66307631945713,100.07580943422037,true,true
50,20.0,151.81029168969366,100.06549618778345,5.550105469276218,0.4525881892416521,149.2486909579868,154.79879642726303,99.77490003262585,100.2274882218675,true,true
50,20.0,150.81295872302337,99.80863414044305,6.218932731538871,0.4490807358600648,147.907610375945,154.12654310748388,99.51938891549864,99.9684696513587,true,false
50,20.0,147.5457995691477,100.07435176367756,5.082603368633187,0.43823499686364187,145.26489503450748,150.34749840314066,99.7952814613285,100.23351645819214,true,true
50,20.0,151.92005333341604,99.97999406212479,5.690979477768536,0.49541884476806786,149.29163229694558,154.98261177471412,99.66080518044737,100.15622402521544,true,true
50,20.0,157.2459196563822,99.97961814214142,6.422377464442349,0.5647750176914172,154.28771517657495,160.7100926410173,99.61758842421757,100.18236344190899,false,true
50,20.0,154.39268813584624,99.79902694428196,6.124584178015027,0.48900723469552076,151.70712533307932,157.83170951109435,99.48101899240655,99.97002622710207,false,false
50,20.0,153.46748442377793,99.76256285360107,4.909657290701205,0.4706450693109758,151.2525209223362,156.1621782130374,99.46632176911935,99.93696683843032,false,false
50,20.0,151.0143390940563,100.12131135429959,4.661798857832565,0.442787028853175,149.0110830751769,153.67288193300948,99.84064042741426,100.28342745626743,true,true
50,20.0,146.49250666892664,99.92274744851599,4.629298291826387,0.4299880849069808,144.35538612087794,148.98468441270433,99.65089694301724,100.08088502792423,false,true
50,20.0,150.53270380705248,99.83445878286048,4.822336092881727,0.46226835686161394,148.33829663823568,153.1606327311174,99.54542081976922,100.00768917663083,true,true
50,20.0,150.0222590371823,100.18975770273448,5.657159772545441,0.4240692027936319,147.4393609836495,153.09652075619493,99.927762205274,100.35183140806764,true,true
50,20.0,141.74246147593848,99.95047079898401,4.999629492211454,0.3831701173138953,139.39859865047828,144.39822814268973,99.71142389850499,100.09459401581888,false,true
50,20.0,148.51324745395402,100.86475861063762,5.094797281902629,0.4240906335939485,146.15110723096518,151.2459045128678,100.59383283926863,101.01792347286258,true,false
50,20.0,145.83664291219935,100.76137579790097,5.066797933457195,0.40761642201576365,143.51655106762357,148.58334900108076,100.50195683349637,100.90957325551213,false,false
50,20.0,152.08232501723552,99.74262495094965,5.206317828386176,0.47302259295680926,149.77550029358423,154.9818181219704,99.44814738402462,99.92116997698143,true,false
50,20.0,152.76770610133758,100.29053399881028,6.123913940735804,0.4509416773576618,149.88783590725689,156.0117498479927,100.00570273572954,100.4566444130872,true,false
50,20.0,150.5356528010773,100.32401310061877,4.254226763976305,0.4521333724435834,148.7015713403138,152.9557981042901,100.03960367543297,100.49173704787655,true,false
50,20.0,148.06160047547817,100.86319042725476,5.192736724844906,0.41641492930391166,145.73706344430235,150.92980016914726,100.59805370013441,101.01446862943833,true,false
50,20.0,148.67851079665047,100.23656995719935,5.182381999011369,0.43862011256238986,146.3807355710161,151.56311757002746,99.95498802840285,100.39360814096524,true,true
50,20.0,149.48597860452566,100.12929032283012,5.590362491472405,0.462408131801638,146.93026924103228,152.52063173250468,99.82753199989541,100.28994013169705,true,true
50,20.0,151.16566807147865,100.02917141306361,6.165118004206533,0.43495783280020817,148.2250303089811,154.39014831318764,99.75912979955818,100.19408763235839,true,true
50,20.0,151.38676507028111,100.78456010767044,5.4026266823588,0.4649630734418224,148.8899560248944,154.2925827072532,100.48874795088639,100.95371102432821,true,false
50,20.0,145.69397200920815,99.96330454784551,4.6967910123242405,0.4224451680784824,143.502246628418,148.19903764074223,99.69237642565285,100.11482159373134,false,true
50,20.0,151.69510541608992,100.11291249455186,5.889497206602385,0.4348538301676115,148.90959365083006,154.79909085743245,99.8343128003284,100.26916663049602,true,true
50,20.0,150.538579743003,99.93468342116594,5.545729755650598,0.4351886105459073,147.80602301736943,153.35175277302002,99.65308883279603,100.08827744334194,true,true
50,20.0,147.52969813283832,99.78178721234147,6.048977080284544,0.4174447927018292,144.7129015092821,150.76187858956663,99.51515834669405,99.93260313939588,true,false
50,20.0,152.71798827277934,101.4876738808098,5.284373893036673,0.4845365356890454,150.2500979052277,155.53447179826438,101.18615224615596,101.670688781845,false,false
50,20.0,147.56345311846542,99.82739019161617,5.163676975661417,0.46535949756635375,145.18008248587256,150.34375946153398,99.53005134336368,99.99541084093003,true,false
50,20.0,151.08820889342346,99.99249349177765,6.208267406343396,0.44395836827510493,148.2288105471202,154.4370779534636,99.70652322372015,100.15048159199526,true,true
50,20.0,148.00924723574707,100.51187665991822,5.87270688382813,0.42460757111186354,145.39696428034887,151.269671164177,100.25086466849496,100.67547223960682,true,false
50,20.0,149.02641076998154,100.05186859623824,5.18949762720888,0.4498403766689165,146.56535615106424,151.75485377827312,99.77731187164815,100.22715224831707,true,true
50,20.0,154.35337626534522,99.72733688872412,6.27047185863924,0.5128275750412996,151.46187584435893,157.73234770299817,99.39925710652136,99.91208468156266,false,false
50,20.0,149.73332888805237,100.38277255094864,5.08755229995586,0.46241069103631105,147.3865633812348,152.47411568119065,100.08631181889602,100.54872250993233,true,false
50,20.0,149.97404632478265,100.02966442003249,5.394332816800556,0.4741025551916209,147.5937602566237,152.98809307342427,99.74089822432362,100.21500077951524,true,true
50,20.0,154.55030337243647,99.699482539727,4.727899776767202,0.46911174987796755,152.42443159416786,157.15233137093506,99.40705745515663,99.8761692050346,false,false
50,20.0,151.5823691093354,100.36186710255433,6.0634522831267645,0.48128714539197404,148.8831535596204,154.94660584274718,100.0513157583296,100.53260290372157,true,false
50,20.0,142.69507820036856,100.74167233199593,5.01447913492413,0.36685625445538506,140.38832965092755,145.40280878585168,100.51075199275148,100.87760824720687,false,false
50,20.0,149.35704664037047,100.32250790614152,4.919646825438406,0.4226733625725103,147.13227288930847,152.05191971474687,100.05260032246419,100.4752736850367,true,false
50,20.0,147.01316958429112,100.16699027738198,5.427081681103061,0.397113824412628,144.47785940970869,149.90494109081175,99.91811883854851,100.31523266296114,false,true
50,20.0,147.17663187564102,99.9146459192908,5.344242916486422,0.40089726146318583,144.62180228325423,149.96604519974065,99.66525122201658,100.06614848347976,false,true
50,20.0,147.83606157801705,100.53849192048953,5.040871843328631,0.40709895658649486,145.46902532829392,150.50989717162255,100.28161071327732,100.68870966986381,true,false
50,20.0,152.41968287006415,99.79146111807137,4.999342955082398,0.47763856222283607,150.18111963563274,155.18046259071514,99.49786516083958,99.97550372306242,false,false
50,20.0,150.54944254976357,99.9982962633025,5.729016699678851,0.43300028452165407,147.863901933548,153.59291863322684,99.72979098398149,100.16279126850314,true,true
50,20.0,152.18593340064714,99.81218055329481,5.945890088428655,0.45926396910878964,149.41730478088047,155.36319486930913,99.52853008569396,99.98779405480275,true,false
50,20.0,156.76401581883127,99.71895445948142,5.517375901371707,0.5089784904265429,154.20897623986778,159.7263521412395,99.39901645935836,99.90799494978491,false,false
50,20.0,144.01044797735364,99.84080166181096,5.377994102012252,0.4082271929534329,141.51654074476275,146.894534846775,99.57983979331911,99.98806698627254,false,false
50,20.0,151.33468315242135,99.92355658490881,5.468083358178205,0.4491766379931619,148.7304445655161,154.19852792369431,99.63802600080396,100.08720263879712,true,true
50,20.0,150.91776731780638,100.1532749044826,5.540491788386703,0.4416917731520158,148.34203681173622,153.88252860012292,99.8774804707223,100.31917224387432,true,true
50,20.0,148.687687040024,99.92940800736588,5.822504551690656,0.4121651611607149,146.0624177297642,151.88492228145486,99.66198258820556,100.07414774936628,true,true
50,20.0,148.6131138259962,99.95742371845333,5.729326555994504,0.43368328108722665,145.97038749657642,151.69971405257093,99.68835208035914,100.12203536144636,true,true
50,20.0,151.3942928519317,99.75041323475057,4.656241257634008,0.4323682082837337,149.36678201137312,154.02302326900713,99.47998587431375,99.91235408259749,true,false
50,20.0,147.85149286723478,100.37331430246354,5.251921019019193,0.4610235964921685,145.5286802640949,150.7806012831141,100.07676322225107,100.53778681874324,true,false
50,20.0,154.3695797100932,99.88157412975131,6.814310683443296,0.4962471356440403,151.181937568813,157.9962482522563,99.55903471026456,100.0552818459086,false,true
50,20.0,146.21630894974987,100.09495133247928,4.705410765488409,0.4348566178255737,144.11377615051873,148.81918691600714,99.82184084067362,100.25669745849919,false,true
50,20.0,144.27624226025034,99.77407744550892,4.843950921019456,0.39474299930320456,142.10111156501745,146.9450624860369,99.52909765840378,99.92384065770699,false,false
50,20.0,148.75370172862108,99.75097426966443,5.802301808804145,0.41289732362714915,146.05749407186488,151.85979588066903,99.48641188248475,99.8993092061119,true,false
50,20.0,155.30742432918066,99.80584645222459,6.146902104854547,0.503228515698197,152.48627208881052,158.63317419366507,99.48432851603775,99.98755703173595,false,false
50,20.0,155.88241672743146,99.91446423905373,5.141704035825143,0.48966212534371323,153.58258650948653,158.72429054531167,99.60312696723514,100.09278909257885,false,true
50,20.0,154.4441526924258,100.1649048798119,6.506019672500912,0.48452121366993595,151.55338385027252,158.05940352277344,99.85110189331057,100.3356231069805,false,true
50,20.0,151.4498841565774,99.97946726862284,5.62304303486431,0.4661815043197777,148.9219512522144,154.5449942870787,99.68356424153724,100.14974574585702,true,true
50,20.0,147.2614566869871,100.44054736214213,5.495967746375214,0.43548534631501923,144.75559607698509,150.2515638233603,100.17007926275154,100.60556460906656,true,false
50,20.0,155.37061721693354,99.91730251468451,6.012271553357408,0.5042437655418439,152.5261833781185,158.5384549314759,99.59307976713036,100.0973235326722,false,true
50,20.0,148.89934807178412,100.6676540898713,5.5399444728600145,0.4140681389413601,146.3836780903509,151.92362256321093,100.40279992117752,100.81686806011888,true,false
50,20.0,150.73199683851934,100.17502440568842,5.657887984870939,0.4393320540447263,148.09735390128944,153.75524188616038,99.8918242871419,100.33115634118663,true,true
50,20.0,141.2779186438784,99.98259367942863,4.93312452483849,0.3666798622740117,139.01629961420105,143.94942413903954,99.75254116355624,100.11922102583026,false,true
50,20.0,157.65328188511086,99.71237493825488,6.592264193747042,0.5147403737240239,154.57877068014912,161.17103487389616,99.39121884652658,99.90595922025061,false,false
50,20.0,151.30334856749187,100.62715650267302,6.0398774994304745,0.4454699022689965,148.57839150146035,154.61826900089082,100.34960565126937,100.79507555353837,true,false
50,20.0,147.33953602630015,100.87760114213918,5.0690918087436785,0.40182284331490337,144.94266149612884,150.0117533048725,100.62284802940347,101.02467087271837,true,false
50,20.0,143.12175466805778,100.23658778606742,5.174227387477288,0.3727672382351557,140.714180536679,145.8884079241563,100.00647887127995,100.37924610951511,false,false
50,20.0,146.0618074388366,99.76655471087449,5.764867281231233,0.41724600990424676,143.35613916219984,149.12100644343107,99.4996302352485,99.91687624515275,false,false
50,20.0,150.0172672893704,99.7274701612707,5.299730610585556,0.4666958778284993,147.6197461226335,152.91947673321906,99.44044149121567,99.90713736904416,true,false
50,20.0,155.89590781736416,100.01360938951618,5.295265007221161,0.5176576770104191,153.5399340914597,158.83519909868087,99.68213390632637,100.19979158333679,false,true
50,20.0,153.46600109778024,100.81161215012033,6.581711145625263,0.46335953808053887,150.3280775619436,156.90978870756885,100.52061043392783,100.98396997200837,false,false
50,20.0,143.46910205303752,100.1457713543316,4.982464581729715,0.42683987516258526,141.11638440489247,146.0988489866222,99.87813256291616,100.30497243807875,false,true
50,20.0,149.81485673421776,99.71922733659488,4.908017436759565,0.4399935905222776,147.62519009147815,152.5332075282377,99.44636042008727,99.88635401060955,true,false
50,20.0,154.06603364259075,100.84277147871549,6.02585556601295,0.460787609594135,151.3464542741271,157.37230984014005,100.54602995789948,101.00681756749361,false,false
50,20.0,155.48389721233127,99.756989090448,5.039330964481763,0.5153873683580059,153.15826559020863,158.1975965546904,99.43110130164987,99.94648867000788,false,false
50,20.0,134.9642723158775,100.50196755396622,4.39232846320246,0.30390527449482363,132.94995744226972,137.34228590547218,100.31068025019228,100.6145855246871,false,false
50,20.0,154.1449318360513,99.99575897351592,5.995874316463443,0.47283711970391096,151.43600080082,157.43187511728345,99.70157179457344,100.17440891427735,false,true
50,20.0,148.0899953669491,100.26349593828886,4.360092407881439,0.42748959257431807,146.09381273574755,150.453905143629,99.98329467510601,100.41078426768033,true,true
50,20.0,154.92381766072128,99.70893971881495,6.37008260880998,0.5343172406385861,151.86179064337804,158.23187325218802,99.37134264863508,99.90565988927366,false,false
50,20.0,146.8964435179788,99.75813403381969,5.242312671641571,0.42350742201938374,144.40531481059463,149.6476274822362,99.48410829213896,99.90761571415834,false,false
50,20.0,147.63880235763494,100.02308378149948,5.412271578428459,0.44214459324412303,145.1475518559011,150.55982343432956,99.7359167879123,100.17806138115643,true,true
50,20.0,152.12980923180749,100.52410864720184,5.771200462762721,0.4724408504958433,149.56109754811158,155.3322980108743,100.22307858408136,100.69551943457721,true,false
50,20.0,145.23925393237255,99.93097327666125,5.420361539637412,0.40425022530000376,142.73312146028488,148.1534829999223,99.67533719370417,100.07958741900417,false,true
50,20.0,151.97660323990812,99.84123802345242,4.770072794619125,0.4304751112943279,149.8525015262548,154.62257432087392,99.5723505176489,100.00282562894323,true,true
50,20.0,149.2155592091528,100.02506117878698,5.5994539290294085,0.42069856591997734,146.70280199175937,152.30225592078878,99.76232071403648,100.18301927995645,true,true
50,20.0,146.93395380285347,100.12642975554219,5.799884228210203,0.4016648338698161,144.27305239691592,150.07293662512612,99.87311850822016,100.27478334208998,true,true
50,20.0,150.8120280206322,99.80987600417996,5.35842320673467,0.46580650865165296,148.18356073164395,153.54198393837862,99.51671118721131,99.98251769586297,true,false
50,20.0,154.43196820194788,99.84515343462822,5.963184207605707,0.4813233057243309,151.77495433814977,157.73813854575548,99.53367358496737,100.0149968906917,false,true
50,20.0,150.423333980397,99.82230155303569,4.2426213151343575,0.4453888378879185,148.60887905256814,152.8515003677025,99.54200546878224,99.98739430667015,true,false
50,20.0,144.40901394578827,100.17524682763495,4.60454700068729,0.38472279962195444,142.26041952248067,146.86496652316796,99.9343469923832,100.31906979200515,false,true
50,20.0,149.26624769038534,100.02699209026872,5.552726922353145,0.43688263982618025,146.72057122515542,152.27329814750857,99.75160005651965,100.18848269634583,true,true
50,20.0,150.7858899083716,99.83223828571093,4.475571278149573,0.4813826998431381,148.80431211283968,153.27988339098926,99.53035420764326,100.0117369074864,true,true
50,20.0,153.3948133056001,100.12623780976381,6.05440607468455,0.5009194656876303,150.53075022123613,156.58515629592068,99.81328645113393,100.31420591682156,false,true
50,20.0,143.74769094468795,99.8386045539053,4.612638953618443,0.4221385020346986,141.63323427891993,146.24587323253837,99.5598493750842,99.9819878771189,false,false
50,20.0,139.12178198149772,99.95351433075113,4.736166168787122,0.33354474047914096,136.9734723246429,141.70963849343002,99.74266766796423,100.07621240844337,false,true
50,20.0,148.82861627407237,100.0109078079177,5.582194214532109,0.4391138534942485,146.2024460575635,151.7846402720956,99.73505958979857,100.17417344329282,true,true
50,20.0,154.1332803390275,99.99384380155263,6.061105795316649,0.4928101316120035,151.46217865986804,157.5232844551847,99.68259679326617,100.17540692487817,false,true
50,20.0,145.80386920187848,99.9144176732978,5.691011760042443,0.4218241399430127,143.07006828201847,148.7610800420609,99.64372523105598,100.065549370999,false,true
50,20.0,143.71214835237683,99.88554124465557,4.5059657694169175,0.3981875813500295,141.61425344690167,146.1202192163186,99.63048623065677,100.0286738120068,false,true
50,20.0,144.43124057058225,99.94415655708488,5.1087094219466564,0.39666643026382076,142.14407055299273,147.2527799749394,99.69283582653898,100.0895022568028,false,true
50,20.0,153.08406778833378,100.15035150135046,5.036273277427398,0.4873078237516779,150.8171197145159,155.8533929919433,99.84501260794619,100.33232043169787,false,true
50,20.0,146.61541265441335,100.02901749486482,4.5811371766518505,0.44491882829041174,144.6070653062709,149.18820248292275,99.74481298110143,100.18973180939184,false,true
50,20.0,155.50562181136354,99.85189091944629,6.354886121325876,0.4886598885812816,152.65215539317018,159.00704151449605,99.54003983874237,100.02869972732366,false,true
50,20.0,152.06712589989593,99.96985854167377,5.918669807677702,0.47485726131097294,149.31886305885104,155.23753286652874,99.6706773442973,100.14553460560828,true,true
50,20.0,150.6633970486235,100.04263310297344,5.617607831541562,0.44258946046201686,148.02108203887101,153.63868987041258,99.76690888540142,100.20949834586344,true,true
50,20.0,152.16546619710022,99.94733740100313,5.450081783531914,0.4565308597484403,149.68039331225594,155.13047509578786,99.65959072645497,100.1161215862034,true,true
50,20.0,150.08750159229209,99.81526078418932,5.670328301216443,0.43329184710601965,147.5588257811016,153.22915408231805,99.54536704252871,99.97865888963473,true,false
50,20.0,151.1478319461644,99.75200148036215,5.895683963674514,0.4569165050086639,148.2947219458824,154.19040590955692,99.4600213101173,99.91693781512596,true,false
50,20.0,151.5790331939906,100.65844343778693,6.16794192526703,0.44597433717187585,148.5534326981492,154.72137462341624,100.38005831462138,100.82603265179326,true,false
50,20.0,150.15204292695893,99.75299481501095,5.263908266377683,0.41387865643066846,147.8143997226155,153.07830798899317,99.493894985064,99.90777364149467,true,false
50,20.0,156.23736518795698,100.59609186434399,6.544479827873431,0.48863895995350504,153.13053091862855,159.67501074650198,100.29218684142963,100.78082580138313,false,false
50,20.0,150.32246615144805,100.22647140395514,4.459310180121008,0.4536081607772644,148.34788183441952,152.80719201454053,99.93932520465037,100.39293336542764,true,true
50,20.0,156.92073085016654,100.41269084194911,6.32640228717537,0.5221311590992315,154.00456230755373,160.3309645947291,100.07919112057476,100.601322279674,false,false
50,20.0,151.64447443341126,100.49433740797386,6.2064595301812915,0.49008270398930165,148.80866628270087,155.01512581288216,100.18166442030683,100.67174712429613,true,false
50,20.0,149.43229454859994,99.72555083686912,5.50844308203861,0.4520562598519007,147.0062221337018,152.51466521574042,99.44228374247186,99.89434000232376,true,false
50,20.0,148.46381762136326,100.38027379912289,4.242880861780833,0.43002751443015086,146.63097522334425,150.87385608512508,100.11618770063953,100.54621521506968,true,false
50,20.0,148.99597724420528,100.64701607258519,4.061348607849709,0.45086639985454724,147.25320418726912,151.31455279511883,100.36545908807368,100.81632548792822,true,false
50,20.0,155.6993552472601,99.84694292978119,6.449273337857846,0.4860104706482673,152.72747896172854,159.17675229958638,99.54500567529873,100.03101614594699,false,true
50,20.0,150.96298285465156,101.28466707158003,5.454240826798241,0.45163079871332457,148.47274417627798,153.92698500307623,101.00766547147153,101.45929627018485,true,false
50,20.0,149.14376722401138,100.7909533287118,4.697385382151282,0.424835732875664,147.016637090405,151.71402247255628,100.5229784661089,100.94781419898456,true,false
50,20.0,140.86027859417987,99.88628593583903,4.877749567400571,0.3584622319740163,138.6725740455942,143.55032361299476,99.66042238908747,100.01888462106149,false,true
50,20.0,155.16818741313668,99.80861362950546,5.603990637839445,0.4738543455392801,152.61631657125128,158.22030720909072,99.50499175970023,99.97884610523951,false,false
50,20.0,146.9406948194184,99.82026440254839,4.842750836912444,0.43494577252037914,144.8219042453899,149.66465508230235,99.54597782664706,99.98092359916744,false,false
50,20.0,149.7180758305037,99.81522124055851,5.844065981037801,0.4261714212125156,147.11532580627775,152.95939178731555,99.55074986732645,99.97692128853896,true,false
50,20.0,149.1152956107141,99.9994443231367,5.360551064742367,0.4777784078658982,146.57391118598855,151.93446225073092,99.69118826326377,100.16896667112967,true,true
50,20.0,147.31345184845188,101.00964534467059,5.469347307470514,0.42402999218981563,144.78929245650392,150.25863976397443,100.74133874764195,101.16536873983176,true,false
50,20.0,157.4163317887357,99.6848422824446,5.974003742464447,0.5151471264398282,154.69132488677712,160.66532862924157,99.35494410358996,99.87009123002979,false,false
50,20.0,148.5467549096759,99.72158138208574,6.051859415557487,0.4402857566752374,145.81611505551246,151.86797447106994,99.44715911077711,99.88744486745234,true,false
50,20.0,145.79555757161143,100.083444299815,5.413508980594827,0.4192523246573501,143.41256448401649,148.8260734646113,99.8156539201018,100.23490624475915,false,true
50,20.0,148.21147072005613,101.11966668337476,5.03398378365651,0.4211235455022262,145.8567599605362,150.89074374419272,100.84912063706744,101.27024418256967,true,false
50,20.0,151.29835936864788,99.74083625077185,4.610968394324971,0.47453188155228077,149.29719878438976,153.90816717871473,99.43880983468534,99.91334171623762,true,false
50,20.0,154.65005581697156,100.44130200421168,6.704261521898104,0.47908232442802046,151.54853241281882,158.25279393471692,100.13847827080373,100.61756059523175,false,false
50,20.0,152.0353575230397,99.94415456283595,5.455604213216986,0.48124639783625867,149.53095366488367,154.98655787810065,99.63858234549795,100.11982874333421,true,true
50,20.0,150.10054104617726,99.94613753836954,5.613996470458062,0.43928470996605995,147.5083301211502,153.12232659160827,99.67288659439805,100.11217130436411,true,true
50,20.0,154.74754285608506,99.751626993567,5.941377848295929,0.4827013840672407,152.05887432147384,158.00025216976977,99.44890478921525,99.93160617328249,false,false
50,20.0,153.51081805680792,99.90333698008538,4.738152929507521,0.47875054332308764,151.34125072307484,156.07940365258236,99.59979851840836,100.07854906173145,false,true
50,20.0,156.0177396551537,100.06384461927442,5.545090071610758,0.49583826066754,153.54017472851382,159.08526480012458,99.74779066309154,100.24362892375908,false,true
50,20.0,147.09801649695981,100.05798965639059,5.414813819030968,0.45385737782468993,144.6112457400345,150.02605955906546,99.77073893442167,100.22459631224636,true,true
50,20.0,147.0244298174357,99.80392469667906,5.91519664590993,0.46416911529225047,144.21533689368337,150.1305335395933,99.51289222055794,99.9770613358502,true,false
50,20.0,149.5152490428703,99.72708683205957,6.102154512518666,0.4451281978931547,146.77050074311398,152.87265525563265,99.45219794263977,99.89732614053293,true,false
50,20.0,146.60910228435,100.11927921480012,5.2490850141381316,0.3974350259518644,144.21776097006457,149.4668459842027,99.86981160179214,100.267246627744,false,true
50,20.0,146.58092902766717,100.11080998871657,4.556950304947151,0.4209361692842464,144.47088689515235,149.0278372000995,99.84548772897287,100.26642389825712,false,true
50,20.0,152.13292468979677,99.92131620578269,5.415205887322685,0.4626810815907447,149.69526189304085,155.11046778036354,99.6273156403123,100.08999672190305,true,true
50,20.0,150.3683930924865,99.90308578749483,5.86660877348686,0.4502818379672817,147.71934924088367,153.58595801437053,99.61505217485029,100.06533401281757,true,true
50,20.0,150.46602441400407,99.91776422782084,4.873741275274597,0.472260650437093,148.36605429035598,153.23979556563057,99.62124616485528,100.09350681529237,true,true
50,20.0,150.91900861964223,101.16061493695435,5.3256195076278345,0.43187214758754067,148.45115214051802,153.77677164814585,100.88706331118456,101.3189354587721,true,false
50,20.0,146.24895874877507,99.77086292248612,5.544862292104426,0.4149410910747946,143.72864479812776,149.2735070902322,99.50532080159454,99.92026189266933,false,false
50,20.0,152.5195259218453,100.25055057905527,5.689681497371367,0.4459535659091216,149.88613320081978,155.57581469819115,99.96344961739413,100.40940318330325,true,true
50,20.0,151.27956661063322,99.84385764854787,4.953035188243945,0.45589183201884964,149.17085380604567,154.12388899428962,99.55377324583336,100.0096650778522,true,true
50,20.0,150.27024275429125,99.92109982472218,6.163751718591186,0.4416792699537666,147.3741099981729,153.5378617167641,99.64589703041642,100.08757630037019,true,true
50,20.0,149.58972523605945,100.34485982306326,4.331140543004722,0.4429130787267468,147.72758236202694,152.05872290503166,100.06403263284396,100.50694571157071,true,false
50,20.0,154.06622663626905,101.02194792862258,6.141557717267801,0.4758610712427611,151.32776694067223,157.46932465794004,100.72073694589517,101.19659801713793,false,false
50,20.0,154.23737065469223,99.8720351895652,6.449769242149841,0.49059534929017445,151.20760443074482,157.65737367289466,99.55960298882604,100.05019833811622,false,true
50,20.0,149.6549343894393,99.84012987020736,5.6827344719207815,0.438801096302484,146.937711775648,152.6204462475688,99.55975410179697,99.99855519809945,true,false
50,20.0,146.1658370569678,100.01693693694477,4.9137328086099785,0.39556333926168463,143.9125889059551,148.82632171456507,99.76608088425235,100.16164422351403,false,true
50,20.0,149.31048135570973,100.43961347578247,5.758708019194955,0.42399298509060657,146.56780637585675,152.3265143950517,100.17174811489542,100.59574109998603,true,false
50,20.0,153.06948180444022,100.1473672367396,5.468925684640482,0.4497635770265731,150.60758898019853,156.076514664839,99.86151830966402,100.3112818866906,false,true
50,20.0,153.4700959401829,99.814205497998,6.7007728513986535,0.4662209637630639,150.43442842551667,157.13520127691532,99.52356155602885,99.98978251979192,false,false
50,20.0,145.52124351432752,99.8746564577381,5.064193407358573,0.41881389200931096,143.22427453788373,148.2884679452423,99.6089581250329,100.02777201704221,false,true
50,20.0,146.81532611081974,100.06834295719173,6.206954031927182,0.4404919495821815,144.06275372566353,150.2697077575907,99.79227699313957,100.23276894272175,true,true
50,20.0,149.8964052662587,100.06148858954532,6.439992577398385,0.44443382428210043,146.91569112203493,153.3556836994333,99.7786325079108,100.2230663321929,true,true
50,20.0,144.01802917588464,99.74301074634576,5.160794443053533,0.4166545745199812,141.600789991689,146.76158443474253,99.48205766958787,99.89871224410786,false,false
50,20.0,149.8628314054345,99.85990453738168,5.221987216816615,0.4223201766831295,147.4942938120708,152.7162810288874,99.59420192251582,100.01652209919895,true,true
50,20.0,146.9441147589703,99.85519659661237,5.778677815016181,0.451700118596591,144.25988215286344,150.03855996787962,99.56205197670312,100.01375209529971,true,true
50,20.0,150.91017758416922,100.07432592336306,6.250251117457793,0.46408661919772953,148.15005752120643,154.40030863866423,99.78217338453464,100.24626000373237,true,true
50,20.0,147.82227043511716,100.15295417088905,5.040124867759829,0.4332648613776655,145.59792903384334,150.63805390160317,99.88259128523424,100.3158561466119,true,true
50,20.0,152.21828912395648,100.05366702866063,5.2552027623895015,0.4907711684307685,149.86841490512,155.1236176675095,99.74667294248368,100.23744411091445,true,true
50,20.0,146.08621205077816,100.1070908813968,5.822414993493226,0.41407385944759767,143.41982875063752,149.24224374413075,99.84227173320994,100.25634559265754,false,true
50,20.0,154.48873759308643,99.97522395307803,5.7795231438285555,0.5180664388720828,151.92311085620463,157.70263400003319,99.65685342510635,100.17491986397843,false,true
50,20.0,152.3851443113196,100.34570438334227,4.908750895661882,0.4472984243736988,150.14705633108423,155.0558072267461,100.06598763253027,100.51328605690397,false,false
50,20.0,148.84265921951032,100.79480847172759,4.486933140732674,0.4341018396437164,146.91022832042194,151.3971614611546,100.52774240359562,100.96184424323934,true,false
50,20.0,143.26874313032573,100.44510628699172,5.385264769836311,0.3980918913101874,140.67660269647905,146.06186746631536,100.19241310764602,100.5905049989562,false,false
50,20.0,155.57998759447275,99.75132469057087,6.3997342504270875,0.4815875651121502,152.55725189512023,158.95698614554732,99.44856826929473,99.93015583440688,false,false
50,20.0,145.98416168004596,99.84812630666374,5.971035987180386,0.399179372072453,143.24711853274303,149.21815451992342,99.59306714579981,99.99224651787226,false,false
50,20.0,150.59880233890186,100.09688028013754,5.57929757528629,0.45892812147177153,148.1485764030321,153.7278739783184,99.8082363760408,100.26716449751257,true,true
50,20.0,148.68069748678008,100.10184754756912,5.663192253889605,0.4393722886012199,145.92751785074196,151.59071010463157,99.82391738211643,100.26328967071765,true,true
50,20.0,151.6486736543168,99.69602399636585,5.782719231516268,0.4740856478216102,148.9866962349044,154.76941546642067,99.40339513382801,99.87748078164962,true,false
50,20.0,150.612535970621,100.02313132469173,6.075550801623677,0.44530298618872166,147.8646824134316,153.9402332150553,99.74535760096788,100.1906605871566,true,true
50,20.0,147.41649047480306,100.05875177672925,4.692210019172052,0.42843594433627175,145.41638470892553,150.1085947280976,99.78855826644106,100.21699421077733,true,true
50,20.0,154.27031929518523,99.75414044197562,5.719456060186161,0.5024381424375122,151.62522023719708,157.34467629738324,99.42994241243079,99.9323805548683,false,false
50,20.0,151.18498321018788,100.10486371182427,6.16556707168499,0.45005023117467147,148.28063331763852,154.4462003893235,99.81941187582593,100.2694621070006,true,true
50,20.0,157.0769866661488,99.69142100559625,6.422502220190722,0.5124848693586301,154.12885350041427,160.551355720605,99.35815852276767,99.8706433921263,false,false
50,20.0,151.9315755019238,100.61364512843637,5.942160722603887,0.44968508057502277,149.2369310537728,155.17909177637668,100.3326638331657,100.78234891374072,true,false
50,20.0,144.58703243460062,100.15236523802923,5.395215727959027,0.37544849814271686,142.1111292137682,147.50634494172724,99.91487150464414,100.29032000278686,false,true
50,20.0,146.81754001461758,99.86678720277321,4.7047765396510215,0.4161447106452556,144.6894901651666,149.39426670481762,99.60185390990773,100.01799862055299,false,true
50,20.0,139.9900680138241,100.78616768362215,3.939894390651375,0.34450363382224225,138.31700253404438,142.25689692469575,100.56444960278203,100.90895323660428,false,false
50,20.0,155.1038634371252,99.70250916002405,6.1627929309026115,0.4952835800436901,152.19421958378194,158.35701251468456,99.39443267706504,99.88971625710873,false,false
50,20.0,140.38248102926957,99.90364555049644,4.244494595048479,0.34201196632926667,138.47294718670892,142.7174417817574,99.69218561443078,100.03419758076005,false,true
50,20.0,154.80376746116167,99.95287210216284,6.15485249550531,0.5009473005431033,151.934437939566,158.08929043507132,99.64331527652752,100.14426257707062,false,true
50,20.0,145.67184576645076,99.86699611115374,5.049437692968695,0.3881857577151351,143.33674868983076,148.38618638279945,99.6220741671232,100.01025992483834,false,true
50,20.0,158.65567199325602,100.03074658966332,7.087250519227837,0.5420763584846497,155.3125908172946,162.39984133652243,99.68915206059674,100.23122841908139,false,true
50,20.0,152.76414187629518,99.90603968955149,5.365474700178368,0.45649504909671634,150.27873744908018,155.64421214925855,99.61348833618169,100.0699833852784,false,true
50,20.0,152.93398242415822,99.71723160816421,5.23488328332752,0.46032654406438667,150.5840723703302,155.81895565365772,99.42721360566044,99.88754014972483,false,false
50,20.0,139.72489323280774,100.02501369081574,4.709272172350779,0.36241155852083295,137.57730753901458,142.28657971136536,99.79282281420114,100.15523437272198,false,true
50,20.0,143.77343324911936,100.2796715515599,5.307405143362757,0.40067726121249336,141.40900342701798,146.71640857038074,100.02410324764443,100.42478050885693,false,false
50,20.0,152.20709775358722,99.88598871713617,5.886346657648147,0.4796473962566239,149.5837931832718,155.47013984091996,99.57867477949662,100.05832217575325,true,true
50,20.0,148.27207062712705,99.78871861217598,5.260003230411513,0.42524866463357114,145.86093780631893,151.12094103673044,99.51650169126873,99.9417503559023,true,false
50,20.0,154.05401262635493,99.70114513231565,7.01231100126526,0.47782808157022316,150.75735105540176,157.76966205666702,99.40219052872375,99.88001861029397,false,false
50,20.0,149.48381847548401,100.29597572084728,5.021458757330976,0.4268381673724946,147.24570679140993,152.2671655487409,100.0272200859851,100.4540582533576,true,false
50,20.0,147.6561797301182,101.57756167646524,5.691991153263189,0.3747314315913286,144.99490661418966,150.68689776745285,101.34718591858118,101.7219173501725,true,false
50,20.0,145.01524636906097,99.9039263365253,4.912611072600953,0.3848738223706505,142.77822451613247,147.69083558873342,99.65644539352374,100.04131921589439,false,true
50,20.0,151.05897922398879,99.75651372093049,4.664032859968614,0.44658674328762515,148.99599876869405,153.66003162866267,99.48100314985257,99.9275898931402,true,false
50,20.0,148.12801168389188,99.78943359915667,5.641404601163288,0.4118551724310038,145.50148873061477,151.14289333177805,99.53185559489386,99.94371076732486,true,false
50,20.0,153.866966831218,99.72634965969894,6.098356481758003,0.48206021681136235,151.09002407071898,157.18838055247699,99.41639624032446,99.89845645713582,false,false
50,20.0,146.63260361270608,100.26478880277753,5.0463654168560765,0.37999624802343135,144.31861601310897,149.36498142996504,100.02629682486273,100.40629307288616,false,false
50,20.0,149.5348797917145,100.8653657756092,5.347317931307657,0.40924565069518337,147.07963228034774,152.4269502116554,100.60426383998362,101.0135094906788,true,false
50,20.0,150.57086032902305,100.66094218157808,5.103464066035571,0.45899320856794645,148.2483314346814,153.35179550071697,100.36742738544031,100.82642059400825,true,false
50,20.0,144.7002918117065,100.36566484352053,5.310582840968436,0.37227549689971795,142.26769494769377,147.5782777886622,100.1352102331859,100.50748573008562,false,false
50,20.0,154.59261260145797,100.2448533661097,6.4476369857584075,0.5237211332183023,151.60796463998236,158.05560162574076,99.90788018435791,100.43160131757621,false,true
50,20.0,150.80107759003016,99.79757529420934,6.093513671696741,0.44688635618761907,147.8898154234737,153.98332909517043,99.51599302524576,99.96287938143338,true,false
50,20.0,151.23460080737027,100.04166150044459,4.41051029793212,0.42810258566738923,149.25014043782372,153.66065073575584,99.7750909143673,100.20319350003469,true,true
50,20.0,151.9720769069749,100.88250069492649,5.345342378260426,0.45187375520671935,149.54871383208732,154.89405621034774,100.58880811568929,101.04068187089601,true,false
50,20.0,147.22950471258918,99.7865985041382,5.55533221084093,0.4039551634564589,144.59431291294948,150.1496451237904,99.52990313589723,99.93385829935369,true,false
50,20.0,144.55682341846287,101.21244573220287,5.305695341757058,0.3920301791398373,142.1863774020179,147.49207274377497,100.962797317422,101.35482749656184,false,false
50,20.0,144.64040564727895,100.09246846352691,4.905994087749065,0.3901679066702002,142.33034016237474,147.2363342501238,99.85089650091271,100.24106440758291,false,true
50,20.0,148.12103578993498,99.7509848988924,5.068171028527956,0.4574316769694633,145.86760740582582,150.93577843435378,99.46122329792401,99.91865497489347,true,false
50,20.0,149.989419356879,99.75440451428042,6.018970349278504,0.45619784773222705,147.14431965007293,153.16328999935143,99.46518810331105,99.92138595104328,true,false
50,20.0,143.74364433712347,100.03411110214324,5.135451047036838,0.3944627849296154,141.41876753676667,146.5542185838035,99.79244672854034,100.18690951346996,false,true
50,20.0,151.8976624450163,99.70099597514107,4.932495056362967,0.47028277379160954,149.6866550818017,154.61915013816466,99.40610404831568,99.87638682210729,true,false
50,20.0,149.06579334932326,100.04400391618253,5.0549413520161295,0.4427070845066652,146.74538549763506,151.80032684965119,99.76157959195237,100.20428667645903,true,true
50,20.0,154.75960535858695,99.71938796409825,6.514480391481783,0.4868722859000343,151.79988824196337,158.31436863344516,99.409678488439,99.89655077433903,false,false
50,20.0,150.9974594388894,100.17050982242023,5.779757104814678,0.46591607646932687,148.31101723126272,154.0907743360774,99.87871064178375,100.34462671825308,true,true
50,20.0,148.01356126015813,100.93695062527524,4.206392221680289,0.4149238002781459,146.16386072345645,150.37025294513674,100.67346984914809,101.08839364942624,true,false
50,20.0,152.5617574580928,100.01336251112096,5.9191580021426375,0.4750465849331249,149.87153808174207,155.7906960838847,99.70414743396145,100.17919401889458,true,true
50,20.0,149.33572299579532,99.87049254036769,5.505742040638296,0.42329276208783995,146.84481267002272,152.35055471066102,99.60197429359876,100.0252670556866,true,true
50,20.0,148.13668099820984,99.79232821245571,5.307411539952682,0.41864532119721787,145.73677455359712,151.0441860935498,99.5291126803316,99.94775800152881,true,false
