ndata,sigma,theta1_median,theta2_median,theta1_iqrs,theta2_iqrs,quartiles1_1,quartiles3_1,quartiles1_2,quartiles3_2,theta1_coverage,theta2_coverage
10,20.0,144.43207953883248,99.33274949237361,12.785347377742966,2.2508397181831583,138.99371559982245,151.77906297756542,97.85897424137714,100.1098139595603,true,true
10,20.0,149.63792219530063,98.58278617981865,12.84218313946542,2.4038138123631256,144.00181533497243,156.84399847443785,97.05625495700426,99.46006876936738,true,false
10,20.0,142.70387634717088,100.11087452164821,11.974345451609764,1.944275903102266,137.49051971753536,149.46486516914513,98.9063088301306,100.85058473323286,false,true
10,20.0,161.6361959121873,99.9229988577796,12.788784850443164,2.881253946436928,156.15541178728907,168.94419663773223,98.06412149305481,100.94537543949174,false,true
10,20.0,158.99710044639193,99.34222531689949,11.601693812532488,2.877379944702213,154.14281027787402,165.7445040904065,97.54441695343375,100.42179689813597,false,true
10,20.0,145.15892826046587,99.97611533190063,13.124638545350308,2.0921765391804428,139.25591972887077,152.38055827422107,98.63577413824416,100.7279506774246,true,true
10,20.0,152.75310719061838,98.99715263434331,12.672731986674393,2.5904449756553305,147.29145656609182,159.96418855276622,97.26981892369373,99.86026389934906,true,false
10,20.0,149.94053027627476,101.27559194026375,13.748244371088703,2.301281710906906,143.81622919575935,157.56447356684805,99.78582396797835,102.08710567888525,true,true
10,20.0,152.19110358835064,99.7804281223378,12.681027366892579,2.486107138545492,146.46728273539776,159.14831010229034,98.1861926261579,100.6722997647034,true,true
10,20.0,138.95357782617702,103.6206823681749,11.466614867268163,1.6046518803265712,133.9625056515132,145.42912051878136,102.58803161612889,104.19268349645546,false,false
10,20.0,155.5047077740535,99.59726359492781,13.650809782935028,2.5817737587523055,149.60762621607478,163.2584359990098,97.95829397140355,100.54006773015585,true,true
10,20.0,155.1572226410895,100.16862467887246,12.583759043319787,2.5124201891797497,149.2561470725067,161.8399061158265,98.60627667763112,101.11869686681086,true,true
10,20.0,156.61177242536633,100.15383442739456,13.279949853705574,2.794018540522572,150.65516951831603,163.9351193720216,98.38457343387131,101.17859197439388,false,true
10,20.0,143.01730566138025,99.77207683360956,12.739992553575746,1.9379009497500732,137.67261987855014,150.41261243212588,98.53861951448934,100.47652046423941,true,true
10,20.0,146.5305605148752,101.52356635046684,11.661103832762308,2.1668995317759965,141.5577173145938,153.2188211473561,100.14005524918697,102.30695478096297,true,false
10,20.0,152.7999991598061,99.68391376603108,13.520139440478431,2.3737455179669524,146.76520453745437,160.2853439779328,98.17779773010449,100.55154324807144,true,true
10,20.0,159.22263478707413,101.62621846032269,12.398091150611862,2.790475881025486,153.94818187442604,166.3462730250379,99.83118836764828,102.62166424867377,false,true
10,20.0,149.18908969678455,100.21695907135702,12.89659438983395,2.2657159593542104,143.34716090884845,156.2437552986824,98.7618247632287,101.02754072258291,true,true
10,20.0,137.60441482342168,102.93920642909683,10.387798323944168,1.6025016044635834,133.0980099425999,143.48580826654407,101.94629771672354,103.54879932118712,false,false
10,20.0,143.2316472182957,105.10674330000725,11.438366954410043,1.8794433158358004,138.0226444880036,149.46101144241365,103.9243368298094,105.8037801456452,false,false
10,20.0,144.48250294513932,100.05455513882069,12.854950223605726,2.0308348090785415,138.86885005336205,151.72380027696778,98.76999329996853,100.80082810904707,true,true
10,20.0,147.2292954563605,98.64662455626483,10.750692788490596,2.3454619221533335,142.77868356923466,153.52937635772525,97.14174585494266,99.48720777709599,true,false
10,20.0,147.37222195127356,99.00043239556146,13.697486656592645,2.1246405394869328,141.21257777882218,154.91006443541482,97.65861621505456,99.7832567545415,true,false
10,20.0,156.62592641552976,98.91249658555677,11.551673971820236,2.594490075227057,151.64195657908868,163.19363055090892,97.26268048794088,99.85717056316794,false,false
10,20.0,154.52231918447268,99.63833829111313,11.137268728244237,2.502108432970161,149.78897647416076,160.926245202405,98.04349346620752,100.54560189917768,true,true
10,20.0,154.73459858635718,102.88811647286028,12.157608361273674,2.37201814303549,149.3820118703818,161.53962023165548,101.38098252909154,103.75300067212703,true,false
10,20.0,143.60335643486738,103.0224919676556,12.720858016601852,1.9294855702899696,138.18544849450555,150.9063065111074,101.78915018530027,103.71863575559024,true,false
10,20.0,147.98390492502432,100.51257894125783,13.113835156552199,2.176681926781356,142.07785025303926,155.19168540959146,99.12900822007856,101.30569014685992,true,true
10,20.0,144.51891193258325,98.81461665942194,13.315380825701851,2.1226431542420556,138.63467098824995,151.9500518139518,97.46288758826147,99.58553074250352,true,false
10,20.0,159.53814742770106,102.94349376868962,11.00078516089161,2.65573804570694,154.756962248782,165.7577474096736,101.18961158441334,103.84534963012028,false,false
10,20.0,157.52149102366673,98.64107932370408,12.630816745546241,2.835452895389139,152.0049499708091,164.63576671635533,96.83200414117346,99.6674570365626,false,false
10,20.0,141.37071394653793,100.73778230034345,13.0070913959417,1.8823335848660605,135.52139922281452,148.52849061875622,99.54231170921068,101.42464529407674,false,true
10,20.0,146.36359568049915,98.69150700259101,11.876119067397298,2.202469899048623,141.26425657133163,153.14037563872893,97.324755142224,99.52722504127263,true,false
10,20.0,144.71856025713544,100.97318848790812,13.039868034319568,1.9775897294158256,139.14271844165972,152.1825864759793,99.72090415328609,101.69849388270191,true,true
10,20.0,149.8061291208084,98.82915401416557,14.446027649895655,2.3681548544681164,143.1786291438953,157.62465679379096,97.33610518058688,99.704260035055,true,false
10,20.0,150.22472021868128,99.09461046764721,13.488356899158418,2.3592286384782,144.08975917638892,157.57811607554734,97.586271028593,99.9454996670712,true,false
10,20.0,139.74143356224238,102.95759175455368,12.024982309493396,1.7309306182266653,134.56872440583675,146.59370671533014,101.82675629083212,103.55768690905879,false,false
10,20.0,133.40204016954237,100.50215004623385,9.611792065757072,1.412809210871032,129.37222939276484,138.9840214585219,99.61765294433752,101.03046215520855,false,true
10,20.0,157.82338437496662,99.18722966669728,12.920478615996103,2.9317327707384777,152.05229070297855,164.97276931897466,97.29581981695227,100.22755258769075,false,true
10,20.0,153.54521057222354,98.55212330836835,12.975400980154944,2.511524085651317,147.9930724260044,160.96847340615935,96.93581903245489,99.4473431181062,true,false
10,20.0,162.14220027738804,98.58391360565693,12.950406613533517,2.8718362173855922,156.25053000152118,169.2009366150547,96.79598662547339,99.66782284285898,false,false
10,20.0,141.19878909446948,99.75106499370287,12.995435851699511,1.9226769527689385,135.8170187757552,148.8124546274547,98.5070322123942,100.42970916516313,false,true
10,20.0,135.6388937602682,100.91592650944571,10.98416717931741,1.6248052511828632,131.06260033852556,142.04676751784297,99.8881867957418,101.51299204692467,false,true
10,20.0,155.3893326965764,102.68277812995095,12.703527108045506,2.536309866719435,149.83781874650393,162.54134585454943,101.08276045477285,103.61907032149229,true,false
10,20.0,154.1644201028895,98.5024616541876,10.633029148499276,2.53707572496441,149.60811214435665,160.24114129285593,96.85362395689737,99.39069968186178,true,false
10,20.0,140.66023656271682,100.49381293007289,11.890094719422308,1.9522745905383942,135.39133441018495,147.28142912960726,99.240845565661,101.1931201561994,false,true
10,20.0,151.89333954492707,98.88696173837576,13.908544016511144,2.5945200933557118,145.9103147615477,159.81885877805885,97.2293302085202,99.82385030187591,true,false
10,20.0,154.8249607674411,99.0096184115852,13.398871111451001,2.382175653218127,148.62410867642723,162.02297978787823,97.49207815667307,99.8742538098912,true,false
10,20.0,150.6508115840823,100.81197324629017,11.928865593561227,2.19028221504189,145.36443580455756,157.29330139811879,99.43194903947092,101.62223125451281,true,true
10,20.0,139.99879120023775,100.74805113157534,12.502907518555986,1.8839156633140988,134.52202400389842,147.0249315224544,99.56571408083828,101.44962974415238,false,true
10,20.0,156.94372501228042,100.4239339852177,11.31290844357676,2.392286062082718,151.92219615956822,163.23510460314498,98.92383937959866,101.31612544168138,false,true
10,20.0,157.79415346217132,99.16855589414845,12.799193982327722,2.557950367198913,152.0369095633834,164.83610354571113,97.57954184143807,100.13749220863698,false,true
10,20.0,151.77327265525122,101.51899442222657,12.776483738454289,2.308163401595152,146.1964201427717,158.972903881226,100.04101187981593,102.34917528141108,true,false
10,20.0,140.9921363955378,106.17415748850534,11.632541757723658,1.831330789522255,135.96746218648127,147.60000394420493,104.98730123513583,106.81863202465809,false,false
10,20.0,155.1638037220254,100.82260023116977,12.56756329120293,2.575322209254395,149.74383609010476,162.3113993813077,99.17165476429311,101.7469769735475,true,true
10,20.0,159.98708124835258,102.1358911217985,13.370838465686035,2.6629139097959325,154.07334112518248,167.44417959086852,100.42559927883366,103.08851318862959,false,false
10,20.0,155.22971749619654,102.27532087511833,11.357097632788793,2.5363571469438284,150.4264770158182,161.783574648607,100.64705700054384,103.18341414748767,false,false
10,20.0,152.29785953611352,101.80845953538032,13.363075554207086,2.321032189906461,146.33879828353253,159.7018738377396,100.33982193685709,102.66085412676355,true,false
10,20.0,148.8171332611871,98.56100309189412,13.545254165762998,2.4472384272394407,142.98903167134398,156.53428583710698,97.02123564225478,99.46847406949422,true,false
10,20.0,157.32086855225236,99.0122958764494,14.313395204294409,2.6209449909313633,151.0174834203668,165.3308786246612,97.3312653224571,99.95221031338846,false,false
10,20.0,158.6973495692357,102.08380776657754,13.077026050000597,2.6606054439797617,153.02167398786742,166.098700037868,100.38642866461433,103.04703410859409,false,false
10,20.0,140.12035723403946,100.4066715214216,11.942836137020493,1.8870313053208463,134.8478407567689,146.7906768937894,99.24481654246785,101.13184784778869,false,true
10,20.0,151.35066697520767,100.4752994294547,14.446158872337548,2.327072649930173,144.94814774997056,159.3943066223081,98.98133042035066,101.30840307028083,true,true
10,20.0,147.24355461089542,102.96776626007755,12.645680435094476,2.209253318917945,141.61917318185564,154.26485361695012,101.52940414553314,103.73865746445108,true,false
10,20.0,146.17197590792995,100.42474564030715,13.06410664221903,2.0802209445020736,140.32361388794084,153.38772053015987,99.08245040909394,101.16267135359601,true,true
10,20.0,148.26984148947656,98.987176504319,12.741966181707085,2.270978851486177,142.76527197066972,155.5072381523768,97.53811879658852,99.8090976480747,true,false
10,20.0,128.02469509310274,99.43324630391633,10.688676510455593,1.4591613047688128,123.43398325131108,134.12265976176667,98.49487584490316,99.95403714967198,false,false
10,20.0,155.07429900240683,107.43059836148933,12.290696142614678,2.3357251393623386,149.85947854108494,162.15017468369962,105.93699537590933,108.27272051527167,true,false
10,20.0,143.09697455121722,101.58152403575642,12.155628099522062,1.8232276715122566,137.7316797842236,149.88730788374565,100.41042405681978,102.23365172833203,false,false
10,20.0,146.77600296703235,98.70290829405532,12.856592964922498,2.2519270480756006,141.25542723039504,154.11202019531754,97.2536240883863,99.5055511364619,true,false
10,20.0,155.840604306805,99.22368359915663,13.38827251574736,2.421509299341494,149.794278446715,163.18255096246236,97.68136631383506,100.10287561317655,true,true
10,20.0,141.12347252786,100.93314699207454,12.840321649987118,1.814264574077015,135.32685292573962,148.16717457572673,99.76082912854433,101.57509370262134,false,true
10,20.0,155.63674117791743,99.78606403951572,10.916516323828176,2.679961271776321,150.92694402300532,161.8434603468335,98.07047971841448,100.7504409901908,false,true
10,20.0,152.94012107592386,99.84429856516324,13.82425429010641,2.4984728041747104,147.03320393773015,160.85745822783656,98.29117744406187,100.78965024823658,true,true
10,20.0,141.7720356460042,102.52034846509127,12.284078976152585,1.8625273303347853,136.65329001322587,148.93736898937846,101.33494487431662,103.1974722046514,false,false
10,20.0,151.51751857796614,99.73517418632434,12.73990249542922,2.3598710773632092,145.8484591414152,158.5883616368444,98.29280748345317,100.65267856081638,true,true
10,20.0,152.52404205626618,99.13592636495466,13.652646187935346,2.4154603724081625,146.51775508558305,160.1704012735184,97.57765433319787,99.99311470560603,true,false
10,20.0,154.78223818217253,99.01461367624466,13.854544748026058,2.5966807615344436,148.83837401841652,162.69291876644257,97.3634396803059,99.96012044184035,true,false
10,20.0,147.1275143339426,102.0473098358278,13.18047801996596,2.1853003111805265,141.4549077496497,154.63538576961565,100.65417475252093,102.83947506370146,true,false
10,20.0,162.01701954804298,102.05380907136441,11.505363475175216,2.7669611355190398,156.94281790758467,168.44818138275988,100.29698362249756,103.0639447580166,false,false
10,20.0,155.30172731335915,102.38803940091609,11.010507669374903,2.577075776768723,150.78429186537565,161.79479953475055,100.73630447419981,103.31338025096854,false,false
10,20.0,130.7296880499745,99.40339994237817,11.11972473849066,1.3973791155439699,125.79393894091778,136.91366367940844,98.50549768160268,99.90287679714665,false,false
10,20.0,159.83607797566836,100.06626748467959,14.081452055542314,2.7683898507767566,153.4713762826298,167.5528283381721,98.31958639658939,101.08797624736614,false,true
10,20.0,144.9127784361367,98.99510231788713,10.755551569587652,2.158701080512202,140.1335599482103,150.88911151779794,97.58854913500424,99.74725021551644,true,false
10,20.0,156.25427993389638,102.174276991005,13.383160134737807,2.5094401204797663,150.08580022478483,163.46896035952264,100.56881084624796,103.07825096672772,false,false
10,20.0,150.82295524088417,98.79253960506392,13.200638211296905,2.4402413145072614,144.79858540359317,157.99922361489007,97.22996798673702,99.67020930124428,true,false
10,20.0,152.94428087681706,106.40136760340827,11.632654953546819,2.347918072824541,147.91015647173037,159.5428114252772,104.91576688436687,107.26368495719142,true,false
10,20.0,139.79248902765192,106.49733817854425,9.976981198747893,1.537321690115121,135.63267803838093,145.60965923712882,105.49223754487436,107.02955923498948,false,false
10,20.0,150.63847451420042,100.04941889308009,12.523551418173724,2.3426734285501,145.01419970473523,157.53775112290896,98.57256026923753,100.91523369778763,true,true
10,20.0,162.66507553711932,99.81949941042254,13.793232496340323,2.9247645321894566,156.41012072995508,170.2033532262954,97.97345891923743,100.89822345142689,false,true
10,20.0,149.91507775426,99.62291388080014,11.593217065868345,2.3277417341603552,144.97780162807507,156.57101869394342,98.1472110536167,100.47495278777706,true,true
10,20.0,148.5090405749957,100.71095891538558,12.164540361068077,2.2006171811303687,143.1687467466317,155.3332871076998,99.30456813918441,101.50518532031478,true,true
10,20.0,158.39349367433152,103.03841864449183,12.936676624123578,2.538568818597568,152.4066342355598,165.34331085968338,101.39996551133841,103.93853432993598,false,false
10,20.0,155.72644800341868,98.50231772087994,14.065036138931731,2.5218067342922836,149.204353849867,163.26938998879874,96.89089482620302,99.41270156049531,true,false
10,20.0,139.94025811826032,103.65384083781228,12.102723407808554,1.8020599314769186,134.690829986338,146.79355339414656,102.49151090918895,104.29357084066586,false,false
10,20.0,146.81450310772007,99.09720790543965,13.334091978843531,2.243394891362513,140.75303767817977,154.0871296570233,97.65386700013644,99.89726189149896,true,false
10,20.0,139.55055075317742,99.22468356243371,12.011488761074418,1.9892933018583392,134.30424790161555,146.31573666268997,97.96811424144097,99.95740754329931,false,false
10,20.0,155.95012453098275,100.26870373363093,12.685420574175595,2.636016539396863,150.43733491366262,163.12275548783822,98.61459569009091,101.25061222948777,false,true
10,20.0,138.3242535638247,100.71753234657461,12.35782915324694,1.768898161026712,132.91018501609574,145.26801416934268,99.58080896198258,101.3497071230093,false,true
10,20.0,159.23837578002508,100.10937349057463,12.749653905673796,2.7494502679568313,153.51788091148657,166.26753481716037,98.36520004488867,101.1146503128455,false,true
10,20.0,148.7289559765989,99.02358325003937,13.589408815285964,2.319696182118747,142.74855383154315,156.3379626468291,97.545574747502,99.86527092962075,true,false
10,20.0,150.0153589682498,99.69562868118433,12.095186203619363,2.2683614617700982,144.64150492490248,156.73669112852184,98.28669889842433,100.55506036019443,true,true
10,20.0,146.17061561263216,100.3896226510519,12.935310628126615,2.2421999567205972,140.63717778138505,153.57248840951166,98.9529856293621,101.1951855860827,true,true
10,20.0,156.9691784181869,99.06312399111276,12.815647833254161,2.7332158598551644,151.35395645774622,164.16960429100038,97.24077326458155,99.97398912443671,false,false
10,20.0,152.59920831828984,98.58408687746355,14.51143814414695,2.307477135360088,145.7247155260224,160.23615367016936,97.09832658721587,99.40580372257595,true,false
10,20.0,154.51307434336556,99.0268159047404,10.98315250793658,2.597930555197294,149.8796265680074,160.862779075944,97.41424769186986,100.01217824706715,true,true
10,20.0,133.75605431224898,100.20083599546271,12.126878955253574,1.509148068707674,128.37942418319278,140.50630313844636,99.22712140953354,100.73626947824121,false,true
10,20.0,146.9141721201243,99.56541871314647,13.150553117250013,2.2749145093364262,140.9149677443604,154.06552086161042,98.0904412166547,100.36535572599112,true,true
10,20.0,160.8997525906067,98.62170298686772,12.3998213177087,2.71266839684192,155.6308782121945,168.0306995299032,96.91576245174848,99.6284308485904,false,false
10,20.0,130.36136997217494,100.46162120422517,10.484905498948024,1.491664177303477,126.0936799630962,136.57858546204423,99.51123577015628,101.00289994745975,false,true
10,20.0,153.83010919652492,100.56068647346017,13.186670271564196,2.3692663887707113,147.8394933780833,161.0261636496475,99.02181192867283,101.39107831744354,true,true
10,20.0,153.1464403444315,103.08303733321313,11.908885802835982,2.35719865678152,147.9065821852415,159.81546798807747,101.58694005292008,103.9441387097016,true,false
10,20.0,153.42264883248473,99.73005118377033,12.993615723455548,2.415130383368691,147.71540004203067,160.7090157654862,98.1604365730568,100.57556695642549,true,true
10,20.0,163.18513465251044,101.0200201106422,12.722637262959722,2.6642011386932296,157.44245607048816,170.16509333344789,99.30797940657865,101.97218054527188,false,true
10,20.0,156.15233563790304,104.65498568182032,13.254762304001048,2.4227680697243983,150.25579479119548,163.51055709519653,103.13087921104893,105.55364728077333,false,false
10,20.0,135.7234501235811,99.03824550691039,10.110464936188947,1.669960445137221,131.35453017238717,141.46499510857612,97.9668330021139,99.63679344725112,false,false
10,20.0,146.65365589024762,100.98127291461904,13.428226739079065,2.140494155247538,140.62883340357962,154.05706014265868,99.5790122557317,101.71950641097924,true,true
10,20.0,140.4637115920757,100.44464780341944,12.088306889114847,1.9087303501584643,135.17820410236516,147.26651099148,99.21048879963712,101.11921914979558,false,true
10,20.0,146.3798532173362,99.8631571114187,11.9099897534646,2.2183264913208802,141.14999913379324,153.05998888725784,98.44885920785154,100.66718569917242,true,true
10,20.0,143.4387291615135,99.22198750901748,12.066299835685129,2.0485213020178037,138.1583031782307,150.22460301391584,97.89401987217455,99.94254117419236,true,false
10,20.0,162.4976747585408,100.87662467698382,12.565592569747366,2.9980996241318394,157.05721221667966,169.62280478642703,98.99612519889965,101.99422482303149,false,true
10,20.0,141.77474672904452,100.48842235043978,12.475826665747036,2.0041808819802895,136.46500904755368,148.94083571330071,99.21411759636186,101.21829847834215,false,true
10,20.0,144.7587490645675,101.35261170527838,13.712960157154242,2.0576458561346698,138.81564608299945,152.5286062401537,100.02886306470087,102.08650892083554,true,false
10,20.0,123.08571286713395,102.28438689424163,7.015513289986572,1.1382215624453238,120.36842482519954,127.38393811518611,101.5461321631457,102.68435372559102,false,false
10,20.0,156.72866759231982,99.06051431511307,12.335597361489022,2.5798096099665315,151.43931686358474,163.77491422507376,97.44624412604159,100.02605373600812,false,true
10,20.0,158.9490877151663,102.62566196468919,12.117738069890208,2.5632386694803415,153.82050132841167,165.93823939830187,101.00929892238867,103.57253759186901,false,false
10,20.0,154.32935711591034,103.38955353425139,12.851768003226198,2.3907574537985283,148.45711831310075,161.30888631632695,101.86047926669737,104.2512367204959,true,false
10,20.0,158.5550870339576,100.02084465159668,14.004072601182656,2.7388792876646306,152.41462895790926,166.41870155909191,98.23621285855123,100.97509214621586,false,true
10,20.0,147.26696539839307,101.35625445560505,11.552957969438864,2.0264907732790363,142.15785460405533,153.7108125734942,100.066438437288,102.09292921056704,true,false
10,20.0,139.00510147014785,100.14538335293207,12.253331862420282,1.8185912379911713,133.948493870488,146.20182573290828,98.96729981054817,100.78589104853934,false,true
10,20.0,152.0265816441333,99.37909702825166,13.20224105027421,2.4018382527690534,146.24627148067006,159.44851253094427,97.86309922194145,100.2649374747105,true,true
10,20.0,159.1768656452606,98.46830812573906,13.249273887602442,2.7900402163049165,153.33677746517105,166.5860513527735,96.69345160470063,99.48349182100554,false,false
10,20.0,144.24023701012493,100.82332742753371,13.419216143286292,1.9399083275146864,138.31929923301888,151.73851537630517,99.58601117290789,101.52591950042257,true,true
10,20.0,143.8131866311076,100.82910528835703,11.484241092905592,2.0584421735574097,138.9154797721496,150.3997208650552,99.54576109010095,101.60420326365836,true,true
10,20.0,162.8825139337585,99.17470340528371,13.323386305022268,2.8027816760330353,156.9071597639123,170.23054606893456,97.39745544496658,100.20023712099962,false,true
10,20.0,156.71800313641205,99.51483418636057,14.640642190846563,2.4002691823274347,150.05746211290665,164.6981043037532,97.97441403810048,100.37468322042791,false,true
10,20.0,139.2004233730883,101.87829270298292,11.52514170024645,1.7488244907457897,134.37970227306178,145.90484397330823,100.74129859689155,102.49012308763734,false,false
10,20.0,157.15904961968107,99.26061108340002,12.03405870085831,2.688809822979664,151.63335084362683,163.66740954448514,97.56783558467598,100.25664540765564,false,true
10,20.0,147.70756751645308,103.9724675498935,12.578397546799039,2.1354678173423878,142.23048474629795,154.80888229309699,102.58602344189984,104.72149125924223,true,false
10,20.0,156.0117262784902,99.5712468236054,13.157420670212275,2.51663514391106,150.03773543269085,163.19515610290313,97.98820712983375,100.50484227374481,false,true
10,20.0,153.48483848294285,101.51838455684269,13.198566361367682,2.3935271839161345,147.9107516226052,161.1093179839729,99.99684187722534,102.39036906114147,true,true
10,20.0,156.68169702782953,101.48513780479782,10.84790352192465,2.4618160092206693,151.85746192684928,162.70536544877393,99.93889090897633,102.400706918197,false,true
10,20.0,155.9687803477156,98.80442035237874,13.745183623507302,2.5241803190059784,149.75707977264904,163.50226339615634,97.21097853571223,99.73515885471821,true,false
10,20.0,150.99757825425627,99.04799909989848,14.050734210484421,2.446905957192854,144.357344896551,158.40807910703543,97.50291459677061,99.94982055396346,true,false
10,20.0,147.36389473963433,98.84995381773939,13.80654337305856,2.372487612478409,141.24354896855698,155.05009234161554,97.30899849900605,99.68148611148446,true,false
10,20.0,151.59702800837914,98.88539217575139,12.683898667094752,2.5012110599257227,146.05024977939186,158.7341484464866,97.2800835337269,99.78129459365262,true,false
10,20.0,160.0910887841149,98.33919200580033,13.817371426794864,2.8484275898398153,153.93196185547203,167.7493332822669,96.57243730570117,99.42086489554099,false,false
10,20.0,140.62226265058055,98.974881319361,12.041818038778786,1.8580082013632477,135.36298408242573,147.4048021212045,97.78992588490209,99.64793408626534,false,false
10,20.0,162.17735687580506,98.6258724325912,14.5171226553866,2.911817075140803,155.76165330436615,170.27877595975275,96.76635732905709,99.67817440419789,false,false
10,20.0,158.35226736976142,100.34845975271757,13.972937384236957,2.8055906361741165,151.83498609522692,165.80792347946388,98.5627782469956,101.36836888316972,false,true
10,20.0,158.46368640951476,101.05673290640388,13.413226430925732,2.4883827425999527,152.13192119302687,165.5451476239526,99.47700964832867,101.96539239092863,false,true
10,20.0,145.25289005165155,99.45432789208404,13.724572955912208,2.2937636002406947,139.39248008033582,153.11705303624802,97.98513697723205,100.27890057747274,true,true
10,20.0,142.61885744176533,99.04814659624955,13.777986378858003,2.004024163132442,136.75046546668491,150.52845184554292,97.74720126936052,99.75122543249296,true,false
10,20.0,149.2986197293355,98.6237549714823,13.310807821886243,2.348200369462589,143.33730885209798,156.64811667398422,97.11665651236898,99.46485688183157,true,false
10,20.0,156.854002991152,100.85909973268105,13.063452989673863,2.5199967006406325,150.8304841188815,163.89393710855535,99.25494377718178,101.77494047782241,false,true
10,20.0,154.58407060353903,98.43383374392147,11.777320182870056,2.507385979955231,149.60533488208264,161.3826550649527,96.86477300406038,99.37215898401561,true,false
10,20.0,145.62167250444972,101.59240165314353,13.876465168911096,2.1376461400779903,139.36669522961697,153.24316039852806,100.21894150872265,102.35658764880064,true,false
10,20.0,158.3600445691261,99.4915811650367,13.458912488769528,2.611839331925111,152.29030084937898,165.7492133381485,97.79037084685022,100.40221017877533,false,true
10,20.0,149.34102548017614,102.79548834070332,12.646640496009041,2.477140138506684,143.82528653667373,156.47192703268277,101.1878151637163,103.66495530222298,true,false
10,20.0,160.21045751971837,98.80143602039531,14.441849690762155,2.600982026194643,153.50527227238177,167.94712196314393,97.13143331840703,99.73241534460168,false,false
10,20.0,157.82324237364526,99.41461543052284,13.840865318350097,2.864151117784104,151.63441182144447,165.47527713979457,97.53673862414706,100.40088974193117,false,true
10,20.0,135.12306728039908,101.13760642418221,11.750473344478507,1.7159118750657711,129.97259462401286,141.72306796849136,100.0334935004425,101.74940537550827,false,false
10,20.0,156.06876858368162,100.90192997405947,13.79217429229729,2.4405273120291753,149.94372694856293,163.73590124086022,99.30912402691393,101.74965133894311,true,true
10,20.0,136.9800608967186,99.17160970878052,12.075213380994825,1.8926890253142403,131.61180450235784,143.68701788335267,97.97418668225512,99.86687570756936,false,false
10,20.0,156.22952709466375,101.50417131662974,13.730670020424157,2.5950497619191566,150.04714965143623,163.77781967186039,99.88547146660888,102.48052122852803,false,true
10,20.0,154.25148369789736,100.17881419994293,14.073373482841049,2.4572467412878325,147.98550751004836,162.0588809928894,98.62433459884761,101.08158134013544,true,true
10,20.0,144.4348877772827,104.7022507419868,10.996496469769625,2.0313677336040996,139.7997562863501,150.7962527561197,103.39826937838761,105.42963711199171,true,false
10,20.0,154.53955162592482,100.1727701876095,13.419149674646519,2.5908881147586698,148.50568409637316,161.92483377101968,98.49752612069643,101.0884142354551,true,true
10,20.0,155.74800448016188,98.56679797982883,13.473230462847567,2.619511790712238,149.62867361525238,163.10190407809995,96.89160429500878,99.51111608572101,true,false
10,20.0,149.6697092640809,99.27038448095414,12.603668790780375,2.3082288076119823,144.0342777807488,156.63794657152917,97.80185626820507,100.11008507581705,true,true
10,20.0,134.61817947110129,105.06304671826996,10.80570713264251,1.3871605807970866,129.9114278026425,140.717134935285,104.17806680087918,105.56522738167627,false,false
10,20.0,158.83054163485866,99.18834972993466,13.889628395478383,2.5209544977190745,152.36661089109515,166.25623928657353,97.60031703583279,100.12127153355186,false,true
10,20.0,154.54589682130654,99.65814144696462,13.870472966097282,2.433902792541133,148.09446493682884,161.96493790292612,98.09666493160782,100.53056772414895,true,true
10,20.0,163.29275263646804,98.69224388955777,13.6486629060594,2.9384678542577376,157.1706333106877,170.8192962167471,96.84984964119045,99.78831749544818,false,false
10,20.0,160.53050103239454,101.59525154745812,13.037540288996382,2.678243417200079,154.64318679902482,167.6807270880212,99.91290355232636,102.59114696952643,false,true
10,20.0,154.39083051181962,98.47773054018954,13.172429760222997,2.6026060568727445,148.5358482211526,161.7082779813756,96.86316283706087,99.46576889393361,true,false
10,20.0,147.35747963344588,102.20777841565635,10.6338620986906,2.177416496357367,142.85052264759025,153.48438474628085,100.8188466044451,102.99626310080247,true,false
10,20.0,156.30401019989034,98.54386115783547,12.030095328814724,2.672316588368858,151.14401650471584,163.17411183353056,96.82963803091913,99.50195461928799,false,false
10,20.0,151.78749236882138,99.1879764919693,13.174226950241632,2.420513106300149,145.75667613571375,158.93090308595538,97.59570202695414,100.01621513325429,true,true
10,20.0,150.8120029339325,98.72677671843257,13.692608219524772,2.4541528772503653,144.67343642256853,158.3660446420933,97.18489045218469,99.63904332943505,true,false
10,20.0,158.7155933951406,100.94070096015557,13.287086970123852,2.613318249618402,152.8529171400057,166.14000411012955,99.25677068894791,101.87008893856631,false,true
10,20.0,160.8110304316448,100.24742045363288,13.216854103945536,2.8614732121222204,154.94689385935382,168.16374796329936,98.43978207202241,101.30125528414463,false,true
10,20.0,159.7266047533088,102.68394359011029,12.305760648386382,2.7927680474479786,154.00503238497973,166.3107930333661,100.92106752112585,103.71383556857383,false,false
10,20.0,146.70102388557063,98.97181536481663,13.018813951744136,2.184228063504534,140.85053799409903,153.86935194584316,97.60202556051782,99.78625362402235,true,false
10,20.0,150.83793076884376,99.38371799956836,15.293510493447798,2.4076565768355778,144.26258234420533,159.55609283765313,97.80948330656454,100.21713988340012,true,true
10,20.0,158.6089357548473,99.96669547706816,12.353157174655252,2.807868389885215,153.01131730670238,165.36447448135763,98.17652192219114,100.98439031207636,false,true
10,20.0,145.84453488489416,99.87935326803935,13.301997613075457,2.2392031793330176,139.8984181890965,153.20041580217196,98.44822349097905,100.68742667031206,true,true
10,20.0,162.32782570699692,98.75065768542322,12.790771817175568,2.9436684547930554,156.65808922720768,169.44886104438325,96.83253679622209,99.77620525101514,false,false
10,20.0,144.26788355244003,102.97261469876567,12.071957249163603,1.9873423910092356,138.90762165859624,150.97957890775984,101.70533372166862,103.69267611267786,true,false
10,20.0,150.1121584485137,99.82943703488289,12.812696831074703,2.274936116238763,144.38200040672683,157.19469723780153,98.39900176823942,100.67393788447818,true,true
10,20.0,145.94892740540425,99.04134980996326,13.322588616515901,2.1463877267206755,139.90974718707372,153.23233580358962,97.67484148397794,99.82122921069862,true,false
10,20.0,155.10819021745522,100.1584489355427,13.595041905787895,2.7606635202528764,148.9577998499605,162.5528417557484,98.39854312541021,101.15920664566309,true,true
10,20.0,146.46071414205574,101.047499829792,11.091134816723155,2.1410482691208443,141.78522570181522,152.87636051853838,99.66064145162264,101.80168972074348,true,true
10,20.0,148.00687904863378,105.37827020023417,11.919807025008339,1.893464638912704,142.78233475425458,154.70214177926292,104.18288201240779,106.07634665132049,true,false
10,20.0,142.2375227324285,99.24446486924913,12.470730818233278,1.8462925611229366,136.83288625480597,149.30361707303925,98.07353903997083,99.91983160109376,false,false
10,20.0,138.94353692942266,99.60618765219864,13.541858547564459,1.947821082345584,133.06734957126224,146.6092081188267,98.35661816633142,100.304439248677,false,true
10,20.0,137.85419082039064,105.89851817880364,10.03177586108211,1.5813464261845098,133.6597385247427,143.6915143858248,104.85827386179518,106.4396202879797,false,false
10,20.0,142.57251356612852,104.29263973340272,11.236410858557974,1.771271394933379,137.97654045374452,149.2129513123025,103.15098909336132,104.9222604882947,false,false
10,20.0,164.74093508312777,102.14328549537542,13.616668293841343,2.9722656936810097,158.37724388485972,171.99391217870107,100.24468522978827,103.21695092346928,false,false
10,20.0,146.3227779164925,101.85899866052232,11.781550971647505,2.1102026488496506,141.070737349885,152.8522883215325,100.51044065919007,102.62064330803972,true,false
10,20.0,157.4781108690106,99.7593085034468,13.206747484785978,2.7036238386305342,151.47951396620306,164.68626145098904,98.0376965484424,100.74132038707293,false,true
10,20.0,137.38535659876646,100.39709549976928,10.161488822283928,1.9685870438342619,133.09514908478002,143.25663790706395,99.1286986120933,101.09728565592756,false,true
10,20.0,156.6510636598651,99.83580808505286,13.993634251712194,2.4758842226296167,150.2777178992742,164.2713521509864,98.27151737457078,100.7474015972004,false,true
10,20.0,158.603782720125,102.1283021794795,12.668064015978103,2.6635969942245055,153.07369263559127,165.74175665156937,100.40016412040387,103.06376111462838,false,false
10,20.0,140.03414275154927,99.23591978208938,12.103032822395477,1.929165480863972,134.75188561231923,146.8549184347147,97.97442745038722,99.9035929312512,false,false
10,20.0,151.9820454053651,98.90513581812418,12.726375830491179,2.556973374189866,146.3624550890974,159.0888309195886,97.29629783624402,99.85327121043389,true,false
10,20.0,159.23455197768416,99.96485071559782,14.355841652737979,2.8435413183129867,152.7433360273622,167.09917768010018,98.13145472329865,100.97499604161163,false,true
10,20.0,164.1923282489384,99.68302784309842,13.800763587283228,2.888589471441051,157.9821405443041,171.78290413158732,97.85321675001501,100.74180622145606,false,true
10,20.0,163.8321212745027,101.52109845028075,13.3169404693067,2.7165185686474445,157.39135924594348,170.70829971525018,99.74838692692396,102.4649054955714,false,true
10,20.0,137.60838392629097,100.90053435086541,10.39381951590633,1.6953222159047527,133.0685555718484,143.46237508775474,99.82364157591394,101.51896379181869,false,true
10,20.0,140.62259908530206,103.11533955816725,11.482527359642376,1.8407357224664906,135.6923911661383,147.17491852578067,101.91992763985301,103.7606633623195,false,false
10,20.0,148.79873699020277,99.21846129969981,12.954821735849748,2.3350943478727118,142.83229844991826,155.787120185768,97.73448509467569,100.0695794425484,true,true
10,20.0,146.0000455956281,99.41806846843598,13.304391873076185,2.1867265414535524,140.19535985155684,153.49975172463303,98.0480149241874,100.23474146564095,true,true
10,20.0,152.86858306337217,99.14630001877704,13.812568787316366,2.579622425834245,146.68275652503564,160.495325312352,97.45943422698933,100.03905665282358,true,true
10,20.0,161.96474653047318,101.01936601537349,13.028692147788718,2.644712925749218,155.71384901943375,168.74254116722247,99.30502773773205,101.94974066348126,false,true
10,20.0,157.31580485354388,106.5996924265104,11.602367479081295,2.605472515338832,152.37694010685203,163.97930758593333,104.94219865411704,107.54767116945587,false,false
10,20.0,154.14496989669644,98.80062065957445,13.83403138255747,2.6122925000185546,148.01654263483005,161.85057401738752,97.12772172648539,99.74001422650394,true,false
10,20.0,143.75463077995641,101.41169203913282,11.34302422764614,2.084991832161876,139.0591992579154,150.40222348556154,100.09862799395572,102.18361982611759,true,false
10,20.0,156.41694583071273,99.11465938393599,13.658320514702865,2.689857920520396,150.1995658410814,163.85788635578427,97.40889974992399,100.09875767044439,false,true
10,20.0,143.3452428754524,103.03355572467584,12.885630026561245,1.916307100195553,137.7570923753042,150.64272240186546,101.79510393892545,103.711411039121,true,false
10,20.0,153.1345116029118,98.59271840666122,13.2460943451471,2.4695824713447507,147.31349537081346,160.55958971596056,97.05125065524642,99.52083312659117,true,false
10,20.0,154.01090776201409,100.69422978707962,13.571307246237183,2.482371011103936,147.76787208774064,161.33917933397782,99.10355675629764,101.58592776740157,true,true
10,20.0,143.56913922404783,98.76153740498756,13.581471750191866,2.0493335712741185,137.64976991586397,151.23124166605584,97.49851599841023,99.54784956968435,true,false
10,20.0,143.61087383762782,100.75003879722809,12.082957237548584,1.9802974555754815,138.42273478217285,150.50569201972144,99.50590050877703,101.48619796435251,true,true
10,20.0,155.9218790386053,102.54314876283475,13.623270111913342,2.543483786898392,149.778994366244,163.40226447815735,100.96122794209455,103.50471172899294,true,false
10,20.0,140.12685426541714,101.40223641264721,12.71946243854174,1.7658266834779113,134.38499965399677,147.1044620925385,100.24848124542366,102.01430792890157,false,false
10,20.0,155.71371626756917,99.78161782663568,13.808261027072888,2.6969043273538205,149.27307421867312,163.081335245746,98.06050946421422,100.75741379156804,true,true
10,20.0,144.76666170674352,104.06258253985818,11.969781469263069,2.0106132437385185,139.76150534604602,151.7312868153091,102.7746102936732,104.78522353741172,true,false
10,20.0,141.13731693649072,99.24487483453791,12.118220610622103,1.8648844867481102,135.77386355053773,147.89208416115983,98.07665754647684,99.94154203322495,false,false
10,20.0,140.98026355237891,101.03526327672104,13.057247171459608,1.8916808239968077,135.12645694032508,148.1837041117847,99.82011187215573,101.71179269615254,false,true
10,20.0,156.70364598577652,99.01491579813694,12.738024382013663,2.6644316992680643,151.29262518520585,164.0306495672195,97.3285928854619,99.99302458472997,false,false
10,20.0,144.63665222612798,101.0434375516246,13.108216612155331,2.0419747590312483,138.89315367392388,152.0013702860792,99.72082371198051,101.76279847101176,true,true
10,20.0,164.1301461629031,99.30293527315769,13.400222490534617,2.910151783817284,158.06141201818488,171.4616345087195,97.45196629135508,100.36211807517236,false,true
10,20.0,153.91569200556864,100.3828745673924,14.179048910302754,2.544576044277008,147.76235939200544,161.9414083023082,98.7630716322066,101.30764767648361,true,true
10,20.0,141.51858815739484,99.06936006935885,12.39024933679758,1.9953241083816238,136.0336083940026,148.4238577308002,97.77484113756039,99.77016524594201,false,false
10,20.0,145.71292540983845,102.5159871577431,12.485881043095816,1.8587788218521553,140.1059606443167,152.5918416874125,101.36192508121133,103.22070390306348,true,false
10,20.0,146.40106787248283,99.44306228980723,12.098365594305989,2.055296355450622,141.12426579942192,153.2226313937279,98.12804647387944,100.18334282933006,true,true
10,20.0,148.09140344336035,99.22580458280251,12.080349667056197,2.0779388598307946,142.80745443772759,154.88780410478378,97.8964882370471,99.97442709687789,true,false
10,20.0,132.69110592404277,101.88880616450496,11.236295893657001,1.5086247481000328,127.7983197274483,139.0346156211053,100.9311450839268,102.43976983202683,false,false
10,20.0,157.2091099899903,99.63619818092565,13.362920326266988,2.4286016657461573,151.17037560648254,164.53329593274952,98.0904079285466,100.51900959429275,false,true
10,20.0,159.12385896965466,98.70511775389706,13.375568604697975,2.9062460226281814,153.29793889244743,166.6735074971454,96.83964436819198,99.74589039082016,false,false
10,20.0,149.18060071077124,100.73444916280764,11.907897148207553,2.2127215309005948,144.08645646985406,155.9943536180616,99.30583450560376,101.51855603650435,true,true
10,20.0,134.37667681297097,99.66764953928606,11.033517016192462,1.6878870902547192,129.5751127776617,140.60862979385416,98.5890829444459,100.27697003470062,false,true
10,20.0,156.4602758978649,99.57973814811774,13.626155614251871,2.6226671804110424,150.44996319225382,164.0761188065057,97.91904050366134,100.54170768407238,false,true
10,20.0,148.74044259806772,100.71023846982332,12.673610743547812,2.290212444437671,142.92960447224658,155.6032152157944,99.26060639955585,101.55081884399353,true,true
10,20.0,148.98784240363636,98.76416618030385,13.74678795413709,2.2182434206740567,143.10410819951213,156.85089615364922,97.33162187261026,99.54986529328431,true,false
10,20.0,156.1741924338496,101.22270533783181,12.634040310523659,2.459062464172618,150.4926947565247,163.12673506704837,99.66154276224434,102.12060522641696,false,true
10,20.0,154.36133519972844,104.58663728497042,11.280389329564713,2.2901834006706707,149.2303872556725,160.5107765852372,103.18667483259564,105.47685823326631,true,false
10,20.0,143.51600504819538,105.81807137026948,10.942162164788414,1.8691322638159278,138.84038842834036,149.78255059312878,104.61997509897898,106.48910736279491,false,false
10,20.0,160.0415301067384,100.97863317465138,14.435035746951172,2.694638665428414,153.79851964942748,168.23355539637865,99.28831330727769,101.9829519727061,false,true
10,20.0,145.78501885887334,101.61198769187568,11.402970848930494,2.0608457283717456,140.88802131528954,152.29099216422003,100.29264318260898,102.35348891098073,true,false
10,20.0,134.67593106611966,100.22499915266584,10.652038866760194,1.64221338365752,130.29639481257072,140.94843367933092,99.1828859253243,100.82509930898182,false,true
10,20.0,143.78348690810404,99.83146227610303,13.230247618222648,2.1170761322742493,137.8809581547349,151.11120577295756,98.45764294790278,100.57471908017703,true,true
10,20.0,153.40400152992018,99.78089481726595,12.484122115667816,2.4756265174268464,147.90321374582825,160.38733586149607,98.19840042183637,100.67402693926321,true,true
10,20.0,132.50261819453465,102.1485059863607,7.990169360113185,1.4909770622064826,129.07450636458475,137.06467572469793,101.20650832621546,102.69748538842194,false,false
10,20.0,143.39506159933117,98.91126920136149,11.95038402094292,2.031978914183199,138.2695424124172,150.21992643336011,97.56726253174811,99.59924144593131,true,false
10,20.0,152.35859279845124,98.71483843146578,13.621434677143668,2.482376246853164,146.27835245705268,159.89978713419634,97.15033706166133,99.6327133085145,true,false
10,20.0,135.267013797575,99.16594005580936,11.674918801829648,1.7270113867405001,130.273943788501,141.94886259033063,98.09344698305826,99.82045836979876,false,false
10,20.0,160.394002116623,98.78537622953417,11.349123623713183,2.7512209901003217,155.23973958943492,166.5888632131481,97.06940035925558,99.8206213493559,false,false
10,20.0,148.42201084181107,99.32720975793228,14.286362260424653,2.2682175197540744,142.09183077893888,156.37819303936354,97.87993322487466,100.14815074462874,true,true
10,20.0,124.55207471510008,100.11226368510364,9.616244408685446,1.1278625422207114,120.49118100090817,130.10742540959362,99.42571826113195,100.55358080335266,false,true
10,20.0,153.2430300051523,99.32818249914932,14.046396406423753,2.5642792376382317,147.02487598632683,161.0712723927506,97.70861461532628,100.27289385296451,true,true
10,20.0,159.6474292818982,103.70160694359562,12.111367682462856,2.853751958351623,154.27684519442064,166.3882128768835,101.8713047066853,104.72505666503692,false,false
10,20.0,156.06771212332643,99.23211651937831,13.948123038604308,2.577552135534603,149.82408582032014,163.77220885892444,97.61581899668101,100.19337113221562,true,true
10,20.0,156.27596222642262,99.64621590728902,13.971778918113671,2.698816928588016,150.24278430366957,164.21456322178324,97.95539245969971,100.65420938828773,false,true
10,20.0,146.86717536363057,98.93983778796206,13.717477925438772,2.177574566323301,140.6919243530129,154.40940227845167,97.53549109639671,99.71306566272001,true,false
10,20.0,156.33656852846144,98.73070126294547,14.155266223726017,2.6847452738361994,149.89339008421774,164.04865630794376,97.03355185623928,99.71829713007548,true,false
10,20.0,147.92846228312254,99.80882662419796,13.746107755431524,2.1393956457171015,141.5195308748755,155.26563863030702,98.47951189315268,100.61890753886978,true,true
10,20.0,142.38083175118078,99.5671343253548,13.098535893928698,1.9164037005094912,136.8405188567262,149.9390547506549,98.35715290008874,100.27355660059823,false,true
10,20.0,153.00848550038484,98.46064462638881,11.130474096002587,2.6114353327115225,148.01942722151085,159.14990131751344,96.79516350078526,99.40659883349679,true,false
10,20.0,153.1288226587689,99.24917576404218,13.394678606663177,2.4046144833232717,147.30183196488636,160.69651057154954,97.67990819524981,100.08452267857308,true,true
10,20.0,146.22842541027921,99.37679455150231,11.63579471257944,2.0817772198044793,141.27741137780725,152.9132060903867,98.04458675605025,100.12636397585473,true,true
10,20.0,142.42626937451485,100.69733611956038,12.151956289950192,1.9775221859182466,136.78597488526043,148.93793117521062,99.45263102777001,101.43015321368826,false,true
10,20.0,161.57499309338303,102.59789282758169,12.304349335515383,2.6443408601280964,156.0583075429651,168.3626568784805,100.98138063486336,103.62572149499145,false,false
10,20.0,151.29209404712788,100.13667912575289,12.095452119876569,2.603658107029034,145.89689579905337,157.99234791892994,98.47208240568187,101.07574051271091,true,true
10,20.0,136.75680230396375,100.21363418751861,10.79514904303744,1.6991134138432926,132.30691149369704,143.10206053673448,99.11751183767143,100.81662525151472,false,true
10,20.0,149.24605684616216,99.97159410652004,13.081159584099709,2.272116569169981,143.38544219919746,156.46660178329716,98.52139551101997,100.79351208018996,true,true
10,20.0,138.46893000795342,99.5800564905625,12.922721843919504,2.0297408675256463,132.90092703110616,145.82364887502567,98.28190414088309,100.31164500840873,false,true
10,20.0,153.7984936403922,99.52396524923581,12.706758420607542,2.451211507392273,148.23606003912633,160.94281845973387,97.9777241677553,100.42893567514757,true,true
10,20.0,153.0006986397634,101.98703859557814,12.963907952268073,2.2126178676873707,147.01913088860888,159.98303884087696,100.61158805415144,102.82420592183881,true,false
10,20.0,138.70348601746514,101.29891023003947,12.475536164872494,1.8082592392427443,133.23004594117435,145.70558210604685,100.15233897935886,101.9605982186016,false,false
10,20.0,154.83900673422286,104.16045287871555,13.018936080369116,2.4731276545738012,149.02125096691827,162.0401870472874,102.56195304730531,105.03508070187911,true,false
10,20.0,152.35911495850598,100.16070291235906,13.099875259983605,2.374696046294943,146.82071061634647,159.92058587633008,98.65560887638632,101.03030492268127,true,true
10,20.0,156.52216994389187,99.7256641021604,12.134708060358946,2.6858397579993607,151.21343825319246,163.3481463135514,98.01723041360815,100.70307017160751,false,true
10,20.0,152.6621637537138,102.33226459291478,11.83840944090457,2.4438112747511695,147.59331999544867,159.43172943635324,100.76543226198449,103.20924353673566,true,false
10,20.0,162.23954313513107,98.53914772443423,13.000354998557214,2.8824962609427445,156.46581609479168,169.4661710933489,96.73423232100649,99.61672858194923,false,false
10,20.0,140.81670347028762,100.29782529136554,12.6444239364574,1.9213883176765592,135.412886335732,148.0573102721894,99.05370784016334,100.9750961578399,false,true
10,20.0,158.75691840025115,98.40307589875007,14.486324313718995,2.716961783588914,151.9531071486298,166.4394314623488,96.6452791284855,99.36224091207441,false,false
10,20.0,150.78057397325193,99.19253872336839,13.421796310970734,2.333381470802209,144.37126548003752,157.79306179100826,97.68136607729997,100.01474754810218,true,true
10,20.0,154.88873918781064,105.13934090418996,12.332615389278857,2.14669877518989,149.12207643493164,161.4546918242105,103.76011525801887,105.90681403320876,true,false
10,20.0,145.7344243607928,99.3131013552588,12.350274943646639,2.2719589270467964,140.28300121950855,152.6332761631552,97.84900597453519,100.12096490158198,true,true
10,20.0,148.2838293489439,101.5240990401741,11.185818089558694,2.1643949807870086,143.51990101611585,154.70571910567455,100.128698677298,102.29309365808501,true,false
10,20.0,148.90513680705186,101.54448587548217,14.792104604513298,2.3944142241580693,142.13989200316314,156.93199660767644,100.00953821329621,102.40395243745428,true,false
10,20.0,145.93913091953348,100.62330996567641,11.832545805029696,2.162856470142515,140.98317831848294,152.81572412351264,99.24174342777252,101.40459989791503,true,true
10,20.0,151.0553255148377,100.4124351945695,12.222712864310267,2.3366322139543456,145.72287035929793,157.9455832236082,98.91533420960515,101.2519664235595,true,true
10,20.0,164.10342916750477,102.90315890779371,12.259456699865382,2.9823972544444928,158.7041781614103,170.9636348612757,100.97866571479366,103.96106296923816,false,false
10,20.0,134.12562908134754,100.72700377099093,11.6169735065356,1.647761561496793,129.10186427141485,140.71883777795045,99.64977256254642,101.29753412404321,false,true
10,20.0,149.16151686946256,99.75005067303596,11.410753218433854,2.3397818054393014,144.16827947899432,155.57903269742818,98.2807888335609,100.6205706390002,true,true
10,20.0,156.2252316670364,98.30820404780542,12.30553854804478,2.819213434022444,150.7345954763595,163.04013402440427,96.51210240695812,99.33131584098057,false,false
10,20.0,138.432182342334,99.19141384679803,11.148809944497543,1.7735813707850667,133.60882434768186,144.7576342921794,98.05258918553608,99.82617055632114,false,false
10,20.0,154.4951413569555,102.54824657639517,13.553808466504762,2.458046725726817,148.64985424143512,162.20366270793988,100.98587726207633,103.44392398780315,true,false
10,20.0,155.39019879466403,99.70980498665061,11.22649384271952,2.5598662189152463,150.58159936069342,161.80809320341294,98.05060192671482,100.61046814563007,false,true
10,20.0,151.62859901136173,99.12322086295306,10.846622118499141,2.322526696358878,146.6501654086104,157.49678752710955,97.62802359706345,99.95055029342232,true,false
10,20.0,159.39616859550796,100.329177369523,11.671125583336135,2.864673994646907,154.16631912546984,165.83744470880598,98.51221633634661,101.37689033099352,false,true
10,20.0,154.73860259521376,99.67723531949915,13.180122907971082,2.703959231486607,148.9882946794055,162.16841758737658,97.9153564251369,100.61931565662351,true,true
10,20.0,135.63564094422674,100.91727110107657,11.58879454112332,1.7123100158144382,130.76184206600948,142.3506366071328,99.81298253970235,101.52529255551678,false,true
10,20.0,139.1423544820707,100.9346417005317,12.287279402603986,1.8074897755782757,133.8387893191454,146.1260687217494,99.75426897232191,101.56175874790019,false,true
10,20.0,163.55901727659747,100.8197768765877,11.72718457176478,3.074658355999148,158.55163122809188,170.27881579985666,98.84823656553519,101.92289492153434,false,true
10,20.0,144.94610592544285,99.77031110594555,11.435333135001287,2.0105565882315517,140.13203386198091,151.5673669969822,98.49276248264036,100.50331907087191,true,true
10,20.0,146.16048158039806,99.2873168082456,11.841437666447348,2.23500344533403,141.0509422159845,152.89237988243184,97.85695436559239,100.09195781092642,true,true
10,20.0,141.8146142016417,102.2137689193858,12.312561091783039,1.8659664260461142,136.64371430020165,148.9562753919847,101.04134545639731,102.90731188244342,false,false
10,20.0,138.10855778822744,99.38348146585261,10.87838913911969,1.7470768915297157,133.4435816396321,144.3219707787518,98.26474130065404,100.01181819218375,false,true
10,20.0,144.13575602252402,102.48035548429263,12.383870747306673,2.0854623240521164,138.90168843751002,151.2855591848167,101.1687749033251,103.25423722737722,true,false
10,20.0,153.52571572949688,101.51941961865583,10.872023103961368,2.4586224592649444,148.95816931773277,159.83019242169414,99.96747327822794,102.42609573749289,true,true
10,20.0,158.80369215264932,99.32853178348876,13.459639911167926,2.7728458789294166,152.61762827829784,166.07726818946577,97.57723628766695,100.35008216659637,false,true
10,20.0,150.41184206764754,103.7586749265241,13.002088305304682,2.195213118566855,144.76295835952857,157.76504666483325,102.32699783335684,104.5222109519237,true,false
10,20.0,156.3373235256388,98.91667315462203,13.33608439292172,2.5907839040579432,150.37509259251453,163.71117698543625,97.24660943290316,99.8373933369611,false,false
10,20.0,141.9480704349991,104.39500592405841,11.862532091833742,1.7365616524055554,136.80593548658578,148.66846757841952,103.27516753689783,105.01172918930338,false,false
10,20.0,148.53102058847418,101.29380455599036,11.720638643752551,2.3384152308847916,143.49879101258782,155.21942965634037,99.78987131171951,102.1282865426043,true,true
10,20.0,140.57732489324962,103.0934125774719,11.72840385986882,1.7879172672987664,135.47972138735133,147.20812524722015,101.94701792885445,103.73493519615322,false,false
10,20.0,142.46882992121127,99.07144217495552,12.710043794767131,2.0289091749019548,136.84200644112636,149.5520502358935,97.77644209990129,99.80535127480324,false,false
10,20.0,153.56140986972616,98.59593912661808,13.513849439574756,2.496144086211615,147.2735995827954,160.78744902237017,96.99335972106749,99.4895038072791,true,false
10,20.0,154.6247757800981,98.97139575216518,13.639680803675617,2.575727371017109,148.57428566709652,162.21396647077214,97.34525197009098,99.9209793411081,true,false
10,20.0,138.69781830421434,100.52763699426062,12.916810271471718,1.7963964187554637,133.3021714355158,146.2189817069875,99.35731363484862,101.15371005360409,false,true
10,20.0,151.8215693404391,102.38213686401565,12.70562732938103,2.3125703394348136,146.42004885859834,159.12567618797937,100.86310365888814,103.17567399832295,true,false
10,20.0,142.46957187719423,99.60582576263268,12.334420737263798,2.1478327170024727,137.36890326097586,149.70332399823965,98.21438382028191,100.36221653728438,false,true
10,20.0,158.7258727646124,98.54472710394268,13.825465019888156,2.6207232880573486,152.588446838102,166.41391185799014,96.89153263219923,99.51225592025658,false,false
10,20.0,133.499204107308,100.10050990912598,10.370467753034205,1.6164320125854914,129.24425225670385,139.61472000973805,99.02136281916445,100.63779483174994,false,true
10,20.0,136.4182971880022,100.87221198078396,11.546708290529352,1.699913703190731,131.45939585346648,143.00610414399583,99.75561018310418,101.45552388629491,false,true
10,20.0,152.60079257185546,99.00403625278119,14.212800766373562,2.61376205758593,146.20106746672104,160.4138682330946,97.2992094110557,99.91297146864163,true,false
10,20.0,162.07072504414333,98.55461711394366,14.280498754879972,2.8972160085084795,155.57454733198068,169.85504608686065,96.71698306810424,99.61419907661272,false,false
10,20.0,143.66126637003651,101.69667156756435,12.604379270585696,1.8526983708509306,137.92875640867288,150.53313567925858,100.52456146410688,102.37725983495781,true,false
10,20.0,152.82289134954738,98.46142602075908,12.124610231962265,2.43668212947604,147.47037996162794,159.5949901935902,96.89465506162828,99.33133719110432,true,false
10,20.0,141.2292949465388,100.52265548582942,11.868662271071997,2.0211353227932705,135.93606608670473,147.80472835777672,99.20676133711363,101.2278966599069,false,true
10,20.0,160.32722252759658,99.68982138620942,13.456993926884877,2.7611307105213,154.12698976272492,167.5839836896098,97.95263943493046,100.71377014545176,false,true
10,20.0,159.68399120825376,98.83116202795219,12.857726125293425,2.9072468471336492,153.99707589641662,166.85480202171004,96.99734560939498,99.90459245652863,false,false
10,20.0,134.14332692556584,101.56549790588805,10.845870587068532,1.5725237697867982,129.37132897837364,140.21719956544217,100.55405392366747,102.12657769345427,false,false
10,20.0,136.0930462341878,105.18862720035753,11.477230287071535,1.4067949980695147,131.02351798418127,142.5007482712528,104.27627865153808,105.68307364960759,false,false
10,20.0,150.88262537710176,99.37755325483161,13.643669232087461,2.397377031815992,144.68177919971652,158.32544843180398,97.8252276465895,100.22260467840549,true,true
10,20.0,149.33007647277128,101.37791892059033,11.17901456499095,2.2488453884926543,144.45183321049439,155.63084777548534,99.95383355355965,102.2026789420523,true,true
10,20.0,146.37124284110934,99.94132464792065,12.339474266512156,2.1766580650753156,140.97614134312022,153.31561560963237,98.54254233914914,100.71920040422445,true,true
10,20.0,156.7871212363757,101.30914663756232,13.489477225175818,2.622715854758283,150.82506922343327,164.3145464486091,99.62554012093722,102.2482559756955,false,true
10,20.0,156.76615167200333,101.13006922267185,14.195012250512548,2.6298344041264556,150.28525737532047,164.48026962583302,99.4628101448533,102.09264454897975,false,true
10,20.0,130.14966042323553,102.48715271040128,10.315547721456042,1.4225100612884063,125.8692103065665,136.18475802802254,101.5770659626895,102.99957602397791,false,false
10,20.0,143.36533578854358,100.34012283831959,13.157265392137589,2.0602271623954778,137.7406051782334,150.897870570371,99.02232925527098,101.08255641766645,true,true
10,20.0,149.87546004136078,99.22846342879481,13.999008829689927,2.456825414713663,143.5969195303114,157.59592836000132,97.66428201332214,100.1211074280358,true,true
10,20.0,142.88483001251257,99.64227031880813,12.132359772150465,2.072878492443863,137.74450353151204,149.8768633036625,98.34743802892379,100.42031652136765,false,true
10,20.0,134.23432810622984,99.1432859050556,11.95116776121327,1.7531123816179957,129.5551703272702,141.50633808848346,98.01770173716523,99.77081411878322,false,false
10,20.0,145.8718965123422,99.66612133814137,12.834968423467757,2.2579658654498758,139.99800953339232,152.83297795686008,98.24287256795739,100.50083843340727,true,true
10,20.0,142.73928461202212,102.89474538200622,11.569845478158783,1.9269227705341763,137.92458536323738,149.49443084139617,101.67350201663763,103.6004247871718,false,false
10,20.0,155.01908945974404,98.79138102012897,14.043907102437402,2.4818077091941575,148.55445738239482,162.59836448483222,97.1880737673198,99.66988147651396,true,false
10,20.0,142.94670045006538,100.95432956988068,12.878943390375753,2.0488630758691784,137.2913088759567,150.17025226633245,99.60377452413222,101.6526376000014,true,true
10,20.0,159.5113040795211,100.47703045997397,11.602951505353673,2.6292356316694594,154.22214001686496,165.82509152221863,98.78003790822808,101.40927353989754,false,true
10,20.0,138.50899616752426,99.45654069951775,13.447709641643655,1.8968533823818774,132.5563444842992,146.00405412594284,98.24859273367059,100.14544611605247,false,true
10,20.0,151.06899213318894,100.79160206845421,14.056745341381713,2.3619098001703236,144.47732019504033,158.53406553642205,99.2865644457928,101.64847424596313,true,true
10,20.0,149.42641510848,100.80663313346366,13.044926820484136,2.3633575209187256,143.59491729915686,156.639844119641,99.26705019162513,101.63040771254386,true,true
10,20.0,151.09842325642654,98.69839846395979,14.111670314223119,2.390980130494242,144.95514759070028,159.0668179049234,97.15808151705318,99.54906164754742,true,false
10,20.0,159.65602136471688,98.33274765258444,14.085927363517754,2.6662639661626315,153.53605889751222,167.62198626102997,96.64615062723682,99.31241459339945,false,false
10,20.0,144.05726383248074,100.39851333330319,10.098101985299138,2.092762813180755,139.71142892919704,149.80953091449618,99.06393271987963,101.15669553306039,false,true
10,20.0,150.3900187021174,99.75137422646048,13.290638150422524,2.3523585018112954,144.4946042225623,157.7852423729848,98.25707886988559,100.60943737169688,true,true
10,20.0,156.17829407168767,100.2734317189306,12.984026186155432,2.5889882901484498,150.21381716081078,163.1978433469662,98.64893413674741,101.23792242689586,false,true
10,20.0,164.62639900614565,98.48117272476671,13.362335218848756,2.7767868577177808,158.3465840246553,171.70891924350406,96.69908850515947,99.47587536287725,false,false
10,20.0,154.88895726301536,100.54448854544518,13.224415236117778,2.4253569216675714,149.15894340288975,162.38335863900753,99.01845557664471,101.44381249831228,true,true
10,20.0,164.4069065533915,99.9939908712269,13.294236934925664,2.963849898468709,158.5673518656154,171.86158880054106,98.11166496805403,101.07551486652274,false,true
10,20.0,147.29953935232618,99.28520128890108,12.038895455012778,2.230891215256648,141.8032266212561,153.84212207626888,97.8834515059647,100.11434272122135,true,true
10,20.0,150.8736034631479,99.67178525352938,13.015876912703959,2.4807560527933106,144.926563413243,157.94244032594696,98.03037116327691,100.51112721607022,true,true
10,20.0,145.80322651335663,99.39101636839239,13.871162161678512,2.0679948752881216,139.46526970802472,153.33643186970323,98.08649721020396,100.15449208549208,true,true
10,20.0,144.29304038751178,100.30765557007956,12.208252773207448,1.905528513729422,138.80092370488205,151.0091764780895,99.07828822214745,100.98381673587687,true,true
10,20.0,146.71181076871778,98.79792771857677,13.965710569160649,2.1976274366067656,140.62240342628218,154.58811399544282,97.3738797755249,99.57150721213166,true,false
10,20.0,146.8867008250738,100.65802921639508,13.15050148941458,2.2140592256780707,141.0797506637495,154.2302521531641,99.21494340768122,101.42900263335929,true,true
10,20.0,146.5495967025413,101.61751137099267,13.25761074503751,2.0684084904337965,140.88509165838568,154.1427024034232,100.32340491315188,102.39181340358567,true,false
10,20.0,162.0820504315468,98.4448751703047,12.946600321578842,2.8836393196006753,156.23484325529927,169.1814435768781,96.6382499855338,99.52188930513448,false,false
10,20.0,164.7188278299907,100.85890158211669,13.17739228052406,2.7663763723343635,158.44755674467172,171.62494902519578,99.07108069450211,101.83745706683648,false,true
10,20.0,144.99495055962927,99.48911377844607,13.564058158404919,2.186365874889148,138.9974581863249,152.56151634472982,98.05642165868309,100.24278753357224,true,true
10,20.0,142.7994306430865,101.12577231269357,13.331188960596108,2.000269063187204,136.95820035331062,150.28938931390672,99.834589768232,101.8348588314192,true,true
10,20.0,135.8615692428662,104.63996810875808,10.444154711190379,1.5774204100557796,131.4844416647865,141.92859637597687,103.60299865183782,105.1804190618936,false,false
10,20.0,145.38501729828522,100.60401370803064,11.583670882462172,2.1300369388555254,140.2194410109313,151.80311189339346,99.20937720709568,101.33941414595121,true,true
10,20.0,146.11579968875375,100.67323678292688,12.396747684684499,2.1911282240852046,140.4706673146191,152.8674149993036,99.27415604874516,101.46528427283036,true,true
10,20.0,150.54765844566785,101.03068449833961,12.396809846874135,2.289650734188399,145.09483707560645,157.49164692248058,99.58368399288318,101.87333472707158,true,true
10,20.0,147.04708129495418,100.75766877726426,13.230597681564745,2.146567243578943,141.32797286166132,154.55857054322607,99.39972009562054,101.54628733919948,true,true
10,20.0,153.48591639439366,98.60260972815959,14.815961729491931,2.575498659901797,146.7201273516044,161.53608908109632,96.95688019173191,99.53237885163371,true,false
10,20.0,163.86720301659594,99.23886056009607,12.695634676518551,2.955745032991601,158.27180225429285,170.9674369308114,97.35874476795433,100.31448980094594,false,true
10,20.0,161.03899924006726,104.99063928106618,13.212743233225808,2.6003975455967776,155.13461283298994,168.34735606621575,103.35322415815925,105.95362170375603,false,false
10,20.0,153.17258088461557,99.34966243609054,13.732189058500154,2.4379673878775776,147.16204322724485,160.894232285745,97.77964957265922,100.2176169605368,true,true
10,20.0,149.22483636820243,100.59220690358333,12.830809032125131,2.235640939715097,143.56106076007083,156.39186979219596,99.13180301197487,101.36744395168996,true,true
10,20.0,151.79774186335672,98.63443256877525,13.74901993177707,2.442569189185832,145.73925269804874,159.48827262982581,97.07380552099744,99.51637471018327,true,false
10,20.0,155.66150182416146,103.83372200582457,11.962683096502332,2.2553859447858287,150.61353067515586,162.5762137716582,102.41610411288195,104.67149005766778,false,false
10,20.0,153.2516626818537,101.62227618149917,13.609050154442684,2.408694923536274,147.22545632434685,160.83450647878954,100.07701943986265,102.48571436339893,true,false
10,20.0,148.31108850412264,100.76073428987944,12.344087956384385,2.1860413427962015,142.66429993628574,155.00838789267013,99.37888950902453,101.56493085182073,true,true
10,20.0,145.93040139700145,100.71633778002203,12.980734497788944,2.149561230078035,140.69569196971315,153.6764264675021,99.34812056350536,101.4976817935834,true,true
10,20.0,146.10530602229798,99.37241477389566,13.477875246346457,2.0581638244182585,139.9864414148077,153.46431666115416,98.06384919387835,100.12201301829661,true,true
10,20.0,146.25198227152126,99.52462817784588,12.8438875576677,2.0734169241224407,140.74193982044548,153.58582737811318,98.20213090173367,100.27554782585611,true,true
10,20.0,148.68167254031374,105.12187935289242,10.699346554159376,2.016150343944446,143.8841697537885,154.5835163079479,103.82063428842899,105.83678463237344,true,false
10,20.0,152.4051830983335,99.16709068899561,13.882697728443418,2.4804044723660184,146.02362191019813,159.90631963864155,97.5745293125971,100.05493378496311,true,true
10,20.0,153.75356236652806,98.6875418479276,14.215627348972504,2.5891975704743686,147.38802043494846,161.60364778392096,97.0230943118277,99.61229188230207,true,false
10,20.0,156.01690205866194,101.12016407034804,13.409875926439128,2.4672833845348805,149.86358503706228,163.2734609635014,99.55915529578525,102.02643868032013,true,true
10,20.0,150.41387465129822,106.67049766913642,9.832240613852889,1.9917136868571674,146.3113932656991,156.143633879552,105.4227143853392,107.41442807219637,true,false
10,20.0,135.54757744031934,101.36415523465082,10.839577226081417,1.7399316746526239,131.02710632792702,141.86668355400843,100.22605672855906,101.96598840321168,false,false
10,20.0,134.3875388897655,102.62029957651114,11.31318552600581,1.4577287943228043,129.57821749940825,140.89140302541406,101.69018193933695,103.14791073365976,false,false
10,20.0,153.40797678541827,98.85475965088983,12.980220532270835,2.449648989719776,147.53040439556366,160.5106249278345,97.33077923179056,99.78042822151033,true,false
10,20.0,155.08112822377632,107.22266408578818,11.964166449841372,2.315421280770991,149.95788229172834,161.9220487415697,105.72916526587224,108.04458654664323,true,false
10,20.0,157.38131682536465,104.14842615635987,12.202356633304532,2.52256127490368,152.02886970671574,164.23122634002027,102.50301716970391,105.02557844460759,false,false
10,20.0,133.67241597698575,99.36696738800362,11.715023944589461,1.6449723592032086,128.89535382412936,140.61037776871882,98.32990459545798,99.97487695466118,false,false
10,20.0,153.29688462034468,99.43814773290407,13.233729694612208,2.413497407534564,147.45689959904865,160.69062929366086,97.89216087290073,100.3056582804353,true,true
10,20.0,142.38877915730237,101.29544614788257,12.95149565176743,1.9148246937109406,136.64263239921672,149.59412805098415,100.08036317718863,101.99518787089957,false,false
10,20.0,153.19366953840122,108.60048509334933,10.639142472759772,2.070596265419965,148.8358029298594,159.47494540261917,107.29012319817184,109.3607194635918,true,false
10,20.0,130.85683063716047,100.64067651139665,10.654470553972374,1.3388390377121908,126.35249273904446,137.00696329301684,99.77211006800516,101.11094910571735,false,true
10,20.0,153.78802481676107,99.35367075248345,13.361740302455473,2.2660162853806582,147.95767404182482,161.3194143442803,97.91896004438188,100.18497632976253,true,true
10,20.0,153.89458752110568,102.94239658067856,13.288090312937925,2.3561420633248247,147.8041402538879,161.09223056682583,101.46563035166038,103.8217724149852,true,false
10,20.0,148.1462330371626,104.62366258068255,12.073542884203675,2.1708284855526188,142.89008769269094,154.96363057689462,103.25769224573426,105.42852073128688,true,false
10,20.0,151.09628019542987,100.3520387883469,13.449449428661609,2.460262029863472,145.39131624955132,158.84076567821293,98.83368948782558,101.29395151768905,true,true
10,20.0,148.68924362765654,105.13273997071005,10.635782037976497,2.1676886103593915,144.20884488097334,154.84462691894984,103.7338939911876,105.90158260154699,true,false
10,20.0,155.3504796145763,99.01115349954625,13.214240679589238,2.5557180443755385,149.43846924127203,162.65270992086127,97.3991762077353,99.95489425211083,true,false
10,20.0,145.4713062266087,99.624351004012,11.652485884390103,2.180737605276292,140.5225259836352,152.1750118680253,98.24391600184447,100.42465360712076,true,true
10,20.0,143.37431257113528,98.95386536988973,13.697606541821273,1.9792158647929767,136.94926718470444,150.6468737265257,97.68603665527431,99.66525252006728,true,false
10,20.0,146.9115571978641,99.87267837021948,10.800311172662703,2.3878458400504172,142.38209353720515,153.18240470986785,98.31639517748937,100.70424101753979,true,true
10,20.0,140.01023360486872,99.21951684378786,11.8201240921737,1.8551176741282802,134.94617642971303,146.76630052188673,98.03643296167607,99.89155063580435,false,false
10,20.0,148.08445802210338,100.44682913264191,12.898057815174326,2.1691231624783143,142.5900152878471,155.48807310302143,99.03639460229303,101.20551776477134,true,true
10,20.0,142.88205203990955,100.71374091502449,12.74944925278379,1.8929478890298412,137.18638268733892,149.9358319401227,99.54506013037255,101.43800801940239,false,true
10,20.0,154.73480997337637,98.4327868993002,14.249614359309987,2.7283056473520872,148.28825847844604,162.53787283775603,96.70143352330327,99.42973917065535,true,false
10,20.0,155.4514491067527,99.5205006757096,13.396909923715981,2.622412285143568,149.31848005791906,162.71538998163504,97.8183155325,100.44072781764356,true,true
10,20.0,146.8082148920556,100.44568198351709,12.875010229725348,2.225449156588013,141.1064313540737,153.98144158379904,99.00136386117825,101.22681301776626,true,true
10,20.0,155.1130123813279,99.18585505858411,13.458804913384398,2.658674026610484,149.08820531573562,162.54701022912002,97.46445821954725,100.12313224615774,true,true
10,20.0,139.72344826086731,102.73494988502307,11.296910001536105,1.6669715744936866,134.85510082331368,146.15201082484978,101.63321065445842,103.30018222895211,false,false
10,20.0,147.372507585391,100.35727718536825,13.037837115087626,2.1551683698253754,141.67822866914457,154.7160657842322,98.97042688880374,101.12559525862912,true,true
10,20.0,132.84411234282254,102.30561765472137,10.902046927423982,1.376193449206525,128.2460133731727,139.14806030059668,101.40474491311018,102.7809383623167,false,false
10,20.0,142.9812520226898,99.4199165941317,13.039669917869219,2.1166128322477533,137.27125749234523,150.31092741021445,98.03561672405314,100.1522295563009,true,true
10,20.0,146.21824988495592,100.06864597342981,11.449138038365021,2.1623600133862197,141.2082024825772,152.65734052094223,98.72434196847865,100.88670198186487,true,true
10,20.0,155.80572988097668,103.57226453489659,11.165305953510398,2.4864687027017283,150.82790333583782,161.99320928934821,101.9680375170168,104.45450621971852,false,false
10,20.0,155.79689346004812,100.69123001777163,13.527280826555995,2.6232924768228685,149.63232566963805,163.15960649619404,99.01733380481346,101.64062628163633,true,true
10,20.0,141.29931679357298,99.84326062566885,10.794457950171392,1.9731015876466955,136.58540381119565,147.37986176136704,98.60852663752577,100.58162822517247,false,true
10,20.0,161.00632747201536,101.41914505799213,14.259392367836483,2.775263309021554,154.57929064113972,168.8386830089762,99.69225094321968,102.46751425224123,false,true
10,20.0,146.48569215090322,100.22566285738034,10.993587697159967,2.2543202803757083,141.73342823844092,152.7270159356009,98.77449536990626,101.02881565028197,true,true
10,20.0,138.50567396696692,100.32217193263449,11.901292646338078,1.8401077037557911,133.66648674184486,145.56777938818294,99.15094560804249,100.99105331179828,false,true
10,20.0,153.4393060631624,99.93903172016721,13.267722292822668,2.580590004582092,147.48168467839315,160.74940697121582,98.318289451211,100.8988794557931,true,true
10,20.0,154.9520310338064,99.47238248137941,13.415121700780048,2.60292814033987,148.9398438514327,162.35496555221275,97.78270500974398,100.38563315008385,true,true
10,20.0,140.92286249500515,101.91620030592298,11.326207740888805,1.9122512172414048,136.06174732524482,147.38795506613363,100.68198204392361,102.59423326116502,false,false
10,20.0,148.17676500922124,102.05481175584657,13.398138706263722,2.3417189027091467,142.18954521693308,155.5876839231968,100.56633283289366,102.90805173560281,true,false
10,20.0,154.74737930243367,98.61477534525021,13.745189183052133,2.711919976557155,148.3614349555114,162.10662413856355,96.84439396111128,99.55631393766843,true,false
10,20.0,157.894751226605,102.63785950968915,14.020735092831586,2.6671406635811934,151.48872773330308,165.50946282613467,100.918274321513,103.58541498509419,false,false
10,20.0,147.77938805283543,99.47211978494951,12.718587445782475,2.1298877384012798,142.07112217215365,154.78970961793613,98.09423328295692,100.2241210213582,true,true
10,20.0,130.2038147516604,99.10906684330438,11.524957858777242,1.5375725207819357,125.24251094537081,136.76746880414805,98.08660006123449,99.62417258201643,false,false
10,20.0,140.6741158581929,103.31799017131875,13.03981587981221,1.776518972218426,135.10370165863085,148.14351753844306,102.20164935752803,103.97816832974645,false,false
10,20.0,146.56213785096844,101.53291467648233,12.239755899591358,2.126926474854457,141.1881501738063,153.42790607339765,100.16495519968726,102.29188167454171,true,false
10,20.0,132.20082299898155,102.82735138533754,9.809267811592463,1.3965998418859016,128.14156169568093,137.9508295072734,101.93564037865133,103.33224022053723,false,false
10,20.0,152.2995856070504,100.37690139209819,13.49107832334525,2.449241158889535,146.43169720924197,159.92277553258722,98.85659887126872,101.30584003015825,true,true
10,20.0,155.866185281561,99.37874618182101,13.813348182158904,2.652486743684676,149.88441954698428,163.69776772914318,97.72954624508857,100.38203298877325,true,true
10,20.0,161.28530584954194,98.52714769968105,12.909829308152155,2.8166395295738624,155.68116348212553,168.59099279027768,96.75859279627568,99.57523232584954,false,false
10,20.0,156.0091050761185,98.95265499114302,13.967545444371666,2.7580386627400912,149.65213411580447,163.61967956017614,97.16532114033544,99.92335980307553,true,false
10,20.0,162.22286408474866,99.46733937388254,12.398298391872856,2.9849816743716815,156.82333657599173,169.2216349678646,97.5306357689641,100.51561744333578,false,true
10,20.0,140.18861285154645,102.26310536614261,12.203948830800044,1.7687962180878003,134.72877819316787,146.9327270239679,101.1444328571508,102.9132290752386,false,false
10,20.0,146.88665738980015,114.45556496848818,10.693776706970823,1.650554131857703,142.3589959220906,153.05277262906142,113.39208900827435,115.04264314013206,true,false
10,20.0,160.3167868991943,99.25273200704198,14.531179414835293,2.924548057839772,153.8238151944944,168.35499460932968,97.38870056476165,100.31324862260142,false,true
10,20.0,134.48828045417434,102.72618491122535,10.32183115101816,1.4943596922542213,130.29707014626774,140.6189012972859,101.76260280343249,103.25696249568671,false,false
10,20.0,143.17581255958933,99.70425151143804,12.346662745250626,1.9950936548820124,137.88860018764672,150.23526293289734,98.4077631289521,100.40285678383411,true,true
10,20.0,154.34913234743206,102.45514668171276,11.854059785146973,2.429616189290442,149.14733191799098,161.00139170313795,100.91257489681973,103.34219108611018,true,false
10,20.0,159.5540527874175,98.81481096212582,12.650633747646594,2.8139073795427265,153.9687360357516,166.61936978339818,97.02644526400142,99.84035264354415,false,false
10,20.0,148.7383717759675,99.59617264297069,11.715095635406527,2.2690432142384083,143.59597437644672,155.31107001185325,98.11405958157593,100.38310279581434,true,true
10,20.0,156.58338877893647,101.13165949067137,13.456253988732499,2.4442029031446992,150.67564789851457,164.13190188724707,99.58490582984177,102.02910873298647,false,true
10,20.0,144.71719552784046,98.67648256995759,12.530627970503957,2.1478011585758168,139.3419486242408,151.87257659474477,97.31869256879563,99.46649372737144,true,false
10,20.0,148.06183709560162,98.56967636306722,12.739467570280652,2.346800365403382,142.5935288917794,155.33299646206007,97.08996848227343,99.43676884767682,true,false
10,20.0,144.19078762182323,99.7045861658511,13.821315581608502,2.2180358740619113,138.24966448010045,152.07098006170895,98.27465225675859,100.4926881308205,true,true
10,20.0,154.77541090344135,99.37717930400969,13.265666088321296,2.5294804971332923,148.65777893593486,161.92344502425615,97.82149692246033,100.35097741959362,true,true
10,20.0,161.8967273803008,101.18861262074117,11.980045633845151,2.859211300898906,156.65730029948503,168.63734593333018,99.38561233755641,102.24482363845532,false,true
10,20.0,142.6587279596925,99.01478635881915,13.060424048099492,1.9656680484380615,137.02275780557102,150.0831818536705,97.714321259108,99.67998930754607,true,false
10,20.0,161.65208394299532,98.76486682811293,14.305458919177966,2.857980725019061,155.0856089298622,169.39106784904016,96.97234333454901,99.83032405956807,false,false
10,20.0,149.23878728192625,98.95867315457708,12.851682621771658,2.362436142902837,143.44142700230034,156.293109624072,97.43867404657473,99.80111018947757,true,false
10,20.0,163.11633123010603,98.50534071564292,12.198625320132095,2.999153253630496,157.61944507871993,169.81807039885203,96.57225731798069,99.57141057161118,false,false
10,20.0,151.66769779584394,99.1758081840915,14.067806699082837,2.247193077906971,145.39669675087225,159.4645034499551,97.75380653564822,100.0009996135552,true,true
10,20.0,160.66159851078726,100.22010227186209,13.949376910020845,2.8635980304933355,154.21991050322848,168.16928741324932,98.41200313773658,101.27560116822991,false,true
10,20.0,161.76301806497702,101.68410425615545,13.627337960153824,2.924134986136991,155.6869038982905,169.31424185844432,99.80365805373215,102.72779303986914,false,true
10,20.0,155.51692621485364,100.70135532342196,13.14100711745985,2.360102247796334,149.6459300263139,162.78693714377374,99.22052292412383,101.58062517192016,true,true
10,20.0,151.94100438836642,98.70640238510754,12.584491058830793,2.5227438599917917,146.3438558288014,158.9283468876322,97.08591110587602,99.60865496586781,true,false
10,20.0,144.2104300247227,99.00226989087537,13.008400670602725,1.973685102779342,138.4473967352771,151.45579740587982,97.76288102134843,99.73656612412778,true,false
10,20.0,154.28185393223788,98.64257930613559,12.056050000267192,2.523726987286622,149.01664205972043,161.07269205998762,97.03506223202791,99.55878921931453,true,false
10,20.0,156.17478743930792,98.66947009148127,13.801756295213892,2.6321230610366086,150.13408092392865,163.93583721914254,96.95945478933129,99.5915778503679,false,false
10,20.0,150.86017206861686,99.76579577423112,13.13328044881385,2.3458955524007763,145.2305580708087,158.36383851962256,98.2930345421739,100.63893009457468,true,true
10,20.0,146.86527570182767,102.47538744103542,11.909433576970088,2.1296845769942934,141.63556011442319,153.54499369139327,101.14480269887783,103.27448727587212,true,false
10,20.0,156.88724675064776,98.69000367146093,13.907326622166096,2.5606967108376324,150.83966596025786,164.74699258242396,97.06055127766828,99.62124798850591,false,false
10,20.0,155.90383598044343,98.62107890410874,11.453217574077769,2.6141365449518332,150.95433862653172,162.4075562006095,96.94543646536505,99.55957301031688,false,false
10,20.0,135.95527485853918,99.03651246458575,12.131271004874293,1.7528540031588733,130.75891825919928,142.89018926407357,97.88807905115759,99.64093305431646,false,false
10,20.0,158.93156707181168,98.56049400820808,14.322400155291689,2.7838733366392887,152.43535626322603,166.75775641851772,96.75996099595838,99.54383433259767,false,false
10,20.0,158.43822273774816,98.69394972490488,12.476167477164381,2.820755339602954,152.92395266295026,165.40012014011464,96.90758278232227,99.72833812192522,false,false
10,20.0,155.7902203950576,100.49310532162457,12.725100996001402,2.696737674819559,150.1124829681423,162.8375839641437,98.7808499339146,101.47758760873415,false,true
10,20.0,157.85437192412903,99.69283761233685,13.332059296216158,2.624681338423116,151.79032165461575,165.1223809508319,98.01793130439394,100.64261264281706,false,true
10,20.0,130.06740366685924,107.87596652159841,6.861082363899968,1.1011203921894008,127.2656141401482,134.12669650404817,107.1560140712119,108.2571344634013,false,false
10,20.0,154.10092819956907,101.76952297104562,12.904827411388283,2.4828025822655917,148.33574873305835,161.24057614444663,100.19010777987167,102.67291036213726,true,false
10,20.0,140.2724128402272,100.72217299995866,11.096596534725961,1.9712363127102037,135.67038981403877,146.76698634876473,99.45538331687813,101.42661962958833,false,true
10,20.0,152.8620022084313,99.49839098627248,13.640661882909654,2.4784139886066043,146.7362480090832,160.37690989199285,97.9218149813777,100.4002289699843,true,true
10,20.0,144.01933141875224,100.37562703845035,12.81675263608247,1.990272143407978,138.43441262005072,151.2511652561332,99.09578555585728,101.08605769926525,true,true
10,20.0,130.46288399280073,99.24720400579679,11.436727962121154,1.4116569180978473,125.5619116071968,136.99863956931796,98.3376028414486,99.74925975954645,false,false
10,20.0,143.36223899517339,100.89397861067707,12.854904305438112,1.9990109659647715,137.6985167797606,150.55342108519872,99.60871032455688,101.60772129052165,true,true
10,20.0,162.95191322383292,100.99145964910169,13.17017321679512,2.7565908998244737,157.0872272356566,170.25740045245172,99.24078430369313,101.9973752035176,false,true
10,20.0,147.04087925703018,103.85088329930261,12.327271341437893,2.001877615971182,141.51492986695774,153.84220120839564,102.55017154832137,104.55204916429255,true,false
10,20.0,137.45382435005783,102.51517937635636,10.193383471228515,1.6175382045749842,133.2295116602168,143.4228951314453,101.48392481289581,103.10146301747079,false,false
10,20.0,162.37392053954446,98.54864531899723,12.58259795127168,2.963817233373973,156.7938089482717,169.37640689954338,96.66935572634142,99.6331729597154,false,false
10,20.0,155.94049559522077,99.68916729143952,12.333404561340132,2.685028168431103,150.5511962208158,162.88460078215593,97.99934820158029,100.68437637001139,false,true
10,20.0,157.89314099628808,99.75420335290195,12.852948935299224,2.5873761858671003,152.1903168669982,165.0432658022974,98.09686712153737,100.68424330740447,false,true
10,20.0,146.87857354163106,99.81641044947678,11.392930369110417,1.976756831279971,142.06418208568695,153.45711245479737,98.56565321544505,100.54241004672502,true,true
10,20.0,155.53117846793936,99.52640814609435,13.020972866634821,2.700996920050045,149.7561456296225,162.77711849625732,97.80178422125411,100.50278114130415,true,true
10,20.0,159.08060943639362,98.8664214514807,12.951733628723105,2.7769313470282952,153.55573760485413,166.50747123357723,97.10140499195262,99.87833633898092,false,false
10,20.0,133.0539278140878,100.6340232573462,11.679816153154064,1.5770037374062298,128.11102838895047,139.79084454210454,99.62297813188613,101.19998186929236,false,true
10,20.0,143.7743961302642,102.49772331164434,12.058993759855355,1.8559147882860287,138.67988573456,150.73887949441536,101.3094123514677,103.16532713975373,true,false
10,20.0,153.5987017622871,99.70403034247178,12.829334040073832,2.4607334831066225,147.88691533208635,160.71624937216018,98.1139163182624,100.57464980136902,true,true
10,20.0,137.84369602591613,99.29210064072107,12.02391010038258,1.6901233622444352,132.59341541093727,144.61732551131985,98.18693358763849,99.87705694988293,false,false
10,20.0,153.50714428366945,99.8735821238921,14.480677644814506,2.479138225573209,147.01913846533935,161.49981611015386,98.24771677471608,100.72685500028929,true,true
10,20.0,159.43338677071924,98.8213696200954,12.935602716488347,2.6655056782046955,153.95192956192233,166.88753227841067,97.09240017899033,99.75790585719503,false,false
10,20.0,140.50301069523385,99.80887521805354,12.054062779830844,1.739074438254491,135.06225496808418,147.11631774791502,98.66787955784483,100.40695399609932,false,true
10,20.0,129.54993748019834,100.40834543735912,10.878594744755986,1.4752624638358753,125.02182239963082,135.9004171443868,99.47917252072057,100.95443498455644,false,true
10,20.0,120.2604720747269,101.79668038904558,6.912343540021496,1.010409409588675,117.37705091485566,124.28939445487715,101.13410007170754,102.14450948129621,false,false
10,20.0,155.83652284379266,101.92317965455894,12.679931350573753,2.5582661850057917,150.44334789692027,163.12327924749403,100.26314932565828,102.82141551066407,false,false
10,20.0,159.6418597374426,99.21010888801169,13.820540580853645,2.731046138176197,153.23918374272426,167.0597243235779,97.48542834155434,100.21647447973054,false,true
10,20.0,151.5369734025919,100.27418837938177,12.691149192624323,2.5197585828682634,145.90713119160523,158.59828038422955,98.60477151494526,101.12453009781352,true,true
10,20.0,136.997334498826,100.12278317167883,12.146686361737835,1.5946612190315363,131.85688516783188,144.0035715295697,99.1175727488386,100.71223396787013,false,true
10,20.0,136.95066208795038,99.11931205337937,11.703817815314324,1.8713751955709483,132.10880229823522,143.81262011354954,97.9137100637221,99.78508525929306,false,false
10,20.0,135.25632361417308,99.38793483833919,10.590399844731706,1.7784946514042161,130.75919358476318,141.3495934294949,98.24565555367214,100.02415020507635,false,true
10,20.0,150.57261023170986,105.14010015439857,12.743023634608647,2.135060336496551,145.01151142557896,157.7545350601876,103.75678474221161,105.89184507870816,true,false
10,20.0,130.41236521744074,100.18937633905837,11.225182266092887,1.4329274309223337,125.66234970970682,136.8875319757997,99.29859851958668,100.73152595050901,false,true
10,20.0,157.16371463913308,98.43217996507761,13.306200476901154,2.6852557019449534,151.07530486541498,164.38150534231613,96.75285660282316,99.43811230476811,false,false
10,20.0,163.20672335778502,98.63242417971004,13.793255668500507,2.932371986072468,157.0145757375881,170.8078314060886,96.7226916566976,99.65506364277007,false,false
10,20.0,156.54355451508073,98.55989604295857,13.560165728988807,2.8090355268403613,150.63084213877372,164.19100786776252,96.78236884141565,99.59140436825601,false,false
10,20.0,147.81158472716396,99.79448621619554,12.764030627817505,2.3313221234298,142.35861271846133,155.12264334627883,98.312171566011,100.6434936894408,true,true
10,20.0,155.84201149862992,99.31598610321103,13.702643449995179,2.5417199095897587,149.59780238172252,163.3004458317177,97.67545679912153,100.21717670871129,true,true
10,20.0,159.97063833829594,105.96962666879806,12.024554262683665,2.4297641919872746,154.43663056109253,166.4611848237762,104.4257195612906,106.85548375327788,false,false
10,20.0,150.98402961393026,105.23638676291294,10.185519968992878,2.204089547044461,146.76645185222816,156.95197182122104,103.77640054378423,105.9804900908287,true,false
10,20.0,152.6233655089328,98.60797796521247,13.614695730554018,2.614566756452078,146.19956036297103,159.81425609352505,96.95635983496533,99.5709265914174,true,false
10,20.0,151.9875576503086,100.3189922945169,12.836846760320157,2.40352982727822,146.31569911031775,159.1525458706379,98.76207130712618,101.1656011344044,true,true
10,20.0,156.7588931049056,98.98561720511076,10.943421465379316,2.7113430047854763,152.02932413729417,162.97274560267348,97.27892740004108,99.99027040482656,false,false
10,20.0,153.20013308252786,100.33407743559914,11.860157847649674,2.4179171793842755,148.026733845646,159.88689169329567,98.80705727013188,101.22497444951615,true,true
10,20.0,144.38451995548604,101.86488777333521,12.320502476093168,2.0187659634391792,138.97812193173903,151.2986244078322,100.5610597284027,102.57982569184188,true,false
10,20.0,148.07991782142358,99.59812807142869,13.733023946810675,2.2907196517547987,142.08627168768513,155.8192956344958,98.13294059784614,100.42366024960094,true,true
10,20.0,150.16751419757566,98.53374639239584,11.833096264900348,2.5034403436906416,145.06104344016285,156.8941397050632,96.94320136377772,99.44664170746836,true,false
10,20.0,146.9120629909408,98.79141432268,13.398635085882376,2.1466009373573627,141.0473673698505,154.44600245573287,97.41157571823902,99.55817665559638,true,false
10,20.0,132.06214108221621,99.10679628997006,10.273017535789549,1.680204568232142,127.96493957765678,138.23795711344633,98.02008645485026,99.7002910230824,false,false
10,20.0,147.0588002665453,102.18282589127696,12.777043450833332,2.0002373670492517,141.5267239860236,154.30376743685693,100.93512196585469,102.93535933290394,true,false
10,20.0,157.3964767707314,98.74740503912602,13.102664995467961,2.5380922573334175,151.6054414456282,164.70810644109616,97.1491362192605,99.68722847659392,false,false
10,20.0,159.01709551394387,99.2406339884567,12.969856532511756,2.7384031879250585,152.89330822519534,165.8631647577071,97.47722707290258,100.21563026082764,false,true
10,20.0,151.68764098880217,99.38157178168004,13.691009275907874,2.3254145493715725,145.66599926900088,159.35700854490875,97.91518272545387,100.24059727482545,true,true
10,20.0,142.64176119330205,99.0540257703061,13.149568181208934,1.88753475316949,136.8759448340232,150.02551301523212,97.84499567404596,99.73253042721545,true,false
10,20.0,150.50991248943814,99.90752316706275,12.065554444454165,2.42527320617954,145.34332760207099,157.40888204652515,98.37643230346536,100.8017055096449,true,true
10,20.0,150.11974182498545,101.93801093189869,12.767323628606732,2.331859883370214,144.44229809790346,157.2096217265102,100.46196334219886,102.79382322556907,true,false
10,20.0,164.8443560822663,99.26573480915661,13.032121057580724,3.1384655087615556,159.01841693287307,172.0505379904538,97.24083770718426,100.37930321594581,false,true
10,20.0,165.29110331540886,101.40890262949328,12.689088009871199,3.071943019816601,159.64525491047914,172.33434292035034,99.46890418963471,102.54084720945131,false,true
10,20.0,141.65714819143363,100.09202378120918,11.392147206902507,1.8492316117258696,136.51842840442836,147.91057561133087,98.90314870861374,100.75238032033961,false,true
10,20.0,149.54846199049695,98.72370092058706,14.288448998684004,2.3719458288531428,143.36247748209883,157.65092648078283,97.24143052580106,99.6133763546542,true,false
10,20.0,158.9711523454127,98.78962537246284,13.164172477682428,2.904703437243157,153.17336378738887,166.3375362650713,96.905064241519,99.80976767876216,false,false
10,20.0,153.62953418975877,99.54217461735482,13.184504635583181,2.379124664990826,147.59353120226348,160.77803583784666,98.03034162177565,100.40946628676647,true,true
10,20.0,160.3799943648226,98.52052594862582,13.5001628394391,2.8029391399210795,154.02061811749672,167.52078095693582,96.75792419490307,99.56086333482415,false,false
10,20.0,153.87600968838518,101.66185087378935,13.189041350056783,2.4069027048272176,148.05222580317246,161.24126715322924,100.13194376398023,102.53884646880745,true,false
10,20.0,154.46556389287306,98.46058920094164,12.430475344916317,2.4845084248085527,148.96111966283158,161.3915950077479,96.85969063047675,99.3441990552853,true,false
10,20.0,150.32420036525212,99.13997894425944,12.909466619287912,2.3208001950995083,144.51452886346473,157.42399548275264,97.63881117209988,99.95961136719939,true,false
10,20.0,145.44574451250952,103.36632311294662,11.947503113977916,1.9634712437084687,140.28370240196423,152.23120551594215,102.12740694952289,104.09087819323136,true,false
10,20.0,156.3334811263841,103.07946597879044,11.933648483518141,2.656973044799585,151.12188812255988,163.05553660607802,101.36649944197566,104.02347248677525,false,false
10,20.0,139.3156277083737,99.88088965027677,11.093134199618106,1.8125363544389899,134.55916769670668,145.6523018963248,98.7194392292427,100.53197558368169,false,true
10,20.0,154.08550021841765,100.94096379745194,12.945967028430374,2.5312794737585733,148.48345124254993,161.4294182709803,99.32543326874955,101.85671274250812,true,true
10,20.0,142.4197156580761,101.69959566889192,12.121008617606549,1.914230168015024,137.27106947366582,149.39207809127237,100.43088222662793,102.34511239464295,false,false
10,20.0,160.52680989895384,99.2673842925566,13.996992883753478,2.865885661798032,154.0663076170622,168.06330050081567,97.44818081064575,100.31406647244378,false,true
10,20.0,150.73845128475187,101.7636545511788,12.308359485878384,2.2547192101737323,145.5283256316241,157.8366851175025,100.2765440226576,102.53126323283134,true,false
10,20.0,149.60224150770034,104.36435726698474,12.235247370910258,2.330425084770127,143.9564565038738,156.19170387478405,102.86347331755661,105.19389840232674,true,false
10,20.0,151.75565879814138,99.77271717268619,13.81169352173842,2.489633324495273,145.5104776319871,159.32217115372552,98.20942074159464,100.69905406608991,true,true
10,20.0,150.2727606885845,99.86448364120439,11.243148539927773,2.141580578433775,145.56771816927332,156.8108667092011,98.49747139388003,100.63905197231381,true,true
10,20.0,154.7887094346612,98.52108843156236,13.691091072588279,2.7936713594031772,148.41907496721223,162.1101660398005,96.72499733222692,99.5186686916301,true,false
10,20.0,153.587567135595,103.30064017606006,12.636351329980641,2.1954877940131894,148.01218169273753,160.64853302271817,101.9171305835055,104.11261837751869,true,false
10,20.0,150.22501915261356,99.06792676966126,13.352985441570127,2.3394489126522586,144.19601935366262,157.54900479523275,97.55634739702302,99.89579630967528,true,false
10,20.0,152.3912890973799,98.6266113066603,13.425834310951188,2.3735629466722514,146.2008109107954,159.6266452217466,97.11180269414717,99.48536564081942,true,false
10,20.0,138.79106236625967,99.3597635313175,12.845994850227783,1.8277224845620168,133.09556944270227,145.94156429293005,98.17472373675717,100.00244622131919,false,true
10,20.0,143.9704806206941,99.55726845772165,13.21588451396272,2.0641826791851514,138.21404033662725,151.42992485058997,98.26064469031418,100.32482736949933,true,true
10,20.0,153.1533480747094,98.65101862927278,14.083998907099385,2.5778078017149255,146.73499646328145,160.81899537038083,96.9827628336997,99.56057063541462,true,false
10,20.0,156.98124007008352,98.48656411005796,14.523877571843315,2.514431042506118,150.47529980673588,164.9991773785792,96.89375934243346,99.40819038493957,false,false
10,20.0,147.43262006852058,101.12860078163195,12.672754767100429,2.038500945590215,142.0244306972885,154.69718546438892,99.83459703012483,101.87309797571504,true,true
10,20.0,156.47421097713868,100.07332948120708,14.274994377313988,2.622041987057372,150.41782543108064,164.69281980839463,98.3934162212804,101.01545820833778,false,true
10,20.0,159.12068968198622,98.33245603363164,14.439441152689682,2.7093367130420063,152.49604186871133,166.935483021401,96.61314839884058,99.32248511188259,false,false
10,20.0,154.64196120722767,99.25853378929489,12.987047670009702,2.7014866556603323,148.96173414918474,161.94878181919444,97.50649151677445,100.20797817243478,true,true
10,20.0,150.12067194700305,98.64343745285478,10.194946058316702,2.2839251935725287,145.6415060927584,155.8364521510751,97.21253952390599,99.49646471747852,true,false
10,20.0,158.48485076640003,100.18338520438948,13.850423006773724,2.6778172745158884,152.17766903452704,166.02809204130077,98.47579907378704,101.15361634830293,false,true
10,20.0,134.66550320143944,100.26834949938112,11.983654919238802,1.6081273621521746,129.59205255564692,141.57570747488572,99.260007564219,100.86813492637117,false,true
10,20.0,146.1663002260981,99.14729336868939,13.696254698388316,2.147607198519836,140.09821257254578,153.7944672709341,97.7658052618581,99.91341246037794,true,false
10,20.0,161.93243852224728,102.22968634825098,11.780678581607503,2.745368753801216,156.85242283760726,168.63310141921477,100.50460567723859,103.2499744310398,false,false
10,20.0,147.43465398846655,102.4926195145407,12.861171086285111,2.0390528247357054,141.8191300725546,154.6803011588397,101.18485056901466,103.22390339375036,true,false
10,20.0,146.627098589402,100.10574008112823,13.305681839887399,2.0542005474028997,140.77210553260423,154.07778737249163,98.81442110788079,100.86862165528369,true,true
10,20.0,147.60334326708013,100.01374412445529,13.495706741521786,2.20545714428863,141.64065297977447,155.13635972129626,98.62044319895605,100.82590034324468,true,true
10,20.0,151.10305691476503,101.39399810464873,12.738434298851018,2.519567461512949,145.2793814602271,158.01781575907813,99.74269202879024,102.2622594903032,true,true
10,20.0,137.1976520990883,100.80094737005172,12.595480251461765,1.8566317676769586,131.72597102505628,144.32145127651805,99.58874678527891,101.44537855295587,false,true
10,20.0,151.41898231407677,103.39584604197655,12.940787395829432,2.235223241037403,145.64712015227698,158.58790754810641,101.99145535399934,104.22667859503674,true,false
10,20.0,142.99525343283227,99.01922474958437,13.019999343834883,2.091735678341834,137.1572365811082,150.1772359249431,97.66014278817646,99.75187846651829,true,false
10,20.0,144.47077756534026,98.93488426137482,13.256409649614142,2.1318782852818288,138.68868103004232,151.94509067965646,97.57989918696886,99.71177747225069,true,false
10,20.0,149.62520100935933,99.9770295883152,12.69756460271796,2.35744307672978,144.18979440464219,156.88735900736015,98.45928280948225,100.81672588621203,true,true
10,20.0,150.90019793486016,100.00829092980734,11.527656089192874,2.272831633646689,145.87802537863723,157.4056814678301,98.58282799702523,100.85565963067192,true,true
10,20.0,143.54652582860504,99.4154555908563,11.625524109038452,1.9845425998820616,138.57092915161547,150.19645326065393,98.1675745107412,100.15211711062327,true,true
10,20.0,149.61513453721398,98.86422598016506,13.584591544333676,2.508823812669604,143.49083453936228,157.07542608369596,97.28183879479208,99.79066260746168,true,false
10,20.0,144.82413401020466,99.67823879663956,14.006875367507746,2.002216958015765,139.19040048667102,153.19727585417877,98.40506282484418,100.40727978285994,true,true
10,20.0,150.3517188937962,98.96837988136741,12.660819224616972,2.4152686817810576,144.74425780425847,157.40507702887544,97.39394133462557,99.80921001640662,true,false
10,20.0,144.81364031842133,98.85969824311707,12.860821656975872,2.1753996696645856,139.2083160964965,152.06913775347238,97.4480122367209,99.62341190638548,true,false
10,20.0,146.58340909605363,99.06575040909169,12.690040317160822,2.256900160699516,141.02047594214895,153.71051625930977,97.59790366953061,99.85480383023013,true,false
10,20.0,160.64548006550768,99.92070491315113,12.592925390396829,2.6986799803483166,154.92677256550263,167.51969795589946,98.2218658908859,100.92054587123421,false,true
10,20.0,160.72017173816812,99.49879579534866,14.354005516151318,2.817426039768648,154.21048117002877,168.5644866861801,97.67633438807191,100.49376042784056,false,true
10,20.0,136.4618329299425,99.66797066899952,12.383921029391274,1.6541816665781965,131.1192717732099,143.50319280260118,98.59619072102697,100.25037238760517,false,true
10,20.0,146.44879614912907,101.98145511420262,12.575644164525784,2.2211765189359767,141.00971943385144,153.58536359837723,100.57297642315154,102.79415294208752,true,false
10,20.0,135.57624307030233,99.5775063328941,11.73596767832845,1.6984847618208505,130.5197965102109,142.25576418853936,98.50658915741576,100.20507391923661,false,true
10,20.0,148.97492961847314,100.19760338373337,12.625925305703248,2.374872989499167,143.5043693278414,156.13029463354465,98.68666964014052,101.06154262963969,true,true
10,20.0,141.39820947313376,99.91275623244849,12.631413208944622,1.9495087035260923,135.88363850166849,148.5150517106131,98.66765894441622,100.61716764794231,false,true
10,20.0,144.3630879488419,98.82927425456445,11.216887196365803,2.1215344684384405,139.52109407608262,150.73798127244842,97.5292102316437,99.65074470008214,true,false
10,20.0,152.64513923216668,103.93084888866147,12.16357965761435,2.4640599992381027,147.16296295248483,159.32654261009918,102.37527014163308,104.83933014087118,true,false
10,20.0,149.87761104939216,99.03113370498869,14.571661968198896,2.2471960201092998,143.49151597774318,158.06317794594207,97.56835342392573,99.81554944403503,true,false
10,20.0,161.273664889319,99.10344640723316,12.297502074645934,2.83139729167155,155.6707177895745,167.96821986422043,97.20236667625161,100.03376396792316,false,true
10,20.0,146.86288612992698,99.34515857437614,12.88241673840912,2.415599203862115,141.05900942149694,153.94142615990606,97.76822606223723,100.18382526609935,true,true
10,20.0,155.63148089154737,103.92945605856625,13.855825558525112,2.4496679090341615,149.6720890040982,163.52791456262332,102.35543643459191,104.80510434362607,true,false
10,20.0,149.16475290182234,99.24514010282812,13.144269483882596,2.1414877245104833,143.3119072506419,156.4561767345245,97.91570521309689,100.05719293760737,true,true
10,20.0,151.34802475797642,99.53017771032326,13.168530989114771,2.369132893942023,145.60750453422366,158.77603552333844,97.97818802374111,100.34732091768313,true,true
10,20.0,154.8693638541739,100.07768794525091,13.176973877557998,2.679356203772741,149.00798470526084,162.18495858281884,98.34619213774101,101.02554834151375,true,true
10,20.0,147.69769670413496,101.34449841311991,12.210296355661796,2.1969841414852453,142.51860955082117,154.72890590648296,99.92575312807696,102.12273726956221,true,true
10,20.0,159.66467287035135,99.55266542620396,14.244418111758534,2.7371581950611557,153.18775380254542,167.43217191430395,97.77619026352588,100.51334845858703,false,true
10,20.0,140.11084868889827,100.55392939876764,13.01739328249667,1.8965844435451942,134.32023921139185,147.33763249388852,99.34717328073246,101.24375772427766,false,true
10,20.0,143.24947211443384,104.48407381877864,11.005877490645048,1.8143995528110963,138.36506553039334,149.37094302103839,103.29845869676987,105.11285824958097,false,false
10,20.0,145.23928359965825,100.41001426244596,12.81725650272952,2.1791172280068167,139.51003786363117,152.3272943663607,99.01812605926904,101.19724328727585,true,true
10,20.0,151.8049764075572,100.81381676775385,13.211104681132667,2.213417911545818,145.56930737079162,158.7804120519243,99.39336438164679,101.60678229319261,true,true
10,20.0,148.62315016157282,100.43838644837524,13.48556373261232,2.2353285268579413,142.45412486453412,155.93968859714644,99.02270604117219,101.25803456803013,true,true
10,20.0,141.5263299166537,101.80532662955487,11.880069382143375,1.7672396913778954,136.4166548627048,148.29672424484818,100.67959406159423,102.44683375297213,false,false
10,20.0,153.26567259701955,103.38080453253107,11.031859276288912,2.356110046331196,148.6178145830903,159.64967385937922,101.86693267958421,104.2230427259154,true,false
10,20.0,149.66507890172028,99.82798402330903,13.267908476560734,2.203876375589516,143.6553058528112,156.92321432937194,98.43618773914703,100.64006411473655,true,true
10,20.0,148.83642105202415,100.28878301507709,13.689003853939624,2.249547070876602,142.6834564182791,156.37246027221872,98.8490823485964,101.098629419473,true,true
10,20.0,148.18940223495537,101.15379581389476,12.598082649539634,2.1825532761955344,142.66355561173702,155.26163826127666,99.76628993533437,101.9488432115299,true,true
10,20.0,145.52592312463997,99.59340298342951,14.006816255411024,2.3245431860339494,139.0742898167398,153.08110607215082,98.10590535918304,100.43044854521699,true,true
10,20.0,151.5280429735925,99.44531214538443,13.14522299149877,2.3987932163534254,145.80774373848135,158.95296672998012,97.88506072591147,100.2838539422649,true,true
10,20.0,161.6657280664461,98.24018208851898,14.022980800160639,2.91035789622822,155.12709773949467,169.1500785396553,96.38760854089011,99.29796643711833,false,false
10,20.0,151.30053500774062,99.57367878684579,13.708478200105048,2.3725494079041596,145.1745218053028,158.88300000540784,98.07414503425255,100.44669444215671,true,true
10,20.0,152.3305467046414,98.69513287361232,14.374414170075568,2.5831378318791565,145.73705802996,160.11147220003556,97.0601262134031,99.64326404528225,true,false
10,20.0,142.48968906489006,100.50634763773652,11.662833603705678,1.9659949804690484,137.62998025568908,149.29281385939476,99.26322799568035,101.2292229761494,false,true
10,20.0,157.78024366666273,98.37851978248449,15.074450880253352,2.504300269555813,150.8507975956198,165.92524847587316,96.80117942698442,99.30547969654023,false,false
10,20.0,144.57606420969267,99.06479236789171,12.06187172489902,2.186000713911625,139.38456217374213,151.44643389864115,97.69197536187698,99.87797607578861,true,false
10,20.0,153.89179590285585,98.89956199536826,12.87762863541792,2.529422498947767,148.45328572413868,161.3309143595566,97.2921719450545,99.82159444400227,true,false
10,20.0,155.57516635215222,100.07748968116708,13.962244168858405,2.6533309040705007,149.39710522844462,163.35934939730302,98.40512896701615,101.05845987108665,true,true
10,20.0,146.03538206269553,102.81232983133978,13.024352104893694,1.9577431221990622,140.5207863579957,153.54513846288938,101.54143243639828,103.49917555859734,true,false
10,20.0,150.4228390098316,98.5437188587613,13.936735181030599,2.380863183073913,144.0278655619424,157.964600742973,97.05625180741244,99.43711499048635,true,false
10,20.0,153.02760122400844,98.97986854947338,12.773396700082031,2.44057064499475,147.4772310583384,160.25062775842042,97.4127033090723,99.85327395406705,true,false
10,20.0,155.23440375331916,98.72220580931749,11.874053145192676,2.6895680324040683,149.98079396473727,161.85484710992995,97.02438811050872,99.71395614291279,true,false
10,20.0,138.64522083777834,101.01006936691911,13.054919504226376,1.7917024311074812,132.94522651370576,146.00014601793214,99.89465246917977,101.68635490028726,false,true
10,20.0,157.69179795512122,101.84070908662181,12.783572647560675,2.631993548489575,151.820684194688,164.60425684224867,100.15904170042491,102.79103524891448,false,false
10,20.0,156.02057078667104,98.54567880816593,12.72284031746247,2.565177928263779,150.44255853229186,163.16539884975433,96.90041330542954,99.46559123369332,false,false
10,20.0,147.39927496164825,104.18506282089646,11.911188752642687,2.015631305382712,142.10160755971432,154.012796312357,102.88014600448017,104.89577730986288,true,false
10,20.0,146.48635053052803,100.10068125374812,12.809358394968939,2.3029184840688544,140.6472041156566,153.45656251062553,98.66422910312521,100.96714758719406,true,true
10,20.0,143.54293287702694,100.71797148727686,11.897631673631622,2.1693337604103817,138.50373319653954,150.40136487017116,99.31309115096667,101.48242491137705,true,true
10,20.0,157.7916624907407,100.05974232733234,13.715811264730746,2.5433250961028193,151.73505000007174,165.45086126480248,98.45966525354854,101.00299034965136,false,true
10,20.0,150.0339344969011,103.01993725212606,11.17022159677677,2.4425409516087484,145.1990404703762,156.36926206715296,101.46329268470001,103.90583363630876,true,false
10,20.0,155.68802138028093,99.28942903356095,11.943181349034887,2.7434016990544308,150.42379862606415,162.36697997509904,97.48569104693698,100.22909274599141,false,true
10,20.0,154.9755829866582,99.13910069453976,13.865667487305842,2.6088048420501195,148.67740324724375,162.5430707345496,97.50625416137927,100.1150590034294,true,true
10,20.0,141.00447867177598,104.24865702576204,11.156091865751478,1.7112612280419341,136.16077749570582,147.3168693614573,103.15111290596157,104.8623741340035,false,false
10,20.0,153.1617120892904,100.68047395131899,13.328931101661198,2.361856990909075,147.2770742877931,160.6060053894543,99.18838573406518,101.55024272497425,true,true
10,20.0,161.38569242236852,98.60390208277389,14.205599817612551,3.0224918836979384,154.61393015960297,168.81952997721552,96.69156782043035,99.71405970412829,false,false
10,20.0,137.68442112857815,100.4408245933727,11.215350950343208,1.8867279640776786,132.9869078529645,144.2022588033077,99.22727745493901,101.11400541901669,false,true
10,20.0,160.1950056509338,102.6192170127685,12.36468899291279,2.894493326521143,154.577659057214,166.94234805012678,100.7441049336613,103.63859826018245,false,false
10,20.0,142.20728548713154,99.81005578373752,11.954012629532002,1.9221359296591345,136.89951543664824,148.85352806618025,98.54997093430447,100.4721068639636,false,true
10,20.0,165.09349005109476,100.47646542678623,14.776576016734737,2.998942043744222,158.34323259462076,173.1198086113555,98.60775093564058,101.6066929793848,false,true
10,20.0,153.2527481278313,101.03184432491949,13.390656710107123,2.440790304188539,147.11144042904698,160.5020971391541,99.44718303070422,101.88797333489276,true,true
10,20.0,156.8584337674162,101.7758009589827,11.250542073122432,2.5637016987914194,152.02945692137433,163.27999899449676,100.1162050256122,102.67990672440362,false,false
10,20.0,155.77367565780523,98.67574605859367,13.406436675951795,2.3946700405238914,149.50266595111336,162.90910262706515,97.1833330634741,99.57800310399799,true,false
10,20.0,161.05130413471446,98.61021625281751,12.709816811958007,2.7230949251679277,155.17791101278175,167.88772782473976,96.91295221317209,99.63604713834002,false,false
10,20.0,144.63115626354693,101.83049802422703,12.333921689888712,1.850605954957885,139.00219056315356,151.33611225304227,100.62641286865951,102.4770188236174,true,false
10,20.0,141.91872855113547,99.30885840268536,13.440110487228992,2.1090624677517127,136.0219293567004,149.4620398439294,97.94443403408707,100.05349650183878,false,true
10,20.0,157.92399878471707,100.49716077749997,14.435381761030953,2.6749815819566862,151.1251289937374,165.56051075476836,98.75598504271647,101.43096662467316,false,true
10,20.0,156.67755744860915,99.08216326934058,12.708083837114629,2.610501488446573,150.81444182988662,163.52252566700125,97.44629983810779,100.05680132655436,false,true
10,20.0,160.55460737361966,98.96918935173952,12.759415400742057,2.691229712977645,154.47215558624436,167.2315709869864,97.18517511999914,99.87640483297679,false,false
10,20.0,134.29775935067983,100.2212247958094,12.605495392401991,1.5009941726161031,128.9787864027117,141.5842817951137,99.26983999707561,100.77083416969171,false,true
10,20.0,152.66318587238337,98.62448093983613,12.649837321198447,2.639526918704618,147.2501756905187,159.90001301171714,96.98321210701894,99.62273902572356,true,false
10,20.0,152.2559683763571,99.24529471572103,12.79907976004273,2.6071686088399844,146.2159164007703,159.01499616081304,97.56194633012892,100.1691149389689,true,true
10,20.0,142.57281696686522,102.964178557941,11.758413820302223,1.8074823336093147,137.72062591619053,149.47903973649275,101.8250922767434,103.63257461035272,false,false
10,20.0,135.3346591212603,102.38835879723499,10.171601977078069,1.6814931607210042,131.16629056353932,141.3378925406174,101.31517423793711,102.99666739865812,false,false
10,20.0,157.24985464630694,99.03503378839648,12.858673001974864,2.8087293243029734,151.74509358478943,164.6037665867643,97.25478474314401,100.06351406744699,false,true
10,20.0,135.20874139506827,99.235002903836,12.628356045340524,1.80781274666208,130.05628598328548,142.684642028626,98.09287202513573,99.90068477179781,false,false
10,20.0,142.87096713728687,100.11652712905492,11.354768008634721,2.0742131870248244,137.71531135107938,149.0700793597141,98.78017991088917,100.854393097914,false,true
10,20.0,145.69312514227093,99.0010557523153,14.556233213834304,2.2562600758254803,139.25237691438457,153.80861012821887,97.55296487793534,99.80922495376082,true,false
10,20.0,157.94173431570817,99.76669192802345,12.554264866114778,2.5718075052891436,152.8085513029107,165.36281616902548,98.13288076706918,100.70468827235833,false,true
10,20.0,147.4088570934787,99.79629308501474,13.241295713695393,2.3884812325274254,141.9289171247368,155.1702128384322,98.25625528307621,100.64473651560364,true,true
10,20.0,160.37516389070373,100.52625260387043,12.98742023576014,2.8950548196721257,154.48553784285176,167.4729580786119,98.66847821381312,101.56353303348524,false,true
10,20.0,134.60547334996937,99.6956818059848,12.03351224967389,1.6111429169998104,129.41254973768497,141.44606198735886,98.6602220954491,100.27136501244891,false,true
10,20.0,147.8663475924256,101.5817298319568,13.573071362980556,2.0860350110189216,141.58859014203543,155.16166150501599,100.23017773519386,102.31621274621278,true,false
10,20.0,146.55743202912572,99.89956575651101,12.975396200498693,2.1653149646094647,140.5053832688724,153.4807794693711,98.51438859257,100.67970355717947,true,true
10,20.0,146.48945423175036,99.47262826517397,12.538105258455516,2.2964923132901305,141.01242939686222,153.55053465531773,97.99336516915376,100.28985748244389,true,true
10,20.0,158.58278333167436,99.53040575216538,12.729661785074057,2.607138366344273,152.90744706780973,165.63710885288378,97.85957866383166,100.46671703017593,false,true
10,20.0,154.12484471217925,100.4037709794199,12.292046456991443,2.5008458372600018,149.06473321995193,161.35677967694338,98.8277858818622,101.3286317191222,true,true
10,20.0,154.32734214729894,99.48472533816931,13.336062026239716,2.588465708859758,148.30574077290058,161.6418027991403,97.83005157597003,100.41851728482979,true,true
10,20.0,152.00124941368117,100.33655250289297,14.168966766260695,2.381574416178836,145.46690767518484,159.63587444144554,98.77566388081524,101.15723829699408,true,true
10,20.0,143.54203759964474,99.42694309456908,11.886785444727082,2.1063440243701734,138.44247860563652,150.3292640503636,98.09204528749507,100.19838931186524,true,true
10,20.0,149.70521894831262,99.85880903488614,13.911149409777948,2.4319959907565334,143.5211997365241,157.43234914630204,98.35463923616794,100.78663522692447,true,true
10,20.0,140.27640086716445,104.12775001247184,11.234971828434652,1.7415195959217726,135.6457368189457,146.88070864738035,102.99601191128363,104.7375315072054,false,false
10,20.0,151.36275728926427,99.89478331153512,11.343914105900296,2.290619586497158,146.57341471714074,157.91732882304103,98.43539042996474,100.7260100164619,true,true
10,20.0,152.0783676006007,98.44907823551826,12.53861888961734,2.5153282583957832,146.46622161777668,159.00484050739402,96.8575722022806,99.37290046067638,true,false
10,20.0,145.92194740017794,98.75837806654735,13.804415423330084,2.2552462574505796,139.89771669320123,153.70213211653132,97.31808984357893,99.57333610102951,true,false
10,20.0,138.80033160802927,99.46561550074645,10.967017221304815,1.7623087401180442,134.08324424179204,145.05026146309686,98.35272624128015,100.1150349813982,false,true
10,20.0,150.81152274373198,98.5750662732638,13.956315228761127,2.4368648477724406,144.85000229318848,158.8063175219496,97.00390722834747,99.44077207611991,true,false
10,20.0,143.72090772821375,103.68736862522809,10.356909654317178,1.9323106249823638,139.29963571634255,149.65654537065973,102.46617287020446,104.39848349518682,false,false
10,20.0,153.27355345931414,102.48037598653636,11.907662038496198,2.4465093634822352,148.13627725085615,160.04393928935235,100.92152434655576,103.36803371003799,true,false
10,20.0,157.82734042088978,98.27117550277383,13.772774785533386,2.884278499380926,151.47837281155128,165.25114759708467,96.40762306928679,99.29190156866771,false,false
10,20.0,147.92734549537033,100.00537500234137,13.636642496001798,2.2281022980773173,141.72113817037229,155.35778066637408,98.58877795957478,100.8168802576521,true,true
10,20.0,152.39185864341243,100.47997066760095,11.690904093711339,2.3278082854567685,147.37639055022936,159.0672946439407,99.01278939839028,101.34059768384705,true,true
10,20.0,145.07483835518306,100.394148269054,12.99961793257853,2.0381696146625217,139.222473357935,152.22209129051353,99.11319317027478,101.1513627849373,true,true
10,20.0,138.07907193439155,99.17882351841533,13.079250173435582,1.8864606652469718,132.55504332742174,145.63429350085732,97.99046810648031,99.87692877172728,false,false
10,20.0,158.0567181312407,103.66944232887244,13.079099211336398,2.7169007825625613,152.12662952120323,165.20572873253963,101.9139058732972,104.63080665585976,false,false
10,20.0,140.60143829586667,101.226975737416,12.986866970474864,1.9301270481684583,134.73814243776184,147.7250094082367,99.972713986923,101.90284103509146,false,true
10,20.0,143.3807999592304,100.05860877423893,13.272564089138939,2.058984880902031,137.54002792609265,150.8125920152316,98.72709196058085,100.78607684148288,true,true
10,20.0,163.66447635569233,99.00715569498297,13.50043058163942,2.888218519744541,157.20411615243057,170.70454673407,97.15122328708527,100.03944180682981,false,true
10,20.0,160.1324557339526,99.18334411020732,13.148195434605668,2.751597522726982,154.2683989724705,167.41659440707616,97.44803036949712,100.1996278922241,false,true
10,20.0,162.2260351559071,99.60930301095418,13.211818551234558,2.8686879921447144,156.22639422527914,169.4382127765137,97.74462298927924,100.61331098142395,false,true
10,20.0,152.069965816334,99.59663809759351,13.795274678689822,2.309734509866445,145.70235089032877,159.4976255690186,98.14134210578558,100.45107661565203,true,true
10,20.0,155.9602074849116,101.20370804752028,13.192050869715104,2.440543500516455,149.97683815659644,163.16888902631155,99.63317078784846,102.07371428836491,true,true
10,20.0,153.5910563782429,101.54405198815249,13.130850489291305,2.4981168740187343,147.72260334101688,160.85345383030818,99.95018843232612,102.44830530634485,true,true
10,20.0,144.7839843144559,98.94709045100795,13.657752883410723,2.1322515317545623,138.82141876549093,152.47917164890166,97.58821276597261,99.72046429772718,true,false
10,20.0,158.64866040221082,100.58692435458542,14.369348325305907,2.6659026252082896,152.21959198971254,166.58894031501845,98.84364623279576,101.50954885800405,false,true
10,20.0,154.21112135146024,99.8253924955049,13.731330159470446,2.4445705757216416,147.9718533107788,161.70318347024926,98.26066723963406,100.7052378153557,true,true
10,20.0,160.3423162113763,100.18275815758365,11.960391744997793,2.798838427758625,154.86143291192676,166.82182465692455,98.46986567565331,101.26870410341193,false,true
10,20.0,146.70092188053042,101.6775397410156,12.376599431364184,2.141423282182288,141.18697676304788,153.56357619441206,100.28594123657014,102.42736451875243,true,false
10,20.0,162.67733170900405,99.50841122433035,13.310602446861338,2.7639196554906817,156.8049818234013,170.11558427026264,97.69235796985934,100.45627762535003,false,true
10,20.0,153.85242432899986,100.34325048069692,13.200893374116447,2.321850452243808,147.90249904338725,161.1033924175037,98.88440248693881,101.20625293918262,true,true
10,20.0,151.47290860998464,103.61968749624563,10.616858365458114,2.5384498965729847,146.82177333212906,157.43863169758717,102.0537021467346,104.59215204330758,true,false
10,20.0,157.14209374399206,98.87862572594358,12.032157729772592,2.6903895743705135,151.9011985736802,163.9333563034528,97.12068164665943,99.81107122102995,false,false
10,20.0,150.53260223886718,100.25605990230271,14.473715023617956,2.415295449167914,144.0951030539516,158.56881807756955,98.71494390821668,101.1302393573846,true,true
10,20.0,155.84071521387455,101.33016307011084,12.378906750169051,2.524907301278148,150.4044931630578,162.78339991322684,99.75071770635826,102.2756250076364,false,true
10,20.0,157.12402765367676,99.08585677097017,12.982792899810136,2.725708685727099,151.1480526977241,164.13084559753423,97.33560812235555,100.06131680808265,false,true
10,20.0,153.47724024223015,101.07046833968676,13.2651416924042,2.5721528161297584,147.564452958525,160.8295946509292,99.42112992609621,101.99328274222597,true,true
10,20.0,157.49448373868108,101.03163370409666,12.13595831900929,2.703486270780317,152.21178661149514,164.34774493050443,99.28653641795101,101.99002268873133,false,true
10,20.0,121.16937870319373,99.58269511735911,9.0792655812822,1.1220527501852047,117.55187597301547,126.63114155429767,98.86489875975128,99.98695150993649,false,false
10,20.0,155.07327893665288,99.12249457984456,13.297842458375698,2.7635155116151395,148.96871340147086,162.26655585984656,97.35245543474886,100.115970946364,true,true
10,20.0,144.14320691841493,99.68417782304294,13.78605983667913,2.122587735430102,138.3096998467662,152.09575968344532,98.35088752401457,100.47347525944467,true,true
10,20.0,154.7480585162961,99.92180879503431,13.335360990449487,2.5596096058405493,148.83621558367872,162.1715765741282,98.34224418475709,100.90185379059764,true,true
10,20.0,155.82466142955445,99.55275271493025,13.37121394916457,2.633618614530306,149.8150162754701,163.18623022463467,97.8126114740423,100.4462300885726,true,true
10,20.0,149.6952835666201,100.21068435870816,13.865236577652865,2.2396279444822937,143.76542339272106,157.63065997037393,98.77097507152212,101.01060301600441,true,true
10,20.0,158.30766359845006,99.3699223696189,13.085772812429667,2.534988597346242,152.35241322897633,165.438186041406,97.74861105874282,100.28359965608907,false,true
10,20.0,145.98209737519454,99.18358360721567,13.148513346748388,2.1782892999018912,140.2251563079636,153.373669654712,97.79162766503616,99.96991696493805,true,false
10,20.0,144.4085624236754,98.7848201056153,13.68273407924886,2.3782022569946974,138.19209157341712,151.87482565266598,97.25048007234773,99.62868232934242,true,false
10,20.0,142.18823783476955,102.40367181423875,10.497211388539569,1.790590421081049,137.9138910482468,148.41110243678636,101.26743130445243,103.05802172553348,false,false
10,20.0,138.7566932030682,103.16520758500997,11.9064954843019,1.6344138452871704,133.55733253185065,145.46382801615255,102.11511680975975,103.74953065504693,false,false
10,20.0,143.28260708209655,99.28346543313259,12.192462279506174,2.0998271356711484,137.9833461982261,150.17580847773226,97.92577697294024,100.02560410861139,true,true
10,20.0,150.16911835802046,98.6498827976551,14.143050289983307,2.4261091037397478,143.63743107671183,157.78048136669514,97.10720957424884,99.53331867798859,true,false
10,20.0,153.1895947540374,100.77371658471094,12.309122631002566,2.423481425543571,147.55703551592347,159.86615814692604,99.27276117568806,101.69624260123163,true,true
10,20.0,157.8720803578011,98.94734527501954,14.161977114594606,2.6061086815627306,151.5044095061919,165.6663866207865,97.29692065919419,99.90302934075692,false,false
10,20.0,143.73719613254028,102.25294814699248,12.531430654673471,1.8621089092334415,138.12934847020924,150.6607791248827,101.07338751476195,102.93549642399539,true,false
10,20.0,163.0339298175515,98.50000806347165,13.492122741293628,3.2581369813448617,156.989859323334,170.48198206462763,96.41606317174507,99.67420015308993,false,false
10,20.0,138.82557281483162,98.87298418562467,11.837470090156103,1.7942663741904994,133.47358883825808,145.31105892841418,97.75946587843214,99.55373225262264,false,false
10,20.0,158.47044869141328,99.05659591705773,12.356522791135689,2.8237227071857376,153.15928145639572,165.5158042475314,97.26092817071779,100.08465087790353,false,true
10,20.0,141.8591688574914,103.0848840858396,11.23275656988676,1.8774362783217242,136.86762909199672,148.10038566188348,101.89496864306861,103.77240492139033,false,false
10,20.0,146.6530875638627,99.73117624311016,13.25135443827449,1.9960486811040994,140.77136957501477,154.02272401328926,98.47579852706491,100.47184720816901,true,true
10,20.0,145.8007559014402,100.9768605977782,12.763101539054588,1.9798671930179808,140.31421754552636,153.07731908458095,99.69852798465637,101.67839517767435,true,true
10,20.0,159.6807534422997,98.52708124017889,13.852374712799161,2.773609529313944,153.1780109405145,167.03038565331366,96.73670282051799,99.51031234983193,false,false
10,20.0,147.23376363873535,104.54059147322656,11.34021101215032,2.1277375450664238,142.4158176974428,153.75602870959312,103.18364544835602,105.31138299342244,true,false
10,20.0,141.9100122755974,102.48217243375316,12.337271416386614,1.9042088388229104,136.43702371139528,148.7742951277819,101.23788534008213,103.14209417890504,false,false
10,20.0,146.1068301033593,98.96544344272645,13.28600100352773,2.1590033063970395,140.18441922454159,153.47042022806932,97.5733591265432,99.73236243294023,true,false
10,20.0,153.54853908726542,100.88180424972143,13.465000551506392,2.3363541466096365,147.4198359537656,160.884836505272,99.41084369311614,101.74719783972577,true,true
10,20.0,164.00679958790448,98.19113748644277,13.804786715999995,3.0504279323366035,157.8047131075647,171.6094998235647,96.2224531665432,99.27288109887981,false,false
10,20.0,159.73391060619323,101.70241186498042,12.321606883800598,2.791763995571074,154.19344740630746,166.51505429010805,99.95380518263624,102.74556917820732,false,true
10,20.0,159.45204231582795,102.14779057939694,12.290141797029236,2.558823454408099,153.8099577234246,166.10009952045382,100.54367340070874,103.10249685511684,false,false
10,20.0,156.10443444069395,100.74751071447946,13.007187951388687,2.629392410619417,150.29217045255513,163.2993584039438,99.12320343404134,101.75259584466076,false,true
10,20.0,149.4936340823113,99.13724164568865,10.782753163351998,2.3304617514411206,145.05843048564034,155.84118364899234,97.68575043651796,100.01621218795908,true,true
10,20.0,144.58253935784228,103.68315387733011,11.908786519141557,2.057436756636804,139.44552156509437,151.35430808423592,102.38395344677743,104.44139020341423,true,false
10,20.0,158.307673772572,98.56348190059794,12.357729089276205,3.0028234749712084,152.80506026326177,165.16278935253797,96.7251160905835,99.7279395655547,false,false
10,20.0,164.22458264361595,99.0176076163412,13.378756709978717,2.824942195123498,157.9447219252916,171.3234786352703,97.24800390035753,100.07294609548103,false,true
10,20.0,151.17629221950756,99.17876399102866,12.95626228427605,2.409788068896475,145.37311637307653,158.32937865735258,97.63832009114589,100.04810816004236,true,true
10,20.0,153.40925717638663,99.55339612232945,12.322467428023913,2.3644693056767494,147.90437743263328,160.2268448606572,98.04155590278737,100.40602520846411,true,true
10,20.0,137.56526562700648,99.45538541122798,11.99344402886797,1.7063841365904011,132.20714700255988,144.20059103142785,98.3396556450126,100.046039781603,false,true
10,20.0,147.2566431807108,100.1669821333169,13.633738452383767,2.366405736521358,141.46808819497713,155.1018266473609,98.62861623348995,100.99502197001131,true,true
10,20.0,154.38542217871588,103.73669804783854,12.676816165250841,2.3348595078117285,148.49608892582336,161.1729050910742,102.23775203735318,104.5726115451649,true,false
10,20.0,146.97902451518024,99.67239888048957,11.390568261731772,2.146089041702453,141.91196310000535,153.30253136173712,98.33268297999666,100.47877202169911,true,true
10,20.0,151.1461773002654,98.43174006118782,12.785654354362975,2.556558347322053,145.27142704425336,158.05708139861633,96.84337350991422,99.39993185723627,true,false
10,20.0,134.92069666849997,99.05913825956009,11.80885251845146,1.5873244645129887,129.8478581305124,141.65671064896387,98.04992132295777,99.63724578747076,false,false
10,20.0,155.54340904727763,100.99146964787218,12.498001514841917,2.615176980554736,150.18084089774013,162.67884241258204,99.34495074661542,101.96012772717016,false,true
10,20.0,148.88329055240976,102.73430208944347,12.719020344805188,2.1663785790737364,143.30329177307834,156.02231211788353,101.32336347484389,103.48974205391762,true,false
10,20.0,156.80945413983326,98.46236503247644,13.27143228051358,2.685466315312155,150.8907640061547,164.1621962866683,96.76058212238942,99.44604843770158,false,false
10,20.0,132.62823733436392,100.45510529627254,11.527203528200161,1.5196280241257796,127.57319644635724,139.1003999745574,99.49135306358457,101.01098108771035,false,true
10,20.0,152.59957091730718,100.5600443035126,12.295775573725535,2.2995326304053094,147.2179190306075,159.51369460433304,99.1145868595607,101.41411948996601,true,true
10,20.0,159.91044709596719,98.62299050169023,13.220692373152218,2.735314336487505,154.19615083996055,167.41684321311277,96.87385683434131,99.60917117082882,false,false
10,20.0,154.0956403321968,102.37376912677414,11.640091006973279,2.492384706955221,149.1809207109899,160.8210117179632,100.81920033348494,103.31158504044016,true,false
10,20.0,157.07621282713853,99.52433185496892,12.300476299911963,2.8129276775909346,151.71439941340896,164.01487571332092,97.73499424663294,100.54792192422387,false,true
10,20.0,154.01252484305962,102.81002625152203,11.941411408492598,2.5055060233991213,148.55941972213398,160.50083113062658,101.22766517850216,103.73317120190129,true,false
10,20.0,153.11801974917728,99.32483801562873,13.768900292598914,2.3051683221401476,146.90885547589176,160.67775576849067,97.88625780627538,100.19142612841553,true,true
10,20.0,153.98704496064013,100.57815516748461,12.672696323451618,2.500717151070006,148.36422851649667,161.03692483994828,98.95783413606051,101.45855128713052,true,true
10,20.0,145.89384891157192,107.01043724727992,11.270855546478458,1.83910281733516,140.94878960154762,152.21964514802607,105.83350772618392,107.67261054351908,true,false
10,20.0,130.03282580719582,101.49295274935554,9.934650807666571,1.3622036304882386,125.81265550075582,135.7473063084224,100.6173511002296,101.97955473071784,false,false
10,20.0,147.1711933168079,99.2758475999443,11.871424531641964,2.1553542555679286,141.9903680187295,153.86179255037146,97.92061932759131,100.07597358315924,true,true
10,20.0,148.311775741045,101.37487600534556,12.530277745662033,2.2869483705192977,142.7650967847843,155.29537453044634,99.91589217055684,102.20284054107614,true,true
10,20.0,132.06778273953725,100.31205439987656,11.599240210955031,1.5835402885825118,127.24940006254624,138.84864027350127,99.30348429007739,100.8870245786599,false,true
10,20.0,129.86836158764586,99.37321444650763,11.721645050070407,1.5328671152935271,124.90460685887979,136.6262519089502,98.39436011935194,99.92722723464547,false,false
10,20.0,150.70885642227069,101.55753139601919,14.468717310881914,2.452799433050245,144.2050411790488,158.67375848993072,99.96848127274663,102.42128070579687,true,true
10,20.0,151.29154495752664,100.07633263725597,12.367281721336155,2.2300137317307787,145.5779354198053,157.94521714114146,98.6422615827675,100.87227531449828,true,true
10,20.0,150.33824280317435,101.61071929731122,14.094924772528373,2.3013817323331835,143.95731144404618,158.05223621657456,100.10267537846886,102.40405711080204,true,false
10,20.0,156.3490531260732,99.53666842661305,12.197525897726138,2.596375948731179,150.75385147083617,162.9513773685623,97.86744965630484,100.46382560503602,false,true
10,20.0,150.21379389906696,103.96306251525961,12.405572355754515,2.207271128973886,144.66042083155168,157.0659931873062,102.55012583636515,104.75739696533904,true,false
10,20.0,143.3245618356309,102.88320647991625,12.438973064952307,1.971786624446139,137.69053622346505,150.12950928841735,101.62056581467992,103.59235243912606,true,false
10,20.0,149.46132331705385,99.04351268144111,12.096526633796742,2.388127914400741,144.36631245062674,156.46283908442348,97.4979963769425,99.88612429134324,true,false
10,20.0,142.96089198558929,102.24485680166129,10.948634484639285,1.907133702437008,138.32093147860826,149.26956596324754,101.02309943267527,102.93023313511227,false,false
10,20.0,158.4126299976322,100.67672915933142,14.46711609083053,2.948945469400897,151.93296094252344,166.40007703335397,98.79580584501721,101.74475131441811,false,true
10,20.0,143.44662648761567,99.0236556368719,13.400076564166085,2.080504069329052,137.7705941559685,151.17067072013458,97.670092469083,99.75059653841205,true,false
10,20.0,148.05243427173417,99.34118735848327,12.66797941872369,2.269133962159742,142.51006057116874,155.17803998989243,97.86454267607863,100.13367663823837,true,true
10,20.0,144.6323153182478,99.72932241887604,12.629526556162887,2.0416294233409076,138.99953236179067,151.62905891795356,98.44069686087829,100.4823262842192,true,true
10,20.0,149.4889217398717,99.8941253471275,12.93711587924227,2.2531677346502335,143.7625416898554,156.69965756909767,98.4286338097069,100.68180154435713,true,true
10,20.0,154.1562382773775,99.55351341865523,11.138119110306889,2.575151555659801,149.2885680581084,160.4266871684153,97.93161085062611,100.50676240628592,true,true
10,20.0,164.05125557915886,98.40364848823486,13.120060374336617,3.035140085840453,157.80750731377375,170.92756768811037,96.4556577492996,99.49079783514006,false,false
10,20.0,158.35382113414883,104.8410571210579,11.092938686720316,2.694004868889806,153.47445810273334,164.56739678945365,103.13291302576704,105.82691789465684,false,false
10,20.0,144.46322407421388,100.32630892284487,13.127451512357311,2.027836924507781,138.72918633522528,151.8566378475826,99.04986469006846,101.07770161457624,true,true
10,20.0,152.8282511987254,98.75104681954375,11.766217883611603,2.3983508077016324,147.6254947358434,159.391712619455,97.22036739005802,99.61871819775965,true,false
10,20.0,141.96713843088014,102.97151644248846,12.549106167029862,2.0095301024693413,136.58685305207183,149.1359592191017,101.63523209491646,103.6447621973858,false,false
10,20.0,157.88323831307534,106.7872158179115,10.918916499059549,2.5707512703231714,153.28129086032322,164.20020735938277,105.1454470906755,107.71619836099867,false,false
10,20.0,149.3045211188433,100.317611980215,13.23448608856836,2.285798605575394,143.55791140737549,156.79239749594385,98.85662564013455,101.14242424570995,true,true
10,20.0,152.9739386290555,107.04067376446984,12.455004435906915,2.13562228469884,147.438289753926,159.89329418983291,105.66914214424568,107.80476442894452,true,false
10,20.0,159.0349093345494,99.19824536604952,14.533499559939827,2.6425462855237782,152.58278909110516,167.11628865104498,97.56458499392943,100.20713127945321,false,true
10,20.0,155.67695280841292,99.66494591986225,12.528184244898398,2.5926507349898458,150.1449939334616,162.67317817836,98.0181445220823,100.61079525707214,false,true
10,20.0,153.1370620187683,100.07445285966021,12.800464584604924,2.5729139228262454,147.59674878035102,160.39721336495595,98.44850418213312,101.02141810495937,true,true
10,20.0,157.8766185994517,98.67213948323169,13.54844815588686,2.910521771049119,151.74381132982217,165.29225948570902,96.7779983759151,99.68852014696422,false,false
10,20.0,158.16828243914273,103.10888641300315,11.857935787172181,2.6652434242177065,152.97372491368444,164.83166070085662,101.3813649863087,104.0466084105264,false,false
10,20.0,142.826717083544,99.98898361847738,10.977582060839438,2.009870766415716,138.14220164146928,149.11978370230872,98.71291292395877,100.72278369037448,false,true
10,20.0,146.8204845380608,99.45031318277914,12.835437112985318,2.315468819676042,141.14541514259122,153.98085225557654,97.9421449691749,100.25761378885095,true,true
10,20.0,160.24269245307892,98.66919388690857,13.28326711173986,2.6928331239717807,154.4522911106937,167.73555822243355,96.95908919040568,99.65192231437746,false,false
10,20.0,136.73844469984743,99.88118755540177,11.951346349133189,1.786316022272601,131.53764723835312,143.4889935874863,98.72471365603914,100.51102967831174,false,true
10,20.0,137.2430856682962,103.25873792083135,10.421899430220265,1.6882380980187435,132.69954276001388,143.12144219023415,102.19964522554271,103.88788332356145,false,false
10,20.0,143.76186871461675,99.29180987888037,12.09670008125289,2.081580285114825,138.6144219299262,150.7111220111791,97.94231794474311,100.02389822985793,true,true
10,20.0,153.8037127849259,99.30700153257754,14.419749600719712,2.53227563908969,147.2529500587639,161.6726996594836,97.64153230379333,100.17380794288302,true,true
10,20.0,154.93246020498236,102.19687777881443,10.6111149569345,2.5010185749525675,150.4997174868921,161.1108324438266,100.58308137994142,103.08409995489399,false,false
10,20.0,145.67161013928808,98.78444677375288,13.86453024791507,2.236917116649792,139.4784065631444,153.34293681105947,97.34857318364674,99.58549030029653,true,false
10,20.0,159.05146019247337,101.52703518628283,13.509754440240386,2.654437022001389,152.86729982953037,166.37705426977075,99.78861981391292,102.4430568359143,false,true
10,20.0,140.35465260947484,99.94260070644667,12.99631247361458,1.9621096872621138,134.5294733902054,147.52578586381998,98.66916035466608,100.63127004192819,false,true
10,20.0,149.87440427938054,101.52123166935172,13.383496878913945,2.149618807136818,143.77503519791898,157.15853207683293,100.15750838913102,102.30712719626784,true,false
10,20.0,152.12048103619068,99.58816405235297,12.940814277316349,2.4396729163943434,146.4521907648229,159.39300504213924,98.02749711395082,100.46717003034516,true,true
10,20.0,155.78187669896687,102.26817084332015,13.362261035594713,2.431436911338295,149.67097785487312,163.03323889046783,100.71328924745586,103.14472615879416,true,false
10,20.0,126.99675012974882,99.48802032500285,10.441330978756213,1.2873447975816816,122.61136135151321,133.05269233026942,98.67041603597349,99.95776083355517,false,false
10,20.0,156.51200928687933,98.72844881013899,13.385061773332069,2.786825031934214,150.62050919854175,164.00557097187382,96.90549411677337,99.69231914870758,false,false
10,20.0,155.27463175102832,100.65179744540598,13.653818970921293,2.5274475594790573,148.91636119353922,162.5701801644605,99.01931596917845,101.54676352865751,true,true
10,20.0,152.04574027365106,99.17546478659303,14.131484498838404,2.324200532471181,145.49124841462356,159.62273291346196,97.70768448418482,100.031885016656,true,true
10,20.0,151.1508108420167,99.15087643010787,13.772473626200195,2.3685036649543605,144.89152766499302,158.66400129119322,97.6222524850144,99.99075614996876,true,false
10,20.0,158.26951044514502,98.59406680363995,12.307170928622696,2.6718791266346784,152.74604969582128,165.05322062444398,96.86901766287414,99.54089678950882,false,false
10,20.0,159.58493446795362,99.07049470327672,12.979880595025719,2.6886515146164385,153.5289515632525,166.5088321582782,97.3615316571287,100.05018317174513,false,true
10,20.0,151.43515847840257,99.62013779694507,12.810748306307005,2.438442176887662,145.990847105851,158.801595412158,98.03432747490072,100.47276965178838,true,true
10,20.0,159.12450036765065,98.5223139407766,12.260063114444392,2.761264712746623,153.75743437631922,166.01749749076362,96.76830791511783,99.52957262786445,false,false
10,20.0,143.40804657010705,103.15706143926977,12.886330520157827,1.9273692465589818,137.98837415693276,150.8747046770906,101.93976199434005,103.86713124089903,true,false
10,20.0,147.13940508210803,99.7116197988467,13.571955006605208,2.2660031874557944,141.07403522195398,154.64599022855919,98.2286790958107,100.4946822832665,true,true
10,20.0,149.2308997221139,100.18973025783151,13.498401153663991,2.4037837702783946,143.04758379171292,156.54598494537692,98.64240358344723,101.04618735372563,true,true
10,20.0,150.3680329538952,99.51130498017841,13.600246097436866,2.1518437293148622,144.25591146564156,157.85615756307843,98.12982835688726,100.28167208620212,true,true
10,20.0,149.4070747860832,99.06934373265736,13.227243775469617,2.5099320939308285,143.89494699025687,157.1221907657265,97.49633703548004,100.00626912941087,true,true
10,20.0,156.9558814711667,100.45891602780695,13.271346733285526,2.5213742124685723,151.1320905189429,164.40343725222843,98.83870744146853,101.3600816539371,false,true
10,20.0,145.37143188784475,99.19324116845235,11.968239173358143,2.0785613688487103,140.1776651936131,152.14590436697125,97.84139330656024,99.91995467540895,true,false
10,20.0,157.8991241447565,101.19598445592891,11.772301460144575,2.661926836782044,152.68026884342908,164.45257030357365,99.47005803320894,102.13198486999099,false,true
10,20.0,149.45097392121897,101.87832196194003,12.049527675463366,2.271830837338797,144.31819555144267,156.36772322690604,100.4225378134451,102.6943686507839,true,false
10,20.0,155.41379478136065,98.64837662368788,13.26518506253916,2.7152864984289806,149.5198284764926,162.78501353903175,96.93637977831543,99.65166627674441,true,false
10,20.0,154.19226317775275,99.42580645519705,11.477744857806442,2.557707350185723,149.36481143502567,160.8425562928321,97.79608654756021,100.35379389774593,true,true
10,20.0,146.633691967448,101.98203369033081,12.585635059419047,1.966536421442072,141.00296367008193,153.58859872950097,100.72228339016095,102.68881981160303,true,false
10,20.0,153.03663246423758,101.81463013201052,11.056259724732598,2.3552863631421133,148.30020490050083,159.35646462523343,100.32472132984071,102.68000769298283,true,false
10,20.0,158.5347244121395,98.37262238051056,13.494929104274576,2.766845631703333,152.29318460828517,165.78811371255975,96.63650984968722,99.40335548139055,false,false
10,20.0,154.02028228552857,103.84120913625354,12.264226267739218,2.3557617791979055,148.46086054005636,160.72508680779558,102.33487914664121,104.69064092583912,true,false
10,20.0,161.25330598618189,99.82127894474031,12.698238428625558,2.7442620462975356,155.32424579734922,168.02248422597478,98.05433683219388,100.79859887849142,false,true
10,20.0,153.9116635968298,98.98509668412142,13.69981977845876,2.4868697579629497,147.55708814987946,161.25690792833822,97.41083079971413,99.89770055767708,true,false
10,20.0,150.66678610851332,100.08595959451827,13.705251963962695,2.4758040450821284,144.52377054646448,158.22902251042717,98.48013025131382,100.95593429639595,true,true
10,20.0,163.38670841581825,99.9342452092585,14.233658369654677,2.939745909969929,156.72352302818825,170.95718139784293,98.00005278623603,100.93979869620595,false,true
10,20.0,150.68435326671457,103.67195601021587,11.361373836248333,2.133528167759252,145.6540395022438,157.01541333849212,102.29411620695915,104.4276443747184,true,false
10,20.0,143.81686414147444,98.80282983253363,11.480610681907166,2.1388703870076426,138.68081407315162,150.1614247550588,97.42781832464817,99.56668871165581,true,false
10,20.0,155.64106937625326,99.1323561909368,13.894352653405463,2.6245314614278072,149.49528226529847,163.38963491870393,97.4279760742165,100.05250753564431,true,true
10,20.0,140.80623203106535,98.99086729235583,12.564370638250125,1.8794929048361126,135.53642802520142,148.10079866345154,97.79975498085611,99.67924788569222,false,false
10,20.0,149.4343181242034,99.49713893782848,12.42423533599586,2.302645955965758,144.01127937971353,156.4355147157094,97.9812582798046,100.28390423577036,true,true
10,20.0,146.2684380481649,103.48036494094123,12.071071205103067,1.9990884399835238,141.25963393853277,153.33070514363584,102.18128558323062,104.18037402321414,true,false
10,20.0,137.96022659992622,100.05984730608367,11.40114078275468,1.687682342391426,132.90373469814983,144.3048754809045,98.99133925268792,100.67902159507935,false,true
10,20.0,146.09540615744305,100.45872312120437,12.636888119671482,2.055460288664051,140.62502171459516,153.26190983426665,99.13174285724145,101.1872031459055,true,true
10,20.0,145.77026609988354,100.06547339311297,13.493781416420006,2.100592159638879,139.7540096823995,153.2477910988195,98.70144477293509,100.80203693257397,true,true
10,20.0,157.85856782828992,103.33937858548629,11.771766863336097,2.477814692956457,152.67334009672334,164.44510696005943,101.72319413732563,104.20100883028209,false,false
10,20.0,149.50164468092277,105.16987837782617,11.93885924188939,2.132027887807439,144.38902677827792,156.3278860201673,103.82581189179093,105.95783977959837,true,false
10,20.0,136.83330233523353,102.1035393389812,10.164678078557301,1.6255551070063774,132.57834181322738,142.74301989178468,101.06434299268089,102.68989809968727,false,false
10,20.0,155.50570496100215,102.61793131854924,12.246473277570061,2.4797052080440523,150.28687186279706,162.53334514036712,101.03193350837095,103.511638716415,false,false
10,20.0,150.0761045573032,99.30995472787072,12.147795578416265,2.3521493394869992,144.9230662479195,157.07086182633577,97.82307209478358,100.17522143427058,true,true
10,20.0,143.4416894662158,101.52592833055562,12.8803788496474,1.8842174102219786,137.8588051186518,150.7391839682992,100.30582260287277,102.19004001309474,true,false
10,20.0,142.82657274680594,99.03740229435572,14.047764574905358,2.035265621723127,136.67561749244973,150.7233820673551,97.73982119657428,99.77508681829741,true,false
10,20.0,157.55010105993162,98.61835088262745,12.88136344915867,2.8315643995317146,151.94618454361267,164.82754799277134,96.7811712592216,99.61273565875331,false,false
10,20.0,156.14339976563923,98.72153633092117,12.362001402643017,2.6764527755739778,150.84054393097037,163.2025453336134,97.0500221411729,99.72647491674688,false,false
10,20.0,142.77390201157996,99.35029996290274,12.14061101257272,2.0676342187107792,137.35729318483322,149.49790419740594,98.01436051251652,100.0819947312273,false,true
10,20.0,151.35423536157072,103.78067510501995,11.8862967708925,2.1245874657770543,146.19717572557704,158.08347249646954,102.45287448355147,104.57746194932852,true,false
10,20.0,156.29009488717583,98.6450284214967,12.648007561414516,2.6417685830511886,150.75250596889407,163.4005135303086,96.96237290776925,99.60414149082044,false,false
10,20.0,163.8011371572873,104.46116258342029,13.169146441276439,2.7658026955938624,157.7334218754067,170.90256831668313,102.72369062941375,105.48949332500761,false,false
10,20.0,155.5522566560379,102.68811458621128,13.076363935049471,2.42973510951623,149.7423102659073,162.81867420095676,101.12757238243,103.55730749194623,true,false
10,20.0,153.85507315087406,103.1081884290601,10.733904532758885,2.2710552086052758,149.22139210111578,159.95529663387467,101.66097816206289,103.93203337066817,true,false
10,20.0,147.175084402663,99.14168038452826,13.901098670276951,2.2271720735540868,140.99744891110277,154.89854758137972,97.70198984043124,99.92916191398533,true,false
10,20.0,159.55805729507122,99.2004606162067,13.853384695077864,2.9343591499582544,153.32100611925773,167.1743908143356,97.29196785111029,100.22632700106854,false,true
10,20.0,151.71238522439285,99.28200224749466,13.332089664574198,2.208986797025844,145.61526162849515,158.94735129306935,97.86318501455143,100.07217181157728,true,true
10,20.0,153.4209923664029,101.06975770718728,12.550242898812826,2.3047546161196095,147.6416635513909,160.19190645020373,99.60735909770722,101.91211371382683,true,true
10,20.0,156.95980451959684,98.71483113444768,13.52082385046333,2.673613145847611,150.70474845342233,164.22557230388566,97.01648654495156,99.69009969079917,false,false
10,20.0,151.03332260937916,101.8693668272087,12.222606341485687,2.261901949713092,145.592738128448,157.81534446993368,100.42521518633552,102.68711713604861,true,false
10,20.0,155.62052530659244,101.51017153825711,12.584244795224492,2.506002685668264,150.12544784868697,162.70969264391147,99.93173529778308,102.43773798345134,false,true
10,20.0,156.60959662464563,100.73959572101703,13.954177887666333,2.4899346259559962,150.25082954253264,164.20500743019898,99.16479699212938,101.65473161808538,false,true
10,20.0,136.93347524500075,102.22709574658379,11.359005375020985,1.595811945897168,132.13353606256845,143.49254143758944,101.21657814295784,102.81239008885501,false,false
10,20.0,146.00434336099892,98.89717400450915,13.072096082343279,2.1362107590259853,140.18746193292188,153.25955801526516,97.56028743853345,99.69649819755944,true,false
10,20.0,142.844988857627,101.21306754593004,12.430224876144251,2.0500315965515483,137.21796348812964,149.6481883642739,99.90525061841316,101.95528221496471,false,true
10,20.0,161.54836031480554,100.14963932764866,13.39655717511829,2.832439110119438,155.37026144660447,168.76681862172276,98.39243311180411,101.22487222192355,false,true
10,20.0,146.11307459319227,99.56263119712882,13.84583707342648,2.3165963096523114,139.84542979312653,153.691266866553,98.05647958582969,100.373075895482,true,true
10,20.0,159.5068327618666,103.00815996632294,12.539081859405968,2.6569243824405504,153.6731368226082,166.21221868201417,101.29940942085847,103.95633380329902,false,false
10,20.0,151.4223894195668,101.77787238894066,12.997634755411838,2.308614419145897,145.78975771889282,158.78739247430465,100.27551833967262,102.58413275881851,true,false
10,20.0,137.4640649639436,102.02014048370373,10.330360303911135,1.627000124142441,133.05044144994528,143.38080175385642,100.98020885088548,102.60720897502792,false,false
10,20.0,150.83931722788142,99.73360876723524,13.829781531924795,2.437513997002455,144.58021110427478,158.40999263619958,98.14430774788741,100.58182174488987,true,true
10,20.0,156.7709113033686,105.78464535723381,11.431964724032582,2.3689813645289775,151.50876142673104,162.94072615076362,104.24899880792681,106.61798017245579,false,false
10,20.0,159.5128692538354,98.88243453202111,14.277435669483452,2.602861639478732,152.95555468773375,167.2329903572172,97.23724743603856,99.84010907551729,false,false
10,20.0,142.82577164307258,101.81106362557378,12.660656120355611,1.9091251100077926,137.2456469211302,149.9063030414858,100.57735492917321,102.486480039181,false,false
10,20.0,159.5947268111395,101.89775133198015,12.855210093915161,2.8351131627537143,153.8568915135238,166.71210160743897,100.10210431387902,102.93721747663274,false,false
10,20.0,163.8021267250453,102.00770279365264,12.169268973155141,2.7886425085271185,158.46380099374502,170.63306996690017,100.24726612140005,103.03590862992716,false,false
10,20.0,142.7286100495884,103.26242783284648,12.580553208003948,1.8463335573081991,137.11324568955195,149.6937988975559,102.08416819480144,103.93050175210963,false,false
10,20.0,151.80685796937195,100.19016641298711,13.163483825404967,2.3723706147034846,145.8955999765113,159.05908380191627,98.68104589179246,101.05341650649595,true,true
10,20.0,159.5127751576654,101.19285650263731,13.616725842194313,2.7921252954037357,153.4278590194041,167.04458486159842,99.412120159772,102.20424545517574,false,true
10,20.0,136.6495165055762,99.94970498038876,12.03717963128068,1.7202094446509335,131.43207783536678,143.46925746664746,98.84630031763744,100.56650976228838,false,true
10,20.0,145.60400855061982,98.6976213949723,13.829160050812845,2.07894344591827,139.33799154414672,153.16715159495956,97.39355663612588,99.47250008204415,true,false
10,20.0,149.27519312123138,104.13666015870339,13.49433514343528,2.1115643506223734,143.62318773476653,157.1175228782018,102.79568832631999,104.90725267694236,true,false
10,20.0,150.27568628410526,106.94744179073676,11.758673563712506,2.0031086171181443,144.96871002016547,156.72738358387798,105.67365524157047,107.67676385868862,true,false
10,20.0,144.54099908174663,99.44455129734007,12.599045561903324,2.045501395857471,138.99579710918232,151.59484267108564,98.12308831059724,100.16858970645471,true,true
10,20.0,163.81819689412063,101.03674632302776,13.191797064649563,2.7793169863403904,157.87370457933477,171.06550164398433,99.29810456323513,102.07742154957552,false,true
10,20.0,151.74953694764457,98.82745835662521,14.44342036815624,2.430193994661792,145.63545487774059,160.07887524589682,97.30915697127134,99.73935096593313,true,false
10,20.0,139.1507611061416,98.956842662865,12.814894139892345,1.7765573411772806,133.85275292005807,146.6676470599504,97.80512774358846,99.58168508476574,false,false
10,20.0,156.60027570249883,99.60982924051314,13.918316860989421,2.632454135258115,150.18110525569477,164.0994221166842,97.93335096404222,100.56580509930033,false,true
10,20.0,148.16889888900417,99.94224898273464,12.134094634128616,2.188617397423627,142.81701772259368,154.9511123567223,98.50792790082141,100.69654529824504,true,true
10,20.0,147.11263094455512,103.1131925727718,11.877680425507066,1.9164517623638488,141.7148052528241,153.59248567833117,101.87731497409217,103.79376673645602,true,false
10,20.0,159.79724403310485,99.4276081209562,12.763910851563935,2.437410109869859,154.3024989106195,167.06640976218344,97.86561963966489,100.30302974953474,false,true
10,20.0,148.6481249568674,101.82596367845753,11.143814059589374,2.2151579806510853,143.93907347782354,155.08288753741292,100.38342099484073,102.59857897549182,true,false
10,20.0,160.0651440695941,100.0579721860506,13.086290892379452,2.842743746213614,154.2684801195577,167.35477101193715,98.26078569574068,101.1035294419543,false,true
10,20.0,154.1964857082468,101.11024292564592,13.747897249655011,2.3869632923800026,147.98369674575372,161.73159399540873,99.55289436739244,101.93985765977244,true,true
10,20.0,140.98233948445375,99.85004125489401,12.229065617082512,1.8939365565216946,135.9423279457359,148.17139356281842,98.63787482504138,100.53181138156307,false,true
10,20.0,128.96536703454484,99.370782693472,10.08457970802364,1.3810315338752872,124.70464925056426,134.7892289585879,98.4861573501968,99.86718888407209,false,false
10,20.0,152.11478699601696,99.45077541230825,13.773152263935174,2.3443411276535215,145.66523184334454,159.43838410727972,97.99814522401466,100.34248635166819,true,true
10,20.0,131.9014763121816,102.51083005065928,9.558928636307314,1.4508179177486795,128.04233440612438,137.6012630424317,101.57760189875093,103.0284198164996,false,false
10,20.0,154.5668821733086,98.50489524830297,13.955355263803568,2.6227885729794593,148.2664437367768,162.22179900058038,96.8244522769223,99.44724084990176,true,false
10,20.0,139.2839565388524,106.19781065537461,11.045017718915659,1.675987294935723,134.54810993800672,145.59312765692238,105.10867086489834,106.78465815983407,false,false
10,20.0,158.48194347740838,98.7872317406998,13.386865355894912,2.5967304009922145,152.64798631409235,166.03485166998726,97.10981158656534,99.70654198755756,false,false
10,20.0,152.91343669984605,99.98260889609799,13.271307189033195,2.358220102880054,147.02011351896488,160.29142070799807,98.46429147807329,100.82251158095335,true,true
10,20.0,157.07122687545376,98.41017650323386,11.496324424525795,2.582654672118096,152.05794024306726,163.55426466759306,96.77750700159817,99.36016167371626,false,false
10,20.0,152.91941536978698,99.68186566190033,12.46303194006947,2.3059463995149656,147.35591879153532,159.8189507316048,98.24640120657688,100.55234760609184,true,true
10,20.0,148.95309917321282,99.86776239347748,10.26454944468739,2.1095013804709026,144.50624484632215,154.77079429100954,98.49036303037336,100.59986441084426,true,true
10,20.0,155.02285137880628,98.63065555887923,14.080578851234407,2.6244830331750677,148.64911368514885,162.72969253638325,96.95459814707793,99.579081180253,true,false
10,20.0,161.53435017882433,99.48144642063562,14.36267860160092,2.905181543118019,154.64224502645925,169.00492362806017,97.59030428006855,100.49548582318657,false,true
10,20.0,153.86599010846396,101.03038502171754,13.007369571860892,2.4080765070726216,147.87964244219867,160.88701201405956,99.49107778387415,101.89915429094677,true,true
10,20.0,149.75923180708634,102.19722910167181,12.860516281069067,2.3610337299154196,144.36032087811986,157.22083715918893,100.72374788690865,103.08478161682407,true,false
10,20.0,161.8279284636377,98.42772618451461,13.091849950234575,3.1182384829791374,156.181598843322,169.27344879355658,96.37250075314748,99.49073923612661,false,false
10,20.0,140.29639831932468,103.81291171887928,11.533757438129868,1.6852547633318693,135.1959172755692,146.72967471369907,102.73681323116318,104.42206799449505,false,false
10,20.0,157.18440833949762,98.91088240277065,14.116210354723563,2.7026805410266945,150.76757799231888,164.88378834704244,97.17261379585693,99.87529433688363,false,false
10,20.0,134.07627528850622,99.24901982856008,10.214635828274112,1.7257222258575382,129.84380234129034,140.05843816956445,98.12368975726451,99.84941198312205,false,false
10,20.0,139.88073507508125,99.01397842254538,12.566231577455142,1.9647588214403982,134.72386751508728,147.29009909254242,97.73127065720348,99.69602947864388,false,false
10,20.0,155.47981799181352,99.03005759838439,13.211638824724702,2.5231937971297214,149.56388115740626,162.77551998213096,97.43563285785818,99.9588266549879,true,false
10,20.0,152.11276237052238,99.03274489789675,13.197229827781854,2.4282675707811876,146.17793454435835,159.3751643721402,97.47571269762052,99.90398026840171,true,false
10,20.0,156.10071756503376,102.8947186447308,12.638146960766221,2.444143493201267,150.73375585220077,163.371902812967,101.31994567153976,103.76408916474102,false,false
10,20.0,139.30579658993804,99.74145288615554,12.786269777735441,2.02965784064547,133.83369144617058,146.61996122390602,98.43552070045752,100.46517854110299,false,true
10,20.0,157.69619740551607,99.18375495533815,13.5775043380755,2.5178932420275117,151.63695598703728,165.21446032511278,97.59599340408903,100.11388664611654,false,true
10,20.0,156.38038233605764,99.7344333326381,13.71615320731027,2.637064580612858,150.27664237608363,163.9927955833939,98.02887902371224,100.6659436043251,false,true
10,20.0,159.18383162068534,100.47028564442526,13.922419644438662,2.6947411212238706,152.8597875803918,166.78220722483047,98.73892483050034,101.43366595172421,false,true
10,20.0,149.29248194779342,101.79453611424194,12.65875090937027,2.166257276400529,143.83234128875108,156.49109219812135,100.40297884216031,102.56923611856084,true,false
10,20.0,156.60012076780214,98.69155203105818,12.487653233494825,2.725322937061435,150.90425028893839,163.3919035224332,96.94900661090702,99.67432954796845,false,false
10,20.0,140.05125045803294,103.23832963389162,11.501075910679702,1.8064402272006674,135.15499332506207,146.65606923574177,102.04903476608767,103.85547499328834,false,false
10,20.0,151.06845276502105,98.93606215865073,12.48966288448176,2.260019651534847,145.48357455325078,157.97323743773254,97.48626031311598,99.74627996465082,true,false
10,20.0,151.28735770251546,98.6806045280477,12.168655041649203,2.4895863811416206,146.15868017400464,158.32733521565385,97.11670402503668,99.6062904061783,true,false
10,20.0,160.0573284171113,98.89046108246404,14.460440718959745,2.8500338079525704,153.63820772621395,168.0986484451737,97.08997858041131,99.94001238836388,false,false
10,20.0,146.30894787123077,99.08810804686595,11.770063655385144,2.073888886244248,141.166540505745,152.93660416113013,97.7809527882675,99.85484167451175,true,false
10,20.0,155.54580695181392,100.81844854990652,14.46765577550903,2.5956719474702936,148.9297097791727,163.39736555468173,99.14512245149766,101.74079439896795,true,true
10,20.0,160.5045599518559,98.68343040266595,13.138256869369968,2.6929713323455644,154.61406800051822,167.75232486988818,96.95118354650606,99.64415487885162,false,false
10,20.0,136.04233272545787,103.11505820385018,12.160850127330207,1.6042186689570883,131.1234708762404,143.2843210035706,102.08092106285233,103.68513973180941,false,false
10,20.0,147.8766731596628,100.44814816951947,12.881741686965768,2.24743353753027,142.37875975076196,155.26050143772773,98.97949871180253,101.2269322493328,true,true
10,20.0,141.22345281794665,99.30826655556474,13.086236839668402,1.8415255993587323,135.53282404544876,148.61906088511716,98.13489663511263,99.97642223447136,false,false
10,20.0,142.22077189661655,100.20750567759148,11.32561398023654,2.051690736412482,137.7341775389283,149.05979151916483,98.94093046784737,100.99262120425985,false,true
10,20.0,154.46929144785668,105.45322836814967,12.376024726417342,2.394460445186283,149.02321098831885,161.3992357147362,103.94606911266605,106.34052955785234,true,false
10,20.0,154.2769555861375,98.90918788888756,13.715864650393428,2.5821244041002416,148.23732772490553,161.95319237529895,97.26786741001342,99.84999181411366,true,false
10,20.0,136.45143491751998,103.13151240050689,11.723175805949637,1.5971316666756081,131.36530018302565,143.0884759889753,102.10241672713872,103.69954839381433,false,false
10,20.0,147.91942917457385,100.07471517660812,13.680401503792837,2.201074844610986,141.90142385955073,155.58182536334357,98.66944474070417,100.87051958531515,true,true
10,20.0,148.6670722862154,101.7952020900853,13.273259882768372,2.1764845875093357,142.52896611385532,155.8022259966237,100.40703106312864,102.58351565063798,true,false
10,20.0,154.49431090141064,104.12922575531384,12.48243120771346,2.3209373054933593,148.9796323190938,161.46206352680727,102.63434450231141,104.95528180780477,true,false
10,20.0,156.30679616950368,104.19031543704016,11.792249001812394,2.4011128138416495,151.12085445178533,162.91310345359773,102.63279199851266,105.03390481235431,false,false
10,20.0,143.14436992072,111.42251239431144,9.82201026780919,1.5628610658178275,139.00607054288136,148.82808081069055,110.43882730017116,112.00168836598898,false,false
10,20.0,156.44227587991963,100.51885794512958,12.292814415721011,2.5161783269936535,150.79488912287093,163.08770353859194,98.88660301063845,101.4027813376321,false,true
10,20.0,161.44874733429495,106.43948821106991,12.29793910491469,2.847248259432959,156.03208293286912,168.3300220377838,104.61619845405305,107.46344671348601,false,false
10,20.0,144.53484348590547,99.09076566000051,12.507877218821278,2.0456281810528054,138.93649448548186,151.44437170430314,97.77558283452642,99.82121101557922,true,false
10,20.0,144.5080733960503,101.56533507367708,11.176889018011423,2.207621913038011,139.74031602557088,150.9172050435823,100.16130064230795,102.36892255534596,true,false
10,20.0,143.65314428018883,106.49458983062512,11.419492923836884,1.8159765644958128,138.63859211121164,150.05808503504852,105.30324820603508,107.11922477053089,true,false
10,20.0,159.5469922093917,101.17114132103737,11.46521629531145,2.7894126077233636,154.26197878695515,165.7271950822666,99.36604037513914,102.1554529828625,false,true
10,20.0,150.708151450964,99.26797478166591,13.594163943341584,2.326868890750845,144.61682094646795,158.21098488980954,97.76036655592942,100.08723544668027,true,true
10,20.0,141.59059446289962,100.27869481438812,11.72769960198687,2.1004155261031627,136.54779703522507,148.27549663721194,98.91866068919614,101.01907621529931,false,true
10,20.0,156.2060096839835,98.36370530353051,12.392760193003454,2.729429422084408,150.6202173802037,163.01297757320717,96.61923178864411,99.34866121072852,false,false
10,20.0,154.35427999481905,102.2377568267332,11.496552569908857,2.3353332652674794,149.38301503201666,160.87956760192552,100.79580616744784,103.13113943271532,true,false
10,20.0,147.54535843728456,99.77827699717272,12.847879859327804,2.0821136317728843,141.74907124286324,154.59695110219104,98.43748009849922,100.5195937302721,true,true
10,20.0,156.03416210197742,101.35110511174474,11.576478546044939,2.6206400176162816,150.73883549369805,162.315314039743,99.68961298172569,102.31025299934197,false,true
10,20.0,146.95129440737614,102.806051970755,10.374369854402516,2.159900463284785,142.63383577223232,153.00820562663483,101.40013859887574,103.56003906216053,true,false
10,20.0,148.03102678215973,99.26660797333045,11.441553629012901,2.2091468085631902,143.0322199903737,154.4737736193866,97.89957465775456,100.10872146631775,true,true
10,20.0,155.67646410527283,99.67710003822035,13.047549190182792,2.654021988643933,149.71090178841996,162.75845097860275,97.9914408431795,100.64546283182344,true,true
10,20.0,137.4757319259058,98.98747817210479,12.148693802166207,1.9397040061540878,132.0667156270305,144.2154094291967,97.74999439693369,99.68969840308777,false,false
10,20.0,155.88523147587483,98.86808136138569,13.272643409514217,2.521751462661584,149.70597328181577,162.97861669133,97.28591819337774,99.80766965603932,true,false
10,20.0,155.46579323726564,99.64390761133512,13.582154922954714,2.6116924661574643,149.43600467059218,163.0181595935469,97.97798765010488,100.58968011626234,true,true
10,20.0,154.6852404798384,100.25216142426436,12.963305222740985,2.573955285054538,148.67128160259392,161.6345868253349,98.61756310709339,101.19151839214793,true,true
10,20.0,144.91795543488945,99.01204945706652,12.543564431755868,2.0918702740078743,139.29806728957985,151.84163172133572,97.64971283618819,99.74158311019606,true,false
10,20.0,153.2209598008859,100.3708563936598,14.079697327177769,2.5262969099472343,146.93781562856,161.01751295573777,98.75662770440385,101.28292461435109,true,true
10,20.0,155.1258939147187,99.62973866241136,14.065279520214716,2.3979494031604673,148.92595008956576,162.99122960978048,98.14239527143668,100.54034467459715,true,true
10,20.0,154.03878118542715,100.13093435700088,13.791223248070168,2.3708099153126057,147.7526687102614,161.54389195833156,98.6279181509817,100.9987280662943,true,true
10,20.0,143.9901169819604,99.9470672818063,12.427451436837941,2.118827993072742,138.2672533901597,150.69470482699765,98.60125729451758,100.72008528759032,true,true
10,20.0,150.04144077909046,100.11487766721623,12.836454584895705,2.2342894142192335,144.29253336244113,157.12898794733684,98.7026682414106,100.93695765562984,true,true
10,20.0,146.82227121082607,100.24993994370642,12.510766104172376,2.1169043651213,141.21865260057808,153.72941870475046,98.8901408288719,101.0070451939932,true,true
10,20.0,154.76369309970875,98.8009955715819,13.389174289594166,2.392893512070202,148.73309958067836,162.12227387027252,97.33126791314913,99.72416142521934,true,false
10,20.0,150.66336671236974,99.79508078040345,13.87000332123921,2.317383261988894,144.66982292249506,158.53982624373427,98.32690223856774,100.64428550055663,true,true
10,20.0,158.91436398592543,99.15327854387539,13.867983639689328,2.697728776546299,152.51652832091565,166.38451196060498,97.4453647830226,100.1430935595689,false,true
10,20.0,153.99833997996907,98.60850320833472,14.423638366570003,2.475458618766794,147.47724538241744,161.90088374898744,97.08202235539238,99.55748097415918,true,false
10,20.0,157.11579380322195,99.9903579048135,13.486247773943973,2.649143872514003,150.89185635088504,164.378104124829,98.28394244066385,100.93308631317785,false,true
10,20.0,144.73825076351528,99.39795918592992,11.475237225681184,2.1676268375569094,140.0004022692933,151.47563949497447,97.96879130217538,100.13641813973229,true,true
10,20.0,153.77662206098495,100.37128947770378,13.349452512534754,2.582737635711993,147.91187174582146,161.2613242583562,98.69143592690459,101.27417356261658,true,true
10,20.0,153.974065212715,98.95493572600921,12.937810471553377,2.4230595578632403,148.161994555692,161.09980502724537,97.3879747768894,99.81103433475263,true,false
10,20.0,155.26313412237013,99.26546391938811,13.790062003035729,2.4958571917795496,149.00458314256142,162.79464514559714,97.66970611050367,100.16556330228322,true,true
10,20.0,152.58667853640492,100.96819879155348,13.783650888794938,2.3915763191497206,146.43608642743914,160.21973731623407,99.4511410374459,101.84271735659561,true,true
10,20.0,141.3717902164521,99.87214030266627,12.277853553941554,1.9895838525109042,136.075205025058,148.35305857899957,98.62193344692612,100.61151729943703,false,true
10,20.0,163.42544970800293,100.88092654750761,13.208380549904206,2.947293189719815,157.26784665199503,170.47622720189923,98.96901014717604,101.91630333689585,false,true
10,20.0,157.01818014774443,98.80197201491589,11.823814427100473,2.5552829073885164,151.84029635220463,163.6641107793051,97.15561850256259,99.7109014099511,false,false
