ndata,sigma,theta1_median,theta2_median,theta1_iqrs,theta2_iqrs,quartiles1_1,quartiles3_1,quartiles1_2,quartiles3_2,theta1_coverage,theta2_coverage
10,1.0,169.83052282035675,80.075179826549,1.337980078095626,1.3444257726746685,169.17384189266073,170.51182197075636,79.38125479105409,80.72568056372876,false,false
10,1.0,169.820870004268,80.05150289791146,1.3534884002601473,1.3262424414061655,169.16412068844767,170.51760908870781,79.37806345011988,80.70430589152605,false,false
10,1.0,169.83002326041168,80.04744672511126,1.320757981387004,1.3327027961140914,169.17303185049445,170.49378983188146,79.39419367074055,80.72689646685464,false,false
10,1.0,169.83073409689132,80.09054502916428,1.381532145417566,1.3329821965920985,169.13773259677419,170.51926474219175,79.40933939894074,80.74232159553284,false,false
10,1.0,169.83067715532388,80.05225296478257,1.3227887879023683,1.3579566728951136,169.17757306509972,170.5003618530021,79.38944063454798,80.7473973074431,false,false
10,1.0,169.83090828249013,80.06347799558836,1.3526266120739194,1.3661765898465887,169.1455233429627,170.4981499550366,79.38046860913607,80.74664519898266,false,false
10,1.0,169.83587907494632,80.09480064786477,1.3296767217649403,1.3639662764116025,169.17232851873476,170.5020052404997,79.42420149995446,80.78816777636607,false,false
10,1.0,169.82788465308505,80.06704374681678,1.353528483874328,1.3610757909732314,169.15982578928853,170.51335427316286,79.3777935617736,80.73886935274683,false,false
10,1.0,169.84626160312052,80.09133279128127,1.3295684489577582,1.3494137804013064,169.1722574245607,170.50182587351847,79.41302462772312,80.76243840812442,false,false
10,1.0,169.83931402472257,80.03662896990363,1.3725244699409131,1.3219818027308747,169.14574146817984,170.51826593812075,79.39598290591374,80.71796470864462,false,false
10,1.0,169.8383878761562,80.04517451084921,1.3667658149214503,1.3429150120816615,169.16059842794,170.52736424286144,79.36963238322221,80.71254739530387,false,false
10,1.0,169.83100777883135,80.03975472619072,1.333648875993049,1.3588411699128216,169.16993003750443,170.50357891349748,79.36800053829866,80.72684170821148,false,false
10,1.0,169.83729409364514,80.07040190377552,1.3283115210409164,1.3488026652279927,169.18155365391328,170.5098651749542,79.39211815562308,80.74092082085107,false,false
10,1.0,169.80391109867884,80.08016162585287,1.3626930888922857,1.3742202434617212,169.15551094614528,170.51820403503757,79.40289377343048,80.7771140168922,false,false
10,1.0,169.83935545086814,80.04911308983154,1.3454330047683243,1.3248825443304213,169.1664687931671,170.51190179793542,79.38276373459142,80.70764627892184,false,false
10,1.0,169.82736107004342,80.0552721857349,1.3282396355301955,1.3683997620992443,169.14769829426984,170.47593792980004,79.37413543842234,80.74253520052159,false,false
10,1.0,169.84832943696182,80.05913272955519,1.3488195690823375,1.3507306792784277,169.16853397479187,170.5173535438742,79.37391606114275,80.72464674042118,false,false
10,1.0,169.84156291905794,80.06563200550825,1.379744393477182,1.370543624716106,169.14459460348905,170.52433899696624,79.36891963480258,80.73946325951869,false,false
10,1.0,169.8223982753845,80.03840677125018,1.3515570599685134,1.3539308211256156,169.14771373739418,170.4992707973627,79.35200990587768,80.7059407270033,false,false
10,1.0,169.81856692434758,80.08065066473087,1.3565296322552456,1.3534044000144263,169.1450966459094,170.50162627816465,79.40274238090426,80.75614678091868,false,false
10,1.0,169.84846798678024,80.05788808938215,1.3797699545804676,1.3350514155254558,169.15708879479388,170.53685874937435,79.38631813309132,80.72136954861678,false,false
10,1.0,169.8280785162525,80.04614439173109,1.358750840671945,1.3616734428014183,169.1592119779061,170.51796281857804,79.3669379679018,80.72861141070322,false,false
10,1.0,169.8214674945039,80.07492222422529,1.349954585860246,1.3805112480821151,169.15135705062974,170.50131163649,79.38905311375285,80.76956436183497,false,false
10,1.0,169.81602637011713,80.05542490087262,1.3766097298435795,1.3261471764866712,169.1303551744201,170.50696490426367,79.39643554220429,80.72258271869096,false,false
10,1.0,169.86105338752628,80.06815674181914,1.3702780023614025,1.3640599951102246,169.17357335053592,170.54385135289732,79.37855190255485,80.74261189766507,false,false
10,1.0,169.83449768614236,80.06350954452313,1.3655506407671396,1.3101543600523655,169.15218252424904,170.51773316501618,79.40457727132805,80.71473163138042,false,false
10,1.0,169.82847571868228,80.02311411112744,1.3658799527317456,1.3476033020532299,169.13900263520281,170.50488258793456,79.34912369107941,80.69672699313264,false,false
10,1.0,169.80905659249277,80.05120905691732,1.4000965906119518,1.3379470783196439,169.12866337558876,170.5287599662007,79.39607392975225,80.73402100807189,false,false
10,1.0,169.8365493354642,80.03077760802674,1.346312105325751,1.365227741866093,169.16566020566233,170.51197231098809,79.36753949124962,80.73276723311571,false,false
10,1.0,169.84272783085845,80.05207360372651,1.357470339206202,1.3699608498525606,169.162878224032,170.5203485632382,79.36179195429901,80.73175280415157,false,false
10,1.0,169.8226309493735,80.06077426719573,1.3702381471134402,1.3137821807989383,169.12712153466666,170.4973596817801,79.41983073545667,80.73361291625561,false,false
10,1.0,169.83673963496364,80.07137952554069,1.3511131877094726,1.3608625043508766,169.1713854149915,170.52249860270098,79.39985766445932,80.7607201688102,false,false
10,1.0,169.83683213102077,80.07100873380513,1.378418401263616,1.3581114036678201,169.14302635642198,170.5214447576856,79.39662710893057,80.7547385125984,false,false
10,1.0,169.8116131785249,80.05028969695061,1.3793094333022111,1.3663356848182104,169.1221965154301,170.5015059487323,79.37171920135802,80.73805488617623,false,false
10,1.0,169.83232578195762,80.04036131744724,1.3566999586315376,1.359589609747232,169.1641753409707,170.52087529960224,79.3660864244151,80.72567603416233,false,false
10,1.0,169.82420617752575,80.07403592621537,1.3421983472957209,1.3452491631845191,169.1466277327272,170.48882608002293,79.40086209412928,80.7461112573138,false,false
10,1.0,169.82651801207902,80.03909690184672,1.3589653251582376,1.3611881290287045,169.15516784588834,170.51413317104658,79.35080972680208,80.71199785583079,false,false
10,1.0,169.83961074608604,80.04005988189512,1.3515850188159106,1.3177142925308658,169.16020448683844,170.51178950565435,79.38557850168603,80.70329279421689,false,false
10,1.0,169.81028173644353,80.03187077661693,1.3674295336185196,1.3484043904377216,169.1184382725806,170.4858678061991,79.37930182356426,80.72770621400198,false,false
10,1.0,169.85042434359923,80.04698709408066,1.3570914480579575,1.3304466449501433,169.1606344585095,170.51772590656745,79.41139407279579,80.74184071774593,false,false
10,1.0,169.80605426719623,80.05991669151331,1.30308449475163,1.3728159464750007,169.1678315380481,170.47091603279972,79.36404059708656,80.73685654356156,false,false
10,1.0,169.80688710669966,80.07372718009978,1.3327324319780303,1.3256108714474522,169.14976082243766,170.4824932544157,79.41322029260536,80.73883116405281,false,false
10,1.0,169.81250857206268,80.0325781038811,1.3668735825603164,1.3580936415509797,169.1405472455138,170.50742082807412,79.37269067002013,80.73078431157111,false,false
10,1.0,169.86202839636005,80.03422490648636,1.37022540812265,1.3066471802229387,169.16792658886487,170.53815199698752,79.39029215315138,80.69693933337432,false,false
10,1.0,169.83104828241943,80.07124475720477,1.3464180962755279,1.3318242692566145,169.16948279342225,170.51590088969778,79.4092267326062,80.74105100186281,false,false
10,1.0,169.84515911668507,80.04713260301162,1.3669389913691532,1.3459045673827887,169.15707113991758,170.52401013128673,79.38241483544778,80.72831940283056,false,false
10,1.0,169.8280678858628,80.07630465770825,1.364442378071061,1.3615384463784324,169.14452537172463,170.5089677497957,79.39565497620714,80.75719342258557,false,false
10,1.0,169.82794248066574,80.07167736406245,1.3770722298050657,1.307918831324642,169.13448807422276,170.51156030402782,79.40657718899051,80.71449602031515,false,false
10,1.0,169.81497098140437,80.04765762842645,1.3274425362759246,1.3499254213863736,169.16820709919074,170.49564963546666,79.37565638677428,80.72558180816065,false,false
10,1.0,169.80592252350104,80.04392435864736,1.352227188769774,1.3763368796523991,169.15364205277106,170.50586924154084,79.36443410726818,80.74077098692058,false,false
10,1.0,169.81973400950375,80.04709143368561,1.3592278089924434,1.3448866747763049,169.14532488265064,170.50455269164308,79.37099721184545,80.71588388662175,false,false
10,1.0,169.82510674169077,80.04726839620227,1.3618189346112786,1.377840209380949,169.14838074180548,170.51019967641676,79.37166473982963,80.74950494921057,false,false
10,1.0,169.83955081766607,80.06001492164754,1.3341735601493383,1.3280298146041645,169.1706472012411,170.50482076139045,79.39051353430803,80.71854334891219,false,false
10,1.0,169.8282136842713,80.07310993040852,1.3523519560691,1.3391310071330906,169.14341000744892,170.49576196351802,79.3981521039078,80.7372831110409,false,false
10,1.0,169.82112424046898,80.03402353144355,1.3453821669152433,1.3383632719437628,169.15914701445718,170.50452918137242,79.36951031261435,80.70787358455811,false,false
10,1.0,169.82853918527175,80.04660918392204,1.3535988771779444,1.3456564877793227,169.1476462732883,170.50124515046625,79.37763977162244,80.72329625940176,false,false
10,1.0,169.8378673305229,80.02414761541905,1.3621667860247726,1.3236509710862663,169.16236224068865,170.52452902671342,79.38087021937999,80.70452119046625,false,false
10,1.0,169.84880771104147,80.08921987867839,1.3309560312074211,1.3629291147210267,169.17850945526342,170.50946548647084,79.37971285451175,80.74264196923278,false,false
10,1.0,169.82500183758333,80.02238214608752,1.350374409537352,1.3073403242906778,169.14724052783222,170.49761493736958,79.37686966211615,80.68420998640683,false,false
10,1.0,169.82451815155395,80.08517780600796,1.3589369427985787,1.3271612096116883,169.13771622336185,170.49665316616043,79.41669062530822,80.74385183491991,false,false
10,1.0,169.81251655061666,80.04963285449273,1.3659687316190343,1.3802918295189954,169.1281207852771,170.49408951689614,79.36580494892627,80.74609677844526,false,false
10,1.0,169.8398499048508,80.04191967646236,1.360863206557383,1.3736530311109618,169.1393128544989,170.5001760610563,79.35654571475952,80.73019874587048,false,false
10,1.0,169.83676424902717,80.04092977588718,1.3511110651495244,1.3395151649695691,169.16794931587575,170.51906038102527,79.38003027311358,80.71954543808314,false,false
10,1.0,169.85673776358033,80.03715378029327,1.3467970028409866,1.3478350528122434,169.16760512596224,170.51440212880323,79.36157417315624,80.70940922596849,false,false
10,1.0,169.85062920530416,80.07963513913391,1.3521330833568754,1.3546693979459405,169.16866547170702,170.5207985550639,79.41107168501202,80.76574108295796,false,false
10,1.0,169.82335494067314,80.04982607232726,1.3442243707906698,1.3539827437274425,169.1457612083032,170.48998557909388,79.37778244748839,80.73176519121583,false,false
10,1.0,169.8296441485884,80.07987043871265,1.3071409637616114,1.3025775317371,169.1744598126635,170.48160077642513,79.41844747139524,80.72102500313234,false,false
10,1.0,169.83699700645846,80.07227895884571,1.3179270076301748,1.355319359728071,169.15871927805676,170.47664628568694,79.40145492017152,80.75677427989959,false,false
10,1.0,169.83026415562313,80.04202148682734,1.4008415207151188,1.3304738541231842,169.15161245442812,170.55245397514324,79.37408871324062,80.70456256736381,false,false
10,1.0,169.80312189644397,80.0912403463338,1.3462442813552968,1.3420002800633881,169.14145991914768,170.48770420050298,79.40330457168204,80.74530485174543,false,false
10,1.0,169.8551341167397,80.04873798377187,1.3204836476731145,1.3730367868350868,169.19742369847168,170.5179073461448,79.36481157203727,80.73784835887236,false,false
10,1.0,169.81683394144179,80.05359868791547,1.348816169980239,1.3415895798288062,169.1459015045548,170.49471767453505,79.38558460402952,80.72717418385832,false,false
10,1.0,169.83395189010668,80.06168344181948,1.3815598354824772,1.3482134159292798,169.15187234197,170.53343217745248,79.37769233755252,80.7259057534818,false,false
10,1.0,169.8188586054227,80.08371107845734,1.328154687238083,1.3480678802295358,169.17267391289252,170.5008286001306,79.4015999960551,80.74966787628463,false,false
10,1.0,169.81716796837532,80.04810628968698,1.3726749240631477,1.3395525616315354,169.1385178832009,170.51119280726405,79.37984328976987,80.7193958514014,false,false
10,1.0,169.80628900246464,80.0604185970519,1.343533567815058,1.3271867991696098,169.1536983170665,170.49723188488156,79.38724024283508,80.71442704200469,false,false
10,1.0,169.82803693875366,80.04400055731593,1.2936912102503015,1.3779077951843561,169.17891989830792,170.47261110855823,79.35694160803294,80.7348494032173,false,false
10,1.0,169.855286310599,80.06419074672768,1.3550564665508489,1.359041949336813,169.17445689863473,170.52951336518558,79.3765188966265,80.7355608459633,false,false
10,1.0,169.83690652194394,80.08075532730865,1.3230147537842072,1.353994645158778,169.1700424570303,170.4930572108145,79.38842819917319,80.74242284433197,false,false
10,1.0,169.83904716717774,80.07091440884838,1.3722797496176895,1.3463894432897519,169.15974668974553,170.53202643936322,79.3830160341082,80.72940547739795,false,false
10,1.0,169.83333563618748,80.07536314336976,1.320689760558281,1.3558217780144446,169.16879197017255,170.48948173073083,79.39058481996832,80.74640659798277,false,false
10,1.0,169.81210703709212,80.06921162934357,1.3773991928418354,1.3511656035531985,169.12854541467829,170.50594460752012,79.37520279234381,80.72636839589701,false,false
10,1.0,169.80820122700374,80.05144991722906,1.39450591670564,1.3371806867309175,169.13680381148544,170.53130972819108,79.37653521201159,80.7137158987425,false,false
10,1.0,169.85499375713422,80.02796231966477,1.3585286922495925,1.3539071798544313,169.16365967481255,170.52218836706214,79.3623231922503,80.71623037210473,false,false
10,1.0,169.8615465570423,80.06457933822716,1.3608874813820933,1.359754838420855,169.16007080783388,170.52095828921597,79.38358541178627,80.74334025020713,false,false
10,1.0,169.8040611317361,80.04409556194422,1.3534038646455429,1.345515411703218,169.1409599671137,170.49436383175924,79.35694979118048,80.7024652028837,false,false
10,1.0,169.8078314641349,80.06076170859706,1.344951757427765,1.3270112898145925,169.14332303502792,170.48827479245568,79.39057547290555,80.71758676272015,false,false
10,1.0,169.8192318222201,80.037702088852,1.3274279960509148,1.3122136266139819,169.1639705879432,170.4913985839941,79.39699788154894,80.70921150816292,false,false
10,1.0,169.80550228754203,80.06004318484372,1.2994115007064977,1.3656744388238025,169.16427240166394,170.46368390237043,79.36660470065657,80.73227913948037,false,false
10,1.0,169.82264715873646,80.0680830545692,1.3746247952276178,1.340040533522469,169.12847164370834,170.50309643893596,79.39261910348209,80.73265963700456,false,false
10,1.0,169.84416663484825,80.06318620223423,1.3697835494033086,1.3496837287249264,169.13997304968524,170.50975659908855,79.39376139233659,80.74344512106151,false,false
10,1.0,169.83984202267945,80.05670108395105,1.352670469193356,1.3368758499105269,169.159288596614,170.51195906580736,79.38498795317457,80.7218638030851,false,false
10,1.0,169.83876495424022,80.07150356398104,1.359036107527345,1.3364808538406407,169.15023702189458,170.50927312942193,79.41154756493971,80.74802841878035,false,false
10,1.0,169.83554617296028,80.05263055042262,1.3538744318688885,1.3652537007120031,169.1586648769823,170.5125393088512,79.38621608987484,80.75146979058684,false,false
10,1.0,169.83462695830997,80.0761394854231,1.356950367072244,1.3080252961113956,169.15780023795253,170.51475060502477,79.42295001688734,80.73097531299874,false,false
10,1.0,169.84548356145734,80.03699934583025,1.325596198381362,1.377755350464426,169.17016621977777,170.49576241815913,79.3547125075145,80.73246785797893,false,false
10,1.0,169.8487238889088,80.04213072858818,1.3976196314370384,1.3467562891216005,169.1523821778738,170.55000180931083,79.36923014125666,80.71598643037827,false,false
10,1.0,169.83490240198253,80.059832543342,1.3780823423826405,1.365876175256986,169.14352978399018,170.52161212637282,79.37237861564032,80.7382547908973,false,false
10,1.0,169.83278942427228,80.07470253517232,1.3708522424191187,1.3555290613981157,169.14262368526914,170.51347592768826,79.41388741408834,80.76941647548645,false,false
10,1.0,169.81564500604188,80.04452245059616,1.3551333491907371,1.3271533024032323,169.16157561595065,170.5167089651414,79.39236993452705,80.71952323693029,false,false
10,1.0,169.82868854688593,80.06831519014148,1.3137096581191656,1.3493363899753348,169.17853473047347,170.49224438859264,79.40184149168816,80.7511778816635,false,false
10,1.0,169.82651141102914,80.05877756066482,1.371851233492464,1.3425672533828532,169.1533859816956,170.52523721518807,79.39425343448187,80.73682068786472,false,false
10,1.0,169.830616917039,80.05793055381326,1.3438180277009906,1.3162354573073571,169.15610532469705,170.49992335239804,79.41236329604439,80.72859875335175,false,false
10,1.0,169.8399528353258,80.04308051330673,1.3224418487149023,1.338962201315681,169.17108912152963,170.49353097024454,79.36672490978927,80.70568711110495,false,false
10,1.0,169.83760574963773,80.06156425339586,1.377312861834838,1.378466921325682,169.1571013650305,170.53441422686535,79.35581995793514,80.73428687926082,false,false
10,1.0,169.80433916345456,80.06701322206365,1.3456197540594985,1.3661501941595304,169.13977463276362,170.48539438682312,79.39052032545493,80.75667051961446,false,false
10,1.0,169.81851308948717,80.05287532568254,1.3043873693959256,1.3573993056543827,169.16277845458964,170.46716582398557,79.37443476280092,80.7318340684553,false,false
10,1.0,169.8356725971937,80.05774285740816,1.3788485901817467,1.3671882320020075,169.14689874673383,170.52574733691557,79.38677108615948,80.75395931816149,false,false
10,1.0,169.82246488052576,80.06138583396759,1.3416124575206254,1.3270911268806174,169.1666279827032,170.50824044022383,79.3971806699426,80.72427179682322,false,false
10,1.0,169.83165662867273,80.04789726431699,1.3561374584558052,1.320217400991524,169.15700417311027,170.51314163156607,79.38494663538941,80.70516403638094,false,false
10,1.0,169.8457616452381,80.05652231785339,1.3541415694610919,1.3494123637086375,169.17762325131147,170.53176482077257,79.3821207141303,80.73153307783893,false,false
10,1.0,169.83982533360984,80.05750448685603,1.3468689011369577,1.3167069009653574,169.16846536815902,170.51533426929598,79.41065103507476,80.72735793604012,false,false
10,1.0,169.83263114675384,80.06192239057657,1.3640611438708845,1.357886648572034,169.1493036809096,170.5133648247805,79.3642992007302,80.72218584930224,false,false
10,1.0,169.8211359984183,80.05807314499405,1.3300626225172323,1.3324404163186898,169.15635987147078,170.48642249398802,79.39549256747311,80.7279329837918,false,false
10,1.0,169.83501211051714,80.06078480185363,1.3556061036569247,1.34090041826029,169.1585765198056,170.51418262346252,79.38567967115499,80.72658008941528,false,false
10,1.0,169.82331051691943,80.06138746934204,1.3632007507592903,1.3464468218981693,169.16383123919115,170.52703198995044,79.3942443937204,80.74069121561857,false,false
10,1.0,169.8352320531906,80.02025569708945,1.3728733242467683,1.3219756943150855,169.14750667751287,170.52038000175963,79.36557999616919,80.68755569048427,false,false
10,1.0,169.84598382869066,80.0526815854985,1.3847015977605395,1.395753608154621,169.15141759994333,170.53611919770387,79.3693831661888,80.76513677434342,false,false
10,1.0,169.8192018467829,80.04902066062223,1.3429315227519396,1.3661516431386929,169.16415232323493,170.50708384598687,79.36364712952997,80.72979877266866,false,false
10,1.0,169.82356219637785,80.0577085493826,1.3432258516093896,1.3592318648619113,169.16265341952115,170.50587927113054,79.38277660974433,80.74200847460624,false,false
10,1.0,169.82599655551243,80.0518113905876,1.3756322476106106,1.3524774285457823,169.14626466465626,170.52189691226687,79.37474819256057,80.72722562110636,false,false
10,1.0,169.84163450730188,80.05674727550156,1.3290014572409348,1.3409769325050007,169.16852254007944,170.49752399732037,79.39918164398577,80.74015857649077,false,false
10,1.0,169.81459299700396,80.05850681733114,1.3811243597339455,1.3427681575167583,169.13762137956235,170.5187457392963,79.38571939195461,80.72848754947137,false,false
10,1.0,169.83479928642748,80.0564780581243,1.3740660237535565,1.3341669567073353,169.1396193860712,170.51368540982475,79.39713672163195,80.73130367833929,false,false
10,1.0,169.81657562030003,80.02106622059509,1.284970555235759,1.376334629812277,169.18305345284278,170.46802400807854,79.35244444330499,80.72877907311727,false,false
10,1.0,169.83643555505088,80.06101260727463,1.34560145921796,1.350204250513869,169.15542596907082,170.50102742828878,79.38054877171635,80.73075302223022,false,false
10,1.0,169.8493790929523,80.0591304415552,1.373005340391984,1.3581783910429124,169.1596724531255,170.53267779351748,79.37537738089466,80.73355577193757,false,false
10,1.0,169.8495647467705,80.09336746873416,1.3557313659996453,1.3576392134470012,169.17900200048385,170.5347333664835,79.3864935840566,80.7441327975036,false,false
10,1.0,169.82830937549218,80.05082808044719,1.3705330123857777,1.3504508076723738,169.1404543776191,170.51098739000489,79.36380203046257,80.71425283813494,false,false
10,1.0,169.84940198272625,80.05036189634367,1.3475116675530217,1.3449923217015112,169.17799344089838,170.5255051084514,79.37937645598421,80.72436877768573,false,false
10,1.0,169.82741658980254,80.03652707588095,1.368484244261026,1.389452458475617,169.13349688003905,170.50198112430007,79.35866260814042,80.74811506661604,false,false
10,1.0,169.85310648447378,80.06894926576264,1.3581289080855754,1.3211406969854806,169.16253171435565,170.52066062244123,79.39870124292752,80.719841939913,false,false
10,1.0,169.84062387754574,80.01900143138911,1.3603775530510802,1.338041827231308,169.16519207075066,170.52556962380174,79.36840002993145,80.70644185716276,false,false
10,1.0,169.83330176110667,80.0130668903353,1.3281230484076616,1.3782223285129334,169.16498105042086,170.49310409882852,79.33912043648478,80.71734276499771,false,false
10,1.0,169.8417105080594,80.04856497208449,1.3601435701147864,1.38792289775499,169.14718824897955,170.50733181909433,79.35876818075862,80.7466910785136,false,false
10,1.0,169.8142127072415,80.04418059498889,1.3328051345897336,1.3333857082094909,169.15578650367482,170.48859163826455,79.38314213919912,80.71652784740861,false,false
10,1.0,169.84278328894783,80.0483342849237,1.3681244999236526,1.3066537484144192,169.1610885418548,170.52921304177846,79.39679358385135,80.70344733226577,false,false
10,1.0,169.83657753043659,80.04936290270791,1.3791122462975522,1.3331985706580838,169.14349555126813,170.52260779756568,79.37353848668513,80.70673705734322,false,false
10,1.0,169.8614063465138,80.0584400884155,1.346293479636529,1.389018560773863,169.1919361876923,170.53822966732884,79.37135060220729,80.76036916298115,false,false
10,1.0,169.8291546750869,80.05087849761892,1.3484497295653455,1.4062833038133675,169.1665037351973,170.51495346476264,79.36303586662919,80.76931917044256,false,false
10,1.0,169.8366920131584,80.05292143150007,1.3300618420348087,1.349376327934607,169.163145267856,170.49320710989082,79.38529459744235,80.73467092537696,false,false
10,1.0,169.84390910782068,80.06393447099093,1.358844836485133,1.3358674205724128,169.163858081663,170.52270291814813,79.3950370364876,80.73090445706,false,false
10,1.0,169.85162495253417,80.0397526082269,1.3258897058637444,1.3785693070208396,169.18302882544964,170.50891853131338,79.35007758970238,80.72864689672322,false,false
10,1.0,169.82966259951468,80.06479879837356,1.3661924472469877,1.337423477006837,169.14424859765114,170.51044104489813,79.40274379959558,80.74016727660242,false,false
10,1.0,169.79721546236928,80.0710305785171,1.3345290513306054,1.3570376373245665,169.14439993185536,170.47892898318597,79.40154599255692,80.75858362988149,false,false
10,1.0,169.8348195043265,80.05519139337106,1.340066962389244,1.3375846868612484,169.16211000293364,170.5021769653229,79.3808113812982,80.71839606815945,false,false
10,1.0,169.81859880255237,80.02551925116026,1.3807989480476976,1.3727974226887056,169.1288185338973,170.50961748194499,79.34407257749318,80.71687000018188,false,false
10,1.0,169.8295340222117,80.0717777990767,1.3955225548450017,1.3099229139742192,169.1188271833349,170.5143497381799,79.4042482476526,80.71417116162682,false,false
10,1.0,169.82814579947245,80.0644410939849,1.3728279215701775,1.3380765942213912,169.1573473930788,170.53017531464897,79.39950297024095,80.73757956446234,false,false
10,1.0,169.8353759576333,80.07625391563758,1.3688465554030813,1.3342389512152835,169.1412910492991,170.51013760470218,79.3921180863146,80.72635703752988,false,false
10,1.0,169.84461138389977,80.09362608203705,1.3625976805190305,1.3437649244987426,169.1552037827866,170.51780146330563,79.40837313822249,80.75213806272123,false,false
10,1.0,169.8114957375046,80.04205468546633,1.3432498770180246,1.3477613232239065,169.1545852123401,170.49783508935812,79.3630506431757,80.7108119663996,false,false
10,1.0,169.8338655933337,80.06624572442657,1.3734822711286085,1.3393695558925032,169.1585324764223,170.5320147475509,79.38512098973852,80.72449054563103,false,false
10,1.0,169.8218225141468,80.07503397170646,1.3229713183852994,1.380314810046272,169.14756120862702,170.47053252701232,79.36559926493726,80.74591407498353,false,false
10,1.0,169.8618750839764,80.08640199165761,1.3414661094648466,1.3434177972562793,169.1784057584403,170.51987186790515,79.42076924676687,80.76418704402315,false,false
10,1.0,169.81276400510706,80.06691417400933,1.3592084436257608,1.3439404920485032,169.1493800765452,170.50858852017097,79.4088065956456,80.7527470876941,false,false
10,1.0,169.81908537034485,80.05600999464431,1.3827601484222214,1.365181581919245,169.1377127149347,170.52047286335693,79.37640977731046,80.7415913592297,false,false
10,1.0,169.84854300555253,80.0896494446034,1.396774872496593,1.3336239060192838,169.13472180012212,170.53149667261872,79.4239303971049,80.75755430312418,false,false
10,1.0,169.82987334274944,80.06526932922542,1.36459230903219,1.3866611607177362,169.1586937775404,170.5232860865726,79.38602421130496,80.77268537202269,false,false
10,1.0,169.82985232364348,80.04036627916848,1.3431278782387324,1.3888657281516998,169.16513915632274,170.50826703456147,79.37111312476402,80.75997885291572,false,false
10,1.0,169.83835166379447,80.04058126960848,1.3685109701202975,1.3560111750184376,169.147265748306,170.5157767184263,79.37647357901962,80.73248475403805,false,false
10,1.0,169.8194666703695,80.07922771715806,1.3209364639984074,1.372482568427344,169.17104676158533,170.49198322558374,79.36600308358015,80.7384856520075,false,false
10,1.0,169.8265110329733,80.06621359876203,1.3157527810969611,1.3381151004354876,169.1578690722475,170.47362185334447,79.36637984893495,80.70449494937044,false,false
10,1.0,169.85220732845005,80.05876925374287,1.3814792248026038,1.338934868838777,169.13143900040473,170.51291822520733,79.3858167876021,80.72475165644087,false,false
10,1.0,169.8339470388314,80.0760681954491,1.3402713697863646,1.3472950846402796,169.1601089964039,170.50038036619026,79.38625796893177,80.73355305357205,false,false
10,1.0,169.80289373722854,80.06352843341206,1.3557976752605043,1.34456176687263,169.14744054572176,170.50323822098227,79.39221508475454,80.73677685162717,false,false
10,1.0,169.8426067556017,80.05190950920556,1.360745363060829,1.3647086952592105,169.14848151550143,170.50922687856226,79.34919987404102,80.71390856930023,false,false
10,1.0,169.83841899423442,80.04876327632411,1.3377360190780792,1.3786645781355276,169.1765432112431,170.51427923032116,79.35624908739533,80.73491366553085,false,false
10,1.0,169.83858143331807,80.04323413339965,1.3491321851076634,1.341983622872121,169.16948698306928,170.51861916817694,79.37797945245958,80.7199630753317,false,false
10,1.0,169.8439681550799,80.01457047265423,1.3586399028750122,1.3110899368065247,169.17566704055673,170.53430694343174,79.36845829092948,80.679548227736,false,false
10,1.0,169.82837732159595,80.05131867693922,1.3680243517974304,1.3933212719042416,169.16149262873637,170.5295169805338,79.33804751678203,80.73136878868627,false,false
10,1.0,169.84129714691232,80.07497281486694,1.330030778652116,1.354248920642533,169.16946156762677,170.49949234627888,79.39163345094246,80.745882371585,false,false
10,1.0,169.85684449331268,80.05548011474887,1.3363192529829178,1.3674226217116399,169.1644094706915,170.50072872367443,79.34879366695773,80.71621628866937,false,false
10,1.0,169.83953870522083,80.06922593463295,1.3505293718567941,1.3403820145343985,169.16929215560754,170.51982152746433,79.395541649276,80.7359236638104,false,false
10,1.0,169.84669318616614,80.04773769380678,1.3642436348318654,1.3392109226129634,169.15948827079148,170.52373190562335,79.37776208614511,80.71697300875807,false,false
10,1.0,169.84887743537357,80.04273734980418,1.3584100912848385,1.335145423818588,169.16356631826162,170.52197640954645,79.37760229054977,80.71274771436836,false,false
10,1.0,169.8351692152337,80.07448243831988,1.363613637366825,1.3595866367372338,169.13991459784947,170.5035282352163,79.38191305029298,80.74149968703021,false,false
10,1.0,169.8165396320836,80.03081983314101,1.3488480361895085,1.3261189639517426,169.1494553820604,170.49830341824992,79.36191851243025,80.688037476382,false,false
10,1.0,169.85581906323102,80.03917613222546,1.3599173907850854,1.370331485934713,169.1574215387568,170.5173389295419,79.35492812461571,80.72525961055042,false,false
10,1.0,169.85937518216613,80.03869608946852,1.3681152561131569,1.3964126124534317,169.1764221005846,170.54453735669776,79.33309553778382,80.72950815023725,false,false
10,1.0,169.83387738361589,80.06959109274983,1.3541838677693931,1.3660260479093154,169.14649304574522,170.5006769135146,79.38761959902394,80.75364564693325,false,false
10,1.0,169.82473491640215,80.06692538927396,1.3250125940842281,1.345531659315995,169.17577247935878,170.500785073443,79.38791879520444,80.73345045452044,false,false
10,1.0,169.82213370254502,80.07867440788073,1.327205583219154,1.4018728710530723,169.1583187629671,170.48552434618625,79.3729647983017,80.77483766935477,false,false
10,1.0,169.83112442239454,80.0532921571132,1.3407130591584178,1.337988587636417,169.179766457422,170.52047951658042,79.3773575370327,80.71534612466911,false,false
10,1.0,169.82613784923706,80.07114127794092,1.3556415119832366,1.3920260213017173,169.16028807172984,170.51592958371307,79.36603443923283,80.75806046053455,false,false
10,1.0,169.83065204203047,80.07373256165836,1.3800275635775563,1.333675589218828,169.14760721387177,170.52763477744932,79.39597254041877,80.7296481296376,false,false
10,1.0,169.8594517655713,80.08661200933034,1.3518098600320911,1.3467678178145945,169.18493686110145,170.53674672113354,79.42153614937001,80.76830396718461,false,false
10,1.0,169.84393818598176,80.04716322452416,1.3604751851289905,1.3679466804531017,169.15509075503127,170.51556594016026,79.36804446600142,80.73599114645452,false,false
10,1.0,169.83863413478224,80.05258164415562,1.3269098052497554,1.3516682712392623,169.1804425310597,170.50735233630945,79.38516607201616,80.73683434325542,false,false
10,1.0,169.8051234210576,80.05382016937669,1.35450508456276,1.3822887092435536,169.13425908142267,170.48876416598543,79.36097290064187,80.74326160988542,false,false
10,1.0,169.81156020237742,80.04842541381342,1.3507264022743755,1.336383795103842,169.142787456878,170.4935138591524,79.37349557072382,80.70987936582766,false,false
10,1.0,169.80150964019694,80.04960581014117,1.362138270558546,1.341468461384153,169.13572599295924,170.49786426351778,79.38101322477222,80.72248168615637,false,false
10,1.0,169.818379870676,80.05483268923427,1.3481254720430798,1.3579496933162005,169.16337357534013,170.5114990473832,79.36315180819564,80.72110150151184,false,false
10,1.0,169.8514486954988,80.04688554549577,1.3535067338475244,1.3509881446309322,169.16745928837335,170.52096602222088,79.3767847631663,80.72777290779723,false,false
10,1.0,169.84730609173596,80.02306071333169,1.3473272317948783,1.342118499513873,169.16148461300023,170.5088118447951,79.36068097453386,80.70279947404774,false,false
10,1.0,169.80594015192395,80.0517683449353,1.3530859773967734,1.3797925085238774,169.14750904700946,170.50059502440624,79.37469539281514,80.75448790133902,false,false
10,1.0,169.8326673208714,80.0753772534591,1.3737023597221594,1.3556713544816716,169.142576507974,170.51627886769617,79.39747866950088,80.75315002398256,false,false
10,1.0,169.83723961646302,80.0565782107711,1.3301445114876742,1.3472115594773015,169.1782067087251,170.50835122021277,79.38768760759086,80.73489916706816,false,false
10,1.0,169.85648940739543,80.09096599951063,1.3356303371070908,1.3456665599978237,169.17407075991787,170.50970109702496,79.42101694985465,80.76668350985247,false,false
10,1.0,169.8291365813742,80.05724305869524,1.3532253514569845,1.3325811482902168,169.14699096964543,170.5002163211024,79.39417145472282,80.72675260301304,false,false
10,1.0,169.83541709099023,80.05321695991083,1.3208916187450654,1.3403754896921782,169.1685922530663,170.48948387181136,79.39423538150271,80.73461087119489,false,false
10,1.0,169.8034112882379,80.0490471399135,1.3349438964900742,1.3550370239132974,169.13894876331653,170.4738926598066,79.37308696003896,80.72812398395226,false,false
10,1.0,169.83404359709624,80.04694512563498,1.3413898691296993,1.3679157491040712,169.1603752353776,170.50176510450729,79.37189680663285,80.73981255573692,false,false
10,1.0,169.84069940578715,80.04283234310864,1.35056011378731,1.3419314656413377,169.173353289452,170.5239134032393,79.37906521710754,80.72099668274888,false,false
10,1.0,169.83452039979358,80.06787001397475,1.374023005211285,1.3517376339895577,169.15528381762778,170.52930682283906,79.38120138210898,80.73293901609854,false,false
10,1.0,169.8285549855234,80.049084023735,1.3418828246416012,1.3625398279519487,169.15479019961558,170.49667302425718,79.38149058611383,80.74403041406578,false,false
10,1.0,169.8430922059295,80.07641340943042,1.36095495978617,1.383715852065862,169.15861573627055,170.51957069605672,79.37393259450188,80.75764844656774,false,false
10,1.0,169.84050416062178,80.04952443744648,1.3562088438101796,1.3610531620687425,169.16782385845562,170.5240327022658,79.37551880905144,80.73657197112018,false,false
10,1.0,169.81907076524442,80.06183735584088,1.3658274340309902,1.3634842662787605,169.1349096978426,170.5007371318736,79.3895711320385,80.75305539831726,false,false
10,1.0,169.84631625853203,80.04622128172502,1.3406802420313113,1.3658045718283205,169.17678226278355,170.51746250481486,79.36085300253613,80.72665757436445,false,false
10,1.0,169.8330576047603,80.02626203241464,1.3212486253296447,1.36713703825383,169.17284739949613,170.49409602482578,79.34589694474562,80.71303398299945,false,false
10,1.0,169.80726180701566,80.07558261069664,1.372152601862382,1.321026542343347,169.12970224501032,170.5018548468727,79.42569713959011,80.74672368193346,false,false
10,1.0,169.82145647172237,80.07302506485846,1.3456930612829296,1.3060810620309837,169.1603634004287,170.50605646171164,79.42883452503446,80.73491558706544,false,false
10,1.0,169.83538322593554,80.02385730445528,1.3681095193245199,1.335897753246556,169.15525955240733,170.52336907173185,79.36609556057367,80.70199331382022,false,false
10,1.0,169.8547419417759,80.04300768970779,1.3730002373401078,1.3038658948245114,169.1627349801739,170.535735217514,79.39806418462976,80.70193007945427,false,false
10,1.0,169.82133679426124,80.04585764837576,1.339752694226405,1.3632942907669445,169.1630107483095,170.5027634425359,79.35576996395741,80.71906425472436,false,false
10,1.0,169.82746899467506,80.06966326828947,1.3603264380142832,1.3757537406259246,169.14886782434343,170.5091942623577,79.3883198915939,80.76407363221982,false,false
10,1.0,169.82193912547797,80.05646743275355,1.346108669997733,1.3337540981437002,169.16430673905083,170.51041540904856,79.39303191547579,80.72678601361949,false,false
10,1.0,169.83887202913485,80.09356404153607,1.3368754695828784,1.3255930721125253,169.17224670663222,170.5091221762151,79.43955984794991,80.76515292006243,false,false
10,1.0,169.8222357057263,80.0378730376622,1.3774159455888366,1.3555824771003415,169.13629364512826,170.5137095907171,79.38304245645443,80.73862493355477,false,false
10,1.0,169.81899983135827,80.06683299170314,1.347191382848905,1.3655737660007787,169.15995401097481,170.50714539382372,79.35922567387372,80.7247994398745,false,false
10,1.0,169.8439725726946,80.03408562568995,1.3335014400120997,1.3263647969597088,169.15848766298882,170.49198910300092,79.38908590099412,80.71545069795383,false,false
10,1.0,169.8470815803342,80.05282960941645,1.3805100148727831,1.349320812449605,169.15062470277104,170.53113471764382,79.39031013554352,80.73963094799312,false,false
10,1.0,169.84235050496898,80.04097444788229,1.3496627051191297,1.3636833945862037,169.1467567542914,170.49641945941053,79.34655477667205,80.71023817125825,false,false
10,1.0,169.85227698455463,80.05894121921702,1.330972241301339,1.3210892507222667,169.17766478001104,170.50863702131238,79.4079606618601,80.72904991258237,false,false
10,1.0,169.82606184085347,80.02786703835031,1.332730249292382,1.344358609547612,169.1491205726968,170.48185082198918,79.36067666247834,80.70503527202595,false,false
10,1.0,169.83077245558331,80.04692083518121,1.3566220391469699,1.3364202051396603,169.151156778055,170.50777881720197,79.37507777702571,80.71149798216537,false,false
10,1.0,169.83606274768113,80.07311074507624,1.34591432039403,1.3553025324707875,169.16532302895615,170.51123734935018,79.38508722201415,80.74038975448494,false,false
10,1.0,169.83325077783792,80.06725225658204,1.3437709583471076,1.3517659965567361,169.14463531237627,170.48840627072337,79.39367107512948,80.74543707168621,false,false
10,1.0,169.83373066470836,80.06080490866265,1.342886696807966,1.3457314078637665,169.16468592776926,170.50757262457722,79.38441436325758,80.73014577112134,false,false
10,1.0,169.8277998809799,80.03934862535972,1.3654133497579153,1.3502006588243063,169.14097231726592,170.50638566702384,79.37196878472525,80.72216944354956,false,false
10,1.0,169.83635031736583,80.05635224246501,1.3579909963316936,1.3206954413935819,169.15609879900438,170.51408979533608,79.40563714998892,80.7263325913825,false,false
10,1.0,169.82593128925635,80.05003708466947,1.3211879228896635,1.3165487356410353,169.1771109615324,170.49829888442207,79.39315905453589,80.70970779017692,false,false
10,1.0,169.8412568396708,80.0856316979775,1.3199132992302793,1.3385891226713227,169.1763964339159,170.49630973314618,79.41712459185023,80.75571371452155,false,false
10,1.0,169.79153392193803,80.05093559367896,1.3635853442244468,1.3452746911263063,169.1189594927938,170.48254483701825,79.38601291683167,80.73128760795798,false,false
10,1.0,169.83432273687077,80.08893424643608,1.3424411760172745,1.3538253735670764,169.16192567408305,170.50436685010033,79.40645804950393,80.760283423071,false,false
10,1.0,169.8584985821035,80.05643264994693,1.326428224714249,1.371347156008838,169.1790704572567,170.50549868197095,79.39138123104968,80.76272838705852,false,false
10,1.0,169.8429941790217,80.05128012588494,1.3572583463585772,1.341783747486744,169.14724881893872,170.5045071652973,79.38294039246307,80.72472413994981,false,false
10,1.0,169.8412752284674,80.05709011242809,1.337782752509895,1.4245454489031601,169.15564758328347,170.49343033579336,79.35475360943056,80.77929905833372,false,false
10,1.0,169.83939713272866,80.06729038628941,1.341023327651783,1.337614561118727,169.1709305923871,170.51195392003888,79.40539140805873,80.74300596917746,false,false
10,1.0,169.83318472489788,80.07306536683444,1.4117999847445333,1.3427559514217222,169.1341825923364,170.54598257708093,79.40103863402493,80.74379458544665,false,false
10,1.0,169.8469531571366,80.05294674816024,1.356572477802672,1.3484742365746172,169.17107155323333,170.527644031036,79.38424878821267,80.73272302478729,false,false
10,1.0,169.81127225579627,80.07396915374505,1.3776404759744594,1.3577764380971757,169.13463065911014,170.5122711350846,79.39813808172856,80.75591451982574,false,false
10,1.0,169.82311394251394,80.07670794129088,1.3390371842998832,1.3440443924611287,169.17258433618994,170.51162152048983,79.3969521747682,80.74099656722933,false,false
10,1.0,169.82424752066743,80.07949925276975,1.3255402854670706,1.3527393573556026,169.16829939605583,170.4938396815229,79.40064584088654,80.75338519824214,false,false
10,1.0,169.85547834113046,80.07679718614187,1.3485630144870129,1.359989514252561,169.17229794747686,170.52086096196388,79.38776360424791,80.74775311850047,false,false
10,1.0,169.82746075843838,80.03161948253207,1.3544881340416453,1.346962878689098,169.1629246958023,170.51741282984395,79.35632457651974,80.70328745520884,false,false
10,1.0,169.8318297165631,80.03520085890877,1.3459126408405382,1.3447530687031417,169.16487094726148,170.51078358810202,79.39062399626675,80.7353770649699,false,false
10,1.0,169.84664583929987,80.06888966001455,1.3191388956263381,1.354266322530151,169.17225401200773,170.49139290763407,79.3829357856223,80.73720210815245,false,false
10,1.0,169.8330537710311,80.0567256919582,1.325409872751834,1.3891459746850359,169.16391432020546,170.4893241929573,79.35879261299604,80.74793858768108,false,false
10,1.0,169.83391656976744,80.05509508386342,1.3504612758998178,1.324730833065189,169.16128061197017,170.51174188787,79.40796230353146,80.73269313659665,false,false
10,1.0,169.85450463930994,80.07761282455753,1.351717591994543,1.30769964536249,169.17069125577052,170.52240884776506,79.39676035755204,80.70446000291453,false,false
10,1.0,169.8260792993312,80.05750795172706,1.3667249504445351,1.387523506842001,169.14802350360304,170.51474845404758,79.36206313142168,80.74958663826368,false,false
10,1.0,169.83891209004918,80.0467356993182,1.3495817693787444,1.3396722431630792,169.14751701830022,170.49709878767896,79.3845171823927,80.72418942555578,false,false
10,1.0,169.8432729947541,80.07632163502333,1.3676753764315777,1.3201038675494203,169.15231216080304,170.5199875372346,79.39304182739433,80.71314569494375,false,false
10,1.0,169.83331200134367,80.05094988705724,1.3513610023865397,1.3168519133449479,169.15935158538858,170.51071258777512,79.3956322382532,80.71248415159815,false,false
10,1.0,169.81590779454643,80.07746351372361,1.322732012011926,1.3200282648413406,169.16124489417746,170.48397690618938,79.41084052692102,80.73086879176236,false,false
10,1.0,169.83061171168671,80.02222810650787,1.3631917322261984,1.351970072663235,169.1477631788448,170.510954911071,79.36540410614494,80.71737417880817,false,false
10,1.0,169.8142910014825,80.06643332675553,1.343229281958088,1.3507442544606647,169.15091261465608,170.49414189661417,79.37950458295893,80.7302488374196,false,false
10,1.0,169.8291490405732,80.04470952700586,1.371835897140329,1.3353035330424348,169.13616401735402,170.50799991449435,79.37693157153377,80.71223510457621,false,false
10,1.0,169.8479546473519,80.06657601872597,1.3560089455399975,1.3822774323666778,169.1687801979133,170.5247891434533,79.36093081299117,80.74320824535785,false,false
10,1.0,169.84342355466606,80.03910425780208,1.3350105113881057,1.3361692043972226,169.15803177167152,170.49304228305962,79.36552137907266,80.70169058346988,false,false
10,1.0,169.84815703243675,80.02776242326972,1.3921160638400352,1.3087464314776724,169.1408970763279,170.53301314016792,79.37000982014395,80.67875625162162,false,false
10,1.0,169.8464456577393,80.07180895904949,1.3442600968490694,1.3611123265991125,169.16446271872582,170.50872281557488,79.38165313399125,80.74276546059036,false,false
10,1.0,169.8228606578216,80.08857900767396,1.344252055572639,1.378063264644851,169.16206529352718,170.50631734909982,79.39826871166309,80.77633197630794,false,false
10,1.0,169.8157464875644,80.05751630069705,1.3603898568630086,1.3452650275796998,169.145823400014,170.506213256877,79.39496716859423,80.74023219617393,false,false
10,1.0,169.8551465009823,80.07012490355791,1.3419199560484003,1.3371032990339984,169.18876323990406,170.53068319595246,79.38882496883389,80.72592826786789,false,false
10,1.0,169.83630394975398,80.05702193920226,1.3726832383877365,1.3582106004521677,169.1574518494133,170.53013508780103,79.39603236888186,80.75424296933403,false,false
10,1.0,169.82211771389277,80.02960851887583,1.3362941242554598,1.3745656541997704,169.1496410499786,170.48593517423407,79.35451484166585,80.72908049586562,false,false
10,1.0,169.84269660867514,80.0593967345852,1.367463309754811,1.3501364483049798,169.160688184595,170.5281514943498,79.39311500962027,80.74325145792525,false,false
10,1.0,169.84541965156174,80.06679890554616,1.337091288208427,1.3605112376249622,169.1769294247283,170.51402071293674,79.38104533586423,80.74155657348919,false,false
10,1.0,169.82825507692434,80.05649930709401,1.3148046819441959,1.3499823216804145,169.1692023532799,170.4840070352241,79.40290052647958,80.75288284816,false,false
10,1.0,169.84473380578567,80.0397456317336,1.333174533106586,1.342817809773564,169.17603732845026,170.50921186155685,79.38204965342615,80.72486746319971,false,false
10,1.0,169.8233435284999,80.05463930889553,1.3226407121484272,1.287658760662282,169.17271886705828,170.4953595792067,79.40938482517603,80.69704358583832,false,false
10,1.0,169.8245689285788,80.05732357510546,1.3539735866512217,1.3328756974209597,169.14703023261447,170.5010038192657,79.40871417375118,80.74158987117214,false,false
10,1.0,169.82136832418365,80.0659449657669,1.3451712060176533,1.3644179716542482,169.15449179025464,170.4996629962723,79.389878688028,80.75429665968225,false,false
10,1.0,169.82208190834334,80.06369161613478,1.333520927255222,1.3667912680477343,169.1454423170319,170.47896324428712,79.39409645710596,80.7608877251537,false,false
10,1.0,169.8312321855707,80.03821584611617,1.3678674009740064,1.2922828972604208,169.15091648324207,170.51878388421608,79.421397548746,80.71368044600642,false,false
10,1.0,169.82925291113708,80.07133533100024,1.3848702011192415,1.326721487676508,169.12617597900376,170.511046180123,79.38881399934577,80.71553548702228,false,false
10,1.0,169.83937543073,80.05450110415944,1.3601677753512718,1.3342812992204642,169.15880496285325,170.51897273820452,79.36601151345546,80.70029281267593,false,false
10,1.0,169.83824672594685,80.06049806936633,1.3347973698598992,1.3156942287820925,169.15652919366335,170.49132656352324,79.40829861429103,80.72399284307312,false,false
10,1.0,169.83637295040654,80.09404669770662,1.348538221446404,1.3345335503992999,169.16628324493723,170.51482146638364,79.43332563360656,80.76785918400586,false,false
10,1.0,169.84408081591243,80.04075033464252,1.3427963498203894,1.3334146790052444,169.15908000510564,170.50187635492603,79.37615387734354,80.70956855634878,false,false
10,1.0,169.83734764798396,80.05186579681907,1.3455207819680481,1.330101214288618,169.16129045485656,170.5068112368246,79.39476101578012,80.72486223006874,false,false
10,1.0,169.80936386043288,80.05524828126272,1.3419318020874869,1.3308691365671308,169.13939535546774,170.48132715755523,79.39487015148391,80.72573928805105,false,false
10,1.0,169.8380430015693,80.0479758579601,1.3635397178263702,1.3389414818431078,169.1528676383969,170.51640735622328,79.36571536367757,80.70465684552067,false,false
10,1.0,169.84721258393336,80.09288964054338,1.400985625875279,1.3628188940549109,169.13648432641045,170.53746995228573,79.40463827589498,80.76745716994989,false,false
10,1.0,169.82139438194508,80.03619575162858,1.3267906555814761,1.3606886694909406,169.16732393335167,170.49411458893314,79.34650902013696,80.7071976896279,false,false
10,1.0,169.81810062842612,80.03385115843773,1.3511427847926996,1.3709450036435555,169.14042380551436,170.49156659030706,79.35986143982278,80.73080644346634,false,false
10,1.0,169.82716514850776,80.03900492678406,1.3218364331252985,1.338196492322652,169.16576257105655,170.48759900418185,79.38018847420963,80.71838496653228,false,false
10,1.0,169.8367525986663,80.0709199910965,1.3759959139088096,1.3463364047998283,169.14125562041937,170.51725153432818,79.41151163337115,80.75784803817098,false,false
10,1.0,169.8383527284169,80.05815240783912,1.3454131757216032,1.3350817904371013,169.14954126987686,170.49495444559847,79.39945619320272,80.73453798363983,false,false
10,1.0,169.84018083878925,80.06406866815715,1.3685167398143108,1.384704040027998,169.15019587606923,170.51871261588354,79.37991411312005,80.76461815314805,false,false
10,1.0,169.8282530040224,80.06995323600181,1.340225712654643,1.3583796637873462,169.1669504613893,170.50717617404393,79.39366608130972,80.75204574509706,false,false
10,1.0,169.85262300417554,80.06339373560975,1.3598061903279017,1.3606254062111276,169.15463436960056,170.51444055992846,79.37727096891022,80.73789637512135,false,false
10,1.0,169.82838327015062,80.04138788166674,1.3398350039395268,1.3435277849472556,169.1594917322479,170.4993267361874,79.39017644389709,80.73370422884435,false,false
10,1.0,169.82060857656074,80.05006892314678,1.364805660672232,1.3612929957861866,169.15161867258718,170.5164243332594,79.36919517362294,80.73048816940913,false,false
10,1.0,169.82695140978603,80.06288757225389,1.3553264230414754,1.344158664897023,169.14562085024238,170.50094727328386,79.39757516295819,80.74173382785521,false,false
10,1.0,169.83440420514327,80.07927624740955,1.3545501515717717,1.3404690255765104,169.13984384183735,170.49439399340912,79.40100494385155,80.74147396942806,false,false
10,1.0,169.83770575636794,80.06953495540849,1.3662771467581933,1.3672687353779622,169.14765378092528,170.51393092768348,79.38020464499323,80.74747338037119,false,false
10,1.0,169.8306910491312,80.05528460748694,1.3551929707182353,1.3506713204208438,169.15903344995593,170.51422642067416,79.39181734899954,80.74248866942038,false,false
10,1.0,169.84892696051656,80.05187365847155,1.3287528289946806,1.338452871389478,169.1870935134762,170.5158463424709,79.38339998410486,80.72185285549433,false,false
10,1.0,169.8377103603615,80.06656012978932,1.3778147866437962,1.371421572697784,169.1424499101067,170.5202646967505,79.39359246197947,80.76501403467725,false,false
10,1.0,169.8174360846669,80.07141217755182,1.3608696736571062,1.3408516658996632,169.14888206387076,170.50975173752786,79.39475108355674,80.7356027494564,false,false
10,1.0,169.83601302795034,80.0390401651708,1.327325348524738,1.325047731964915,169.1781066978958,170.50543204642054,79.39168712088917,80.71673485285409,false,false
10,1.0,169.83889198443842,80.05092251467563,1.3706366426222587,1.3929949576151728,169.1642722958907,170.53490893851296,79.34898883091492,80.74198378853009,false,false
10,1.0,169.85004906190773,80.07087832862217,1.3214084506115,1.362668912392465,169.1807926474716,170.5022010980831,79.39684309839078,80.75951201078324,false,false
10,1.0,169.8583876930557,80.0531878507143,1.3314251596265194,1.3783956555788563,169.18243562699345,170.51386078661997,79.37195180155746,80.75034745713631,false,false
10,1.0,169.82161756822603,80.03177947464607,1.3584497664621153,1.3598199186148463,169.13600718156,170.4944569480221,79.36125285967773,80.72107277829258,false,false
10,1.0,169.81892185234403,80.0690428334255,1.3600314926313786,1.3526278997502317,169.14705100491653,170.5070824975479,79.39357268663726,80.74620058638749,false,false
10,1.0,169.8409304605814,80.05593822772275,1.3756612314180643,1.3369002406643062,169.13762811331662,170.5132893447347,79.39602887823284,80.73292911889715,false,false
10,1.0,169.8554302136108,80.05578859646153,1.3276007992444647,1.3356298295469031,169.17988595421943,170.5074867534639,79.39342762308542,80.72905745263232,false,false
10,1.0,169.83667700547704,80.08808829519712,1.3300912281804926,1.328230694038453,169.17078829838843,170.50087952656892,79.41304907403998,80.74127976807843,false,false
10,1.0,169.81922031666687,80.04263656101713,1.4014353263544024,1.3328476409459569,169.1219496973299,170.5233850236843,79.36532614847061,80.69817378941657,false,false
10,1.0,169.8263227338263,80.06744640875571,1.3317190024389163,1.3672450961067426,169.17076698995035,170.50248599238927,79.3802901164069,80.74753521251364,false,false
10,1.0,169.83935649307114,80.04434464676453,1.3561408545546385,1.3527241446229112,169.15910633425182,170.51524718880646,79.366714094491,80.71943823911391,false,false
10,1.0,169.8367224585731,80.07364663544953,1.355326212561522,1.3973581610456023,169.1535939970509,170.50892020961243,79.38113588103995,80.77849404208555,false,false
10,1.0,169.85203274356942,80.07802169403578,1.3086936322698648,1.3255205995346842,169.1863612490302,170.49505488130006,79.40330628845977,80.72882688799446,false,false
10,1.0,169.83234978328258,80.03769835834797,1.3654719082168185,1.3324378590275217,169.1381617232068,170.5036336314236,79.37470783017923,80.70714568920675,false,false
10,1.0,169.81152725270067,80.05632350768533,1.3614954162880224,1.3393210947523215,169.15063807487084,170.51213349115886,79.38614450581565,80.72546560056797,false,false
10,1.0,169.83787986971117,80.04365764797174,1.3195869576217945,1.327176933499345,169.17323575863293,170.49282271625472,79.3851047574512,80.71228169095055,false,false
10,1.0,169.81775279389723,80.04736928853822,1.3520994167326705,1.3605031604008815,169.14662028338964,170.4987197001223,79.37719302623611,80.737696186637,false,false
10,1.0,169.8277358276327,80.05488624749049,1.3284661578039447,1.3479999859553402,169.16998287799373,170.49844903579768,79.38883389220021,80.73683387815555,false,false
10,1.0,169.82723186615064,80.07257071462622,1.3580294537621,1.3515872519650713,169.1426185531974,170.5006480069595,79.39867508004387,80.75026233200894,false,false
10,1.0,169.82557877468298,80.09116997076407,1.3297151991931457,1.3536661574511442,169.1673030601877,170.49701825938084,79.40656851931568,80.76023467676683,false,false
10,1.0,169.8371265802713,80.05505846464213,1.311369510328774,1.342454061888148,169.17655749384804,170.4879270041768,79.39207361949803,80.73452768138618,false,false
10,1.0,169.8319352366272,80.0342343830753,1.3414162597103427,1.4163930824988569,169.16685069571287,170.5082669554232,79.33588737722705,80.75228045972591,false,false
10,1.0,169.82512512965968,80.05187250684327,1.3543319812699508,1.3099670996286505,169.14882129908398,170.50315328035393,79.40694650397798,80.71691360360663,false,false
10,1.0,169.8317256954001,80.05886173883043,1.325563212827575,1.3359616645882255,169.17700506112882,170.5025682739564,79.38548221034577,80.721443874934,false,false
10,1.0,169.81425455374372,80.05241984712154,1.3749548790027006,1.353059175456167,169.12764039789923,170.50259527690193,79.39400856221425,80.74706773767042,false,false
10,1.0,169.82891728072798,80.08770874116637,1.3327713537764794,1.3377174896704958,169.17946400107405,170.51223535485053,79.4210888250574,80.75880631472789,false,false
10,1.0,169.848680097682,80.05253864920306,1.3232419321688553,1.3364970733678803,169.18572494274875,170.5089668749176,79.39183097355033,80.72832804691821,false,false
10,1.0,169.83434628051842,80.06255695713183,1.3598710258372364,1.347200878362358,169.1533264221809,170.51319744801813,79.40396827806619,80.75116915642855,false,false
10,1.0,169.83624824187672,80.06747952587375,1.363825373633972,1.3072308997821835,169.16063695684818,170.52446233048215,79.40294199579726,80.71017289557945,false,false
10,1.0,169.81144285469944,80.05233712220888,1.3407895821462716,1.350848766662537,169.1555587718156,170.49634835396188,79.36103921650326,80.7118879831658,false,false
10,1.0,169.8467261218862,80.05485994642325,1.3296905817975642,1.3792583128063143,169.18629448931023,170.5159850711078,79.37316218184364,80.75242049464995,false,false
10,1.0,169.85736177185487,80.05150283377577,1.325196914768668,1.3824831909182507,169.20109943330465,170.52629634807332,79.37079404891692,80.75327723983517,false,false
10,1.0,169.80596420519578,80.04953415187657,1.3341671871152414,1.3633840843245082,169.15383189142386,170.4879990785391,79.36985072903973,80.73323481336423,false,false
10,1.0,169.8212218367755,80.04131227310631,1.3773195445137674,1.3423749328097614,169.1371372287967,170.51445677331046,79.35892413736532,80.70129907017508,false,false
10,1.0,169.83258621562103,80.06240126305556,1.3948835194699996,1.3325213917305518,169.13643672105906,170.53132024052906,79.40198988724943,80.73451127897998,false,false
10,1.0,169.82060614532963,80.07896451010383,1.3618921914377609,1.381371334112572,169.14174269801615,170.5036348894539,79.3925597574052,80.77393109151777,false,false
10,1.0,169.8301831326567,80.05740007400878,1.3718898602152194,1.3558318004482857,169.13765961255808,170.5095494727733,79.37079052493824,80.72662232538653,false,false
10,1.0,169.84283719907557,80.06832259911982,1.3353019041849734,1.3758825722084538,169.16449132946832,170.4997932336533,79.38467505221018,80.76055762441864,false,false
10,1.0,169.80907938635772,80.04353470274856,1.3298961574864734,1.3420335431790278,169.1641900101043,170.49408616759078,79.3712952225399,80.71332876571893,false,false
10,1.0,169.83743421635512,80.06553259979194,1.321248728498233,1.3480943853437282,169.17363317971973,170.49488190821796,79.37870372100289,80.72679810634662,false,false
10,1.0,169.83922535298552,80.04659043271158,1.3434504411755483,1.3320212391630548,169.17044466213537,170.51389510331092,79.38680286596694,80.71882410513,false,false
10,1.0,169.81753986139972,80.08425306598544,1.347979142708624,1.3598190431844301,169.1526882389658,170.50066738167442,79.41650262367568,80.77632166686011,false,false
10,1.0,169.85329092635146,80.04625295045585,1.389096786144961,1.3527191776846195,169.1476711822776,170.53676796842257,79.37094421871596,80.72366339640058,false,false
10,1.0,169.8284814268623,80.05824516920438,1.3646030650141938,1.4040205559481365,169.14425864325443,170.50886170826863,79.35700367914261,80.76102423509074,false,false
10,1.0,169.83499881563907,80.06145646155093,1.3465884406203088,1.3406929578389821,169.16610461844792,170.51269305906823,79.38474905695811,80.7254420147971,false,false
10,1.0,169.82380507473312,80.05893059802341,1.3497067079167664,1.373697439381317,169.15140362077477,170.50111032869154,79.36847162966758,80.7421690690489,false,false
10,1.0,169.84081983011356,80.04465949174174,1.3382787322385639,1.3363649690940633,169.15553969791856,170.49381843015712,79.39104277490611,80.72740774400017,false,false
10,1.0,169.8479110686942,80.07300108063914,1.3333911588769638,1.3447435293535648,169.1722001031196,170.50559126199656,79.387991826367,80.73273535572056,false,false
10,1.0,169.85332951236825,80.07223192506355,1.3448292889460447,1.3192258141010171,169.16689364478145,170.5117229337275,79.41523381112066,80.73445962522167,false,false
10,1.0,169.81170859408445,80.06462564954376,1.3492378541437233,1.3270442973129803,169.14055690070674,170.48979475485046,79.39202521204366,80.71906950935664,false,false
10,1.0,169.83821779814713,80.09002545619074,1.354157760660911,1.3675847185391916,169.16039674142556,170.51455450208647,79.3910470649233,80.75863178346249,false,false
10,1.0,169.83120732751513,80.05635948763391,1.363354348812777,1.3433768584308865,169.15755752859795,170.52091187741073,79.40100785940372,80.7443847178346,false,false
10,1.0,169.8408948931136,80.04514448285545,1.3581797561322162,1.3441178884181966,169.14784456186047,170.50602431799268,79.38317495612964,80.72729284454783,false,false
10,1.0,169.81579688382442,80.0498097032448,1.3604041305614203,1.3563486381697203,169.14589694321958,170.506301073781,79.3601478149028,80.71649645307252,false,false
10,1.0,169.83381276941594,80.06597161726265,1.3703623236921487,1.3601690729191063,169.15180142136018,170.52216374505232,79.38581456383086,80.74598363674997,false,false
10,1.0,169.82778309789202,80.04780029225037,1.3588246763694087,1.330234412626183,169.15793522541168,170.51675990178109,79.3835736739029,80.71380808652908,false,false
10,1.0,169.83669535344808,80.0839058256642,1.3363115975136282,1.3218561989111635,169.17756773987526,170.5138793373889,79.40710044562793,80.7289566445391,false,false
10,1.0,169.82953552130294,80.04938300188147,1.3478391402448153,1.3549817223857303,169.1547696120784,170.50260875232323,79.37669816105966,80.7316798834454,false,false
10,1.0,169.8529455478723,80.04973619445539,1.3469085774755456,1.4071539026911921,169.1652681679856,170.51217674546115,79.35026010008966,80.75741400278085,false,false
10,1.0,169.86265467931543,80.08730792752921,1.3749379360137652,1.3070289936657673,169.13991595426853,170.5148538902823,79.42517070023726,80.73219969390303,false,false
10,1.0,169.8362373919172,80.03637047826557,1.3776389671390632,1.3268697705609327,169.16148237585614,170.5391213429952,79.37931070319726,80.7061804737582,false,false
10,1.0,169.81565152499928,80.07359610355417,1.348151436938167,1.3674101891972867,169.13769143507852,170.4858428720167,79.37410097787603,80.74151116707331,false,false
10,1.0,169.82643539065555,80.05097510279853,1.3673876017577413,1.3365576083432416,169.12957105979152,170.49695866154926,79.36854133109793,80.70509893944117,false,false
10,1.0,169.83966777369918,80.04087179629391,1.3265560183245384,1.3447777169150328,169.1701305042134,170.49668652253794,79.37317042371093,80.71794814062596,false,false
10,1.0,169.83746014493062,80.04959455229088,1.3509932289299798,1.3525497038568375,169.16308119312114,170.51407442205112,79.37670476010038,80.72925446395722,false,false
10,1.0,169.84881424255403,80.06989750336379,1.3144671170185518,1.3623440315251258,169.19346050871144,170.50792762573,79.40082776112071,80.76317179264584,false,false
10,1.0,169.81833085378295,80.05477782215955,1.354615852850202,1.3244245270184507,169.13663058012415,170.49124643297435,79.39092353405391,80.71534806107236,false,false
10,1.0,169.83945588280332,80.10015393605897,1.3173632870560539,1.3453908547501356,169.19088361654227,170.50824690359832,79.41324643575,80.75863729050013,false,false
10,1.0,169.83396226798686,80.04673867610586,1.3696996429908097,1.323007823965355,169.1565770561789,170.5262766991697,79.39502255821058,80.71803038217594,false,false
10,1.0,169.82448596776297,80.06819770004634,1.3567645742068066,1.3814802452678094,169.14314583091823,170.49991040512504,79.37604635303643,80.75752659830424,false,false
10,1.0,169.85411175949173,80.06401227658455,1.339167390012534,1.3592589717531922,169.16900464071037,170.5081720307229,79.37259979344637,80.73185876519956,false,false
10,1.0,169.82555941534417,80.04750207318969,1.3270089424631237,1.3552570850089438,169.18033369457072,170.50734263703384,79.36959437029633,80.72485145530527,false,false
10,1.0,169.8473102465622,80.06697389014013,1.367552291207545,1.3571942253704776,169.1660019146212,170.53355420582875,79.39601405652908,80.75320828189956,false,false
10,1.0,169.85285128921177,80.0572068517775,1.357186630679422,1.3320722228251896,169.18357220862683,170.54075883930625,79.39582708675042,80.7278993095756,false,false
10,1.0,169.8182879062293,80.06318317753643,1.3667343328698678,1.4050491445048578,169.14854577137552,170.5152801042454,79.34540827751502,80.75045742201988,false,false
10,1.0,169.83597543585552,80.04705599509344,1.3386811690479874,1.3516160903721186,169.17374644977627,170.51242761882426,79.3553625574624,80.70697864783452,false,false
10,1.0,169.86609742699477,80.08519832047828,1.333467554961345,1.3274480650648712,169.18544274289084,170.5189102978522,79.42504867162054,80.75249673668542,false,false
10,1.0,169.82479989187496,80.06025034920697,1.3076655445437382,1.3705532924522998,169.17173495834487,170.4794005028886,79.37571814297058,80.74627143542288,false,false
10,1.0,169.83818456568537,80.03721270518825,1.3568530772386964,1.3426374000299859,169.16031225521348,170.51716533245218,79.37100431845758,80.71364171848757,false,false
10,1.0,169.81739129305632,80.0266393466108,1.3624363787335767,1.3676292638328817,169.14341459830618,170.50585097703976,79.36097877267875,80.72860803651163,false,false
10,1.0,169.83170560332272,80.04762461607385,1.3342462068873715,1.3474784064488858,169.15777256617872,170.4920187730661,79.38560196550759,80.73308037195648,false,false
10,1.0,169.8415036349678,80.03024571461478,1.3232171642067954,1.3267263444357695,169.18400715702217,170.50722432122896,79.37746993875265,80.70419628318842,false,false
10,1.0,169.82644478785764,80.06447903594155,1.37208519158375,1.3312500843469337,169.13654486260555,170.5086300541893,79.3877096388169,80.71895972316383,false,false
10,1.0,169.8378926030913,80.04143931353909,1.368594849616784,1.3285781860410708,169.15457986764653,170.52317471726332,79.37439117998045,80.70296936602152,false,false
10,1.0,169.84226376448157,80.05050982337193,1.3767425439592387,1.33193158514203,169.16240575595975,170.539148299919,79.38324649657937,80.7151780817214,false,false
10,1.0,169.8486177116178,80.03610418612232,1.3463802640779932,1.379697688458549,169.15989708914583,170.50627735322382,79.33197721211933,80.71167490057788,false,false
10,1.0,169.8351738601175,80.06020154313879,1.3437391119651068,1.3625631890698031,169.15596301661725,170.49970212858236,79.37093780285926,80.73350099192906,false,false
10,1.0,169.83334449679836,80.05813665212015,1.3310885340439143,1.3352190649725344,169.16515286440927,170.49624139845318,79.3714585560739,80.70667762104644,false,false
10,1.0,169.835055808105,80.05959175351515,1.3652460067273466,1.3784878558630282,169.1547695083152,170.52001551504256,79.37594457711246,80.75443243297549,false,false
10,1.0,169.8114341671409,80.05395408869724,1.345256345193377,1.3426446144667352,169.12510381990978,170.47036016510316,79.37720690034654,80.71985151481327,false,false
10,1.0,169.8400470238445,80.06608784914414,1.357630433923049,1.3207518183313738,169.14158133731678,170.49921177123983,79.40854137415273,80.7292931924841,false,false
10,1.0,169.85193946096155,80.05096934638225,1.3390290282807484,1.3626180224302402,169.18106623085427,170.52009525913502,79.35700955677703,80.71962757920727,false,false
10,1.0,169.82781742557853,80.04817158027863,1.3771624252491677,1.359354669771804,169.14547282033965,170.52263524558882,79.36404420185372,80.72339887162552,false,false
10,1.0,169.8110298486551,80.07396815897619,1.3684115343039878,1.360382959143081,169.13517108110102,170.503582615405,79.39675036559498,80.75713332473806,false,false
10,1.0,169.82973779963783,80.05301154926067,1.356417588285609,1.3690069847358757,169.13283820857086,170.48925579685647,79.36971146728492,80.73871845202079,false,false
10,1.0,169.85572301746345,80.07335155004199,1.3600052792962742,1.358089683458843,169.17336873417463,170.5333740134709,79.39782437702195,80.75591406048079,false,false
10,1.0,169.81892572183807,80.03845010303503,1.3692924178931491,1.3678448629868996,169.13995368270156,170.5092461005947,79.36301321478955,80.73085807777645,false,false
10,1.0,169.80722475174636,80.05501607170845,1.3328249942742616,1.3532846062980894,169.15941201904974,170.492237013324,79.38632979133446,80.73961439763255,false,false
10,1.0,169.85322200768263,80.04505183455876,1.3614464342624615,1.325470528266294,169.16135224799254,170.522798682255,79.37650879626689,80.70197932453318,false,false
10,1.0,169.83644846024535,80.0539860124998,1.3590580721235597,1.3413759788626578,169.13827281881527,170.49733089093883,79.38086927765922,80.72224525652187,false,false
10,1.0,169.84871528855757,80.05048911298944,1.3670997369846134,1.3513611336836107,169.16605826107758,170.5331579980622,79.37218487076532,80.72354600444893,false,false
10,1.0,169.84978208892903,80.06666794035071,1.3462330521982437,1.3153280529838014,169.16559435066978,170.51182740286802,79.40214808350964,80.71747613649345,false,false
10,1.0,169.84345351300936,80.04975682183989,1.3611861249932815,1.33669459345424,169.17402971747802,170.5352158424713,79.39192524304886,80.7286198365031,false,false
10,1.0,169.81720256569713,80.03665761194073,1.3265228656777879,1.3426699684947465,169.16011124581993,170.48663411149772,79.3833536026222,80.72602357111694,false,false
10,1.0,169.84430834877713,80.05041923045266,1.3290764419576249,1.3527664797039591,169.17784061760932,170.50691705956694,79.37525554667363,80.72802202637759,false,false
10,1.0,169.828732087187,80.0924899344416,1.3227393353929244,1.339826800086115,169.15267741863167,170.4754167540246,79.38626842744668,80.7260952275328,false,false
10,1.0,169.84567567734027,80.04682338445613,1.3628667289522127,1.3449765786172492,169.15519194000615,170.51805866895836,79.3650352029114,80.71001178152865,false,false
10,1.0,169.8374862685647,80.04315625705293,1.3581259442966598,1.3519016991428714,169.1650984976963,170.52322444199297,79.35494932327835,80.70685102242122,false,false
10,1.0,169.8228061967526,80.0616544134505,1.3389236139722982,1.3412705234101168,169.1697874733052,170.5087110872775,79.3805993900165,80.72186991342662,false,false
10,1.0,169.8325938371807,80.07010957359998,1.3486060432449563,1.3388024418835016,169.17698570485652,170.52559174810148,79.40499322554068,80.74379566742418,false,false
10,1.0,169.8255710933842,80.04381840672372,1.3558684757438186,1.343972844807979,169.1530015129633,170.50886998870712,79.37166880344157,80.71564164824954,false,false
10,1.0,169.840033020536,80.05827834405969,1.3514130368000679,1.3501151158341713,169.15371825598126,170.50513129278133,79.38693047655431,80.73704559238848,false,false
10,1.0,169.8170094199076,79.98937609249991,1.3658988575045612,1.3515189996449664,169.13202815928116,170.49792701678572,79.34591126591829,80.69743026556326,false,false
10,1.0,169.83008171622674,80.06025060895857,1.330393160697156,1.3619370228406353,169.17701031176597,170.50740347246312,79.3650514249664,80.72698844780703,false,false
10,1.0,169.81976758048182,80.07675474551895,1.3547044122380782,1.349826141265595,169.1588504951124,170.51355490735048,79.40200731744956,80.75183345871515,false,false
10,1.0,169.83331073220853,80.04642206549738,1.3234800773716415,1.3676790523409892,169.17987329494238,170.50335337231402,79.3892537309706,80.75693278331158,false,false
10,1.0,169.84263555526493,80.06935985096966,1.3622724826133776,1.3316531584522693,169.15057214244422,170.5128446250576,79.40523098567769,80.73688414412996,false,false
10,1.0,169.83877704801887,80.05027703894424,1.400030764245713,1.3461185234738196,169.1407440812149,170.54077484546062,79.377615582271,80.72373410574482,false,false
10,1.0,169.83923752509145,80.04949680814673,1.3324829877938669,1.3319067547204355,169.16316981809928,170.49565280589314,79.3818007285129,80.71370748323334,false,false
10,1.0,169.8422368794901,80.02686765934898,1.3189338657289795,1.3716284538381132,169.17305810628133,170.4919919720103,79.35706551248013,80.72869396631825,false,false
10,1.0,169.82081522425827,80.00776747712648,1.364247110830064,1.3682091095672178,169.1412497904951,170.50549690132516,79.34220792869397,80.71041703826118,false,false
10,1.0,169.83946911546133,80.0858274483725,1.3254406492073088,1.367724180435232,169.16821366089542,170.49365431010273,79.3917503383294,80.75947451876463,false,false
10,1.0,169.84762133457355,80.04811565401303,1.3443659241138448,1.3393616663404941,169.1713961215815,170.51576204569534,79.37222346057851,80.711585126919,false,false
10,1.0,169.82165772180178,80.05635400708053,1.3562808368271249,1.3813328060612946,169.13709194858652,170.49337278541364,79.377048699183,80.7583815052443,false,false
10,1.0,169.83341227836752,80.06745311550583,1.3419663534506299,1.3364141100274907,169.16233615761422,170.50430251106485,79.40008557071357,80.73649968074106,false,false
10,1.0,169.84612495749042,80.05436056814918,1.3383711421914484,1.3627485453491488,169.17826123888977,170.51663238108122,79.3829090289153,80.74565757426444,false,false
10,1.0,169.8188567321635,80.07144994585687,1.333810813244554,1.3315596317334837,169.17564303470633,170.50945384795088,79.39933548421536,80.73089511594884,false,false
10,1.0,169.83000349327142,80.02465006802399,1.3777270939112611,1.3732437184927733,169.14665154297282,170.52437863688408,79.355402678655,80.72864639714777,false,false
10,1.0,169.83138017669927,80.01529601395325,1.3430185592808925,1.3303168171052278,169.17086603700307,170.51388459628396,79.36353604845269,80.69385286555791,false,false
10,1.0,169.81849627950265,80.0748730715805,1.342694226730174,1.3633402216976265,169.1535944143292,170.49628864105938,79.39318667013646,80.75652689183408,false,false
10,1.0,169.80885729287095,80.09338785217918,1.3243276095724354,1.3348518696265756,169.1791893423269,170.50351695189934,79.40930711838037,80.74415898800694,false,false
10,1.0,169.84623690236972,80.06811628131074,1.354810046751112,1.3666136295522477,169.1694371295581,170.52424717630922,79.3771287383275,80.74374236787975,false,false
10,1.0,169.81573526934451,80.05071638589801,1.3547405950533289,1.3332984886611285,169.14317317512285,170.49791377017618,79.38731275749218,80.72061124615331,false,false
10,1.0,169.81583923325653,80.0425436547491,1.3738751589609706,1.3452577231254281,169.1314336793825,170.50530883834347,79.36895885585582,80.71421657898125,false,false
10,1.0,169.82891087836154,80.05771495273535,1.3629106073182697,1.3466615508216648,169.1376508078055,170.50056141512377,79.39163151993337,80.73829307075503,false,false
10,1.0,169.81503599599034,80.06457391370978,1.3036173673367273,1.3541739428410011,169.16184005317183,170.46545742050856,79.38448809335131,80.73866203619231,false,false
10,1.0,169.8369769713981,80.05792716105556,1.3644029686551562,1.3387615767191647,169.16161352572186,170.52601649437702,79.38821661418281,80.72697819090197,false,false
10,1.0,169.81810958778473,80.05978147770884,1.3374031664697554,1.3151225361257843,169.16472672032296,170.50212988679272,79.39708200129073,80.71220453741651,false,false
10,1.0,169.82959165692887,80.05802318324167,1.3468992594430063,1.3818385087590315,169.16023678368995,170.50713604313296,79.37455616482133,80.75639467358036,false,false
10,1.0,169.83461676023626,80.0301043363433,1.3335166986914828,1.3506922266782482,169.16754188074128,170.50105857943277,79.36624382906633,80.71693605574458,false,false
10,1.0,169.84117751812704,80.06300982619496,1.3607691885038093,1.373280625944716,169.1496319443707,170.5104011328745,79.39764181999519,80.7709224459399,false,false
10,1.0,169.8362626638953,80.06438860939883,1.3206238217451585,1.3477162826911808,169.1745497151272,170.49517353687236,79.37462414829147,80.72234043098265,false,false
10,1.0,169.82776844693643,80.05601406670009,1.311317587936344,1.3635242508193244,169.17455728006172,170.48587486799806,79.36175536220343,80.72527961302275,false,false
10,1.0,169.83401121209238,80.0634292062314,1.3668905627522747,1.3183518217133496,169.14551193312641,170.5124024958787,79.41039449367423,80.72874631538758,false,false
10,1.0,169.82524082014953,80.08436567260142,1.3567456463829046,1.3505512247479885,169.15292112360987,170.50966676999278,79.41334943740178,80.76390066214977,false,false
10,1.0,169.8170209972019,80.09358492381767,1.3117448811478027,1.3296575597573081,169.1860101182859,170.4977549994337,79.4180181373993,80.74767569715661,false,false
10,1.0,169.83389692849823,80.08892221648736,1.368299682109182,1.3627430435996644,169.16155370756013,170.5298533896693,79.39529218700208,80.75803523060175,false,false
10,1.0,169.83024409356392,80.06944325088925,1.3333904394145009,1.3477954617556236,169.1653719861175,170.498762425532,79.39386197325666,80.74165743501229,false,false
10,1.0,169.84876923593123,80.03199788819774,1.381382463779886,1.3227367250593005,169.1401213600324,170.52150382381228,79.36730942511414,80.69004615017344,false,false
10,1.0,169.82939888239363,80.03996949804574,1.3581301217788848,1.4059218053575364,169.14501501354712,170.503145135326,79.33508354281628,80.74100534817381,false,false
10,1.0,169.8271169397042,80.05979807937157,1.3554897227946867,1.3124510757893404,169.14093254885705,170.49642227165174,79.39935625919881,80.71180733498815,false,false
10,1.0,169.83368106902128,80.0761044829475,1.3598815005656206,1.3749928970126177,169.13930415047554,170.49918565104116,79.39375601354257,80.76874891055519,false,false
10,1.0,169.83076108002808,80.05218690732423,1.328988922409593,1.3577598350794062,169.18366093484693,170.51264985725652,79.37777222322441,80.73553205830382,false,false
10,1.0,169.8358005240729,80.07589903080986,1.3468889634629022,1.3536068004692225,169.1556779500475,170.5025669135104,79.39105931556566,80.74466611603488,false,false
10,1.0,169.82043003967948,80.06021495099887,1.3547803625910433,1.3402186315914406,169.1491946086881,170.50397497127915,79.38305215768435,80.72327078927579,false,false
10,1.0,169.82786347816625,80.06277737277475,1.372538586397809,1.3533733009922315,169.14155595245563,170.51409453885344,79.37803651381351,80.73140981480574,false,false
10,1.0,169.82799204532768,80.03175428288083,1.3478526595068274,1.3604920913246303,169.1509524490017,170.49880510850852,79.36859713703575,80.72908922836038,false,false
10,1.0,169.83485312784853,80.03802185535486,1.387159152384811,1.3532915960228422,169.14205919392728,170.5292183463121,79.35413848687148,80.70743008289432,false,false
10,1.0,169.83869028662224,80.0621035604326,1.349093784516299,1.3161559765903519,169.15238801129016,170.50148179580646,79.40359213313178,80.71974810972213,false,false
10,1.0,169.83310000337568,80.04116293024084,1.3380984680208314,1.3672163152394177,169.1600560251176,170.49815449313843,79.35877197583702,80.72598829107643,false,false
10,1.0,169.84107386186446,80.06252263203271,1.3982505464559551,1.3445617111218695,169.14899185134217,170.54724239779813,79.38525680955895,80.72981852068082,false,false
10,1.0,169.82612947256564,80.0316606373074,1.345954511829774,1.356836208994892,169.1520046730018,170.4979591848316,79.3466237375209,80.70345994651579,false,false
10,1.0,169.82782363987673,80.04148604706481,1.3619891016738848,1.349677270935473,169.15681477064965,170.51880387232353,79.35321050192883,80.7028877728643,false,false
10,1.0,169.8366606988093,80.03932866944056,1.3550989549172527,1.3343922155594612,169.1683076092599,170.52340656417715,79.38284103350244,80.7172332490619,false,false
10,1.0,169.8447691442602,80.0784814486062,1.3499840969950299,1.3735834316246383,169.1675197593331,170.51750385632812,79.37739612765624,80.75097955928088,false,false
10,1.0,169.82178889407078,80.03585006821487,1.366008912866448,1.3655183561214557,169.12645654784814,170.49246546071458,79.34548233373553,80.71100068985699,false,false
10,1.0,169.8377361384942,80.10188860217698,1.3480027498894174,1.3511961740917258,169.16124443198814,170.50924718187756,79.4301250028669,80.78132117695863,false,false
10,1.0,169.83112052681147,80.04969412059764,1.3457829804735013,1.3706656376950832,169.1665835429653,170.5123665234388,79.37519553377422,80.7458611714693,false,false
10,1.0,169.8341496737242,80.07171936765815,1.3743962896807602,1.3622395932958682,169.1607747149999,170.53517100468065,79.3852276024011,80.74746719569697,false,false
10,1.0,169.83011271086622,80.07567413523775,1.326232714964732,1.3637602497051375,169.16405730960543,170.49029002457016,79.39539668443516,80.7591569341403,false,false
10,1.0,169.81693735472317,80.07735491184765,1.3357387250289037,1.3385778073763817,169.1462312090315,170.4819699340604,79.39721840211666,80.73579620949305,false,false
10,1.0,169.8091139943628,80.07609571226575,1.3563442027154622,1.337886537086277,169.1409500679801,170.49729427069556,79.4022022336958,80.74008877078208,false,false
10,1.0,169.82695350476214,80.04129887552472,1.3435507144007488,1.311700076558978,169.16775076652254,170.5113014809233,79.39825087720847,80.70995095376745,false,false
10,1.0,169.82501587277653,80.04129293897194,1.3746876620352282,1.3464811017687737,169.12968144768502,170.50436910972024,79.35706294532159,80.70354404709036,false,false
10,1.0,169.8466580031887,80.05026033471347,1.3790806992843443,1.331253820160569,169.15145534755916,170.5305360468435,79.37478317007132,80.7060369902319,false,false
10,1.0,169.84996706038893,80.01389079796861,1.3549891407565724,1.3738721572040618,169.17744201586697,170.53243115662355,79.3236743089816,80.69754646618566,false,false
10,1.0,169.8147233453897,80.07423401241468,1.3762677782294759,1.3201995250404224,169.13299432589685,170.50926210412632,79.42602226030799,80.74622178534841,false,false
10,1.0,169.8056417180118,80.0870638903711,1.37973079359287,1.3325774272591246,169.14064876700374,170.5203795605966,79.40489889613228,80.7374763233914,false,false
10,1.0,169.82749236813956,80.04180485702,1.3902962860929051,1.3650353054756295,169.13936210052492,170.52965838661783,79.37724617392675,80.74228147940238,false,false
10,1.0,169.81438968497557,80.06564523046276,1.3764483847348572,1.3202897584805129,169.13461243681994,170.5110608215548,79.40439227858788,80.72468203706839,false,false
10,1.0,169.85124028339843,80.05505080589742,1.3695714883984635,1.3424475469248023,169.16887901210993,170.5384505005084,79.38887573704847,80.73132328397327,false,false
10,1.0,169.84683903809727,80.0776245426826,1.341988623329513,1.3874171027728295,169.1703117616757,170.5123003850052,79.37336442067529,80.76078152344812,false,false
10,1.0,169.822616885709,80.05222478310338,1.3633748629993647,1.346175582634686,169.15108503818385,170.51445990118322,79.38530419978615,80.73147978242083,false,false
10,1.0,169.82721760472333,80.07748108262332,1.3195448651431718,1.338749082441467,169.1903552014558,170.50990006659896,79.39705289576511,80.73580197820658,false,false
10,1.0,169.84337858447392,80.06442630128956,1.3484372531279405,1.340877203793724,169.175437789302,170.52387504242995,79.40091861763202,80.74179582142574,false,false
10,1.0,169.82692710762228,80.07291942949583,1.346966906205779,1.3521590585221617,169.15383378112392,170.5008006873297,79.40122300680551,80.75338206532767,false,false
10,1.0,169.82492591957418,80.07462601900625,1.3572739931512103,1.3520655410300009,169.1415110854618,170.498785078613,79.40726725531243,80.75933279634243,false,false
10,1.0,169.82238209681378,80.05903251005188,1.3696784918908236,1.3296474764182733,169.15313479333219,170.522813285223,79.3803567042381,80.71000418065637,false,false
10,1.0,169.8283940047441,80.06700750589458,1.3542107518313458,1.3707198481632474,169.14691085117673,170.50112160300807,79.37106416137225,80.7417840095355,false,false
10,1.0,169.8259639618941,80.08260226307715,1.3424934264873798,1.330700558357492,169.15192581069073,170.4944192371781,79.42047918846049,80.75117974681798,false,false
10,1.0,169.81893790861835,80.05795604958234,1.3387333189666322,1.3284661521725383,169.15162184315147,170.4903551621181,79.38110849823427,80.70957465040681,false,false
10,1.0,169.84525822272803,80.0459311320635,1.3279146513156377,1.3105121204812633,169.18256957555218,170.51048422686782,79.3872055316098,80.69771765209106,false,false
10,1.0,169.84797758773198,80.0813411700494,1.3512311462162074,1.3713487072133574,169.1694115716514,170.52064271786762,79.38545533360438,80.75680404081774,false,false
10,1.0,169.84816205041832,80.07546967444097,1.3269015902120032,1.3353486662723242,169.18788127012385,170.51478286033586,79.40370425641572,80.73905292268805,false,false
10,1.0,169.81075322759253,80.06811510843642,1.3254547524033455,1.3358041896562156,169.14730150666566,170.472756259069,79.39732016406927,80.73312435372549,false,false
10,1.0,169.8346960664773,80.05286068744704,1.3129894818222283,1.34012475207291,169.18005303619753,170.49304251801976,79.38221821792514,80.72234296999805,false,false
10,1.0,169.8187115187304,80.06437426715132,1.295063825822325,1.368163361819299,169.17151511254625,170.46657893836857,79.37214077660325,80.74030413842254,false,false
10,1.0,169.85214876506467,80.06560928276997,1.3294673676896025,1.3544187884105696,169.18341567114626,170.51288303883587,79.38729718567757,80.74171597408814,false,false
10,1.0,169.8546353482564,80.03731149215555,1.3668600728744025,1.3217971593220597,169.15203221915274,170.51889229202715,79.37388057826058,80.69567773758264,false,false
10,1.0,169.81705908922387,80.04629736888346,1.3477405771742212,1.3505045068878871,169.15712170055343,170.50486227772765,79.35814354266657,80.70864804955445,false,false
10,1.0,169.82459551380268,80.06412728537049,1.3782154526715544,1.3403289535908272,169.147029292848,170.52524474551956,79.39952724144774,80.73985619503857,false,false
10,1.0,169.81799099295472,80.04949516638763,1.3341875421346856,1.326274287501974,169.15611954948858,170.49030709162327,79.39410154508747,80.72037583258944,false,false
10,1.0,169.8207979249533,80.087219055178,1.3428493058043784,1.3540837642199506,169.1610089022027,170.50385820800707,79.40897685792729,80.76306062214724,false,false
10,1.0,169.8092846091891,80.03550019987493,1.3279091670569017,1.3901429302874817,169.1430311582572,170.4709403253141,79.3315742482616,80.72171717854908,false,false
10,1.0,169.82342672942704,80.038478068666,1.3180532817664243,1.384107642677364,169.16367438934418,170.4817276711106,79.36913410260249,80.75324174527985,false,false
10,1.0,169.84025860291985,80.08092960224928,1.357874251991177,1.3312026748058656,169.1556991187726,170.51357337076377,79.41294060429658,80.74414327910245,false,false
10,1.0,169.81747738616687,80.05584848483252,1.3398554224493182,1.3162751434500706,169.1578120432352,170.49766746568451,79.41069655340047,80.72697169685054,false,false
10,1.0,169.85170437929935,80.0750110558441,1.3176302753263656,1.3497562533567873,169.19232285201645,170.5099531273428,79.39855074277062,80.74830699612741,false,false
10,1.0,169.854190764845,80.04390191413793,1.39874605217085,1.3889197074217918,169.1444141253089,170.54316017747976,79.3586250393904,80.7475447468122,false,false
10,1.0,169.83356290703287,80.05371356406903,1.33324406933491,1.377260938430723,169.16441315584052,170.49765722517543,79.37414475258943,80.75140569102015,false,false
10,1.0,169.81676375383955,80.05550289260444,1.373776988811528,1.3032834199956085,169.14197020964093,170.51574719845246,79.38894852654812,80.69223194654373,false,false
10,1.0,169.82463819384108,80.06598561568612,1.3620729780457168,1.350048252493849,169.13822419507864,170.50029717312435,79.3820482766939,80.73209652918774,false,false
10,1.0,169.8246737583337,80.05420509636437,1.3567036692074623,1.3481138704856335,169.14542545597803,170.5021291251855,79.3689608929114,80.71707476339704,false,false
10,1.0,169.84031655424914,80.05511678476122,1.3498844600997586,1.354037592139207,169.15769139185062,170.50757585195038,79.3762040235064,80.73024161564561,false,false
10,1.0,169.81950468084224,80.03750057582002,1.3767139168945164,1.3429451554806775,169.12992315179704,170.50663706869156,79.37163685515533,80.71458201063601,false,false
10,1.0,169.84247016065848,80.06645231046627,1.3201900174688035,1.386027949447353,169.16850803778837,170.48869805525717,79.37052045091092,80.75654840035827,false,false
10,1.0,169.83335437901047,80.05785361771493,1.3521123160275295,1.369553259971525,169.15754397010912,170.50965628613665,79.37776702670484,80.74732028667637,false,false
10,1.0,169.82360129419263,80.07834020852096,1.3544959453866454,1.351883493404742,169.15154914463102,170.50604509001766,79.38708311013177,80.73896660353651,false,false
10,1.0,169.8015225285883,80.0660676026535,1.3321575317048655,1.339491261963687,169.16706202350213,170.499219555207,79.40206001503662,80.74155127700031,false,false
10,1.0,169.8282928855533,80.02828654506963,1.331426455629213,1.2941673301101844,169.148345831081,170.47977228671022,79.38366226034225,80.67782959045243,false,false
10,1.0,169.8401764271706,80.04411488040566,1.3009846523996202,1.3714122156254405,169.18891405003805,170.48989870243767,79.36271104075657,80.734123256382,false,false
10,1.0,169.84158186655333,80.03936133745194,1.3336759480822309,1.371924376982264,169.16701942222136,170.5006953703036,79.35696602460129,80.72889040158356,false,false
10,1.0,169.83725367041345,80.04498047657185,1.3532985572664415,1.3654659478910958,169.1572081915981,170.51050674886454,79.39863930809393,80.76410525598503,false,false
10,1.0,169.82697876707778,80.05699130124175,1.3539826492700513,1.333811014399302,169.14475670193838,170.49873935120843,79.40260024763332,80.73641126203262,false,false
10,1.0,169.82892167248116,80.06215423110632,1.3836672340204927,1.3584623907912885,169.16432803430345,170.54799526832394,79.39044084668038,80.74890323747167,false,false
10,1.0,169.83287801855528,80.05905133259598,1.3013706279932649,1.3254328924438141,169.1771379345763,170.47850856256957,79.39213643767715,80.71756933012097,false,false
10,1.0,169.8361246241843,80.08165095034173,1.3531677326484726,1.3137994861995708,169.14869081936024,170.5018585520087,79.40620093717534,80.72000042337491,false,false
10,1.0,169.85271112265787,80.05031100476393,1.3892688700109943,1.3732213290611242,169.15153317623725,170.54080204624825,79.3650660498092,80.73828737887033,false,false
10,1.0,169.84744576117524,80.02842704495404,1.319738697929182,1.3227724679239827,169.18188412321868,170.50162282114786,79.37278721457889,80.69555968250287,false,false
10,1.0,169.82272334182667,80.06056435779607,1.3738137801705363,1.351611127369054,169.13869056826374,170.51250434843428,79.35883879064349,80.71044991801254,false,false
10,1.0,169.83091764337803,80.0519273554221,1.3383081503888832,1.3318051429658624,169.16379505458883,170.50210320497771,79.38815210530461,80.71995724827048,false,false
10,1.0,169.8168537524473,80.04797317187227,1.3617695706362838,1.4000668502364704,169.1390479290836,170.5008174997199,79.34970951422059,80.74977636445706,false,false
10,1.0,169.8537496006589,80.03656238597446,1.3431856836886027,1.3613003078930177,169.17241225108768,170.51559793477628,79.37747084277323,80.73877115066625,false,false
10,1.0,169.82299430555008,80.05701285954865,1.3690506575034647,1.3462647359691289,169.1457405144666,170.51479117197007,79.39509201373932,80.74135674970844,false,false
10,1.0,169.83305896376464,80.09141870043086,1.3232809501000986,1.3329509486193274,169.17461833711764,170.49789928721773,79.40374360933846,80.73669455795779,false,false
10,1.0,169.83136495207347,80.08099063396972,1.3447874919907008,1.3612919869679985,169.15350093702637,170.49828842901707,79.39199427213565,80.75328625910365,false,false
10,1.0,169.82507156417307,80.07668204417232,1.3520490785695358,1.344470642850709,169.15608291083825,170.5081319894078,79.39973707434251,80.74420771719322,false,false
10,1.0,169.83094159295285,80.06660890655891,1.3541149885909363,1.3829166374158746,169.1558126335578,170.50992762214872,79.36752713067882,80.7504437680947,false,false
10,1.0,169.82953689559827,80.04691241160222,1.3954964027406902,1.3427145500322695,169.13496539654628,170.53046179928697,79.37156057684203,80.7142751268743,false,false
10,1.0,169.82408035393576,80.05171323253433,1.3225334429503732,1.3287892680754823,169.16412749385364,170.48666093680401,79.38158364953948,80.71037291761496,false,false
10,1.0,169.8375907780578,80.09765457432448,1.3990848657369952,1.3614822724303366,169.14156035375652,170.5406452194935,79.39537002425506,80.7568522966854,false,false
10,1.0,169.8438463209911,80.07465354182892,1.3471289759463048,1.3454777695792615,169.16425467963188,170.5113836555782,79.40089825279155,80.74637602237081,false,false
10,1.0,169.82092030455715,80.05071048579222,1.3572953827228957,1.3083794737274133,169.150128105485,170.5074234882079,79.39757012634595,80.70594960007337,false,false
10,1.0,169.82982628285353,80.07508450439752,1.3535077960665944,1.3842952768459043,169.1489260501243,170.50243384619088,79.37092280203527,80.75521807888117,false,false
10,1.0,169.84693127805733,80.04938152433651,1.3272402719327374,1.3400022381106709,169.17341243890854,170.50065271084128,79.39267887652237,80.73268111463304,false,false
10,1.0,169.82508035528508,80.0625282680051,1.3668781681599569,1.3510195923260113,169.15603978014175,170.5229179483017,79.39176499435148,80.74278458667749,false,false
10,1.0,169.80547947061916,80.0460629553745,1.378669876447077,1.3689587674958403,169.1391707668102,170.51784064325727,79.36387179968476,80.7328305671806,false,false
10,1.0,169.83805973817067,80.06617999748137,1.3297571397995966,1.3266803383839658,169.16918978974263,170.49894692954223,79.39987927644611,80.72655961483008,false,false
10,1.0,169.84272979157072,80.05335532943002,1.372228511479392,1.3160311891359555,169.1576223976151,170.5298509090945,79.40087849860836,80.71690968774432,false,false
10,1.0,169.84288907070038,80.0492688547677,1.364530507742984,1.3648699617551756,169.15366634600485,170.51819685374784,79.38280138515776,80.74767134691294,false,false
10,1.0,169.82627703500654,80.0487498629787,1.3472153031464984,1.3753549271246328,169.15220149755453,170.49941680070103,79.36735517081246,80.74271009793709,false,false
10,1.0,169.84968777147333,80.03734282643013,1.3792833642800701,1.3308457760651464,169.15424786878958,170.53353123306965,79.35645700446958,80.68730278053472,false,false
10,1.0,169.81923499846977,80.05718537718667,1.3174388567782103,1.3493769258612645,169.16641838553582,170.48385724231403,79.36872244405815,80.71809936991941,false,false
10,1.0,169.84985099575172,80.04555157996732,1.368957944132319,1.3500822730948272,169.15733923110486,170.52629717523718,79.37864939801406,80.72873167110889,false,false
10,1.0,169.83379579971637,80.08514248728622,1.3665368716489468,1.3892713128553709,169.15819980246135,170.5247366741103,79.38636643879403,80.7756377516494,false,false
10,1.0,169.8482703923131,80.04649947023381,1.355723892275904,1.359605875274184,169.15096696396043,170.50669085623633,79.37776029332112,80.7373661685953,false,false
10,1.0,169.8083739024729,80.03539950589462,1.3590884562489975,1.3129855847774081,169.1467048379986,170.5057932942476,79.38939975574164,80.70238534051904,false,false
10,1.0,169.82728375354517,80.06600179395755,1.3117350670874828,1.3111346243562139,169.18027307175558,170.49200813884306,79.40426525187166,80.71539987622788,false,false
10,1.0,169.84281457951076,80.05723657327539,1.3358071040071877,1.3514137183799448,169.16947516338453,170.50528226739172,79.3690207759804,80.72043449436035,false,false
10,1.0,169.82051813536992,80.06068980453746,1.368714472039045,1.3399657368083382,169.14273826035685,170.5114527323959,79.38502377126164,80.72498950806998,false,false
10,1.0,169.8213467700723,80.05103047250323,1.3300177003524993,1.3388973395582155,169.1491605391842,170.4791782395367,79.39741541971159,80.73631275926981,false,false
10,1.0,169.86285878313572,80.04967893886946,1.356796646681488,1.3607674727247314,169.17386870685198,170.53066535353346,79.38108504843713,80.74185252116186,false,false
10,1.0,169.834145854415,80.0249124826799,1.3639791060859068,1.322463443555435,169.15538743423465,170.51936654032056,79.3684571255056,80.69092056906103,false,false
10,1.0,169.82466055478005,80.08208166810141,1.3459900504473126,1.3168205648605067,169.15392937818316,170.49991942863048,79.41408405571757,80.73090462057807,false,false
10,1.0,169.8374024766702,80.0577880492567,1.3508196136698416,1.362140306388298,169.1534697739607,170.50428938763054,79.37580132167916,80.73794162806746,false,false
10,1.0,169.82234663902864,80.0664633526936,1.320163903252734,1.279890212974891,169.15978031384475,170.47994421709748,79.42042333076716,80.70031354374206,false,false
10,1.0,169.8343933072012,80.04941646606488,1.3286229750780763,1.3382906665356558,169.17171117457622,170.5003341496543,79.38562056773867,80.72391123427433,false,false
10,1.0,169.82026569573378,79.99789217239986,1.3514266461853026,1.3300762443649745,169.15456096407445,170.50598761025975,79.34631302976507,80.67638927413005,false,false
10,1.0,169.8464215969126,80.05350841605352,1.385048855757674,1.3578230203285102,169.1358803792264,170.52092923498407,79.37488771422537,80.73271073455388,false,false
10,1.0,169.8341888173419,80.07676993847916,1.355188546752231,1.3304030106673395,169.1581809903352,170.51336953708744,79.41860499153167,80.749008002199,false,false
10,1.0,169.82134240973443,80.04921409610235,1.3325453439934165,1.3482732697044213,169.14888407786458,170.481429421858,79.38867771041676,80.73695098012118,false,false
10,1.0,169.83883116224007,80.04303524222472,1.326379147623129,1.3674529713827326,169.16463092640154,170.49101007402467,79.36800722644375,80.73546019782648,false,false
10,1.0,169.85232188358452,80.05377042608612,1.3653593520914171,1.3558142377444113,169.15686712074844,170.52222647283986,79.39061658207451,80.74643081981893,false,false
10,1.0,169.82314125361455,80.05429186011676,1.3270527783144814,1.3517817651009807,169.150292762503,170.47734554081748,79.38625146146879,80.73803322656977,false,false
10,1.0,169.8006994688194,80.05876518754606,1.3761311226355701,1.3718203450711712,169.13801117255187,170.51414229518744,79.38427601555402,80.7560963606252,false,false
10,1.0,169.82899354143245,80.0520695703709,1.3507014514841842,1.3613866117178617,169.14802264502492,170.4987240965091,79.3734829460206,80.73486955773846,false,false
10,1.0,169.8274974258364,80.06492909025425,1.4061253742024746,1.367541105379388,169.1259221467596,170.53204752096207,79.38394103166851,80.7514821370479,false,false
10,1.0,169.82905565381384,80.060004723956,1.3558146509301423,1.342074048624994,169.1401751294179,170.49598978034805,79.38267243061128,80.72474647923627,false,false
10,1.0,169.828264697292,80.04488342730131,1.3428011124293562,1.3150005029184229,169.15307068522463,170.495871797654,79.40231345269058,80.717313955609,false,false
10,1.0,169.83364661394825,80.04589929688915,1.331983129802012,1.3617258743008591,169.1725703186833,170.50455344848532,79.37127343855269,80.73299931285355,false,false
10,1.0,169.84211463531273,80.07955205402203,1.3103194088571115,1.379692722027528,169.16919524875536,170.47951465761247,79.38867643315098,80.7683691551785,false,false
10,1.0,169.8346480327662,80.03076532586178,1.3527295600389948,1.379623406523251,169.135959066819,170.488688626858,79.33230680743793,80.71193021396118,false,false
10,1.0,169.85092893610727,80.04166072358476,1.350446798523194,1.3687797714718215,169.16817916013508,170.51862595865828,79.37740441880189,80.74618419027371,false,false
10,1.0,169.82186445593788,80.04773906615125,1.3348883946616183,1.3618623422593998,169.1559178248873,170.49080621954892,79.37234399524186,80.73420633750126,false,false
10,1.0,169.85019590257315,80.05874318390718,1.3110046558530257,1.3874435542893906,169.1899725684856,170.5009772243386,79.37389319696403,80.76133675125342,false,false
10,1.0,169.83773863587743,80.0465090936896,1.3455373767127128,1.3688232506546143,169.17043926576335,170.51597664247606,79.35138655222771,80.72020980288232,false,false
10,1.0,169.82623165041667,80.07421592165318,1.3568925333482866,1.3541537147846014,169.14295971574649,170.49985224909477,79.39332362233694,80.74747733712154,false,false
10,1.0,169.8226738075142,80.02356439878028,1.3265004378449987,1.3701997586724985,169.16023048012926,170.48673091797426,79.35578127220703,80.72598103087952,false,false
10,1.0,169.8286517853629,80.03488619165987,1.36713072897183,1.3636001789438268,169.14569529939948,170.5128260283713,79.37991546128157,80.7435156402254,false,false
10,1.0,169.81076815999126,80.04712536093311,1.3783207456588968,1.3393729913988324,169.14672613724423,170.52504688290313,79.37722622970483,80.71659922110366,false,false
10,1.0,169.82615431347637,80.0710229241244,1.3863020905512542,1.3949417059981215,169.1322320255973,170.51853411614854,79.37694732987526,80.77188903587339,false,false
10,1.0,169.8461272022219,80.0442718480499,1.3390798990342319,1.316275841025032,169.17188804625684,170.51096794529107,79.39080933226964,80.70708517329467,false,false
10,1.0,169.82077480417078,80.06984750353386,1.3516044121826667,1.3527730515944256,169.1643719724255,170.51597638460817,79.38973272616511,80.74250577775953,false,false
10,1.0,169.83998327279923,80.05936364802804,1.322709429206327,1.33395797393014,169.19862196251955,170.52133139172588,79.39749501021824,80.73145298414838,false,false
10,1.0,169.84931511217428,80.07656464562262,1.3355911225938542,1.3422792694727264,169.17562463521682,170.51121575781067,79.40952724757616,80.75180651704889,false,false
10,1.0,169.83904680989536,80.085211750073,1.3583668920211664,1.340028675757182,169.16048796742555,170.51885485944672,79.3919168871168,80.73194556287399,false,false
10,1.0,169.83698651248588,80.02549693411775,1.3833961281328868,1.3629515609071206,169.1396966590098,170.52309278714267,79.36190502480079,80.72485658570791,false,false
10,1.0,169.8224756915967,80.04790802314301,1.366743759476691,1.3296358577271832,169.13445290454538,170.50119666402207,79.37127336764588,80.70090922537307,false,false
10,1.0,169.82946436419365,80.03992560622123,1.3255313100326305,1.4127467743831943,169.1671192369958,170.49265054702843,79.339882451792,80.75262922617519,false,false
10,1.0,169.82175056811104,80.05632981366391,1.3405221860442111,1.3745052225976906,169.15602367466434,170.49654586070855,79.36506206565468,80.73956728825237,false,false
10,1.0,169.84202550209386,80.0648622112406,1.389557941422055,1.352852185376321,169.1413963777857,170.53095431920775,79.37488413960403,80.72773632498036,false,false
10,1.0,169.8407182995772,80.05403474220054,1.3345182618107572,1.3449453520735943,169.166382165475,170.50090042728576,79.38517050586805,80.73011585794164,false,false
10,1.0,169.84285558371846,80.08951382627447,1.3745989783731716,1.3572598560799491,169.15901800787157,170.53361698624474,79.40537114012027,80.76263099620022,false,false
10,1.0,169.80897294992053,80.04724275057798,1.3457360355538412,1.364962019609166,169.14596071661705,170.4916967521709,79.37257318686628,80.73753520647544,false,false
10,1.0,169.8386528673053,80.06959438608985,1.3628929355894854,1.31536272108292,169.1599506325334,170.52284356812288,79.42231909693173,80.73768181801465,false,false
10,1.0,169.84380835626342,80.04701539287099,1.3807853688286116,1.3550934352374497,169.13463515133793,170.51542052016654,79.36106986797391,80.71616330321136,false,false
10,1.0,169.82715510830215,80.09293595618993,1.3740693447980448,1.3867686372433923,169.13432774998955,170.5083970947876,79.39674516204747,80.78351379929086,false,false
10,1.0,169.8343400541633,80.06495211601452,1.341084436023408,1.383082331089156,169.16592325626908,170.5070076922925,79.36058231119057,80.74366464227973,false,false
10,1.0,169.8224567402138,80.09630418149848,1.3670189923614657,1.327476621206202,169.1357722236802,170.50279121604166,79.41321350307159,80.74069012427779,false,false
10,1.0,169.8347369110488,80.07777293581833,1.3443668733670506,1.3531651381661618,169.15112401104182,170.49549088440887,79.40103706621903,80.7542022043852,false,false
10,1.0,169.84536719375274,80.08438079211506,1.3444854822185732,1.3300899857878221,169.1724813258064,170.51696680802496,79.41137777989033,80.74146776567815,false,false
10,1.0,169.84494229685146,80.07012077938441,1.3604090825050719,1.3564042988703875,169.16214775886792,170.522556841373,79.39231860898474,80.74872290785513,false,false
10,1.0,169.82601255402938,80.04174687537585,1.3117390764337529,1.337623321839473,169.15596008279923,170.46769915923298,79.37994385490524,80.71756717674471,false,false
10,1.0,169.83779671975492,80.0662434880727,1.359198147343733,1.3525513319133182,169.16000903576932,170.51920718311305,79.38346061465272,80.73601194656604,false,false
10,1.0,169.83301222848377,80.05532032714872,1.3773969472309773,1.325231308953562,169.13866439294873,170.5160613401797,79.39146373610012,80.71669504505368,false,false
10,1.0,169.81944005592663,80.06704929466548,1.3322316140117323,1.3377783360317466,169.16011495978725,170.49234657379898,79.39193901314323,80.72971734917498,false,false
10,1.0,169.81474182387353,80.06062677498059,1.3446709052095969,1.3568318534784538,169.14954864325418,170.49421954846378,79.38337493557852,80.74020678905697,false,false
10,1.0,169.8487548359665,80.02377201233395,1.3395672209265683,1.3692198486843097,169.18473490612396,170.52430212705053,79.35298473200221,80.72220458068652,false,false
10,1.0,169.82996566322845,80.09146130887306,1.3621460574613025,1.3268055087880128,169.16208075564896,170.52422681311026,79.4076781486347,80.73448365742271,false,false
10,1.0,169.82350887962463,80.04391125216952,1.3984229623822273,1.2902491151947686,169.141860158995,170.54028312137723,79.39331298841819,80.68356210361296,false,false
10,1.0,169.86202530260644,80.05404861133684,1.3797888029835406,1.3629806732396048,169.1619507885228,170.54173959150634,79.380729904986,80.7437105782256,false,false
10,1.0,169.8367027885473,80.05460944594404,1.3464204306026204,1.3555192284430433,169.15658854814183,170.50300897874445,79.38737673808994,80.74289596653298,false,false
10,1.0,169.81612728421962,80.03540156775526,1.3666505620723228,1.339413973619159,169.1409558147392,170.5076063768115,79.37561111990541,80.71502509352457,false,false
10,1.0,169.85204653221717,80.07667240322134,1.3557111228866745,1.3582043933242858,169.15802116210872,170.5137322849954,79.38524956016421,80.7434539534885,false,false
10,1.0,169.83878736925058,80.06447874892751,1.3488874844327654,1.3384712583119551,169.16171091210677,170.51059839653954,79.38870012391367,80.72717138222562,false,false
10,1.0,169.83694138248345,80.05607006819436,1.3789747836568438,1.3841670218115212,169.16156707491865,170.5405418585755,79.34684375211555,80.73101077392707,false,false
10,1.0,169.83913915829072,80.05684833139729,1.3522772346517513,1.37171937475334,169.16393259368436,170.51620982833612,79.36300720676073,80.73472658151407,false,false
10,1.0,169.83114571050382,80.06064457049699,1.3756999720840781,1.356667958697244,169.14570122992933,170.5214012020134,79.37272355224493,80.72939151094218,false,false
10,1.0,169.82774545535233,80.04993840717347,1.3440913471909255,1.3668758451960201,169.1503045001215,170.49439584731243,79.36873191348072,80.73560775867674,false,false
10,1.0,169.85583261999977,80.03890955879868,1.3909988820252863,1.347883267731433,169.1410578601859,170.53205674221118,79.3710820943613,80.71896536209273,false,false
10,1.0,169.81508180157007,80.07624783984288,1.3589058616649652,1.3574546443889801,169.13554773808295,170.4944535997479,79.37699818958555,80.73445283397453,false,false
10,1.0,169.87421124311624,80.04120627720002,1.3380031397414314,1.3269219532894851,169.18296660956327,170.5209697493047,79.37881050875737,80.70573246204685,false,false
10,1.0,169.8193703619806,80.06729729024497,1.347272643102798,1.3106161612504081,169.15285630860225,170.50012895170505,79.41145954551529,80.7220757067657,false,false
10,1.0,169.84368433986964,80.05628298279836,1.3299507132259976,1.3840562223219877,169.16658632370093,170.49653703692692,79.35811382090294,80.74217004322493,false,false
10,1.0,169.8411620688181,80.0724457919809,1.3633949683311641,1.3487021024273957,169.15546620470502,170.51886117303619,79.40041700074438,80.74911910317178,false,false
10,1.0,169.83069601805508,80.06423618591577,1.3549462168985826,1.3706290783977977,169.1570961133549,170.51204233025348,79.3907356820244,80.7613647604222,false,false
10,1.0,169.81835280801624,80.07037279059355,1.34495269917727,1.3990470358395157,169.15812810977553,170.5030808089528,79.3838577626843,80.78290479852382,false,false
10,1.0,169.8065149973325,80.05938611177079,1.3748046730887324,1.3557019711235938,169.13189535469712,170.50670002778585,79.39303575642266,80.74873772754626,false,false
10,1.0,169.84221863420544,80.04619428455743,1.3123888596979896,1.3782715692744034,169.17081480993954,170.48320366963753,79.36890313313744,80.74717470241184,false,false
10,1.0,169.8154557252193,80.05604192034068,1.3371931082743345,1.369251959188091,169.14948308617687,170.4866761944512,79.37351400876774,80.74276596795583,false,false
10,1.0,169.8193204392383,80.0712432065182,1.3499776393150285,1.3513712339836275,169.15898999190605,170.50896763122108,79.39889823129572,80.75026946527935,false,false
10,1.0,169.83707157882864,80.04869634406796,1.3737604464448623,1.3364158998263633,169.14856488609013,170.522325332535,79.37834513541759,80.71476103524395,false,false
10,1.0,169.84907121430953,80.05477395982038,1.3495026123958667,1.3593636164837477,169.15688090470837,170.50638351710424,79.3777588260155,80.73712244249924,false,false
10,1.0,169.825340857953,80.08410098759418,1.3055443387866035,1.3460166725721052,169.17716838296363,170.48271272175023,79.38883575576276,80.73485242833486,false,false
10,1.0,169.82821337457472,80.0815443720117,1.3321444691839872,1.3611743514588568,169.16846108232144,170.50060555150543,79.39086870523559,80.75204305669445,false,false
10,1.0,169.825809197354,80.0598516852031,1.354362290065609,1.3371766856791112,169.15333437617576,170.50769666624137,79.39751011249223,80.73468679817134,false,false
10,1.0,169.82392673487925,80.04163692449414,1.3434386161922305,1.3294782082620742,169.16125365079154,170.50469226698377,79.38746482340841,80.71694303167048,false,false
10,1.0,169.84482098846587,80.05075420724904,1.3317120694759694,1.327517731860766,169.1771507203321,170.50886278980806,79.39103378571616,80.71855151757693,false,false
10,1.0,169.84173132561816,80.08253060960331,1.3768558623203262,1.3513928354739733,169.147593035483,170.52444889780332,79.41083668831236,80.76222952378633,false,false
10,1.0,169.8416888696118,80.04546008522297,1.3654637295180407,1.3667276575366856,169.16269040487612,170.52815413439416,79.35379254232268,80.72052019985937,false,false
10,1.0,169.82284710530223,80.0653529319149,1.3429026845319356,1.3358431556991377,169.1353911388487,170.47829382338062,79.40018835935574,80.73603151505488,false,false
10,1.0,169.81845747195896,80.06742447289179,1.3385782115267943,1.3436762141862886,169.15862766086798,170.49720587239477,79.38224007169086,80.72591628587715,false,false
10,1.0,169.81637547165906,80.05740384524105,1.379481942514957,1.340106686675469,169.1420674294941,170.52154937200905,79.38770412272308,80.72781080939855,false,false
10,1.0,169.8069353608915,80.07805201144333,1.3320753218141022,1.3378422696550984,169.15846499291075,170.49054031472485,79.4116317220586,80.7494739917137,false,false
10,1.0,169.83572563507224,80.05962519066756,1.3439922909019515,1.3173335910178992,169.1561379585902,170.50013024949214,79.42103441733585,80.73836800835375,false,false
10,1.0,169.82887314383603,80.06950888568716,1.3822783530947618,1.384938691053847,169.13709878636132,170.51937713945608,79.38202727525659,80.76696596631044,false,false
10,1.0,169.82544344666428,80.07001079318174,1.3306564217973857,1.352559728114585,169.1587221398811,170.48937856167848,79.37332588911737,80.72588561723195,false,false
10,1.0,169.80435729872306,80.06255973865862,1.3584987368463146,1.32516728834716,169.13111652178895,170.48961525863527,79.39008810643442,80.71525539478158,false,false
10,1.0,169.81994055591932,80.07561438362316,1.3402445709906772,1.3516508449147722,169.1653161815755,170.50556075256617,79.40764127666642,80.7592921215812,false,false
10,1.0,169.8503124118788,80.06184297439705,1.3272846638547549,1.385010649703787,169.18082056792238,170.50810523177714,79.36640409542706,80.75141474513084,false,false
10,1.0,169.84174859444244,80.06918402548212,1.3749449751311715,1.325120223644646,169.14727316966358,170.52221814479475,79.40195993643913,80.72708016008377,false,false
10,1.0,169.83261619040218,80.061500200736,1.328344604980714,1.3886566331685373,169.1600787383386,170.4884233433193,79.36554717498578,80.75420380815432,false,false
10,1.0,169.836076247967,80.0185325831411,1.3611764385846072,1.3306558565634958,169.15928219339003,170.52045863197463,79.3631935418913,80.6938493984548,false,false
10,1.0,169.83085022807757,80.05323884562836,1.357616850401655,1.3372488909816411,169.15855933845978,170.51617618886144,79.39494449611851,80.73219338710015,false,false
10,1.0,169.85148147914236,80.06243241196657,1.3038399639847569,1.3216873304456556,169.19219054562632,170.49603050961107,79.40205198958526,80.72373932003092,false,false
10,1.0,169.81675315951915,80.04812861836167,1.3577248430568716,1.341337480755513,169.1508359099965,170.50856075305336,79.3720870612278,80.71342454198331,false,false
10,1.0,169.8059141056755,80.0734021199447,1.3350812865526223,1.3368949291221242,169.1394289495352,170.4745102360878,79.39520205766705,80.73209698678917,false,false
10,1.0,169.83553172886326,80.05512815727926,1.3951878019164496,1.3605592011241328,169.12894456919764,170.5241323711141,79.37607979484758,80.73663899597172,false,false
10,1.0,169.81678484187796,80.03599010914597,1.355830031562192,1.350748256424339,169.15230925408133,170.50813928564352,79.36703066236728,80.71777891879162,false,false
10,1.0,169.81921055122206,80.06927885919902,1.2950329655046744,1.3246400237606224,169.18816436221812,170.4831973277228,79.40083322561813,80.72547324937875,false,false
10,1.0,169.86411113893678,80.01807577646863,1.3651617153789175,1.3203622906286085,169.15683309527802,170.52199481065693,79.36239160743837,80.68275389806698,false,false
10,1.0,169.83307892939595,80.08675636165573,1.3623807065418418,1.395073146414063,169.15806630937794,170.52044701591979,79.37487732296815,80.76995046938221,false,false
10,1.0,169.8334989056799,80.05217120079536,1.3255998251053143,1.3388121636325963,169.17236873924298,170.4979685643483,79.3755275998324,80.71433976346499,false,false
10,1.0,169.82286696427929,80.0297061865962,1.3534950352857038,1.342508387153444,169.14402219012564,170.49751722541134,79.35713730186522,80.69964568901867,false,false
10,1.0,169.80659181914788,80.03795654696526,1.3432085719360316,1.3274344718180657,169.15847402675058,170.5016825986866,79.38399530702267,80.71142977884074,false,false
10,1.0,169.79481040745102,80.05607853741903,1.3364365574379917,1.3646555677505745,169.13475747091422,170.47119402835222,79.38478109706166,80.74943666481224,false,false
10,1.0,169.8201164221593,80.04941597978518,1.355125545802224,1.3436610192528349,169.14693414141297,170.5020596872152,79.37967970528595,80.72334072453879,false,false
10,1.0,169.83386486114665,80.04545550423818,1.3700799662860277,1.3771314569025321,169.15589971377815,170.52597968006418,79.36091451514415,80.73804597204668,false,false
10,1.0,169.8395037440581,80.03879509229363,1.3175370596742653,1.3920148977390596,169.16238658413823,170.4799236438125,79.3572967262987,80.74931162403776,false,false
10,1.0,169.83396480385397,80.07555338095969,1.3441241469446652,1.3139951600419124,169.15481152241009,170.49893566935475,79.40572308948839,80.7197182495303,false,false
10,1.0,169.81313387975277,80.08941614441444,1.3730520676689935,1.3422386287529946,169.13346271972466,170.50651478739366,79.41863358571405,80.76087221446704,false,false
10,1.0,169.834494605683,80.06672790092034,1.350069659425003,1.3573316054241502,169.1533593811869,170.5034290406119,79.38518182384615,80.7425134292703,false,false
10,1.0,169.80533504358894,80.0825162755938,1.3559312904016565,1.3551979178105142,169.12396981100056,170.47990110140222,79.40466363355877,80.75986155136928,false,false
10,1.0,169.82943905289395,80.03438912968295,1.3896385428545273,1.342975619526385,169.13673322859825,170.52637177145277,79.37088864472439,80.71386426425077,false,false
10,1.0,169.8359730645262,80.0732075394017,1.3576301658775662,1.3221434792893234,169.14845300448948,170.50608317036705,79.41002106873906,80.73216454802838,false,false
10,1.0,169.83741719724236,80.06162749011314,1.3202394747028734,1.3311503513425578,169.183867749698,170.50410722440088,79.39206289580005,80.72321324714261,false,false
10,1.0,169.8518356005921,80.06895804842429,1.342988235750454,1.36699389452329,169.17662924497793,170.51961748072839,79.3990479618462,80.76604185636948,false,false
10,1.0,169.83595111253445,80.05606453569804,1.381745512731385,1.3558788204169048,169.1447666106659,170.52651212339728,79.37156273502424,80.72744155544115,false,false
10,1.0,169.80974595452588,80.04421511674474,1.375032242528448,1.354214832619519,169.1284460043699,170.50347824689834,79.3861525689918,80.74036740161132,false,false
10,1.0,169.8122591586536,80.01319918593958,1.3745080221881665,1.3388263292212912,169.1554232215833,170.52993124377147,79.33850548831633,80.67733181753762,false,false
10,1.0,169.8169724378617,80.0706482295339,1.3378729414373822,1.341502572258534,169.15780972478944,170.49568266622683,79.40830494297515,80.74980751523368,false,false
10,1.0,169.8211023012485,80.06186881339757,1.366789623285598,1.361141840268985,169.1318488226145,170.4986384459001,79.38060213120926,80.74174397147824,false,false
10,1.0,169.82680286682626,80.01476135521715,1.3891752610443575,1.3673353890318367,169.14447458265465,170.533649843699,79.34564517360712,80.71298056263896,false,false
10,1.0,169.836900924522,80.07395273837969,1.3425575957535045,1.3468440522542835,169.1725229105288,170.51508050628232,79.40521405493715,80.75205810719143,false,false
10,1.0,169.83803584689434,80.06898966060902,1.3856946454660601,1.311488863874132,169.1495371163595,170.53523176182557,79.40126391869771,80.71275278257184,false,false
10,1.0,169.83800079617563,80.08664798046127,1.3658246082870846,1.331342102982461,169.17262343121934,170.53844803950642,79.40617258810049,80.73751469108295,false,false
10,1.0,169.83555540391893,80.06937877909807,1.3437029818919655,1.3232372132874417,169.1560011810377,170.49970416292967,79.40778996492982,80.73102717821726,false,false
10,1.0,169.84130487958092,80.06276314231397,1.3592418495908305,1.332743687306703,169.1481085949572,170.50735044454802,79.39281890404578,80.72556259135249,false,false
10,1.0,169.82784142482814,80.08612288008533,1.3156904023356049,1.3621323123284412,169.17617787197355,170.49186827430916,79.40075845113807,80.76289076346652,false,false
10,1.0,169.8170423089427,80.06906787679873,1.3724856895903486,1.3782703754827423,169.11688171103776,170.4893674006281,79.38472380700841,80.76299418249116,false,false
10,1.0,169.823607253129,80.04531501935163,1.3316344254068042,1.3708871382881256,169.15637764720876,170.48801207261556,79.37660255496806,80.74748969325618,false,false
10,1.0,169.83498909953477,80.08688982158017,1.3619369543037294,1.363250029535024,169.15676404125605,170.51870099555978,79.39474151195675,80.75799154149178,false,false
10,1.0,169.8095798406228,80.0621533409122,1.327627139652833,1.327826198420567,169.15800114366343,170.48562828331626,79.3973039217902,80.72513012021076,false,false
10,1.0,169.80912510961508,80.06146537823028,1.3223419943389843,1.3596204057499648,169.15713302878197,170.47947502312095,79.39376738903776,80.75338779478773,false,false
10,1.0,169.84332445410828,80.08279070126767,1.3235615770573474,1.3073187564995266,169.17504754971347,170.49860912677082,79.41780206966166,80.72512082616119,false,false
10,1.0,169.83210552350795,80.10513417478876,1.3587571604689686,1.3169887953516763,169.14942893946983,170.5081860999388,79.43040246321175,80.74739125856343,false,false
10,1.0,169.85450917848902,80.061193700686,1.3492852948214988,1.342153878686105,169.1669834029579,170.5162686977794,79.39775833326412,80.73991221195023,false,false
10,1.0,169.82453264719015,80.04658741408589,1.3679984918385912,1.3212313786222154,169.13407834854343,170.50207684038202,79.38906489469434,80.71029627331656,false,false
10,1.0,169.82454190017086,80.05144092025418,1.3512887781528775,1.3166460355604954,169.1649751338702,170.51626391202308,79.39096906563013,80.70761510119063,false,false
10,1.0,169.81416960482397,80.06541091399231,1.3701395985761735,1.429848022621556,169.13668837387266,170.50682797244883,79.35992183971223,80.78976986233378,false,false
10,1.0,169.8311003806063,80.06014659968426,1.347750719222546,1.344137948305871,169.14075226721852,170.48850298644106,79.39385165682127,80.73798960512714,false,false
10,1.0,169.82750552972072,80.05195247675317,1.3258115923035803,1.3257810677100537,169.17717735736795,170.50298894967153,79.3803867059603,80.70616777367036,false,false
10,1.0,169.84180975656852,80.07855951522822,1.3109091940392261,1.3381912093867783,169.1935958638524,170.50450505789163,79.39821660591716,80.73640781530393,false,false
10,1.0,169.8368847124981,80.0649827222489,1.3472163826388623,1.3563684978708466,169.16473190302887,170.51194828566773,79.40036788853277,80.75673638640362,false,false
10,1.0,169.8253332469635,80.06260585393179,1.3264420483602066,1.3457376982964178,169.16520976672564,170.49165181508585,79.39079433492859,80.736532033225,false,false
10,1.0,169.81438762154983,80.06685023283777,1.3604269544323415,1.3580008093843219,169.14875835657372,170.50918531100606,79.37614884454635,80.73414965393067,false,false
10,1.0,169.82326197653347,80.06227047211826,1.3306076199501717,1.3196193113507348,169.17267633457607,170.50328395452624,79.38863885516605,80.70825816651679,false,false
10,1.0,169.85194248467837,80.08114790193287,1.3750706016696768,1.3055721881046907,169.15098697562894,170.52605757729862,79.4207239028428,80.72629609094749,false,false
10,1.0,169.83658444578558,80.06693232001011,1.3788531916708564,1.352931338587453,169.16685736426666,170.54571055593752,79.39991179647518,80.75284313506263,false,false
10,1.0,169.8299425120087,80.0301321901913,1.3522411281603013,1.3437019385379045,169.16514903262103,170.51739016078133,79.37303888921642,80.71674082775432,false,false
10,1.0,169.81010475888587,80.03324395521486,1.387597588109145,1.3304040159869288,169.13513454014452,170.52273212825366,79.36518101111942,80.69558502710635,false,false
10,1.0,169.83108934338406,80.03861332950176,1.3304762652915656,1.341003259176432,169.16128744224497,170.49176370753653,79.37684178402014,80.71784504319658,false,false
10,1.0,169.82186193839797,80.04201811471947,1.371113318284813,1.3241751061336515,169.12724599755586,170.49835931584067,79.3949295356704,80.71910464180405,false,false
10,1.0,169.82677905060092,80.04827533869073,1.31631348779527,1.3465708093390418,169.16953678232144,170.4858502701167,79.36569976405443,80.71227057339347,false,false
10,1.0,169.82550890099685,80.0373552191023,1.3347762592458423,1.3738155268496257,169.1673990334892,170.50217529273505,79.35014831497381,80.72396384182343,false,false
10,1.0,169.83526528551903,80.02260259009651,1.3593024935592837,1.3261250640421451,169.156022541082,170.51532503464128,79.375637758475,80.70176282251714,false,false
10,1.0,169.836398632299,80.06265179133177,1.369681147264032,1.3548824859331745,169.158148355815,170.52782950307903,79.39590640833599,80.75078889426916,false,false
10,1.0,169.81837291363703,80.0416602700356,1.3370435882138736,1.3038737166378809,169.15237845015645,170.48942203837032,79.38910153488395,80.69297525152183,false,false
10,1.0,169.84771684786784,80.02111213013936,1.364924584250275,1.3230460964299198,169.17164245356025,170.53656703781053,79.37111048149384,80.69415657792376,false,false
10,1.0,169.83340102005727,80.0515939103035,1.344627142505459,1.3344391731105816,169.1601579570585,170.50478509956395,79.3828611843247,80.71730035743528,false,false
10,1.0,169.84975213910838,80.04929605391351,1.3953600337611647,1.355165744937068,169.1532397644019,170.54859979816305,79.37664191543148,80.73180766036855,false,false
10,1.0,169.8420997845169,80.06621098596312,1.3444437593807947,1.3368309763506403,169.1848721826072,170.529315941988,79.38888808894218,80.72571906529282,false,false
10,1.0,169.81707670759747,80.07262893791841,1.3521698157018704,1.3178819229152055,169.1593507982852,170.51152061398707,79.4174557508376,80.73533767375281,false,false
10,1.0,169.83428079526243,80.05484617864505,1.3148548379680278,1.3945026776308111,169.16522355882984,170.48007839679786,79.3718774551584,80.76638013278921,false,false
10,1.0,169.81948964073044,80.04789357757356,1.3527206603913555,1.3039600074173023,169.15636255964256,170.50908322003392,79.39159189012229,80.69555189753959,false,false
10,1.0,169.83920682423425,80.08355183019086,1.3659913952009788,1.3614854867611825,169.1500101402733,170.5160015354743,79.38627079926246,80.74775628602364,false,false
10,1.0,169.81603041796018,80.02533630518704,1.354168132159657,1.3144490259474821,169.1497379332484,170.50390606540805,79.37162564424904,80.68607467019652,false,false
10,1.0,169.83343668935146,80.03955725310033,1.3675970079751778,1.3304351951404527,169.151920753453,170.51951776142818,79.38870205998046,80.71913725512091,false,false
10,1.0,169.83546467553498,80.06562110395487,1.3367967942323844,1.3930960918291646,169.1564142104715,170.49321100470388,79.37382885560997,80.76692494743914,false,false
10,1.0,169.8218619338224,80.05416425624793,1.4039605904997359,1.302834880684884,169.11728876975445,170.5212493602542,79.40032635051465,80.70316123119953,false,false
10,1.0,169.8177124225388,80.06010543722991,1.3146851101939774,1.357075101561236,169.1748603693079,170.48954547950188,79.38631050555817,80.74338560711941,false,false
10,1.0,169.82629109069399,80.05155592969648,1.3354031568827622,1.3342654300044074,169.1649302652417,170.50033342212447,79.3795373890246,80.71380281902901,false,false
10,1.0,169.83212965567884,80.07652400451148,1.3026426159414655,1.3477894555546612,169.17117083758458,170.47381345352605,79.40583380546813,80.7536232610228,false,false
10,1.0,169.85576105379766,80.06032540055259,1.3329469203237352,1.3448043640189695,169.18087989213012,170.51382681245386,79.39099346211013,80.7357978261291,false,false
10,1.0,169.82471889871982,80.06878112160236,1.3083442651400787,1.3479656171703738,169.1781022157461,170.48644648088617,79.37547389922028,80.72343951639066,false,false
10,1.0,169.8435186861707,80.0636107421915,1.326988661999195,1.3796312736627243,169.1609334986379,170.48792216063708,79.35745984046547,80.73709111412819,false,false
10,1.0,169.8188436670839,80.05690450647478,1.3514411689369012,1.3707365682322745,169.1442033767333,170.4956445456702,79.36328865478683,80.7340252230191,false,false
10,1.0,169.83007700615414,80.0752588160845,1.3556102881530876,1.3543061892484474,169.14738059710294,170.50299088525603,79.40532637313723,80.75963256238568,false,false
10,1.0,169.8483024209751,80.03563295208721,1.3267379868428009,1.3025139659153098,169.1760698337415,170.5028078205843,79.40171335373813,80.70422731965344,false,false
10,1.0,169.85499246633253,80.07250173966975,1.3007539077418926,1.3547913940629286,169.2052694731366,170.5060233808785,79.39082041455832,80.74561180862125,false,false
10,1.0,169.8250063792716,80.08058819616065,1.334694427014739,1.3536904538877792,169.1636577301717,170.49835215718645,79.39926019076034,80.75295064464812,false,false
10,1.0,169.8391709054905,80.06579851101937,1.3753842850883302,1.3093494752828576,169.15326711619835,170.52865140128668,79.41558709006594,80.7249365653488,false,false
10,1.0,169.82093498970858,80.05912524713523,1.3417560511721547,1.3440717480868045,169.15191920311554,170.4936752542877,79.38769822221455,80.73176997030136,false,false
10,1.0,169.82197127014493,80.05409351257056,1.4062409043513355,1.375597360144198,169.12943463347398,170.5356755378253,79.40302592561301,80.7786232857572,false,false
10,1.0,169.8312091618572,80.06814061228107,1.3682629537566982,1.332768023653827,169.13308016580356,170.50134311956026,79.38375951238058,80.7165275360344,false,false
10,1.0,169.8365648408829,80.04518189413973,1.360267252466258,1.4018747235096214,169.16248034944454,170.5227476019108,79.33864789290746,80.74052261641708,false,false
10,1.0,169.82757756759912,80.07632625479806,1.35049119133663,1.3464377659376225,169.14818945627607,170.4986806476127,79.40496312926784,80.75140089520546,false,false
10,1.0,169.83781514209187,80.06374096429008,1.3398419376038362,1.3071747046533773,169.16592193095585,170.50576386855968,79.40978109031565,80.71695579496902,false,false
10,1.0,169.8505682457068,80.07869638283687,1.3422399068909954,1.3228762499631017,169.16735282080336,170.50959272769435,79.40637286869784,80.72924911866095,false,false
10,1.0,169.84834334585827,80.06903491199944,1.3275814487555522,1.349717150791676,169.17391887648287,170.50150032523842,79.39172305509767,80.74144020588935,false,false
10,1.0,169.84089985441867,80.07192500540879,1.3275892216868215,1.3380276643656117,169.15796507208228,170.4855542937691,79.41194007916177,80.74996774352738,false,false
10,1.0,169.83982481274245,80.06194093294778,1.3636570335816316,1.331891521661845,169.170654252163,170.53431128574462,79.40133440805745,80.7332259297193,false,false
10,1.0,169.82207993654717,80.049569394628,1.3187162988887167,1.3255677591531025,169.18119773690378,170.4999140357925,79.39196705640069,80.71753481555379,false,false
10,1.0,169.8219460755883,80.0654012721464,1.359340373646262,1.3377238982228192,169.15275297688552,170.51209335053179,79.40176604802446,80.73948994624728,false,false
10,1.0,169.82571822733786,80.07848625888005,1.34950185111569,1.3627305563402388,169.15840769733302,170.5079095484487,79.40051052026483,80.76324107660507,false,false
10,1.0,169.81616508230456,80.05579076444981,1.3343301590685712,1.346884491563344,169.15607068576423,170.4904008448328,79.37372584649813,80.72061033806148,false,false
10,1.0,169.85358122205497,80.05012909266524,1.3585212093719292,1.3609650134659006,169.16954056795538,170.5280617773273,79.37673895148495,80.73770396495085,false,false
10,1.0,169.83029411626737,80.04629326059893,1.3281714313924908,1.3890556903265718,169.16526952511296,170.49344095650545,79.36120363683887,80.75025932716544,false,false
10,1.0,169.8451275265944,80.05154099191549,1.3798056481538197,1.379900547583162,169.1526123875834,170.5324180357372,79.3671337802735,80.74703432785667,false,false
10,1.0,169.83878426474462,80.07415382143857,1.396207743454113,1.329621590359082,169.137520717568,170.53372846102212,79.41332347831991,80.74294506867899,false,false
10,1.0,169.8205996703404,80.07619696239303,1.3620787297027448,1.3102239117547896,169.14276194132916,170.5048406710319,79.40742532826641,80.7176492400212,false,false
10,1.0,169.83387349794071,80.05320481051808,1.3505711916495216,1.339137914093854,169.15706826386375,170.50763945551327,79.38008723593674,80.7192251500306,false,false
10,1.0,169.82986838763543,80.07867030199765,1.3794218653328585,1.338979598912374,169.14393986655182,170.52336173188468,79.40088229725579,80.73986189616816,false,false
10,1.0,169.840797292778,80.03034500477273,1.3763560479349053,1.3421744586964337,169.1475369638838,170.5238930118187,79.36953744430124,80.71171190299768,false,false
10,1.0,169.8326455961514,80.05358507614335,1.3766681102410416,1.3656914976902783,169.1501760280954,170.52684413833643,79.37699901513054,80.74269051282081,false,false
10,1.0,169.83922411527107,80.06243980677647,1.3673784698906672,1.3221590825133376,169.14750782556064,170.5148862954513,79.39906853628884,80.72122761880217,false,false
10,1.0,169.82118422249255,80.04593900791997,1.3318094481846288,1.3336261019859421,169.1599150928502,170.49172454103484,79.37351937853217,80.70714548051811,false,false
10,1.0,169.8424545640205,80.06209727966754,1.3276808913500986,1.3787666770754328,169.1764305764171,170.5041114677672,79.37915369930975,80.75792037638519,false,false
10,1.0,169.8618881848363,80.04664060438594,1.347855617275286,1.3263250055164661,169.1773756657804,170.5252312830557,79.39645588930057,80.72278089481703,false,false
10,1.0,169.84185401516913,80.06823418858627,1.3334232408395508,1.3462390548086631,169.1781330584775,170.51155629931705,79.39836580330304,80.7446048581117,false,false
10,1.0,169.82279466857858,80.05455792864456,1.3504996703138943,1.3388416799358964,169.1443110506695,170.4948107209834,79.40202095407649,80.74086263401239,false,false
10,1.0,169.82644670761817,80.07385986937047,1.3206494538853235,1.342519911280121,169.16623313480582,170.48688258869115,79.39264445607103,80.73516436735115,false,false
10,1.0,169.82120225640892,80.06459734871157,1.303542036531752,1.3559661236843965,169.15906084327494,170.4626028798067,79.388968168765,80.7449342924494,false,false
10,1.0,169.82156511242343,80.05561982619611,1.32922618303013,1.3452770619188925,169.17381952105046,170.5030457040806,79.39792535224092,80.74320241415981,false,false
10,1.0,169.8364472192269,80.07633049880297,1.3473832193097621,1.367200038263917,169.15786234704407,170.50524556635384,79.38796849322014,80.75516853148406,false,false
10,1.0,169.8074603346238,80.06384600091704,1.3879704100438914,1.3395856503869652,169.13674398479554,170.52471439483944,79.39595666380652,80.73554231419348,false,false
10,1.0,169.8476602525768,80.0490811429609,1.372468498357648,1.3419427964515336,169.162082801066,170.53455129942364,79.37311321645885,80.71505601291038,false,false
10,1.0,169.81137501623186,80.06642362623836,1.3354038549971108,1.3816543273133135,169.14527969045176,170.48068354544887,79.37056624263838,80.75222056995169,false,false
10,1.0,169.8514841922688,80.05992283815367,1.3649687138258741,1.3474613617401872,169.15748591479516,170.52245462862103,79.37921023620129,80.72667159794148,false,false
10,1.0,169.82368517114023,80.07006303536494,1.329654912271934,1.3355302025344145,169.1647076872922,170.49436259956414,79.39395340338099,80.7294836059154,false,false
10,1.0,169.81004939272464,80.01917096075083,1.3787784722076992,1.331163073278006,169.13347011033565,170.51224858254335,79.35109983479559,80.6822629080736,false,false
10,1.0,169.83049547565423,80.03364283977186,1.3525379091437628,1.3521992072500524,169.16335988699876,170.51589779614253,79.35902369542247,80.71122290267252,false,false
10,1.0,169.84124013790074,80.05585371614538,1.376690709771168,1.3543959585919652,169.15971908894505,170.53640979871622,79.37917538726346,80.73357134585542,false,false
10,1.0,169.82870012464787,80.05503927154896,1.321077782068926,1.3535089692739746,169.17626561435654,170.49734339642546,79.37110759473263,80.72461656400661,false,false
10,1.0,169.8451933285454,80.07516907126376,1.3953051706864699,1.3614559779979203,169.14463825651234,170.5399434271988,79.3937630886144,80.75521906661233,false,false
10,1.0,169.83571847972783,80.05431655724604,1.3735461268741176,1.3609876907146372,169.1524583327985,170.5260044596726,79.37740482052251,80.73839251123715,false,false
10,1.0,169.83949470466192,80.03987190833143,1.3135300037229172,1.3467028487902724,169.16346307587702,170.47699307959994,79.37411264617887,80.72081549496914,false,false
10,1.0,169.83349988201093,80.07060822355358,1.3514138490471055,1.3254769239363497,169.15991230410413,170.51132615315123,79.39017715031785,80.7156540742542,false,false
10,1.0,169.828938870405,80.0727855056445,1.3643772625320594,1.3822435710899441,169.15009375323984,170.5144710157719,79.37268555021625,80.75492912130619,false,false
10,1.0,169.82634860646763,80.03925014633256,1.3544240497130318,1.3398092708015952,169.15734256975043,170.51176661946346,79.38130889338709,80.72111816418868,false,false
10,1.0,169.81443627315917,80.05531102969738,1.3340210777011237,1.3318597640024024,169.14574567372097,170.4797667514221,79.40906973450664,80.74092949850905,false,false
10,1.0,169.85112313268826,80.04780402558995,1.3545331328619454,1.3685886354518573,169.17048229370087,170.52501542656282,79.37387694367807,80.74246557912993,false,false
10,1.0,169.8191318445413,80.01501679215343,1.3372474548102673,1.3744953336083796,169.16784409601453,170.5050915508248,79.33098239424422,80.7054777278526,false,false
10,1.0,169.81995117919178,80.0705744806242,1.3974729260473282,1.3614727179937205,169.13391230299683,170.53138522904416,79.39186775357454,80.75334047156827,false,false
10,1.0,169.82425780224844,80.09082231460783,1.378477788650855,1.3660813312766038,169.12919436040426,170.5076721490551,79.40290230188697,80.76898363316357,false,false
10,1.0,169.8361551610032,80.03031191535635,1.3484288355944898,1.3743507314300842,169.15474768589144,170.50317652148593,79.33642729053848,80.71077802196857,false,false
10,1.0,169.8455340524538,80.02978621893979,1.3341603384769485,1.3443212338325168,169.17727965505318,170.51143999353013,79.36426079916706,80.70858203299957,false,false
10,1.0,169.84109741344474,80.07339491449775,1.316670231521357,1.3867630560692135,169.16710731495172,170.48377754647308,79.37570180333486,80.76246485940408,false,false
10,1.0,169.85736145909908,80.06664704244864,1.382643752796156,1.3656248606250188,169.1460153303049,170.52865908310105,79.3958329643892,80.76145782501422,false,false
10,1.0,169.83130011748563,80.0840284722276,1.337778848532821,1.358418743667272,169.1707042307625,170.50848307929533,79.38825104736381,80.74666979103108,false,false
10,1.0,169.81796387951772,80.07803408984216,1.3245521409345429,1.371783104175904,169.17175785232143,170.49630999325598,79.38398986271221,80.75577296688812,false,false
10,1.0,169.8342299335102,80.0860365672216,1.3492268496783026,1.3765895955388032,169.15602291011515,170.50524975979346,79.37477775772932,80.75136735326812,false,false
10,1.0,169.81801366554396,80.04328135909927,1.3682506863052026,1.3445223683676062,169.13189266138238,170.50014334768758,79.37358804056306,80.71811040893067,false,false
10,1.0,169.83660660636212,80.06545744234151,1.352353338184713,1.344122992988659,169.1490779839433,170.501431322128,79.39593551487705,80.74005850786571,false,false
10,1.0,169.83075550429913,80.05961711061249,1.3314250423863427,1.3312720819479296,169.15354024529006,170.4849652876764,79.40738012838705,80.73865221033498,false,false
10,1.0,169.8314221456235,80.03181648708394,1.344285007033676,1.3450994097382676,169.15321057089147,170.49749557792515,79.37679586540483,80.7218952751431,false,false
10,1.0,169.81497436012575,80.05791660712418,1.343691742800928,1.3400072108185839,169.14525840128428,170.4889501440852,79.39027026669669,80.73027747751527,false,false
10,1.0,169.84850340132738,80.0641413531377,1.3553238554106315,1.3179240582149987,169.16661631887322,170.52194017428386,79.4080158831639,80.7259399413789,false,false
10,1.0,169.81981832079327,80.06319041181006,1.3603980627987369,1.306466221844758,169.16517177227215,170.52556983507088,79.41837122985618,80.72483745170094,false,false
10,1.0,169.81994219108645,80.05370825615071,1.3217635919789927,1.3663825738370008,169.16693288387197,170.48869647585096,79.36623289621355,80.73261547005055,false,false
10,1.0,169.8345836483648,80.04061280115066,1.3345829209343378,1.3593821026664585,169.15888965594394,170.49347257687828,79.36777631371871,80.72715841638517,false,false
10,1.0,169.83413593900332,80.02013665196239,1.2951843721283467,1.3193558364222469,169.17181272260464,170.466997094733,79.38088437514484,80.70024021156709,false,false
10,1.0,169.82266386803673,80.04123786285629,1.3482801149898194,1.363876589882409,169.1463067270291,170.49458684201892,79.35683364883724,80.72071023871965,false,false
10,1.0,169.82213370502797,80.03403870440617,1.3112552530737673,1.3752198619825862,169.16910805312557,170.48036330619934,79.34950881889478,80.72472868087736,false,false
10,1.0,169.83294492550624,80.06748812405786,1.3802543081339138,1.3477178982894316,169.1503278965275,170.5305822046614,79.38632749075146,80.73404538904089,false,false
10,1.0,169.82251815404032,80.0448139546967,1.3435248165272355,1.332553867142451,169.16878658423724,170.51231140076447,79.38816713034504,80.72072099748749,false,false
10,1.0,169.84557171534334,80.0386396856961,1.3272854765044713,1.3647229933051506,169.1783039608872,170.50558943739168,79.35325006245668,80.71797305576183,false,false
10,1.0,169.84924867636641,80.05028685854623,1.3537312765911906,1.3344322518667724,169.17886976259908,170.53260103919027,79.38731943152843,80.7217516833952,false,false
10,1.0,169.81068978636563,80.05741739405124,1.3432311093035025,1.3525440001036486,169.15148311196486,170.49471422126837,79.39339214204188,80.74593614214552,false,false
10,1.0,169.8378942031811,80.0691027457489,1.3571527717406013,1.3052274902485408,169.13950278816196,170.49665555990256,79.42582012272831,80.73104761297685,false,false
10,1.0,169.82036463974612,80.05005118448912,1.3623873692101824,1.3346219629423786,169.15828799161025,170.52067536082043,79.39630607750823,80.7309280404506,false,false
10,1.0,169.8404906902382,80.04789891239842,1.3685401051093038,1.3696346384605391,169.14445521027284,170.51299531538214,79.37214874687412,80.74178338533466,false,false
10,1.0,169.84794267044379,80.02523625417406,1.2998068876358104,1.340990555756477,169.20459453876873,170.50440142640454,79.37485707213011,80.71584762788659,false,false
10,1.0,169.86293173438764,80.04930358320661,1.367562708274363,1.3556245042529298,169.1607813801303,170.52834408840465,79.37188899050916,80.72751349476209,false,false
10,1.0,169.83651971010997,80.04606617505596,1.3338690842195717,1.3481412655472838,169.1758065780602,170.50967566227976,79.37515941426913,80.72330067981642,false,false
10,1.0,169.84646876504732,80.0579566101519,1.3450113965423611,1.388336658237435,169.18160255412633,170.5266139506687,79.35060711360354,80.73894377184098,false,false
10,1.0,169.8242498043481,80.08949357461655,1.3571510907875677,1.3553779836962718,169.15012994774415,170.50728103853172,79.40875808094951,80.76413606464578,false,false
10,1.0,169.84978229316295,80.0575514533505,1.352839063362552,1.3135163076943712,169.1579400184043,170.51077908176686,79.40485347989532,80.7183697875897,false,false
10,1.0,169.840076363547,80.07476772897176,1.3294611213529777,1.3262262377829899,169.1581833626966,170.48764448404958,79.41540806589282,80.74163430367581,false,false
10,1.0,169.8411132664911,80.03080705174887,1.3254172844889354,1.3133066728716045,169.1637568895287,170.48917417401765,79.38229046801239,80.69559714088399,false,false
10,1.0,169.82970168756782,80.05882640020965,1.3358423607583347,1.3268499893594736,169.17143404643423,170.50727640719256,79.39485973160622,80.72170972096569,false,false
10,1.0,169.82425321465308,80.0586317145202,1.3627802704162093,1.32797837341802,169.14313132907276,170.50591159948897,79.39958207417003,80.72756044758805,false,false
10,1.0,169.81752163836825,80.07586300357545,1.3336449316627181,1.3335711557856627,169.17051976291356,170.50416469457627,79.40254360681504,80.7361147626007,false,false
10,1.0,169.8198392035579,80.06417243671802,1.3598004585606702,1.370722350207231,169.16084977346245,170.52065023202312,79.37477480096923,80.74549715117647,false,false
10,1.0,169.83292480063557,80.08290362356142,1.355066925978008,1.2972774837276972,169.1446077785111,170.4996747044891,79.43317704318386,80.73045452691156,false,false
10,1.0,169.8365337313292,80.03516033780515,1.3408745307760341,1.3773763409689792,169.16825102844666,170.5091255592227,79.3442053545397,80.72158169550868,false,false
10,1.0,169.84857663177718,80.01636626050231,1.3394856847335461,1.3188063621471429,169.1775348066777,170.51702049141124,79.35816993337377,80.67697629552092,false,false
10,1.0,169.84186989305192,80.02753156860551,1.3495244091217273,1.3247937824166485,169.16268957091143,170.51221398003315,79.37774215005699,80.70253593247364,false,false
10,1.0,169.82915721371452,80.06632780446047,1.3643162411898402,1.3498431887389586,169.1496526406985,170.51396888188833,79.39904034108258,80.74888352982154,false,false
10,1.0,169.84414877553783,80.01557566115177,1.3839236774599328,1.3461554616498859,169.13347351432822,170.51739719178815,79.34977852119084,80.69593398284073,false,false
10,1.0,169.83341987838952,80.06142742406483,1.3672966795877528,1.3454352004697228,169.1384421832953,170.50573886288305,79.39331943226888,80.7387546327386,false,false
10,1.0,169.8208487895896,80.04142911617373,1.3436601706916065,1.3186242082752813,169.15917165582485,170.50283182651646,79.37056037553305,80.68918458380833,false,false
10,1.0,169.82732030141426,80.05134803092376,1.3212283722839686,1.385935545244834,169.169958812833,170.49118718511696,79.35579007819732,80.74172562344215,false,false
10,1.0,169.82023120915412,80.05157319153479,1.3437314521467556,1.3533396338808785,169.14841358314231,170.49214503528907,79.38443966395045,80.73777929783132,false,false
10,1.0,169.83954181856444,80.0566115393629,1.31862564388544,1.3527643172227783,169.17397195044714,170.49259759433258,79.39698606752687,80.74975038474965,false,false
10,1.0,169.84463321398167,80.07103723880871,1.362154037766743,1.329620868956809,169.16921529640496,170.5313693341717,79.39071560367637,80.72033647263318,false,false
10,1.0,169.82410714937603,80.07861474003916,1.3559513257619642,1.335558100587292,169.1582588584272,170.51421018418915,79.41196965268097,80.74752775326826,false,false
10,1.0,169.84415247709785,80.07229559469776,1.3579957583561395,1.3638656982171256,169.1621796262093,170.52017538456545,79.39057281724803,80.75443851546515,false,false
10,1.0,169.83949905593775,80.04818645900146,1.3530503356524548,1.3432732974085297,169.15894001850796,170.51199035416042,79.37291306816887,80.7161863655774,false,false
10,1.0,169.82596115449599,80.04673656219083,1.376863264065122,1.321828505825735,169.13837925726205,170.51524252132717,79.38529484604139,80.70712335186712,false,false
10,1.0,169.84528346217007,80.03819061243072,1.342635499119723,1.321118022697533,169.15976180085303,170.50239729997276,79.38479564053588,80.70591366323342,false,false
10,1.0,169.8471242209967,80.04806572343426,1.35899858365255,1.3570575627833392,169.17488671217478,170.53388529582733,79.35888659927943,80.71594416206277,false,false
10,1.0,169.82962477670515,80.07005820666595,1.3442405863774525,1.3588320756557835,169.14912371993,170.49336430630746,79.40214760985496,80.76097968551075,false,false
10,1.0,169.8253895537556,80.07018775900193,1.3467288670765925,1.3537027379950786,169.15161276928598,170.49834163636257,79.38338708931867,80.73708982731375,false,false
10,1.0,169.83959071883083,80.06913943667126,1.3763277592277632,1.3587225974365538,169.15389967052943,170.5302274297572,79.38552106936913,80.74424366680569,false,false
10,1.0,169.85246457155935,80.01864282021054,1.3469822499029647,1.3209428662461136,169.16487484513158,170.51185709503454,79.35393073432856,80.67487360057467,false,false
10,1.0,169.84529083787027,80.05485238611718,1.3617753615398556,1.3031076323565856,169.153794200079,170.51556956161886,79.41017766822053,80.71328530057711,false,false
10,1.0,169.8275305686384,80.05119190035697,1.3596175058481208,1.3259098037702586,169.15906001513943,170.51867752098755,79.37068040179052,80.69659020556078,false,false
10,1.0,169.84555587164044,80.10932283359952,1.3240941063186824,1.3749130517427375,169.16794478507873,170.4920388913974,79.41861883540426,80.793531887147,false,false
10,1.0,169.836284768739,80.06797914463839,1.348003602038574,1.3323180171852869,169.16653634889488,170.51453995093345,79.39516357311673,80.72748159030202,false,false
10,1.0,169.83955436683556,80.07318760806007,1.3715762384371715,1.3402063059188407,169.15469777450932,170.5262740129465,79.40060753217422,80.74081383809306,false,false
10,1.0,169.83536406399566,80.05741945612567,1.299753813004969,1.3591660155056502,169.17504385142735,170.47479766443232,79.3652377244295,80.72440373993516,false,false
10,1.0,169.8183367139461,80.05334097224306,1.3326762113825907,1.3442886972159158,169.15883313806847,170.49150934945106,79.41275399674217,80.75704269395808,false,false
10,1.0,169.82667397237407,80.02752551777601,1.3593040373220902,1.3395823913848943,169.1536174913067,170.5129215286288,79.36464674917342,80.70422914055831,false,false
10,1.0,169.84346535715628,80.0602757224324,1.339515334312381,1.3722608199405926,169.17666628189193,170.5161816162043,79.38012450031367,80.75238532025426,false,false
10,1.0,169.82866227481549,80.06969170019741,1.3275393221695992,1.392168914159953,169.16365452379256,170.49119384596216,79.35922799108783,80.75139690524779,false,false
10,1.0,169.8632009728933,80.0549777467264,1.3468374283645517,1.3617411312223169,169.19026393234566,170.5371013607102,79.36970884013137,80.73144997135368,false,false
10,1.0,169.84464705034694,80.04881137174044,1.3427145146264081,1.365006179191397,169.1702507887504,170.5129653033768,79.36801956613934,80.73302574533074,false,false
10,1.0,169.83562545148453,80.06945947542852,1.3174631781479036,1.361412832673679,169.1666193872024,170.4840825653503,79.40105743153639,80.76247026421007,false,false
10,1.0,169.80997799917915,80.08380145238897,1.3378090668792026,1.3532877753552128,169.163830954716,170.5016400215952,79.39065302797448,80.74394080332969,false,false
10,1.0,169.826449282071,80.08101196645545,1.3690818114810384,1.346863148255963,169.15069962029636,170.5197814317774,79.39956178993164,80.7464249381876,false,false
10,1.0,169.81770433471002,80.02709738100529,1.3530555918040932,1.3411017018573972,169.1438169496526,170.4968725414567,79.35647671441042,80.69757841626782,false,false
10,1.0,169.83287799708506,80.03896878868426,1.3568992253985641,1.31826195792749,169.15041714670656,170.50731637210512,79.3979875221203,80.7162494800478,false,false
10,1.0,169.84063061160566,80.09610110676036,1.3525954966330858,1.3723311458602012,169.15575772697755,170.50835322361064,79.40100629048706,80.77333743634726,false,false
10,1.0,169.85157507671704,80.08928322738294,1.30939553869527,1.3393810571345455,169.16949515405895,170.47889069275422,79.40951270523882,80.74889376237337,false,false
10,1.0,169.82707599853427,80.066832924294,1.3581557539446294,1.3445400279066462,169.14534263953811,170.50349839348274,79.4121805464082,80.75672057431484,false,false
10,1.0,169.84953735488065,80.05820741486284,1.3642216682501953,1.316250551891855,169.16982350287338,170.53404517112358,79.40496306351119,80.72121361540304,false,false
10,1.0,169.82749513084818,80.0534624407947,1.3645841723291596,1.3620529566764645,169.16990857113828,170.53449274346744,79.35910611594424,80.72115907262071,false,false
10,1.0,169.8075073964127,80.04643070611098,1.3474673517478948,1.324756308553134,169.14134424829018,170.48881160003808,79.38257324271545,80.70732955126859,false,false
10,1.0,169.83035630883597,80.01322236585474,1.340133652566351,1.3620590206140122,169.16402239465526,170.5041560472216,79.34547297958264,80.70753200019665,false,false
10,1.0,169.83141814345004,80.03575281691715,1.3326555137902574,1.3308332202011286,169.17128307726946,170.50393859105972,79.38057056183104,80.71140378203216,false,false
10,1.0,169.80631161397673,80.08302855511911,1.327728073169368,1.3101667884236434,169.16158272720173,170.4893108003711,79.4364312575607,80.74659804598434,false,false
10,1.0,169.8317378329928,80.04872098682212,1.3518591673468734,1.3452850954548978,169.15716556148945,170.50902472883632,79.39400439917756,80.73928949463246,false,false
10,1.0,169.8018933241686,80.05934516417926,1.3691588470947238,1.3693860379390657,169.15496074292517,170.5241195900199,79.3690831523782,80.73846919031726,false,false
10,1.0,169.85362054769956,80.04126146762204,1.3855817657190812,1.3550692185434485,169.13934037700977,170.52492214272885,79.36195061650612,80.71701983504957,false,false
10,1.0,169.81790252989146,80.0359636031229,1.3547476494785826,1.3376898030979305,169.15288832017688,170.50763596965547,79.3780351197652,80.71572492286313,false,false
10,1.0,169.8367877421706,80.053803814306,1.3245803152329074,1.367117121782215,169.15761579720714,170.48219611244005,79.37524854095781,80.74236566274003,false,false
10,1.0,169.8335891849126,80.05487142995182,1.3284667627466717,1.3897984950813935,169.17768337305824,170.50615013580492,79.34781388615097,80.73761238123237,false,false
10,1.0,169.83154567179136,80.06183971857453,1.3070855422439251,1.3331026831662882,169.16995286688686,170.47703840913078,79.40892648094572,80.74202916411201,false,false
10,1.0,169.8660283148903,80.04957139049222,1.3366721406724196,1.3592479133319273,169.18263703791143,170.51930917858385,79.36504473495279,80.72429264828472,false,false
10,1.0,169.8186025753099,80.0558643252663,1.3122122609415499,1.3615355711768728,169.17048027430673,170.48269253524828,79.37691412666733,80.7384496978442,false,false
10,1.0,169.82743409244358,80.06445894156758,1.3573824268960095,1.3656481692163567,169.15036402102757,170.50774644792358,79.37456954671748,80.74021771593384,false,false
10,1.0,169.82025209448298,80.04820300816725,1.3314886593575181,1.3279297368188168,169.15414516814909,170.4856338275066,79.3865001186625,80.71442985548131,false,false
10,1.0,169.81040306278373,80.06418052850809,1.3600793815841996,1.3807880697482489,169.1561125181096,170.5161918996938,79.35638448834699,80.73717255809524,false,false
10,1.0,169.82733667125981,80.07047608458436,1.3142163955403703,1.3256754306934653,169.17264843315962,170.4868648287,79.40404698135555,80.72972241204901,false,false
10,1.0,169.83651261956732,80.05579437991375,1.3372951964789195,1.3483711143424557,169.1735994112387,170.51089460771763,79.37745063712788,80.72582175147033,false,false
10,1.0,169.85140216612297,80.04249504673945,1.3541055724492708,1.3622786781233458,169.17424174049134,170.5283473129406,79.36572819192924,80.72800687005258,false,false
10,1.0,169.8189900115475,80.05168605072055,1.3561749745193765,1.3153243354237247,169.15019448586182,170.5063694603812,79.39410976899833,80.70943410442206,false,false
10,1.0,169.869001575418,80.08338071520814,1.3502118256082838,1.3177256769496069,169.18265780166834,170.53286962727663,79.41826804900185,80.73599372595146,false,false
10,1.0,169.8386531302597,80.08175672733469,1.334155888665208,1.3635915805845684,169.17648096255087,170.51063685121608,79.38282206234351,80.74641364292808,false,false
10,1.0,169.8204445366272,80.07995175907774,1.3196685559839523,1.36152814694114,169.16291422863083,170.48258278461478,79.40032088606104,80.76184903300218,false,false
10,1.0,169.84324034786476,80.02755639242983,1.3532489305402464,1.3715029524570355,169.1452839937342,170.49853292427446,79.33823087723692,80.70973382969396,false,false
10,1.0,169.83410926792448,80.07905210241125,1.2972299792203046,1.3658040140480097,169.18659608028378,170.48382605950408,79.40174630818956,80.76755032223757,false,false
10,1.0,169.84807499233716,80.07781553477582,1.3443746078672802,1.3260884673405258,169.16896023617613,170.5133348440434,79.41506821834716,80.74115668568768,false,false
10,1.0,169.84812586619293,80.04054355562343,1.3489186925494892,1.3096183570022077,169.17305507710984,170.52197376965933,79.40387521154068,80.71349356854289,false,false
10,1.0,169.84474744352633,80.06853172028977,1.3129575035217727,1.3742154689155228,169.18210240750824,170.49505991103,79.38769745072582,80.76191291964135,false,false
10,1.0,169.8368161187894,80.04626672064279,1.3823874936543348,1.3543260410850024,169.1414557108924,170.52384320454672,79.37262399350594,80.72695003459094,false,false
10,1.0,169.8284384654501,80.07979065484167,1.3599489005428325,1.3820587871005756,169.15948427045325,170.51943317099608,79.37806075612305,80.76011954322362,false,false
10,1.0,169.81008687514873,80.07556986723245,1.3206910761744837,1.3075422821760156,169.17519223234908,170.49588330852356,79.41446757945926,80.72200986163527,false,false
10,1.0,169.8375122914047,80.04422836730339,1.3356638241396581,1.3596027454262298,169.16999660580547,170.50566042994512,79.3606496246176,80.72025237004382,false,false
10,1.0,169.83584560987504,80.06577651214141,1.32966674247254,1.362898124829087,169.1705516344052,170.50021837687774,79.37512141410659,80.73801953893567,false,false
10,1.0,169.8345259386457,80.05631364995064,1.3296375116953243,1.3322629499698877,169.15574390017642,170.48538141187174,79.40047355315534,80.73273650312522,false,false
10,1.0,169.83166418700276,80.05078725147422,1.3647200301357714,1.350622514119479,169.14974778886562,170.5144678190014,79.36588946499961,80.71651197911909,false,false
10,1.0,169.83365972030626,80.07642642730583,1.3267541412332093,1.4017883223672811,169.17130586140445,170.49806000263766,79.37608070349876,80.77786902586604,false,false
10,1.0,169.8331293973588,80.04935702882,1.3595890619867816,1.3745677458316834,169.1566919220592,170.51628098404598,79.38562280622013,80.76019055205181,false,false
10,1.0,169.82106293596325,80.04616300188195,1.3421569850990522,1.3866417420327082,169.14980391798872,170.49196090308777,79.34314670408553,80.72978844611823,false,false
10,1.0,169.83539092086676,80.05661750601618,1.3390445530081934,1.3757220868999553,169.17260020707153,170.51164476007972,79.36972546489848,80.74544755179843,false,false
10,1.0,169.832280626123,80.07554995243709,1.3120409463390956,1.352233986759785,169.17641579811163,170.48845674445073,79.3853353915874,80.73756937834719,false,false
10,1.0,169.8341602575556,80.04622878080399,1.3618745881027507,1.345314236275314,169.1427960567109,170.50467064481364,79.37384920731992,80.71916344359524,false,false
10,1.0,169.8554981397357,80.03839293119364,1.312847783607424,1.38369433018336,169.18485528678713,170.49770307039455,79.36591522238413,80.74960955256749,false,false
10,1.0,169.82448761675158,80.03879297937183,1.3591019147673364,1.3414595202845732,169.14019924731718,170.49930116208452,79.3710372574645,80.71249677774907,false,false
10,1.0,169.8349102675707,80.06203082876826,1.3788162181232337,1.3286747754273165,169.1433273502568,170.52214356838005,79.38971117874027,80.71838595416759,false,false
10,1.0,169.8211773583869,80.05207107075178,1.366917846072738,1.3913264227542044,169.14139368054498,170.50831152661772,79.35009360010808,80.74142002286229,false,false
10,1.0,169.85415009117514,80.0663306462045,1.3270437688271954,1.3311672019026588,169.1916700537271,170.5187138225543,79.4026322990782,80.73379950098087,false,false
10,1.0,169.84880156072228,80.03878105564297,1.312914800311745,1.3028715224644003,169.17979183708582,170.49270663739756,79.40279717136727,80.70566869383167,false,false
10,1.0,169.84586363017536,80.07888472787633,1.3166799740847352,1.387722047488296,169.16983556679799,170.48651554088272,79.36973860497642,80.75746065246472,false,false
10,1.0,169.79696956724507,80.0661095886376,1.359306377968693,1.3512520320237371,169.12731728308574,170.48662366105444,79.3730151416503,80.72426717367404,false,false
10,1.0,169.86035759669133,80.06899786171313,1.3107118559661615,1.3262296183987843,169.20183717153773,170.5125490275039,79.39719433753226,80.72342395593104,false,false
10,1.0,169.83509802788691,80.06193637606663,1.3458464889458526,1.3479395335710649,169.17644648071555,170.5222929696614,79.39543238357777,80.74337191714883,false,false
10,1.0,169.83297499474975,80.06126492195861,1.3290006333483007,1.319734648967767,169.18746889391497,170.51646952726327,79.40417559145955,80.72391024042732,false,false
10,1.0,169.84953429047073,80.05539281995178,1.3482183632171143,1.369284127101082,169.169864194647,170.51808255786412,79.3612352672242,80.73051939432528,false,false
10,1.0,169.82854237089958,80.0493572118463,1.377523278311628,1.3610746300182655,169.13101468864534,170.50853796695696,79.36465538210533,80.72573001212359,false,false
10,1.0,169.84795110140362,80.02843104405844,1.3358340774340718,1.3437396568827893,169.1692142426809,170.50504832011498,79.3555384719063,80.69927812878909,false,false
10,1.0,169.83285126459515,80.06653899112999,1.3642631213322431,1.301920839965348,169.14320507368842,170.50746819502066,79.39232450935334,80.69424534931869,false,false
10,1.0,169.83569366528292,80.0844085747811,1.3607699994622635,1.327803964801248,169.13691274731949,170.49768274678175,79.40862151430191,80.73642547910316,false,false
10,1.0,169.80982848363067,80.07308687342899,1.3529613934434508,1.366002358981234,169.14586371293663,170.49882510638008,79.394401025856,80.76040338483723,false,false
10,1.0,169.82007521271214,80.08039498662694,1.3458365874724905,1.381124934328298,169.13450684410114,170.48034343157363,79.37991471426706,80.76103964859536,false,false
10,1.0,169.83020761070972,80.05909838693555,1.3465612149835238,1.3443651388500655,169.16285752055762,170.50941873554115,79.36606674376337,80.71043188261343,false,false
10,1.0,169.84047665965824,80.06337833135807,1.3260655892356112,1.390213655522885,169.17953304439754,170.50559863363316,79.37479487841901,80.7650085339419,false,false
10,1.0,169.82533412581114,80.02872448955364,1.327538279719164,1.3444060520167653,169.1587124880161,170.48625076773527,79.36650812074787,80.71091417276463,false,false
10,1.0,169.84807018136212,80.07189494747374,1.3644870106910219,1.3437667452474216,169.14546451239718,170.5099515230882,79.39725697045463,80.74102371570206,false,false
10,1.0,169.83701730775448,80.04433982179256,1.3500656940240674,1.3905567349401622,169.16823663175444,170.5183023257785,79.3638103562678,80.75436709120797,false,false
10,1.0,169.83407300140772,80.04663353131235,1.3740634664624167,1.352167080103257,169.14478545140875,170.51884891787117,79.37201356139403,80.72418064149728,false,false
10,1.0,169.8324443872523,80.06170545483161,1.357596757519815,1.3845225403480015,169.15345586499274,170.51105262251255,79.36370520037094,80.74822774071895,false,false
10,1.0,169.84600277113432,80.05852951425169,1.354754227613995,1.368618977766559,169.15688207660736,170.51163630422135,79.36987235309363,80.73849133086019,false,false
10,1.0,169.8165589977972,80.05722721317154,1.3081306611213677,1.3745505836492953,169.1836547018809,170.49178536300226,79.36155315110909,80.73610373475839,false,false
10,1.0,169.83440630290917,80.05895262004151,1.3583024244008755,1.357349050805098,169.15926087550935,170.51756329991022,79.37643132248958,80.73378037329468,false,false
10,1.0,169.84089469067126,80.07021011797038,1.3634124896291553,1.367547360126224,169.15545489529617,170.51886738492533,79.37648891485087,80.74403627497709,false,false
10,1.0,169.84480598463261,80.06153248528324,1.3532831948833461,1.325301534174855,169.15994697657905,170.5132301714624,79.3950043617264,80.72030589590125,false,false
10,1.0,169.82678539670883,80.05396284524585,1.3675870812376445,1.3224825377988765,169.1265247910385,170.49411187227614,79.38269496991833,80.70517750771721,false,false
10,1.0,169.82969111366054,80.07062128329835,1.3621526981251861,1.3882668766948854,169.14722169629272,170.5093743944179,79.37341878568095,80.76168566237584,false,false
10,1.0,169.82697533904653,80.05289032107396,1.3307811020689257,1.3453167737999365,169.1692652983959,170.50004640046484,79.37191283075309,80.71722960455303,false,false
10,1.0,169.8570840817207,80.04826051123004,1.324968441333084,1.3455359208126652,169.17758480477303,170.50255324610612,79.38232525548385,80.72786117629651,false,false
10,1.0,169.83431945323002,80.06882799339482,1.3740026220598338,1.323475024752966,169.14239288905986,170.5163955111197,79.39720186284971,80.72067688760268,false,false
10,1.0,169.83000063386436,80.02561363235185,1.40852611583,1.3815564428267209,169.1319094529126,170.5404355687426,79.34391202630938,80.7254684691361,false,false
10,1.0,169.8295021556318,80.06745115840747,1.3172918392229462,1.3579300013815896,169.15859656184892,170.47588840107187,79.3812032317471,80.73913323312868,false,false
10,1.0,169.8164788511598,80.05154441735945,1.3219538197056409,1.3623647472525278,169.16611583686299,170.48806965656863,79.37162384462347,80.733988591876,false,false
10,1.0,169.83664307805049,80.0708506698152,1.3827694830188477,1.3316233428982969,169.15056138222297,170.53333086524182,79.3953019480563,80.7269252909546,false,false
10,1.0,169.81922299667264,80.04082562922201,1.3382961541954614,1.3756167228765719,169.16359336333068,170.50188951752614,79.34596351605342,80.72158023892999,false,false
10,1.0,169.82854010006884,80.08674722563754,1.3571879205236996,1.372438362817661,169.14102006671038,170.49820798723408,79.40786950280236,80.78030786562002,false,false
10,1.0,169.81882016081093,80.04569932596593,1.3634457118773753,1.3630548374354277,169.15585044832903,170.5192961602064,79.35584240649276,80.71889724392818,false,false
10,1.0,169.86032233167444,80.05721388453904,1.3570772513357667,1.3825981065608062,169.1729395563784,170.53001680771416,79.37609888888976,80.75869699545056,false,false
10,1.0,169.84064070114857,80.06738969046691,1.3242771591262112,1.3266245699949906,169.1829354856261,170.50721264475231,79.39374304848872,80.7203676184837,false,false
10,1.0,169.8326367971482,80.0387106650192,1.3391464310482775,1.3523514160742423,169.17174951544712,170.5108959464954,79.37641742056067,80.72876883663491,false,false
10,1.0,169.84702778043993,80.03166544877358,1.3889029509395527,1.3758659515839895,169.15603049526413,170.5449334462037,79.34897074147875,80.72483669306274,false,false
10,1.0,169.81869916690061,80.0559004929432,1.346404181312181,1.3323008597474342,169.1548221762166,170.5012263575288,79.38833869247264,80.72063955222008,false,false
10,1.0,169.81404840292646,80.04033222380352,1.3533570470881102,1.3591004632126413,169.15453787667573,170.50789492376384,79.35716553606372,80.71626599927636,false,false
10,1.0,169.8415195058743,80.05494735914615,1.347356764973,1.4094911976219748,169.15993465794148,170.50729142291448,79.3461636967057,80.75565489432768,false,false
10,1.0,169.80013627537437,80.08225035161641,1.3943008281216294,1.3102855641107851,169.12270886351027,170.5170096916319,79.42628370566175,80.73656926977253,false,false
10,1.0,169.8259526923645,80.04432946777958,1.3413249116236727,1.3416779720963774,169.15640394853105,170.49772886015472,79.3829807809762,80.72465875307257,false,false
10,1.0,169.84077505129514,80.05801207254281,1.3494246946762303,1.4136948413989217,169.1550059246373,170.50443061931352,79.35785886930296,80.77155371070188,false,false
10,1.0,169.83286754418322,80.05641024090731,1.3265252522674302,1.3842225737179632,169.172937227252,170.49946247951942,79.36457240775009,80.74879498146805,false,false
10,1.0,169.82682159910564,80.05542948491168,1.327214997311728,1.3188156921701477,169.16724897854223,170.49446397585396,79.39113331800507,80.70994901017522,false,false
10,1.0,169.81583561333971,80.06089734372773,1.3760361828375665,1.3506621500110185,169.14818470043448,170.52422088327205,79.37244468715056,80.72310683716158,false,false
10,1.0,169.84330166904164,80.04430844142433,1.356938630576849,1.3214176976519951,169.16383948855764,170.5207781191345,79.39163496678398,80.71305266443598,false,false
10,1.0,169.8426207902591,80.0698912296566,1.3791532014454049,1.3528640231147335,169.15914908003498,170.53830228148038,79.39197494836738,80.74483897148211,false,false
10,1.0,169.8303551771454,80.0609410004304,1.338342880570167,1.3138471502826121,169.15904404432075,170.49738692489092,79.38422493702143,80.69807208730404,false,false
10,1.0,169.849335403719,80.07132247283388,1.3579793645437803,1.380920704542234,169.1602303671084,170.51820973165218,79.39134466514093,80.77226536968317,false,false
10,1.0,169.8624662534155,80.06000745644272,1.3534057224536014,1.3133603792418143,169.17917958779202,170.53258531024562,79.40695914754623,80.72031952678805,false,false
10,1.0,169.80486319998127,80.05503398864155,1.3236422523212354,1.3496371994076668,169.13952272857875,170.4631649809,79.37764689389269,80.72728409330036,false,false
10,1.0,169.84436408872665,80.04270604259898,1.356465496803196,1.3700426832457566,169.16504950091587,170.52151499771907,79.3470427002096,80.71708538345536,false,false
10,1.0,169.83584293959348,80.09148309976587,1.3304911487057893,1.361231029648195,169.1649130891073,170.4954042378131,79.40549577923862,80.76672680888682,false,false
10,1.0,169.83626477900265,80.06366174716304,1.38670137374055,1.3418970578911171,169.1227021144782,170.50940348821874,79.39551021683866,80.73740727472978,false,false
10,1.0,169.82718052057817,80.02625113802867,1.3568911643278625,1.3445626867096507,169.1520712135241,170.50896237785196,79.37609368177084,80.72065636848049,false,false
10,1.0,169.84837847255272,80.08782637606406,1.3615577227450046,1.3254978198381195,169.16422842657408,170.5257861493191,79.41804233356083,80.74354015339895,false,false
