ndata,sigma,theta1_median,theta2_median,theta1_iqrs,theta2_iqrs,quartiles1_1,quartiles3_1,quartiles1_2,quartiles3_2,theta1_coverage,theta2_coverage
50,20.0,149.7789144116927,96.75226563164303,0.8126048065693112,3.518736594430237,149.48174837798146,150.29435318455077,94.80610628366011,98.32484287809035,true,false
50,20.0,150.42196785170347,104.6702783650428,0.7266332883828284,2.767183371265034,150.15483290618394,150.88146619456677,103.079959014351,105.84714238561604,false,false
50,20.0,149.75627582578727,107.23542712132442,0.7019920108094766,3.865175734357436,149.50671154019486,150.20870355100433,105.13666861740026,109.0018443517577,true,false
50,20.0,150.1367086563495,105.85476686820654,0.7075646527847255,3.146434791796338,149.87606854190008,150.5836331946848,104.07044936240932,107.21688415420566,true,false
50,20.0,150.5115946933035,99.31096495843923,0.8194997187196691,4.04761610818592,150.19418553596327,151.01368525468294,97.03460323277609,101.08221934096201,false,true
50,20.0,148.93338417432696,105.79715722103928,0.6560040413782815,3.1501382694298456,148.69456806574183,149.35057210712012,104.01933181422758,107.16947008365743,false,false
50,20.0,149.93846093150108,98.92959020836685,0.8238198708473874,3.676017786150439,149.64480701439555,150.46862688524294,96.82507295381708,100.50109073996752,true,true
50,20.0,150.29581477364246,100.99964601782361,0.7689886657810518,3.2113941280610874,150.01257190441495,150.781560570196,99.20450476873094,102.41589889679203,false,true
50,20.0,150.4011447081534,100.43566039570271,0.7914910796959589,3.504075056896326,150.10882801975305,150.900319099449,98.39354398872382,101.89761904562015,false,true
50,20.0,150.5209297267459,98.47978280827837,0.865908846251358,3.7599383565373614,150.20076415425274,151.0666730005041,96.2689076625118,100.02884601904915,false,true
50,20.0,150.46795501711475,102.03522045220888,0.7489948006095801,3.764041095508901,150.1820789132389,150.9310737138485,99.9350737881542,103.6991148836631,false,true
50,20.0,149.48685693162975,98.47781435656256,0.8323995415216814,3.583573729016038,149.17989278530663,150.01229232682832,96.39536332953206,99.9789370585481,true,false
50,20.0,150.07726778852572,99.68760054166937,0.736172186157404,3.7168730774022265,149.7965585903109,150.5327307764683,97.54819440558933,101.26506748299155,true,true
50,20.0,148.60364093588703,100.45035106625039,0.7479064659101766,3.122627738606937,148.31784108333508,149.06574754924526,98.5994610710606,101.72208880966754,false,true
50,20.0,148.85731256602867,97.84214042288608,0.7798155241765414,2.9487032991781064,148.56574835594017,149.3455638801167,96.07151831954204,99.02022161872014,false,false
50,20.0,150.40871651851467,97.88105261822946,0.8013620775140851,4.005846084745116,150.1094151880425,150.9107772655566,95.60147653626476,99.60732262100987,false,false
50,20.0,150.34615271926603,99.08077288635936,0.8558239560181278,3.73420684454301,150.02591611401897,150.8817400700371,96.80989195765395,100.54409880219696,false,true
50,20.0,150.18124974560982,99.657509156694,0.8263528922465468,3.016427073135816,149.8709077735159,150.69726066576246,97.86636439754872,100.88279147068454,true,true
50,20.0,150.3348839992637,98.7628349019667,0.7512516968788532,3.245547663833534,150.06102870824702,150.81228040512588,96.88379787267257,100.12934553650611,false,true
50,20.0,150.09018663818927,97.48947854919004,0.7954112038634378,3.4642454062858263,149.79123595520758,150.58664715907102,95.54403157680926,99.00827698309509,true,false
50,20.0,149.77939318135776,100.69972656361114,0.73937470874219,2.9530056261732653,149.51488321162915,150.25425792037134,98.9913085893364,101.94431421550966,true,true
50,20.0,150.44096777184208,98.00974728093294,0.7823721309174516,3.320486112566641,150.14849484946382,150.93086698038127,96.06392681216272,99.38441292472936,false,false
50,20.0,150.50952347459616,96.72256700371963,0.9016628363596055,3.8526065706639656,150.1798926608967,151.08155549725632,94.51238330029588,98.36498987095985,false,false
50,20.0,150.08866044006407,100.57498179475985,0.7942709759479669,3.7905305970458443,149.79158590006912,150.5858568760171,98.4563044480952,102.24683504514104,true,true
50,20.0,149.94377157928193,98.72083425787791,0.8815361724337265,2.974598061626466,149.60790826886867,150.4894444413024,96.9884356819822,99.96303374360866,true,false
50,20.0,149.96089571839929,101.81970852884726,0.7565220384072688,3.0920232694955416,149.6882821191504,150.44480415755766,100.05229674508402,103.14432001457956,true,false
50,20.0,149.77852642352747,98.6939838470721,0.7725387626447286,3.287388999196068,149.48419159582218,150.2567303584669,96.8478280382312,100.13521703742727,true,true
50,20.0,150.301847914276,100.16741406705032,0.7504069141656373,2.744236534554034,150.02061218751027,150.7710191016759,98.57010450361534,101.31434103816937,false,true
50,20.0,149.9060004323181,100.43401567887915,0.7215258577243446,3.086535595560008,149.64314567918072,150.36467153690506,98.59174543315817,101.67828102871817,true,true
50,20.0,150.3407406429282,104.40181644276429,0.7178783103416606,3.6105374509979953,150.08297644879383,150.8008547591355,102.38188460176737,105.99242205276536,false,false
50,20.0,148.0113373607793,100.51963666220645,0.7514789471706251,3.514724713431818,147.72392262766942,148.47540157484005,98.4454769264164,101.96020163984822,false,true
50,20.0,149.8801872176205,97.56965959402024,0.8354237030897878,3.088225200617373,149.58314819533987,150.41857189842966,95.7326806144559,98.82090581507327,true,false
50,20.0,149.58970761729265,97.52326038937302,0.8013099652689277,3.3989627932326982,149.30363844704343,150.10494841231235,95.5119602090534,98.9109230022861,true,false
50,20.0,148.84935421792102,98.69823283154368,0.7598369396873181,3.062800740836792,148.5663087728434,149.32614571253072,96.93866949965911,100.0014702404959,false,true
50,20.0,146.55882555370863,99.58557615173483,0.7534922696207502,3.344235255298358,146.28182651263052,147.03531878225127,97.68016829652595,101.0244035518243,false,true
50,20.0,150.49061297355047,98.89330047389026,0.8101346843421311,2.916316684061357,150.17753044568667,150.9876651300288,97.15017468023373,100.06649136429509,false,true
50,20.0,150.4348767061087,99.02832078722727,0.8190579740299597,3.171850876051181,150.12324587964,150.94230385366996,97.1653822253621,100.33723310141328,false,true
50,20.0,150.27617318707922,101.94493177425478,0.7691990545912688,3.1635822568160705,149.9873132112557,150.75651226584696,100.054307622556,103.21788987937207,true,false
50,20.0,149.91255503702826,98.83333404941297,0.8284967853960836,2.7492055965548303,149.597195176549,150.4256919619451,97.2400180445783,99.98922364113314,true,false
50,20.0,149.2003007176792,96.59558360037659,0.8011214206104569,3.8247526619072687,148.90261632326624,149.7037377438767,94.39749985685083,98.2222525187581,false,false
50,20.0,150.4075061271301,98.15334010191448,0.7736911901635608,3.2843333944727817,150.13381721073182,150.90750840089538,96.31411672121362,99.5984501156864,false,false
50,20.0,147.98783119168732,101.44615907049229,0.7190232677030224,2.5761827713254917,147.71643095333891,148.43545422104194,99.90942701236494,102.48560978369044,false,true
50,20.0,149.50044947782584,100.51443635106017,0.7686794092053901,2.759340606932355,149.22094549181543,149.98962490102082,98.82949273399468,101.58883334092704,false,true
50,20.0,150.03332594668615,97.16068034687316,0.8256641352685108,3.5111915055244083,149.72908656873463,150.55475070400314,95.22819855141208,98.73939005693649,true,false
50,20.0,149.72377428028568,98.44590088444832,0.8380602709525817,3.857859101099706,149.42544505705487,150.26350532800745,96.198539243607,100.05639834470671,true,true
50,20.0,149.92189504907884,99.16772058030058,0.7296557683018534,3.274140430147824,149.6397398692505,150.36939563755234,97.28779603841129,100.56193646855911,true,true
50,20.0,150.26241923249188,97.43381156571405,0.8309124197894278,3.323825057188728,149.9448082350283,150.77572065481772,95.47039610999313,98.79422116718186,true,false
50,20.0,150.28878138232488,97.01531847233451,0.8335242401584537,3.844221158930651,149.9860873514795,150.81961159163797,94.86064906702588,98.70487022595653,true,false
50,20.0,149.25533177063227,101.09946558801356,0.753699324713665,3.600006381543011,148.99302116365908,149.74672048837274,99.06694643950755,102.66695282105056,false,true
50,20.0,150.42053942530822,100.00885616761306,0.787157510788262,3.7375978572900124,150.1406790596434,150.92783657043165,97.90265874388737,101.64025660117738,false,true
50,20.0,149.9235308443964,100.28595230291931,0.7338180257302724,3.3009628037791856,149.65802470925217,150.39184273498245,98.3588679569319,101.65983076071109,true,true
50,20.0,149.0321679308006,100.86708416669805,0.663362946845723,2.872554154592464,148.77972411711045,149.44308706395617,99.1444650224013,102.01701917699377,false,true
50,20.0,150.0798996288271,100.71086400314698,0.747955942787172,2.414039082728152,149.80589368857272,150.5538496313599,99.27107875105172,101.68511783377987,true,true
50,20.0,147.6046956010198,96.7671504047661,0.7838123567537707,3.9126052709695642,147.32639053387007,148.11020289062384,94.54216974801822,98.45477501898779,false,false
50,20.0,148.95576588871387,98.12565310051359,0.8016810728622374,3.6493565708367015,148.65400716952615,149.4556882423884,96.05134966512536,99.70070623596206,false,false
50,20.0,149.93114574407247,100.1689650403413,0.7557719644476322,3.640769805317561,149.66492837400335,150.42070033845098,98.10820379715068,101.74897360246824,true,true
50,20.0,149.5516713118622,100.7412070133029,0.7674373516017283,2.456941248518305,149.27146591446925,150.03890326607097,99.31340328625606,101.77034453477437,true,true
50,20.0,147.62053575842432,101.748662099665,0.6903942283625781,2.6683134879318544,147.36051277689802,148.0509070052606,100.17380643061392,102.84211991854578,false,false
50,20.0,149.03207064591714,99.56449802487923,0.7258614521285551,2.441742589759187,148.75968612689664,149.4855475790252,98.12884260415339,100.57058519391258,false,true
50,20.0,149.98618005016553,97.71968653282597,0.8631664439144231,4.0491201638358945,149.65589126352907,150.5190577074435,95.45715134928307,99.50627151311896,true,false
50,20.0,150.05370136589733,99.157311894001,0.8047927543038043,3.2399062449594993,149.76414710541022,150.56893985971402,97.31823635959724,100.55814260455674,true,true
50,20.0,149.13593559281634,102.19019953431939,0.7513963038283293,3.1037742739360397,148.8698404517821,149.62123675561043,100.39933302940791,103.50310730334395,false,false
50,20.0,150.27513008700004,102.69255438491432,0.7611838208974291,2.898102951238812,149.982346859359,150.74353068025644,101.03181850054354,103.92992145178235,true,false
50,20.0,149.1542469789874,99.11520492014571,0.769069771263986,3.023362062624841,148.87661130121958,149.64568107248357,97.33835332925631,100.36171539188115,false,true
50,20.0,150.4256626141314,101.19884457523077,0.736327923773274,3.6841288140089574,150.16131766565337,150.89764558942665,99.10648228180978,102.79061109581873,false,true
50,20.0,150.34344434132495,96.19741066013802,0.8499160307069644,3.7569507980378773,150.0294132006456,150.87932923135256,94.07305249714145,97.83000329517932,false,false
50,20.0,148.89872946897262,97.00481104082206,0.8396225470960417,3.663442271602605,148.58351054652638,149.42313309362243,94.9318488823069,98.5952911539095,false,false
50,20.0,150.28159545117074,101.772921528757,0.7300874226722556,3.392064464707687,150.0175024767429,150.74758989941515,99.83674436237834,103.22880882708603,false,true
50,20.0,149.92182252496326,97.7381919747462,0.77776476643362,3.6972884746842425,149.63940956301002,150.41717432944364,95.55815404152011,99.25544251620435,true,false
50,20.0,149.01386234593025,101.38224172589466,0.7538400788990884,2.6510133220482146,148.7263469171875,149.4801869960866,99.83463678248565,102.48565010453386,false,true
50,20.0,150.46424870783363,101.07884957849446,0.7498654567347671,2.865251071625977,150.18862311348522,150.93848857022,99.3910222168593,102.25627328848527,false,true
50,20.0,150.11642809874206,95.15355480346246,0.8249668256756593,4.101182133957508,149.8041437804442,150.62911060611987,92.93831022845445,97.03949236241196,true,false
50,20.0,150.34672683918117,97.2993607550488,0.8595318028419001,3.285256403249292,150.0356505887517,150.8951823915936,95.38965203303272,98.67490843628201,false,false
50,20.0,150.2351422012575,97.33576595923995,0.8333415654276735,4.243928220911272,149.9223790898989,150.75572065532657,94.95368435458121,99.19761257549249,true,false
50,20.0,148.44780611434626,100.31153154028016,0.7241133182141937,2.3478445023923626,148.17262165688177,148.89673497509597,98.91014287703796,101.25798737943032,false,true
50,20.0,150.56916654770862,97.66891001011801,0.8861867503908059,2.5929114804890645,150.23915685471823,151.12534360510904,96.19286251811391,98.78577399860298,false,false
50,20.0,148.88844219023323,99.17334622473479,0.7043246168010171,3.4509810288357983,148.62205679045988,149.3263814072609,97.16242418550145,100.61340521433725,false,true
50,20.0,150.2388600836877,102.12467676352759,0.7139685881685978,2.963808299802764,149.98128839764485,150.69525698581344,100.37213351802089,103.33594181782365,true,false
50,20.0,150.4403490576774,101.09414815493112,0.7879833972612573,2.8352267626053447,150.1501695745495,150.93815297181075,99.44367441319125,102.27890117579659,false,true
50,20.0,149.39968061785754,98.66789672231513,0.8016175235262892,3.113679998702139,149.1237251537993,149.9253426773256,96.8519339345322,99.96561393323434,false,false
50,20.0,150.45557554565795,98.73005082883691,0.7668008666672108,3.599844166890236,150.17969146135738,150.9464923280246,96.67026608824835,100.27011025513859,false,true
50,20.0,150.3411848916607,101.46253618880101,0.742544071365586,2.198480100783442,150.07563685175987,150.81818092312545,100.15674248083545,102.35522258161889,false,false
50,20.0,149.77972661206024,98.21372099578178,0.8053855240241887,3.564330685923963,149.47881039839268,150.28419592241687,96.11946436347293,99.68379504939689,true,false
50,20.0,149.89446215529404,100.4735763619117,0.7646187399517714,3.2043711420427883,149.619280577646,150.38389931759778,98.65837338852046,101.86274453056325,true,true
50,20.0,149.57970621246386,101.25465569383955,0.7558843693617234,3.085814652319769,149.3056431202156,150.06152748957732,99.41239932278269,102.49821397510246,true,true
50,20.0,149.67350621183652,106.05835969998344,0.6581687339580071,3.1885935301579167,149.431514645805,150.08968337976302,104.27399738876177,107.46259091891969,true,false
50,20.0,150.08375908430466,99.83859401812362,0.7661090595774454,3.0981038470319504,149.80134649393875,150.5674555535162,98.05670699806447,101.15481084509642,true,true
50,20.0,149.8780318446635,98.39305024246889,0.7647639871214551,3.407963722464544,149.5886089826142,150.35337296973566,96.4338351537443,99.84179887620884,true,false
50,20.0,147.16429784349913,98.50632006882238,0.7370344685423902,2.4263145605159764,146.90148034119653,147.63851480973892,97.10100721352873,99.52732177404471,false,false
50,20.0,147.9316834076638,103.55540264048804,0.6710609291474441,2.959223447963339,147.69276474547888,148.36382567462633,101.83111511887137,104.7903385668347,false,false
50,20.0,149.78718745527283,98.52190628236997,0.7189145358846076,3.434718339864588,149.52204172390333,150.24095625978794,96.56367029155768,99.99838863142227,true,false
50,20.0,150.50697994586534,96.84574741680402,0.8133991359311779,3.5820336110027853,150.20757282661086,151.02097196254203,94.74838541744963,98.33041902845241,false,false
50,20.0,150.18011686968114,98.30217834741075,0.8353119865240615,3.6642150880330178,149.8826550775715,150.71796706409557,96.18936765812089,99.8535827461539,true,false
50,20.0,150.49242651546143,97.94821077009416,0.8519246222838035,3.393278805154978,150.1934645332164,151.0453891555002,96.03359376088031,99.42687256603529,false,false
50,20.0,150.44467403565528,101.7721297392132,0.7366366127089634,2.799792652087561,150.17991178856994,150.9165484012789,100.17654190093747,102.97633455302503,false,false
50,20.0,149.81344534701287,101.90954527786396,0.6905483965522592,2.52955377810261,149.56322355609018,150.25377195264244,100.39626537439433,102.92581915249694,true,false
50,20.0,149.98338464465792,98.25207366256743,0.7958810159468612,3.7500540421343658,149.70075123719266,150.49663225313952,96.13681606216069,99.88687010429506,true,false
50,20.0,150.46132422866634,99.81207135000179,0.742982693752424,2.7397453676888546,150.1853986974666,150.92838139121903,98.17741940652606,100.91716477421491,false,true
50,20.0,149.85398551764712,97.19666783238321,0.8173052728632797,3.2502802056292524,149.5546615862703,150.37196685913358,95.27462836191754,98.52490856754679,true,false
50,20.0,149.42817870089894,98.04638874591794,0.80292257739913,3.3765401328595885,149.138773471266,149.94169604866514,96.08433078179173,99.46087091465132,false,false
50,20.0,150.06238057191263,100.36746221316163,0.7797469468512759,3.5743329273065,149.77141726408024,150.55116421093152,98.34438716646662,101.91872009377312,true,true
50,20.0,149.3708160428664,98.61861030330043,0.757427249600056,3.4435075704111,149.08568687942545,149.8431141290255,96.6928713431607,100.1363789135718,false,true
50,20.0,149.97911204723675,104.04633517445869,0.7018640586241816,2.4096624612931805,149.72328940827882,150.425153466903,102.62306140988414,105.03272387117732,true,false
50,20.0,149.38439142835776,97.47308972815445,0.7843910891348003,3.972349051569907,149.11884632160368,149.90323741073848,95.26812494084211,99.24047399241202,false,false
50,20.0,150.09265718769018,100.1780671087914,0.767033537547178,2.2526993862832967,149.8043876123645,150.57142114991169,98.87419050634323,101.12688989262652,true,true
50,20.0,150.25029636186133,97.02886743786256,0.8197489921576562,3.820297114515668,149.94392539122913,150.76367438338679,94.9302995759806,98.75059669049627,true,false
50,20.0,149.79627439700147,100.05042084610947,0.8119538298226132,3.60153663327074,149.50712210468723,150.31907593450984,97.94864824754265,101.55018488081339,true,true
50,20.0,149.66824457100407,97.99440769640782,0.788838633923973,3.6771235292335973,149.37594675449228,150.16478538841625,95.87620829234987,99.55333182158347,true,false
50,20.0,150.01980587871498,99.84311217484372,0.769625385352839,2.868880203750976,149.73803663387784,150.50766201923068,98.13334704193487,101.00222724568584,true,true
50,20.0,149.23903452283648,103.8675156135792,0.6977010725693162,2.9025684405030177,148.98021521991035,149.67791629247967,102.22630926695025,105.12887770745327,false,false
50,20.0,150.27019019731716,103.34056323107606,0.7233278180379159,3.1627256959496606,150.00108692120978,150.7244147392477,101.56253411350512,104.72525980945478,false,false
50,20.0,149.44204589989008,96.6562533696217,0.7734008951529461,3.910324744792817,149.15970236493465,149.9331032600876,94.4565057723816,98.36683051717442,false,false
50,20.0,150.31884194446752,97.85205647692544,0.7972747864788232,3.190392493006371,150.02546528289957,150.8227400693784,96.06636628539236,99.25675877839873,false,false
50,20.0,149.84273610477004,98.31117592626464,0.789194148916124,3.193070705978357,149.5346497091811,150.32384385809723,96.46299206165494,99.6560627676333,true,false
50,20.0,149.17576817673964,101.4587374364908,0.6886341126933075,3.362303143627571,148.9081451119864,149.59677922467972,99.56804113473444,102.93034427836201,false,true
50,20.0,148.84116679562527,101.64551216043667,0.7130650161069525,3.057759644219516,148.57170468592324,149.2847697020302,99.86502379552815,102.92278343974766,false,true
50,20.0,150.4646686562342,97.91008151995247,0.8092805247586625,3.3909820711632648,150.16371431657296,150.97299484133163,95.96942500879406,99.36040707995733,false,false
50,20.0,149.95675070427376,99.82915160465264,0.7515982592408363,3.152542375230013,149.68657275690583,150.43817101614667,98.0205875486481,101.17312992387811,true,true
50,20.0,150.382649741641,103.57527123872043,0.7091131763231715,2.5933037214485495,150.12271703107066,150.83183020739384,102.04931455695572,104.64261827840427,false,false
50,20.0,149.9317594712744,97.90551736177119,0.7971196029554619,3.670262224323068,149.64080653235203,150.4379261353075,95.77885457870337,99.44911680302644,true,false
50,20.0,149.99933581421658,102.06446978015359,0.7424794150749676,2.787692664519483,149.73180083212054,150.4742802471955,100.41297706406601,103.2006697285855,true,false
50,20.0,148.66938559636918,101.84094373720617,0.7428738068825851,3.2716868893464266,148.38952673083202,149.1324005377146,99.88895526931233,103.16064215865876,false,true
50,20.0,149.42347823152372,106.45982655150328,0.6412881451746273,2.5594884298409113,149.19297052075922,149.83425866593385,104.9030570454805,107.4625454753214,false,false
50,20.0,149.32772386313974,97.48480263411776,0.7997837855689056,3.6865361114124084,149.04210430345947,149.84188808902837,95.34602451292814,99.03256062434055,false,false
50,20.0,149.94313350213258,98.12260148983266,0.8050191258388395,3.00451249103709,149.65173915340225,150.4567582792411,96.3720558065453,99.3765682975824,true,false
50,20.0,149.81509792130606,104.76033782247029,0.6862293103255013,3.593911153268408,149.5690803016598,150.2553096119853,102.73506814251563,106.32897929578404,true,false
50,20.0,149.05574886752717,102.69348819199428,0.698522813257,3.2076453383764942,148.80051648953798,149.49903930279498,100.87385138092031,104.08149671929681,false,false
50,20.0,149.8664893919163,101.59231029303506,0.771179724345501,3.7110612011829005,149.59386902740965,150.36504875175515,99.50944895636286,103.22051015754576,true,true
50,20.0,150.26594285519383,98.52806185636325,0.8319498368381062,3.987613979438038,149.94452560714308,150.77647544398118,96.30630744770946,100.2939214271475,true,true
50,20.0,150.0746978243616,102.45875298983884,0.7447200152659548,3.0674299051446496,149.8012530693715,150.54597308463747,100.68717075905546,103.75460066420011,true,false
50,20.0,150.33995168367068,99.03759016935712,0.784722749895451,3.906659170291306,150.05038949310708,150.83511224300253,96.85049801121937,100.75715718151068,false,true
50,20.0,150.3819388988015,111.76067800122799,0.6062876321349222,2.151051054891667,150.15272880034905,150.75901643248397,110.52528807468542,112.67633912957709,false,false
50,20.0,150.33083142059647,101.43929340424798,0.7924406723089419,2.904244004135194,150.05225933449563,150.84470000680457,99.76159449638385,102.66583850051904,false,true
50,20.0,150.38417676704256,100.54316026690154,0.7596644199794582,3.5851079143816094,150.08660583307903,150.8462702530585,98.51257614254332,102.09768405692493,false,true
50,20.0,148.49385062378366,101.73821860796883,0.7314591069313678,3.4391687520475642,148.2323868076319,148.96384591456328,99.78446534074678,103.22363409279434,false,true
50,20.0,150.23882679710584,102.54801968676611,0.7377016697616341,2.7264064898319447,149.9509869059989,150.68868857576052,100.91625035567317,103.64265684550512,true,false
50,20.0,149.92859288367384,99.05974382267837,0.871062731109248,3.189218016665137,149.61284367637532,150.48390640748457,97.25738704053956,100.44660505720469,true,true
50,20.0,149.59915082022462,99.87985154132977,0.758795841532276,3.4535330554989656,149.31248637556166,150.07128221709394,97.90382321849314,101.35735627399211,true,true
50,20.0,150.05718103193493,99.21275564795874,0.7776895751260611,2.997315220165248,149.77823949967026,150.55592907479632,97.45806602742475,100.45538124759,true,true
50,20.0,149.78528156018155,97.18397530446677,0.8525108971242332,3.7566133124290104,149.4761281567974,150.32863905392162,95.02776942993279,98.7843827423618,true,false
50,20.0,148.08132184248342,99.54213513801662,0.8224788018233937,3.802337475860014,147.7694341669027,148.5919129687261,97.36134992873009,101.1636874045901,false,true
50,20.0,149.85477817731828,100.56967007416591,0.7516559219038186,3.105383079568128,149.59081470514025,150.34247062704407,98.79965810633799,101.90504118590611,true,true
50,20.0,148.98218274335778,99.30483652689333,0.7796039469800178,3.4343598804030933,148.7001751187905,149.47977906577051,97.26018736976067,100.69454725016377,false,true
50,20.0,149.4400168513414,101.82070258452049,0.725921803058327,2.819393077765355,149.170492922349,149.89641472540734,100.19536198634181,103.01475506410716,false,false
50,20.0,148.17228260383382,108.77309169877034,0.6415873686583211,2.6381483115735023,147.9500889892494,148.59167635790772,107.27819052154615,109.91633883311965,false,false
50,20.0,150.03075065828352,99.20249251292928,0.8021741547011629,3.9060421126366265,149.74428727462757,150.54646142932873,97.03109625646997,100.93713836910659,true,true
50,20.0,150.13281842241463,98.75082644517138,0.8175143361550568,4.040370586678094,149.83813117690153,150.65564551305658,96.44004329693283,100.48041388361092,true,true
50,20.0,148.9342457880191,102.14712371376842,0.7170488714975818,3.347405401630894,148.6743418311929,149.39139070269047,100.25659055420186,103.60399595583276,false,false
50,20.0,150.09756952946668,97.89091372595118,0.790793522692411,3.279447610565839,149.80234386078257,150.59313738347498,95.9982734845941,99.27772109515993,true,false
50,20.0,150.37354514237802,98.69023677021593,0.8094094168841934,4.003024151553404,150.07875313487529,150.88816255175948,96.45860421693129,100.4616283684847,false,true
50,20.0,150.45622483828953,101.7278533844979,0.8352483040449954,2.624130708814718,150.15195543877775,150.98720374282274,100.19785225331472,102.82198296212944,false,false
50,20.0,149.4952845079152,99.61218273316408,0.7839871207326894,3.4623133201769036,149.21010204431258,149.99408916504527,97.67195016550511,101.13426348568201,false,true
50,20.0,147.7551554783573,99.33200467684892,0.7870253071187676,4.346658852849686,147.46901143895252,148.2560367460713,96.8682635581016,101.21492241095129,false,true
50,20.0,150.04426765593996,99.23527733650432,0.7410961141520147,2.7870597060876037,149.76621981852756,150.50731593267957,97.60883969142884,100.39589939751644,true,true
50,20.0,146.02444023861855,102.03235092299875,0.6960417437361173,3.3658756162444092,145.77891434987475,146.47495609361087,100.20993742683149,103.5758130430759,false,false
50,20.0,150.41329528930765,100.84827551304437,0.7983411926431074,2.65702417141172,150.13297495427483,150.93131614691794,99.29675251679565,101.95377668820737,false,true
50,20.0,150.03876612064437,99.81999455314605,0.7604288013747862,2.9956359334981073,149.77270670432736,150.53313550570215,98.09318200002122,101.08881793351932,true,true
50,20.0,149.62596261510623,99.09747518511102,0.7664522080742131,2.8083246430675786,149.35010448857778,150.116556696652,97.50305755519739,100.31138219826497,true,true
50,20.0,150.14136472090368,99.377233552498,0.8212152016415644,2.601296189629352,149.8493225472767,150.67053774891826,97.80259073015611,100.40388691978546,true,true
50,20.0,150.06805544576258,98.77496792255575,0.7300880896570732,2.476755329001307,149.79946443273226,150.52955252238934,97.31886521096538,99.79562053996669,true,false
50,20.0,150.10610680250403,97.30653146536535,0.8069572874031223,4.191136141705854,149.81046130155732,150.61741858896045,95.01050219145988,99.20163833316573,true,false
50,20.0,149.7773327259286,96.78010143373328,0.8699342337463634,4.460853331072471,149.45546520350024,150.3253994372466,94.32113567550637,98.78198900657884,true,false
50,20.0,149.618234135857,102.55810132730805,0.7079762252320165,3.7666155624757067,149.35683692913454,150.06481315436656,100.46660645406708,104.23322201654278,true,false
50,20.0,150.14912744177886,99.51369615576792,0.8278198274288968,3.9784542843456308,149.84481315802302,150.6726329854519,97.24798191367097,101.2264361980166,true,true
50,20.0,149.81797959158308,97.16238563015446,0.7851871272588369,4.021076316141105,149.54188912466844,150.32707625192728,94.90877257758821,98.92984889372931,true,false
50,20.0,150.15057356395664,101.61821247855676,0.7874771267393896,2.9616950315543136,149.86836074823927,150.65583787497866,99.92080546538335,102.88250049693767,true,true
50,20.0,148.7614121929604,103.39314931992891,0.7275785473803467,3.403677884255586,148.49280747543065,149.220386022811,101.51848960717615,104.92216749143174,false,false
50,20.0,150.34842577562975,98.17346309283897,0.7888280527361076,3.6842626178371205,150.0511617779144,150.8399898306505,96.08577325706365,99.77003587490077,false,false
50,20.0,149.40827285933383,98.03218888677924,0.7720961378906281,3.627404537805745,149.12406449779292,149.89616063568354,95.94106471035673,99.56846924816247,false,false
50,20.0,149.6176635805592,98.1027746277859,0.7646544271894413,3.227960594843722,149.33077185760533,150.09542628479477,96.2417089432085,99.46966953805222,true,false
50,20.0,150.27342150601942,102.03427723752651,0.7775263339380274,3.9083475541469284,149.98802065719968,150.7655469911377,99.84287492783294,103.75122248197987,true,true
50,20.0,149.5836795585728,101.00094708964194,0.7733541994319069,3.0259983036418987,149.29694159402257,150.07029579345448,99.25842736593039,102.28442566957229,true,true
50,20.0,150.20322777643963,99.44218411467583,0.8095325582515045,2.902755622689426,149.89741100467694,150.70694356292844,97.79321907033851,100.69597469302794,true,true
50,20.0,150.01739362431005,96.9965227841133,0.8285129986506092,4.062230480393566,149.70833682351451,150.53684982216512,94.68976491085787,98.75199539125144,true,false
50,20.0,150.37404720989042,100.95228819169805,0.7867318840817177,3.3033282726972573,150.0897771199836,150.87650900406533,99.12061240874668,102.42394068144394,false,true
50,20.0,149.5428170768635,101.0263474837431,0.6992456302160122,4.032478102483267,149.28201327403397,149.98125890424998,98.7245077591038,102.75698586158707,false,true
50,20.0,150.15221370747906,100.92219553613471,0.7478218078259715,4.0450061454932325,149.8862030469818,150.63402485480776,98.66841867415937,102.7134248196526,true,true
50,20.0,149.84176541596787,99.36593184366552,0.7912792030379023,3.3941205366232197,149.55664303632653,150.34792223936444,97.46980244302274,100.86392297964596,true,true
50,20.0,149.61377075227182,105.96252464844112,0.6815489036758322,2.9506672704034855,149.36610706113188,150.04765596480772,104.26522202119124,107.21588929159472,true,false
50,20.0,149.7877302355023,106.89194415973058,0.7115899820653055,2.475352061707383,149.52827463673447,150.23986461879977,105.39090459550616,107.86625665721354,true,false
50,20.0,149.6658707955092,99.8432877384116,0.7820061546820511,2.818914946880014,149.37591791286135,150.1579240675434,98.11510672082058,100.93402166770059,true,true
50,20.0,149.62962761981206,99.11644991575153,0.7739292763284311,3.5213853056634434,149.35031945894445,150.1242487352729,97.14794984863612,100.66933515429956,true,true
50,20.0,150.38569504860465,98.14932612520167,0.8540541436618696,3.982251558908885,150.08078484347436,150.93483898713623,96.0150237219898,99.99727528089869,false,false
50,20.0,149.4698681472909,104.16685472957602,0.734122439478881,3.225716985312374,149.20273010704972,149.9368525465286,102.28343224528058,105.50914923059295,false,false
50,20.0,150.22362906469002,101.73112494139107,0.7468767332161406,3.591835423018864,149.9460880674289,150.69296480064503,99.62595233588121,103.21778775890007,true,true
50,20.0,150.3328711065672,101.96830666738757,0.7542666197403776,2.9630431482788993,150.05934975512696,150.81361637486734,100.22121177397587,103.18425492225477,false,false
50,20.0,149.32149484234367,102.28042099413632,0.7445356341359286,2.8615611624021824,149.05574846154113,149.80028409567706,100.59889946728039,103.46046062968257,false,false
50,20.0,150.3830230744473,100.31488706996954,0.8587010711313496,2.7991304752553674,150.07641936677584,150.9351204379072,98.6601453164541,101.45927579170947,false,true
50,20.0,150.34541138157454,104.06582386855032,0.7208831767836159,3.0318109685511416,150.0965945737634,150.81747775054703,102.27419097903478,105.30600194758593,false,false
50,20.0,150.15190397143496,98.54099207921826,0.7791872191972686,3.923228419612542,149.86538362347702,150.64457084267428,96.30237425192419,100.22560267153673,true,true
50,20.0,150.41494988302406,99.34046261255156,0.8728931262045023,3.608177051895666,150.0883533953604,150.9612465215649,97.22482753337201,100.83300458526767,false,true
50,20.0,149.9970124213122,101.82961543809057,0.6862551520808893,3.725039011125233,149.74691362705764,150.43316877913853,99.70868021335608,103.43371922448131,true,true
50,20.0,150.2490167223075,100.22706086895602,0.7473851860364675,2.8340665846599222,149.97201207269734,150.7193972587338,98.64130868497529,101.47537526963521,true,true
50,20.0,150.4574101563432,98.48197610611355,0.815502407337334,3.5566820863841286,150.15343827440918,150.96894068174652,96.43908122157336,99.99576330795749,false,false
50,20.0,150.16590718300938,102.49444667859473,0.8082300425978133,3.8128614255223567,149.8654960541374,150.6737260967352,100.29366781607418,104.10652924159653,true,false
50,20.0,150.47669035162113,98.25342820245926,0.8567984138286704,2.9233681652084016,150.15998003867247,151.01677845250114,96.56228524747787,99.48565341268628,false,false
50,20.0,148.8365732546886,96.86309951075786,0.7836174830341633,3.4506605360304263,148.53891038231097,149.32252786534514,94.82511539167233,98.27577592770275,false,false
50,20.0,150.33596351834754,103.35081403434958,0.6981298764220014,3.290471398588167,150.08017090493965,150.77830078136165,101.45183214566869,104.74230354425686,false,false
50,20.0,149.96333400745368,103.0711539427813,0.7942037098701462,3.6171695425289982,149.6807545625586,150.47495827242875,100.98115116954155,104.59832071207055,true,false
50,20.0,150.4795234680957,98.56789571736115,0.7891683019340405,2.4714513028171154,150.18356419804894,150.97273249998298,97.1041868883897,99.57563819120682,false,false
50,20.0,150.43882175080947,99.04738949333898,0.8241631542410062,4.593404506393597,150.13202730023042,150.95619045447143,96.50111947892913,101.09452398532272,false,true
50,20.0,150.0017146895338,100.52829981548135,0.7937506079726973,3.417814462721097,149.71843187190623,150.51218247987893,98.59929351799052,102.01710798071161,true,true
50,20.0,149.58797162212227,98.93860762287258,0.8115742166857842,3.7133486612029003,149.2898855432928,150.10145975997858,96.87558770112736,100.58893636233026,true,true
50,20.0,149.91446780318375,101.32051533574716,0.7277987402728741,3.4409007928710054,149.64834586033325,150.37614460060612,99.40361169877471,102.84451249164572,true,true
50,20.0,150.00191698789212,100.85583085913004,0.7748485081908711,2.769029214112976,149.73079305996913,150.50564156816,99.1477650111043,101.91679422521727,true,true
50,20.0,149.5750389901301,97.86840254760403,0.8228499803726947,3.192428975536785,149.2675166733284,150.0903666537011,95.98489620669164,99.17732518222843,true,false
50,20.0,149.99091979839937,97.46963392184544,0.821729791555498,3.316812224235136,149.68939701647594,150.51112680803143,95.55884090997438,98.87565313420951,true,false
50,20.0,150.36299637579947,100.04241974361244,0.8093583580079269,2.742643347206595,150.05590937033884,150.86526772834677,98.39108724454996,101.13373059175656,false,true
50,20.0,150.0581626759879,102.42253546494223,0.7503961723396628,3.2818414237318194,149.79031063631118,150.54070680865084,100.52556953247557,103.80741095620739,true,false
50,20.0,150.31404622415937,100.5804299515719,0.7960314063886926,2.920755930968326,150.02317556779246,150.81920697418116,98.85302717639104,101.77378310735936,false,true
50,20.0,149.55278295449315,101.69615844822366,0.6941374799005473,3.1386918981471013,149.29370780402462,149.98784528392517,99.86443673421084,103.00312863235794,false,true
50,20.0,149.86704835582918,99.55737482357478,0.7671298186236015,3.3850483901377544,149.59185680345107,150.35898662207467,97.77609823839617,101.16114662853393,true,true
50,20.0,150.4074447305709,99.68417668194857,0.7614541109969082,2.647291239920847,150.12137519806953,150.88282930906644,98.10888969410078,100.75618093402163,false,true
50,20.0,150.0153489703825,98.81273834955144,0.8272840525661138,2.782932521842014,149.70254321461312,150.52982726717923,97.27216655672746,100.05509907856947,true,true
50,20.0,150.16596779082846,98.634419127597,0.8218264832501063,2.987148938646854,149.86812531721455,150.68995180046466,96.82805774609069,99.81520668473755,true,false
50,20.0,150.1882707117091,101.40682906095114,0.7475400634059213,3.4818739883420164,149.90861602533724,150.65615608874316,99.39991400031593,102.88178798865795,true,true
50,20.0,150.45494047768642,101.46515274376198,0.7493277941260885,3.403371887510204,150.17158599091474,150.92091378504082,99.47130497503602,102.87467686254622,false,true
50,20.0,149.4041182784425,99.41918635585571,0.7696072122094222,2.8399203363493086,149.12353307798946,149.8931402901989,97.7690557840125,100.6089761203618,false,true
50,20.0,150.36982548057952,106.82994013064646,0.6771987361638878,3.47562422059751,150.11944822619594,150.79664696235983,104.8987586246182,108.3743828452157,false,false
50,20.0,148.8344179481227,97.995697678742,0.7919138009661992,3.0989196960538266,148.52862897241266,149.32054277337886,96.16802704531943,99.26694674137326,false,false
50,20.0,150.15732147274656,96.25063731016752,0.809161517716916,4.158296722533436,149.8629283461741,150.67208986389102,93.96036400840039,98.11866073093383,true,false
50,20.0,149.95162601187104,97.5947321129822,0.8167620321456752,3.244051775537514,149.65650591943617,150.47326795158185,95.69105624447405,98.93510802001157,true,false
50,20.0,150.2284802313414,101.4367230829233,0.7481597891383274,3.0287035517701497,149.9487385422573,150.69689833139563,99.65205348215012,102.68075703392027,true,true
50,20.0,149.49881388588312,105.83037770875134,0.6790098502672492,2.8911888000974386,149.2460868203868,149.92509667065406,104.19723633591362,107.08842513601105,false,false
50,20.0,150.16237554236307,103.74987266809438,0.7300292377250344,2.792244157230641,149.89724125911852,150.62727049684355,102.06290158529609,104.85514574252673,true,false
50,20.0,149.4333976117378,98.95217783946158,0.786861464460884,2.8159358722879375,149.14317527212424,149.93003673658512,97.30668146894502,100.12261734123295,false,true
50,20.0,149.8585890971653,98.30984769186449,0.8577339539161528,3.207777079759836,149.54772264956233,150.40545660347848,96.38334446936983,99.59112154912967,true,false
50,20.0,149.3737825484173,100.81303904459548,0.7571737929181381,2.674066524128733,149.10865949498145,149.8658332878996,99.19753767489836,101.87160419902709,false,true
50,20.0,149.63143922503588,98.65383196908469,0.7683719381173546,4.229793020399313,149.35832759304662,150.12669953116398,96.31184424695326,100.54163726735257,true,true
50,20.0,150.05672340209043,99.60543361146071,0.7663604142454972,3.022581620508788,149.7780905498786,150.5444509641241,97.88147006512568,100.90405168563447,true,true
50,20.0,150.40686759798058,98.06818030798027,0.838981620373886,4.05204958393557,150.10725107940112,150.946232699775,95.78457574681798,99.83662533075355,false,false
50,20.0,147.58154989638894,98.51144818126158,0.7466938113061872,3.6378573535678385,147.31530714503643,148.06200095634262,96.52589101805479,100.16374837162263,false,true
50,20.0,149.8213831481733,99.1624134021322,0.7877036137661548,3.836086635916118,149.53724185380435,150.3249454675705,97.0185845612189,100.85467119713502,true,true
50,20.0,149.44344541448135,97.59312085699978,0.8044033418860863,3.405817596662743,149.13974342279747,149.94414676468355,95.68296730943108,99.08878490609382,false,false
50,20.0,149.60954518133497,102.36892485897499,0.7435470541357745,3.2500851433803177,149.3335596107509,150.07710666488668,100.57063228769951,103.82071743107983,true,false
50,20.0,150.05662425215579,98.32253714264,0.7530247050248704,3.6428630480612725,149.7744249327899,150.52744963781478,96.23084104516494,99.87370409322621,true,false
50,20.0,149.86181614074764,98.41157365497331,0.8296950947459436,4.1708481341251655,149.55844618098052,150.38814127572647,96.0718077514597,100.24265588558487,true,true
50,20.0,150.25796191477377,101.94495989667982,0.7395402869779844,3.308808262282568,149.98287980682986,150.72242009380784,100.07729338793342,103.38610165021599,true,false
50,20.0,150.44453818883142,98.15317174502908,0.7904949409516462,3.198099541190274,150.16147891932332,150.95197386027496,96.334016978462,99.53211651965228,false,false
50,20.0,150.2115046076892,97.60517648635154,0.8159975920986824,3.4729461363708225,149.89471122783175,150.71070881993043,95.54589175850555,99.01883789487637,true,false
50,20.0,150.05828198674158,99.63663026362346,0.7784119651791457,2.854174287678049,149.7774853145989,150.55589727977804,98.01166751508983,100.86584180276787,true,true
50,20.0,148.80568718760225,98.83812146405111,0.7035131789829734,3.4662183927224817,148.54418306691485,149.24769624589783,96.88756845122232,100.3537868439448,false,true
50,20.0,150.2992130209829,100.64933041391757,0.7422947176062848,3.687767243097227,150.03331693745457,150.77561165506086,98.5773285758685,102.26509581896573,false,true
50,20.0,150.29575438436967,98.92150089737945,0.872526170592721,4.073601973341866,149.98029488751928,150.852821058112,96.69951728791709,100.77311926125896,true,true
50,20.0,150.27587758946692,97.76013586404406,0.8415203896293519,3.376832945199453,149.9736039755423,150.81512436517164,95.82759133878889,99.20442428398835,true,false
50,20.0,148.75559853484316,102.5421609218057,0.7067513973437372,2.8476008555249024,148.4993877684199,149.20613916576363,100.90437438312487,103.75197523864978,false,false
50,20.0,150.33588767810312,99.78555367774752,0.7998156853735736,3.861503509999409,150.05651561279268,150.85633129816625,97.64040774537068,101.50191125537009,false,true
50,20.0,150.2704970954321,97.77288022819017,0.8072784762331082,2.880694013218246,149.98179256961097,150.78907104584408,96.04379429790153,98.92448831111977,true,false
50,20.0,150.10973769724825,98.28373984443347,0.7729052487867989,2.986699215072136,149.82805634007585,150.60096158886265,96.5738173835918,99.56051659866394,true,false
50,20.0,147.96365645007887,100.13931496216833,0.7421536452363,3.141169486616775,147.69872442465604,148.44087806989234,98.32826126543029,101.46943075204706,false,true
50,20.0,150.4262029090698,99.31684345274908,0.7742976978705656,2.8895038481135487,150.14921412510623,150.9235118229768,97.56077951124632,100.45028335935987,false,true
50,20.0,150.2132940756292,96.7025303164404,0.8473128877568854,3.870169666520951,149.89260358413378,150.73991647189067,94.51109506769528,98.38126473421623,true,false
50,20.0,150.23327805703417,102.32608411017162,0.7436966375681493,3.641635292256808,149.96461175292325,150.7083083904914,100.25821663156742,103.89985192382423,true,false
50,20.0,150.06574276321993,105.39897693191722,0.6963962314524679,3.147841827099896,149.80304664590344,150.4994428773559,103.60416118021075,106.75200300731065,true,false
50,20.0,149.56404313858613,98.51418930654252,0.7720059565842803,3.123359192148456,149.27658070677018,150.04858666335446,96.69673547059918,99.82009466274764,true,false
50,20.0,150.40459726921637,103.96368570912651,0.7582458600531652,3.0156337248432834,150.11954143831701,150.87778729837018,102.19990247178309,105.21553619662637,false,false
50,20.0,149.6319216824994,101.63275406207211,0.7691813502037803,2.7841037918835525,149.3341739960437,150.10335534624747,99.97391459313829,102.75801838502184,true,true
50,20.0,150.11136198783942,105.46099378944068,0.6921727390671037,2.980701847771357,149.8573066484474,150.5494793875145,103.77736799430063,106.75806984207199,true,false
50,20.0,149.863483660565,97.12870407186739,0.8167812633875542,3.9123021093698895,149.56498084859786,150.3817621119854,94.94866881197922,98.86097092134911,true,false
50,20.0,150.0809123367286,104.05433714908554,0.6988168803681276,3.2151307033284127,149.8197820972523,150.51859897762043,102.19590428619051,105.41103498951892,true,false
50,20.0,149.57335018671256,99.06713877154932,0.7672556857059476,3.9326062406128415,149.28960108710174,150.0568567728077,96.8825997406812,100.81520598129404,true,true
50,20.0,150.2297419569295,98.24664483995312,0.8426777756217518,3.146709982890272,149.92019208094354,150.7628698565653,96.40807229485289,99.55478227774316,true,false
50,20.0,150.23231949495917,99.42622264056911,0.7937988383650634,3.1097349111091575,149.94471341481224,150.7385122531773,97.64086967181994,100.7506045829291,true,true
50,20.0,150.1474533891872,102.61010635325371,0.7848757861638376,2.8085842653956092,149.8700997075455,150.65497549370934,100.98094377884004,103.78952804423565,true,false
50,20.0,150.30547458125181,104.00526489480728,0.7254170348340665,2.3592313687989446,150.03804585170695,150.76346288654102,102.59172748910196,104.9509588579009,false,false
50,20.0,150.443100166214,97.84729865951228,0.8084714104859643,3.500146455855159,150.13547397559373,150.9439453860797,95.84128159583551,99.34142805169067,false,false
50,20.0,150.35922535204182,97.96035907518907,0.8105490950275112,3.333675791892773,150.06011247809897,150.87066157312648,96.03930105096772,99.3729768428605,false,false
50,20.0,149.95587648721875,99.17843842468993,0.8104032152781997,2.95504655246269,149.65430918046633,150.46471239574453,97.4303736837794,100.38542023624208,true,true
50,20.0,150.37087419690454,100.15788772104713,0.7964759283291016,2.74585465644887,150.0891092377351,150.8855851660642,98.57558044825811,101.32143510470698,false,true
50,20.0,150.06306001519215,106.11944839683008,0.6947774108631393,3.06024772275687,149.81234208210623,150.50711949296937,104.4413775990888,107.50162532184567,true,false
50,20.0,149.73065680598484,101.13708981419848,0.7184386829202651,2.8562000771636633,149.48188867705215,150.20032735997242,99.48591895481148,102.34211903197514,true,true
50,20.0,149.58003187083716,98.30895658407502,0.8207550608600229,2.7948422710651215,149.2822617710347,150.10301683189473,96.6469712059363,99.44181347700142,true,false
50,20.0,150.2933991955151,100.28209410543681,0.7937018003565299,3.7497710946139478,149.99904650857337,150.7927483089299,98.05491965872558,101.80469075333953,true,true
50,20.0,150.43342376919023,98.52769210859822,0.8763539185240461,3.665471188792054,150.11417453220838,150.99052845073243,96.43372327663661,100.09919446542867,false,true
50,20.0,149.16142675580477,98.0408474747884,0.749835617600155,3.410815143979079,148.89551849189425,149.6453541094944,96.0651009949027,99.47591613888179,false,false
50,20.0,149.44201958603543,100.01182147395284,0.7193450956332867,2.907212653127175,149.1732449234268,149.8925900190601,98.25236454700075,101.15957720012793,false,true
50,20.0,149.88072440891892,102.29242254094855,0.7697869961820345,2.7373039134467945,149.59649654896998,150.36628354515202,100.71262042291261,103.4499243363594,true,false
50,20.0,147.27695988178272,97.94400037706279,0.7908261666667329,3.2443514069442188,146.9774382264953,147.76826439316204,96.10787861431993,99.35223002126415,false,false
50,20.0,150.37299965621966,96.86551040065737,0.8267362462814276,4.009129552930077,150.06264840602296,150.8893846523044,94.58244704862022,98.5915766015503,false,false
50,20.0,149.99914603831684,100.22407984635922,0.7241058989718567,3.5543475031042107,149.73865734459685,150.4627632435687,98.24787736364974,101.80222486675395,true,true
50,20.0,150.24462718122157,98.24098938052036,0.7876012385642355,3.519802785186158,149.95464630565422,150.74224754421846,96.27249703330935,99.79229981849551,true,false
50,20.0,149.95754190729488,100.38267006476077,0.7384549199851733,3.0592197593939545,149.67519360440292,150.4136485243881,98.57764664821194,101.6368664076059,true,true
50,20.0,149.56059024017176,100.80555983853019,0.8005832031835212,2.884663006354458,149.2636514656545,150.06423466883803,99.08783013314043,101.97249313949489,true,true
50,20.0,150.41384685937277,99.0963613913258,0.8171658469280771,3.5102877568514685,150.13018808599568,150.94735393292376,97.04463907618921,100.55492683304068,false,true
50,20.0,149.86035584006453,99.00268697903215,0.8500134171149512,2.5139669718552824,149.52873441525668,150.37874783237163,97.51697800151945,100.03094497337473,true,true
50,20.0,147.31558017227036,102.78240426083255,0.6961386788264861,3.1446447981965093,147.06303769211303,147.7591763709395,100.98457493658127,104.12921973477778,false,false
50,20.0,150.3889939192546,98.64614443528816,0.8935339937532945,3.3382212510981333,150.05832239744538,150.95185639119867,96.74311167471437,100.0813329258125,false,true
50,20.0,150.27418700737385,103.25041490094196,0.7533727103402441,3.507887836917078,150.00158672467992,150.75495943502017,101.2402106404844,104.74809847740148,false,false
50,20.0,150.34569244176916,101.96893004284405,0.731930235821153,3.4240668245058714,150.0618437859484,150.79377402176956,100.0156564141684,103.43972323867428,false,false
50,20.0,150.40939098921731,97.94507835427127,0.7768482266215528,3.565617848890412,150.11570364198016,150.8925518686017,95.9050366517894,99.47065450067981,false,false
50,20.0,149.72672254108727,100.77909914969432,0.7498821303814509,2.52522215550502,149.45395983342084,150.2038419638023,99.2975708987068,101.82279305421181,true,true
50,20.0,150.44894907847424,101.28504593087507,0.7926684012084024,3.4926664442492665,150.16031836871463,150.95298676992303,99.28456097478465,102.77722741903392,false,true
50,20.0,149.99021932779343,97.37476694474161,0.8093839846521007,3.2716377579550198,149.68922191862026,150.49860590327236,95.48451087080544,98.75614862876046,true,false
50,20.0,148.81309211330813,98.68035348836224,0.7590292685260351,3.129738517936403,148.5395983030968,149.29862757162283,96.82031527960515,99.95005379754156,false,false
50,20.0,150.4976466032059,100.20192328471265,0.8130806361742486,3.672372331340796,150.19153866734462,151.00461930351887,98.1710743690686,101.8434467004094,false,true
50,20.0,150.41660825923665,101.29758307262807,0.773225560747818,3.905227507414395,150.14180044731341,150.91502600806123,99.08568826971867,102.99091577713307,false,true
50,20.0,149.45044063953168,98.31849967163214,0.7913073670555093,2.7250916883694174,149.1677270089433,149.9590343759988,96.73834739503202,99.46343908340144,false,false
50,20.0,149.8989512832408,98.85760592636187,0.7931330701966033,3.511703416230816,149.59696235981892,150.39009543001552,96.85873513840451,100.37043855463533,true,true
50,20.0,149.31631172172118,100.8893042716978,0.7686847170663782,3.655394904060529,149.03727691410842,149.8059616311748,98.81493851609909,102.47033342015962,false,true
50,20.0,149.8995224844315,99.18830201295586,0.7311914295996758,3.0030790731224215,149.6290862428413,150.360277672441,97.45296142073069,100.45604049385311,true,true
50,20.0,149.97834166115098,100.339884345748,0.7346347212472324,3.920724659188224,149.70564767331473,150.44028239456196,98.16328952587199,102.08401418506021,true,true
50,20.0,149.64165024050698,97.46721786532297,0.8937145781973754,3.483034820938343,149.3242523582223,150.21796693641969,95.52257804000462,99.00561286094296,true,false
50,20.0,150.12311659597637,99.74142638316678,0.7719874179158808,3.2790077665358126,149.85343206435292,150.6254194822688,97.79528829638863,101.07429606292445,true,true
50,20.0,149.86611992791205,101.4320853794511,0.7434413781448939,3.29759416053372,149.58641449578886,150.32985587393375,99.54367431032075,102.84126847085447,true,true
50,20.0,149.67897107662122,98.05777941030911,0.7565611585367833,3.0078048576850875,149.40028653632643,150.15684769486322,96.26530978659613,99.27311464428122,true,false
50,20.0,150.45472329131496,104.97721131453235,0.7302305458103149,3.1308736629246283,150.16895568505234,150.89918623086265,103.16058496245718,106.29145862538181,false,false
50,20.0,149.5109716152046,99.08824647652438,0.7481965947794151,3.404735752350902,149.22768014889255,149.97587674367196,97.1414347569656,100.5461705093165,false,true
50,20.0,147.1910803282533,98.35428055200927,0.7833569183528368,2.838375577755869,146.90261514803248,147.68597206638532,96.69841995811097,99.53679553586684,false,false
50,20.0,148.71189974135115,99.78228544634128,0.7199733308395935,2.374774387164777,148.43780970138928,149.15778303222888,98.37012450750588,100.74489889467065,false,true
50,20.0,149.11346242646897,98.10543749727913,0.8104722521252086,4.195171770379403,148.8211841152224,149.6316563673476,95.69147393496341,99.88664570534281,false,false
50,20.0,149.62048712943738,96.51156272717321,0.780355768947004,3.9882647020256314,149.31373745799053,150.09409322693753,94.2885252068433,98.27678990886893,true,false
50,20.0,149.8188332409211,98.194065103228,0.7585081616397531,3.6773643794267343,149.53619138693128,150.29469954857103,96.17714492158635,99.85450930101308,true,false
50,20.0,150.38937151170006,98.17499209196512,0.7928791305023992,3.179968067445188,150.08384812107658,150.87672725157898,96.31007483437301,99.4900429018182,false,false
50,20.0,149.87580996483956,96.6838451474934,0.7870847175453264,3.7926273604920198,149.58084937704876,150.3679340945941,94.55099919917626,98.34362655966828,true,false
50,20.0,150.3020175302276,101.36585257548651,0.7750795303691973,3.422688285511512,150.01815578185528,150.79323531222448,99.42391725741145,102.84660554292296,false,true
50,20.0,150.49007989072936,101.3158160068987,0.8118544831552299,3.07252603660487,150.2069131392459,151.01876762240113,99.47327109275528,102.54579712936015,false,true
50,20.0,150.13049059670695,98.86548741948923,0.7657852350770042,3.1988847586856792,149.84080307134238,150.60658830641938,96.97947058370374,100.17835534238942,true,true
50,20.0,150.27650521888444,99.62495429130041,0.7542638137150561,3.731768247091651,150.00726986295288,150.76153367666794,97.50478096506775,101.2365492121594,false,true
50,20.0,149.8722844237774,103.21303197073439,0.7547212744579781,2.8800763894226407,149.59792334424154,150.35264461869951,101.53773375583512,104.41781014525776,true,false
50,20.0,150.13995243679386,100.41156901541518,0.7580302009932041,3.2429581883039873,149.8549115312195,150.6129417322127,98.53160955803372,101.77456774633771,true,true
50,20.0,149.09139935360037,97.39520662955442,0.7730297973607776,3.1885739973468787,148.80718923911016,149.58021903647094,95.60005704344525,98.78863104079213,false,false
50,20.0,149.78911214599168,98.24843807246023,0.7944604541499132,3.4934746861556505,149.48967967651012,150.28414013066003,96.27287856929654,99.76635325545219,true,false
50,20.0,150.26899260002045,99.58913061515332,0.8330292630868996,2.9401172241311997,149.96558817475366,150.79861743784056,97.85199051922868,100.79210774335988,true,true
50,20.0,150.2889494448766,99.81957688169597,0.7956817100847502,4.170714951585893,149.9825486719633,150.77823038204804,97.44714194732052,101.61785689890641,true,true
50,20.0,149.59229223218045,96.78758294742683,0.8023821416266799,3.900898734203679,149.2871116086408,150.08949375026748,94.61855028106368,98.51944901526736,true,false
50,20.0,150.37089695317556,98.93085843782663,0.8227878928030918,3.9268038065255126,150.07390945706368,150.89669734986677,96.7485981117006,100.67540191822611,false,true
50,20.0,150.23413402144837,99.71851997070482,0.8195137393668688,3.9798323654286207,149.92393943512639,150.74345317449325,97.43038498697499,101.4102173524036,true,true
50,20.0,149.71105590708785,98.81348228511789,0.7378353726301157,2.981412793146518,149.42255514345166,150.16039051608178,97.0495360178358,100.03094881098232,true,true
50,20.0,150.01927648461404,99.9341373064531,0.7674193631356161,3.143006022128475,149.75079524000085,150.51821460313647,98.07318616934299,101.21619219147146,true,true
50,20.0,149.54359964026418,100.94840630707127,0.7459117750386781,2.4061650248221724,149.26891130046636,150.01482307550503,99.54902272524468,101.95518775006686,true,true
50,20.0,150.25559287162525,103.1543369438892,0.6888892542304177,3.3349688165307327,149.99891568401063,150.68780493824104,101.29226042229067,104.6272292388214,true,false
50,20.0,150.29928580087312,104.617405045563,0.7513254067388289,3.126951416192,150.0232659244912,150.77459133123003,102.85209357424777,105.97904499043977,false,false
50,20.0,149.28186649070773,97.96350781554453,0.8127395484646343,3.2885114463077656,148.98516625580214,149.79790580426678,96.00749999893367,99.29601144524143,false,false
50,20.0,149.5658144849491,99.8359288042887,0.7229295432715617,3.7902246680416454,149.30558919301217,150.02851873628373,97.68313077226523,101.47335544030688,true,true
50,20.0,149.95155100545765,104.93930895482069,0.678958746003218,3.6795552279089776,149.7022736397152,150.38123238571842,102.90757101644162,106.5871262443506,true,false
50,20.0,150.3900039313608,99.02681381127432,0.819746916573223,3.2864307524974663,150.0901705883867,150.90991750495994,97.16526474952366,100.45169550202112,false,true
50,20.0,149.4764813581321,105.29917712596043,0.6806623847623428,3.1279113588436758,149.22707001530586,149.9077324000682,103.55090748737766,106.67881884622133,false,false
50,20.0,148.3637719418444,100.78936947214184,0.6806118083439685,3.4846023962645347,148.10615000642278,148.78676181476675,98.8622845632857,102.34688695955023,false,true
50,20.0,150.23173318320977,99.39960897212424,0.7916214362705887,2.620817563318184,149.94333627003485,150.73495770630544,97.81268547128045,100.43350303459863,true,true
50,20.0,150.45949059121045,96.19536477424046,0.8316227419466884,3.736056742874098,150.1371326023197,150.96875534426638,94.04757877019888,97.78363551307298,false,false
50,20.0,150.02578391955416,98.66243205922265,0.7844228819360808,3.7636416896913403,149.73746651298407,150.52188939492015,96.51916944282004,100.28281113251138,true,true
50,20.0,148.66727866914715,101.08972757673405,0.7945206095378126,2.9712062660317713,148.37404874902467,149.16856935856248,99.34006987247469,102.31127613850646,false,true
50,20.0,149.74164698841736,100.14225956863568,0.7488074564006979,3.3787310162789623,149.4608513397118,150.2096587961125,98.26596180882449,101.64469282510345,true,true
50,20.0,149.55796780174455,96.26094510602523,0.8613984577554561,3.946805667382648,149.22452169748482,150.08592015524027,94.05953292459651,98.00633859197916,true,false
50,20.0,150.38614061611543,101.05442010483591,0.7621043185286851,3.011791319418407,150.10244808914402,150.8645524076727,99.32389787318165,102.33568919260006,false,true
50,20.0,150.23037915446213,95.30995235340944,0.901605289148705,4.195874111125633,149.90616984001244,150.80777512916114,93.03400607760577,97.2298801887314,true,false
50,20.0,150.49124475344237,100.99373119620776,0.8275541803569979,3.2047521521373312,150.19303046546068,151.02058464581768,99.20716572623911,102.41191787837644,false,true
50,20.0,146.68381165059878,98.26761212425474,0.7822710565035322,3.7674253709590744,146.3803566726251,147.16262772912864,96.04875761709233,99.81618298805141,false,false
50,20.0,150.4597951092169,96.86588170050311,0.8734902110492158,4.103886577193322,150.1453240512128,151.01881426226203,94.56283905380107,98.66672563099439,false,false
50,20.0,150.34836466650498,99.86310876716252,0.735542347403964,3.368205828237535,150.08345269255932,150.81899503996328,97.95021668719254,101.31842251543007,false,true
50,20.0,150.15292034861483,97.47016061075526,0.8235669297556854,3.2721175371534486,149.8499450578614,150.67351198761708,95.57248682377792,98.84460436093137,true,false
50,20.0,150.3437405602806,98.51352895456253,0.770106926800679,3.3080942474215504,150.06091167872563,150.8310186055263,96.6004003971527,99.90849464457425,false,false
50,20.0,150.10260951270104,100.48182514146308,0.800593741772218,3.7367360990290734,149.81614562380594,150.61673936557816,98.42515361155534,102.16188971058442,true,true
50,20.0,149.38056985769714,101.33930994196541,0.7372132384962242,2.8348756119941925,149.10385263348914,149.84106587198536,99.70045697103454,102.53533258302873,false,true
50,20.0,148.58974697203462,104.47683586475223,0.6793868275420607,2.8274448875769167,148.33846392165356,149.01785074919562,102.87553731869669,105.7029822062736,false,false
50,20.0,150.0790620816092,96.57391837951238,0.7978091088521353,3.760499373878943,149.78511722330703,150.58292633215916,94.47596335156987,98.23646272544882,true,false
50,20.0,150.06204565313152,99.35389159918395,0.7897383779971392,2.902749782545996,149.75287442964833,150.54261280764547,97.66103164088953,100.56378142343553,true,true
50,20.0,149.93928536639396,100.02652296230904,0.7852051071319579,2.813259220489485,149.64811423655743,150.4333193436894,98.37188802974607,101.18514725023556,true,true
50,20.0,150.30261597471292,100.9245138897264,0.75869768314206,3.331626702544497,150.02601341181315,150.7847110949552,98.98507673658587,102.31670343913036,false,true
50,20.0,148.7170778249914,99.56066550236788,0.8441956290805592,2.85519253065857,148.41376542562824,149.2579610547088,97.91828357988717,100.77347611054574,false,true
50,20.0,150.36015386781335,99.3671021013909,0.805056892337717,3.477631582276331,150.05855458784816,150.86361148018588,97.29800859134711,100.77564017362344,false,true
50,20.0,150.4830057132142,99.44522105533068,0.8157305794718468,3.5064761869601,150.1844526744535,151.00018325392534,97.45786097705587,100.96433716401597,false,true
50,20.0,149.7336340188472,100.46101853740907,0.8246042630101158,3.501837198159592,149.44430081116028,150.2689050741704,98.45747741101562,101.95931460917521,true,true
50,20.0,150.2233181083736,97.73563788216092,0.8036618968132245,3.499110370311257,149.93392503571752,150.73758693253075,95.78054798605825,99.27965835636951,true,false
50,20.0,150.03493682893742,101.27068497692358,0.7120392670303488,3.1317817202802445,149.76546759604554,150.4775068630759,99.46300960909547,102.59479132937571,true,true
50,20.0,150.4509982817023,98.0344054515672,0.8333874029877393,2.9244956970717766,150.1611653484753,150.99455275146303,96.31152442843688,99.23602012550866,false,false
50,20.0,149.78399791344486,97.28014877699303,0.8795985947459144,3.626747745692228,149.4733959459232,150.3529945406691,95.18397899019988,98.8107267358921,true,false
50,20.0,150.3161877136273,96.24049912436402,0.8135908489851431,4.279257659104616,150.00198354760477,150.8155743965899,93.83850110106792,98.11775876017253,false,false
50,20.0,150.25370455553735,102.79276420990155,0.7288807359513783,4.372024778347267,149.99285593945595,150.72173667540733,100.44396417130784,104.81598894965511,true,false
50,20.0,149.52176741832488,100.67182176477911,0.7653663843641993,3.330578468572142,149.2530487677892,150.0184151521534,98.72077028009312,102.05134874866526,true,true
50,20.0,150.09115682061048,98.02210060764308,0.7982184552715523,3.542449341119493,149.779790116619,150.57800857189056,96.00016518163704,99.54261452275654,true,false
50,20.0,150.40121011863334,101.60288047127305,0.7640581859803319,2.978058501628965,150.13003203636362,150.89409022234395,99.9133618888397,102.89142039046867,false,true
50,20.0,149.5285897058812,105.55802140142882,0.6994809872223868,3.038960255017699,149.27727852995753,149.97675951717991,103.85523187073736,106.89419212575505,false,false
50,20.0,150.4663444079084,97.75938372603174,0.8490897360395024,3.2042668580822067,150.16175050295402,151.01084023899352,95.76637923306043,98.97064609114264,false,false
50,20.0,147.4871776457711,99.92705551950979,0.7104477971105894,2.7559965145315175,147.21467009856275,147.92511789567334,98.32143965690932,101.07743617144084,false,true
50,20.0,150.23683472326468,99.4663807709446,0.8109074478065281,3.014552968926381,149.9386271713348,150.74953461914131,97.64220241448805,100.65675538341443,true,true
50,20.0,150.27304477388563,101.29632682159975,0.7370888112129705,2.350700903672646,149.99979542330243,150.7368842345154,99.9145301467034,102.26523105037604,true,true
50,20.0,149.14048466908724,100.71418569501908,0.7740667025703942,2.8681441788194064,148.84063522139678,149.61470192396717,99.00626395651798,101.87440813533739,false,true
50,20.0,149.9987886282844,98.42989229155641,0.8048073693603044,4.0331372300908015,149.6888526324331,150.49366000179342,96.16711661373131,100.20025384382211,true,true
50,20.0,150.07273146832068,96.46061953106445,0.8089068049481227,4.189640401187944,149.78449570797216,150.59340251292028,94.15107749983487,98.34071790102281,true,false
50,20.0,150.0059116375804,98.48140787898177,0.8044321798351177,3.5942621958641467,149.70198929302728,150.5064214728624,96.4722518191683,100.06651401503245,true,true
50,20.0,149.76091780016912,101.62083628053938,0.7220885443896918,3.3819179000697943,149.50562797759298,150.22771652198267,99.69093885059686,103.07285675066666,true,true
50,20.0,150.35145282490126,106.49534836185771,0.6955183524353288,3.15703740516318,150.09989262762548,150.7954109800608,104.6563920808982,107.81342948606138,false,false
50,20.0,149.49928082869747,95.59384403399025,0.7836957045133488,4.67170819569327,149.2082603717908,149.99195607630415,92.92490595264628,97.59661414833955,false,false
50,20.0,149.3014705120811,101.26829830045136,0.717513321212806,2.745438617233418,149.0383844197176,149.7558977409304,99.71078026092343,102.45621887815685,false,true
50,20.0,150.50248696141466,98.59941637786679,0.8808889694692255,3.267358963370228,150.1822749074464,151.06316387691564,96.78712890372516,100.05448786709539,false,true
50,20.0,150.28814508208336,99.00469169635454,0.763323450971825,3.0031753156158203,150.00350867893104,150.76683212990287,97.19634162752594,100.19951694314176,false,true
50,20.0,150.49822590115684,100.12168879123135,0.7798209337902904,3.189895769458701,150.21064654024016,150.99046747403045,98.2317689431648,101.4216647126235,false,true
50,20.0,149.86608735048964,99.05496695860722,0.7774713623672653,4.392093523227743,149.57863906610564,150.3561104284729,96.60896622872323,101.00105975195098,true,true
50,20.0,150.23186954794178,97.49128087398753,0.7762625163286145,3.7061194660322627,149.95200463129387,150.7282671476225,95.35772255415552,99.06384202018778,true,false
50,20.0,149.51564685524104,96.34829301101063,0.800758466230377,3.5977624907804397,149.20524142220205,150.00599988843243,94.29348182061783,97.89124431139827,true,false
50,20.0,149.40123769132347,98.3379766706845,0.7768868160054581,3.3754323539943414,149.12502914411226,149.90191596011772,96.40596749920199,99.78139985319633,false,false
50,20.0,150.09747202663277,100.17887802265491,0.7653856912928063,2.7492740881237836,149.8160254884329,150.5814111797257,98.56119564213839,101.31046973026217,true,true
50,20.0,150.0538535675617,101.88943231103954,0.8138169836139468,3.9017627870824754,149.76008455193897,150.57390153555292,99.67278255794146,103.57454534502394,true,true
50,20.0,149.60517825965513,99.40041288171496,0.7792357325779165,3.4048098371212916,149.32003566222883,150.09927139480675,97.3663233881667,100.771133225288,true,true
50,20.0,149.6934941493001,103.87179875926128,0.719853308669343,3.016425295384167,149.44663152157585,150.1664848302452,102.16400609674682,105.18043139213098,true,false
50,20.0,149.8168193958572,100.20580281047447,0.7973455536498477,3.6231273706350464,149.52666907568215,150.324014629332,98.16816714427563,101.79129451491067,true,true
50,20.0,149.44935842113978,100.94748595697598,0.7403483423906039,3.1559577030690775,149.17607747607818,149.91642581846878,99.11404032958045,102.26999803264953,false,true
50,20.0,149.23969282169816,103.72486890097149,0.6905238664694195,3.114757149306172,148.98458877546275,149.67511264193217,101.89108729867162,105.0058444479778,false,false
50,20.0,149.0349006089947,98.89252976859973,0.8159887388310949,3.4981752036366345,148.7387770190855,149.55476575791658,96.85421500905102,100.35239021268765,false,true
50,20.0,150.062056014328,99.73792723122443,0.7866793534448107,3.239035588026127,149.77638342210662,150.56306277555143,97.87481330040376,101.11384888842989,true,true
50,20.0,149.89223811509157,105.22818023671742,0.7262093830916285,3.1177808921568158,149.6454427861028,150.37165216919442,103.4130552850728,106.53083617722962,true,false
50,20.0,148.91404331218973,96.88569353025156,0.8119742338869287,3.8234675008460925,148.61705474548387,149.4290289793708,94.68476109710001,98.5082285979461,false,false
50,20.0,149.73780805839286,96.99683114202651,0.8451948203469044,3.795649808795332,149.43751214972107,150.28270697006798,94.80885996535108,98.60450977414641,true,false
50,20.0,150.34185751813334,104.98587988085413,0.7411988543386201,3.4732251587809486,150.0710879939851,150.8122868483237,103.0292831109454,106.50250826972635,false,false
50,20.0,150.18025038374742,97.95050326349926,0.8299774337480414,4.0018957997684055,149.87442536756524,150.70440280131328,95.73200259397044,99.73389839373884,true,false
50,20.0,150.2897012558696,102.21635693807596,0.6984831164811567,2.5329257874714557,150.02879614081797,150.72727925729913,100.71654271998938,103.24946850746083,false,false
50,20.0,149.9608866760634,103.00777167698266,0.7004014159409735,2.765273625038432,149.69643956939228,150.39684098533326,101.39027798854109,104.15555161357952,true,false
50,20.0,150.0096251864668,99.44017053919009,0.7998732492497709,3.042684333934247,149.72276471116695,150.52263796041672,97.61056266082822,100.65324699476247,true,true
50,20.0,150.31234142573112,100.17235957650257,0.8158242857860785,3.513007308313547,150.01978097855954,150.83560526434562,98.10008404141422,101.61309134972777,false,true
50,20.0,148.62390718810144,102.90884656552666,0.7560471213660094,3.237792325475553,148.3523205482998,149.1083676696658,101.08639833395824,104.3241906594338,false,false
50,20.0,150.12381238903345,97.70984615716526,0.8605489174297816,3.892697739553654,149.80719005860672,150.6677389760365,95.49184491232333,99.38454265187698,true,false
50,20.0,150.48215935605373,98.97289886975305,0.8003396615879694,2.7596594866869992,150.18752312880855,150.98786279039652,97.3612204422403,100.1208799289273,false,true
50,20.0,149.8922012600553,102.56405927076824,0.7660732578413842,2.8733977616030586,149.61518930189538,150.38126255973677,100.90231425880337,103.77571202040643,true,false
50,20.0,149.68191726562793,98.55982201160683,0.7938511977409064,3.0528891453204636,149.38300766679936,150.17685886454026,96.80397796466961,99.85686710999008,true,false
50,20.0,148.05722186235093,102.56797402094013,0.6976491125827238,2.989065334886817,147.80717444657097,148.5048235591537,100.78866648900316,103.77773182388998,false,false
50,20.0,150.11066303635442,100.82819519945826,0.7886354574361576,3.7426261744716385,149.82985861520933,150.6184940726455,98.67902019337349,102.42164636784513,true,true
50,20.0,150.51325356924326,98.18242505828358,0.8545423089119879,2.995780175391104,150.20282254550838,151.05736485442037,96.39634619641161,99.39212637180272,false,false
50,20.0,150.30773917543576,104.63495728306873,0.7085189036141344,3.0059118312284028,150.05222059843973,150.76073950205387,102.89693054076506,105.90284237199346,false,false
50,20.0,149.92345158964312,103.0763753799336,0.7108078849016408,2.949598346837135,149.65944418647487,150.3702520713765,101.3372653787091,104.28686372554624,true,false
50,20.0,150.39139418318837,100.90438885616842,0.7442735775344147,3.8777229342534127,150.11547766806885,150.85975124560326,98.73035499133267,102.60807792558609,false,true
50,20.0,149.97142398413143,97.64295777519905,0.7833671067160992,3.418244089106551,149.68480013753503,150.46816724425113,95.66953527578394,99.0877793648905,true,false
50,20.0,150.36344687420427,97.22457317848037,0.8647743421056759,4.063140538181528,150.04609506413246,150.91086940623813,94.94522307189104,99.00836361007256,false,false
50,20.0,149.58765872836614,99.57653454303923,0.7929468957737811,2.614682767031482,149.3081763504346,150.10112324620837,98.01540033115,100.63008309818149,true,true
50,20.0,149.76817391145144,98.26246884646102,0.819866059321555,3.3806731219231096,149.4728221726546,150.29268823197614,96.28643150843875,99.66710463036186,true,false
50,20.0,149.539902230473,96.60296255758794,0.8092763713832198,3.686677858669441,149.249543618191,150.05881998957423,94.52006607895358,98.20674393762302,true,false
50,20.0,149.98951794251502,103.30556869587961,0.7377705184247532,3.101060811219739,149.7135535203835,150.45132403880825,101.50594274516696,104.6070035563867,true,false
50,20.0,149.39907062673024,100.08640991154618,0.7516097057780939,3.200854690505267,149.12339219149237,149.87500189727047,98.29972795368663,101.5005826441919,false,true
50,20.0,146.5990460751033,99.189750711039,0.7056093411532913,3.0828274290850572,146.3523394918896,147.0579488330429,97.35926641109891,100.44209384018397,false,true
50,20.0,150.44853789419716,98.08426194380955,0.7795517249843158,3.4058517607114425,150.15761440843832,150.93716613342264,96.11959012045136,99.5254418811628,false,false
50,20.0,150.17708645177282,99.23322011443531,0.7770622872207866,3.5623709167343947,149.89714092895062,150.6742032161714,97.05766604854723,100.62003696528163,true,true
50,20.0,150.20250973522894,100.08175393541502,0.7666213019507779,3.3987681655900275,149.91612638895216,150.68274769090294,98.09764021476036,101.49640838035039,true,true
50,20.0,150.1317210680146,104.65104226706381,0.6827258380083947,2.959167490981258,149.88425782093609,150.56698365894448,102.91851099009077,105.87767848107202,true,false
50,20.0,149.93346821169808,101.85398362107333,0.8521058383120135,2.848890719755957,149.61356770039075,150.46567353870276,100.19046198705739,103.03935270681335,true,false
50,20.0,148.86228983337415,98.03614838612185,0.775449359750013,3.013214394497794,148.58582882490055,149.36127818465056,96.27201758065885,99.28523197515665,false,false
50,20.0,150.32308714624054,98.42525595581456,0.8154153986214112,3.305868493968518,150.01516907522523,150.83058447384664,96.5110633353049,99.81693182927341,false,false
50,20.0,149.67271155133648,97.36183861541397,0.7796075735390957,3.2698531533707467,149.38679076656737,150.16639834010647,95.46654076330091,98.73639391667166,true,false
50,20.0,150.3091781266208,99.36839341116558,0.802166121404241,2.9776087294128786,150.02292808382236,150.8250942052266,97.60263801475766,100.58024674417054,false,true
50,20.0,150.2217901458307,98.40465281895113,0.7902753580541173,3.236918221800252,149.93220897114537,150.7224843291995,96.53870984939384,99.77562807119409,true,false
50,20.0,149.07634222473544,98.11906521760388,0.7596655115102919,3.8780152851352057,148.78429628474197,149.54396179625226,95.99120814296734,99.86922342810254,false,false
50,20.0,150.21729878710264,102.41285088944761,0.7018496907695067,2.919093877288603,149.96815352749655,150.67000321826606,100.74291928976557,103.66201316705417,true,false
50,20.0,150.06743943505865,99.32002905598853,0.7532295503002047,3.4009162148671237,149.79382566696256,150.54705521726277,97.4060490615382,100.80696527640532,true,true
50,20.0,150.28942978176656,99.3240162446904,0.8003916112490685,2.915623010146035,150.0060382751431,150.80642988639218,97.5839237286129,100.49954673875894,false,true
50,20.0,150.004157204587,101.98351995898541,0.7637604822425033,3.603616187543551,149.72947811065166,150.49323859289416,99.98630657899874,103.58992276654229,true,true
50,20.0,150.19539869639976,98.25234047930343,0.8379261142094947,3.497047070178283,149.88812355592574,150.72604967013524,96.20828176147299,99.70532883165127,true,false
50,20.0,149.85879113328497,102.19862615108133,0.7305104953789225,3.080738787599728,149.58990527896518,150.3204157743441,100.48216154872944,103.56290033632916,true,false
50,20.0,148.06908321374513,102.95542774145235,0.7254090049421222,2.974847897718817,147.80561409588387,148.531023100826,101.27850040399358,104.25334830171239,false,false
50,20.0,149.90847863765674,100.03961054104602,0.720252828002458,2.93771477719406,149.64893404864029,150.36918687664274,98.28930458375345,101.22701936094751,true,true
50,20.0,149.33730021839654,98.78990037018956,0.8014856048899048,3.009920974658371,149.03651836191057,149.83800396680047,97.00742001932208,100.01734099398045,false,true
50,20.0,149.04413881615133,98.58808122308837,0.7498561193942805,2.996884362009382,148.7770922588582,149.52694837825248,96.89021466691995,99.88709902892933,false,false
50,20.0,148.94907235600527,98.30939130899162,0.8068469982926842,3.382149206168066,148.65198457529263,149.45883157358531,96.3033295802384,99.68547878640646,false,false
50,20.0,149.9123799205637,98.87778186674406,0.8212238184711111,3.6691838139301325,149.61977966000003,150.44100347847115,96.75482175887467,100.4240055728048,true,true
50,20.0,149.41902365269016,100.55401084344452,0.8068644422061766,3.1950601353519517,149.13709599267042,149.9439604348766,98.70885038616463,101.90391052151658,false,true
50,20.0,149.36772221098101,98.75183829346986,0.8394833904565075,3.1918330420241574,149.05358315100705,149.89306654146355,96.84627574384798,100.03810878587214,false,true
50,20.0,149.9005720954863,97.94685815376207,0.7955846893240732,3.631932546210834,149.60034760628065,150.39593229560472,95.87938861544124,99.51132116165208,true,false
50,20.0,150.07580452091133,97.42101102515316,0.7835795279151512,2.9140380895118483,149.78792729172181,150.57150681963697,95.73418201217848,98.64822010169033,true,false
50,20.0,150.17453005958217,99.82398294024469,0.8159572268580462,3.5187831429512073,149.8761056870544,150.69206291391245,97.92337750976282,101.44216065271402,true,true
50,20.0,150.05123681087514,98.662020190454,0.8874828382971884,3.510778565323136,149.74418497664536,150.63166781494255,96.66914195120826,100.1799205165314,true,true
50,20.0,150.21455612404787,100.81521736576326,0.757283323402504,2.4072338850092905,149.9387747460195,150.696058069422,99.347583867872,101.7548177528813,true,true
50,20.0,150.09616357025237,97.51663159971552,0.8755704139207978,2.9950507037771246,149.77357525826415,150.64914567218494,95.7904475630697,98.78549826684683,true,false
50,20.0,149.99452134388906,102.78320827053372,0.7012521226172339,3.697920711224427,149.73877886130862,150.44003098392585,100.6756227994479,104.37354351067232,true,false
50,20.0,150.29932682133742,96.49983930044945,0.8495988367329232,4.043957519351849,149.98158096696756,150.83117980370048,94.2236086952489,98.26756621460075,true,false
50,20.0,150.1206165728819,99.57887144324044,0.8267363821527169,2.912813737855174,149.81644574828425,150.64318213043697,97.88395416214036,100.79676789999553,true,true
50,20.0,149.43820358772084,102.09687961542886,0.7139880110095476,3.410682594287138,149.16281842436115,149.8768064353707,100.12260826463299,103.53329085892013,false,false
50,20.0,150.28757744693377,98.37143734706959,0.7692369810074524,3.91209976954309,150.00073237805768,150.76996935906513,96.21592522498702,100.12802499453011,false,true
50,20.0,149.55367558779704,97.41052030917189,0.7687940436739495,3.320987005304019,149.26979248089432,150.03858652456827,95.53035298912359,98.8513399944276,true,false
50,20.0,149.7327414876745,98.76421963872222,0.81155334295795,2.5009181568810845,149.42520997474998,150.23676331770793,97.26945465208573,99.77037280896681,true,false
50,20.0,150.24480604249473,102.7146308613942,0.7457678800550696,2.751884994201774,149.98276680101358,150.72853468106865,101.09164426048152,103.84352925468329,true,false
50,20.0,149.8102989448522,98.85457822203064,0.7843882293027207,3.606425315266023,149.5179797234108,150.30236795271352,96.71876737197869,100.32519268724471,true,true
50,20.0,149.9975523642758,99.13646586237769,0.7534575490518023,3.247776851722861,149.72450717716353,150.47796472621533,97.23669837114377,100.48447522286664,true,true
50,20.0,150.34598126471104,99.39451307367437,0.758809332745443,3.0297532193341254,150.06637605280008,150.82518538554552,97.66172070374125,100.69147392307538,false,true
50,20.0,148.2015862758091,98.4987831184333,0.7455940758884481,3.1604390172351486,147.92626391594098,148.67185799182943,96.66226368321627,99.82270270045142,false,false
50,20.0,150.12873661020933,103.39838431259965,0.6893427624955848,3.148354440990886,149.85717815285574,150.54652091535132,101.58405008069116,104.73240452168204,true,false
50,20.0,150.09531226225067,98.25901253520539,0.8089662186254145,3.294291956127452,149.79264149043183,150.60160770905725,96.34227426837609,99.63656622450354,true,false
50,20.0,149.9097717748731,97.41072126545575,0.8066812542098205,3.478455582581688,149.62428149832178,150.4309627525316,95.45111193117819,98.92956751375988,true,false
50,20.0,150.41497976115372,97.75276809310958,0.8416645495421733,4.215782318108722,150.10019942953323,150.9418639790754,95.49954359169942,99.71532590980814,false,false
50,20.0,149.4724281842617,100.04981293668874,0.7406647547376792,3.577293447512673,149.1852695176843,149.92593427242198,98.0328940676588,101.61018751517148,false,true
50,20.0,150.06861553538678,100.59188245162719,0.7888629778438485,3.2452346395976406,149.77180080687856,150.5606637847224,98.59611120723685,101.84134584683449,true,true
50,20.0,150.26899718679988,101.4267739427802,0.7384976922351427,3.384937603070398,150.00276017208972,150.74125786432487,99.5058894626962,102.8908270657666,false,true
50,20.0,149.9174382380142,98.49373003540416,0.8117416591741744,3.8862202422759538,149.62748332294586,150.43922498212004,96.2572170825603,100.14343732483626,true,true
50,20.0,149.98569676034646,102.29724858148984,0.7653467889879266,2.7848422322783932,149.71361680978163,150.47896359876955,100.72966693246443,103.51450916474282,true,false
50,20.0,150.39452764794999,104.5121072455027,0.7683080564726197,3.7175440154455544,150.13220865994643,150.90051671641905,102.31090036733013,106.02844438277569,false,false
50,20.0,150.33548794439292,107.15454588124703,0.6805901330410222,3.583385369177961,150.07561090644424,150.75620103948526,105.14946456725826,108.73284993643622,false,false
50,20.0,149.47970592685076,98.2202024666218,0.7697080014966673,3.3686829794100817,149.18888187859045,149.95858988008712,96.3719154728557,99.74059845226579,false,false
50,20.0,150.30693067177046,107.92685367468968,0.6547518367650298,2.948171560357565,150.07086955067987,150.7256213874449,106.25005575434027,109.19822731469783,false,false
50,20.0,150.33240205576539,102.52187020354086,0.7283982745084927,3.0828361793535066,150.07023357005005,150.79863184455854,100.74834135071825,103.83117753007176,false,false
50,20.0,150.46252415484452,99.08708758072214,0.767802160025127,2.239723663608416,150.18170521634642,150.94950737637154,97.73698370478081,99.97670736838923,false,false
50,20.0,150.28825043452696,100.4100820719602,0.7487279683363113,3.456154189436319,150.0246843590079,150.7734123273442,98.43912156872119,101.89527575815751,false,true
50,20.0,150.31477173147744,107.54842626801096,0.6094360455115577,2.7930672423621417,150.087343088628,150.69677913413955,105.98024630355431,108.77331354591645,false,false
50,20.0,150.06329151585663,101.68861772070905,0.7710790089657849,3.741312518604971,149.79084776946362,150.5619267784294,99.46699406804069,103.20830658664566,true,true
50,20.0,149.02409397363965,101.54958600405757,0.7457466656006204,3.4327623854247378,148.7541081226658,149.49985478826642,99.56344719767765,102.99620958310238,false,true
50,20.0,149.07860902778867,98.14017714565632,0.8749687284271488,3.367271150314764,148.76171208739763,149.63668081582477,96.23981914246195,99.60709029277672,false,false
50,20.0,150.48594166792276,99.05795942583312,0.8180768430628689,3.5098353082069025,150.17449101939783,150.9925678624607,97.0630359532509,100.5728712614578,false,true
50,20.0,149.75158527436386,102.91768957864856,0.7496183042351845,2.737040170549193,149.4721419735081,150.22176027774327,101.27585784159061,104.0128980121398,true,false
50,20.0,150.1078125853105,96.575094520613,0.8952007314590276,4.257139020008978,149.7902724448393,150.68547317629833,94.24463110948666,98.50177012949564,true,false
50,20.0,149.50275778535354,102.82502992759467,0.7381891554061042,3.9300504330880273,149.22792577326862,149.96611492867473,100.63741725495164,104.56746768803967,false,false
50,20.0,149.84589868707508,101.41613256058764,0.6950560809819706,2.912559261394904,149.59100866948896,150.28606475047093,99.68471649747684,102.59727575887175,true,true
50,20.0,147.9993441240349,99.25096684171703,0.7755294768982139,3.5182396355500885,147.71214040704427,148.4876698839425,97.24995471860584,100.76819435415592,false,true
50,20.0,150.17746559438987,100.4662042094449,0.7795763409668552,3.5761083722787674,149.89117642728138,150.67075276824824,98.42346756320667,101.99957593548544,true,true
50,20.0,149.7905995360601,100.78333946523519,0.736067125316481,3.69295310813699,149.5133995920304,150.24946671734688,98.72506621491667,102.41801932305366,true,true
50,20.0,149.19635618008428,99.52185589241779,0.7885769317169888,3.603620533091245,148.91919047546125,149.70776740717824,97.49281485539615,101.0964353884874,false,true
50,20.0,150.42236741314434,98.57272540060478,0.830424652219989,3.889339200811065,150.11893713286176,150.94936178508175,96.33740745696636,100.22674665777743,false,true
50,20.0,148.2422562451288,98.41808463488965,0.8014997320787529,2.945484054595809,147.94518543910687,148.74668517118562,96.71784677825778,99.66333083285359,false,false
50,20.0,150.00871476537725,98.81992716531289,0.7487624020437806,3.8936805012430398,149.73848921734856,150.48725161939234,96.5984272952102,100.49210779645324,true,true
50,20.0,150.1639231697069,100.5817880991832,0.7178698871330766,3.1638396286642347,149.89709345068397,150.61496333781704,98.78083048901168,101.94467011767591,true,true
50,20.0,149.19463333973448,98.93456665148112,0.7843661807784486,3.3115136628304356,148.9277361602172,149.71210234099564,96.98169167231252,100.29320533514296,false,true
50,20.0,150.44011437827453,102.68343941117595,0.7376139016188574,2.752535048069305,150.1707073544203,150.90832125603916,101.02394498767453,103.77648003574383,false,false
50,20.0,150.0744042381714,98.94463069862223,0.8135743319266737,2.744232603078828,149.78644742736668,150.60002175929336,97.32395393780102,100.06818654087985,true,true
50,20.0,150.42572502737883,103.89976355520741,0.7132094052733748,3.0352420445578474,150.16423179025654,150.8774411955299,102.18809339895216,105.22333544351001,false,false
50,20.0,149.77796381886878,98.3142216749442,0.7623337927349212,3.522042958230003,149.48424062737234,150.24657442010727,96.30739770578495,99.82944066401495,true,false
50,20.0,150.22226618164996,98.48512442862295,0.7963805289039954,3.600999135630616,149.93330174963293,150.72968227853693,96.43095165604043,100.03195079167105,true,true
50,20.0,149.08640856062436,99.43130915418237,0.7704981030273927,3.1111453256373807,148.7991900045706,149.56968810759798,97.63710214380009,100.74824746943747,false,true
50,20.0,150.04027156344148,107.13721356109627,0.6659379562769914,3.0968318902694563,149.78911321942746,150.45505117570445,105.35825841914819,108.45509030941764,true,false
50,20.0,149.74233630519436,98.00563070840607,0.7962230737364848,4.105669857170739,149.45823647902705,150.25445955276354,95.73430372608608,99.83997358325682,true,false
50,20.0,150.09372788105702,98.04482848978247,0.8050748338040989,4.045792354161847,149.78902320201186,150.59409803581596,95.78655325781938,99.83234561198122,true,false
50,20.0,150.43569944659453,99.13540122663525,0.8300054127696512,3.0761405073037054,150.13240387011365,150.9624092828833,97.38472724936659,100.4608677566703,false,true
50,20.0,148.52353473234882,99.59980227132269,0.711215272249575,3.7546454114063295,148.25806242707066,148.96927769932023,97.3960356371368,101.15068104854313,false,true
50,20.0,149.04193936074364,102.64219530336008,0.7172432032882909,2.617258658847007,148.78273692001054,149.49998012329883,101.13103957087242,103.74829822971942,false,false
50,20.0,149.91147380351137,97.87548384415143,0.7891823816927968,3.2711826304976057,149.6281802974176,150.4173626791104,95.98446342329514,99.25564605379274,true,false
50,20.0,149.7588355924643,99.69920856220466,0.8453116720178002,2.9825055314300215,149.45291341816394,150.29822509018175,97.96369061519009,100.94619614662011,true,true
50,20.0,150.31881596045537,104.4887871280208,0.7203378171526822,3.3225305374562453,150.05803540682567,150.77837322397835,102.65451320044806,105.97704373790431,false,false
50,20.0,150.38428102737225,100.05444309202923,0.7876858375798292,3.823541540887163,150.08927664748705,150.87696248506688,97.87292484588181,101.69646638676898,false,true
50,20.0,149.5764622662279,96.86035328153478,0.8324222312473637,4.518383237127807,149.27258782856694,150.1050100598143,94.3907074093789,98.90909064650671,true,false
50,20.0,150.00063185568183,100.9885300411865,0.7484318769853644,3.174853772628069,149.71942799271625,150.4678598697016,99.16167525468691,102.33652902731498,true,true
50,20.0,150.08369811509993,100.37555579529312,0.7266850428196392,3.2467339661135384,149.8196644913164,150.54634953413603,98.47153010537552,101.71826407148906,true,true
50,20.0,149.29195381971428,100.76975116041316,0.7433944505324632,3.537759948007647,149.01213584826024,149.7555302987927,98.78501256905471,102.32277251706236,false,true
50,20.0,150.50052756702172,100.59083088324618,0.816997926222939,3.597412176151778,150.18786883116556,151.0048667573885,98.61731183969667,102.21472401584845,false,true
50,20.0,149.920583657154,99.3568306044264,0.7697840393828983,3.8305446075608955,149.6398800452707,150.4096640846536,97.183315038003,101.0138596455639,true,true
50,20.0,150.3074868380992,103.61238221405503,0.7748927383244677,3.1658070080400194,150.0298722804531,150.80476501877757,101.73392818023602,104.89973518827604,false,false
50,20.0,150.46519479968623,97.76215778421243,0.80396795792538,3.047769669560168,150.15509129216258,150.95905925008796,96.04506374289807,99.09283341245823,false,false
50,20.0,149.14780011345493,103.70047636506592,0.6792443107979125,3.7864905121763996,148.89634046493762,149.57558477573554,101.60680356235478,105.39329407453118,false,false
50,20.0,148.99828622805563,103.09071447590173,0.6511935866598435,3.1418140334538833,148.7551297111434,149.40632329780325,101.2757107834694,104.41752481692329,false,false
50,20.0,149.9995148212571,104.3464126782088,0.708105195462366,2.520472790735539,149.73695925808235,150.44506445354472,102.89679570848094,105.41726849921648,true,false
50,20.0,150.39265772227813,97.88321527030286,0.8485260560858592,3.184941995230986,150.08471741563048,150.93324347171634,96.09360296080828,99.27854495603927,false,false
50,20.0,149.63814762463204,99.60226062319302,0.7637531222817984,2.89056977813523,149.35634314719897,150.12009626948077,97.92655699512511,100.81712677326034,true,true
50,20.0,147.61041755656146,99.7380726709849,0.7559202622570638,2.983127874688023,147.3241557994803,148.08007606173737,98.00210657727459,100.98523445196261,false,true
50,20.0,150.1169534697018,101.93827670353495,0.7425295616901622,3.021894510999701,149.82788750498543,150.5704170666756,100.14533565198099,103.16723016298069,true,false
50,20.0,149.79553131413508,97.42544502159507,0.8193105849659617,4.008906783942592,149.49326052408267,150.31257110904863,95.16197155519657,99.17087833913916,true,false
50,20.0,149.50824311464888,99.57553027195597,0.7498858660233623,3.539154149326464,149.22404580007935,149.97393166610271,97.5518818389624,101.09103598828887,false,true
50,20.0,149.76179316886618,97.03678356794777,0.8397198630514424,4.074477110275666,149.45338896438068,150.29310882743212,94.79011335710878,98.86459046738445,true,false
50,20.0,147.87757318192837,99.593153164524,0.7686973487748503,2.9300248711508914,147.59388554064617,148.36258288942102,97.84971741749743,100.77974228864832,false,true
50,20.0,150.07868366471024,102.38588634667613,0.7571233826428454,2.7519852773424986,149.7977874735153,150.55491085615816,100.76328506077782,103.51527033812032,true,false
50,20.0,150.30604621136027,98.72469566997606,0.8597937323279723,3.1066917769819753,149.99249575314295,150.85228948547092,96.95653051453633,100.0632222915183,true,true
50,20.0,150.23128572740268,96.29184574532532,0.8179220337518984,3.751637501921067,149.91889738167717,150.73681941542907,94.15228784472328,97.90392534664434,true,false
50,20.0,150.33747230012807,100.46024785570043,0.7835884381853475,3.532757128466997,150.05874889073732,150.84233732892267,98.39003210454491,101.92278923301191,false,true
50,20.0,150.1991289177114,99.48180870864496,0.8191466657330579,3.4117660200886064,149.90802975849564,150.7271764242287,97.46844176370152,100.88020778379013,true,true
50,20.0,150.16552865602128,99.63161858144315,0.8371234689834921,2.5985483248937413,149.8553322040142,150.69245567299768,98.06459679025146,100.6631451151452,true,true
50,20.0,148.7202272127683,100.75260885745308,0.7633156831274164,3.9389946897798183,148.43963205981646,149.20294774294388,98.53233495552269,102.4713296453025,false,true
50,20.0,150.39220899904916,102.24615766682146,0.7552755226994066,3.4094321517059285,150.12285631917285,150.87813184187226,100.29736617850146,103.70679833020739,false,false
50,20.0,149.2511917118817,102.35423907743697,0.7637613380556445,3.324119103015761,148.96525173018773,149.72901306824338,100.45108059519353,103.77519969820929,false,false
50,20.0,150.16889502542614,97.16100610870501,0.8339219279243082,3.2496474280198697,149.8614184461776,150.6953403741019,95.22968192890264,98.4793293569225,true,false
50,20.0,149.38646622568945,96.69025769017402,0.8681591194247176,4.3512470325429575,149.04993362409914,149.91809274352386,94.29281936148605,98.64406639402901,false,false
50,20.0,148.31890940943293,100.15267918622423,0.794130410382536,2.856591505647174,148.02668990796678,148.82082031834932,98.54265442392659,101.39924592957377,false,true
50,20.0,150.24497719528904,97.00130365744185,0.8020799961940099,3.3552752664807315,149.94759213275552,150.74967212894953,95.15249593815258,98.50777120463331,true,false
50,20.0,150.43823740120456,97.40276666995877,0.8263488350786758,4.064917347813349,150.14317380187387,150.96952263695255,95.19539830430342,99.26031565211677,false,false
50,20.0,150.31178261802955,99.01087060422961,0.7884634545043809,3.5639539522426844,150.0389250662475,150.82738852075187,96.96606232859276,100.53001628083544,false,true
50,20.0,149.15779970323518,99.22127480552615,0.7860608562538118,3.183686921180964,148.87006566251802,149.65612651877183,97.38796884178905,100.57165576297001,false,true
50,20.0,150.45247014902293,99.3194755966679,0.7806100928150954,2.7180195867717174,150.16207549051296,150.94268558332806,97.68941970191047,100.40743928868218,false,true
50,20.0,150.31561650133756,98.86345954707912,0.8498664383724019,2.5673239775240972,150.0053969747042,150.8552634130766,97.24504473050429,99.81236870802839,false,false
50,20.0,150.4027433227683,102.893243068293,0.7610186434927471,3.7352772425798406,150.1292274624627,150.89024610595544,100.78387206993513,104.51914931251497,false,false
50,20.0,150.34258531601753,99.12599281677612,0.7815976702816556,3.1486895746981105,150.06523998936413,150.8468376596458,97.30536590820648,100.4540554829046,false,true
50,20.0,148.9933471789989,100.31365262976306,0.7906208683626801,2.987437920956779,148.69620284221412,149.4868237105768,98.58425147600875,101.57168939696552,false,true
50,20.0,149.73823756821992,99.09183408658103,0.814224665678438,3.159910453291417,149.42209504474857,150.236319710427,97.21071037708158,100.370620830373,true,true
50,20.0,149.94831714488748,99.42932860658993,0.766228602220167,2.795139848285217,149.667594889394,150.43382349161416,97.80123293773133,100.59637278601654,true,true
50,20.0,149.67058505994962,99.32199385298536,0.7481468925842591,2.5545520946416787,149.40547669926576,150.15362359185002,97.79735748294601,100.35190957758769,true,true
50,20.0,150.18043603895916,96.66209990334127,0.8130195456219838,3.454032013769151,149.8695372677953,150.68255681341728,94.67293926988104,98.12697128365019,true,false
50,20.0,150.43458620433927,101.26331229307073,0.7581183196225538,3.0742349389240786,150.15599948718238,150.91411780680494,99.48602042062991,102.56025535955399,false,true
50,20.0,150.41988111438155,99.33903227808005,0.8236972352899556,2.586420078047297,150.11975075202417,150.94344798731413,97.7997000425055,100.3861201205528,false,true
50,20.0,150.09651166647907,99.20986176113041,0.7933736521290484,2.895465382711535,149.79221035416936,150.5855840062984,97.49419772640529,100.38966310911682,true,true
50,20.0,150.11131966441093,97.9415873548108,0.7822620037957222,3.1423460762704707,149.82613017106152,150.60839217485724,96.08713127925787,99.22947735552835,true,false
50,20.0,150.02832736276122,100.58348791033275,0.7384167711298346,3.5466134514941814,149.75345136225602,150.49186813338585,98.56071725674357,102.10733070823775,true,true
50,20.0,149.69204740006495,100.44446562030038,0.7501308173455641,3.5846483738740034,149.42652205047796,150.17665286782352,98.41238342639545,101.99703180026945,true,true
50,20.0,148.84453427706364,103.90895283108111,0.7612115013645848,2.74524545292887,148.57387283012855,149.33508433149314,102.26389687825534,105.00914233118421,false,false
50,20.0,150.23374460823982,100.01995781751945,0.7780763530813317,2.9130163374685907,149.95030188024757,150.7283782333289,98.37369903598626,101.28671537345485,true,true
50,20.0,150.0827688322794,99.48876582417194,0.7104117233859881,3.300319106757385,149.81113933758198,150.52155106096797,97.57697757685419,100.87729668361158,true,true
50,20.0,149.57952980677226,98.34639740474259,0.8201066769284182,2.9235498038245566,149.28017600933512,150.10028268626354,96.57998973051428,99.50353953433884,true,false
50,20.0,149.7775778273416,98.20275050358009,0.8032222306798644,2.856202959300319,149.4786182577605,150.28184048844037,96.52118428351876,99.37738724281908,true,false
50,20.0,149.1792024081911,97.64428846234392,0.834760037033135,3.0565551625543037,148.86326132365625,149.69802136068938,95.89879467261171,98.95534983516602,false,false
50,20.0,148.97937031623388,102.65497234982342,0.6744343139695275,3.8586077484410595,148.72178023507604,149.39621454904557,100.56510746223157,104.42371521067263,false,false
50,20.0,149.8599875286764,97.4023096504213,0.8164862129701476,3.750279095341682,149.57556914009362,150.39205535306377,95.30786811622323,99.05814721156491,true,false
50,20.0,149.80787243494,99.32530358589463,0.8190458024960208,3.3332751856639646,149.5048959577295,150.32394176022552,97.38885126523624,100.7221264509002,true,true
50,20.0,149.97566322028155,103.27253862646378,0.7271251565195769,2.9536971241595324,149.70103777645346,150.42816293297304,101.60783749947868,104.56153462363821,true,false
50,20.0,149.64475701269438,98.7556712343376,0.7783992007583436,3.2007532932902905,149.3614318182823,150.13983101904066,96.91936273903042,100.12011603232071,true,true
50,20.0,150.3804599632985,98.93828458660202,0.7747417013843005,3.0223685054852183,150.10086373323122,150.87560543461552,97.0879080686914,100.11027657417662,false,true
50,20.0,149.87592395163043,99.27530869153478,0.8121477255334923,3.836572794644624,149.58770603834472,150.3998537638782,97.02689111293155,100.86346390757618,true,true
50,20.0,150.31455504770827,97.63948455464248,0.7478738796054074,2.9499423024650184,150.03574451387746,150.78361839348287,95.97761328587939,98.9275555883444,false,false
50,20.0,149.34491102068296,97.57547778900319,0.8263445515310366,3.2010158745989656,149.03917534939484,149.86551990092588,95.69418570892884,98.89520158352781,false,false
50,20.0,149.0843726188715,100.06793946686957,0.8323785461837758,3.5520466681649054,148.77776973098506,149.61014827716883,98.10372197170946,101.65576863987437,false,true
50,20.0,150.38913744104337,103.03994691209115,0.7449315031597621,3.3587855236650626,150.12599221054532,150.87092371370508,101.11748825730037,104.47627378096543,false,false
50,20.0,150.41731857037382,101.9611156754095,0.7798119629078712,3.568957075007532,150.13716074555543,150.9169727084633,99.90992480743401,103.47888188244154,false,true
50,20.0,147.9732531295088,97.98868684760966,0.723421409399009,2.6768481279887197,147.7140328669339,148.43745427633291,96.41028590082047,99.08713402880919,false,false
50,20.0,149.60817633318456,103.76591470650168,0.7667339500365529,3.9878859272162686,149.32559434804006,150.0923282980766,101.5327160831407,105.52060201035697,true,false
50,20.0,150.22463936433726,98.97712806852257,0.796099399022836,4.178449138802748,149.93302440115295,150.72912380017578,96.6274557563862,100.80590489518895,true,true
50,20.0,149.77963443996572,100.2763532315699,0.734662214919581,3.0926118209386715,149.50851558079967,150.24317779571925,98.49918085836103,101.5917926792997,true,true
50,20.0,149.19978222292036,102.04893987591623,0.735644688532517,2.8079597592744676,148.93909974811947,149.674744436652,100.4384605154316,103.24642027470607,false,false
50,20.0,150.33101581191667,99.25935846232575,0.7641971569260306,3.205946676801261,150.0593356402696,150.82353279719564,97.40533981067352,100.61128648747479,false,true
50,20.0,148.7523124554877,102.2056406200374,0.6991900974126395,3.9053172524573085,148.50844962554993,149.20763972296257,100.00124856255182,103.90656581500913,false,false
50,20.0,150.50491498953875,97.30322181987924,0.7879167513916059,3.5654501792010223,150.20413090373876,150.99204765513036,95.31892540137153,98.88437558057255,false,false
50,20.0,150.38889823599675,100.76001128657475,0.7738231267331344,3.928590263556103,150.10242387411114,150.87624700084427,98.55829259195974,102.48688285551584,false,true
50,20.0,149.69203680218737,95.71694396079079,0.8773709622471131,4.001108216545973,149.3715933553936,150.2489643176407,93.39651432429335,97.39762254083932,true,false
50,20.0,150.04794293021212,100.33328131499056,0.7931302908525595,2.9373043875247475,149.76100795214887,150.55413824300143,98.63807166082628,101.57537604835103,true,true
50,20.0,149.94426977543134,100.91013126986087,0.769051445544676,3.2349825813951867,149.67022643537308,150.43927788091776,99.0416340454946,102.27661662688979,true,true
50,20.0,150.22304013746862,99.69438054656638,0.786939650338013,3.4857586867801444,149.91364121488022,150.70058086521823,97.62634553704558,101.11210422382572,true,true
50,20.0,147.66224941910338,98.64105703253068,0.7872477849212771,2.718416010192314,147.3796176992688,148.16686548419008,97.04825493473663,99.76667094492895,false,false
50,20.0,150.1534912540116,98.8610719481008,0.8039763545279186,2.2251507535833497,149.86811032855096,150.67208668307887,97.48891399080628,99.71406474438963,true,false
50,20.0,150.2252292780227,100.48894867832139,0.7474036688494436,3.6267955847858957,149.95602485920756,150.703428528057,98.3650447535833,101.9918403383692,true,true
50,20.0,150.34183653833142,98.19243513971679,0.8403644115266502,3.4371401516405626,150.03368862418057,150.87405303570722,96.20951871949853,99.6466588711391,false,false
50,20.0,150.18491465427286,99.364056177283,0.8241418842741268,3.6378190096632324,149.8755942508908,150.69973613516493,97.24991454420066,100.8877335538639,true,true
50,20.0,150.06729976587826,98.92401671654699,0.7851413589182243,3.191808928665637,149.7892592269695,150.57440058588773,97.08827654060957,100.2800854692752,true,true
50,20.0,149.1799766356018,99.10963211996273,0.7539634532470814,2.618520337789363,148.90240585041613,149.6563693036632,97.60444385830581,100.22296419609518,false,true
50,20.0,150.2682766708068,95.82293961865193,0.8580667716021821,4.2733316915036,149.97230357974246,150.83037035134464,93.45512399860387,97.72845569010747,true,false
50,20.0,149.63399476907338,97.93926181734976,0.8088363657457194,3.196504285358273,149.34001719627543,150.14885356202115,96.02408570173436,99.22058998709264,true,false
50,20.0,150.0124941905238,104.18994561462665,0.7096307086086711,2.3764764525691504,149.7455016168092,150.45513232541788,102.77887739022873,105.15535384279788,true,false
50,20.0,149.11488334600642,99.11736314027709,0.7944667309234319,3.812989703784112,148.8196211105173,149.61408784144072,96.89966219795403,100.71265190173814,false,true
50,20.0,150.08300167111508,100.3418668771309,0.7647788072398214,2.7839792165166557,149.80384168805648,150.5686204952963,98.65955310759239,101.44353232410904,true,true
50,20.0,149.89827602423296,103.22694836186022,0.7245187828539201,3.029916637816484,149.62007228986704,150.34459107272096,101.50698871222903,104.53690535004552,true,false
50,20.0,150.40664487240025,100.52223870562293,0.8242699424523039,3.7642962288323645,150.10392135784969,150.928191300302,98.4601494165681,102.22444564540046,false,true
50,20.0,149.90477090136474,98.19102595875992,0.8046377773387405,3.529899805084966,149.61446630680567,150.4191040841444,96.18133269395196,99.71123249903692,true,false
50,20.0,149.95809222025355,99.48077946755691,0.8373293139839291,3.31523347714311,149.66224007586518,150.4995693898491,97.51823926903145,100.83347274617456,true,true
50,20.0,150.43352442641472,97.96708892925528,0.8167403751411655,3.226899299907302,150.1241934141297,150.94093378927087,96.0512063077471,99.2781056076544,false,false
50,20.0,149.56276820482952,103.9338667580136,0.6961170170265802,3.2875477559635016,149.30572610639285,150.00184312341943,102.07846713771383,105.36601489367733,true,false
50,20.0,150.31119052701962,99.3344545948347,0.8079465073834058,3.6757821968051445,150.01574785206452,150.82369435944793,97.25928551741114,100.93506771421629,false,true
50,20.0,149.7950664113421,100.5231148309351,0.7690588728479497,3.3587000667485256,149.51584008548576,150.2848989583337,98.61334359391427,101.97204366066279,true,true
50,20.0,149.2592741288577,99.30582029020253,0.7797687724979596,3.8014169770996915,148.95807254936238,149.73784132186034,97.16193594121813,100.96335291831782,false,true
50,20.0,149.94344057988636,99.30201509553712,0.7186958665006955,3.0268811041353416,149.681046523828,150.3997423903287,97.50019729989964,100.52707840403498,true,true
50,20.0,150.37559699811624,97.42850879973324,0.7925490658421097,3.847420700839592,150.07615781212522,150.86870687796733,95.31076267261662,99.15818337345621,false,false
50,20.0,150.09904850452745,99.17625219415818,0.8633447119613606,3.600654062031154,149.7875566804277,150.65090139238907,97.22018641490868,100.82084047693984,true,true
50,20.0,150.27632926720827,101.34532065926105,0.7144106587128931,3.2195081269772743,150.00906719608878,150.72347785480167,99.50612401670412,102.7256321436814,false,true
50,20.0,150.38558910095793,97.88107702667976,0.837330246760871,3.4131727026935152,150.06976538998975,150.90709563675063,95.93725393641772,99.35042663911123,false,false
50,20.0,149.68497426520844,97.45751792591477,0.8014959529323278,3.4513157131084,149.3877624257682,150.18925837870052,95.50092054986757,98.95223626297597,true,false
50,20.0,149.96089305563743,102.8641835820695,0.7523490064716327,2.863937247112574,149.68238720265498,150.4347362091266,101.1826947151602,104.04663196227277,true,false
50,20.0,149.32639655454807,97.47017451936114,0.7963392389825401,3.3138459196221817,149.03357188133265,149.8299111203152,95.55632755687232,98.8701734764945,false,false
50,20.0,150.02274950895298,99.35571212288716,0.7815437184147243,3.308678503353846,149.73692379198917,150.5184675104039,97.48725406569804,100.79593256905189,true,true
50,20.0,150.39660994151367,102.50789401728701,0.7450182323172498,3.668015606582671,150.12786925217486,150.8728874844921,100.3730746363273,104.04109024290997,false,false
50,20.0,148.98596436126047,98.57542436856994,0.7016485071980298,2.9201308759761844,148.7000024687781,149.40165097597614,96.88935551444459,99.80948639042077,false,false
50,20.0,150.20605900429413,102.6132752922753,0.766647119405576,2.8198179041467313,149.92904491871292,150.6956920381185,100.94303445902955,103.76285236317628,true,false
50,20.0,150.4052571071401,100.2686960975511,0.8305994557235579,3.6471644250791257,150.10736936362238,150.93796881934594,98.2250926983508,101.87225712342993,false,true
50,20.0,149.5181091763643,98.52555043889211,0.8086612095650025,2.8882280521070527,149.2260822887735,150.0347434983385,96.83078288946692,99.71901094157397,true,false
50,20.0,149.32568975308055,98.67368540679125,0.7633369695812462,3.5443982004137524,149.04268598775116,149.8060229573324,96.63466046080865,100.1790586612224,false,true
50,20.0,150.13202114400448,101.31526872204664,0.7968700531862396,3.479389568227475,149.83709510830278,150.63396516148902,99.2648609765844,102.74425054481188,true,true
50,20.0,149.70926383039802,101.85016243065628,0.7089595607228887,2.862595739710386,149.43786349431014,150.14682305503302,100.14675724127224,103.00935298098263,true,false
50,20.0,150.32740898492537,98.28735684787492,0.7600799261842326,3.186220483462293,150.0473365966002,150.80741652278442,96.47393830076228,99.66015878422458,false,false
50,20.0,148.1974699807165,98.45314382904455,0.7808744732369064,4.165993691060962,147.9147373156946,148.6956117889315,96.07092333966209,100.23691703072305,false,true
50,20.0,149.81408639600147,99.1518789669223,0.8439322833990559,3.006971471555744,149.51605265538703,150.35998493878608,97.41906069587321,100.42603216742896,true,true
50,20.0,150.129605022951,100.49470422742542,0.7802980930658521,2.710936902117453,149.83508603437926,150.6153841274451,98.87142548063005,101.5823623827475,true,true
50,20.0,150.0569213199646,104.9748059182099,0.6861915564939238,2.270612228667872,149.80343220466202,150.48962376115594,103.63996060777264,105.91057283644051,true,false
50,20.0,150.38532588339362,100.67687845800572,0.7629012181610904,3.668406880145753,150.12087403596072,150.88377525412182,98.67054696918126,102.33895384932701,false,true
50,20.0,150.34402436928787,100.83207752402386,0.7410554299170826,3.7133159394578,150.0721767349145,150.8132321648316,98.7021347830435,102.4154507225013,false,true
50,20.0,150.30035421353944,101.01226653539837,0.7873061162859472,3.413866516463088,150.00658042030324,150.79388653658918,99.06263461620722,102.47650113267031,false,true
50,20.0,150.442697391413,100.17592199774813,0.8319791963135117,2.8317637725089497,150.12734387478292,150.95932307109643,98.55878183295461,101.39054560546356,false,true
50,20.0,150.40586639255457,101.37984623954132,0.7343489751106915,3.567512301729181,150.1335740100827,150.8679229851934,99.35210765278376,102.91961995451294,false,true
50,20.0,149.54082210199806,103.98286393816102,0.7491060975339963,3.2408503865192415,149.25932850453538,150.00843460206937,102.1098679074118,105.35071829393104,true,false
50,20.0,149.97642467458334,100.41543975953456,0.8078133478185237,3.5297171286961913,149.68787298428617,150.4956863321047,98.36078183735981,101.890498966056,true,true
50,20.0,149.5852833918156,98.5863065614607,0.7610210432187898,3.6686229320031742,149.31114581770206,150.07216686092085,96.41248846068143,100.0811113926846,true,true
50,20.0,148.83643363830828,98.0885370595,0.7642757240445519,2.940670832862679,148.56390024390737,149.32817596795192,96.37179520782422,99.3124660406869,false,false
50,20.0,149.5367122673987,101.03102034985818,0.7727836655508895,3.097504436135395,149.25655699454802,150.0293406600989,99.24435988970649,102.34186432584188,true,true
50,20.0,149.48970418627823,102.42197124837912,0.7212427989657044,2.998021584694399,149.22142930823583,149.94267210720153,100.69042934735702,103.68845093205142,false,false
50,20.0,150.0633309532921,101.86172776021746,0.7712561254457455,2.670363023109431,149.76664710291982,150.53790322836556,100.28243794592213,102.95280096903156,true,false
50,20.0,150.31005668442202,102.09999606734091,0.7914294818893381,3.2885704622547394,150.01802577139733,150.80945525328667,100.18841901342111,103.47698947567585,false,false
50,20.0,150.20865956139127,100.43331880306854,0.7633129668661525,2.889553827542912,149.93857119802018,150.70188416488634,98.76559938971229,101.6551532172552,true,true
50,20.0,149.76635506188006,104.2132074135643,0.7057403121789889,2.9038693941648006,149.49450322133293,150.20024353351192,102.50065224301976,105.40452163718456,true,false
50,20.0,148.95733976499275,104.49750789082796,0.703249830499459,3.343432749580373,148.69098659126146,149.39423642176092,102.62988741223357,105.97332016181394,false,false
50,20.0,150.21454841215248,100.15403191559115,0.73981530490164,3.0667387040773235,149.9418737922167,150.68168909711835,98.33157931384795,101.39831801792528,true,true
50,20.0,149.8264971039373,97.96212820365191,0.7659921732483497,3.3337933678786413,149.538971904471,150.30496407771935,96.01928703819658,99.35308040607522,true,false
50,20.0,150.38926797786286,99.624122012909,0.8374579122561556,3.0054113614489495,150.08335996262957,150.92081787488573,97.84452219833307,100.84993355978202,false,true
50,20.0,149.3930441543459,100.98563325474986,0.7314488855788568,3.9137197668866577,149.11580625271623,149.84725513829508,98.77183699548286,102.68555676236952,false,true
50,20.0,150.4737251805824,99.63735947135774,0.76360507773677,3.864306249958787,150.1895944658075,150.95319954354426,97.50288261843816,101.36718886839695,false,true
50,20.0,150.3212106650149,98.58061746326447,0.7979514011878734,3.7640409085389166,150.0356736914313,150.83362509261917,96.42724893647942,100.19128984501833,false,true
50,20.0,149.90941984957058,109.07127237645902,0.6678681190763598,2.19753716908653,149.66484218801529,150.33271030709165,107.76359957378088,109.96113674286741,true,false
50,20.0,150.48284842158355,97.16751830789038,0.7881578118858386,3.7392844097150544,150.19438167379153,150.98253948567736,95.00935249762384,98.74863690733889,false,false
50,20.0,150.2218340137215,100.52378087136113,0.7759002144938165,3.1389211783660755,149.94095116290362,150.71685137739743,98.74444613709939,101.88336731546546,true,true
50,20.0,150.0489456696667,100.91084334881825,0.6892606845286195,3.647470759417729,149.79670644503017,150.4859671295588,98.82264048995101,102.47011124936874,true,true
50,20.0,150.05117812508308,99.06611856026754,0.8030685394974739,3.6715771322778323,149.7506053314076,150.55367387090507,96.94298055768675,100.61455768996458,true,true
50,20.0,149.26655930902945,102.09843912615992,0.6826071601129797,2.818917585660145,149.0113618891694,149.69396904928237,100.38369513520628,103.20261272086643,false,false
50,20.0,150.37206753076595,101.11981757156032,0.8049055280139896,2.8408539233328014,150.07219646059497,150.87710198860896,99.45380355716341,102.29465748049621,false,true
50,20.0,149.5477841801205,99.45374914205019,0.7884171944514549,3.2275916667356483,149.26296958207027,150.05138677652172,97.5978195760618,100.82541124279744,true,true
50,20.0,150.32309212788476,100.02076576217878,0.7850041887745363,3.052246378257493,150.03760070535563,150.82260489413017,98.28307784911854,101.33532422737603,false,true
50,20.0,149.9246553258232,99.99568460774759,0.7609430624832783,2.8274983950750823,149.64079106173187,150.40173412421515,98.28898703443582,101.1164854295109,true,true
50,20.0,150.46832718214256,97.37889876225526,0.805360791628317,3.584417601626484,150.18294289546915,150.98830368709747,95.28471240232636,98.86913000395285,false,false
50,20.0,150.46748099750272,101.38443817375709,0.7543469348206031,3.2866222366837547,150.18733094126088,150.94167787608149,99.49602085270642,102.78264308939018,false,true
50,20.0,150.08206562771431,99.42093142572345,0.769617784852386,3.0693045230530203,149.79155719152402,150.5611749763764,97.61036630748839,100.67967083054141,true,true
50,20.0,150.26294767014593,98.38784292289816,0.7684879880851554,3.370997472304637,149.99317875521274,150.7616667432979,96.4419861426284,99.81298361493303,true,false
50,20.0,149.25897894634852,100.82047609139244,0.7762829538056906,3.54727630953154,148.98215588441988,149.75843883822557,98.81929403740774,102.36657034693928,false,true
50,20.0,150.1049809305545,101.18209855659364,0.7656084780202264,3.071060081993778,149.81383962213454,150.57944810015476,99.38456842264463,102.45562850463841,true,true
50,20.0,149.23779300946816,99.27421496814934,0.7915980813374972,3.2504303208971805,148.94368842784098,149.73528650917848,97.38924869679879,100.63967901769597,false,true
50,20.0,149.9952040770795,97.92250497625972,0.8508308885112115,3.054549197876838,149.69226052984607,150.54309141835728,96.14305958208504,99.19760877996188,true,false
50,20.0,149.17122888903998,98.83387750416135,0.7896282940992023,2.8337158118345798,148.8848982631068,149.674526557206,97.18094831734622,100.0146641291808,false,true
50,20.0,150.40799355866662,97.75740276921238,0.764521072655441,2.776315539748907,150.12277579916574,150.88729687182118,96.09833590646645,98.87465144621535,false,false
50,20.0,150.26442835666467,97.60116025627872,0.7805406952651026,3.7697182834046714,149.98031061029573,150.76085130556083,95.37366870526483,99.1433869886695,true,false
50,20.0,149.52305161049148,100.76131632756483,0.7777118206933267,3.2849691076667966,149.22740485911268,150.005116679806,98.9258780380811,102.21084714574789,true,true
50,20.0,150.2869897701513,101.96158330019347,0.754961788806213,2.8294100137387517,150.00651543069011,150.76147721949633,100.31118687804926,103.14059689178801,false,false
50,20.0,150.4003989779839,102.25222114005703,0.7566203489163286,3.69966569765306,150.12793065747326,150.8845510063896,100.13333545045067,103.83300114810373,false,false
50,20.0,150.1282047373679,99.06512383300444,0.789206109635586,2.8674519034491084,149.83123073868956,150.62043684832514,97.39022056484865,100.25767246829776,true,true
50,20.0,150.0904266191596,97.72248367964507,0.8864583549136,3.5248855929428515,149.7716902575174,150.658148612431,95.6637049000037,99.18859049294655,true,false
50,20.0,149.38902464736844,103.02823882168607,0.7018319118093075,3.596916317858401,149.11598979526102,149.81782170707032,100.99222784628996,104.58914416414837,false,false
50,20.0,149.35711955877235,100.21210866422548,0.8170437093216947,3.0523901709754853,149.06305279167802,149.8800965009997,98.50360652632469,101.55599669730017,false,true
50,20.0,149.94511225158706,98.60503450443437,0.8526713604271379,3.2732631184883445,149.62964948878306,150.4823208492102,96.63642490973332,99.90968802822167,true,false
50,20.0,150.3485631457537,104.23349581189485,0.7378963145789044,3.2359793676418462,150.0866611653111,150.82455747989002,102.34871620814404,105.58469557578589,false,false
50,20.0,150.4304551773967,99.01574042302192,0.7857088319746595,3.4901523751224204,150.13996847448726,150.92567730646192,97.05538330994676,100.54553568506918,false,true
50,20.0,150.3631403751529,101.70489366737563,0.7064519904885174,2.60687346498392,150.09856144513464,150.80501343562315,100.15106503647291,102.75793850145683,false,false
50,20.0,149.39111492194158,99.3714745012268,0.7703665883783799,3.799069931368848,149.11196401866823,149.8823306070466,97.25392876840402,101.05299869977287,false,true
50,20.0,148.9127391371731,103.18276993326053,0.6661798376923116,3.001390843405048,148.66789296464714,149.33407280233945,101.42818970129798,104.42958054470303,false,false
50,20.0,149.47028869236334,100.8397743215217,0.7754570200208093,3.877445097530611,149.18929881905848,149.9647558390793,98.61882740879145,102.49627250632206,false,true
50,20.0,150.3599683546612,99.89772671421021,0.803530245957603,2.7242914139261387,150.06887474052272,150.87240498648032,98.33144289778271,101.05573431170885,false,true
50,20.0,148.57057251105687,99.74287695170412,0.796173129452427,3.1168431738564806,148.28333025662533,149.07950338607776,98.02654430406147,101.14338747791795,false,true
50,20.0,150.36323395601315,103.31645513527822,0.7421560073269973,3.5938909168386886,150.08914718692418,150.83130319425118,101.29964667355243,104.89353759039112,false,false
50,20.0,150.43208442874896,98.48988866130219,0.7829938143792674,3.360617966713434,150.140091245362,150.92308505974125,96.5228545542474,99.88347252096084,false,false
50,20.0,149.8291860772136,100.26148543619577,0.7557308627336852,3.524815682070681,149.5473000850296,150.3030309477633,98.24364839310066,101.76846407517134,true,true
50,20.0,150.48019204131026,97.81828513196845,0.7998242500942467,3.2338773126134868,150.19138934287434,150.9912135929686,96.02241556129037,99.25629287390386,false,false
50,20.0,149.13716609201794,100.89348726973812,0.7406320822350096,3.5167395833323525,148.85228412647987,149.59291620871488,98.89926857707337,102.41600816040572,false,true
50,20.0,149.67943046920544,99.91347284359313,0.7541263292930012,3.839526904025419,149.40738683711146,150.16151316640446,97.77305981910423,101.61258672312965,true,true
50,20.0,150.34949082410742,99.19647094178256,0.7737339809555692,2.8410050474611808,150.06290012466002,150.8366341056156,97.50469714311085,100.34570219057203,false,true
50,20.0,150.51074775002968,97.48890589591332,0.866310300948669,3.513840262098398,150.20498710967473,151.0712974106234,95.43132705946377,98.94516732156217,false,false
50,20.0,149.98774211685685,108.84932899469487,0.6528692893848813,2.662016949896696,149.7461326410987,150.3990019304836,107.3028984993755,109.9649154492722,true,false
50,20.0,150.0793797106595,98.61371765914548,0.7808679897313198,3.0331918874284582,149.8001741561479,150.58104214587922,96.7821125605862,99.81530444801466,true,false
50,20.0,150.23108877362228,98.46526649008345,0.8186034286282791,3.2929270643555526,149.93451698027252,150.7531204089008,96.4604123756686,99.75333944002415,true,false
50,20.0,150.13428660645422,100.32537003148587,0.7511138779908606,4.036006855802555,149.86383092084054,150.6149447988314,98.11977288356901,102.15577973937157,true,true
50,20.0,150.3975821703454,99.94707792206992,0.8303772978841835,2.683950470154457,150.08621594402547,150.91659324190965,98.33002118710974,101.0139716572642,false,true
50,20.0,148.17415764482695,101.08291770310157,0.7487176477538924,3.860727090897271,147.90284228839283,148.65155993614673,98.92521605164436,102.78594314254163,false,true
50,20.0,149.92713970770387,98.87877940630734,0.7572775831645515,2.740075926111274,149.63858937463883,150.39586695780338,97.2516187725604,99.99169469867168,true,false
50,20.0,150.4801434041943,97.24622917776092,0.8360277116453005,3.599354453169667,150.18199925949656,151.01802697114186,95.16187181998211,98.76122627315178,false,false
50,20.0,150.05155418533332,102.01345107675932,0.7352220319058347,2.8914967640240263,149.7716157518854,150.50683778379124,100.35354204971055,103.24503881373458,true,false
50,20.0,150.4145536794886,97.23566788939294,0.8405672583598971,3.9604406052459353,150.1079386278294,150.9485058861893,94.9826200076869,98.94306061293284,false,false
50,20.0,150.4385490572808,102.76395494878116,0.7717352723840349,4.1673804384229385,150.14487226365185,150.91660753603588,100.51895416011881,104.68633459854175,false,false
50,20.0,150.21094926810764,100.6813763025533,0.741784068221989,2.9107310466556413,149.9500636503684,150.6918477185904,99.0185133594564,101.92924440611205,true,true
50,20.0,150.47491147457913,101.42750929685526,0.7966759351197084,3.3462239972914034,150.18374032217147,150.98041625729118,99.48816836953573,102.83439236682713,false,true
50,20.0,150.43579707309647,100.58267250171846,0.7417600490786356,3.9214334126720587,150.1625420019588,150.90430205103743,98.41707006379883,102.33850347647089,false,true
50,20.0,150.43473590242985,102.21720949671862,0.722747276157321,3.560513890081779,150.16725815190418,150.8900054280615,100.20878530679119,103.76929919687296,false,false
50,20.0,149.40355988012755,97.95926377795743,0.7498810223817145,2.793511085450774,149.12417358649213,149.87405460887385,96.26947643577195,99.06298752122272,false,false
50,20.0,150.34143389346997,96.84368822387088,0.8077131829007271,3.883549628674743,150.04352509347808,150.8512382763788,94.61556260899819,98.49911223767293,false,false
50,20.0,150.45059609764832,98.89394002832259,0.8341990986596386,2.7640671844197726,150.13801686362117,150.9722159622808,97.1918735939318,99.95594077835158,false,false
50,20.0,150.13638203349657,100.77304803842239,0.7945090677534381,3.820458645125555,149.84142317644384,150.63593224419728,98.62975019969312,102.45020884481868,true,true
50,20.0,150.49723804776585,98.25125131845411,0.7900661808118628,3.8763530708512945,150.19555906624922,150.98562524706108,96.00704697042981,99.8834000412811,false,false
50,20.0,147.9982316796609,99.04409362630668,0.7610331552011189,3.25238413509814,147.7113298698022,148.47236302500332,97.17740352281616,100.4297876579143,false,true
50,20.0,149.74118190506601,98.81360627302612,0.8297350890219093,3.9497083012978464,149.43838975710312,150.26812484612503,96.58234969071069,100.53205799200853,true,true
50,20.0,147.75452422764647,97.4874909621839,0.8140719398239185,3.250183261401716,147.4470304841064,148.2611024239303,95.63654813652344,98.88673139792516,false,false
50,20.0,150.4218378808555,99.07548486913805,0.7797814860427934,2.884248660923973,150.1571418044332,150.936923290476,97.41721815422235,100.30146681514633,false,true
50,20.0,150.0438229553223,102.01581602570062,0.6950886156479896,3.5180411448986035,149.78684801898095,150.48193663462894,99.99382629486496,103.51186743976356,true,true
50,20.0,149.94722146091402,98.73823983583912,0.75588959773998,3.0200083673639,149.67830955735,150.43419915508997,96.99115140039264,100.01115976775654,true,true
50,20.0,149.64314322828852,101.4689422311375,0.800914301924962,3.2740132927767718,149.35423604736192,150.15515034928688,99.576423019738,102.85043631251477,true,true
50,20.0,150.22474340268602,99.54702569574087,0.8440765075189063,3.630947357415863,149.9190601461745,150.7631366536934,97.50014912327373,101.13109648068959,true,true
50,20.0,149.24697377685595,98.48451472911177,0.8063178173940173,3.276556316696116,148.95504261838005,149.76136043577407,96.55953633067271,99.83609264736883,false,false
50,20.0,150.25935621707004,100.868096424682,0.8182493535523747,3.8440958383954467,149.95869060869995,150.77693996225233,98.58717208215091,102.43126792054636,true,true
50,20.0,150.30102929513401,98.24167720364659,0.7973636039338317,3.91564767201902,150.00484836676324,150.80221197069707,96.04698000021489,99.96262767223391,false,false
50,20.0,150.3329037931756,100.3756796888809,0.7547179597022478,3.5781587719344117,150.0664517613435,150.82116972104575,98.35935169075002,101.93751046268443,false,true
50,20.0,150.18294054614728,99.81226896571368,0.7987397607393234,3.028200483913224,149.90338052375424,150.70212028449356,98.03551982096968,101.0637203048829,true,true
50,20.0,150.38107939255116,99.8901685792187,0.8027245495098327,2.710310738094705,150.0757192062285,150.87844375573835,98.24822242400894,100.95853316210365,false,true
50,20.0,149.35232624772078,98.35119433759616,0.829773618675631,3.4007544914300922,149.05338145774556,149.8831550764212,96.36768452272088,99.76843901415097,false,false
50,20.0,149.7060476734929,101.82953018302292,0.7298273745162476,3.2304799876410186,149.4328923330248,150.16271970754104,100.03484875919936,103.26532874684038,true,false
50,20.0,150.10445789396863,99.39683028048518,0.799620533246582,3.2966767098300807,149.80694758644665,150.60656811969324,97.47787747494829,100.77455418477837,true,true
50,20.0,150.45816857831494,97.32012088997928,0.8444966072516138,3.828665150141717,150.16247490358282,151.00697151083443,95.15670789504287,98.98537304518459,false,false
50,20.0,148.71569589210685,102.92784689274887,0.6754654850557813,3.5655762698393403,148.45924621711725,149.13471170217304,100.81852629474332,104.38410256458266,false,false
50,20.0,150.0315401097926,102.08543189229981,0.7338866478944794,2.5519346032104124,149.76455769533143,150.4984443432259,100.55698520854861,103.10891981175902,true,false
50,20.0,149.6526192790171,100.1720846243644,0.816920804114261,3.2207553253693533,149.35625878193883,150.1731795860531,98.29265970341449,101.51341502878384,true,true
50,20.0,150.056226455383,98.65339082944597,0.7994513368537355,2.664618446010536,149.76541679211323,150.56486812896696,97.14384114848708,99.80845959449762,true,false
50,20.0,150.0537716304404,97.61895717504535,0.7706384474406605,2.8741520767606374,149.76375662725957,150.53439507470023,95.95169269767975,98.82584477444038,true,false
50,20.0,150.1353059761114,100.27148774470507,0.8007648289414533,3.0970870342415253,149.84650992052843,150.6472747494699,98.42330503814891,101.52039207239044,true,true
50,20.0,150.2367846299704,98.45631105023395,0.8580224063209414,3.6332302135217134,149.94200057487106,150.800022981192,96.34022170846987,99.97345192199158,true,false
50,20.0,148.1900662998715,97.59835099791233,0.7714537951754039,2.924072800211647,147.91089705083309,148.6823508460085,95.90107541474055,98.8251482149522,false,false
50,20.0,150.1156863045819,102.4774966766782,0.737422986390385,2.444157051027915,149.84574895115404,150.58317193754442,101.02853592541237,103.47269297644029,true,false
50,20.0,149.71823970590987,99.54942149108939,0.7615620030959462,2.459661747460814,149.43607964773645,150.1976416508324,98.087814986426,100.54747673388681,true,true
50,20.0,149.87168066062688,97.87961189852818,0.8318646268403427,3.049551698530692,149.57036453989284,150.40222916673318,96.03769461804528,99.08724631657597,true,false
50,20.0,149.946566434087,96.6184282078616,0.8257810719083523,4.256778513079368,149.6329774347879,150.45875850669626,94.23497958660042,98.49175809967979,true,false
50,20.0,150.33994994507165,104.04402394862196,0.7486094340750924,3.5440961489064904,150.07428810790162,150.82289754197672,102.00021736902475,105.54431351793124,false,false
50,20.0,149.23339095665187,97.18592329186117,0.7717006074093149,3.151249475370207,148.95768101888544,149.72938162629475,95.40254013663575,98.55378961200596,false,false
50,20.0,149.52079695739414,101.05747181262254,0.7032323770805533,2.414286440051356,149.25663518488463,149.95986756196518,99.65082784261219,102.06511428266354,false,true
50,20.0,149.72011412341988,102.06966052186968,0.7497675257988021,2.7749343575666927,149.4484911158014,150.1982586416002,100.45806962071423,103.23300397828092,true,false
50,20.0,149.62867460916152,100.730543757639,0.7807457902271722,2.6453304647678095,149.35380576597848,150.13455155620565,99.1134531530036,101.75878361777141,true,true
50,20.0,150.1753068567383,98.3374824297139,0.8575693281645442,3.690773094520111,149.87177896803541,150.72934829619996,96.22141513768433,99.91218823220444,true,false
50,20.0,150.26684859165118,98.33176078121755,0.8372585133551809,2.687424761611311,149.96795173951847,150.80521025287365,96.76570322118738,99.45312798279869,true,false
50,20.0,150.2895713578779,98.33729560062396,0.7604409763579838,4.092229028584029,150.01870080941023,150.77914178576822,96.09802435879581,100.19025338737984,false,true
50,20.0,150.33571522725543,101.99438338741697,0.7370120865163017,2.5808950952828553,150.05432972607144,150.79134181258775,100.45119081084579,103.03208590612864,false,false
50,20.0,149.95711265372898,100.83142116807579,0.7797313321255217,3.0525520876661574,149.674729388184,150.45446072030953,99.02854608792828,102.08109817559443,true,true
50,20.0,150.38299489861834,100.09759488981305,0.8036097320243698,3.3918423319316133,150.0811642139862,150.88477394601057,98.13261845552353,101.52446078745514,false,true
50,20.0,150.26151066125672,96.84723182808494,0.8400948787086975,3.998267526237896,149.96227878121016,150.80237365991886,94.54936403606445,98.54763156230234,true,false
50,20.0,149.9259367093372,97.54806182183114,0.7865153467100754,3.365926215603835,149.62912941759024,150.4156447643003,95.63571434666687,99.00164056227071,true,false
50,20.0,147.86391076388,98.27300323920741,0.7844276063847815,2.695627071080665,147.57103301880665,148.35546062519143,96.68661023136657,99.38223730244724,false,false
50,20.0,149.28287580285644,97.79147465683225,0.8220217179189717,3.682673853224088,148.9840509003949,149.80607261831386,95.75604347933354,99.43871733255763,false,false
50,20.0,150.51191130647533,99.89033731796232,0.8317117239066931,3.6496055102750518,150.20152816284974,151.03323988675643,97.7761858969357,101.42579140721075,false,true
50,20.0,150.31985695859404,98.43096179571754,0.8444718655067902,3.3354026322423067,150.02408581285906,150.86855767836585,96.51920804837712,99.85461068061943,false,false
50,20.0,148.66393167805106,101.20489248379613,0.7313779422838138,3.389538932553691,148.39137917002398,149.1227571123078,99.28245692174845,102.67199585430214,false,true
50,20.0,149.97437931891693,97.648926750312,0.8142972357803728,3.964477528984432,149.68366344060738,150.49796067638775,95.38603086377195,99.35050839275638,true,false
50,20.0,149.53037247007663,99.64990013371192,0.813159373777097,3.3651640540261667,149.21988914777617,150.03304852155327,97.73980875293333,101.1049728069595,true,true
50,20.0,150.46054931512074,97.57235058178243,0.8256141511796784,3.6909310489209446,150.16008160183893,150.9856957530186,95.49449765514377,99.18542870406472,false,false
50,20.0,150.31267742968646,101.61839829460719,0.7497664954215111,3.4708390882374545,150.03262909377113,150.78239558919265,99.60104303192509,103.07188212016254,false,true
50,20.0,150.04518384811325,99.13398712578177,0.8075615520210135,3.32250467695809,149.7561016149915,150.56366316701252,97.17576478425488,100.49826946121297,true,true
50,20.0,149.95281749811238,102.11124998371335,0.7300760715647812,3.197820084882153,149.68623029407695,150.41630636564173,100.3006417178257,103.49846180270785,true,false
50,20.0,150.19278403900253,99.02921122569381,0.818639092304096,4.663103349140769,149.8878609653895,150.7065000576936,96.36012183374783,101.0232251828886,true,true
50,20.0,150.10903441903378,97.36335804220825,0.7886097217166252,3.1547241703963778,149.81152267198217,150.6001323936988,95.51412777269073,98.6688519430871,true,false
50,20.0,149.34602060900426,97.62125247618627,0.7518321444902654,3.2397916023458606,149.07377962085695,149.82561176534722,95.70896439250998,98.94875599485584,false,false
50,20.0,149.9440522953546,100.77184291378367,0.7517932716210964,3.941289606523796,149.66823108161645,150.42002435323755,98.57006869031642,102.51135829684021,true,true
50,20.0,149.7958325952549,100.73460879141535,0.7582686392558742,3.607914761073559,149.51324914634324,150.27151778559912,98.69449949463971,102.30241425571327,true,true
50,20.0,150.30955893899971,99.01891472096005,0.7583961829637076,3.9408371455546387,150.05032336015225,150.80871954311596,96.86560955672091,100.80644670227555,false,true
50,20.0,149.65750427034143,99.18259333625909,0.8059740590719571,3.6204617441827196,149.34620250704407,150.15217656611603,97.1680147309587,100.78847647514142,true,true
50,20.0,148.6066747536312,100.49761074722555,0.7701516171877927,2.8529595970761363,148.31602496439527,149.08617658158306,98.7638891709426,101.61684876801874,false,true
50,20.0,149.89921313010808,101.0213473878132,0.7735283257155743,3.8912247240561015,149.6229132031508,150.39644152886638,98.84541174998542,102.73663647404152,true,true
50,20.0,150.2476890894431,99.20705340961894,0.7912331646648738,2.724144976075735,149.94924318771348,150.74047635237835,97.60480648522176,100.32895146129749,true,true
50,20.0,149.36266650733626,99.47413567086664,0.7914319182061433,3.874806864876021,149.0777370429455,149.86916896115164,97.2342675630679,101.10907442794392,false,true
50,20.0,149.97790830899504,97.78017149218451,0.8013823272488025,3.661590869111123,149.68498967987836,150.48637200712716,95.70305027352124,99.36464114263237,true,false
50,20.0,150.1475552217477,98.8261179819633,0.8506446286931464,3.852259161571382,149.83599108409686,150.68663571279,96.55760431319061,100.40986347476199,true,true
50,20.0,149.82384552714885,101.07115805247578,0.7348973445089939,2.764098857413714,149.5578720091533,150.2927693536623,99.43243858983907,102.19653744725278,true,true
50,20.0,148.85599529096586,105.41759406681834,0.6630915943736682,3.3220693293709047,148.60447496067366,149.26756655504732,103.51030178530358,106.83237111467449,false,false
50,20.0,150.3461295361667,98.83211413663882,0.8464223856198032,3.7023813050622465,150.0255982151502,150.87202060077,96.73544145045705,100.43782275551929,false,true
50,20.0,150.3065084951806,100.12131638176832,0.8147619194431286,3.7044798950586255,150.00316846975466,150.81793038919778,97.98404262314274,101.68852251820137,false,true
50,20.0,148.6311398973894,97.71240535611724,0.7810823874448829,3.674393639386352,148.34478653150637,149.12586891895126,95.64479317895587,99.31918681834222,false,false
50,20.0,150.36138910950672,101.64546343326566,0.7774125648157906,3.202039761692518,150.06406095172363,150.84147351653942,99.81726108013162,103.01930084182413,false,true
50,20.0,150.31969363441348,98.35592705542537,0.8616670525538837,2.740868088023916,150.01225509069207,150.87392214324595,96.77698380284826,99.51785189087218,false,false
50,20.0,149.99572959724648,97.16851824650507,0.8068982658059269,3.559806049117995,149.71154813129348,150.5184463970994,95.12411610013629,98.68392214925429,true,false
50,20.0,149.5901344818796,97.96165165963097,0.8427552641577449,3.402678496848978,149.2765157066109,150.11927097076864,95.9733299203958,99.37600841724478,true,false
50,20.0,149.94627866981335,99.25198903970437,0.7866733782582855,3.426433353616545,149.65072184162963,150.43739521988792,97.29190123757513,100.71833459119168,true,true
50,20.0,149.8383597817311,100.5492275740174,0.7470679420762281,3.310379085580081,149.5596037957743,150.30667173785054,98.6538239663756,101.96420305195568,true,true
50,20.0,149.7349882015931,100.0201242911323,0.7606950174575786,2.7620887039114166,149.45439857527657,150.21509359273415,98.41741763008524,101.17950633399666,true,true
50,20.0,149.33560545427983,98.69300950414646,0.8278875788663527,2.5249067087446235,149.03406811521927,149.86195569408562,97.20699127962084,99.73189798836546,false,false
50,20.0,149.62079251471715,97.22081778044429,0.8327456091461158,3.8338649734086516,149.30910781644758,150.1418534255937,95.01606979549652,98.84993476890517,true,false
50,20.0,150.30455918600342,100.92083970221864,0.7433962404414274,2.9291504012915794,150.03461656408533,150.77801280452675,99.21295373398533,102.14210413527691,false,true
50,20.0,149.99913461338872,105.7337357421709,0.6664741724726468,3.2282608679342246,149.7503428375269,150.41681700999953,103.8296006505786,107.05786151851282,true,false
50,20.0,149.48803785813817,98.66960815451915,0.7988264582353111,3.751450527902861,149.19292607270046,149.99175253093577,96.51815177386743,100.26960230177029,false,true
50,20.0,150.1885050126062,97.7512228319307,0.80801855647357,3.0034960086575353,149.88496461870938,150.69298317518295,95.98736041955536,98.9908564282129,true,false
50,20.0,150.3245566996206,97.95321264407984,0.817555666581768,3.1545039503390626,150.0237645519264,150.84132021850817,96.14954894729395,99.30405289763301,false,false
50,20.0,150.3684481770071,97.80129372782892,0.8165513363686614,3.3349142695166023,150.06072318239745,150.87727451876611,95.83057905654103,99.16549332605763,false,false
50,20.0,148.90913416955073,101.03975518800257,0.7788269907603933,3.254633970487319,148.6327070010962,149.4115339918566,99.1207606616687,102.37539463215602,false,true
50,20.0,149.4290003119536,99.07245566601061,0.7446608673020876,4.057680806461846,149.157088364649,149.9017492319511,96.7821032749908,100.83978408145265,false,true
50,20.0,150.38127322779116,101.78437686080103,0.7676127345024213,3.0720359570968725,150.10512547705974,150.87273821156217,100.0310418409952,103.10307779809207,false,false
50,20.0,150.14448241557787,101.35164891367128,0.779275830298019,3.350059579721375,149.86193629118543,150.64121212148345,99.39866226059925,102.74872184032063,true,true
50,20.0,149.88763151620486,96.11864064779736,0.8221078815026601,4.494543972799221,149.5795796277246,150.40168750922726,93.60305155820892,98.09759553100814,true,false
50,20.0,149.65047124850219,98.22584353862577,0.8158431923377236,4.049366460105389,149.3458692564027,150.16171244874042,96.02504851595678,100.07441497606217,true,true
50,20.0,149.62109991992708,96.7006688438043,0.8445085190202803,3.845083364871641,149.30106682460502,150.1455753436253,94.49614644828736,98.341229813159,true,false
50,20.0,149.4928840639891,99.65805054885112,0.7856464380467969,2.715209676782962,149.20656966326922,149.99221610131602,98.08141525871787,100.79662493550083,false,true
50,20.0,150.4803247829921,99.64523547594808,0.8067781959727824,3.4476822987440414,150.18018076661403,150.9869589625868,97.64146144580803,101.08914374455208,false,true
50,20.0,150.3239931380116,96.71983739362878,0.8734433311463476,3.6234997006447145,149.99505710616816,150.8685004373145,94.64508203117694,98.26858173182166,true,false
50,20.0,150.12330311745532,102.49978874379802,0.692821711700077,2.8278802153645444,149.86897960943665,150.56180132113673,100.87191155089899,103.69979176626353,true,false
50,20.0,150.0368939264298,104.30730615691672,0.7214755688141281,3.099967072952211,149.77538832102758,150.4968638898417,102.51533015464062,105.61529722759283,true,false
50,20.0,149.69312290943293,99.2345389453579,0.8177339715851417,3.0447499800695113,149.41845570081796,150.2361896724031,97.46712067849968,100.5118706585692,true,true
50,20.0,149.35217887935204,99.49206867498168,0.7907586697354247,3.3336444820892694,149.0632147051051,149.85397337484054,97.5649226656881,100.89856714777737,false,true
50,20.0,150.40633532879775,99.59760964184213,0.7084791642882351,3.211612211376192,150.14451009995693,150.85298926424517,97.68202726115366,100.89363947252986,false,true
50,20.0,150.43268824908546,105.08710810451967,0.6950413979259622,3.421402485817609,150.17948832557354,150.8745297234995,103.17884966298887,106.60025214880648,false,false
50,20.0,150.42631202227616,97.81617527669852,0.816969121951189,2.9269253348721946,150.12009576956282,150.937064891514,96.1101377005931,99.0370630354653,false,false
50,20.0,150.1514303595166,99.34528299777828,0.7912413915381649,3.196379374192162,149.86183358196374,150.6530749735019,97.49644363264969,100.69282300684185,true,true
50,20.0,149.93890173120016,101.40190075377448,0.7275424657910605,3.0852947718561268,149.6657972393506,150.39333970514167,99.55217104219714,102.63746581405327,true,true
50,20.0,150.44820456983587,96.97236760344768,0.8415398697619594,3.869961510154255,150.11914040930017,150.96068027906213,94.80037364610537,98.67033515625963,false,false
50,20.0,150.46138102471429,98.76101291081417,0.8368516659371608,2.670412335415662,150.14963478606677,150.98648645200393,97.1799134940265,99.85032582944216,false,false
50,20.0,149.87075437007047,103.14220155400383,0.7153146157412493,3.535930910958811,149.60113073184158,150.31644534758283,101.12456775601426,104.66049866697307,true,false
50,20.0,150.29408975273032,98.72957074950932,0.7922326286117993,3.900357750487217,149.98665681044184,150.77888943905364,96.47913943379174,100.37949718427896,true,true
50,20.0,149.80313884052418,97.65011065905566,0.7795602849370198,3.1817340528561147,149.50313901500982,150.28269929994684,95.76466153200457,98.94639558486068,true,false
50,20.0,150.39846858857834,100.44876809932178,0.757874520696106,2.8828694593295126,150.111074262963,150.8689487836591,98.79818964470368,101.6810591040332,false,true
50,20.0,150.31486626885598,99.26944288345257,0.7665744078537386,3.6354264880560123,150.0409641489645,150.80753855681823,97.17113068043109,100.8065571684871,false,true
50,20.0,149.95641087938003,99.75212258166724,0.7683034530235773,3.438648555968072,149.66406523798082,150.4323686910044,97.8121700709713,101.25081862693938,true,true
50,20.0,149.968641973343,101.48477803216593,0.7793333684154788,3.5480017748306096,149.68499326950732,150.4643266379228,99.48566765883652,103.03366943366713,true,true
50,20.0,148.84129187680918,102.67459147003356,0.7405624872228032,3.6624142823568775,148.55953013245932,149.30009261968212,100.6885660915013,104.35098037385818,false,false
50,20.0,150.11236055860883,99.2122711245186,0.8226730870435688,3.216380920287719,149.79799846443666,150.62067155148023,97.35755724391038,100.5739381641981,true,true
50,20.0,149.75127181971277,96.22650108137762,0.8292519344171012,3.770117003075839,149.44809093674624,150.27734287116334,94.0565010918846,97.82661809496044,true,false
50,20.0,149.952313148837,98.13033218664316,0.771501646517919,3.1554653696290274,149.65033237632397,150.4218340228419,96.28087470104427,99.4363400706733,true,false
50,20.0,150.29077925324214,99.81299202199631,0.7752803929988659,3.4423615388077167,150.0121942009578,150.78747459395666,97.80695172371114,101.24931326251885,false,true
50,20.0,150.01384492250295,100.08810349627637,0.7608600942640464,2.6711471570691288,149.7411272891846,150.50198738344864,98.47853664316955,101.14968380023868,true,true
50,20.0,148.66152965050782,99.19496516945429,0.7820682197556721,3.223915404757804,148.38165500844354,149.16372322819922,97.28477551464954,100.50869091940734,false,true
50,20.0,149.64021396424974,97.24091991499294,0.8230051414984132,3.5738155378756886,149.3389556500541,150.1619607915525,95.243767168325,98.81758270620068,true,false
50,20.0,149.0677557253831,98.88265110992893,0.8040695654903232,2.818439264193188,148.7609485746586,149.56501814014894,97.24516099548117,100.06360025967436,false,true
50,20.0,150.46078810341163,100.5518773082006,0.7891649792061628,3.1928764631926896,150.17793533346062,150.9671003126668,98.73964156345264,101.93251802664533,false,true
50,20.0,148.21715767665285,101.48896840233479,0.7168541885979494,2.8202724215722412,147.9520307723372,148.66888496093515,99.93088780618899,102.75116022776123,false,true
50,20.0,150.47372828985496,98.41930241417876,0.8120918136629882,3.3004963241529452,150.1714118181396,150.9835036318026,96.49277521752431,99.79327154167726,false,false
50,20.0,149.8270085484262,100.72473389447421,0.7149938109430707,2.8689365917535525,149.55911926459683,150.2741130755399,98.99545592415433,101.86439251590788,true,true
50,20.0,149.8320050072698,99.42213786854616,0.7501183782812006,3.731090152609866,149.55368378496124,150.30380216324244,97.27765210786471,101.00874226047458,true,true
50,20.0,150.2862299806368,98.39743937846953,0.7793310358691201,3.102592934272309,150.00000465857403,150.77933569444315,96.62752053297056,99.73011346724287,false,false
50,20.0,150.18162441811705,98.32113627928007,0.8284592503107149,3.9855819551645197,149.89134121510406,150.71980046541478,96.0212632588758,100.00684521404033,true,true
50,20.0,150.00097942709624,95.02030564206731,0.8336964284611668,4.571769414874282,149.70431081486316,150.53800724332433,92.41805638461403,96.98982579948832,true,false
50,20.0,150.0760600602902,98.33409883200451,0.8597515184418683,3.0634484022114776,149.76910923404776,150.62886075248963,96.588920887496,99.65236928970748,true,false
50,20.0,150.32852652494188,99.74338999704153,0.7993278737021683,2.7833271589973663,150.02337412669317,150.82270200039534,98.10674768691482,100.89007484591218,false,true
50,20.0,150.3365500522238,98.56270490929367,0.7582187146120134,3.087820022312542,150.04591581699597,150.80413453160799,96.78088090352466,99.8687009258372,false,false
50,20.0,150.1380771912559,99.88311826352195,0.7901783624714653,2.7382059724749297,149.83761916342604,150.6277975258975,98.22602129957357,100.9642272720485,true,true
50,20.0,149.9217797014677,109.38652941929813,0.6007641034269682,3.3112163619888832,149.70039787580646,150.30116197923343,107.56421395440056,110.87543031638944,true,false
50,20.0,149.23823126913567,102.72439309678813,0.6982349983435086,2.5832736131100518,148.9736152918304,149.67185029017392,101.1579688322377,103.74124244534775,false,false
50,20.0,149.84071324017518,100.01992176430369,0.7682001958391993,3.5571633238286466,149.5632959726517,150.3314961684909,98.09885162416478,101.65601494799343,true,true
50,20.0,150.36717152549897,101.07566452005386,0.7925703194557627,3.4906969782866923,150.09324311936177,150.88581343881754,99.09924068540802,102.58993766369471,false,true
50,20.0,150.37993918217597,102.58881470506178,0.7372177758683449,2.879443162305691,150.10522418997547,150.84244196584382,100.84823181640589,103.72767497871158,false,false
50,20.0,149.29931249918184,98.09422528901618,0.7232826306427569,3.214403683760281,149.0392380699447,149.76252070058746,96.26361698520803,99.47802066896831,false,false
50,20.0,150.113042108492,103.16064624223182,0.7478237358272111,2.8237487460164488,149.83317056653067,150.58099430235788,101.49205338815527,104.31580213417172,true,false
50,20.0,150.34623556921935,105.94236031361626,0.7185808648886791,3.060146391067363,150.08530846838693,150.8038893332756,104.1849417671302,107.24508815819756,false,false
50,20.0,149.90321616887445,98.05198273469654,0.8263529319846725,3.8622157818582963,149.6045687672637,150.43092169924836,95.89662142580534,99.75883720766363,true,false
50,20.0,150.27000733591518,97.64098625992986,0.7947003808642137,3.3162720964964905,149.95749631644384,150.75219669730805,95.77186036756783,99.08813246406432,true,false
50,20.0,150.18873104864608,102.76136205069392,0.731057663265176,3.3027037283489022,149.9303524089417,150.66141007220688,100.84785032483289,104.15055405318179,true,false
50,20.0,150.49139783771648,100.9654670637648,0.7863784416459509,3.601343266773114,150.19178212887212,150.97816057051807,98.90853716919345,102.50988043596656,false,true
50,20.0,150.38208506712016,98.23670147067618,0.8729820736380134,3.664267470493499,150.05112557599745,150.92410764963546,96.0405381292685,99.704805599762,false,false
50,20.0,149.88681809947226,102.56325639440782,0.7708846012358208,2.6203049139339214,149.61136244100143,150.38224704223725,101.07939070380365,103.69969561773758,true,false
50,20.0,150.16977337582253,100.30221455785744,0.7866121774767123,2.7011178777129032,149.87384629457037,150.66045847204708,98.75356227396672,101.45468015167963,true,true
50,20.0,149.42545186385084,98.67781609660526,0.7908172371971318,3.681410081550041,149.12846502786584,149.91928226506298,96.59643136511124,100.27784144666128,false,true
50,20.0,149.4860576167305,102.25188784932192,0.7535228361737722,2.973131958712287,149.20902447274096,149.96254730891474,100.5213894002717,103.49452135898399,false,false
50,20.0,150.12606158726982,99.11771798681609,0.7722555478433435,3.5865677728930763,149.8599514529815,150.63220700082485,97.00767575000796,100.59424352290104,true,true
50,20.0,149.53678960719768,97.99558413026412,0.8155367379693246,3.7044557696542597,149.2324020475267,150.04793878549603,95.8859658124794,99.59042158213366,true,false
50,20.0,149.94871439302966,97.46636033182799,0.8378154071916413,3.100981253977679,149.64159207710495,150.4794074842966,95.60337923331151,98.7043604872892,true,false
50,20.0,150.32799723425973,98.82236436270637,0.7660864301579977,2.5727090319458767,150.04197030485952,150.80805673501752,97.3597695459688,99.93247857791468,false,false
50,20.0,150.27729062928913,106.8770370646574,0.6710552810591537,2.9822851554970384,150.03440585865164,150.7054611397108,105.11830900723051,108.10059416272755,false,false
50,20.0,146.4082342507618,99.68918874061112,0.7298179370522178,3.0042540455821722,146.14302979321653,146.87284773026875,97.95590333528668,100.96015738086885,false,true
50,20.0,150.2270280290984,99.60765414183494,0.7576635461742853,3.0547819849484057,149.94669827395546,150.70436182012975,97.86659642099295,100.92137840594135,true,true
50,20.0,150.29825430946232,100.27445719883043,0.7731816840022532,3.652450740352549,150.0062102125705,150.77939189657275,98.212105703324,101.86455644367655,false,true
50,20.0,150.1113675307356,97.08597894836808,0.8460607380089584,3.308740315217193,149.80005419231333,150.64611493032228,95.19756995434994,98.50631026956714,true,false
50,20.0,149.7438998368089,99.08980700527576,0.8016090521825276,3.609612572098399,149.45084942796586,150.2524584801484,96.9456764428301,100.5552890149285,true,true
50,20.0,150.44049953604468,101.48964835582262,0.725460655713249,2.689862240264162,150.17596137166154,150.9014220273748,99.87023362962466,102.56009586988883,false,true
50,20.0,150.06924360540475,102.03665378358988,0.8122604618995979,3.6568491319986833,149.77866275475094,150.59092321665054,99.89353449896997,103.55038363096865,true,true
50,20.0,150.4355447841818,101.18360705309695,0.798043129753836,3.3618033442560176,150.13133948669008,150.92938261644392,99.30044883824444,102.66225218250045,false,true
50,20.0,150.30019187687165,101.41883854303455,0.7910281445143141,3.0074959876550906,150.0245733699554,150.8156015144697,99.59073399468662,102.5982299823417,false,true
50,20.0,150.00339744932384,97.3109789199545,0.7789334374391501,3.767151197768939,149.71608635681557,150.49501979425472,95.07356453094405,98.840715728713,true,false
50,20.0,148.3178702198241,105.92544155167457,0.6560429566222581,2.826851904779886,148.08324291676652,148.73928587338878,104.3663600086587,107.19321191343859,false,false
50,20.0,150.15485024189854,100.47170635821824,0.7659412141146333,3.443721235120506,149.88151764471527,150.6474588588299,98.47495843088393,101.91867966600444,true,true
50,20.0,149.92586160431327,98.38077144785349,0.768684968428829,2.6209321006261774,149.6460310401445,150.41471600857332,96.84466739257809,99.46559949320427,true,false
50,20.0,150.48186323132234,98.82893638091795,0.8140167641919334,3.3832409717774965,150.17417219799017,150.9881889621821,96.8390285951501,100.2222695669276,false,true
50,20.0,150.09964706619905,102.02579140682957,0.7390079558186926,3.1601096519147944,149.83003718840797,150.56904514422666,100.19902435668672,103.35913400860152,true,false
50,20.0,150.33038363736534,101.85175324436025,0.679359873670137,3.925646543831107,150.07738025549844,150.75674012916858,99.61478673555018,103.54043327938129,false,true
50,20.0,149.32458413336437,98.02503162471402,0.8385445090191013,3.235021666698799,149.00922323971196,149.84776774873106,96.13372004393317,99.36874171063197,false,false
50,20.0,150.1189734800845,100.84164740420869,0.7882512114310884,3.098203449311626,149.8297287572317,150.61797996866278,99.08332765801349,102.18153110732511,true,true
50,20.0,148.49958759300728,98.41294512871193,0.7529791416874332,3.50859485250065,148.21957717135018,148.97255631303761,96.38402018924508,99.89261504174573,false,false
50,20.0,150.17897855900316,104.71488153666807,0.7136846010137106,3.6014515332158936,149.91577152481585,150.62945612582956,102.693537274326,106.2949888075419,true,false
50,20.0,149.9031362509631,99.43245879955003,0.7784659762715762,3.160346199513441,149.62559777645833,150.4040637527299,97.60239937679552,100.76274557630896,true,true
50,20.0,150.38153404254854,99.85490415234247,0.7870090244332744,2.8395208203407662,150.08471790154437,150.87172692597764,98.1860759902911,101.02559681063187,false,true
50,20.0,150.40300802899156,100.57211688020917,0.7766902539187583,3.435438358833707,150.12547015253958,150.90216040645834,98.6170373175737,102.05247567640741,false,true
50,20.0,150.30553629427726,98.61883759483828,0.7785542387141504,3.3626194401160348,150.0131369084735,150.79169114718766,96.71078333678838,100.07340277690442,false,true
50,20.0,150.34765330722928,103.3502172262665,0.7055527867568685,3.2896890728299013,150.09432649079258,150.79987927754945,101.44640445164093,104.73609352447083,false,false
50,20.0,150.40311379836578,99.48088456928697,0.7959861803911394,2.68071926761003,150.1111660082447,150.90715218863585,97.8637204205244,100.54443968813443,false,true
50,20.0,148.7400107456233,100.01933752059828,0.7508183538797653,2.7063178461275754,148.46630663561962,149.21712498949938,98.36226038585342,101.068578231981,false,true
50,20.0,150.08513924641278,100.7509957525593,0.8325064490327918,3.511092577496811,149.79373894948503,150.62624539851782,98.75369824430223,102.26479082179904,true,true
50,20.0,150.3970767084964,99.65779629459522,0.7715205780269798,2.8139832287338464,150.106780351015,150.87830092904198,98.04555458345396,100.85953781218781,false,true
50,20.0,150.04458364159,99.32620683735014,0.7871031848287089,3.624745985522466,149.749774454724,150.5368776395527,97.23136979997491,100.85611578549738,true,true
50,20.0,150.4699586922686,101.4040346313131,0.8028474333686404,3.551243747417658,150.1756663915133,150.97851382488193,99.4256324141164,102.97687616153405,false,true
50,20.0,149.5474215357109,101.93230449943665,0.7750554137382153,3.392542966267328,149.26906324138113,150.04411865511935,99.99987099811008,103.39241396437741,true,true
50,20.0,150.3635921730396,99.04207762788513,0.8230167276875022,3.5981877609565487,150.0744255903616,150.89744231804912,96.98475553326715,100.5829432942237,false,true
50,20.0,149.85753940408296,102.9977270514789,0.7375730209734286,2.801845471631651,149.59836518459912,150.33593820557255,101.34541991481208,104.14726538644373,true,false
50,20.0,148.14489361323064,99.15587050811133,0.7615534934590471,3.4827089269520854,147.87487113566084,148.6364246291199,97.12100469846177,100.60371362541386,false,true
50,20.0,150.26833452570853,98.93961322636244,0.7920645094787062,2.912281523642079,149.9762498302233,150.76831433970202,97.17258176763876,100.08486329128084,true,true
50,20.0,150.09226009696715,101.12805957184185,0.7329044105507023,3.369124902111821,149.82857129650156,150.56147570705227,99.217446620626,102.58657152273783,true,true
50,20.0,149.688378927906,105.00371249096705,0.7178955740191668,3.1002555002853143,149.4294016120149,150.14729718603408,103.20684962502695,106.30710512531226,true,false
50,20.0,149.12157810518454,99.81858241685946,0.8201342104266587,3.4946798389900806,148.82592565777202,149.64605986819868,97.85305566632033,101.34773550531041,false,true
50,20.0,150.30370075360864,99.29134599474702,0.7817385948464164,4.147771604984982,150.01513260236453,150.79687119721095,96.98206015164182,101.1298317566268,false,true
50,20.0,148.06488179444364,100.67064609416576,0.7227664787495769,3.3756641646670147,147.78328244469293,148.5060489234425,98.72702905312634,102.10269321779336,false,true
50,20.0,149.31388495698235,99.14610437261737,0.7566095434151805,2.979989875839692,149.0398347730028,149.796444316418,97.36822270395919,100.34821257979888,false,true
50,20.0,150.13984712257647,95.84826400735821,0.8914613500037945,4.148979747000652,149.80865211953474,150.70011346953854,93.558674512148,97.70765425914865,true,false
50,20.0,150.11112125924876,104.02763450449645,0.736791484549741,3.380726460307656,149.83615805504158,150.57294953959132,102.0519214090512,105.43264786935886,true,false
50,20.0,150.21146899869086,99.06850062705715,0.8152497651724957,3.3367632703013186,149.90931317510822,150.72456294028072,97.22185100008858,100.5586142703899,true,true
50,20.0,150.43887252494287,98.5055708793615,0.7869420673795275,3.448868497980044,150.14866722385244,150.93560929123197,96.50879566210668,99.95766416008672,false,false
50,20.0,150.28128834675687,97.08485600806608,0.8874096083251288,3.8227097517251707,149.96021507823994,150.84762468656507,94.86929799268592,98.69200774441109,true,false
50,20.0,149.71394796337427,100.32617729256476,0.7790396356863027,3.5531533703205724,149.43135559173257,150.21039522741887,98.28233388094812,101.83548725126869,true,true
50,20.0,150.0561211365979,98.41056069549165,0.8099248021882488,2.9610440550761865,149.7603616141152,150.57028641630345,96.67676707634752,99.6378111314237,true,false
50,20.0,149.9883053260707,100.55167821946613,0.773823103121515,2.6276943180537415,149.70382776580118,150.4776508689227,99.01919458212141,101.64688890017516,true,true
50,20.0,150.13393778761616,99.28867105338963,0.7674597943071717,3.5127165471275106,149.8629688735766,150.63042866788376,97.25867787109304,100.77139441822055,true,true
50,20.0,150.0803902591418,96.67451872753132,0.8414496895049695,3.7921501823957726,149.76564728194433,150.6070969714493,94.48740263896113,98.2795528213569,true,false
50,20.0,149.464427135382,99.50079576407461,0.7976811765979903,3.4365505005816885,149.186126397155,149.98380757375298,97.60856777738884,101.04511827797053,false,true
50,20.0,148.48827335003898,101.24971029229377,0.7680520753081055,2.804595242710832,148.1979308981497,148.9659829734578,99.60905309814427,102.4136483408551,false,true
50,20.0,147.83892027784486,96.45264928542463,0.8081663123841167,3.6596861729466923,147.54045415610466,148.34862046848878,94.34751128643202,98.00719745937872,false,false
50,20.0,148.07902121457863,99.1459266732287,0.811361674647344,3.6171373170842998,147.76732923990676,148.5786909145541,97.10739651268207,100.72453382976637,false,true
50,20.0,150.44333675158956,98.92667675451776,0.7470428207689395,3.2930915210273497,150.17265071279738,150.91969353356632,96.98611776478971,100.27920928581706,false,true
50,20.0,150.5452805975542,98.3494261154161,0.8318684641764946,2.305325531068604,150.2158188955495,151.04768735972598,96.9847423865703,99.29006791763891,false,false
50,20.0,149.97289035109856,101.35974760065415,0.7698064969680729,3.9169160982254,149.68007885876165,150.44988535572972,99.09545857646299,103.01237467468839,true,true
50,20.0,150.00556784618874,102.98359803689934,0.7649338634254832,3.5843318347674256,149.73676972319168,150.50170358661717,100.92699017077106,104.51132200553849,true,false
50,20.0,149.9839221645983,100.28106570600539,0.7565069483835032,3.0953100700273666,149.71003698540733,150.46654393379083,98.5166999852073,101.61201005523466,true,true
50,20.0,150.3680928393714,101.34852542872531,0.7793742061035118,2.652148726488079,150.08561084055322,150.86498504665673,99.75885595849437,102.41100468498244,false,true
50,20.0,150.22485940733102,97.78258686570142,0.8222202505251346,2.767732680567093,149.93854085160734,150.76076110213248,96.13622748861619,98.90396016918328,true,false
50,20.0,150.36296256914878,99.45978164246469,0.822128230261427,3.1510339576953754,150.06046618260115,150.88259441286257,97.5948167445805,100.74585070227587,false,true
50,20.0,150.40767960366588,97.0159367109695,0.782983211890155,3.892301749870043,150.12106071849607,150.90404393038622,94.79925140228437,98.69155315215441,false,false
50,20.0,150.20159073853011,102.39715818964228,0.7768139493246053,3.5309377291832362,149.90681370142465,150.68362765074926,100.34222961730745,103.87316734649069,true,false
50,20.0,149.85742996826363,102.94435578259808,0.7036929145165232,3.182436692904247,149.59567650746806,150.29936942198458,101.12022823544407,104.30266492834832,true,false
50,20.0,150.42322149793608,96.07051829337735,0.8009974014901502,4.6138478070243565,150.12460475231134,150.9256021538015,93.44798305179468,98.06183085881904,false,false
50,20.0,150.3756636964357,104.04580500302491,0.6638890955084378,3.28380991596606,150.13408070991622,150.79796980542466,102.21329601771936,105.49710593368542,false,false
50,20.0,149.73145431976374,100.16208069245128,0.7459605312266149,3.3595282681887397,149.45968843817067,150.2056489693973,98.25589175694547,101.61542002513421,true,true
50,20.0,150.0497408529746,100.1568539960193,0.8341110212589342,3.0950086463166286,149.74176414518837,150.5758751664473,98.34401710692691,101.43902575324354,true,true
50,20.0,150.17418376535704,103.85119676136681,0.712271656159885,3.387366504738864,149.91936488936963,150.63163654552952,101.93286914222007,105.32023564695893,true,false
50,20.0,150.2822369457762,104.18830889289322,0.7640438050304965,2.9436926070456053,150.0077262514854,150.7717700565159,102.49499730847734,105.43868991552294,false,false
50,20.0,149.85613750048321,99.43107241215682,0.7877501907954354,3.164032533796302,149.5660502074156,150.35380039821104,97.59485519246994,100.75888772626624,true,true
50,20.0,149.73058360652044,101.17645171563326,0.8098127207587709,3.0496480301774795,149.43681791018025,150.24663063093902,99.47467795585513,102.52432598603261,true,true
50,20.0,149.46346409740386,99.68654880077617,0.775407555630494,2.9158438269804208,149.17687793133214,149.95228548696264,97.99341568492764,100.90925951190806,false,true
50,20.0,147.55697131206028,97.55069820977616,0.7628013618076182,3.2753430455017565,147.26368932461048,148.0264906864181,95.67049416467493,98.94583721017669,false,false
50,20.0,150.38882511976698,96.68554721796323,0.7700429478341562,3.832718989259476,150.10360548017587,150.87364842801003,94.4329600877226,98.26567907698208,false,false
50,20.0,150.39142171514888,99.57176013066481,0.7446394621745469,3.0961355992241124,150.11051942010835,150.8551588822829,97.73693043930668,100.83306603853079,false,true
50,20.0,149.34841311940943,102.55378089982602,0.6960908361814688,3.542594850923223,149.10136593849847,149.79745677467994,100.47338010161648,104.01597495253971,false,false
50,20.0,149.07783956591732,104.55939776905798,0.7050290450106615,3.0698399897208617,148.8231013533576,149.52813039836826,102.7897527033773,105.85959269309816,false,false
50,20.0,150.32911822263708,102.22790920630574,0.7876817869507704,3.532721248713031,150.03824379095158,150.82592557790235,100.2252116761373,103.75793292485034,false,false
50,20.0,148.93648819752963,101.52095861949483,0.7427937581066146,3.0871854877194096,148.6560780285745,149.39887178668113,99.76404841113873,102.85123389885814,false,true
50,20.0,150.48066644805868,97.4619542149068,0.8301183036896589,3.2896285094432187,150.17556844590493,151.0056867495946,95.52288445617285,98.81251296561607,false,false
50,20.0,149.64624526018773,99.02801520538986,0.8306093559140493,3.5472989958342964,149.34140328648377,150.17201264239782,96.97594191758044,100.52324091341474,true,true
50,20.0,150.11709923593332,97.87807096956882,0.8424847788365923,3.5852080581299077,149.82017908914685,150.66266386798344,95.84085484706739,99.4260629051973,true,false
50,20.0,150.19520946532737,106.54219986543407,0.6331386824635388,2.9416032134810877,149.9602450670378,150.59338374950133,104.8711235478925,107.81272676137358,true,false
50,20.0,149.8091436432137,98.69937665441971,0.7978333861122735,3.6165624187775904,149.51136852008096,150.30920190619324,96.63317646607939,100.24973888485698,true,true
50,20.0,150.35540963659818,101.81899943599385,0.7319050987155435,3.210445965688649,150.08501971553503,150.81692481425057,99.96479960886997,103.17524557455862,false,true
50,20.0,150.32248638647548,104.26232550997575,0.7569718884989527,3.357234299932074,150.05163191342052,150.80860380191947,102.3684277337756,105.72566203370768,false,false
50,20.0,148.848083601671,98.48425345324023,0.7578615983659347,2.880089163560015,148.5773935966834,149.33525519504934,96.77849483273471,99.65858399629472,false,false
50,20.0,150.3179714552836,99.1236107410157,0.8092392720005535,3.1949785910802433,150.0150076907724,150.82424696277295,97.36042531574576,100.555403906826,false,true
50,20.0,149.7946298827364,98.67698836213117,0.8275996306269633,3.4607485211771376,149.49385778489798,150.32145741552495,96.74184946252069,100.20259798369783,true,true
50,20.0,149.6919773949881,97.15232391010271,0.7775961883109517,4.247826944141934,149.38872601577395,150.1663222040849,94.88724628713516,99.13507323127709,true,false
50,20.0,147.5802010510422,100.73152006998492,0.7168380323265922,3.0821312142604143,147.32675686127098,148.04359489359757,98.89815104211343,101.98028225637384,false,true
50,20.0,150.49490276108514,97.68974739157505,0.8658633550102195,3.6837033970431463,150.17826083319855,151.04412418820877,95.64045546550287,99.32415886254601,false,false
50,20.0,149.93679306306385,97.63864545424829,0.800102010449649,2.7495703546990597,149.64196498840644,150.4420669988561,96.05004247816052,98.79961283285958,true,false
50,20.0,150.07024263449313,97.71306250296843,0.8183855441338892,3.5241225908748532,149.78071999463475,150.59910553876864,95.67342912937906,99.19755172025391,true,false
50,20.0,149.8136606109649,102.07141954807318,0.7506933445620518,3.8072858270205643,149.52726722400791,150.27796056856997,99.93277946699234,103.74006529401291,true,true
50,20.0,150.45705191377937,101.08153771680944,0.721780901539006,2.809944457482956,150.18542825063085,150.90720915216986,99.45078305988962,102.26072751737257,false,true
50,20.0,150.02805686046813,98.81456918745153,0.800999322949167,3.9151089313774747,149.74615347849812,150.54715280144728,96.6545421272014,100.56965105857887,true,true
50,20.0,150.1679377868101,100.36373556819578,0.7721004774537334,3.642005704796688,149.88472739764615,150.65682787509988,98.29417856881096,101.93618427360765,true,true
50,20.0,150.50912074808545,98.70229222626773,0.8050177103518479,3.318426250479206,150.2028603133332,151.00787802368504,96.71475746519596,100.03318371567516,false,true
50,20.0,149.9410630216231,106.11161564125919,0.7279530538608014,3.554422528653447,149.67292909048945,150.40088214435025,104.06068065870187,107.61510318735532,true,false
50,20.0,150.0532690635079,100.21395698987934,0.8271909366143859,3.7075970863913597,149.74832013774827,150.57551107436265,98.0943385621885,101.80193564857986,true,true
50,20.0,150.31505569525615,100.31266577995396,0.7664358070348385,3.14090053080713,150.03417628834785,150.8006120953827,98.56366070094614,101.70456123175327,false,true
50,20.0,150.01372143366552,102.50068873136411,0.7174247190308165,2.618313401810582,149.74151037427748,150.4589350933083,100.98258575910315,103.60089916091373,true,false
50,20.0,148.49742495906918,100.72598471304137,0.742150105992863,3.1040329167169887,148.21777223612455,148.9599223421174,98.94392132367864,102.04795424039563,false,true
50,20.0,149.38086107804827,100.06036780790724,0.7841637648318738,3.665459005604774,149.09918794540692,149.8833517102388,97.91981921811177,101.58527822371654,false,true
