ndata,sigma,theta1_median,theta2_median,theta1_iqrs,theta2_iqrs,quartiles1_1,quartiles3_1,quartiles1_2,quartiles3_2,theta1_coverage,theta2_coverage
10,20.0,151.55984040129457,93.81541327197326,5.650205875049096,13.641581169986381,149.46801116871904,155.11821704376814,86.23418809744601,99.87576926743239,true,false
10,20.0,145.22792113880803,94.11111682558641,4.926111663589154,12.159658273981464,143.4628979796916,148.38900964328076,87.21953464946945,99.37919292345092,false,false
10,20.0,151.43650431390557,89.68192640194405,5.999723784684363,12.908022697630415,149.22262320245704,155.2223469871414,82.39579938996381,95.30382208759423,true,false
10,20.0,152.68562948428638,94.31416526664661,5.821301008220132,13.81232661326041,150.4970658418147,156.31836685003483,86.38966338048789,100.2019899937483,false,true
10,20.0,151.13587657979485,94.16565440752277,5.318129727526895,14.186245023298085,149.20886598995824,154.52699571748514,86.14367336597786,100.32991838927595,true,true
10,20.0,151.5369082163346,91.95606586849819,5.448217904085141,13.295938467718855,149.54263502337372,154.99085292745886,84.13639710007315,97.43233556779201,true,false
10,20.0,152.5075589871942,92.49612379646837,6.04398948899194,14.040790767405738,150.40995029697746,156.4539397859694,84.82333121361447,98.8641219810202,false,false
10,20.0,143.3028634514674,105.65144196167167,3.8100632591341252,10.148806200238937,141.98560894907394,145.79567220820806,99.41644925306082,109.56525545329976,false,true
10,20.0,152.29385080241985,100.19072135307664,4.426497786251616,12.317554223546708,150.7052907083435,155.13178849459513,92.86278615825181,105.18034038179852,false,true
10,20.0,150.14632845473986,93.10476026225672,5.37409717312417,14.519436855370273,148.17580838750058,153.54990556062475,84.75411336766453,99.2735502230348,true,false
10,20.0,151.25392093387615,91.95749882398638,5.618617030017447,13.145889559907744,149.19148689493443,154.81010392495187,84.26913206610308,97.41502162601083,true,false
10,20.0,149.25287989748608,95.48898968236578,5.1756245937046685,12.89127557695447,147.4384613734567,152.61408596716137,88.06278158196997,100.95405715892444,true,true
10,20.0,150.53370664581797,116.7886045944091,3.022762442014482,10.469075167265146,149.49337436465947,152.51613680667396,110.18531600188255,120.6543911691477,true,false
10,20.0,152.1440896848309,99.02718904874581,4.640703801556526,15.04938800144565,150.51607617536723,155.15677997692376,90.52318199847917,105.57256999992482,false,true
10,20.0,150.6561571345437,90.95814089168022,5.589414059239999,13.162887839823895,148.6574009129573,154.2468149721973,83.42571954423569,96.58860738405959,true,false
10,20.0,147.2301975449822,103.03701651325423,4.740265156162195,13.970737959277585,145.57634895995278,150.31661411611498,94.8013249303578,108.77206288963538,true,true
10,20.0,142.2303185704481,90.69153409034013,5.675056166804325,12.066252988577574,140.22569907082277,145.9007552376271,83.69763786269671,95.76389085127428,false,false
10,20.0,152.53360017748284,105.28483414840619,4.606255572947987,14.294309392675487,150.93917231087732,155.5454278838253,96.77543011895926,111.06973951163475,false,true
10,20.0,149.28845351221133,91.85096049293062,5.815889475187248,12.751709880275541,147.13892423570687,152.95481371089411,84.31729829774827,97.06900817802381,true,false
10,20.0,150.98720372836954,114.1324916395633,3.1239969503001817,11.95106421999175,149.90685099505998,153.03084794536016,107.08818712095015,119.0392513409419,true,false
10,20.0,153.00361649933595,92.191113439568,6.1217832855433585,14.81357520887802,150.73859613175915,156.8603794173025,83.76263404503332,98.57620925391134,false,false
10,20.0,153.29672165994145,94.93836093856402,5.456461122043038,14.222511821700593,151.25638176533516,156.7128428873782,86.62882223480737,100.85133405650797,false,true
10,20.0,153.0655796230829,93.4184852570319,5.298484601215705,13.990275791340395,151.1087671202055,156.4072517214212,85.44551063807779,99.43578642941819,false,false
10,20.0,152.65925641306598,94.16469178196289,5.801300029506109,13.681426281632014,150.49083112572907,156.29213115523518,86.1729408846021,99.85436716623411,false,false
10,20.0,152.09446057419683,96.9197336846133,5.33950974625742,13.391926861498902,150.20173916789673,155.54124891415415,89.06889040620463,102.46081726770353,false,true
10,20.0,145.11461275481668,93.73939631394535,5.270821354798983,13.346618602769794,143.23251340317745,148.50333475797643,85.81790368250644,99.16452228527623,false,false
10,20.0,146.74876303500088,98.07947412421348,4.936329064750595,10.084947980390837,145.03096703522618,149.96729609997678,92.14392094601975,102.22886892641058,false,true
10,20.0,151.50525815731882,94.43251926776378,5.374661261090836,13.587748465717496,149.62598950205677,155.0006507631476,86.93971544673607,100.52746391245357,true,true
10,20.0,145.60742172280646,103.52742520126243,4.012829138090751,9.847356693206706,144.13036639846888,148.14319553655963,97.47277779297843,107.32013448618514,false,true
10,20.0,147.37748360317323,101.11840139883577,4.391433992580801,13.844104847060692,145.77125507597515,150.16268906855595,93.11159945156541,106.9557042986261,true,true
10,20.0,147.48569566990142,99.4500267144613,4.9273922136637225,12.68107406287291,145.6654248955964,150.59281710926012,91.98632211623487,104.66739617910778,true,true
10,20.0,146.33310837136224,91.00371275941836,6.275730301389615,12.938722608346879,144.0969674569458,150.37269775833542,83.42553939468417,96.36426200303104,true,false
10,20.0,152.41361568079338,96.3614048256313,5.675018150642217,14.269204050790464,150.35569703538803,156.03071518603025,88.14600003904835,102.41520408983881,false,true
10,20.0,153.7716896232569,88.45189260571827,6.383457241378636,13.959824822829859,151.4699397749732,157.85339701635183,80.23748411358434,94.1973089364142,false,false
10,20.0,153.14699968188918,96.16860390533162,5.566461997342401,14.773419191957757,151.22691691321526,156.79337891055766,87.73831093120022,102.51173012315797,false,true
10,20.0,147.33272139307883,95.7109923169848,4.966975794578332,12.329260831543039,145.49737080020685,150.46434659478518,88.577822537635,100.90708336917804,true,true
10,20.0,149.9114735676173,92.95235711045466,5.238222491036851,12.979687939532027,147.9927441509152,153.23096664195205,85.29548583262908,98.27517377216111,true,false
10,20.0,143.7074609823491,94.66925568312986,5.1613922503106835,12.777584849741771,141.9695515669779,147.1309438172886,87.35471916894255,100.13230401868432,false,true
10,20.0,149.9261845116805,106.76220735018035,4.159210900188754,12.576251002839882,148.39632335804427,152.55553425823302,99.29739164469348,111.87364264753336,true,true
10,20.0,152.92145376560887,88.37293550219722,5.837289061860304,13.496072600690809,150.858280186168,156.6955692480283,80.75129473205367,94.24736733274447,false,false
10,20.0,152.25875802284781,89.07560476789314,6.019087795317802,14.77242749619981,150.10098377188356,156.12007156720136,80.72801474281208,95.50044223901189,false,false
10,20.0,152.58803929232755,95.98291230096268,5.539873155193163,12.666389743374637,150.5850613861092,156.12493454130237,88.5071321273026,101.17352187067723,false,true
10,20.0,137.8479813005295,95.06824517645968,4.387988846344598,9.893318397757483,136.24876403372906,140.63675288007366,89.2681867342592,99.16150513201669,false,false
10,20.0,148.86357244048185,99.6627782383639,4.856966216141814,13.579613955298498,147.151977543009,152.0089437591508,91.71212340632755,105.29173736162605,true,true
10,20.0,153.28529481306091,90.53412479463935,5.684961705246593,13.942376481523738,151.14549295538671,156.8304546606333,82.34825194769567,96.29062842921941,false,false
10,20.0,152.93266961998535,100.72469036479119,5.004723687431209,11.745618588639744,151.19834430514393,156.20306799257514,93.90821177127752,105.65383035991727,false,true
10,20.0,147.6573338341281,95.9227759914956,5.515763305412776,12.984905268743333,145.73677179363662,151.2525350990494,88.23764235013984,101.22254761888317,true,true
10,20.0,147.67047966374827,94.23950011879565,5.395238710519521,11.895706558452915,145.68539153143786,151.08063024195738,87.09735767285412,98.99306423130703,true,false
10,20.0,151.83266782691692,106.12010142487276,4.426199744058323,13.49446278900355,150.2829921464004,154.70919189045873,98.40802373785183,111.90248652685538,false,true
10,20.0,151.59294440232367,105.95908684672702,4.5256761429015455,14.1454008457617,149.97488014399946,154.500556286901,97.89659406645617,112.04199491221787,true,true
10,20.0,152.41308388355193,90.7904926406971,5.780421577386022,12.643929018420309,150.3103765822011,156.0907981595871,83.64812482693561,96.29205384535592,false,false
10,20.0,147.57541269657963,91.39182230995492,5.472736357136881,10.786669038997786,145.49971260129104,150.97244895842792,85.0836767916362,95.87034583063398,true,false
10,20.0,141.20489026103544,119.82836483109952,2.2174628855202627,7.0996886776539725,140.4822341678215,142.69969705334177,115.41009302446002,122.509781702114,false,false
10,20.0,149.8388290750697,92.5995438438409,5.602984695951619,11.659525544216777,147.85172297462248,153.4547076705741,85.84718094565775,97.50670648987453,true,false
10,20.0,147.7732760381743,109.78018621697876,3.587679717940034,10.363144052483477,146.5103935898004,150.09807330774044,103.53709778049287,113.90024183297635,true,false
10,20.0,152.100751972589,100.90331677566292,4.509986599658362,13.285832100956938,150.51726575272897,155.02725235238734,93.54329864034284,106.82913074129978,false,true
10,20.0,150.93367080786555,89.7945479222091,6.431191944696451,13.261118946456463,148.56540670779356,154.99659865249,82.14653730736052,95.40765625381698,true,false
10,20.0,148.63384329416124,100.66061068410583,4.6774711893899905,12.34680090869007,146.87987471130356,151.55734590069355,93.52461102239846,105.87141193108853,true,true
10,20.0,151.16735171608025,107.53511321611748,4.182326992934435,12.87550399376535,149.66415684141228,153.8464838343467,99.84030815896426,112.71581215272961,true,true
10,20.0,143.48937377339394,89.64121405286227,5.52989102795263,12.124818403630542,141.56664617081353,147.09653719876616,82.62125014547824,94.74606854910878,false,false
10,20.0,152.11234251811203,94.11823809857239,5.429305179004814,13.31273821623536,150.09672568399455,155.52603086299936,86.3461361771718,99.65887439340716,false,false
10,20.0,152.23081576750351,98.8107969958665,5.01561641716134,13.282005249821907,150.36136213939056,155.3769785565519,91.10285177165207,104.38485702147398,false,true
10,20.0,147.58305885115763,94.51193672986872,5.003881273252574,14.003752840328303,145.81019861989515,150.81407989314772,86.14995582430734,100.15370866463564,true,true
10,20.0,152.52934305828416,98.67901426216443,5.05234346168578,13.194295374073917,150.74518684720448,155.79753030889026,90.80193879087582,103.99623416494974,false,true
10,20.0,152.44282368882756,102.90831101726857,4.679350095505299,14.24223940679687,150.6898446721625,155.3691947676678,94.65485327348233,108.8970926802792,false,true
10,20.0,151.37457917501916,89.71090241320508,5.811113528055557,12.399327997563361,149.29844516000483,155.1095586880604,82.38877000278886,94.78809800035222,true,false
10,20.0,149.23901527346408,98.99713768151787,4.9477910874607005,13.486297152353117,147.43645274128798,152.38424382874868,91.22735938581998,104.7136565381731,true,true
10,20.0,149.8180669576479,91.33219966967013,6.088311330736758,14.574558707631226,147.577143789347,153.66545512008375,83.07843358883784,97.65299229646907,true,false
10,20.0,152.3053732660706,95.65114353236936,5.680219255573178,13.789771217140625,150.22259779704302,155.9028170526162,87.94980085212158,101.73957206926221,false,true
10,20.0,152.5474392268173,101.757819818997,4.629613996675488,12.326715875991198,150.8598063575897,155.48942035426518,94.42684716130623,106.75356303729743,false,true
10,20.0,153.5800343321086,88.56541315860763,5.976295684966516,13.836553538935092,151.31565723440679,157.2919529193733,80.66785808019796,94.50441161913305,false,false
10,20.0,151.00782506970597,95.34519575514064,5.555285471351624,14.906649337912455,149.06994405794882,154.62522952930044,86.84287877227217,101.74952811018463,true,true
10,20.0,151.36751731698112,91.67166043384393,5.360409830963363,13.970447345083386,149.3060417909001,154.66645162186347,83.8426274956569,97.81307484074028,true,false
10,20.0,149.14034321988092,94.94482292435774,5.0378999664186495,14.530685709468912,147.26211262578101,152.30001259219966,86.65597102018602,101.18665672965493,true,true
10,20.0,152.55199625588534,96.86361047833853,5.414484021840025,14.03245882532373,150.62537289372176,156.03985691556178,88.4439640754317,102.47642290075542,false,true
10,20.0,153.04426804877525,90.36048946172424,5.731044069251709,13.943594195149942,150.9671241793218,156.6981682485735,82.49080552402293,96.43439971917287,false,false
10,20.0,147.7644279700767,96.95388860008745,5.313905377193748,12.931547416179413,145.8866670433753,151.20057242056905,89.34103716730618,102.2725845834856,true,true
10,20.0,150.50107608356683,96.10700828088684,5.3409823197251,12.90835577436863,148.50214356112892,153.84312588085402,88.45597549843148,101.36433127280011,true,true
10,20.0,152.62625649642996,92.63968955349682,5.58969949724036,14.615769140879976,150.54407531753247,156.13377481477283,84.44622992368447,99.06199906456445,false,false
10,20.0,150.33005532777025,99.47322839775177,4.968494973352847,12.269033476455803,148.51208016069475,153.4805751340476,92.0488639679997,104.3178974444555,true,true
10,20.0,153.57040600074185,89.36456825928744,6.194243186901758,12.832696095446437,151.2664994413862,157.46074262828796,81.90441210350187,94.7371081989483,false,false
10,20.0,152.28481910128386,96.55288176932058,5.1969835988836905,13.786644021920111,150.3905747245629,155.5875583234466,88.58758209146633,102.37422611338644,false,true
10,20.0,149.0704356179533,104.68062707843886,3.9759108547313247,13.720636120195081,147.6485747978786,151.62448565260993,96.86024046144121,110.58087658163629,true,true
10,20.0,149.8551205724742,112.89756747090678,3.4020910662946164,12.165895764355042,148.70327818067625,152.10536924697087,105.75140872755784,117.91730449191289,true,false
10,20.0,150.01120526697088,92.40117731800117,5.7099633621168095,13.996958368312349,148.0067200236,153.7166833857168,84.30800361060966,98.30496197892201,true,false
10,20.0,152.27393502840275,105.9456678945433,4.460137334128632,14.296679213196711,150.66619924095903,155.12633657508766,97.27220540899738,111.56888462219409,false,true
10,20.0,150.0426484281761,98.63643008089946,5.113548142124529,13.051545087200466,148.23248777858777,153.3460359207123,90.8259994567885,103.87754454398896,true,true
10,20.0,146.289871752044,94.49157800457712,5.119310536047919,13.038039222489928,144.4614583349425,149.58076887099043,87.14332244832713,100.18136167081705,false,true
10,20.0,147.1610540456955,99.52793632100305,4.799362702554504,12.785005341651257,145.43302505928722,150.23238776184172,91.98741074330978,104.77241608496104,true,true
10,20.0,149.31017357339397,94.69128337581031,5.551616945064836,11.791326981754082,147.3356684966746,152.88728544173944,87.79399534076947,99.58532232252355,true,false
10,20.0,153.6368066830328,86.43864004350107,6.25521829224644,14.271173167304397,151.41084214792735,157.6660604401738,78.3448701980572,92.61604336536159,false,false
10,20.0,151.43352341330367,97.10854605690608,5.597577255462937,13.426432057612502,149.44755451554923,155.04513177101217,89.30618527461401,102.73261733222651,true,true
10,20.0,144.92110917432615,97.50994580048766,4.746647107801834,10.23561122360843,143.24745131794546,147.9940984257473,91.39442326689758,101.630034490506,false,true
10,20.0,147.12802816495457,100.4348343235234,4.078727245515751,12.270346150751536,145.6431215562754,149.72184880179114,93.59442366478359,105.86476981553513,false,true
10,20.0,150.1096887826338,101.58227797138709,4.627008516273321,13.735312589467696,148.4275886234303,153.05459713970362,93.74320869789165,107.47852128735934,true,true
10,20.0,148.95871975323513,104.12362224493307,4.256431796569672,13.200108034934615,147.40982482323867,151.66625661980834,96.50546157044543,109.70556960538005,true,true
10,20.0,151.24056623042924,89.07908528397078,5.8791381954998485,12.660902330161235,149.1759882628401,155.05512645833994,81.79579633406873,94.45669866422996,true,false
10,20.0,151.9603791953495,97.20532373415372,5.403226401416418,12.66426585499238,150.00024524652076,155.40347164793718,89.94292084565731,102.60718670064969,false,true
10,20.0,143.77406334535746,111.47281941476038,2.901122085327927,8.967330355185354,142.7600571397459,145.66117922507382,106.03466512215793,115.00199547734329,false,false
10,20.0,153.65722276064696,88.27264201478002,6.212117623915304,14.421403169696347,151.37904143784516,157.59115906176046,80.24440027677622,94.66580344647257,false,false
10,20.0,152.78347810785914,94.75768981724647,5.647233931622736,12.319580380125416,150.77711517560084,156.42434910722358,87.8076468599055,100.12722724003092,false,true
10,20.0,153.04931380790404,96.79454958826327,5.39678043374326,12.838604114605815,151.10001076920867,156.49679120295193,89.50136205662017,102.33996617122598,false,true
10,20.0,144.7148905783566,101.41207330594861,4.194830657870369,11.362504347711493,143.18825104289985,147.38308170077022,94.94745104795014,106.30995539566163,false,true
10,20.0,150.19090504129775,94.0397773619002,5.219423982854664,13.865384715155528,148.32919582196877,153.54861980482343,86.12029147124159,99.98567618639711,true,false
10,20.0,149.60950022450362,107.21580157076147,4.100809699036432,11.259064882292336,148.1976635231989,152.29847322223534,100.55045871555421,111.80952359784655,true,false
10,20.0,148.6437276175881,95.82380189480727,5.271857390998434,12.01849141930309,146.8283314135365,152.10018880453492,88.71580131208106,100.73429273138414,true,true
10,20.0,149.68723942320935,105.24725821726697,4.054148467474505,11.787771280043401,148.22429923781664,152.27844770529114,98.30932019866658,110.09709147870998,true,true
10,20.0,151.9201994057335,97.511227266953,5.373665849019375,14.220920969748946,150.07197683583908,155.44564268485846,89.15241728043198,103.37333825018092,false,true
10,20.0,151.43304442244553,106.63919503801996,4.319187726470005,12.69126595809729,149.85533363106865,154.17452135753865,99.16374212912396,111.85500808722125,true,true
10,20.0,152.02686309725044,97.00904757929905,5.211898872165477,13.056907024894372,150.18299275725496,155.39489162942044,89.48544503137117,102.54235205626554,false,true
10,20.0,147.8839845131452,101.01756273550083,4.444103738272133,13.961463084726788,146.26202099266976,150.7061247309419,93.27488346685954,107.23634655158632,true,true
10,20.0,149.0043719272391,103.66144899109727,4.58701420123046,12.357188559887476,147.4288919621579,152.01590616338837,96.00218962485914,108.35937818474662,true,true
10,20.0,150.66380732613885,97.9207213014001,5.114764076846171,12.818892718595706,148.8830547289401,153.99781880578627,90.39524225264182,103.21413497123753,true,true
10,20.0,150.19866524997371,109.88173819547575,3.893908437714998,11.397896540761678,148.83234587768345,152.72625431539845,103.0994033378032,114.49729987856487,true,false
10,20.0,151.78108042889602,92.95654988711858,5.5028155950717235,13.090813962868097,149.83259334420734,155.33540893927906,85.17492417632995,98.26573813919805,true,false
10,20.0,153.50120780761935,87.88195883014438,6.282801972068597,14.409582690478842,151.03118122834536,157.31398320041396,79.80650825042271,94.21609094090155,false,false
10,20.0,150.7798468303384,99.52709976262567,4.969147752053317,12.637197382490598,149.09101113766795,154.06015888972127,92.03709404491929,104.67429142740988,true,true
10,20.0,151.73711319884308,97.67949329475992,5.26907866716931,13.548418851402658,149.898933471045,155.16801213821432,89.67209702488618,103.22051587628884,true,true
10,20.0,152.6835141539038,93.28196779451443,5.761264272637561,14.98071523073962,150.5752134806853,156.33647775332287,84.68165789110645,99.66237312184607,false,false
10,20.0,146.89998185266558,107.8148725412742,3.8180155703113883,11.867023304684565,145.55468704323104,149.37270261354243,100.88948046160402,112.75650376628859,false,false
10,20.0,152.67209633398818,96.61754042352791,5.465237593262543,13.130040037386308,150.712215128958,156.17745272222055,89.05297726136,102.18301729874631,false,true
10,20.0,152.95940319485206,100.79111341343098,5.106688792996266,13.491070280359835,151.19049810145427,156.29718689445053,93.1439941334368,106.63506441379664,false,true
10,20.0,151.04403247612046,92.96217237641625,5.9879606855803615,14.560685802393593,148.825752096546,154.81371278212637,84.619968194587,99.1806539969806,true,false
10,20.0,151.8273464729105,93.36981529179786,5.530067700542702,12.854451717656929,149.77566995633208,155.30573765687478,85.84750038836019,98.70195210601712,true,false
10,20.0,151.60176851872166,91.25197666079816,5.8895799803665625,14.66224381499947,149.39854117750235,155.28812115786891,83.04851570324246,97.71075951824193,true,false
10,20.0,147.4966037665523,96.03190767458598,5.23565085688324,12.901541970872529,145.64303016028674,150.87868101716998,88.50335007696691,101.40489204783944,true,true
10,20.0,147.2226980377952,102.39459020130994,4.3048165875911195,12.469499627015452,145.65840318252788,149.963219770119,95.23491716420953,107.70441679122499,false,true
10,20.0,152.8180203023468,94.48926899795276,5.678161848504402,12.402369756654224,150.81226388781778,156.49042573632218,87.22172131579207,99.62409107244629,false,false
10,20.0,152.61853239104036,100.80020837544572,4.880428104575373,14.998163417347172,150.94742568908154,155.8278537936569,92.15733639047284,107.15549980782001,false,true
10,20.0,152.39035172320928,96.82943783902455,5.299183769547113,12.560212164783337,150.53589777522507,155.83508154477218,89.44932168455273,102.00953384933607,false,true
10,20.0,145.04169787051205,107.6025231636252,3.699800352239862,11.065910086895514,143.73609442106132,147.4358947733012,100.71494045753741,111.78085054443292,false,false
10,20.0,150.48263635089015,112.37744677704579,3.5651048326041916,10.645413321525623,149.17752018661594,152.74262501922013,105.84607251731089,116.49148583883651,true,false
10,20.0,148.48027310163317,98.61595684373944,4.5707652290146825,13.075537154691474,146.87355230827535,151.44431753729003,91.22998048376536,104.30551763845683,true,true
10,20.0,152.77680221926892,104.4793149310341,4.837903927471331,13.059541107288595,151.03566259521676,155.8735665226881,96.79564669897263,109.85518780626123,false,true
10,20.0,147.6466248353825,103.35447539217725,4.1765825238828995,13.036892284685209,146.1911435656396,150.3677260895225,95.8945194965547,108.9314117812399,true,true
10,20.0,152.76208895784129,96.42567805841941,5.78288550837712,13.52644302974538,150.75589312142955,156.53877862980667,88.69401477918483,102.2204578089302,false,true
10,20.0,150.77090412633467,96.0398225954193,5.207440281373522,13.782750775010939,148.8026414725946,154.0100817539681,88.16057098679711,101.94332176180805,true,true
10,20.0,151.5480631115086,90.92193822323415,5.930811380043906,11.934073197636366,149.376443735353,155.3072551153969,83.91864989655915,95.85272309419551,true,false
10,20.0,133.54890984327665,92.5043811763183,4.840423878028531,10.78121478268612,131.83964780199787,136.6800716800264,86.16463315960067,96.94584794228679,false,false
10,20.0,151.5033576885822,98.52889184607812,5.3446976590582835,15.095375584992553,149.61483379129749,154.95953145035577,90.11818635226308,105.21356193725563,true,true
10,20.0,146.74346935038398,110.46529837805492,3.7036195820918465,13.573165934861265,145.4536029100408,149.15722249213263,102.11983216671477,115.69299810157604,false,false
10,20.0,152.60393369150347,96.8607789540498,5.276457597484779,13.606761649781092,150.76915285161127,156.04561044909605,89.18499449624743,102.79175614602852,false,true
10,20.0,151.91198796726349,90.45317498263432,5.666490627866153,14.108839361203223,149.82596121195058,155.49245183981674,82.23788955096784,96.34672891217106,true,false
10,20.0,141.72511733715618,118.36371272428889,2.4144351038825675,7.975345976943345,140.88563540868364,143.3000705125662,113.26277273986474,121.23811871680809,false,false
10,20.0,152.34633795721527,92.95817010580055,5.817574682718714,13.23807020008708,150.16240417549113,155.97997885820985,85.28047310709476,98.51854330718184,false,false
10,20.0,152.75310029254277,101.70900437209114,4.890520294987425,15.298332408934613,151.02526204228835,155.91578233727577,93.24263574207308,108.54096815100769,false,true
10,20.0,150.99576712037205,104.5937631075067,4.42799101579169,13.657977940170312,149.40436372830885,153.83235474410054,96.53836131144406,110.19633925161438,true,true
10,20.0,150.11057285496264,98.11378626804733,4.737093454486029,14.351747092451035,148.34067638960636,153.0777698440924,90.04598794310819,104.39773503555922,true,true
10,20.0,149.91808472217832,99.8916274113499,4.621954220432542,14.112058702098722,148.31920072367646,152.941154944109,91.76959557880932,105.88165428090804,true,true
10,20.0,151.80964556991228,95.84931183263188,5.2688215936551615,14.153029827597592,149.8321384201888,155.10096001384397,87.42449850348012,101.57752833107772,true,true
10,20.0,152.01782530491144,105.33456509123069,4.231726844047444,12.675750411287993,150.50997816701658,154.74170501106403,97.8546973668871,110.53044777817509,false,true
10,20.0,149.72399717674222,90.73663173253995,5.727322251704663,12.055685759200898,147.76531757151403,153.4926398232187,83.52535600839394,95.58104176759484,true,false
10,20.0,149.6449143182553,91.77355158395076,5.824153991285044,12.284317541508798,147.52702569419878,153.35117968548383,84.44769892941522,96.73201647092402,true,false
10,20.0,147.3347264754675,104.86338038702797,4.224804708378912,13.924826965529931,145.8649859988209,150.08979070719982,96.80807757890874,110.73290454443867,true,true
10,20.0,148.45001715107253,90.43559944717856,6.181221158728562,13.964198353126207,146.21462790728867,152.39584906601723,82.28549518860748,96.24969354173369,true,false
10,20.0,143.05040125913348,108.08039942033167,3.926422013818325,10.185678619281902,141.61848749097626,145.5449095047946,102.07276548376643,112.25844410304833,false,false
10,20.0,150.44982982573123,97.19397060943311,5.083455924867394,13.31365968516414,148.66087122756645,153.74432715243384,89.59931780271904,102.91297748788318,true,true
10,20.0,152.16780547935983,94.13307505911689,5.593535800561824,12.663353447928714,150.13043074428134,155.72396654484317,86.75131788231074,99.41467133023946,false,false
10,20.0,151.71394179305048,94.03928770848589,5.58332149342516,14.360295845877687,149.64845695279996,155.23177844622512,85.50035745954924,99.86065330542692,true,false
10,20.0,148.866844039961,97.62545464475404,4.869895907241158,12.202407252104322,147.12973490540543,151.9996308126466,90.73017530656585,102.93258255867018,true,true
10,20.0,143.10942796568543,109.62311328962599,3.428262940674557,10.019866113491418,141.90044304227536,145.3287059829499,103.43002965124202,113.44989576473344,false,false
10,20.0,152.07953866365577,102.45849092404657,4.618855565651472,12.555590276831737,150.42169337536683,155.0405489410183,95.01537461717979,107.57096489401152,false,true
10,20.0,152.80624402915103,87.66370742534477,6.230054218877399,13.806879403262243,150.51103199473147,156.74108621360887,79.81907028115783,93.62594968442008,false,false
10,20.0,153.27781331489967,92.58494080574891,6.00610892394576,13.72203231586343,151.1527455481819,157.15885447212767,84.38714669228534,98.10917900814877,false,false
10,20.0,152.79553117713954,96.4086068840129,5.259474204608011,13.439125615914492,150.8813987819023,156.14087298651032,88.31775766178768,101.75688327770217,false,true
10,20.0,145.05660995241317,114.22606706564787,3.2060541945118075,10.10658385305642,143.88636369469228,147.09241788920409,108.03699306631252,118.14357691936894,false,false
10,20.0,148.2214005137796,89.79610154334645,6.149498401310666,13.910832807827745,146.0727899732183,152.22228837452897,81.97231122922973,95.88314403705748,true,false
10,20.0,148.99622536884385,93.04139908535767,5.481072913256099,12.947636201138678,146.94380974757667,152.42488266083276,85.37020850802013,98.3178447091588,true,false
10,20.0,152.86011170478153,95.2975533925262,5.561469049609798,13.667315888103104,150.83257185149068,156.39404090110048,87.27831869032441,100.94563457842752,false,true
10,20.0,153.29576745011596,88.39996886611364,6.095637570890574,12.759717761279958,151.06353688820192,157.1591744590925,80.99160222383338,93.75131998511334,false,false
10,20.0,151.7752802257112,107.91630624570844,3.9017149460943017,13.382660229191771,150.3715592345598,154.2732741806541,100.40332643653974,113.78598666573151,false,false
10,20.0,152.03403946348016,97.83806239529557,5.452880466172303,14.48213487834532,150.1187853004296,155.5716657666019,89.37637424772211,103.85850912606743,false,true
10,20.0,150.24568695855245,94.23827102479297,5.194016147022637,12.150483031252449,148.40749707607267,153.6015132230953,87.11070884626666,99.26119187751911,true,false
10,20.0,143.23165721059155,100.01013838974137,4.4366174577992865,11.70719792909668,141.58304850944705,146.01966596724634,93.12271249605666,104.82991042515334,false,true
10,20.0,151.22703752503116,96.23133436524532,4.820944455953764,14.468259524011557,149.50273497820757,154.32367943416133,87.78480581291953,102.25306533693109,true,true
10,20.0,152.8658186661253,94.84005046330694,5.361121506698623,13.643732237872584,150.92343901129004,156.28456051798867,87.20520831879836,100.84894055667094,false,true
10,20.0,152.59874649886575,87.50807035054152,6.071356345101179,13.48934738660705,150.4268010734237,156.49815741852487,79.97354584671021,93.46289323331726,false,false
10,20.0,153.5248644126906,90.93946650443482,6.101292396692628,13.031683480056856,151.2763843559909,157.37767675268353,83.57419041159129,96.60587389164814,false,false
10,20.0,152.48164806901795,97.48731058953067,5.351267913102504,13.843209173685153,150.52150002088842,155.87276793399093,89.45512455936995,103.2983337330551,false,true
10,20.0,152.84385128698153,95.99191434393086,5.3718030572633495,14.71108396827448,150.88660451618287,156.25840757344622,87.38791424790746,102.09899821618194,false,true
10,20.0,152.25398049210577,104.4095660567749,4.512340899256316,12.922486078004084,150.6795219924322,155.19186289168852,96.67119466818308,109.59368074618716,false,true
10,20.0,152.3974727839674,91.23584359371773,5.548699829838256,14.908436503983978,150.40193394469486,155.95063377453312,83.0240894706301,97.93252597461408,false,false
10,20.0,152.5716805884756,91.27890417504551,5.744996796784278,13.22935703372444,150.47487026376263,156.2198670605469,83.50660780556504,96.73596483928948,false,false
10,20.0,152.86012005261463,94.1246004326314,5.417380329304592,13.561781251959204,150.92837194664753,156.34575227595212,86.33488715729861,99.89666840925781,false,false
10,20.0,151.57811812908147,102.44514374113261,4.352230521508716,13.06064101856741,150.0131548826053,154.36538540411402,94.70717553584659,107.767816554414,false,true
10,20.0,150.72523654919524,109.78066992413474,4.0685241990755685,12.452513072744836,149.3395718025903,153.40809600166588,102.22786762583851,114.68038069858335,true,false
10,20.0,148.14665875297538,95.39360964535325,4.975031214731246,13.528313243618072,146.32858088475075,151.303612099482,87.44302819390933,100.9713414375274,true,true
10,20.0,151.56913245549322,91.18252651013597,5.854720712392009,13.027575735324788,149.45085994373028,155.3055806561223,83.7775930617971,96.8051687971219,true,false
10,20.0,151.35930840539953,91.09555972937187,5.771563319611857,13.340292088728333,149.28145322570805,155.0530165453199,83.39941015402053,96.73970224274886,true,false
10,20.0,148.92312817158017,95.78327157112582,4.8230007148062555,12.695831520263312,147.15931628274927,151.98231699755553,88.48300888911176,101.17884040937507,true,true
10,20.0,149.1535868068413,91.71139086129605,5.7187182862952,12.737459671129784,147.09295053727942,152.81166882357462,84.48584800040703,97.22330767153682,true,false
10,20.0,153.10630289780772,93.77068765888004,5.666253103887925,13.333274110235848,151.05831311307747,156.7245662169654,85.96530189137556,99.29857600161141,false,false
10,20.0,151.71555312343224,94.42250893209052,5.563260831189069,14.256678363162152,149.70877107729714,155.2720319084862,86.29782097595694,100.55449933911909,true,true
10,20.0,146.44828612425425,91.86574216017561,6.1090330670485,12.791973094189387,144.18343564025076,150.29246870729926,84.4731499219612,97.26512301615058,true,false
10,20.0,152.89995581192738,97.98390226723477,5.325993193000443,13.124443906145899,151.07505605565086,156.4010492486513,90.26013586048403,103.38457976662993,false,true
10,20.0,151.33414601045502,114.97910181746244,3.1515437500404175,10.206615887974706,150.1479447698678,153.2994885199082,108.77568965601033,118.98230554398504,false,false
10,20.0,152.03569298320951,96.07241832466805,5.4453381890149615,12.584796706899212,150.05924182339473,155.5045800124097,88.70439649479194,101.28919320169115,false,true
10,20.0,152.20740098494474,88.62877746765722,6.306868931944223,14.214664455569931,149.84247673596914,156.14934566791337,80.67210024617442,94.88676470174435,true,false
10,20.0,152.92696065318881,95.23614946769447,4.9964668071730785,14.297307362301481,151.1643214367645,156.1607882439376,87.08827280109118,101.38558016339266,false,true
10,20.0,153.06809722050843,97.79014895494706,5.301629412587772,13.822845414566402,151.09229088893636,156.39392030152413,89.66831016209207,103.49115557665847,false,true
10,20.0,143.71247844820755,90.36577987890469,5.1712163869749475,11.1023708313365,141.84419956567694,147.0154159526519,83.62319630937064,94.72556714070714,false,false
10,20.0,150.16359469481364,100.52144097898213,4.6543519203392805,12.297239696518389,148.44128012850754,153.09563204884682,93.31334146314656,105.61058115966495,true,true
10,20.0,149.6953273842025,92.43460947036579,5.74640860069826,13.826389125004027,147.76412374062681,153.51053234132507,84.7210496755115,98.54743880051552,true,false
10,20.0,149.01139631231254,111.44946995923488,3.8078807818793905,13.012904359348198,147.70585249743638,151.51373327931577,103.91386392235708,116.92676828170528,true,false
10,20.0,150.0677553649927,95.07530772967317,5.185673799370107,11.671603347920836,148.12219361415106,153.30786741352117,88.11792615023008,99.78952949815091,true,false
10,20.0,150.59017951811353,114.03042850152642,3.6459049425067462,12.926967796091589,149.3226164106863,152.96852135319304,106.25375622714692,119.18072402323851,true,false
10,20.0,150.60703640132925,95.38682120306012,5.236750789946967,13.314253053024913,148.65277337585314,153.8895241658001,87.66961858291944,100.98387163594435,true,true
10,20.0,142.91432304662737,102.81063052738202,4.459041031218305,11.686217077093985,141.36044187895703,145.81948291017534,95.68472946518732,107.3709465422813,false,true
10,20.0,146.97172799805298,106.17295781000193,4.075178120111758,11.650682779041034,145.59147695829586,149.66665507840762,99.17269492313869,110.82337770217973,false,true
10,20.0,148.6312938772968,96.48284689737844,5.244707155979512,12.358865079470434,146.8013796985454,152.0460868545249,89.32767007951625,101.68653515898669,true,true
10,20.0,151.42694507149878,92.73300738594024,5.947518010663089,13.760940456756117,149.38969748414476,155.33721549480785,84.8138859736207,98.57482643037682,true,false
10,20.0,147.0993703020733,93.8711096275915,5.197958756834339,10.502750955209095,145.07793298540446,150.2758917422388,87.56970381336235,98.07245476857145,true,false
10,20.0,148.2573634825887,95.66932333472369,4.920133960581836,12.06550739768241,146.4327907806154,151.35292474119723,88.69169863838623,100.75720603606864,true,true
10,20.0,153.56645070442477,91.07676055813175,5.824132215114162,12.206642650228176,151.40918673817077,157.23331895328494,84.03394324439466,96.24058589462284,false,false
10,20.0,151.49935258767985,90.34359525326856,6.191990078910862,15.165074510088047,149.2788096447573,155.47079972366816,81.32266776114625,96.4877422712343,true,false
10,20.0,147.41617297390076,115.91801502238961,2.918901227899255,10.338163210546739,146.39952656861067,149.31842779650992,109.72420005192458,120.06236326247132,false,false
10,20.0,149.87559716421868,98.96473213282556,4.772371685571386,12.991531461828032,148.14462994640184,152.91700163197322,91.0393340076967,104.03086546952473,true,true
10,20.0,146.84380022299266,102.54703389792952,4.23944969978109,12.527849012220258,145.319633175969,149.55908287575008,95.30636774403628,107.83421675625654,false,true
10,20.0,145.75427555889286,90.50025392634151,5.573915458511237,12.391979021727636,143.79733867223126,149.3712541307425,83.12335989117058,95.51533891289822,false,false
10,20.0,151.7641605354935,99.15941855209692,5.158651594046802,14.25899100252012,149.93451952878763,155.09317112283443,90.75883048270819,105.01782148522831,true,true
10,20.0,144.87499588920838,94.29885397076505,5.143350511738504,13.68471641982157,143.02612915460978,148.16947966634828,86.3204629786007,100.00517939842227,false,true
10,20.0,151.9430075981697,98.28177704710734,5.128125859227623,13.573460271468875,150.08490864151423,155.21303450074186,90.65267302441177,104.22613329588064,false,true
10,20.0,150.51070785902078,91.05880680780581,6.065857997113596,14.237821983344475,148.3294825312659,154.3953405283795,82.7522968816566,96.99011886500108,true,false
10,20.0,152.41189043399265,98.83918888239506,5.213578612252434,13.281778700303974,150.51362612601577,155.7272047382682,90.92597109823784,104.20774979854181,false,true
10,20.0,151.76768352809694,103.68513902097519,4.5564396644987255,15.37479776215045,150.16898881205785,154.72542847655657,94.89403821924309,110.26883598139354,false,true
10,20.0,150.67517715942176,103.27543484254501,4.481171442623804,11.62369764174261,149.09500648638695,153.57617792901075,96.1765579358799,107.80025557762251,true,true
10,20.0,152.74391149946712,96.72542713906094,5.162258984182955,13.130954842354186,150.84745547872885,156.0097144629118,89.17943130579351,102.3103861481477,false,true
10,20.0,153.78428449510926,87.53349979784542,6.285996810645798,12.6190375821715,151.5027037927186,157.7887006033644,80.31114482843653,92.93018241060803,false,false
10,20.0,151.68525184349187,94.48523817380892,5.555479437917654,14.003754310854731,149.7114827763005,155.26696221421815,86.66058810770397,100.6643424185587,true,true
10,20.0,152.00199362760424,99.67568539856795,5.2698363635596195,14.068809204218311,150.10145598241905,155.37129234597867,91.4281478213516,105.49695702556991,false,true
10,20.0,150.05640432840244,98.07010332701395,5.031753543838391,13.728546883839812,148.2555067796,153.2872603234384,90.35656756393713,104.08511444777695,true,true
10,20.0,148.2017077429454,93.23205171165229,5.2372595785894305,13.493843495939302,146.28668034676045,151.52393992534988,85.43649034287614,98.93033383881544,true,false
10,20.0,151.34584868161477,94.31807101951657,5.418845690958676,11.990154731005504,149.41627752964956,154.83512322060824,87.20824302139636,99.19839775240186,true,false
10,20.0,150.78137952251592,102.32005678826096,4.489900926000047,12.653843685132102,149.15231432690555,153.6422152529056,94.76077887547156,107.41462256060366,true,true
10,20.0,151.12799230631686,90.79232740638244,5.725040757922528,13.564578675644697,149.05997628562318,154.7850170435457,82.9980707987803,96.562649474425,true,false
10,20.0,146.8758529765492,89.585664970252,5.9436894204366695,11.981049399553328,144.75143507416755,150.69512449460422,82.70154060564668,94.68259000520001,true,false
10,20.0,150.55619100985965,91.50347704853212,5.822955164999911,13.600160854504935,148.4808276363138,154.3037828013137,83.85800844733411,97.45816930183905,true,false
10,20.0,153.46750893048733,88.24256588022165,5.7577625298823705,14.223970961927876,151.4134356772268,157.17119820710917,79.88421514561132,94.1081861075392,false,false
10,20.0,152.77997130332216,88.47363734532638,6.135238320611961,13.207800675808926,150.5883930960394,156.72363141665136,81.00675297583041,94.21455365163933,false,false
10,20.0,152.85950048062668,96.16618889940301,5.623993699406384,14.707812933319317,150.8472155071067,156.4712092065131,87.5793581165815,102.28717104990082,false,true
10,20.0,148.99618835209307,100.92202684541445,5.016373512438804,13.471282369989709,147.31321010374413,152.32958361618293,93.14705361019607,106.61833598018578,true,true
10,20.0,152.84544832649618,89.3478480996483,5.894142356666038,12.616834288851308,150.6462103813936,156.54035273805962,82.19017835097436,94.80701263982567,false,false
10,20.0,153.00379313242283,95.06770269194595,5.093389085072403,12.651183892761125,151.18893628858783,156.28232537366023,87.75483717849555,100.40602107125667,false,true
10,20.0,153.1408422835973,94.43056693348132,5.489892681228014,13.258214214895304,151.1874511604275,156.67734384165553,86.37851109182002,99.63672530671532,false,false
10,20.0,145.33942802052601,97.32038577437693,5.0254551416084325,11.622028996094627,143.54920687768316,148.5746620192916,90.43771301364691,102.05974200974154,false,true
10,20.0,151.80406594963623,98.41296725414806,5.210092496446663,13.280516239953641,149.93759680962302,155.14768930606968,90.44106920859039,103.72158544854403,true,true
10,20.0,151.3324201747634,108.34951141571062,4.021937938394245,12.856479788792186,149.90504717634155,153.9269851147358,100.60015668291467,113.45663647170686,true,false
10,20.0,150.34471879846186,91.3303735038163,5.736500755745311,11.782222666473984,148.27219115491343,154.00869191065874,84.22539854282802,96.007621209302,true,false
10,20.0,149.3069288352587,105.10661323986648,4.191331641389297,13.828223250041916,147.85830711928983,152.04963876067913,97.046266243107,110.87448949314891,true,true
10,20.0,152.67798396070935,88.90166790586903,5.938987233302186,13.494733318316037,150.5551350034333,156.49412223673548,81.12015738300354,94.61489070131958,false,false
10,20.0,152.52339516156016,96.53520339455773,5.4874099672601915,14.673613653829335,150.56440250459065,156.05181247185084,87.94089312297453,102.61450677680386,false,true
10,20.0,147.89435381741612,104.06197317384479,4.57758119165635,12.6415629009511,146.25408281216951,150.83166400382586,96.4843033122496,109.1258662132007,true,true
10,20.0,150.5794386074895,118.92691176257136,2.9738289592896194,10.754950184584146,149.59824031315048,152.5720692724401,112.2145411004845,122.96949128506864,true,false
10,20.0,150.88385415880884,89.1235803405767,5.812927953734373,13.167584088198637,148.76357865150814,154.5765066052425,81.3101770173615,94.47776110556013,true,false
10,20.0,149.16960420482496,95.02511842746034,5.155085823081208,11.634366318607078,147.3719585654674,152.5270443885486,87.99175578015385,99.62612209876093,true,false
10,20.0,152.04087017199308,90.49429067757225,5.840235691876984,11.595784713590305,150.01300058712678,155.85323627900377,83.67474841975299,95.27053313334329,false,false
10,20.0,151.92221278223587,102.71762953881424,4.436898734048327,15.098624552716373,150.3300787245078,154.76697745855614,93.82383432880754,108.92245888152391,false,true
10,20.0,142.338164784865,102.63398272617754,4.070545229334954,11.33073086335638,140.87294865822966,144.9434938875646,95.72871263236173,107.05944349571811,false,true
10,20.0,148.40271823071237,96.86324193600576,5.207914515458526,13.321427463954905,146.55191085741777,151.7598253728763,89.25276124097493,102.57418870492984,true,true
10,20.0,152.36485724202703,105.76392839561153,4.281806684721204,14.038479621449383,150.91088592305186,155.19269260777307,97.58067159303968,111.61915121448907,false,true
10,20.0,152.74413923649496,101.40855394554893,4.85081594570579,14.550796353003662,150.9749033921833,155.8257193378891,93.30889901318928,107.85969536619294,false,true
10,20.0,152.5495391879515,94.22220170756862,5.354664670811616,13.716701606126335,150.61319650183916,155.96786117265077,86.5275684427632,100.24427004888953,false,true
10,20.0,150.49516536585747,105.61719005879249,4.343951833547948,12.222102226649184,148.9617130932285,153.30566492677644,98.56563101102185,110.78773323767103,true,true
10,20.0,146.63306838337877,108.16602506503594,4.007698938017995,10.872886149013908,145.19909010836764,149.20678904638564,101.56559264500845,112.43847879402236,false,false
10,20.0,151.704259720417,94.06948950529144,5.810903167051805,14.629912304741822,149.6594679338614,155.4703711009132,85.87046068235077,100.50037298709259,true,true
10,20.0,151.3791058152388,95.37491413114563,5.435713116217897,13.216429581808086,149.42085339056126,154.85656650677916,87.6997693779744,100.91619895978249,true,true
10,20.0,145.79784689925475,105.2878353514595,3.9605590525649177,10.887825219560895,144.38126194736012,148.34182099992503,98.52063037571665,109.40845559527754,false,true
10,20.0,144.16090773441633,89.9321917397429,5.739238189341506,12.30590496199899,142.06131180800338,147.8005499973449,82.57050258637986,94.87640754837885,false,false
10,20.0,153.04145602130487,89.04665754464976,6.13608371876785,14.021899155204068,150.6971433956731,156.83322711444094,81.11576558724741,95.13766474245148,false,false
10,20.0,151.2143044529694,109.34162975773955,3.799108892058456,12.92204565572034,149.8977425727673,153.69685146482576,101.87336908999974,114.79541474572008,true,false
10,20.0,152.66594903037026,92.71851150757146,5.347843764306958,13.120727649546026,150.66097293608664,156.0088167003936,84.87786494542543,97.99859259497146,false,false
10,20.0,151.5215022704823,96.94593342933983,5.324326539485327,13.67421038810049,149.66038154304454,154.98470808252986,88.64815221938963,102.32236260749012,true,true
10,20.0,152.06593871298588,89.57576165442443,5.908914802117209,14.857226761316085,149.95323986898683,155.86215467110404,80.99674908312079,95.85397584443687,true,false
10,20.0,152.82585359266636,95.19257424123487,5.369522860258883,14.110329183610006,150.87199873217327,156.24152159243215,87.1462316998473,101.25656088345731,false,true
10,20.0,151.12730451020406,92.353069137745,5.551935429461139,14.229705091837474,149.0549442603328,154.60687968979394,84.3664459747713,98.59615106660877,true,false
10,20.0,149.57194547694343,108.71645455732035,3.5459649142287333,13.96596408931697,148.32416778241625,151.870132696645,100.42676545144758,114.39272954076455,true,false
10,20.0,148.3286596750563,92.54600192745016,5.573742147800203,12.922511530438243,146.28961901056036,151.86336115836056,85.08967681744994,98.01218834788818,true,false
10,20.0,150.84956535244407,97.58097123994806,5.176560909326668,12.416610709105171,148.98462285530223,154.1611837646289,90.25023508104631,102.66684579015148,true,true
10,20.0,150.32191563215918,96.63130783339915,5.480156700568784,12.566575523354913,148.3410829173086,153.82123961787738,89.28113584761218,101.84771137096709,true,true
10,20.0,147.45714583824156,98.29367570666085,4.614703817596109,12.721123832670855,145.88819316373068,150.50289698132678,90.3964878341181,103.11761166678896,true,true
10,20.0,152.0452160222942,92.71014833971992,5.780779269704311,13.34285307800512,149.93927957343564,155.72005884313995,84.90786816722141,98.25072124522653,true,false
10,20.0,152.6423833803711,90.33578013744904,6.023586493063135,13.409621043071368,150.44311505397633,156.46670154703946,82.43579427179222,95.84541531486359,false,false
10,20.0,151.81234835838123,95.93673934375634,5.738046015403086,14.604077450088255,149.82625708334984,155.56430309875293,87.32767418122017,101.93175163130843,true,true
10,20.0,140.02326931250172,105.8554545840927,3.492206072652209,9.665343586423177,138.80691719213263,142.29912326478484,99.89286832406336,109.55821191048653,false,true
10,20.0,146.82078722884043,98.41958815957531,5.0745727445238344,12.983548174361715,145.12124403920023,150.19581678372407,90.95467756059635,103.93822573495807,true,true
10,20.0,150.7401652946607,90.07363573504303,6.204974990114778,12.377141739983344,148.49362519839596,154.69860018851074,82.9029366009608,95.28007834094414,true,false
10,20.0,153.8101996622383,89.2003073960299,6.066557846477963,14.104090457162172,151.49679239440943,157.5633502408874,81.3073384234139,95.41142888057607,false,false
10,20.0,152.48394918579868,104.78755082129787,4.341293259387783,14.053991322684354,150.93968530194877,155.28097856133655,96.44309229073531,110.49708361341966,false,true
10,20.0,146.17198314081162,96.27504278793634,4.928336956695944,11.57476919667414,144.355998091817,149.28433504851296,89.2883594048253,100.86312860149944,false,true
10,20.0,151.78992613385543,89.10997371981409,6.124109197083811,14.25419470288739,149.39529140884562,155.51940060592943,81.00869574670611,95.2628904495935,true,false
10,20.0,128.66737835731948,99.64538681304228,3.1656326177165113,8.172353422781654,127.55442425223532,130.72005686995183,94.55380894446483,102.72616236724649,false,true
10,20.0,148.20084578069805,101.44440420846233,4.82353436519935,13.315905168001862,146.4873329878903,151.31086735308966,93.63192327332472,106.94782844132658,true,true
10,20.0,148.07864944425768,96.18882469640381,5.092522437232191,14.385977696131036,146.30356115656767,151.39608359379986,88.19290737700159,102.57888507313262,true,true
10,20.0,145.28787780642378,93.21148764444106,5.579223399189374,13.284233189796907,143.3228050156993,148.90202841488866,85.5982067810528,98.8824399708497,false,false
10,20.0,149.67385503269122,107.27634753397702,4.0444447113079605,12.325730762110638,148.30166388422384,152.3461085955318,99.77873258313492,112.10446334524556,true,true
10,20.0,146.24812784894368,91.59878393665495,5.471832979105699,13.80570314675235,144.1985013785058,149.6703343576115,83.7795128730191,97.58521601977145,false,false
10,20.0,152.14388764355704,97.50363012114317,5.271868454827654,12.984501867258444,150.19878120811438,155.47064966294204,89.85836268704696,102.84286455430541,false,true
10,20.0,152.95916357859988,96.03270324725085,5.496262767720282,12.469150217055642,150.98283488507894,156.47909765279923,88.69300573494996,101.1621559520056,false,true
10,20.0,150.6398759046278,103.59583164170974,4.255129660094497,12.65291239682719,149.07519217669793,153.33032183679242,96.17134278736141,108.8242551841886,true,true
10,20.0,148.05474168202898,113.98136568197273,3.46231196124171,10.88228438602684,146.8760802399217,150.3383922011634,107.15494720908276,118.0372315951096,true,false
10,20.0,152.4031330823642,101.04665308848006,4.5199191640819265,14.000378216982767,150.73786562128743,155.25778478536935,92.98066540456256,106.98104362154533,false,true
10,20.0,146.34383204868925,91.90792470284092,5.312052809394203,11.408242427965789,144.48220290737441,149.79425571676862,85.07157711286335,96.47981954082914,false,false
10,20.0,149.27749485676915,113.70318176575225,3.4360758564179434,10.675494286131695,148.06708520022661,151.50316105664456,107.10695419742696,117.78244848355865,true,false
10,20.0,150.22212174636428,94.35056465732063,5.181793212955796,13.076784473545047,148.33178382210158,153.51357703505738,86.58230749120688,99.65909196475192,true,false
10,20.0,153.11054070244722,95.393390760995,5.261386747917015,12.941951214901835,151.17360196015858,156.4349887080756,87.51922097210993,100.46117218701177,false,true
10,20.0,152.28850955590937,88.99183532788439,6.169256381029612,12.954157335775761,150.1695032171954,156.338759598225,81.37518577206427,94.32934310784003,false,false
10,20.0,151.95336582940007,102.91747064579488,4.9002158883652385,13.760814093616219,150.20292734650386,155.1031432348691,95.06955889576092,108.83037298937714,false,true
10,20.0,149.6445441841735,112.77118907625925,3.53024118275232,12.05414621059046,148.42735577898227,151.9575969617346,105.45628421672832,117.51043042731878,true,false
10,20.0,145.46999429047236,90.98237591436038,5.1457799076580955,12.737001157497048,143.59662864522673,148.74240855288483,83.7303455963814,96.46734675387845,false,false
10,20.0,151.42254419366787,93.28947370380439,5.541174608487921,12.272237869520922,149.41194434670436,154.95311895519228,86.03305044277079,98.30528831229171,true,false
10,20.0,149.2759914886841,97.6834642949961,5.16845782726196,13.397454799007832,147.30234079053534,152.4707986177973,89.82398682836799,103.22144162737582,true,true
10,20.0,151.88339068919544,108.33694116758338,4.246389006493075,13.440881864863172,150.3288372095808,154.57522621607387,100.39336460849798,113.83424647336115,false,false
10,20.0,153.0168942211822,94.387885554064,6.060627641861544,12.958528356471945,150.86018936964803,156.92081701150957,86.76844189495357,99.72697025142551,false,false
10,20.0,153.1671495176612,89.69540723110208,6.151571230515316,13.656908921356944,150.87739421764758,157.0289654481629,81.6924323169605,95.34934123831745,false,false
10,20.0,152.72668135893178,93.06600922015741,5.932872493376323,12.492808415315011,150.51777068521656,156.45064317859288,85.60048383000415,98.09329224531916,false,false
10,20.0,152.76592165007924,102.80645961971874,4.781280906127364,14.96371575632267,151.0329366043057,155.81421751043305,94.11074057565966,109.07445633198233,false,true
10,20.0,153.28874207387253,92.03379567325369,5.518532068425401,12.158171676155249,151.23424728546792,156.75277935389332,84.99240533391963,97.15057701007488,false,false
10,20.0,144.83132462937385,92.189985328483,5.234921137701349,11.86067125744708,142.9792391473632,148.21416028506454,85.09901270248778,96.95968395993486,false,false
10,20.0,152.07331032425563,104.6252974419605,4.800912731771405,13.59792119450465,150.38780151437453,155.18871424614593,96.57705656721073,110.17497776171538,false,true
10,20.0,152.55272849798752,87.964284238754,5.978315354531787,13.858217530431972,150.3303265343764,156.3086418889082,79.96348366733775,93.82170119776973,false,false
10,20.0,150.91544009786932,104.31561785789754,4.418252795142081,13.27408902727963,149.30617359555055,153.72442639069263,96.52601463998334,109.80010366726297,true,true
10,20.0,152.78255891194047,94.77176516411262,6.094281008465373,13.107343747064633,150.57791129781367,156.67219230627904,87.17991709699702,100.28726084406165,false,true
10,20.0,153.03983013008903,90.0461197029724,5.936840517956284,13.55456245932649,150.8127707168696,156.7496112348259,82.29806838928192,95.85263084860841,false,false
10,20.0,147.50823489253054,111.23602909897158,3.3921236197656697,12.2263134233134,146.31134394483396,149.70346756459963,103.92279607859729,116.14910950191069,false,false
10,20.0,152.12108070081382,93.92385828157154,5.544251178309452,13.06269745613426,150.16105015576426,155.7053013340737,86.60955391326323,99.67225136939749,false,false
10,20.0,151.86394719899027,89.43559382905556,6.032906909501207,13.571966449940831,149.6407927615528,155.673699671054,81.90244308568764,95.47440953562847,true,false
10,20.0,150.9560439607667,117.3757861850489,3.3671630122559577,10.803338021787837,149.7467985318777,153.11396154413364,110.71883412182306,121.5221721436109,true,false
10,20.0,149.8398631957192,91.2508982738334,5.6473576856690215,14.360809039989519,147.74675112689812,153.39410881256714,83.03604135048482,97.39685039047434,true,false
10,20.0,148.704126676009,90.46679884281306,5.536454522531187,12.303594201641786,146.70368658734708,152.24014110987827,83.39059907543889,95.69419327708067,true,false
10,20.0,153.556529470987,92.93153409979236,6.2303438976096,14.344353062760888,151.3584774164926,157.5888213141022,84.74513742065211,99.089490483413,false,false
10,20.0,145.99541302680316,96.78213739402489,5.61311705212384,12.637796012913768,144.1826076462558,149.79572469837964,89.21807664157606,101.85587265448983,false,true
10,20.0,152.6242860404177,92.5338883563137,5.461554352701512,13.73690560708647,150.64534531281487,156.10689966551638,84.65176090684795,98.38866651393442,false,false
10,20.0,149.16470517597114,94.89447338873893,5.409138587602939,11.359501799463303,147.2590075064695,152.66814609407243,87.9275051935688,99.28700699303211,true,false
10,20.0,152.67078405858277,98.9832031801713,4.799628854735715,13.63792497485801,150.95426815205082,155.75389700678653,91.22589397379753,104.86381894865553,false,true
10,20.0,143.97660335032487,100.71328590189343,4.395237120446637,11.386679740370056,142.4489213753689,146.84415849581555,94.05845408726573,105.44513382763579,false,true
10,20.0,151.8822461023318,95.25116082962018,5.233963127688128,11.83906206392136,150.01162811195007,155.2455912396382,88.29925689414117,100.13831895806253,false,true
10,20.0,151.39235206489045,89.07731790174265,6.1070293970667535,13.726544563434132,149.1789132425454,155.28594263961216,81.21412878821421,94.94067335164834,true,false
10,20.0,153.59843164187424,87.7008496736126,6.319163438595496,15.492513910100314,151.32316244032802,157.64232587892351,78.93264390380725,94.42515781390756,false,false
10,20.0,143.70912059713493,99.38693039732165,4.7345045855544186,11.95350210273729,142.0346229590284,146.76912754458283,92.36426328663497,104.31776538937225,false,true
10,20.0,153.39127049597676,94.67761903465819,5.275398176368668,13.54793387256018,151.35444016820733,156.629838344576,86.67389765601257,100.22183152857275,false,true
10,20.0,147.96316803194009,92.61398314167677,5.624929421866483,12.121541702526514,145.93307382236935,151.55800324423583,85.26041763144624,97.38195933397276,true,false
10,20.0,151.87650150313542,93.92920058511876,5.476443499495645,12.179648259673485,149.82167154314442,155.29811504264006,86.90031151435292,99.0799597740264,true,false
10,20.0,151.70027209728497,105.7588682559529,4.369993361194105,13.40889577455468,150.13102308566968,154.5010164468638,98.02132002040739,111.43021579496207,false,true
10,20.0,149.12652733356975,111.49704172668129,3.4555372076141566,12.619434630498503,147.90484650645985,151.360383714074,103.920052842791,116.5394874732895,true,false
10,20.0,149.3011448779247,101.85152383845926,4.308629401046517,12.380962640623025,147.78248043283628,152.0911098338828,94.56254344525408,106.9435060858771,true,true
10,20.0,152.7226420782917,104.04820052349618,4.551011362018016,13.575571018070121,151.05561359113517,155.6066249531532,95.79876898339987,109.37434000146999,false,true
10,20.0,150.6795002944587,101.28210662337624,4.66910415638165,13.624835029572878,149.0110159417821,153.68012009816374,93.43897621380538,107.06381124337825,true,true
10,20.0,150.06546987649585,103.16986027455393,4.374549538405489,11.687023003052047,148.47156398842327,152.84611352682876,96.13469946848143,107.82172247153348,true,true
10,20.0,151.00328765596277,109.3474182346232,3.9868738091029456,11.488593955622662,149.5576946634777,153.54456847258064,102.62092313402019,114.10951708964285,true,false
10,20.0,152.15161825811933,112.76437455587362,3.742682426006212,11.741330005648635,150.7970758413574,154.53975826736362,105.40785176544831,117.14918177109695,false,false
10,20.0,152.28007483459922,102.51793798852808,4.704409394516972,11.281917302475193,150.6478827527121,155.35229214722906,95.95964374505513,107.24156104753033,false,true
10,20.0,152.61895502591437,98.32161149739635,4.898160721793175,14.160662699222428,150.69521974435295,155.59338046614613,90.24319665685903,104.40385935608145,false,true
10,20.0,152.51330022101732,104.10147093972529,4.902439108070865,13.731980469685752,150.78667360414354,155.6891127122144,96.20824125902597,109.94022172871172,false,true
10,20.0,150.1656241714685,96.1551616204631,5.096857981760735,13.075755602831876,148.37798752333126,153.474845505092,88.32802397233478,101.40377957516665,true,true
10,20.0,152.14840414191627,91.83970578955817,5.928754630393655,14.56433275116504,150.0632868026019,155.99204143299556,83.80871286374935,98.37304561491439,false,false
10,20.0,144.32771618240793,100.08831142022544,4.081252018860823,11.18887080254909,142.84533643792327,146.9265884567841,93.42597845306351,104.6148492556126,false,true
10,20.0,148.53048184453635,102.6708277366711,4.501559659747414,14.095410082172123,146.9473984927532,151.4489581525006,94.35030094586072,108.44571102803285,true,true
10,20.0,150.39559781918067,94.1881686079997,4.887960943012558,13.149902896668834,148.60651596953562,153.49447691254818,86.26319400981346,99.4130969064823,true,false
10,20.0,151.93158260147294,88.65553514524072,6.443056027505236,13.15614512252155,149.56494292458774,156.00799895209298,81.17764986658646,94.33379498910801,true,false
10,20.0,152.52954636318415,91.60663781995422,5.750112406803652,12.513105518813433,150.48520105187194,156.2353134586756,84.3287161818917,96.84182170070514,false,false
10,20.0,144.72212804064327,103.19933547576842,4.386433149609843,11.225363384919817,143.2277203305476,147.61415348015746,96.49681405899098,107.7221774439108,false,true
10,20.0,152.2989572535547,88.8017589934628,5.850407511859373,14.417394011059528,150.09090672023183,155.9413142320912,80.8308513866121,95.24824539767162,false,false
10,20.0,147.29997078667947,94.46365445712327,5.151652595855722,10.66107327223763,145.37383615017006,150.5254887460258,88.19184893786358,98.85292221010121,true,false
10,20.0,148.37037151450693,100.71750095063754,4.917369122172744,10.533730347416494,146.59866265987495,151.5160317820477,94.34381361430879,104.87754396172528,true,true
10,20.0,145.34759179884227,98.08740973488621,4.855846742550739,12.678877212514848,143.60385136902136,148.4596981115721,90.7434490421625,103.42232625467734,false,true
10,20.0,153.1720423113265,92.70442389423128,5.8377305943302815,14.372244358380058,151.00325659444593,156.8409871887762,84.54983736767409,98.92208172605415,false,false
10,20.0,152.0193233305039,96.36801210420367,5.4971378974018705,14.367311593196746,150.06671309006467,155.56385098746654,88.2012201759189,102.56853176911565,false,true
10,20.0,139.53200730068065,90.00408390959656,5.225097598602929,11.19117312051408,137.58709861020577,142.8121962088087,83.58956268485204,94.78073580536612,false,false
10,20.0,138.15706556172472,99.40957866468072,4.270486726342426,10.683668145341045,136.62193589154163,140.89242261788405,93.11606148776093,103.79972963310198,false,true
10,20.0,153.07503756500486,96.0329526682383,5.4556759659771785,11.237044896557194,151.09805305214778,156.55372901812495,89.19448410399897,100.43152900055617,false,true
10,20.0,150.80848627225873,92.61724726663616,5.5688626553678375,12.59315739369137,148.71510355873036,154.2839662140982,85.37054662536654,97.96370401905791,true,false
10,20.0,147.07368016111707,103.64152764068734,4.221468368300151,11.85179353392654,145.51630904432866,149.73777741262882,96.50101228282082,108.35280581674736,false,true
10,20.0,147.42677214071335,87.94284742574565,5.6588780917707595,13.334594278957326,145.34323666709574,151.0021147588665,80.45441372590999,93.78900800486731,true,false
10,20.0,149.1367571985697,98.79734547746264,4.63502345676568,11.478029239841177,147.53230798639828,152.16733144316396,92.33825743560766,103.81628667544884,true,true
10,20.0,147.59867133600636,98.77931538621733,5.08816566542157,13.530664346213698,145.59604263511437,150.68420830053594,90.9286711533063,104.45933549952,true,true
10,20.0,146.9292409752838,93.78166972846472,5.353368378381276,12.194311440697163,145.0523219033278,150.40569028170907,86.88993063794865,99.08424207864581,true,false
10,20.0,151.42320093852555,94.2576534326986,5.755450331743333,12.67724104482221,149.38134067597684,155.13679100772018,86.87530357706933,99.55254462189154,true,false
10,20.0,152.97971876466397,87.07822635185713,5.970578497652184,13.095624361109088,150.79879302994317,156.76937152759535,79.60657960985237,92.70220397096146,false,false
10,20.0,151.71563709371227,95.08022998242453,5.535983847460301,11.699901606333015,149.72135952899845,155.25734337645875,88.17031241990276,99.87021402623577,true,false
10,20.0,151.89148459047178,97.56279907182173,5.066270184448712,13.923712342656145,149.96844056448475,155.03471074893346,89.31008501882344,103.23379736147959,true,true
10,20.0,152.34032630364948,95.77323234634679,5.470496762687304,13.057827770675587,150.3913316074792,155.8618283701665,88.43016449216421,101.4879922628398,false,true
10,20.0,147.42849673211884,101.2624175925989,4.583422397515221,12.738817665580214,145.73965987157527,150.3230822690905,93.8647328655431,106.60355053112332,true,true
10,20.0,153.0514940698596,92.39116552894595,5.6099843058105705,14.624585665715259,151.09083793720106,156.70082224301163,83.97223962528618,98.59682529100144,false,false
10,20.0,152.0595334099195,98.96917507805017,5.127843688272094,14.535705758034055,150.2226538865831,155.35049757485518,90.61329975345836,105.14900551149242,false,true
10,20.0,146.32534279997415,92.72490728155162,5.546832490150024,13.703046513794291,144.25681667533476,149.80364916548479,84.79540661988045,98.49845313367474,false,false
10,20.0,139.95281174233867,98.9209052706175,4.618427002619342,10.663479457905694,138.31956433279385,142.9379913354132,92.66770233821977,103.33118179612546,false,true
10,20.0,149.2319846816006,102.33258608068192,4.288864282163331,13.123240812589557,147.69332569024107,151.9821899724044,94.75629157260417,107.87953238519373,true,true
10,20.0,149.8720460253661,96.49994231692834,5.270399435021005,12.294454053350904,147.83931395399134,153.10971338901234,89.53365484293111,101.82810889628202,true,true
10,20.0,148.71358097746963,96.19637113925734,5.169976973824362,12.62108117727773,146.7843246513521,151.95430162517647,89.05221087999819,101.67329205727592,true,true
10,20.0,151.23082035303474,100.8451377032354,4.872904047525935,14.251784194006774,149.45480517592827,154.3277092234542,92.50305410338649,106.75483829739326,true,true
10,20.0,151.87006855725804,92.518414466639,5.551734796766084,13.750141005815493,149.8512686429228,155.4030034396889,84.30156891004376,98.05170991585925,true,false
10,20.0,149.55060561597242,93.63660711208243,5.607749447598508,12.374922510884758,147.5514332534981,153.1591827010966,86.23073953051762,98.60566204140238,true,false
10,20.0,146.29785419195395,102.8879237752485,4.06394301633992,12.740204161341097,144.84181976704772,148.90576278338764,95.43263273166201,108.17283689300311,false,true
10,20.0,152.4885142315199,102.66123722709965,4.69449892097137,13.460434337930181,150.8168974669289,155.51139638790028,94.58902037915634,108.04945471708652,false,true
10,20.0,152.89949245815544,90.38221716192074,5.687790502425543,14.430488347568598,150.81498777113777,156.5027782735633,81.9482388079987,96.3787271555673,false,false
10,20.0,152.85745976782135,92.8178097086708,5.851427748830588,14.326936813304883,150.7666658481307,156.6180935969613,84.42397058913046,98.75090740243535,false,false
10,20.0,150.0975337312237,105.75632077634457,4.152636662769737,13.402508645071364,148.62062825066718,152.77326491343692,97.9459003353094,111.34840898038077,true,true
10,20.0,151.91199525129505,90.96880552618407,6.06855371248858,12.067468184648192,149.71463558162304,155.78318929411162,84.27666718967316,96.34413537432135,true,false
10,20.0,148.84581425099142,90.50891002151684,5.905871790744271,12.2830229101058,146.78647675156944,152.6923485423137,82.94428083193012,95.22730374203591,true,false
10,20.0,150.90384510743897,91.23052167206166,6.135719697403715,14.137628335147667,148.72510290574328,154.860822603147,83.43891511082245,97.57654344597012,true,false
10,20.0,153.48728169934924,88.60937219005643,5.894495680893897,13.21577700781458,151.2641709472565,157.1586666281504,81.05301480960787,94.26879181742245,false,false
10,20.0,151.24573677197435,91.56193003336293,5.7375590984230485,12.60528804396597,149.13375319566538,154.87131229408843,84.23683692767092,96.84212497163689,true,false
10,20.0,152.70629752328938,96.81133217626848,5.222560976996107,14.74000563803746,150.8157408318057,156.0383018088018,88.17967763454574,102.9196832725832,false,true
10,20.0,150.84056329893218,108.78608718593821,4.152756598460002,13.65269862129658,149.36585563319608,153.51861223165608,100.936805797744,114.58950441904058,true,false
10,20.0,152.84347815953612,88.22579626335107,6.031959813199222,13.148677272743456,150.61964435487923,156.65160416807845,80.70201730270769,93.85069457545114,false,false
10,20.0,148.96349986230234,102.66439367426929,4.559573573200055,13.521726905629322,147.38012707207898,151.93970064527903,94.70503633552455,108.22676324115388,true,true
10,20.0,149.77790200707494,90.3637308106403,5.687564558491545,13.163803907032289,147.67272198524304,153.3602865437346,82.72095156816778,95.88475547520007,true,false
10,20.0,140.97568001209265,102.86774027741001,3.9393587298897046,11.09211328494105,139.53285726796742,143.47221599785712,96.437638591544,107.52975187648505,false,true
10,20.0,140.30399588633074,97.40133617907955,4.836717885386037,11.041359254432805,138.66088950662424,143.49760739201028,90.9748567112644,102.0162159656972,false,true
10,20.0,153.40154972896136,92.10625731474862,5.739456111258249,13.946060078096963,151.37294875065822,157.11240486191647,83.92530675785142,97.87136683594838,false,false
10,20.0,152.25794218688202,99.15547920649425,5.066864733946886,13.917903067175502,150.3831030426067,155.4499677765536,90.93317878953442,104.85108185670992,false,true
10,20.0,149.2035415237611,101.05518002460876,4.63908876584361,13.460039466307308,147.49903900856776,152.13812777441137,93.1195345953067,106.57957406161401,true,true
10,20.0,153.1760252608808,96.40388728121752,5.475816232878742,15.064361027573426,151.14707759415896,156.6228938270377,87.60095509785987,102.66531612543329,false,true
10,20.0,152.85521894257693,92.95428045401687,5.765214649772673,13.326599326378371,150.7275593820709,156.49277403184357,85.20622088777905,98.53282021415743,false,false
10,20.0,150.24344135284906,102.06387519578828,4.733487718580676,14.431496271119798,148.56376954067892,153.2972572592596,93.42608403279232,107.85758030391212,true,true
10,20.0,148.96875749154847,91.29749336758576,5.917263609155725,13.620066334005386,146.7940119378636,152.7112755470193,83.52302982629014,97.14309616029553,true,false
10,20.0,143.34940628076882,100.14855166649447,4.509146853773132,11.041937831241015,141.7829158682772,146.29206272205033,93.57217096169155,104.61410879293257,false,true
10,20.0,151.52721921682638,88.75122849963716,6.281681624638281,14.486640986523355,149.279990956902,155.56167258154028,80.31211202112445,94.7987530076478,true,false
10,20.0,153.01343803472713,95.80660476749739,4.689020505285129,12.257760633983139,151.29095359690413,155.97997410218926,88.47705188963876,100.7348125236219,false,true
10,20.0,150.8939185931468,92.13128133911655,5.64484443794322,13.013294947530127,148.85436010485364,154.49920454279686,84.53149161913944,97.54478656666957,true,false
10,20.0,150.23093949448258,104.45667384986396,4.417097920879513,12.927874517302627,148.67451355986964,153.09161148074915,96.9624919942164,109.89036651151903,true,true
10,20.0,150.12930478339612,92.96622021348765,5.255918410317918,13.100463387596761,148.28880146541366,153.54471987573157,85.34788616494467,98.44834955254143,true,false
10,20.0,150.31199553978558,98.20514415891033,5.321082516998587,12.650170168637217,148.50299676731086,153.82407928430945,90.87616741375314,103.52633758239035,true,true
10,20.0,148.92964707207418,96.83696281128879,5.210960121304765,12.87609142448531,147.10595895750214,152.3169190788069,89.20606582227626,102.08215724676157,true,true
10,20.0,148.54792754811928,100.27703839720459,4.435167946774897,12.200967422555607,146.88413870636373,151.31930665313863,93.16154569366657,105.36251311622217,true,true
10,20.0,149.44258153224104,104.2894231855903,4.528980295076849,13.55917060031345,147.8485291210852,152.37750941616204,96.28989860465356,109.84906920496701,true,true
10,20.0,153.37070988624032,91.60024487140024,5.529379931135082,13.580344182337313,151.327338908364,156.85671883949908,83.758571796285,97.33891597862231,false,false
10,20.0,148.15692339191907,119.09741265606755,2.638472079102712,8.509978973776782,147.2303351063395,149.86880718544222,113.9296669211366,122.43964589491338,false,false
10,20.0,149.72792392583165,95.60521793624474,5.255407401487787,12.084074382761287,147.9092319304096,153.16463933189738,88.7009099865086,100.78498436926989,true,true
10,20.0,149.13926525063442,101.51878629920958,4.701988541645193,12.200571491488603,147.39783050137257,152.09981904301776,94.1364708195982,106.3370423110868,true,true
10,20.0,152.7712829864308,97.11651392203711,5.043667267345086,14.329752814384591,150.91969863039742,155.9633658977425,88.84154068134268,103.17129349572727,false,true
10,20.0,151.24507462623586,115.59839539836791,3.321875094335894,10.58173854719118,149.9821370662148,153.30401216055068,109.09368656782982,119.675425115021,true,false
10,20.0,148.0275329741445,97.8638378745819,4.842420823551578,13.954648953573766,146.26210585719863,151.1045266807502,89.58646691459153,103.54111586816529,true,true
10,20.0,151.4716548404284,94.40498339566832,5.359282397202406,12.825811393824253,149.5644849230261,154.9237673202285,86.7987883985959,99.62459979242016,true,false
10,20.0,146.13744199283263,112.2373564387337,3.5582925700701367,10.521091827562373,144.9165944263832,148.47488699645334,105.51717498072,116.03826680828237,false,false
10,20.0,149.9710263282911,103.17954487979699,4.4268766268453135,13.952200746316763,148.38891429752803,152.81579092437335,95.0571395905071,109.00934033682387,true,true
10,20.0,150.29578059935582,112.55661187814869,3.58418050922765,11.761097652471634,149.06825849380226,152.6524390030299,105.67553054263803,117.43662819510966,true,false
10,20.0,150.06300458918457,93.93348763388357,5.260147133986948,13.312456937464276,148.1315062359027,153.39165336988964,86.3133429571239,99.62579989458817,true,false
10,20.0,152.02166971488182,102.09796295298821,4.505530434733373,13.738902467567371,150.4859386286238,154.9914690633572,94.36050212763577,108.09940459520314,false,true
10,20.0,147.9952988139315,116.47979538582588,2.9773402406129605,9.333024383864668,146.9258010959681,149.90314133658106,110.76702920134242,120.10005358520709,false,false
10,20.0,144.12054236051662,98.43990828205838,4.542761134426144,12.520804141157328,142.46870690815746,147.0114680425836,91.04961205477919,103.57041619593652,false,true
10,20.0,144.71562233943078,100.55507466652976,4.85841736612079,10.942138931284234,143.0383476156867,147.89676498180748,93.9714329425672,104.91357187385144,false,true
10,20.0,150.8611056560754,107.06110802905866,4.3668233026481005,13.120438000009315,149.3348516723469,153.701674974995,99.19889005238993,112.31932805239924,true,true
10,20.0,152.09753543879873,96.50953175914618,5.121188765363627,12.50523908731769,150.2055412488299,155.32673001419352,89.1914664290939,101.69670551641158,false,true
10,20.0,151.65071736879085,101.72218384934523,4.5639041057120835,13.72156425067756,150.06360210353895,154.62750620925104,93.55403087926621,107.27559512994377,false,true
10,20.0,152.0777595840788,91.42320827385089,5.883289450724419,13.128805485998342,149.98337916340043,155.86666861412485,83.64941193990451,96.77821742590285,true,false
10,20.0,153.26347305419512,95.41493939121806,5.304594093140764,12.79329117225592,151.33102481611675,156.63561890925752,88.16771870525707,100.96100987751299,false,true
10,20.0,148.55378824063393,94.30820384602139,5.673329857515114,13.101844774838781,146.5386175063589,152.211947363874,86.95793146601088,100.05977624084966,true,true
10,20.0,151.56031948658404,91.76168270610086,5.433317019404086,14.314453394524008,149.55891098193374,154.99222800133782,83.90956942673009,98.2240228212541,true,false
10,20.0,145.11106094936946,106.2077637504018,3.9282729838747343,9.999458636308972,143.70167065063637,147.6299436345111,99.95591296270914,109.95537159901811,false,true
10,20.0,150.45553071733067,97.3824324257727,4.9406189911666445,13.23075809432747,148.67211552394429,153.61273451511093,89.49908018596238,102.72983828028985,true,true
10,20.0,152.58226294685622,94.94886397919053,5.4369153013100515,11.130730327727235,150.61021490846645,156.0471302097765,88.20492029530365,99.33565062303089,false,false
10,20.0,148.03465448170215,95.87589072162922,5.02298116100738,12.267541688653068,146.1827338856299,151.20571504663727,88.60694639954593,100.874488088199,true,true
10,20.0,151.64341657395494,98.69157192540374,5.233717369114231,13.85543709104769,149.77617433912224,155.00989170823647,90.93893822417584,104.79437531522353,true,true
10,20.0,148.08583278523457,95.15490183738132,5.148995881895473,13.234298511059833,146.13463306936643,151.2836289512619,87.57587569971341,100.81017421077324,true,true
10,20.0,148.8517186718618,118.06884919481172,2.9139082292252567,12.165033733785975,147.81004850553805,150.7239567347633,110.73022485183233,122.89525858561831,true,false
10,20.0,147.6275818671598,99.53806716450784,4.90176168899211,15.264930309273595,145.91555559143876,150.81731728043087,90.64026409112205,105.90519440039564,true,true
10,20.0,152.95445875355006,90.60378440157484,5.8208860219055225,13.228318193615152,150.74351613496106,156.56440215686658,82.96364534891647,96.19196354253162,false,false
10,20.0,153.16566067469296,92.44399380705943,5.657501089206846,13.92954258257744,151.14556242151053,156.80306351071738,84.38886002359196,98.3184026061694,false,false
10,20.0,149.69114488665483,95.2019680888578,5.178373045601518,13.548814283987952,147.76120783307323,152.93958087867475,87.24207871756373,100.79089300155168,true,true
10,20.0,152.3668221889796,93.69656086435273,5.756999901465633,12.173822410588002,150.2341896589429,155.99118956040854,86.41055436698464,98.58437677757264,false,false
10,20.0,153.12521981295995,92.20645440086955,5.569473343179141,14.028006117489525,151.14050988882556,156.7099832320047,84.44303930788988,98.4710454253794,false,false
10,20.0,153.44857700696832,92.02970582703716,5.5566518790746215,12.818326847635234,151.40203160665672,156.95868348573134,84.5624438938121,97.38077074144734,false,false
10,20.0,148.88625220981208,103.02604086564625,4.4220825039443525,11.173880108545163,147.3325241545321,151.75460665847646,96.45696595685887,107.63084606540403,true,true
10,20.0,150.78779979938668,88.7310198393102,5.652682115563977,13.526836898805726,148.77253634462835,154.42521846019233,80.72007400968775,94.24691090849348,true,false
10,20.0,152.26157344038268,94.32098557983046,5.3086906036025425,14.625047667951776,150.32984046567196,155.6385310692745,86.09910016088482,100.72414782883659,false,true
10,20.0,150.71938923110235,99.9404447041286,5.1716527287293275,14.286022231147555,148.91503995450813,154.08669268323746,91.76623212706382,106.05225435821137,true,true
10,20.0,152.3496480703792,91.2876922955304,6.161724185664326,13.6600090156969,150.0963589450353,156.25808313069962,83.46444812406712,97.12445713976402,false,false
10,20.0,149.48254680071804,86.66092781829067,5.701241154849868,13.856796091295152,147.4284305524822,153.12967170733208,78.81646163319631,92.67325772449146,true,false
10,20.0,151.90897139538637,103.76114916817514,4.506776582914171,14.559319073195894,150.34564396346263,154.8524205463768,95.22694899808724,109.78626807128313,false,true
10,20.0,142.89294698677833,99.65640662386602,4.256021403725356,10.660670099208701,141.40641319120806,145.66243459493342,93.40717928277043,104.06784938197913,false,true
10,20.0,151.48954381331396,99.33119189703498,4.873353865516265,11.087383330489374,149.79876844727931,154.67212231279558,92.74374463827644,103.83112796876581,true,true
10,20.0,149.26254292346704,103.51126091986335,4.388424572456955,13.222274105390468,147.68931245631836,152.07773702877532,95.90475879926188,109.12703290465235,true,true
10,20.0,149.0403568787758,92.10661645624444,5.6837180047547236,12.699887492752353,146.93184473601693,152.61556274077165,84.52762270573596,97.22751019848832,true,false
10,20.0,148.43528580055857,106.80899581509232,4.09202202956115,13.202127862465915,147.06333037041995,151.1553523999811,98.8905496872839,112.09267754974981,true,true
10,20.0,149.9391930243572,102.38725415079038,4.715774771784766,13.436924924923176,148.2078705375817,152.92364530936646,94.77782028447359,108.21474520939677,true,true
10,20.0,151.02119147446172,91.13504732883374,5.893017328492192,12.783068718491336,148.85215303943377,154.74517036792597,83.76853803062167,96.551606749113,true,false
10,20.0,150.88402259890705,103.57551792087806,4.936276389502183,13.690915458926696,149.19913536721995,154.13541175672214,95.41224570589841,109.10316116482511,true,true
10,20.0,142.99419240255642,93.45821722093739,5.260682149672675,11.48178738155734,141.18515866581959,146.44584081549226,86.80899002357343,98.29077740513077,false,false
10,20.0,152.70964180846542,101.57688850529846,4.727818953937856,12.834815968551325,151.07446098366228,155.80227993760013,93.98469398895139,106.81950995750272,false,true
10,20.0,151.48741071923985,111.21920865004824,4.037408185284704,14.144010379347037,150.09433231982626,154.13174050511097,102.70337201526347,116.8473823946105,false,false
10,20.0,151.81192534994432,92.41429507587499,5.562813063932595,12.945208522235419,149.7743071802169,155.3371202441495,85.01862162123928,97.9638301434747,true,false
10,20.0,152.4158525689974,91.5660160459667,5.412027425533694,14.502471292738463,150.31082704417992,155.7228544697136,83.3018142505309,97.80428554326936,false,false
10,20.0,149.41201815882886,95.98617728588606,5.126996201747801,13.3493437497647,147.49839566771305,152.62539186946086,88.47415355298884,101.82349730275354,true,true
10,20.0,153.14548837615655,89.20876214327777,6.052447708516212,14.05934422672776,150.96620562738582,157.01865333590203,81.14373218605691,95.20307641278467,false,false
10,20.0,152.05796705232757,97.91329870246108,5.411514190588946,14.397179360262896,150.08295546828387,155.49446965887282,89.38566474704734,103.78284410731024,false,true
10,20.0,144.5470375647798,100.30693408366665,4.639261629615987,9.983923883663692,142.91853723721846,147.55779886683445,94.18321975725209,104.16714364091578,false,true
10,20.0,150.7399012014042,92.22678095772406,5.780015444334026,12.41729131554439,148.6650914302536,154.44510687458762,84.86357216365698,97.28086347920137,true,false
10,20.0,145.6431459367287,93.63698170453401,5.114604122806668,12.474087343796711,143.79297506623092,148.9075791890376,86.39753782123127,98.87162516502798,false,false
10,20.0,151.00991787752108,95.1925481086093,5.897058366998522,13.367675616563304,148.89646269508737,154.7935210620859,87.24218856909508,100.60986418565838,true,true
10,20.0,151.2724689054566,93.37385394603027,5.676552803744528,13.942065899557804,149.24198603040747,154.918538834152,85.22439810332251,99.16646400288032,true,false
10,20.0,150.86004670159846,93.06902189675895,5.8940347303772285,14.785593702394024,148.7391246143638,154.63315934474102,84.61462979863302,99.40022350102704,true,false
10,20.0,146.53383182631953,90.46265989225661,5.589512170362781,11.972299473556902,144.656809681893,150.2463218522558,83.32968783772128,95.30198731127818,true,false
10,20.0,149.24138260492347,105.68095586271049,4.185752445466676,12.671117199513446,147.71316924322576,151.89892168869244,98.32665949278444,110.99777669229789,true,true
10,20.0,152.4739202850098,93.75552573168878,5.351236782694684,13.61261804107464,150.56833493727785,155.91957171997254,85.44559931928787,99.0582173603625,false,false
10,20.0,149.61496872698098,109.99417828544097,3.6914031136487324,12.409481763097645,148.33717086714736,152.0285739807961,102.72030560862954,115.12978737172719,true,false
10,20.0,149.80972813623515,91.92585266495138,5.281498735506375,11.892945146360049,147.98790786448177,153.26940659998814,84.87785828673479,96.77080343309484,true,false
10,20.0,152.20735948707366,102.76672606410696,5.037353879675578,14.042704301972478,150.29032880770035,155.32768268737593,94.28845174530943,108.33115604728191,false,true
10,20.0,153.3631702337796,90.47429292383055,5.710759596571222,13.244343808751154,151.3357297292186,157.04648932578982,82.60900830610831,95.85335211485946,false,false
10,20.0,152.43435369360327,89.27731021521406,6.138321287690445,14.38508836180111,150.20396029699563,156.34228158468608,81.03754638751055,95.42263474931165,false,false
10,20.0,152.1042869255612,107.26082386075862,4.355111092955923,13.825864695070194,150.55125461570273,154.90636570865865,98.96079014306981,112.78665483814001,false,true
10,20.0,151.84321925123498,104.67573294451176,4.769250218051468,11.52733663179633,150.14186464524562,154.9111148632971,97.7350406147611,109.26237724655743,false,true
10,20.0,152.52723714146308,92.67466127184892,5.362077456946565,13.138280445656491,150.5194385463431,155.88151600328968,85.12369382178343,98.26197426743992,false,false
10,20.0,151.13724608189912,111.5328698994607,3.8583270234558427,13.768565167417051,149.76241075424957,153.62073777770541,103.17850884946789,116.94707401688494,true,false
10,20.0,153.12766375235068,94.14971744474266,5.933910312899371,15.561268255539957,151.02323732609995,156.95714763899932,85.37810624403538,100.93937449957534,false,true
10,20.0,150.06038124399004,96.67754800964863,5.2461930155321,13.193961040097975,148.16310094692594,153.40929396245804,89.15396572006587,102.34792676016384,true,true
10,20.0,149.74916156246343,93.18644264382934,5.815254510421596,13.88567273099612,147.63154045515614,153.44679496557774,85.081355289292,98.96702802028813,true,false
10,20.0,152.9841599878647,99.97197617353147,5.002850691134881,12.43010696542757,151.17002580040315,156.17287649153803,92.41771502020424,104.84782198563181,false,true
10,20.0,137.52133169487593,105.48072791068606,3.366376904604863,8.785489863690003,136.39554425365338,139.76192115825825,100.11866625817707,108.90415612186708,false,false
10,20.0,151.89602388498224,88.35038759607507,6.087277967239999,12.839766695706032,149.62239272049078,155.70967068773078,81.02465609131411,93.86442278702015,true,false
10,20.0,153.32260739762,91.5679228015026,5.607313088262401,13.20475433434909,151.27388791004122,156.88120099830363,83.97772412122154,97.18247845557063,false,false
10,20.0,148.32406669877255,93.69366657341752,5.242757291466859,12.207490407982846,146.37856523255797,151.62132252402483,86.68851128941043,98.89600169739327,true,false
10,20.0,142.23838156030845,90.18151119198039,5.767328321206293,12.666779632418454,140.0973845295873,145.86471285079358,82.75235719481032,95.41913682722877,false,false
10,20.0,152.82828234548765,100.86828140810348,4.995834191509289,14.504100937711627,150.97466251886146,155.97049671037075,92.49644802224982,107.00054895996145,false,true
10,20.0,153.0406463216259,97.33093654516887,5.589225921703672,12.812142055113952,151.05338449266583,156.6426104143695,89.72778910630345,102.5399311614174,false,true
10,20.0,150.7788033945401,90.5911884831024,5.445581405944637,12.920819973144958,148.78165144405813,154.22723285000276,83.00089576339067,95.92171573653563,true,false
10,20.0,148.04138365332852,93.26361227583051,5.230465605379635,13.503715655871233,146.20852533554685,151.4389909409265,85.62428282961574,99.12799848548697,true,false
10,20.0,148.97867863736275,98.33432449144763,4.663322033710614,11.092228925372567,147.3555259853661,152.01884801907673,91.89857242127538,102.99080134664794,true,true
10,20.0,152.8595138426012,96.53288771353479,5.181772876112831,15.317235954213103,151.09029801128065,156.27207088739348,87.85664845206483,103.17388440627793,false,true
10,20.0,149.3670992581758,97.5997446738553,5.660033371198523,12.68977423213056,147.3084781402805,152.96851151147902,90.01516130795477,102.70493554008533,true,true
10,20.0,151.35476447067094,101.3130588449358,4.3802199624994955,12.469510560211162,149.78412777793955,154.16434774043904,93.818573845312,106.28808440552316,true,true
10,20.0,149.497584071652,105.91880229163587,4.258087623985659,12.188075867633941,147.97540126487462,152.23348888886028,98.63466134825691,110.82273721589085,true,true
10,20.0,151.28366345419906,93.73266706415964,5.159034135077661,14.668615291620881,149.37456273887562,154.5335968739533,85.44271878700411,100.11133407862499,true,true
10,20.0,151.63611605674333,109.25394573897397,3.857940777699895,14.111347712764967,150.2863852655002,154.1443260432001,100.9644951660616,115.07584287882656,false,false
10,20.0,151.62038084892677,103.89625444202025,4.616137548129132,12.643515216163635,150.003996604191,154.62013415232013,96.28893417727048,108.93244939343411,false,true
10,20.0,151.30675618870572,96.4456626538194,5.580932829094991,14.910632817075438,149.32349367141052,154.9044265005055,88.03319189947693,102.94382471655237,true,true
10,20.0,150.18598289764049,91.67725394581366,5.572214709441823,10.836980168331891,148.12574625157373,153.69796096101555,85.41082308203737,96.24780325036926,true,false
10,20.0,137.58033881293153,95.49531705011293,4.567852896237184,10.768540646358446,135.98064386558963,140.5484967618268,88.92574772602914,99.69428837238759,false,false
10,20.0,148.85423708573722,93.38924167277139,5.448469651794852,13.87105008978071,146.8753827146285,152.32385236642335,85.28088357017647,99.15193365995718,true,false
10,20.0,151.44077986439424,101.26035944565871,4.930784336274456,13.139469480613329,149.6492220530826,154.58000638935707,93.58823660603156,106.72770608664489,true,true
10,20.0,147.65789191671945,101.03602024505372,4.654345289408354,10.348599901035769,145.97157597561755,150.6259212650259,94.94991139324975,105.29851129428552,true,true
10,20.0,149.75787241422518,93.80673828498823,5.167786493898035,13.973860407996014,147.9343973605842,153.10218385448223,85.69429281219642,99.66815322019244,true,false
10,20.0,148.4501393256273,94.57157035693595,5.139030131801121,13.953994864982349,146.54242655762081,151.68145668942194,86.77545055461877,100.72944541960112,true,true
10,20.0,149.67320871623355,95.79776555506467,5.199964112411948,13.379642288862826,147.83083172645698,153.03079583886893,88.0291990954419,101.40884138430472,true,true
10,20.0,139.93484413090755,95.72599887824737,4.453964339661354,11.409353389172992,138.35503143854692,142.80899577820827,89.20237339912072,100.61172678829371,false,true
10,20.0,141.01450211136668,111.49118982902138,2.8503454948598517,9.478938032714353,140.00983321367278,142.86017870853263,105.84084029767477,115.31977833038913,false,false
10,20.0,145.2131101012277,101.06534056141794,4.185061339733693,11.067674074832382,143.6811616107395,147.8662229504732,94.73990487235031,105.80757894718269,false,true
10,20.0,153.08862458166695,92.22806483078108,5.962140867685804,14.04505505536919,150.99152934216573,156.95367020985154,84.14468600049634,98.18974105586553,false,false
10,20.0,153.28163083256527,94.73316101649624,5.430712545780352,14.264616138976805,151.3398597230233,156.77057226880365,86.55787160025429,100.8224877392311,false,true
10,20.0,146.87200086325282,93.89804830977332,5.486613964923407,13.493637946128985,144.88371964141683,150.37033360634024,86.27165126511008,99.76528921123906,true,false
10,20.0,151.416290912873,93.9668353747295,5.202867642636875,13.219398447120795,149.52954015151616,154.73240779415303,86.22853965074214,99.44793809786293,true,false
10,20.0,153.15557201792626,93.6365265815662,5.409097730035683,14.629394488211375,151.2144756194707,156.6235733495064,85.19042093105566,99.81981541926703,false,false
10,20.0,152.50667954392355,93.2168781758406,5.492969173332682,14.388585643925907,150.52180682710625,156.01477600043893,84.89530033267532,99.28388597660123,false,false
10,20.0,149.63009645889184,90.03915415568008,6.105428248582541,12.737281804185045,147.51043075075845,153.615858999341,83.00918500007225,95.7464668042573,true,false
10,20.0,149.59178993039478,97.20053272965839,5.277207583615564,13.798193334817853,147.74286939861292,153.0200769822285,89.12527634166864,102.92346967648649,true,true
10,20.0,151.0522282934665,96.98922078535847,4.839598033098497,13.297763103201646,149.29185292703804,154.13145096013653,89.29770895558082,102.59547205878246,true,true
10,20.0,153.33033694823388,91.43779303151948,6.023967331421829,12.197110794792223,151.22515206546583,157.24911939688766,84.3895839664919,96.58669476128412,false,false
10,20.0,144.64287880516184,110.96363898906445,3.3805452949983135,11.17355432943073,143.3600406165228,146.74058591152112,104.27985435376634,115.45340868319707,false,false
10,20.0,149.69103705550873,89.52826191472889,6.064595123043063,11.98901009121714,147.51013143498528,153.57472655802835,82.54860046646462,94.53761055768176,true,false
10,20.0,146.19641994950592,107.6446707265732,3.868054035547601,10.107588806028673,144.77262784293802,148.64068187848562,101.5221692236357,111.62975802966437,false,false
10,20.0,151.44677493123527,92.14081140259418,5.4803206734547985,13.1085465028506,149.47367993118593,154.95400060464073,84.90007542709489,98.00862192994549,true,false
10,20.0,152.8026703717161,96.82372995057429,5.002058888256727,13.559415510566154,151.05683266972937,156.0588915579861,89.08392064440034,102.64333615496649,false,true
10,20.0,150.64266041156776,94.58616469102529,5.744772508810257,13.166336467662006,148.63808510176617,154.38285761057642,87.01550995113749,100.1818464187995,true,true
10,20.0,152.276985697761,88.23698307557953,5.954156243723332,13.190825500128724,150.10079002179168,156.054946265515,80.70943781692823,93.90026331705695,false,false
10,20.0,153.22176121785185,97.38115727548319,5.435674904389202,15.825899986651791,151.2245144756488,156.660189380038,88.30022290587593,104.12612289252772,false,true
10,20.0,151.06976348526536,94.42358273507236,5.518264870214125,13.397440194880517,149.0480137347187,154.56627860493282,86.55729976328794,99.95473995816846,true,false
10,20.0,150.10073552579746,95.16169632215448,5.652629058793565,13.883560683929304,148.08386500253926,153.73649406133282,87.19560677390332,101.07916745783263,true,true
10,20.0,147.7670944218226,98.46233330870868,5.212458278054072,12.930904186963943,145.89605907666916,151.10851735472323,91.25957226800384,104.19047645496778,true,true
10,20.0,152.3315970497083,110.70801596377775,3.9919695049810855,12.181795195600031,150.8956466534506,154.88761615843168,103.2667606960638,115.44855589166383,false,false
10,20.0,148.74735561047663,94.02203897135311,5.296701059133568,12.693170191934186,146.7691178391985,152.06581889833205,86.86517341869968,99.55834361063387,true,false
10,20.0,152.82378238756024,92.70965384077832,5.37675095905189,13.668193215024246,150.85334474008948,156.23009569914137,84.8264931008978,98.49468631592205,false,false
10,20.0,151.48246898550514,88.58289947608745,6.19391102822226,13.900850697515352,149.3030248365742,155.49693586479646,80.54558046821589,94.44643116573124,true,false
10,20.0,152.0697268342717,93.71654063967252,5.481625389067119,12.052610577892281,150.07212093417843,155.55374632324555,86.4262634505302,98.47887402842248,false,false
10,20.0,151.59068589082716,91.18351397245699,5.576646610014109,13.514967805741549,149.5208228427516,155.09746945276572,83.66621362333007,97.18118142907161,true,false
10,20.0,152.89892858453953,95.74892071692787,5.555930614207625,13.977199832216684,151.00572053822384,156.56165115243147,87.66415913309234,101.64135896530902,false,true
10,20.0,149.93793184036167,90.17803874201883,5.695933365537513,11.712838661350133,147.91302101851838,153.6089543840559,83.43292504754672,95.14576370889685,true,false
10,20.0,149.88124365335352,91.712474491173,5.67198088905937,14.679441923587746,147.81791992945136,153.48990081851073,83.41684317049778,98.09628509408553,true,false
10,20.0,153.5100861980141,91.19402651922903,5.891893281284723,14.342296682224415,151.3734196114902,157.26531289277492,83.13381799810807,97.47611468033249,false,false
10,20.0,148.99527114005954,92.97832367472053,5.573302290312029,14.71674163713655,146.98944416576737,152.5627464560794,84.63282852327504,99.34957016041159,true,false
10,20.0,152.77949170593675,90.92879151517049,5.470887910445384,11.935450219785437,150.72659730103868,156.19748521148406,84.14843268739322,96.08388290717866,false,false
10,20.0,151.90259347436324,104.64507261361814,4.449001753211064,14.441781331869322,150.2972797390163,154.74628149222735,96.30736336093425,110.74914469280357,false,true
10,20.0,142.2313320118488,95.39452126660146,5.088477524725249,11.28585085933868,140.43031365258412,145.51879117730937,88.67262797945405,99.95847883879273,false,false
10,20.0,140.92491516865405,90.14475040095644,5.519851225515595,11.940852857414598,139.0563828854824,144.576234110998,83.09685656592137,95.03770942333597,false,false
10,20.0,146.21549340849663,106.72824940696874,3.7184422456633115,11.170846028822524,144.88503955933436,148.60348180499767,100.08624767826828,111.2570937070908,false,false
10,20.0,150.79102595263004,91.85721846350174,5.616054009441058,12.702591238730193,148.650461879722,154.26651588916306,84.53941183358019,97.24200307231038,true,false
10,20.0,150.4206736561876,101.12264585630761,4.7693796024274775,12.6523926113382,148.72697336545895,153.49635296788642,93.2505019263955,105.9028945377337,true,true
10,20.0,145.6860712254387,109.72926083593121,3.594966625747503,11.231577653392094,144.48312992950682,148.07809655525432,102.9898579447522,114.2214355981443,false,false
10,20.0,152.83030130525964,97.1263608918695,5.073535683963115,13.640368291767743,151.0473889460376,156.1209246300007,89.1187320861041,102.75910037787185,false,true
10,20.0,151.80831883051744,114.18196667318895,3.755652161171753,10.889130059780697,150.5564141490265,154.31206631019825,107.42608094508289,118.31521100486358,false,false
10,20.0,139.61690401297565,94.24025575596721,4.598993761531858,10.210851178107902,137.9623061993907,142.56129996092255,88.23583633797912,98.44668751608702,false,false
10,20.0,146.66945075810196,93.92013871648747,5.29953267681438,12.407660590478315,144.7223741127326,150.021906789547,86.63060839368345,99.03826898416176,true,false
10,20.0,138.60407997874745,93.92151227986477,4.6782722060744675,10.159577616105224,136.93174658894588,141.61001879502035,87.86224165597486,98.02181927208008,false,false
10,20.0,149.78785184043727,105.19640785742476,4.09635388713275,12.788072510522085,148.31105660670295,152.4074104938357,97.87889143958947,110.66696395011155,true,true
10,20.0,147.38391697213297,99.06041299663102,4.935075066964373,13.043357484795507,145.6780707449572,150.61314581192158,91.69409341250869,104.7374508973042,true,true
10,20.0,151.34204813822072,91.47899349464696,5.980035367296068,14.079430101225228,149.12992798143324,155.1099633487293,83.46006561737508,97.5394957186003,true,false
10,20.0,152.5126856413294,91.61877361905395,5.699444252936388,14.252329466124337,150.50264911864062,156.202093371577,83.4230795955313,97.67540906165564,false,false
10,20.0,150.10065443294397,104.120235582146,4.5560753933892215,12.156261385254297,148.48396932923566,153.04004472262488,96.71051159536236,108.86677298061666,true,true
10,20.0,151.81633182436903,87.3302212957604,6.138528897777945,14.044955006126443,149.51761499168916,155.6561438894671,79.3670242849762,93.41197929110264,true,false
10,20.0,150.0782686955434,92.95400426847118,5.538726001452858,12.394719427396168,148.16924880217294,153.7079748036258,85.57038609914447,97.96510552654064,true,false
10,20.0,153.21010283891889,97.9318535464997,5.254488113223147,13.469648936131406,151.29732828529083,156.55181639851398,90.33407836701036,103.80372730314177,false,true
10,20.0,152.39401661184337,96.37390523458743,5.203394419442446,13.09416639862809,150.54515394042156,155.748548359864,88.68755899855068,101.78172539717877,false,true
10,20.0,150.34980348798905,123.06213212693183,2.839105011926904,10.72637524422197,149.36721286385688,152.20631787578378,116.21439352411048,126.94076876833245,true,false
10,20.0,145.30030475267546,93.88256186947845,5.596865468613856,13.70640417703575,143.3665418434826,148.96340731209645,85.9659759325031,99.67238010953885,false,false
10,20.0,150.46411104642877,96.12033613851239,5.333387645886347,12.74070658981185,148.59515189248106,153.9285395383674,88.46108397819691,101.20179056800876,true,true
10,20.0,152.26613650307033,103.99183190020341,4.112332840136617,12.099179170588059,150.74839172111027,154.86072456124688,96.66591361913407,108.76509278972213,false,true
10,20.0,145.58442539855992,99.43679695599496,4.627827611557649,11.259848002684052,143.97110134462645,148.5989289561841,92.65128795382972,103.91113595651377,false,true
10,20.0,150.88329025897167,98.84799746926495,5.3821276296642395,12.342451389526033,148.90368863115378,154.28581626081802,91.38883833100051,103.73128972052655,true,true
10,20.0,137.66927164949607,103.09159824496955,3.5293843640745024,7.610909439076849,136.45999110003442,139.98937546410892,98.64344548597187,106.25435492504872,false,true
10,20.0,149.74800272085537,96.4066025602252,4.9763008459648574,13.979779946898717,147.98329387208938,152.95959471805423,88.23333445337198,102.2131144002707,true,true
10,20.0,149.78281501837552,91.23285007253381,5.959275184582339,13.66995547647025,147.57163608625157,153.5309112708339,83.38853235448587,97.05848783095612,true,false
10,20.0,152.0578298690988,93.2896048489165,5.235658189212415,13.758362479101535,150.19936946000377,155.43502764921618,85.32073242323494,99.07909490233648,false,false
10,20.0,150.911812189064,103.2453055962591,4.620357280198107,13.740257132737142,149.21290691291802,153.83326419311612,95.45442769937205,109.19468483210919,true,true
10,20.0,149.9892450368544,91.0152342989108,6.521015325779842,13.084547926158407,147.61302438912827,154.1340397149081,83.43707980655877,96.52162773271718,true,false
10,20.0,151.52834859463286,94.9004077167866,5.320218765788297,12.715633960511752,149.51653965296666,154.83675841875495,87.34583172598123,100.06146568649298,true,true
10,20.0,150.18383385925813,102.24572635876136,4.754636282860474,11.523038688161336,148.50916570399528,153.26380198685575,95.59522403234439,107.11826272050573,true,true
10,20.0,142.6702942640648,96.10028337169194,4.736108376006911,11.298829143042326,140.93787156106362,145.67397993707053,89.30558266827614,100.60441181131847,false,true
10,20.0,143.1292178953977,93.69460419568884,5.161134154922763,12.687849838868686,141.25016527679617,146.41129943171893,86.50966826624708,99.19751810511576,false,false
10,20.0,137.7709048966322,100.42786290834303,3.9788243247890875,9.097802665658676,136.32131875845317,140.30014308324226,94.76366887231954,103.86147153797822,false,true
10,20.0,152.24646969996724,95.81493104875507,5.174892663643533,12.432772373110154,150.38577245206642,155.56066511570995,88.46344460714857,100.89621698025873,false,true
10,20.0,150.95043099212162,107.79108050270557,4.213737151553346,12.674196444894676,149.42308921168592,153.63682636323927,99.96786903346643,112.6420654783611,true,true
10,20.0,142.7130100093474,91.3722423031271,5.269989421769736,11.489978215037652,140.9512115849245,146.22120100669423,84.65575753456535,96.145735749603,false,false
10,20.0,152.1345905218591,95.61119335071767,5.6207328181413345,11.938665555036224,150.06682040572105,155.68755322386238,88.74728162037933,100.68594717541555,false,true
10,20.0,151.3772943060054,97.82738592388947,4.8927112305951255,13.389956844531682,149.6456727707717,154.53838400136684,90.04873264563466,103.43868949016634,true,true
10,20.0,151.73316049299274,103.131034831992,4.927350259933945,13.415367172393573,149.96639342080536,154.8937436807393,95.19599268076075,108.61135985315433,true,true
10,20.0,152.20622641379543,90.79191638286211,5.587618053067445,13.568965055403979,150.10981477309457,155.69743282616201,83.08963620142131,96.65860125682529,false,false
10,20.0,147.86887364746082,94.80365151397694,5.070758023930949,12.859378932220181,145.98887208479184,151.05963010872279,87.24719471025699,100.10657364247717,true,true
10,20.0,153.77948220324177,88.40349618571611,6.191618203585875,14.63085373768834,151.49172099591314,157.68333919949902,80.11175495271411,94.74260869040245,false,false
10,20.0,152.9141642319815,95.4799432207563,5.111032183881122,12.721113539503335,151.00082608866109,156.1118582725422,88.11650425635817,100.8376177958615,false,true
10,20.0,152.90396376526806,92.5228273104679,6.26055706724668,14.255716959437493,150.7641026841737,157.0246597514204,84.57518332054468,98.83090027998217,false,false
10,20.0,149.8990850780991,91.06113691544755,5.7010132855710935,12.629151329154539,147.8281146028679,153.529127888439,83.58907255620366,96.2182238853582,true,false
10,20.0,153.40569739906738,90.08917037641866,5.762514573688321,13.331553354922164,151.32802226563086,157.09053683931918,82.54437334541456,95.87592670033672,false,false
10,20.0,150.75628670902572,98.34022133997857,4.907435881025549,12.934623201988273,148.96428730115161,153.87172318217716,90.45493260533007,103.38955580731835,true,true
10,20.0,149.46752192583173,95.47887652631422,5.2949362417965915,13.369486260775147,147.52460671082068,152.81954295261727,87.7153981222891,101.08488438306425,true,true
10,20.0,151.4160557402725,102.1245442765611,4.544883624872909,13.720383153624653,149.80729122168628,154.3521748465592,94.09971812680985,107.8201012804345,true,true
10,20.0,151.2190839318547,100.95640948256255,4.924411905314145,13.396138745912381,149.40473299695162,154.32914490226577,93.1866404625658,106.58277920847819,true,true
10,20.0,150.57969710353933,91.42564844056946,5.564779809212553,14.168584124911575,148.5339709297118,154.09875073892437,83.45330973324198,97.62189385815356,true,false
10,20.0,148.42980165579542,106.63415764538337,3.8231517882493335,12.452092404848827,147.0920216258342,150.91517341408354,99.20831022549501,111.66040263034384,true,true
10,20.0,152.59449002278149,97.07270097441362,5.2903528163804765,14.228633040810351,150.70977590285472,156.0001287192352,88.73454327622473,102.96317631703508,false,true
10,20.0,152.49707324617054,91.72060887059973,6.0988910402799945,12.952508972292222,150.27384829598188,156.37273933626187,84.0980438485586,97.05055282085083,false,false
10,20.0,148.25743070541728,108.41372956646947,3.738609502094846,12.725360724243188,146.96140222336874,150.70001172546358,100.91058687959944,113.63594760384262,true,false
10,20.0,151.5857243160581,104.70783237830406,4.226986208263071,14.657107295028894,150.03652896360805,154.26351517187112,96.2215881375218,110.8786954325507,false,true
10,20.0,149.34621739482952,114.11818074352878,3.3950579998777357,11.183402741997355,148.15389139409893,151.54894939397667,107.37029277884886,118.55369552084622,true,false
10,20.0,151.6830085011132,96.23108272873009,5.340046447914887,14.51087488818304,149.79241973697964,155.13246618489453,87.80793124398103,102.31880613216407,true,true
10,20.0,152.67912844346614,94.96056547301023,5.19338694509176,14.483026458610723,150.77975864985694,155.9731455949487,86.47600220989354,100.95902866850426,false,true
10,20.0,153.15255950749537,86.512608546134,5.948215960858988,14.468095159918448,151.04556522462855,156.99378118548753,78.1423975257406,92.61049268565905,false,false
10,20.0,152.2549517638195,100.5174989899595,5.065493747416582,15.463723213605192,150.4939826548639,155.5594764022805,91.49185481969315,106.95557803329834,false,true
10,20.0,151.84434468011682,101.53790466268882,5.052608120661574,12.24320662160784,150.0851874768221,155.1377955974837,94.13180077537484,106.37500739698268,false,true
10,20.0,147.71979529828346,113.97272353574411,3.22880942807771,10.299820762081808,146.56344626874417,149.79225569682188,107.60559884452867,117.90541960661048,false,false
10,20.0,146.26987363326526,97.4112434003293,4.838840718005173,10.676932268877707,144.53568096136166,149.37452167936684,90.87450401133562,101.55143628021332,false,true
10,20.0,146.12523082740557,109.46900419991155,3.816486619843573,11.593865354247441,144.87329923494784,148.6897858547914,102.53815654099213,114.13202189523957,false,false
10,20.0,149.4027925977353,99.99610697861311,4.933354262647612,13.794763521171177,147.594315723939,152.5276699865866,92.10496940068981,105.89973292186099,true,true
10,20.0,152.15179077173883,91.47244855897674,6.110269839024795,13.785381304921344,149.78998257383552,155.9002524128603,83.74434470458418,97.52972600950552,true,false
10,20.0,151.1459726607814,107.60217814909137,4.063877317090743,14.194573056869942,149.68964732773992,153.75352464483066,99.46096719963194,113.65554025650188,true,true
10,20.0,146.42403527579376,92.42873875952625,5.548428379516537,12.183645700378392,144.489195414524,150.03762379404054,85.35164342044155,97.53528912081994,true,false
10,20.0,141.60088155416761,103.3821412479975,3.742902199893223,9.849003359181864,140.25168720955665,143.99458940944987,97.41442862296657,107.26343198214843,false,true
10,20.0,148.78119011443272,95.11815387210575,5.379355367444106,11.824127073590489,146.81633989912018,152.1956952665643,88.12091401278691,99.9450410863774,true,false
10,20.0,150.8122892460002,100.66790809583662,4.9668195608183225,12.271019244157543,149.06063171635535,154.02745127717367,93.42146113608862,105.69248038024617,true,true
10,20.0,151.12911948893222,103.87378910981971,4.848968654164452,12.4562743610133,149.47896815406065,154.3279368082251,96.33817913840278,108.79445349941608,true,true
10,20.0,151.09161421570343,88.83420688753672,5.932531443937535,14.992554741014175,148.90922703167743,154.84175847561497,80.18903715949213,95.1815919005063,true,false
10,20.0,151.44556420856594,90.8972182254341,6.17003054802754,12.611475227143487,149.29528771130558,155.46531825933312,83.62576308141047,96.23723830855396,true,false
10,20.0,148.7041358781737,115.33173141934526,3.2102378347094884,10.658038459036192,147.6214828975964,150.83172073230588,108.93419531686607,119.59223377590226,true,false
10,20.0,151.6612709408651,95.25120093154403,5.234586430227409,12.494662480695425,149.7746605308592,155.0092469610866,87.89191368736456,100.38657616805999,true,true
10,20.0,151.3550656531457,99.66275479167558,4.907213455324893,14.174754858820421,149.63882782546636,154.54604128079126,91.33462165902128,105.5093765178417,true,true
10,20.0,147.66393759617853,95.66844501116171,5.28419558080833,12.485959856900166,145.7915704059624,151.07576598677073,88.32139811079223,100.8073579676924,true,true
10,20.0,153.3260450698872,91.01911658949406,6.234169502998412,11.404266702501701,151.06965813869715,157.30382764169556,84.50616863549382,95.91043533799552,false,false
10,20.0,147.74327201368078,95.2663330478042,5.036562667135797,12.86396105327077,145.94535799604557,150.98192066318137,87.7831488719425,100.64710992521327,true,true
10,20.0,152.59623143811413,98.78055232635035,5.277967757740186,15.286930967565766,150.77895895146898,156.05692670920916,90.24495374851763,105.5318847160834,false,true
10,20.0,150.36755339715575,100.4767199037873,4.717125620929124,13.498460095370334,148.69484134710586,153.411966968035,92.96683359961726,106.4652936949876,true,true
10,20.0,148.52324353438632,91.3100112268369,5.52843481458234,12.232204055530715,146.509361023841,152.03779583842334,84.08911843583662,96.32132249136734,true,false
10,20.0,151.07100927939126,88.94593294811571,6.072776634068191,14.328287381937344,148.84245301704084,154.91522965110903,80.6720233342265,95.00031071616384,true,false
10,20.0,151.49683576339964,102.55889670965081,5.013618397172905,13.466230483917414,149.74878290234204,154.76240129951495,94.57472185721531,108.04095234113272,true,true
10,20.0,151.1726444839134,101.15482952591083,4.9468125996345975,14.333978741017063,149.40911748864858,154.35593008828317,92.75471592412394,107.088694665141,true,true
10,20.0,151.61588910687874,89.00250627993088,6.169179932279036,14.284446657498236,149.39766024542536,155.5668401777044,80.86106087526242,95.14550753276066,true,false
10,20.0,150.3622974713083,96.27180124213103,5.2659495925188935,12.22279437289194,148.4823446405045,153.7482942330234,89.23959967558746,101.4623940484794,true,true
10,20.0,150.7902930074548,104.27377972649657,4.607011443769551,12.53375777046486,149.1353944593204,153.74240590308995,96.93173516479143,109.4654929352563,true,true
10,20.0,152.96514828600465,101.12901433817885,5.2855097529835575,13.851063637215134,151.04334537626937,156.32885512925293,92.85158934830828,106.70265298552341,false,true
10,20.0,151.60289245117144,102.52884220392865,4.835725843809968,14.758668036552905,149.84177813819667,154.67750398200664,94.18779318436005,108.94646122091295,true,true
10,20.0,152.30453202457954,97.39739345294859,5.032576265643428,13.27888879823071,150.582400493989,155.61497675963244,90.02005815036524,103.29894694859595,false,true
10,20.0,142.61022804687724,94.85726966396055,4.6864115901012156,11.979255512978966,140.9346702673671,145.6210818574683,87.92036225672389,99.89961776970286,false,false
10,20.0,152.53379197864828,93.58267785776891,5.624547764914382,13.765699212805913,150.44559845689366,156.07014622180805,85.32978285369762,99.09548206650354,false,false
10,20.0,147.8673636091294,100.02772338266607,4.454801663143456,14.306375221546205,146.3521931739119,150.80699483705536,92.04089314681389,106.34726836836009,true,true
10,20.0,153.1320659987241,89.22225149345448,6.113312364414526,12.817563444369227,150.8894642092373,157.00277657365183,81.98418239774105,94.80174584211028,false,false
10,20.0,151.61495954008487,99.47319240280243,4.872036227597107,14.451089528058475,149.82810180049944,154.70013802809655,90.95727167107603,105.4083611991345,true,true
10,20.0,152.88473070732158,92.7613671436496,5.500988941625906,12.147824389580947,150.89835140118097,156.39934034280688,85.5939286830849,97.74175307266584,false,false
10,20.0,140.08962962357967,97.82934626401946,4.735347238089304,11.864705680723503,138.4391384345366,143.1744856726259,90.83295929648973,102.69766497721324,false,true
10,20.0,148.44385561306902,87.23424684986637,6.285472268732747,14.243817943178271,146.11033152785356,152.3958037965863,79.2296054621147,93.47342340529298,true,false
10,20.0,152.84985207782154,100.42733546996243,4.780012239261026,13.989056268574998,151.12899445255277,155.9090066918138,92.28400788213953,106.27306415071453,false,true
10,20.0,149.41391397287444,110.89203313772981,3.7757132543028717,11.867949433205567,148.0935493952473,151.86926264955017,103.82585278203597,115.69380221524153,true,false
10,20.0,136.46708151598142,102.56835475097905,3.7716087798264084,9.743281523064908,135.1266996654196,138.89830844524602,96.57512861940496,106.31841014246987,false,true
10,20.0,152.84867241297408,100.59779673395839,4.998998740801852,13.837320868932494,150.99829906876406,155.9972978095659,92.55682353331326,106.39414440224576,false,true
10,20.0,152.44972526896333,93.05248888506887,5.6446234252789225,12.547289072676833,150.34330824374396,155.98793166902288,85.85476158553384,98.40205065821067,false,false
10,20.0,150.35013296381726,91.73741209138026,5.793936067515517,10.858531333853705,148.29731536695192,154.09125143446744,85.30909828486664,96.16762961872034,true,false
10,20.0,150.2385997315389,92.36944525427067,5.874395186768311,11.464679748410944,148.14638398414314,154.02077917091145,85.91503698686614,97.37971673527709,true,false
10,20.0,148.65278222220036,98.16850536577007,4.899969895875756,12.263959003011792,146.86443554581226,151.764405441688,91.10365082301834,103.36760982603013,true,true
10,20.0,153.21429831111823,92.75865683412641,5.2814393842188565,14.584967835793535,151.22785852472515,156.509297908944,84.54660512998863,99.13157296578217,false,false
10,20.0,145.31031482852302,96.78928995417508,5.151260440550004,12.937695597372553,143.36518329488916,148.51644373543917,89.35237106080744,102.29006665818,false,true
10,20.0,151.90210627091594,87.1551560322788,5.890000957757394,14.303871629902673,149.76612780367242,155.6561287614298,79.14911308240401,93.45298471230669,true,false
10,20.0,152.88039832453583,96.24933008684842,5.317838092710758,14.192613687593223,150.90762463042051,156.22546272313127,87.89837113416299,102.09098482175621,false,true
10,20.0,142.62304877662365,97.53149463444652,4.201209390792428,11.787763510180483,141.08562722608312,145.28683661687555,90.4873603142819,102.27512382446238,false,true
10,20.0,150.8038022826613,91.23055037056932,5.772703221710486,14.192019884015465,148.60540264352267,154.37810586523315,82.88917439707322,97.08119428108868,true,false
10,20.0,151.56455008058558,91.90266926344813,5.887762831254236,12.755668772026397,149.3637994896908,155.25156232094503,84.47561904324667,97.23128781527306,true,false
10,20.0,146.99755881121308,108.78923707866119,3.511165264477114,10.91279121908461,145.62902203545187,149.14018729992898,102.31410079447635,113.22689201356096,false,false
10,20.0,153.18036478006826,95.00227411108047,5.548094378395376,13.031609940865877,151.269526336367,156.81762071476237,87.59605207682675,100.62766201769263,false,true
10,20.0,151.7718412393121,94.80823973825332,5.15893202452088,12.341488502237397,149.9524417449831,155.11137376950398,87.50108820131098,99.84257670354837,true,false
10,20.0,153.4224876748688,95.27194133975198,5.989156372199034,14.003552629219683,151.27132198745147,157.2604783596505,87.26334734492724,101.26689997414692,false,true
10,20.0,149.41950305644963,109.33302727490553,3.6852092988776235,12.689025753097795,148.07746189491343,151.76267119379105,101.61927733522722,114.30830308832502,true,false
10,20.0,152.03287443231054,92.38573591872644,5.526483296136433,14.133031952593527,150.05072928863729,155.57721258477372,84.25167748544028,98.38470943803381,false,false
10,20.0,152.0974266019447,95.50085854870343,5.079671123220237,14.784522622184738,150.26946800294962,155.34913912616986,87.22339144774962,102.00791406993436,false,true
10,20.0,148.00932373178756,96.74085548346928,5.4007819165215665,13.78926039690839,146.0980658985952,151.49884781511676,88.97737057725699,102.76663097416538,true,true
10,20.0,150.11079521271506,91.8071402503368,6.0470401223993235,11.068760514922673,147.87849133304644,153.92553145544576,85.21337353344217,96.28213404836484,true,false
10,20.0,153.02703793213507,94.9608152428798,5.598593041131835,14.30104476262342,151.09006420463135,156.68865724576318,86.57824498987739,100.87928975250081,false,true
10,20.0,149.08872191481038,102.39234977529006,4.401626428644363,14.633131884378784,147.4499887041222,151.85161513276657,94.04797710070427,108.68110898508306,true,true
10,20.0,146.24684710015052,99.04972193301518,4.6788954825336475,12.014560072136703,144.5845093075982,149.26340479013186,91.96139164991948,103.97595172205618,false,true
10,20.0,152.73315704794004,95.14940406119425,5.334252987582971,13.93467885947112,150.7867158092407,156.12096879682366,87.23742791091317,101.17210677038429,false,true
10,20.0,149.09080943772142,106.41555530965056,4.223734728095451,10.667442801359797,147.56833744144234,151.7920721695378,99.89785390559517,110.56529670695497,true,true
10,20.0,151.7256888384925,104.44613092021157,4.285768982836885,13.450738226696998,150.14226721131746,154.42803619415434,96.64230717986878,110.09304540656578,false,true
10,20.0,149.45036788560515,92.65102652160458,5.216334690701785,14.691387433962888,147.57803556687506,152.79437025757684,84.52562997768912,99.21701741165201,true,false
10,20.0,152.7892386950095,94.73767894701815,5.274660836174178,13.542159688133296,150.95792807101432,156.2325889071885,87.05856227621042,100.60072196434372,false,true
10,20.0,142.86931462478708,114.40180220416966,2.990450640028115,9.878793940113567,141.8190428869072,144.8094935269353,108.23234191173297,118.11113585184654,false,false
10,20.0,152.4463198105655,103.71320318048964,5.078059544369381,12.152454707147612,150.52762610095652,155.6056856453259,96.52486883226369,108.6773235394113,false,true
10,20.0,151.73188254911648,93.11552649562918,5.659088052158609,14.260145857917394,149.62828346341672,155.28737151557533,85.04260138075308,99.30274723867048,true,false
10,20.0,147.13056867044384,100.9512855789855,4.275149582611732,12.474060251466682,145.52590862523763,149.80105820784937,93.82532647031664,106.29938672178332,false,true
10,20.0,148.19140051440183,89.00002547428205,5.884037793100532,12.650258108415628,146.0412991439323,151.92533693703282,81.62395912584833,94.27421723426396,true,false
10,20.0,152.71983224072568,100.86218910463063,4.890371661948848,14.922886059882472,151.07580465144673,155.96617631339558,92.51280451348234,107.43569057336481,false,true
10,20.0,149.58054601875034,97.91938103186095,4.978884595981583,12.468640417435722,147.79559401591382,152.7744786118954,90.47722747615774,102.94586789359346,true,true
10,20.0,151.04096036852997,93.27958147253295,5.592781131058757,12.304486272959323,149.00182648246772,154.59460761352648,85.97416534279607,98.2786516157554,true,false
10,20.0,150.5105805727379,100.25394971558336,4.890856489340791,11.706265295517497,148.73142596646463,153.62228245580542,93.34708531133225,105.05335060684975,true,true
10,20.0,148.91308035679685,86.95466655247009,5.934248553435367,13.420279649114661,146.67161664924757,152.60586520268293,79.1417973865325,92.56207703564716,true,false
10,20.0,151.55686544835828,113.92028559500929,3.444598580047966,12.59791487393126,150.35514093227908,153.79973951232705,106.10595456002656,118.70386943395782,false,false
10,20.0,150.48240442212585,98.01074250195232,5.197800788857677,14.296280949813422,148.62634406361516,153.82414485247284,89.80489053458001,104.10117148439343,true,true
10,20.0,151.95680438187696,108.00589646647921,4.151013099255607,12.343421590366447,150.45825004402042,154.60926314327602,100.83587162237623,113.17929321274268,false,false
10,20.0,146.64320597115534,96.21526502974523,4.95845312832941,12.845986960317262,144.87269727689994,149.83115040522935,88.83871426731521,101.68470122763247,false,true
10,20.0,146.73994080214118,93.38838276417789,5.088514525822177,12.259965883343668,144.9174967345365,150.0060112603587,86.16901004564389,98.42897592898755,true,false
10,20.0,152.69926944082,92.78375103679801,5.481026647450989,12.696963293041435,150.65425107337268,156.13527772082367,85.47530819951655,98.17227149255798,false,false
10,20.0,148.3938467994054,95.81142105944457,5.253876167665879,12.993494576653973,146.60767021676892,151.8615463844348,88.21503940966618,101.20853398632015,true,true
10,20.0,153.6525874250142,90.26967979195692,5.883818485340697,13.050537355768085,151.4912850902783,157.375103575619,82.77026414135273,95.82080149712081,false,false
10,20.0,145.35020961101947,111.56682142802273,3.5997277949132354,9.735485847724732,144.10795358460328,147.70768137951652,105.69693271497985,115.43241856270458,false,false
10,20.0,150.51909756898874,92.26894319058903,5.933814099843801,11.760280570765332,148.4623390878042,154.396153187648,85.17487770968071,96.93515828044605,true,false
10,20.0,150.92972168567553,104.875144029584,4.288067225712638,12.482060572384597,149.45764797888458,153.74571520459722,97.61071100606426,110.09277157844886,true,true
10,20.0,152.78028522810024,102.86635375071296,5.00439951176358,13.77358656621142,151.05836340345388,156.06276291521746,94.89587948847671,108.66946605468813,false,true
10,20.0,150.80656305934752,104.60600030648789,4.569645046839327,11.093045889630474,149.15151562180733,153.72116066864666,98.00670171901824,109.09974760864871,true,true
10,20.0,150.7148693526755,88.4214527823795,5.847281128244674,14.334599839820967,148.57194418842153,154.4192253166662,80.33434727707484,94.66894711689581,true,false
10,20.0,151.33187827099044,99.58689616131895,4.672103570029719,14.142409066070655,149.62970097150176,154.30180454153148,91.45493007816687,105.59733914423752,true,true
10,20.0,153.1068381010694,95.01974816856705,5.893924753374961,14.277500659469482,151.00022579087258,156.89415054424754,86.89367787900335,101.17117853847283,false,true
10,20.0,151.5048719337571,92.58451586530342,5.453938031037268,12.506719165695642,149.470419076619,154.92435710765628,85.60963891572305,98.1163580814187,true,false
10,20.0,152.69741592037818,94.9137673410529,5.534483466889924,14.923457151558495,150.73581755588054,156.27030102277047,86.49198765587212,101.41544480743062,false,true
10,20.0,153.15003009175254,91.10660124807349,5.727792324841971,13.818815388365778,151.11678534637474,156.8445776712167,83.25165007851587,97.07046546688164,false,false
10,20.0,150.66096051689811,107.15021030316454,4.336140650979274,11.741756526058978,149.14863659514003,153.4847772461193,99.94804775745457,111.68980428351355,true,true
10,20.0,148.30691526215776,92.55387603806899,5.672154633522297,12.64108736721694,146.16338919935333,151.83554383287563,85.05997000118559,97.70105736840253,true,false
10,20.0,136.10728044063774,97.11166432088106,4.411861872274301,10.320837078299846,134.5745351604457,138.98639703272,91.03216151936701,101.35299859766685,false,true
10,20.0,151.79693985021433,96.88285861701502,5.0345091377472215,15.23898439055958,150.00103005386507,155.0355391916123,88.45424273541454,103.69322712597412,false,true
10,20.0,152.9289457509923,101.23217910664647,4.506219072884278,14.469287253608115,151.1662534945968,155.67247256748107,93.27027889626945,107.73956614987756,false,true
10,20.0,149.61122551543372,94.65601403820583,5.277704668182565,13.195138161990243,147.87607999855229,153.15378466673485,87.02537093018078,100.22050909217103,true,true
10,20.0,152.52588906944095,90.28785398967023,5.942340266228939,12.871519003793566,150.31663086537247,156.2589711316014,82.81194524225782,95.68346424605139,false,false
10,20.0,152.2377062873507,103.48029273864881,4.737696944851109,14.094242757809027,150.58130041526476,155.31899736011587,95.39167624946823,109.48591900727726,false,true
10,20.0,140.1538118292578,92.00661410394301,5.165022650120761,10.285214670991394,138.3342867344627,143.49930938458346,85.87846776560346,96.16368243659485,false,false
10,20.0,152.95221685107956,89.68877450905538,5.774887520528495,12.950963702332729,150.81668070260318,156.59156822313167,82.22365026333756,95.17461396567029,false,false
10,20.0,153.17928724971486,94.11445445654917,5.609516471296104,14.421779424622443,151.03885055149402,156.64836702279013,85.826708414847,100.24848783946945,false,true
10,20.0,152.31371082569405,101.4059705552134,4.495688405017006,13.505106426028675,150.6932814987784,155.1889699037954,93.71873965354965,107.22384607957832,false,true
10,20.0,148.56242530615668,92.72857182711425,6.04058100152443,12.234303220376702,146.43552513575713,152.47610613728156,85.1848083267441,97.4191115471208,true,false
10,20.0,147.55635685957145,106.28364174308057,4.163216670599468,12.835042361772693,146.1116216713463,150.27483834194578,98.69783688081638,111.53287924258908,true,true
10,20.0,153.36176609992975,90.10696771615743,6.326298321243399,13.390495111603457,151.0512075859946,157.377505907238,82.73830519945042,96.12880031105388,false,false
10,20.0,150.1664973131464,91.43706870912897,5.851461146200904,12.687472759178036,148.14415984745997,153.99562099366088,84.00033287352576,96.6878056327038,true,false
10,20.0,152.17481828228193,100.9651842459089,4.7129364939982565,13.097007363023508,150.49028385444632,155.20322034844457,93.5734604962032,106.6704678592267,false,true
10,20.0,148.73331624586677,107.41273666385956,3.8718690402313314,13.188385517384233,147.37430700870624,151.24617604893757,99.84447132551423,113.03285684289847,true,true
10,20.0,149.26265782829262,87.561431649004,5.603098690291375,14.4261662509263,147.2139827847685,152.81708147505987,79.3428159861749,93.7689822371012,true,false
10,20.0,148.90053281071775,99.26518603122024,4.507590357048656,12.139375030815103,147.29226954129928,151.79985989834793,92.25466455887445,104.39403958968956,true,true
10,20.0,150.87492885157275,108.81657764591694,4.086216101237483,14.976417261261801,149.45722875459353,153.543444855831,99.87273325583028,114.84915051709208,true,true
10,20.0,152.48750042023107,103.85535451425966,4.431908802846294,13.873929039986535,150.92971220832223,155.36162101116852,95.88536101430208,109.75929005428861,false,true
10,20.0,150.99593542793355,95.86134219540398,5.422274994084717,13.70522301517235,148.99322821079326,154.41550320487798,87.68947578210211,101.39469879727446,true,true
10,20.0,151.2017046031539,100.61143536756646,4.8110233018607005,14.133982859359165,149.49305883985645,154.30408214171715,91.85494840471911,105.98893126407827,true,true
10,20.0,152.7468642066703,98.50002545170905,5.21785014361555,14.860005275674752,150.907957554502,156.12580769811754,89.9563556764135,104.81636095208825,false,true
10,20.0,151.52444906917657,90.64904853538195,5.853903305307256,11.635492995545249,149.34953193155133,155.20343523685858,83.72735457845216,95.36284757399741,true,false
10,20.0,150.95402062455935,103.19296292873636,4.602795224246222,13.251907489384152,149.34552142233343,153.94831664657966,95.27621929005443,108.52812677943858,true,true
10,20.0,152.80082053204012,97.76446994022946,5.191591239250016,12.388337113453218,150.9440513282449,156.13564256749493,90.51479297483397,102.90313008828718,false,true
10,20.0,145.70497444024903,99.52520567664138,4.508419564814915,13.372475963676209,144.11997460642718,148.6283941712421,91.64826938860529,105.0207453522815,false,true
10,20.0,152.75110911196822,92.94765289281571,5.542278775852509,13.509374994751866,150.70383997993022,156.24611875578273,84.82212032193058,98.33149531668245,false,false
10,20.0,149.44354461526163,101.6003524166008,4.67100692993742,11.957694691091689,147.7948055044382,152.4658124343756,94.40240512053161,106.3600998116233,true,true
10,20.0,152.35820596474903,101.38218026541998,4.771823593749303,11.936734403089986,150.70067148066553,155.47249507441484,94.28362364336895,106.22035804645894,false,true
10,20.0,153.8866191014887,89.71962434733709,6.436977993716198,13.590848393909909,151.5336016499088,157.970579643625,81.91688780039932,95.50773619430923,false,false
10,20.0,149.7082217170983,100.87176781223252,5.0738221401364,12.509581643110636,147.90533990182828,152.97916204196468,93.37819749904685,105.88777914215748,true,true
10,20.0,151.00497789685522,100.2450862565542,4.988019122103111,13.995797081068076,149.24995204713366,154.23797116923677,92.25914134662116,106.25493842768924,true,true
10,20.0,151.4988902814827,88.27362240331465,6.0268269194606034,14.20617127414566,149.33279357030375,155.35962048976435,79.90731249645906,94.11348377060472,true,false
10,20.0,151.19174228901068,89.19332547285305,5.819271845257219,12.554456687752747,149.06723550349986,154.88650734875708,82.04787457322618,94.60233126097893,true,false
10,20.0,151.14486031196014,88.28661171172394,5.892113723730915,13.090287811330725,148.92370445658895,154.81581818031987,80.50741111167426,93.59769892300498,true,false
10,20.0,148.112370087345,91.98297915173359,5.886777317011621,12.5864397744745,146.08675726991459,151.9735345869262,84.5681275278079,97.1545673022824,true,false
10,20.0,150.83238901974136,90.36787519641507,5.346366435324796,12.818007186013617,148.80428558294776,154.15065201827255,82.83022138716844,95.64822857318205,true,false
10,20.0,152.54719939871129,104.00307508596006,4.640875079409341,13.117734472844134,150.86776029975744,155.50863537916678,96.1975761095345,109.31531058237863,false,true
10,20.0,150.24278389562573,89.69326404498065,5.863201817785807,13.527576361401302,148.10138684727417,153.96458866505998,82.02973316705452,95.55730952845582,true,false
10,20.0,152.43622921803302,90.34360630592468,5.817864277720986,14.298968332137179,150.4303793618277,156.2482436395487,82.32701259088194,96.62598092301911,false,false
10,20.0,148.89722493160332,96.18667270180427,5.070970991435956,12.332534714610475,147.09149875588673,152.1624697473227,88.88061826089665,101.21315297550713,true,true
10,20.0,151.46577025412003,86.03334921620913,6.228755956152014,14.805491578034946,149.09842340364577,155.32717935979778,77.76780790292896,92.57329948096391,true,false
10,20.0,151.69967977537107,90.32111342991334,6.23634163835672,11.832110650033826,149.44850422975213,155.68484586810885,83.20814142902967,95.04025207906349,true,false
10,20.0,147.1218827547784,101.72769896514536,4.622387354225452,11.260625829313781,145.43463654095126,150.0570238951767,94.86484596584258,106.12547179515636,true,true
10,20.0,151.16747194342526,105.05254551355672,4.307838226377669,13.210972001100401,149.5134038459334,153.82124207231107,97.23421677552926,110.44518877662966,true,true
10,20.0,145.98938570944924,89.43793125227398,5.666926714904491,12.481271150637284,144.00514500508982,149.6720717199943,82.27525933275327,94.75653048339055,false,false
10,20.0,151.58870383408822,94.99006744204124,5.027289977784676,14.322306063224957,149.640236179054,154.66752615683868,86.72185936872368,101.04416543194864,true,true
10,20.0,152.02548303110692,95.53133399324568,5.515113208038031,12.110953086483136,149.97706052654397,155.492173734582,88.41905127885578,100.53000436533891,true,true
10,20.0,146.13208251678572,97.31145776618584,4.769159606655734,11.051707001569753,144.48605186271462,149.25521146937035,90.79781825238437,101.84952525395413,false,true
10,20.0,153.26101671531467,92.95279497803807,5.739587204992063,14.086282014639735,151.23739664629608,156.97698385128814,84.7594507741078,98.84573278874754,false,false
10,20.0,150.76517246636016,92.27379417738335,5.76131914313649,13.572793669045467,148.68759098947757,154.44891013261406,84.22518501814957,97.79797868719504,true,false
10,20.0,150.62417638569605,115.49711078399869,2.8573240062603134,12.469423884136788,149.56829378810394,152.42561779436426,108.22592922746625,120.69535311160304,true,false
10,20.0,147.66634249421185,101.88990404788424,4.630780335100496,12.244037752659949,145.97658788375935,150.60736821885985,94.63796916203694,106.88200691469689,true,true
10,20.0,151.4730135759788,97.52257871307482,5.345484435569858,14.29454580961827,149.5960215969022,154.94150603247206,89.3673723828454,103.66191819246367,true,true
10,20.0,151.21315351103794,98.52116729799215,5.174209726424124,14.310332118181833,149.39456748460248,154.5687772110266,90.38376687459342,104.69409899277525,true,true
10,20.0,151.3580757503566,101.77899989923591,4.569117390868087,13.300251031526955,149.68058368380963,154.24970107467772,94.02309375512613,107.32334478665308,true,true
10,20.0,147.2628861707728,103.27681494916267,4.003965559320591,12.658121187193899,145.77429534974405,149.77826090906464,95.83508368360174,108.49320487079564,false,true
10,20.0,151.75689420687945,111.34049280986795,3.87344185449669,12.966687085282032,150.43284995744892,154.3062918119456,103.37033012347628,116.33701720875831,false,false
10,20.0,150.91107427799403,101.51574665237794,4.7331847618931135,13.99496864797888,149.2693839573392,154.0025687192323,93.43143068728045,107.42639933525933,true,true
10,20.0,152.73047457781408,92.74020943089042,5.563989706408734,13.47376152198234,150.61214968050552,156.17613938691426,84.84975571704143,98.32351723902377,false,false
10,20.0,153.71302494335862,90.15135061959748,6.359963131270121,13.589612744042654,151.39253409780133,157.75249722907145,82.43772803406982,96.02734077811247,false,false
10,20.0,150.38890427338464,94.13147576267065,5.454173954804531,13.23280503080116,148.41996541738678,153.8741393721913,86.45084822102575,99.68365325182691,true,false
10,20.0,151.2004608728018,111.47384205820737,3.681390654194985,13.67630115239227,149.8848487701266,153.5662394243216,103.44226922772792,117.11857038012019,true,false
10,20.0,148.97656555774282,100.09945161245656,4.442426668812374,13.162204879989076,147.40465424258196,151.84708091139433,92.71308660855603,105.8752914885451,true,true
10,20.0,152.79924435783795,92.2645095659064,6.098272224283562,15.016845614269485,150.62036445595805,156.71863668024162,83.53963023228329,98.55647584655277,false,false
10,20.0,140.42328081284154,100.10984658026561,3.826399177521637,10.369996011654322,139.06584278313022,142.89224196065186,93.82085890102802,104.19085491268234,false,true
10,20.0,143.89435800643042,104.92027758772781,4.009427308657536,12.583934337971783,142.50104605279336,146.5104733614509,97.04834427826279,109.63227861623457,false,true
10,20.0,148.75045693144986,101.07725108414604,4.607224554092056,12.467507264903077,147.05921844545304,151.6664429995451,93.51880907680031,105.98631634170339,true,true
10,20.0,147.69960421418327,88.30211314740095,6.334571684755787,12.851793326046717,145.52058967147693,151.8551613562327,81.0632280241335,93.91502135018021,true,false
10,20.0,151.8842376758921,101.47296465541919,4.560679698266114,13.951225205958181,150.2718640176617,154.8325437159278,93.18472216064572,107.1359473666039,false,true
10,20.0,151.1819026310831,102.59541259686634,4.783629684484168,15.198294086583175,149.5044889312598,154.28811861574397,93.75899183998423,108.95728592656741,true,true
10,20.0,148.35739003352484,110.85552277392749,3.668209075620041,12.622985111935762,147.0363014781483,150.70451055376833,103.32473455478468,115.94771966672045,true,false
10,20.0,149.89095148396052,91.77521544277799,5.538440585776101,12.061406261552165,147.8866933312083,153.4251339169844,84.78210416338743,96.8435104249396,true,false
10,20.0,151.99534731419604,108.15276702120082,4.25500956866901,12.915932508817875,150.4558329156171,154.7108424842861,100.569473885526,113.48540639434387,false,false
10,20.0,152.0391050697154,90.13103402063037,6.01265512336002,13.195389358166338,149.9304471482156,155.9431022715756,82.48374862877449,95.67913798694083,true,false
10,20.0,143.00304703822792,96.75459713817455,4.653035338503287,12.076624649734597,141.28896602688803,145.94200136539132,89.7244936327473,101.8011182824819,false,true
10,20.0,145.73999349623196,105.87897931601309,3.858596210351749,12.171971906047986,144.32192561819468,148.18052182854643,98.3652885476291,110.53726045367709,false,true
10,20.0,147.19656379979125,97.98566826805127,5.194168749299536,11.674212157572597,145.42709493792358,150.62126368722312,91.0106474186673,102.6848595762399,true,true
10,20.0,148.86245924851315,108.78352858081841,3.914021680084261,10.613155243690159,147.4620391809876,151.37606086107186,102.53503073306214,113.1481859767523,true,false
10,20.0,142.9122796319362,91.037025784827,5.620972195273396,11.180723296804132,140.84916709614345,146.47013929141684,84.44697875607262,95.62770205287676,false,false
10,20.0,146.40347988479175,100.59913673042941,4.890884511290011,12.689428159707603,144.7499283479579,149.64081285924792,93.07421688991599,105.76364504962359,false,true
10,20.0,149.94895817920747,100.28032318536532,4.90824721498646,14.278506835411648,148.16264753076769,153.07089474575415,92.03898730043433,106.31749413584598,true,true
10,20.0,150.1153148649619,106.8269860706676,4.176300007020245,12.730911776637896,148.6199879851854,152.79628799220563,99.34715268075432,112.07806445739222,true,true
10,20.0,147.09667074733466,102.53792940544191,4.121146184348163,11.391703807731616,145.6053000773796,149.72644626172777,95.81352891706237,107.20523272479399,false,true
10,20.0,148.9441215123569,94.33103581554293,5.55093285937491,14.038627755281738,146.93706201685063,152.48799487622554,86.17306471803779,100.21169247331953,true,true
10,20.0,152.1117391528823,103.65167928919254,4.4711430741275535,13.338996646804205,150.49470316706902,154.96584624119657,95.95349844891159,109.2924950957158,false,true
10,20.0,152.46548602335187,96.80748114954204,5.570049693147666,13.939475352964081,150.57600611939654,156.1460558125442,88.73595382994196,102.67542918290604,false,true
10,20.0,151.64422034525958,90.42356392043436,5.866441661217522,13.268631861231015,149.49156203613035,155.35800369734787,82.82208661315832,96.09071847438933,true,false
10,20.0,149.68756448541643,92.81671596639853,5.457885040142116,11.687067702432131,147.75411130182684,153.21199634196896,85.91682437798464,97.60389208041677,true,false
10,20.0,151.62634138897326,94.97281766865314,5.588444108799877,12.861670577507056,149.60450039187572,155.1929445006756,87.49606527919221,100.35773585669926,true,true
10,20.0,149.5109492840016,94.92525719319661,5.219473307041511,14.892289654016963,147.64019261893904,152.85966592598055,86.27749951207011,101.16978916608707,true,true
10,20.0,152.99255224051916,88.71315442438431,6.288039463221196,14.72357864542002,150.80069283419067,157.08873229741187,80.47237316576829,95.19595181118831,false,false
10,20.0,148.37649407221218,104.25171504083276,4.169668862759977,13.00134510337169,146.90062800236652,151.0702968651265,96.75464848744261,109.7559935908143,true,true
10,20.0,146.2798612169704,94.97030509867685,5.259349918148217,11.535640884206458,144.3422809356067,149.60163085375493,87.97002281198752,99.50566369619398,false,false
10,20.0,151.57046460550532,96.43365006628696,5.0833640807650795,15.590117828390234,149.72854356451387,154.81190764527895,87.50620933105628,103.09632715944652,true,true
10,20.0,150.492884365487,91.97399154691814,5.730976385363931,12.483921383690117,148.42853869938693,154.15951508475086,84.85448770000326,97.33840908369338,true,false
10,20.0,143.0843319329689,112.64055264635664,3.195578395585045,9.702030166846157,142.0287014840312,145.22427987961623,106.77254591122274,116.47457607806889,false,false
10,20.0,150.6473238468613,89.44041064854277,6.2665538477496625,13.568020480300234,148.39368455162543,154.6602383993751,81.85844315107686,95.42646363137709,true,false
10,20.0,141.0596055483457,94.64282870624855,4.978634292354627,12.117919287586943,139.33996979283046,144.3186040851851,87.56038233893281,99.67830162651975,false,false
10,20.0,151.79399809156556,117.12662489652519,3.323554598048304,10.68640029070059,150.65539434778321,153.97894894583152,110.42821261400752,121.11461290470811,false,false
10,20.0,142.04610685318553,111.24837908369256,2.9365630858283964,9.304451739199578,141.02937548448006,143.96593857030845,105.59475653755864,114.89920827675822,false,false
10,20.0,149.43831234543376,101.94611177918685,4.985313726172677,12.233337805972724,147.65399137777572,152.6393051039484,94.5833317623186,106.81666956829132,true,true
10,20.0,153.39017151533102,89.77064687633325,5.793173242191415,12.403362414075517,151.32987640629688,157.1230496484883,82.44109010565751,94.84445251973303,false,false
10,20.0,152.99712443620894,95.37344141680362,5.238347101582747,14.102810776056387,151.10751351903144,156.3458606206142,87.23286342440808,101.33567420046447,false,true
10,20.0,143.52876125048502,94.48162008265032,4.761795569583768,9.924038441804186,141.80750285475884,146.5692984243426,88.60491697278057,98.52895541458476,false,false
10,20.0,153.34659774963353,94.74702929615157,5.538845756966964,12.30468898153373,151.3434405925722,156.88228634953916,87.41987898589403,99.72456796742776,false,false
10,20.0,144.24659655284296,106.89776465100655,3.6329230316544283,11.085985298334549,142.94366306519555,146.57658609684998,100.32307411252529,111.40905941085984,false,false
10,20.0,150.9856992084449,104.72014742202774,4.13871340915901,12.953472915108478,149.52190465041022,153.66061805956923,97.36095699827698,110.31442991338545,true,true
10,20.0,145.1981479108161,91.3576046623753,5.729427435630754,12.043844680665728,143.10797518807934,148.8374026237101,84.2869031856256,96.33074786629133,false,false
10,20.0,148.91057859087894,97.39803250727823,5.125665656559306,12.508047103506001,147.08985124790402,152.21551690446333,89.85596175734952,102.36400886085552,true,true
10,20.0,151.165667140834,89.46165085186414,6.1137656753219005,13.607466344978505,149.00247594488366,155.11624162020556,81.9183691680054,95.5258355129839,true,false
10,20.0,151.51382546491112,98.30524541956446,5.221615890218516,13.523168784988314,149.565489239547,154.7871051297655,90.37887593298862,103.90204471797693,true,true
10,20.0,150.17964890507244,98.82806292865862,4.8613764438049145,13.084836550460764,148.33279553949782,153.19417198330274,91.10762290395658,104.19245945441735,true,true
10,20.0,148.84270661576318,91.0203971801771,5.727560001441589,13.554306606918814,146.79601962804065,152.52357962948224,83.20534715946623,96.75965376638504,true,false
10,20.0,146.02979462255468,109.78852506440633,3.5805045105722115,10.907989978842053,144.82201583840958,148.4025203489818,103.11633160805113,114.02432158689318,false,false
10,20.0,150.40999583730195,113.41229738590661,3.581199003840169,11.315801288318497,149.11145300321428,152.69265200705445,106.43710686977631,117.75290815809481,true,false
10,20.0,144.28626269916595,108.68417216886338,3.552850608885791,11.197641905328211,142.96562240062866,146.51847300951445,101.76842797242897,112.96606987775718,false,false
10,20.0,148.5993860565037,102.33768223123592,4.642645424425808,12.217260206825486,146.95546577707603,151.59811120150184,95.04232080960364,107.25958101642912,true,true
10,20.0,153.21412528227023,93.81103068249473,5.4356818066686685,13.680288034072618,151.26094514501105,156.69662695167972,86.00886422195558,99.6891522560282,false,false
10,20.0,149.69992695971024,91.47398236131278,6.145204714306146,12.89869214426406,147.56203670369848,153.70724141800463,84.01666585584556,96.91535800010962,true,false
10,20.0,152.63955149514112,91.41577809247981,5.943736765443333,12.092704384224575,150.4281173167102,156.37185408215353,84.2460859684682,96.33879035269277,false,false
10,20.0,152.22523455598878,99.19942433250301,5.317659514184953,13.038122990093115,150.34853101234066,155.6661905265256,91.61937764102927,104.65750063112239,false,true
10,20.0,151.8035124077019,110.19815580228419,3.7150794740791184,13.553081253669063,150.44381938696552,154.15889886104463,102.39507912234025,115.94816037600931,false,false
10,20.0,152.57445285578132,100.2256044343364,5.091877718702136,14.77774539424476,150.6784822185451,155.77035993724724,91.73089658980206,106.50864198404682,false,true
10,20.0,152.1505901727797,91.41248360387647,5.912297000856142,13.650266656908272,150.03799407841444,155.95029107927058,83.63034205376601,97.28060871067429,false,false
10,20.0,153.36815545290267,91.58649187037156,5.933697578047429,14.329631439278714,151.1529690574498,157.08666663549724,83.37408980998326,97.70372124926197,false,false
10,20.0,148.16544152711458,114.36843650071292,3.5801349171546235,11.864858446695251,146.90267921374965,150.48281413090427,107.1204668211431,118.98532526783835,true,false
10,20.0,152.431237432985,89.67504548653437,5.8443556371362035,14.020887622486939,150.25866691751008,156.1030225546463,81.81776793820431,95.83865556069125,false,false
10,20.0,150.66435285165915,94.56011468999185,5.660303322642221,11.302822818690842,148.68737214494985,154.34767546759207,87.92953629684311,99.23235911553395,true,false
10,20.0,150.023639058779,94.31526219779211,5.40792002424655,12.67315601897846,147.99428036796255,153.4022003922091,86.7124363774042,99.38559239638266,true,false
10,20.0,150.3998408034339,95.09866111394783,5.31701315694616,12.18492678258292,148.51208283216482,153.82909598911098,87.87423409817077,100.0591608807537,true,true
10,20.0,150.62094020217333,88.97126216640876,6.142722660124548,14.224000751473795,148.35647417823847,154.49919683836302,81.03905426957,95.2630550210438,true,false
10,20.0,149.7375592568957,107.15503323230207,3.9275058315996603,12.51627119934767,148.36693461480883,152.2944404464085,99.9109636112779,112.42723481062556,true,true
10,20.0,149.99297998292963,93.07131521532068,5.752561171048427,11.51985331311866,147.9411519738889,153.69371314493733,86.11243096245457,97.63228427557323,true,false
10,20.0,148.4087153782716,98.924301376235,5.090674553677047,13.409925400077967,146.47263428647693,151.56330884015398,91.07464147501744,104.48456687509541,true,true
10,20.0,152.0911421961062,97.66436959767444,5.503048776523855,13.897138320387924,150.18336435527232,155.68641313179617,89.48107775070025,103.37821607108818,false,true
10,20.0,147.63457761555222,102.87819020250194,4.613773559152122,13.32648269896535,145.9816655760875,150.59543913523962,95.04583308886339,108.37231578782874,true,true
10,20.0,151.62487836576096,96.63171712667341,5.289201546838967,12.895385083884662,149.7152991345583,155.00450068139727,89.31027107850912,102.20565616239378,true,true
10,20.0,151.68629090574717,100.12266943947266,4.966477399579446,14.07011891625416,149.93151238951535,154.8979897890948,91.76868968025495,105.83880859650911,true,true
10,20.0,150.88782642975895,92.47905798875792,5.398273890846298,12.644008818359424,148.86332203249745,154.26159592334375,85.25707583221447,97.90108465057389,true,false
10,20.0,152.8599180531161,93.7459745145146,5.299170367788463,13.840079859164007,150.96212228639814,156.2612926541866,85.42391872913981,99.26399858830382,false,false
10,20.0,149.7387117543208,99.1634353364787,5.023208494497879,12.520357502427487,147.97548710259306,152.99869559709094,92.06694452739842,104.5873020298259,true,true
10,20.0,149.55563269342082,92.28295565770273,5.410155810093386,12.456451377122207,147.6456458273229,153.0558016374163,84.88334502920064,97.33979640632285,true,false
10,20.0,146.3362048024798,105.14704205999152,3.7210261467126315,11.270714811938888,144.97500826665123,148.69603441336386,98.46735529193681,109.7380701038757,false,true
10,20.0,149.90030730182895,97.0597483318364,4.8076938624112415,14.427918630097025,148.20296580925012,153.01065967166136,89.04230972362865,103.47022835372567,true,true
10,20.0,152.07892677405016,95.71271699891815,5.099361203092826,13.812813092824825,150.3148843366787,155.4142455397715,87.69469768585827,101.5075107786831,false,true
10,20.0,153.32351109133452,98.7034042194546,5.014994905460611,13.954046197492545,151.33477541549607,156.34977032095668,90.62989945048699,104.58394564797953,false,true
10,20.0,152.650514630021,93.19929448731305,5.498447469074819,15.1694318885597,150.6196623775552,156.11810984663,84.48637716595636,99.65580905451606,false,false
10,20.0,148.83183458113066,95.30449571409186,5.447946843909193,12.110071969480046,146.96995899615644,152.41790584006563,88.01576166053721,100.12583363001725,true,true
10,20.0,147.24548344205704,92.10624132954675,5.667738693973661,11.706898473246255,145.29193610325757,150.95967479723123,84.99752696328285,96.7044254365291,true,false
10,20.0,151.8465437542808,91.52950773804007,5.762562465610927,12.950803945756888,149.8016003924197,155.5641628580306,84.25811881920515,97.20892276496204,true,false
10,20.0,149.67981031736602,97.91564459936804,4.579299834537039,12.957558513584516,148.04660391766066,152.6259037521977,90.48580907608631,103.44336758967083,true,true
10,20.0,152.44607112999586,106.57898975569793,4.2919170092797,13.671670033208144,150.83690229043958,155.12881929971928,98.47645466553678,112.14812469874492,false,true
10,20.0,153.463028435401,86.5277136170191,6.24320453879352,13.878541747660833,151.23792640325257,157.4811309420461,78.99840154757436,92.8769432952352,false,false
10,20.0,150.9045768538573,92.2505354474074,5.741034046697507,13.059470475371882,148.77991738088474,154.52095142758225,84.66457547072108,97.72404594609296,true,false
10,20.0,150.35026108299252,99.88769837372575,4.566827127097213,13.183994035255736,148.7027862147496,153.26961334184682,92.32328720854599,105.50728124380173,true,true
10,20.0,152.30202741563164,88.41667364905067,5.797744224882905,13.40779898555681,150.21012665691867,156.00787088180158,80.68944610666632,94.09724509222313,false,false
10,20.0,151.94740568044546,99.4724205749612,5.206871591464562,13.473864196469208,150.05519447340689,155.26206606487145,91.67395354168575,105.14781773815496,false,true
10,20.0,150.45080216888118,98.39444527662803,4.866011636780826,15.212548480887563,148.77945438511,153.64546602189083,89.78032081682571,104.99286929771327,true,true
10,20.0,151.2573326031062,91.10739293072018,5.818908856285418,12.232337138460608,149.08266570911434,154.90157456539976,84.15102173821714,96.38335887667775,true,false
10,20.0,149.84923042797521,99.28640781014671,4.796175185947817,11.985942474997103,148.14979877442795,152.94597396037577,92.13963329287145,104.12557576786855,true,true
10,20.0,153.64813523918775,92.26695540003895,6.037897898847888,13.620465630526738,151.33996165046113,157.37785954930902,84.11933539657751,97.73980102710425,false,false
10,20.0,148.70926926027084,116.52435330227325,3.1045940365598597,10.231893910076195,147.6424928916827,150.74708692824257,110.16760650397894,120.39950041405514,true,false
10,20.0,152.9156436587297,99.38399423737336,4.980626016873686,14.552025995636967,151.12986992742498,156.11049594429866,90.87779093664511,105.42981693228208,false,true
10,20.0,148.72610945846526,92.09898641558942,5.5672352535570155,12.447716276203849,146.73381505852646,152.30105031208348,84.90633269019371,97.35404896639756,true,false
10,20.0,152.6834222360991,88.42240538266073,5.683637378797329,13.610540915317216,150.68350385606263,156.36714123485996,80.70489587682933,94.31543679214654,false,false
10,20.0,150.86920610837396,96.7060464532271,5.219172042474014,12.405355666785681,149.08880379472475,154.30797583719877,89.3854736912489,101.79082935803459,true,true
10,20.0,150.73729682271704,89.86781457128626,5.510585542071851,13.795404118420095,148.73561949371754,154.2462050357894,82.20845493593791,96.003859054358,true,false
10,20.0,151.62330108384162,101.26295927157582,5.034705032007764,11.550911760687924,149.8260228612238,154.86072789323157,94.09726156002266,105.64817332071058,true,true
10,20.0,148.7410840181256,93.38474236835677,5.35202232364432,13.36387564105118,146.78744455583808,152.1394668794824,85.69573311268152,99.0596087537327,true,false
10,20.0,148.82264741029658,103.34965809125492,4.609619156584301,14.14102412252656,147.26497627901952,151.87459543560382,95.19088648786293,109.33191061038949,true,true
10,20.0,150.86570813368948,98.3584788150287,5.272957568794396,13.053763257359321,148.94306250871676,154.21602007751116,90.69795350769297,103.7517167650523,true,true
10,20.0,152.24921311790877,94.87786143123212,5.789967985988113,12.632431400083249,150.17007014841633,155.96003813440444,87.60490592984945,100.2373373299327,false,true
10,20.0,148.00952799598434,101.11335050819144,4.5636976483809235,11.633126495410096,146.27295728628349,150.8366549346644,94.22041082387966,105.85353731928976,true,true
10,20.0,144.21886054282703,92.56397981340814,5.54165440354808,12.850277591068973,142.28095105468785,147.82260545823593,85.21773103686911,98.06800862793808,false,false
10,20.0,151.06059990189976,99.33044677067733,4.838004091445185,11.526024174526043,149.36168187503864,154.19968596648383,92.36957412558579,103.89559830011183,true,true
10,20.0,145.5441798147576,89.45542154694031,5.858557873968351,12.862718097242734,143.37980636900335,149.2383642429717,82.10752791523812,94.97024601248086,false,false
10,20.0,149.29230386843014,98.08501805775393,5.015983591761369,11.713042297858294,147.52130858007317,152.53729217183454,91.19686186203869,102.90990415989698,true,true
10,20.0,152.50298615127662,85.83775330884245,6.4353037610036665,14.594902278530569,150.1489144190923,156.58421818009597,77.64189478297573,92.2367970615063,false,false
10,20.0,149.01383006686325,91.57872402455597,5.531105984547651,11.911522193204036,147.07480866449998,152.60591464904763,84.60038652679731,96.51190872000134,true,false
10,20.0,151.4543170388888,100.3815703645763,4.677554821169679,14.033753863144256,149.79331209770191,154.4708669188716,92.16076852801557,106.19452239115982,true,true
10,20.0,151.22649580040826,101.23131487243666,4.63845176446037,13.931828692990223,149.54800242325936,154.18645418771973,93.12113835239661,107.05296704538684,true,true
10,20.0,151.90472038686212,98.15318472867189,4.683994212941201,13.475172078113062,150.21272264203566,154.89671685497686,90.4427607364933,103.91793281460636,false,true
10,20.0,152.8179854679088,93.16492592293795,5.626386962409242,13.110905564636155,150.72039314963052,156.34678011203977,85.6805623721759,98.79146793681205,false,false
10,20.0,147.9927020657896,91.04505857130087,5.889716323891662,12.184124468992025,145.85335686474502,151.74307318863669,83.9647096267932,96.14883409578522,true,false
10,20.0,147.81890830965625,94.05416431499637,5.390155187497726,13.08137163473505,145.90681819067373,151.29697337817146,86.37792906990973,99.45930070464478,true,false
10,20.0,146.4892749666883,98.28601110390196,4.933495508421402,10.837350738125338,144.72937410548744,149.66286961390884,91.77638301321035,102.61373375133569,false,true
10,20.0,145.9246907748913,98.09811848417311,4.890431301033175,12.316664278403564,144.19470736281858,149.08513866385175,90.7298067382657,103.04647101666926,false,true
10,20.0,151.64296676471642,93.4932084900026,5.68551780850737,13.985377706717259,149.67658515838434,155.3621029668917,85.53531947271189,99.52069717942915,true,false
10,20.0,150.3033553883789,90.55823165262981,5.318536705220652,13.27332630717062,148.37661240388965,153.6951491091103,83.10389546841586,96.37722177558648,true,false
10,20.0,147.20420691893995,87.48280306394136,6.127031250812479,12.996788087768039,144.90909562240023,151.0361268732127,80.25406246416321,93.25085055193125,true,false
10,20.0,150.92243549367413,104.3586930100882,4.706963824968142,13.2462664366425,149.26425715830933,153.97122098327748,96.49594359247197,109.74221002911447,true,true
10,20.0,150.51055435945233,92.23129410699264,5.690505372792245,14.31032262200523,148.5283138627982,154.21881923559044,83.98406991757864,98.29439253958387,true,false
10,20.0,137.45246042020392,95.99958383176622,4.71536949932991,10.817745753020048,135.79005497306002,140.50542447238993,89.34243729192656,100.1601830449466,false,true
10,20.0,151.00841524703463,96.81738204873783,5.512665101257227,12.372551083845252,149.0269399790005,154.53960508025773,89.7252243806679,102.09777546451315,true,true
10,20.0,147.6574460430989,96.94473799553755,5.1161292171214825,12.39855028144386,145.87380131269222,150.9899305298137,89.75356467780792,102.15211495925178,true,true
10,20.0,150.8257879924522,89.22226800443363,6.1045130720889915,13.202436435687062,148.6291090858092,154.7336221578982,82.17374982857683,95.3761862642639,true,false
10,20.0,149.3582393053921,100.63262574938517,5.074527945281176,12.725697459833256,147.57778259061584,152.65231053589702,93.11644994310514,105.8421474029384,true,true
10,20.0,152.7439769261096,89.72062618985893,5.707210434715961,14.272386240404103,150.65771064180922,156.36492107652518,81.68831207605488,95.96069831645899,false,false
10,20.0,153.31852154710145,87.81139176820602,5.80730845281235,13.231123151661336,151.06847310886698,156.87578156167933,80.39734252043652,93.62846567209786,false,false
10,20.0,150.15259620205313,100.70440817785861,4.697648465659313,13.229081134860536,148.43191890636479,153.1295673720241,93.09732908535972,106.32641022022025,true,true
10,20.0,149.86307674907638,102.66642463198602,4.333015090632927,12.551748748528112,148.31582487314927,152.6488399637822,95.45287472206208,108.00462347059019,true,true
10,20.0,151.38179659367216,98.09567658012568,5.075215511941423,12.84107728316259,149.6479886119398,154.72320412388123,90.42433388501108,103.26541116817367,true,true
10,20.0,152.447473241716,99.12322361318871,5.1731467088361,13.532648726165533,150.48813062969217,155.66127733852827,91.43028501429808,104.96293374046361,false,true
10,20.0,151.03795187106047,94.16242492761975,5.412982315549101,11.812868243750415,149.06965167870686,154.48263399425596,87.00402365382615,98.81689189757657,true,false
10,20.0,153.25172099585086,96.4501728874978,5.452314321933812,13.98704315542166,151.29170797545504,156.74402229738885,88.06268981672785,102.04973297214951,false,true
10,20.0,151.20802676124038,100.55036175852314,4.405139335956676,12.718548993877505,149.67117165564946,154.07631099160614,92.82518890151752,105.54373789539503,true,true
10,20.0,149.10669254497247,94.52971845739185,5.110304852331296,11.919608557289592,147.14998481751513,152.26028966984643,87.49998606909315,99.41959462638275,true,false
10,20.0,139.39445618919916,96.54228647941295,4.592357468536363,11.388782147410978,137.7513158657204,142.34367333425675,89.8242393886786,101.21302153608958,false,true
10,20.0,151.65714162757294,100.67365033011926,4.9482261912019965,11.677914548642732,149.92107782511198,154.86930401631398,93.58457974555417,105.2624942941969,true,true
10,20.0,153.5288186939352,91.22747463056356,6.0404303832116,13.833380589934592,151.3061693521914,157.346599735403,83.05416178519727,96.88754237513186,false,false
10,20.0,149.88763349457668,101.69420314289732,4.998048860951144,12.959929659775483,148.1242617945146,153.12231065546575,93.98461393086494,106.94454359064042,true,true
10,20.0,152.74308522954536,90.6013626888251,5.8012930767788475,13.809079743768436,150.64595706109478,156.44725013787362,82.75793720853525,96.56701695230369,false,false
10,20.0,150.53097783815969,95.81047592270319,5.097895326154088,12.36559124151303,148.83633900048824,153.93423432664233,88.3511476670442,100.71673890855723,true,true
10,20.0,152.33612057913314,100.26623785955037,4.655759155090379,14.786022771621901,150.67608666549359,155.33184582058396,92.12843179472735,106.91445456634925,false,true
10,20.0,148.7793617944592,99.61120573267664,4.533167234926623,13.138167381242653,147.05392672687117,151.5870939617978,91.4875897803399,104.62575716158256,true,true
10,20.0,152.708164139569,88.55415296487304,5.977628239298269,14.47845080626692,150.52530661021012,156.5029348495084,80.29548175553902,94.77393256180594,false,false
10,20.0,150.34120528895835,95.19817010865818,5.3355458018222635,12.4152364510513,148.44586677147788,153.78141257330014,87.9165974612728,100.3318339123241,true,true
10,20.0,150.26633506468636,91.33802821475862,5.809650703440866,12.267059340283694,148.06650165137728,153.87615235481815,84.2019694695354,96.4690288098191,true,false
10,20.0,150.64770784308996,91.028363444473,5.54542840696638,13.248150024571231,148.60276806146936,154.14819646843574,83.57229122376216,96.8204412483334,true,false
10,20.0,152.43844390361232,95.49535390904332,5.221077903609569,14.324920617570811,150.57666764944537,155.79774555305494,87.24047163542782,101.56539225299863,false,true
10,20.0,152.00692129100196,98.24654055636302,4.830231118544248,13.763535777766748,150.2919756233703,155.12220674191454,90.43096883086943,104.19450460863618,false,true
10,20.0,152.0548383912393,92.16497168085525,5.746928213579764,14.359211816645228,150.02364838323035,155.77057659681012,84.09158262222303,98.45079443886826,false,false
10,20.0,150.3129892030455,103.41054222222232,4.654542380215844,13.567891273979683,148.63227801316646,153.2868203933823,95.73321372713875,109.30110500111843,true,true
10,20.0,144.02112858550646,91.7892184378401,5.452050535384245,11.93596042642217,142.0349466950803,147.48699723046454,84.98294819306042,96.9189086194826,false,false
10,20.0,153.0446174942942,90.17337761363038,6.029040201143232,14.56271162480688,150.84551881011143,156.87455901125466,82.05306041760741,96.61577204241429,false,false
10,20.0,139.98699471517807,101.36249361803873,3.980336849860578,10.569878327287952,138.58091244477436,142.56124929463493,95.14511453584274,105.71499286313069,false,true
10,20.0,153.71255141155436,91.05113560298963,5.8330603263150635,13.660780471321758,151.5906180577502,157.42367838406525,83.38880418503042,97.04958465635218,false,false
10,20.0,152.7624372551768,92.43300788595036,5.4209217914100805,13.444595583154978,150.75654947917445,156.17747127058453,84.72203351765731,98.16662910081229,false,false
10,20.0,152.13026398300264,92.05628976994986,5.583587641052617,12.461257057081141,150.10093523786446,155.68452287891708,84.77475620743228,97.23601326451342,false,false
10,20.0,147.94493132029913,122.4500304963617,2.3857649190532015,9.313991929663459,147.09709008161127,149.48285500066447,116.75421480055525,126.0682067302187,false,false
10,20.0,150.30673130144447,114.74301397371258,3.3554183423237873,11.824518683930961,149.0762745051817,152.43169284750547,107.60579985988483,119.43031854381579,true,false
10,20.0,148.4597499353967,92.36443310680043,5.629032630673919,11.725144406957014,146.45712950262276,152.08616213329668,85.50259987774513,97.22774428470214,true,false
10,20.0,150.30531696357693,87.33117501083943,5.977822863457163,13.838309991736836,148.18982060654184,154.167643469999,79.48321705169361,93.32152704343045,true,false
10,20.0,149.58767214374973,89.34847111222692,5.966842067723519,12.774635558684878,147.3914009139648,153.3582429816883,81.87582161215231,94.65045717083719,true,false
10,20.0,145.43673961741604,98.92439390129209,4.411091440789676,11.639586123668465,143.86931091866884,148.28040235945852,92.17299155107811,103.81257767474658,false,true
10,20.0,151.41062271587157,100.64458950688241,4.658498135372469,12.413278046112481,149.71132811697268,154.36982625234515,93.46256899053884,105.87584703665132,true,true
10,20.0,147.50649780661368,96.58473099028247,5.276986035952547,10.934808621374884,145.65371056815795,150.9306966041105,89.80106422980279,100.73587285117767,true,true
10,20.0,144.25396674848838,92.97852949754693,5.516533779818218,13.405010588359971,142.21915304575703,147.73568682557524,85.21498299540639,98.61999358376636,false,false
10,20.0,150.93676849930915,95.97787307986314,5.250338532216233,13.081156147236058,149.09057079507636,154.3409093272926,88.42395014702602,101.50510629426208,true,true
10,20.0,152.8567404105782,89.79887252763157,5.760656847833843,14.911177494687763,150.74460850026094,156.50526534809478,81.80742519129292,96.71860268598068,false,false
10,20.0,153.59119599754217,85.00190843955019,6.034654151196719,14.416506261886383,151.3075018589711,157.34215601016783,76.89589623193453,91.31240249382091,false,false
10,20.0,150.08501914970464,110.14445684399251,3.8648058308368434,11.815889020264635,148.71040181507368,152.57520764591052,103.18051011054051,114.99639913080514,true,false
10,20.0,147.8976629166727,92.34425195546805,5.449340723020555,13.031439393892228,145.95519899979794,151.4045397228185,84.93899748118156,97.97043687507379,true,false
10,20.0,150.7898646241582,94.61641083044952,5.140697347919598,13.32673134680148,148.91099322117046,154.05169056909006,86.77628611563294,100.10301746243442,true,true
10,20.0,148.62306594212373,92.66782895719012,5.5893496898433455,12.6654035517942,146.50597086615488,152.09532055599823,85.23845546873498,97.90385902052918,true,false
10,20.0,152.7315447876153,92.05809770332337,5.631698971041061,14.509458812769438,150.6772271062762,156.30892607731727,83.80292189721537,98.31238070998481,false,false
10,20.0,153.45078578311092,92.23534585701628,5.658514989537508,13.239507912206633,151.32459037891195,156.98310536844946,84.81524430156452,98.05475221377115,false,false
10,20.0,150.04320390691578,94.05668345049446,5.420975436570046,11.363239313001415,148.05551917279982,153.47649460936987,87.2153146353933,98.57855394839471,true,false
10,20.0,151.62933404605462,96.88865116414573,5.470935188983816,11.557131153745104,149.5957908823631,155.06672607134692,89.96889707563173,101.52602822937683,true,true
10,20.0,153.75805907541763,88.45163243418116,6.644673031984098,14.232827002566594,151.24889914245577,157.89357217443987,80.40899319993822,94.64182020250482,false,false
10,20.0,152.282627628882,101.50250522155248,4.560735862745702,15.144224573386737,150.63089700595413,155.19163286869983,93.008980889796,108.15320546318274,false,true
10,20.0,150.89410381474448,98.04454680098831,5.075256662640612,12.413054053040497,149.04763990546797,154.1228965681086,90.8073051356807,103.2203591887212,true,true
10,20.0,151.63393126466457,103.85095936263323,4.327287961468414,13.077126809191057,150.11951056000828,154.4467985214767,96.04212582343156,109.11925263262262,false,true
10,20.0,152.84363928351786,97.16762062037904,4.970593593750209,14.63126656446616,151.11104691094891,156.08164050469912,88.98519023175105,103.61645679621721,false,true
10,20.0,144.438207897803,95.16993736593875,5.021081761403821,12.62908175568775,142.66666191518752,147.68774367659134,88.00987738408571,100.63895913977346,false,true
10,20.0,145.4517758501017,100.39754511243848,4.097001151514775,13.102222111897376,143.99767719127937,148.09467834279414,92.71108744600801,105.81330955790538,false,true
10,20.0,152.37963511841144,100.21911487114033,4.994682063168483,14.187379071845427,150.61903178093576,155.61371384410424,91.81757823942306,106.00495731126848,false,true
10,20.0,153.2647317245145,89.18820681174756,5.606668894717359,14.44973403364223,151.17999886508562,156.78666775980298,81.14048132261104,95.59021535625327,false,false
10,20.0,143.00394594735127,100.7924194278121,4.332394064067159,12.357151782067149,141.45293599052644,145.7853300545936,93.59307532420647,105.95022710627362,false,true
