ndata,sigma,theta1_median,theta2_median,theta1_iqrs,theta2_iqrs,quartiles1_1,quartiles3_1,quartiles1_2,quartiles3_2,theta1_coverage,theta2_coverage
50,1.0,169.16052438700308,80.25588657531728,1.3379430567122768,1.3685223124396089,168.49895938685063,169.8369024435629,79.58324032322263,80.95176263566223,false,false
50,1.0,169.1554052952876,80.27546198048546,1.3381817116116679,1.359723770309543,168.49819937404934,169.836381085661,79.60086603475085,80.9605898050604,false,false
50,1.0,169.1447367740605,80.287061059005,1.3405862009034877,1.2930138610951616,168.4709711228735,169.81155732377698,79.6474459639491,80.94045982504426,false,false
50,1.0,169.15500828097765,80.28572334300864,1.3671129370135588,1.3651685187650457,168.4692164720476,169.83632940906116,79.60419626291858,80.96936478168362,false,false
50,1.0,169.14731237101034,80.30237302883361,1.3685441601190007,1.3200263843960727,168.45489687641393,169.82344103653293,79.64486868964393,80.96489507404,false,false
50,1.0,169.1484933988478,80.25246593368936,1.328557968444727,1.35324344016405,168.48111992546086,169.8096778939056,79.58116705811935,80.9344104982834,false,false
50,1.0,169.16836471919146,80.26171433879773,1.3734792704236725,1.3332528405884574,168.47578321324693,169.8492624836706,79.5974458401047,80.93069868069315,false,false
50,1.0,169.13957317918397,80.26933126508497,1.3885576766367649,1.3372248453354985,168.45913155363246,169.84768923026922,79.60779366123356,80.94501850656906,false,false
50,1.0,169.17111323934566,80.29140695223649,1.31963433929306,1.3473214093029355,168.49320004940145,169.8128343886945,79.61543956923023,80.96276097853317,false,false
50,1.0,169.13576878253303,80.26708772495215,1.355146058428545,1.3281809571117407,168.4623077889255,169.81745384735405,79.60139730844782,80.92957826555956,false,false
50,1.0,169.1616566128402,80.31648979112589,1.3935138277778378,1.3596260092175498,168.46806969881268,169.86158352659052,79.62944622963784,80.98907223885539,false,false
50,1.0,169.13259793514936,80.29022383305326,1.374249509314609,1.4176232467769978,168.43602018741237,169.81026969672698,79.59749662730572,81.01511987408271,false,false
50,1.0,169.14796146301958,80.27611613364843,1.3632349203675744,1.3673785256795554,168.48002776487343,169.843262685241,79.60839733380132,80.97577585948088,false,false
50,1.0,169.13596058077246,80.3060059191373,1.3610330676669662,1.3596978871297978,168.44851665868347,169.80954972635044,79.61682446384509,80.97652235097489,false,false
50,1.0,169.14457859248324,80.3285621209537,1.2957055975802518,1.3342311167056096,168.49733592841855,169.7930415259988,79.65281255442468,80.9870436711303,false,false
50,1.0,169.14592913354335,80.27274525197073,1.3608488209670213,1.3322078675161038,168.46911858795343,169.82996740892045,79.61579262272645,80.94800049024255,false,false
50,1.0,169.16762446240674,80.27281077771997,1.380343476807326,1.3756369758197167,168.4808803963073,169.86122387311462,79.5937581176547,80.96939509347442,false,false
50,1.0,169.14568025294426,80.26333007077423,1.345451246957623,1.3483278303217077,168.4621415449104,169.80759279186802,79.61426191221611,80.96258974253782,false,false
50,1.0,169.15967389105998,80.23150072641144,1.3677117264109597,1.3357268820007704,168.47410861095477,169.84182033736573,79.57080854912871,80.90653543112948,false,false
50,1.0,169.1354177299412,80.29616416324595,1.3512501224628863,1.3330946082284498,168.48596211465804,169.83721223712092,79.64313029923338,80.97622490746183,false,false
50,1.0,169.15247386412824,80.29544834385875,1.349838178223422,1.3485268281396117,168.47639162269076,169.82622980091418,79.64457705809345,80.99310388623306,false,false
50,1.0,169.14104687874635,80.28246619632012,1.3540330572264452,1.3298313351842665,168.46137288583157,169.815405943058,79.62091658422707,80.95074791941134,false,false
50,1.0,169.15859002369362,80.30525497964146,1.3543550228268089,1.312942718469401,168.47838566912026,169.83274069194707,79.65422868709521,80.96717140556461,false,false
50,1.0,169.15223274192704,80.25298290997472,1.360036454517882,1.3351298543422843,168.47712347647854,169.83715993099642,79.6108631604339,80.94599301477618,false,false
50,1.0,169.15082804611583,80.33935024831959,1.374292053531775,1.359954466322307,168.47027452486813,169.8445665783999,79.64342392977895,81.00337839610125,false,false
50,1.0,169.1501802691991,80.27780068916626,1.3166207536484649,1.318803849899524,168.48523751631285,169.80185826996131,79.63509568828755,80.95389953818707,false,false
50,1.0,169.15636067126286,80.32897530986327,1.3478696661559582,1.336217006356037,168.46843668497286,169.81630635112882,79.65323957671527,80.9894565830713,false,false
50,1.0,169.15763432186827,80.32330176339588,1.3748269672713604,1.3589852319250895,168.46956206268158,169.84438902995294,79.65392522283537,81.01291045476046,false,false
50,1.0,169.13307706562074,80.30028557288972,1.3424065714195876,1.3366353792422956,168.481433098555,169.82383966997457,79.640899262923,80.9775346421653,false,false
50,1.0,169.16482861132764,80.29691104240163,1.375137039285363,1.3339302752040396,168.47749951075565,169.852636550041,79.61222774040951,80.94615801561355,false,false
50,1.0,169.16432744925748,80.29588707920506,1.330124625494875,1.3577583956737982,168.5017362455166,169.8318608710115,79.60422176778317,80.96198016345697,false,false
50,1.0,169.1572528074417,80.31100257325285,1.338655045926913,1.3271025901217826,168.4922888438521,169.830943889779,79.63914543662108,80.96624802674286,false,false
50,1.0,169.15862934637008,80.29560263660511,1.3554283192601133,1.378475904341542,168.4749765562167,169.8304048754768,79.59796373817952,80.97643964252106,false,false
50,1.0,169.12754304448885,80.30555382313884,1.330019918117756,1.3534687648995174,168.47240226319028,169.80242218130803,79.63622747830404,80.98969624320355,false,false
50,1.0,169.15334917432978,80.30326924683062,1.3518769496072593,1.3409419787760442,168.4663266088579,169.81820355846517,79.63975634880273,80.98069832757878,false,false
50,1.0,169.14120553334186,80.2904425113141,1.3396278080106754,1.3501797839531946,168.47721539046185,169.81684319847253,79.61314358691337,80.96332337086656,false,false
50,1.0,169.16707117702856,80.27760477604099,1.3782912971349788,1.3601476980519749,168.46342554770865,169.84171684484363,79.59259896782399,80.95274666587596,false,false
50,1.0,169.14759547814742,80.32979329536246,1.3435381349212605,1.3260365846290085,168.48126987926076,169.82480801418203,79.67876429501467,81.00480087964368,false,false
50,1.0,169.14750871098525,80.23818361650312,1.359715497909832,1.3553702884372711,168.46924543674407,169.8289609346539,79.5574471681391,80.91281745657638,false,false
50,1.0,169.1624062171266,80.29099412833834,1.3830394622892754,1.3519433579841404,168.46454102657347,169.84758048886275,79.62157795067534,80.97352130865949,false,false
50,1.0,169.1494774646663,80.33095619951914,1.374122377134455,1.3627425088907046,168.46056271796883,169.83468509510328,79.65038067447358,81.01312318336429,false,false
50,1.0,169.14728350042913,80.34516361246115,1.3670664422068057,1.3528823337874059,168.47105995590985,169.83812639811666,79.66135879312368,81.01424112691109,false,false
50,1.0,169.17713411560908,80.24828974455967,1.3449596884458117,1.338017359234044,168.4995206174634,169.8444803059092,79.58099456724321,80.91901192647725,false,false
50,1.0,169.1466941542651,80.26576060540316,1.3777639124979828,1.3432446740592638,168.4638827851902,169.8416466976882,79.599139939024,80.94238461308326,false,false
50,1.0,169.14329512162408,80.34264508099176,1.3356408559300519,1.3508187899311963,168.48999704154605,169.8256378974761,79.64594225222544,80.99676104215663,false,false
50,1.0,169.14522874322768,80.33026807475711,1.3463982913799555,1.303374691311106,168.48537908261392,169.83177737399387,79.66553478948822,80.96890948079933,false,false
50,1.0,169.15336719382174,80.34639859376028,1.3310562921076041,1.402979507389361,168.4784481838651,169.80950447597272,79.64515304704061,81.04813255442997,false,false
50,1.0,169.17739545514905,80.33202721605443,1.367855306807968,1.338100173351961,168.4922199661243,169.86007527293228,79.65308764880984,80.9911878221618,false,false
50,1.0,169.16720673709546,80.29338446140619,1.3677587908609041,1.358190400856472,168.48236451557185,169.85012330643275,79.61910699180629,80.97729739266276,false,false
50,1.0,169.16122176533798,80.2725842037577,1.3641194231601332,1.3451537181408924,168.48519891013376,169.8493183332939,79.60138102982583,80.94653474796672,false,false
50,1.0,169.1561193647608,80.34675537113691,1.3284071665742943,1.3690238546888338,168.49418314977547,169.82259031634976,79.65688397741752,81.02590783210636,false,false
50,1.0,169.17017594641862,80.2677438879661,1.3205886199599774,1.3386848847360255,168.5053588276693,169.8259474476293,79.60552281814988,80.9442077028859,false,false
50,1.0,169.14878371751593,80.23078882123815,1.3465214606973461,1.3681771692415197,168.48570391601237,169.83222537670972,79.53467614254309,80.90285331178461,false,false
50,1.0,169.1544874950253,80.33978138050149,1.390834058821838,1.3505158025121773,168.45879804484846,169.8496321036703,79.64455742498313,80.99507322749531,false,false
50,1.0,169.1776035782142,80.28859909610779,1.3618052018653373,1.3138805277775987,168.48355567597127,169.8453608778366,79.62328407700575,80.93716460478335,false,false
50,1.0,169.14459349205788,80.29598209775475,1.3454584619970262,1.349990421716413,168.47795032364533,169.82340878564236,79.63131909776936,80.98130951948578,false,false
50,1.0,169.15502286146682,80.25773851786596,1.3380893142666537,1.3835161586039249,168.46820652711193,169.80629584137859,79.56560084038651,80.94911699899043,false,false
50,1.0,169.1515600189332,80.30911238990461,1.3707009604573557,1.3457108139064928,168.47163973369905,169.8423406941564,79.64537107332336,80.99108188722985,false,false
50,1.0,169.1491241513066,80.2707856970457,1.3734639862445874,1.3556512407198653,168.46285401608193,169.83631800232652,79.57595944122389,80.93161068194375,false,false
50,1.0,169.17047654659353,80.30045370446206,1.3340387330272847,1.348548202508482,168.4866855286212,169.82072426164848,79.62934549274155,80.97789369525003,false,false
50,1.0,169.14249494167706,80.32635759101672,1.3395510100335173,1.3152556339337593,168.47251411130512,169.81206512133863,79.6511618624278,80.96641749636156,false,false
50,1.0,169.16587384762286,80.24770498913065,1.3872764918363316,1.3218666907847023,168.47296887533102,169.86024536716735,79.59453513217554,80.91640182296024,false,false
50,1.0,169.17837569163873,80.30408227368281,1.3375103353545512,1.3751847195870823,168.5039918525687,169.84150218792325,79.61568021247899,80.99086493206607,false,false
50,1.0,169.156001689447,80.24043091967988,1.3676813386447861,1.320673353818691,168.4705429540888,169.8382242927336,79.57892244029219,80.89959579411088,false,false
50,1.0,169.1503508637335,80.30140525084964,1.3964813550207396,1.2761593073639972,168.46080808368424,169.85728943870498,79.65779968056025,80.93395898792424,false,false
50,1.0,169.14988056919145,80.3059870887735,1.3737803082447044,1.3330252353528778,168.4636314999398,169.8374118081845,79.6261593590657,80.95918459441857,false,false
50,1.0,169.14043321786892,80.27127983434312,1.3597488667806488,1.3178925642994699,168.4706619867447,169.83041085352534,79.61486875507734,80.93276131937681,false,false
50,1.0,169.15841579384835,80.29983372556605,1.3354996359282154,1.3568785432676407,168.49771601692686,169.83321565285507,79.62299217810369,80.97987072137133,false,false
50,1.0,169.1366870046445,80.26719540722834,1.3397720961806954,1.3370141609968726,168.4803841826582,169.8201562788389,79.60127164664435,80.93828580764122,false,false
50,1.0,169.16434997927354,80.21917883492637,1.3374382745527953,1.3575411882238342,168.48657262460713,169.82401089915993,79.54377753401667,80.9013187222405,false,false
50,1.0,169.14401616139634,80.29649061773102,1.3581119526151042,1.334126641468373,168.47053382597034,169.82864577858544,79.63399124381316,80.96811788528153,false,false
50,1.0,169.1566388443798,80.28258080812961,1.361876169742203,1.3627606129964676,168.47908072392943,169.84095689367163,79.60097527681594,80.96373588981241,false,false
50,1.0,169.16315001846942,80.31708387836667,1.3643242497249162,1.3357638896161461,168.463791953372,169.82811620309693,79.65062193813354,80.98638582774969,false,false
50,1.0,169.14348214022334,80.28541276635002,1.350010416055909,1.3360281738203668,168.47094896430997,169.82095938036588,79.63761444589281,80.97364261971317,false,false
50,1.0,169.13401632961478,80.28616364462883,1.3039448390593407,1.3552699037919353,168.4982851127594,169.80222995181873,79.61956619561381,80.97483609940575,false,false
50,1.0,169.15969978801851,80.27130127645074,1.3359731439177835,1.3627367230060372,168.49505081219368,169.83102395611147,79.5882684503621,80.95100517336813,false,false
50,1.0,169.14323263202758,80.31773647866362,1.3918875831977289,1.3651392573783454,168.4671221591497,169.85900974234744,79.61115267968432,80.97629193706267,false,false
50,1.0,169.16778483763454,80.27583005928454,1.3433479790741387,1.3381709350742028,168.4820682098845,169.82541618895863,79.59402632631975,80.93219726139395,false,false
50,1.0,169.14893274056044,80.28511847273461,1.3648836575398775,1.3385119226721116,168.46477407567602,169.8296577332159,79.59658977297794,80.93510169565005,false,false
50,1.0,169.15849887316583,80.31965827771688,1.3805382779852948,1.3232321679501808,168.45166884651093,169.83220712449622,79.66269605092396,80.98592821887414,false,false
50,1.0,169.1632401067164,80.33499741823996,1.3278196988666764,1.3494513887106336,168.49955326666918,169.82737296553586,79.6724394777334,81.02189086644404,false,false
50,1.0,169.1429746975083,80.344715326466,1.3147200251894446,1.3581476498333132,168.4979901053383,169.81271013052773,79.64949608187203,81.00764373170534,false,false
50,1.0,169.1520674957776,80.317456273577,1.3203536864228624,1.3697537725463462,168.49131893927353,169.8116726256964,79.61604607733622,80.98579984988257,false,false
50,1.0,169.16796309051352,80.33103169966844,1.361087889974641,1.3547648444647393,168.49415247307746,169.8552403630521,79.64544574989375,81.00021059435849,false,false
50,1.0,169.16935808673983,80.3110658501203,1.372903755260893,1.3047588455495998,168.45953715543715,169.83244091069804,79.67271959547148,80.97747844102108,false,false
50,1.0,169.16249983568335,80.25197032185633,1.359564083730703,1.3381365012623831,168.47635149892133,169.83591558265204,79.57809518580207,80.91623168706445,false,false
50,1.0,169.1429939897251,80.27361075995216,1.3437826856014965,1.3664476047164555,168.47083286720112,169.81461555280262,79.574032159481,80.94047976419746,false,false
50,1.0,169.1472048892558,80.24403367097915,1.3888992156454663,1.348595376152815,168.44619449958097,169.83509371522644,79.56492184417124,80.91351722032405,false,false
50,1.0,169.15793184837395,80.26529794875549,1.3688640219054378,1.3620825405602375,168.47057441903465,169.83943844094009,79.58681180636967,80.9488943469299,false,false
50,1.0,169.15063292984885,80.3387926618994,1.377635459859789,1.3441920116432584,168.47060290445117,169.84823836431096,79.66558972103101,81.00978173267427,false,false
50,1.0,169.1403032729324,80.26594372392083,1.3390420657593722,1.3536157972778255,168.48178514644718,169.82082721220655,79.5909992006653,80.94461499794312,false,false
50,1.0,169.1487190152594,80.31460695663446,1.3736241100707502,1.3575237837698069,168.4699559242374,169.84358003430816,79.63714617071697,80.99466995448678,false,false
50,1.0,169.16354711957396,80.2297101331202,1.3431796926541324,1.346200641978399,168.4888567038582,169.83203639651234,79.5713584391918,80.9175590811702,false,false
50,1.0,169.1591927415799,80.30695582329417,1.3282539692677062,1.3459779096440485,168.48318030955318,169.81143427882088,79.62904850456613,80.97502641421018,false,false
50,1.0,169.1508006173318,80.33202432109043,1.3780168952094982,1.3629353617219095,168.4602703864886,169.8382872816981,79.6603337862558,81.02326914797771,false,false
50,1.0,169.165622108885,80.29075134407258,1.3443335335129802,1.3596432849548847,168.49766695051912,169.8420004840321,79.61414813491977,80.97379141987466,false,false
50,1.0,169.19183759509673,80.32983825145647,1.3600265190320613,1.380934902174019,168.50561664007668,169.86564315910874,79.62943895706604,81.01037385924006,false,false
50,1.0,169.14002393405408,80.26162846625607,1.3737131982639994,1.3472948432711576,168.44721050709435,169.82092370535835,79.58207352112882,80.92936836439998,false,false
50,1.0,169.16239317401448,80.29818755807992,1.3769242767167214,1.3307294818693833,168.4721041818267,169.84902845854342,79.62551237570254,80.95624185757192,false,false
50,1.0,169.14539630180633,80.27278226483986,1.3760836151619174,1.367917443958845,168.46614466468264,169.84222827984456,79.59713743266774,80.96505487662658,false,false
50,1.0,169.16249093165834,80.27879921515395,1.3427154653181503,1.3079245911112167,168.49994557103108,169.84266103634923,79.62640028345854,80.93432487456975,false,false
50,1.0,169.15693920513894,80.31864358493044,1.3970107903295172,1.3765522497661493,168.45374627456408,169.8507570648936,79.6268664540431,81.00341870380925,false,false
50,1.0,169.16588513210218,80.29628764218752,1.3826876121892155,1.3500808102821509,168.47838247695194,169.86107008914115,79.62180050329087,80.97188131357302,false,false
50,1.0,169.15519446639132,80.30020494423538,1.3341027443480016,1.3737978252680136,168.49314071635723,169.82724346070523,79.61311655810592,80.98691438337393,false,false
50,1.0,169.1618587235228,80.27061396678249,1.348687078602211,1.3055815201908985,168.4977569304167,169.8464440090189,79.61671445811508,80.92229597830598,false,false
50,1.0,169.14754993781602,80.30960033573555,1.389263999455352,1.3937186013477572,168.45354176352515,169.8428057629805,79.61017451669372,81.00389311804147,false,false
50,1.0,169.14433830570383,80.28768458064665,1.3831377003436387,1.3508232892427117,168.46076289029668,169.84390059064032,79.61709703292017,80.96792032216288,false,false
50,1.0,169.1424146418509,80.31331407613568,1.3967808967241808,1.3367730373280011,168.45574299634035,169.85252389306453,79.64497800709073,80.98175104441873,false,false
50,1.0,169.15373817852213,80.29707366605007,1.373750165675574,1.3530646022193054,168.47900162438972,169.8527517900653,79.63405424292456,80.98711884514387,false,false
50,1.0,169.16027320965787,80.26228690472338,1.3224467942062859,1.3606738776895355,168.49116104848213,169.8136078426884,79.5767148945076,80.93738877219714,false,false
50,1.0,169.1521272042731,80.34339891801747,1.33950528241175,1.3155381670536457,168.47554668214428,169.81505196455603,79.6881707176326,81.00370888468625,false,false
50,1.0,169.14566745451287,80.26036622344353,1.3297681642043813,1.3412258788581681,168.46565301566923,169.7954211798736,79.5946370917723,80.93586297063047,false,false
50,1.0,169.12566063724375,80.36400964573323,1.366048452531487,1.3345013885829644,168.47049749333652,169.836545945868,79.67717660721327,81.01167799579623,false,false
50,1.0,169.15229794777343,80.27463069943644,1.3550622309143705,1.34766431150058,168.48158512662306,169.83664735753743,79.60426254287829,80.95192685437887,false,false
50,1.0,169.13402692599666,80.25710675514027,1.3447684693823874,1.31989438110557,168.47388938274437,169.81865785212676,79.57878209992194,80.89867648102751,false,false
50,1.0,169.16553325071797,80.30102091342636,1.3305918880109004,1.3842529449538006,168.49762424324692,169.82821613125782,79.60229145040525,80.98654439535905,false,false
50,1.0,169.16755867433415,80.3042818820512,1.3337238561421998,1.3875481591050942,168.49948895334467,169.83321280948687,79.60103549829606,80.98858365740115,false,false
50,1.0,169.15556033335878,80.32381377776115,1.3748899387001359,1.3554819929961184,168.47215681053612,169.84704674923626,79.65858620760837,81.01406820060448,false,false
50,1.0,169.1285369542746,80.29952774244687,1.3463279720151888,1.3768581277607268,168.46347083596126,169.80979880797645,79.6067594890205,80.98361761678123,false,false
50,1.0,169.156434387419,80.3337085581312,1.4079041711165416,1.334142648438231,168.47174774807314,169.87965191918968,79.66943752237631,81.00358017081454,false,false
50,1.0,169.16392994285718,80.25496760153774,1.3540707919831618,1.2963222880609635,168.46893282308278,169.82300361506594,79.61646576191598,80.91278804997694,false,false
50,1.0,169.15472301086442,80.29822510773174,1.3629100062404973,1.334970744643698,168.46643594815993,169.82934595440042,79.64253354482146,80.97750428946516,false,false
50,1.0,169.1744070625801,80.28365229542152,1.3479122347067403,1.3571534021139229,168.48244896887243,169.83036120357917,79.60263790985792,80.95979131197184,false,false
50,1.0,169.13195425124306,80.28192556422931,1.3492725769013987,1.346103169094448,168.47082643800394,169.82009901490534,79.58935850821963,80.93546167731408,false,false
50,1.0,169.13112341903798,80.31609276497726,1.3707093263322747,1.336928292544684,168.44343648356218,169.81414580989446,79.63996717122322,80.9768954637679,false,false
50,1.0,169.1523419612147,80.29416457563089,1.3343196458290265,1.3274153195158789,168.488774619333,169.823094265162,79.6231617854804,80.95057710499628,false,false
50,1.0,169.1549981505206,80.3127325811499,1.3673549802888942,1.3524970861551964,168.47872318206146,169.84607816235035,79.64138447490976,80.99388156106495,false,false
50,1.0,169.16158858231103,80.27450868050762,1.3663172976607996,1.3418651722665942,168.48517599290992,169.85149329057072,79.60693932424532,80.94880449651191,false,false
50,1.0,169.15904677245302,80.31245680880733,1.3703115851220957,1.3463037944251255,168.48518227586408,169.85549386098617,79.60981518289249,80.95611897731762,false,false
50,1.0,169.1712861747646,80.27513043314642,1.3505807704413257,1.3506389646110364,168.49264722713914,169.84322799758047,79.61088784075103,80.96152680536207,false,false
50,1.0,169.15788159342264,80.32244203591779,1.3805721025979096,1.3988137122313589,168.4768344174494,169.8574065200473,79.61646092175572,81.01527463398708,false,false
50,1.0,169.14975108880103,80.31053561091895,1.3565189842910854,1.3135578589504036,168.4717327316344,169.8282517159255,79.64943078960525,80.96298864855565,false,false
50,1.0,169.14663735122878,80.30920677312697,1.351140719271882,1.3707624444626987,168.4773491860322,169.82848990530408,79.61639981407438,80.98716225853708,false,false
50,1.0,169.17137372383428,80.29981577434813,1.361105503921351,1.3664777768459544,168.48386809664356,169.8449736005649,79.60905630705327,80.97553408389922,false,false
50,1.0,169.1543512809226,80.24725341286305,1.3419002968585687,1.3490844496535601,168.47745291727068,169.81935321412925,79.54690760062036,80.89599205027392,false,false
50,1.0,169.14605490602247,80.29320972244862,1.3730077842098751,1.338286869351606,168.46766635265357,169.84067413686344,79.6233365585839,80.9616234279355,false,false
50,1.0,169.15454036274932,80.28213446865385,1.3727119120969462,1.3492073071934243,168.4754069504447,169.84811886254164,79.61434236675639,80.96354967394981,false,false
50,1.0,169.12792593173378,80.32452099956532,1.3439423724425694,1.3395944816460883,168.4808110823091,169.82475345475166,79.65521683580332,80.9948113174494,false,false
50,1.0,169.1428160520643,80.30686509079821,1.3682856512788533,1.3818827400287148,168.46050065996565,169.8287863112445,79.61145758549668,80.9933403255254,false,false
50,1.0,169.16190056770733,80.32018433260694,1.3431931939510946,1.3585943991580933,168.49301032685142,169.8362035208025,79.62095513496979,80.97954953412788,false,false
50,1.0,169.1545828818503,80.27868182363846,1.329158801373211,1.3519392987070376,168.49661871161385,169.82577751298706,79.59949021440019,80.95142951310723,false,false
50,1.0,169.15318175243235,80.26243783460463,1.3745599279915268,1.3258406140128045,168.46680840328645,169.84136833127798,79.60065793872562,80.92649855273842,false,false
50,1.0,169.1540334905173,80.26894969434983,1.3394126532517703,1.3309301677079475,168.48187647296447,169.82128912621624,79.60621974090935,80.9371499086173,false,false
50,1.0,169.161309730707,80.29330083251713,1.3414782075881533,1.3367799955448447,168.49247973285856,169.8339579404467,79.63582479892358,80.97260479446842,false,false
50,1.0,169.16015220721192,80.27863134205714,1.3156666798930132,1.3463925901309466,168.50136559474575,169.81703227463876,79.59148615462782,80.93787874475876,false,false
50,1.0,169.16448655465672,80.30856870843456,1.346111374915182,1.341715179618589,168.4842685418433,169.8303799167585,79.64383435627728,80.98554953589587,false,false
50,1.0,169.1493521272629,80.31230866112043,1.3380266080987724,1.3158722967804692,168.47803197239998,169.81605858049875,79.65144607289503,80.9673183696755,false,false
50,1.0,169.15334727613416,80.28627961552453,1.3354156212163275,1.36568668094597,168.46009238392693,169.79550800514326,79.61752506434779,80.98321174529376,false,false
50,1.0,169.15684979080396,80.28158455731855,1.3568595898584306,1.3759882123964928,168.47533227218932,169.83219186204775,79.61754983735632,80.99353804975281,false,false
50,1.0,169.16762400046684,80.35542568685833,1.3789477728093402,1.3442762573437363,168.4673853727224,169.84633314553173,79.66893530671318,81.01321156405692,false,false
50,1.0,169.1530445784637,80.34211994482175,1.3790288814623466,1.388908858724406,168.47121238878293,169.85024127024528,79.64272834564177,81.03163720436618,false,false
50,1.0,169.14282370907054,80.30202271142822,1.3273257320945504,1.3513745130635755,168.4988339754355,169.82615970753005,79.61831803387153,80.96969254693511,false,false
50,1.0,169.13979579480255,80.22330067517017,1.3721975894928562,1.335084230173777,168.47107852319715,169.84327611269,79.57225597466069,80.90734020483447,false,false
50,1.0,169.13892092566044,80.30029928668645,1.3834349078817638,1.3367382735367244,168.45041391533346,169.83384882321522,79.61922801644275,80.95596628997947,false,false
50,1.0,169.15875723772658,80.29127465254692,1.345644247850231,1.334020599093833,168.47996948243815,169.82561373028838,79.62014984896571,80.95417044805954,false,false
50,1.0,169.1594163068326,80.31130169180786,1.3430087509739508,1.3434073293452116,168.49253887780478,169.83554762877873,79.64451064062064,80.98791796996585,false,false
50,1.0,169.1523574370679,80.30201303372081,1.3809731371849523,1.310290402355406,168.4600592233982,169.84103236058314,79.66015128020877,80.97044168256417,false,false
50,1.0,169.16781865402834,80.29775931153777,1.4054405724690469,1.3693605716384525,168.4652499854101,169.87069055787916,79.59755014029295,80.9669107119314,false,false
50,1.0,169.12927841795755,80.30216959828675,1.3442869035140745,1.3675370251830827,168.49961852823088,169.84390543174496,79.6514847564727,81.01902178165578,false,false
50,1.0,169.17480896872695,80.28205471871831,1.3768386500808845,1.3217450242730138,168.48184873353074,169.85868738361162,79.62084599255678,80.9425910168298,false,false
50,1.0,169.12862780817713,80.30230827055527,1.3347779201104117,1.3869689442191486,168.4594821942326,169.79426011434302,79.60853598207413,80.99550492629328,false,false
50,1.0,169.15274374208371,80.26618287225958,1.323877884751255,1.3267187421296853,168.48731793076564,169.8111958155169,79.58955833022131,80.916277072351,false,false
50,1.0,169.1629953641819,80.30492978203335,1.3742533574053084,1.3261634733368481,168.46619727597832,169.84045063338363,79.63760182310428,80.96376529644112,false,false
50,1.0,169.1514462681393,80.32386344718739,1.3804802011483162,1.3603355465018154,168.44461916688797,169.8250993680363,79.6545324440999,81.01486799060172,false,false
50,1.0,169.15837669838947,80.33223481964706,1.3616386303422416,1.3736783558825607,168.4830996763123,169.84473830665453,79.64446507378342,81.01814342966598,false,false
50,1.0,169.1710496474439,80.31198435975031,1.3322919965819722,1.342355670996895,168.4933640835102,169.82565608009216,79.63414017937242,80.97649585036932,false,false
50,1.0,169.14132129299534,80.31862318920354,1.4035484380699472,1.3257195850717238,168.45482891811938,169.85837735618932,79.65645317457358,80.98217275964531,false,false
50,1.0,169.14211758922994,80.26872161991018,1.3898966258560108,1.315974196051215,168.45771926633023,169.84761589218624,79.60007553266159,80.9160497287128,false,false
50,1.0,169.16714191248747,80.30528244570826,1.3456974322950828,1.351761346941771,168.4949193632817,169.84061679557678,79.62001247192362,80.97177381886539,false,false
50,1.0,169.1650814897516,80.34427291190575,1.3446245759761268,1.3501993980931388,168.4778371953469,169.82246177132302,79.66811767127814,81.01831706937128,false,false
50,1.0,169.1526798151757,80.30128581692216,1.348942236147991,1.3436705131896076,168.49225426481712,169.8411965009651,79.61943235994397,80.96310287313358,false,false
50,1.0,169.15413098630617,80.24504429749598,1.3363894556137836,1.377154090270281,168.48139164872424,169.81778110433802,79.54485368124222,80.9220077715125,false,false
50,1.0,169.16849867911242,80.2712937685744,1.3514772341814307,1.3459882906761749,168.4970873352052,169.84856456938664,79.59644867764615,80.94243696832233,false,false
50,1.0,169.15097611073202,80.31350319541251,1.3506308143432761,1.3623614255627388,168.4619696654122,169.81260047975547,79.60538909846953,80.96775052403227,false,false
50,1.0,169.14490332034507,80.32911043258605,1.3672615440094091,1.346437476620082,168.45679014001843,169.82405168402784,79.66074651707407,81.00718399369416,false,false
50,1.0,169.1746864189841,80.29398889138444,1.3581632393278937,1.3174007725527304,168.48328193741116,169.84144517673906,79.65518453228191,80.97258530483464,false,false
50,1.0,169.15838555089547,80.31511061971963,1.3556702526307163,1.3410014676674535,168.4610394155905,169.81670966822122,79.6494750643577,80.99047653202516,false,false
50,1.0,169.15108030692684,80.33211810005997,1.3520115835561626,1.3627087396142912,168.46276742709526,169.81477901065142,79.64963381914059,81.01234255875488,false,false
50,1.0,169.13504586305868,80.28522615556264,1.319206166361937,1.3554432240288747,168.48358729332205,169.80279345968398,79.62834062475227,80.98378384878114,false,false
50,1.0,169.1694841844076,80.30025606904675,1.2686952192715921,1.3542155089953525,168.53139402742266,169.80008924669426,79.62053554058957,80.97475104958492,false,false
50,1.0,169.1667821618169,80.32203535367051,1.401584487692503,1.3362197485700875,168.44944269678393,169.85102718447644,79.64658065823727,80.98280040680736,false,false
50,1.0,169.1637623857136,80.24372140223602,1.3691223274346669,1.3421496883674422,168.47349653885857,169.84261886629324,79.57112084454269,80.91327053291013,false,false
50,1.0,169.15118987699356,80.29593891655541,1.3669479794430117,1.3883447114934597,168.4741089803254,169.84105695976842,79.60994411174843,80.9982888232419,false,false
50,1.0,169.15977631773956,80.32886181347243,1.3226773593267183,1.3432069437637608,168.48677562241062,169.80945298173734,79.65350828413122,80.99671522789498,false,false
50,1.0,169.14383457782435,80.32426372063753,1.3343563456942036,1.337434474049914,168.49151093452295,169.82586728021715,79.64012143399728,80.9775559080472,false,false
50,1.0,169.13008712190958,80.24076180721792,1.306933951210027,1.3650335499093416,168.49860664071645,169.80554059192647,79.57638887638292,80.94142242629226,false,false
50,1.0,169.15314278089116,80.313764334622,1.3490566287260037,1.3334908093692945,168.4723517455226,169.8214083742486,79.64411085362426,80.97760166299355,false,false
50,1.0,169.14858707633107,80.2885114422075,1.3890688130211686,1.3558362067603866,168.464516267131,169.85358508015216,79.61203165931863,80.96786786607902,false,false
50,1.0,169.15332723400735,80.28436954369195,1.3290911551445674,1.3195808886408997,168.49068633934485,169.81977749448941,79.62733538018381,80.94691626882471,false,false
50,1.0,169.16869928924692,80.30640114620923,1.3116463479804281,1.3726858212709914,168.52348977056164,169.83513611854207,79.61789642227183,80.99058224354282,false,false
50,1.0,169.16818054074213,80.26530018304015,1.3264944874995876,1.3581170685334882,168.49679625980428,169.82329074730387,79.58057847340478,80.93869554193827,false,false
50,1.0,169.19378758511357,80.30651346871375,1.3660704937450134,1.360516957632825,168.48293087337802,169.84900136712304,79.62897168200129,80.98948863963412,false,false
50,1.0,169.17264081235425,80.33251050828491,1.3629624099017974,1.3357627880707241,168.48664586077842,169.84960827068022,79.65984420641576,80.99560699448648,false,false
50,1.0,169.16705036670731,80.32192706107057,1.2991360285352869,1.32518382126662,168.5067986667678,169.80593469530308,79.67330791255702,80.99849173382364,false,false
50,1.0,169.1803862892911,80.28563908693248,1.3525776717131635,1.3397407380553972,168.49186920007878,169.84444687179194,79.6156608433852,80.9554015814406,false,false
50,1.0,169.17352424109382,80.31346479414596,1.3415083506701535,1.3679326638739013,168.48987941717266,169.8313877678428,79.6276426032918,80.9955752671657,false,false
50,1.0,169.13358676382802,80.22500659673724,1.3480453598947122,1.3149815993408396,168.4717958316103,169.81984119150502,79.56286602880824,80.87784762814908,false,false
50,1.0,169.16006476051783,80.23892621287098,1.3625887724367942,1.3436152443915574,168.48187608872652,169.84446486116332,79.56979195805185,80.91340720244341,false,false
50,1.0,169.16494262393277,80.30129333602883,1.314722247179418,1.3455551201070364,168.51111889728242,169.82584114446183,79.62127858825616,80.9668337083632,false,false
50,1.0,169.11640427346427,80.3130048047942,1.3527761915131578,1.3510484648692795,168.4684497973742,169.82122598888736,79.6408186227278,80.99186708759709,false,false
50,1.0,169.154037924087,80.3167675051227,1.3709203631507023,1.318724308256435,168.4600463159029,169.8309666790536,79.65243218321842,80.97115649147486,false,false
50,1.0,169.1771506945929,80.27340704876701,1.3459553110429567,1.3237826770511418,168.50073885673126,169.84669416777422,79.63126378183343,80.95504645888457,false,false
50,1.0,169.1419487347717,80.29427140315701,1.346532372790449,1.345550219453898,168.46729640134006,169.8138287741305,79.62447628741596,80.97002650686986,false,false
50,1.0,169.17732849462166,80.27145704787314,1.351588758024178,1.3557112727319094,168.4862390796545,169.83782783767867,79.59727069937335,80.95298197210526,false,false
50,1.0,169.1583114880674,80.32401091673404,1.3684048123457444,1.3334749595291413,168.458566712052,169.82697152439775,79.65505559674833,80.98853055627747,false,false
50,1.0,169.1787327306181,80.30646926745823,1.3864065495344562,1.3290399611793475,168.49072473042833,169.87713127996278,79.6252109280902,80.95425088926955,false,false
50,1.0,169.1554899520601,80.27284408521552,1.3516745547645144,1.3359128200423527,168.48274274580805,169.83441730057257,79.62302666862075,80.9589394886631,false,false
50,1.0,169.1740278912587,80.3242573214394,1.3440826772104515,1.346796633983331,168.49955254879944,169.8436352260099,79.62972112604226,80.97651776002559,false,false
50,1.0,169.1469283592486,80.29653797320444,1.3637255471741128,1.3450571273845071,168.47475374415953,169.83847929133364,79.61491080846471,80.95996793584922,false,false
50,1.0,169.1557372295591,80.2244854465018,1.365063302475761,1.385151444485956,168.47406622930777,169.83912953178353,79.53251038898613,80.91766183347208,false,false
50,1.0,169.16814284839427,80.30775724739388,1.3491343708337808,1.354357863860642,168.49053759801438,169.83967196884817,79.64071642029054,80.99507428415119,false,false
50,1.0,169.1403809451367,80.27302842631981,1.308923745823222,1.357058364392401,168.48864828639563,169.79757203221885,79.61267936822375,80.96973773261615,false,false
50,1.0,169.18391281957145,80.35892591869833,1.352399278683862,1.32376365792598,168.48514680088275,169.8375460795666,79.69606245887103,81.019826116797,false,false
50,1.0,169.14993651431325,80.32954181599088,1.3389261324236656,1.3563955499799647,168.4836510462691,169.82257717869277,79.63538906755218,80.99178461753215,false,false
50,1.0,169.16916268782856,80.29031663242941,1.3170324142978131,1.3533384992566226,168.49949822580874,169.81653064010655,79.61269845269194,80.96603695194857,false,false
50,1.0,169.16188164265554,80.32951736845523,1.329266515069861,1.3564744958434147,168.49094350346326,169.82021001853312,79.66052668634197,81.01700118218538,false,false
50,1.0,169.1590357794498,80.31824764878448,1.3423471633066129,1.3871694002404098,168.48396670838204,169.82631387168865,79.61582591460468,81.0029953148451,false,false
50,1.0,169.15779546298927,80.3015026550392,1.3460467507182727,1.3606466317883417,168.46840817034155,169.81445492105982,79.60522051696245,80.96586714875079,false,false
50,1.0,169.15849694701916,80.25622507772992,1.3525665222350653,1.3387104540401396,168.48396506657488,169.83653158880995,79.59855915199465,80.93726960603479,false,false
50,1.0,169.17012090970735,80.18311954330571,1.3659664842337236,1.3493216845857177,168.49076200849112,169.85672849272484,79.52102487824156,80.87034656282728,false,false
50,1.0,169.14782326421056,80.30772848361464,1.3759223445003101,1.3726875233595592,168.46394101674147,169.83986336124178,79.64540714010911,81.01809466346867,false,false
50,1.0,169.16219617600603,80.28517132839328,1.322998605538146,1.336972189509524,168.4868795154277,169.80987812096583,79.61072982550048,80.94770201501001,false,false
50,1.0,169.16572910889894,80.33355062243325,1.3671715888670803,1.3651429563003603,168.47938908750945,169.84656067637653,79.6447578552679,81.00990081156826,false,false
50,1.0,169.17249452577244,80.30472656587426,1.3333164703026625,1.3291869943765562,168.48641636558685,169.8197328358895,79.63217098032794,80.9613579747045,false,false
50,1.0,169.16184524169597,80.2940583726754,1.3264924502384758,1.3554973327496498,168.49704534239197,169.82353779263045,79.61463615676278,80.97013348951243,false,false
50,1.0,169.12597931346605,80.2673325223226,1.286268305215259,1.3450624859894305,168.5036671176426,169.78993542285787,79.59115986166344,80.93622234765287,false,false
50,1.0,169.15056666467638,80.32373159643618,1.3794281814023748,1.3532716870325032,168.45747048054548,169.83689866194786,79.65351751375472,81.00678920078722,false,false
50,1.0,169.12314266423294,80.30567094911676,1.3779197403609373,1.3259465128589625,168.45339117890674,169.83131091926768,79.65454913675211,80.98049564961107,false,false
50,1.0,169.1322507591126,80.30807344192961,1.3311958293037094,1.3868687168182845,168.47964106869094,169.81083689799465,79.62081063251888,81.00767934933717,false,false
50,1.0,169.1465867969506,80.26780156691294,1.3526306335993468,1.3501511159818165,168.45676514422456,169.8093957778239,79.5967789949627,80.94693011094452,false,false
50,1.0,169.13342770208666,80.29739618916241,1.35758782178533,1.3533961966628425,168.465622066491,169.82320988827632,79.64694054265311,81.00033673931596,false,false
50,1.0,169.1433221720198,80.31237842926399,1.3582793244772233,1.3734147065592595,168.46567187553535,169.82395120001257,79.63545502788463,81.00886973444389,false,false
50,1.0,169.16264569497207,80.30421392351573,1.3985736572122676,1.378997834799975,168.44618079237617,169.84475444958844,79.6247230843963,81.00372091919627,false,false
50,1.0,169.15944828049737,80.30580644599064,1.3164814277853054,1.3420892862641836,168.50339387898373,169.81987530676903,79.63687027462015,80.97895956088433,false,false
50,1.0,169.1545589913524,80.31524593023263,1.3807619171899148,1.351375779728201,168.46256520288853,169.84332712007844,79.63954508223709,80.9909208619653,false,false
50,1.0,169.158433166083,80.24651326405213,1.3637131538866356,1.341025682886837,168.48577371058326,169.8494868644699,79.57649861728824,80.91752430017507,false,false
50,1.0,169.1402755155263,80.28421593001323,1.331787935277248,1.3151524684494973,168.4748892899187,169.80667722519595,79.63966771482072,80.95482018327021,false,false
50,1.0,169.1793797646804,80.28034770479553,1.395832956451187,1.3169057592612035,168.4627699238748,169.85860288032598,79.63599980015853,80.95290555941973,false,false
50,1.0,169.15941624285747,80.3118898257265,1.3784004284863158,1.36966364674889,168.46268381295147,169.84108424143778,79.6103703600746,80.98003400682349,false,false
50,1.0,169.13807264305308,80.28272846763299,1.3626310342890804,1.3203786184676858,168.45501767245312,169.8176487067422,79.62982332862012,80.9502019470878,false,false
50,1.0,169.15698099258867,80.3196273597182,1.3464110603955817,1.3895545275091195,168.48183263967812,169.8282437000737,79.6351983883493,81.02475291585841,false,false
50,1.0,169.18610941499026,80.29577470444772,1.3710142297099992,1.33768598174737,168.48531972400792,169.85633395371792,79.62488510427269,80.96257108602006,false,false
50,1.0,169.13232018235323,80.30205905860068,1.3778997359829646,1.3983608794419808,168.46101597684387,169.83891571282683,79.59247229361485,80.99083317305683,false,false
50,1.0,169.1633485265743,80.22247140570524,1.3710037790903584,1.3183318812133251,168.47915917336434,169.8501629524547,79.55033183597283,80.86866371718615,false,false
50,1.0,169.14144857061413,80.31029753330802,1.3340082838492435,1.3596209523808227,168.47657613167075,169.81058441552,79.62160373016982,80.98122468255065,false,false
50,1.0,169.14993240043128,80.30872541234105,1.3708506896898882,1.348979291832066,168.46169410962455,169.83254479931443,79.64648991506327,80.99546920689534,false,false
50,1.0,169.1512261456727,80.27048569386274,1.3610076240454134,1.3584393082719117,168.4714406984611,169.8324483225065,79.58149021557425,80.93992952384616,false,false
50,1.0,169.1476867458699,80.29336634242921,1.3403893297510194,1.3599227908428588,168.47727383679333,169.81766316654435,79.61057690510421,80.97049969594707,false,false
50,1.0,169.13982157658697,80.34276561416286,1.3591668002064807,1.345383380348494,168.46412980851628,169.82329660872276,79.65541026208702,81.00079364243551,false,false
50,1.0,169.14913962269918,80.30286256490669,1.374298795761291,1.3433060711666798,168.46368628782457,169.83798508358586,79.61925929968248,80.96256537084916,false,false
50,1.0,169.16568687083924,80.32159946597545,1.3569729642608195,1.3457379221512866,168.46880200191524,169.82577496617606,79.64031922946802,80.9860571516193,false,false
50,1.0,169.1395481210142,80.3169660575179,1.3530129180805943,1.3850265273611768,168.46851542615394,169.82152834423454,79.6222151928625,81.00724172022367,false,false
50,1.0,169.1626902656789,80.252076406398,1.3672264767913873,1.3381519677795097,168.4599820505844,169.82720852737577,79.59735321537445,80.93550518315396,false,false
50,1.0,169.1598032792703,80.28818759689764,1.368898020393658,1.3407753378798475,168.47525015518409,169.84414817557774,79.60772697417464,80.94850231205449,false,false
50,1.0,169.1580494593029,80.33749118110126,1.3628683635061805,1.3522178623778558,168.48460556725323,169.8474739307594,79.65825049970509,81.01046836208295,false,false
50,1.0,169.14593550081167,80.29377269935509,1.3778417474526634,1.3525662391923987,168.4656600891953,169.84350183664796,79.61475540925731,80.96732164844971,false,false
50,1.0,169.16057608503172,80.29523260914503,1.3789402645073778,1.3492422144762628,168.46924302947,169.84818329397737,79.6196734527114,80.96891566718766,false,false
50,1.0,169.13938878216516,80.28186678862693,1.362477160587872,1.3553390541402024,168.47441893225093,169.8368960928388,79.60812068675861,80.96345974089881,false,false
50,1.0,169.15521333049185,80.27841966763214,1.3388317577824296,1.3400717587783362,168.49824900559258,169.837080763375,79.60474017976904,80.94481193854737,false,false
50,1.0,169.13655316212905,80.30438385976693,1.3209296297455353,1.343650697883234,168.48697999538552,169.80790962513106,79.63288017950813,80.97653087739137,false,false
50,1.0,169.1382794751066,80.29353399481514,1.3147400692398037,1.338402181376992,168.4808448321241,169.7955849013639,79.64252212027978,80.98092430165677,false,false
50,1.0,169.153828474878,80.29218430889901,1.3405543693506843,1.3435374584917668,168.4887514465474,169.8293058158981,79.59743540498512,80.94097286347689,false,false
50,1.0,169.15250240928992,80.32153931487865,1.380010308630915,1.33824000284433,168.46071424886557,169.8407245574965,79.66717210974613,81.00541211259046,false,false
50,1.0,169.14798831792496,80.30885227107666,1.3563788058894204,1.3513077862497909,168.47235183846823,169.82873064435765,79.64285631497029,80.99416410122008,false,false
50,1.0,169.12689935296396,80.287998696871,1.3544991690325219,1.3384375250091836,168.46650302309888,169.8210021921314,79.63729116952088,80.97572869453006,false,false
50,1.0,169.13394341404467,80.30084871331718,1.3523793354270879,1.3445891007056048,168.47231915729418,169.82469849272127,79.63966352802936,80.98425262873496,false,false
50,1.0,169.16099957304488,80.28411470662074,1.3765430667518501,1.3400048380202634,168.47483332996998,169.85137639672183,79.6269075037072,80.96691234172746,false,false
50,1.0,169.1721361253588,80.30358665859063,1.3490544725011944,1.356363064559858,168.49012676439423,169.83918123689543,79.63665436479882,80.99301742935867,false,false
50,1.0,169.15767628278118,80.29251769481434,1.3681287806714408,1.3779774594595153,168.4675128828319,169.83564166350334,79.60398077594526,80.98195823540478,false,false
50,1.0,169.15318775048016,80.27276315758725,1.3245297313040965,1.3265007777619502,168.483895676651,169.8084254079551,79.61771483026664,80.94421560802859,false,false
50,1.0,169.1730218706159,80.29313261146564,1.3613263719487918,1.3235554759728103,168.478228176862,169.83955454881078,79.63018000512649,80.9537354810993,false,false
50,1.0,169.1662266433134,80.3100234969317,1.360809553397445,1.3610053439204677,168.45875554104728,169.81956509444473,79.62638980888141,80.98739515280188,false,false
50,1.0,169.14779060957127,80.3040480053978,1.3303488753373074,1.3194148284275968,168.48166916389332,169.81201803923062,79.64267823247613,80.96209306090373,false,false
50,1.0,169.15330399881455,80.25148638029876,1.3230399994073991,1.3138085677718863,168.4962238219603,169.8192638213677,79.59275295088023,80.90656151865211,false,false
50,1.0,169.14113531107273,80.2482290442007,1.391448159665572,1.3451254235931884,168.44829013401602,169.8397382936816,79.57290182730985,80.91802725090304,false,false
50,1.0,169.16360375626016,80.31668949265182,1.3472365788642833,1.3695587877025588,168.48168426385743,169.82892084272171,79.62685110951871,80.99640989722127,false,false
50,1.0,169.15772231679813,80.28745194315644,1.3630742351236904,1.3420764921586255,168.48187140203908,169.84494563716277,79.6180906621436,80.96016715430223,false,false
50,1.0,169.16430754558183,80.36221864703509,1.406682695233286,1.3672641667685355,168.46335413234732,169.8700368275806,79.66268229879383,81.02994646556236,false,false
50,1.0,169.17330746137657,80.2834781420039,1.3409362203982482,1.3594455485417427,168.48670956142146,169.8276457818197,79.5978886505512,80.95733419909294,false,false
50,1.0,169.16901640175274,80.32490220902321,1.2991717343797973,1.342726030424572,168.51914618987166,169.81831792425146,79.63647892111341,80.97920495153798,false,false
50,1.0,169.15281155925163,80.2991715932362,1.3156006447825916,1.352836747881483,168.48783837059528,169.80343901537788,79.63062150546439,80.98345825334587,false,false
50,1.0,169.14199490998283,80.27103471133675,1.321004012308265,1.3454519753489649,168.49190613615292,169.81291014846119,79.60329802318722,80.94874999853619,false,false
50,1.0,169.1700341305936,80.29529131811542,1.361316670891398,1.3357265115683674,168.49104094759875,169.85235761849015,79.62824486103361,80.96397137260197,false,false
50,1.0,169.164709555623,80.33260988044489,1.3068049037817389,1.3152374133745042,168.4963056734179,169.80311057719965,79.656022636305,80.9712600496795,false,false
50,1.0,169.15389096518288,80.24648676090224,1.3495221563150892,1.3939097577160453,168.4727239015388,169.8222460578539,79.55440224399328,80.94831200170933,false,false
50,1.0,169.15781799416962,80.23622416554689,1.3444387120787837,1.3607169252316993,168.4929280467791,169.83736675885788,79.54274894485289,80.90346587008459,false,false
50,1.0,169.14805473406977,80.3250378444255,1.3637435979773898,1.359615294679287,168.46772769143192,169.8314712894093,79.63685840493378,80.99647369961306,false,false
50,1.0,169.1657302333162,80.34566138769479,1.363420291996249,1.3484795294947816,168.48778255825255,169.8512028502488,79.65222052721752,81.0007000567123,false,false
50,1.0,169.15756784323085,80.30585506614418,1.3752585356002953,1.3358864640665047,168.46844366591216,169.84370220151246,79.63992340632413,80.97580987039063,false,false
50,1.0,169.1743935624569,80.31113505289844,1.3476942754931827,1.3693606046892057,168.49461990668303,169.8423141821762,79.62511679706053,80.99447740174973,false,false
50,1.0,169.14038256547167,80.2835792372539,1.353990786374112,1.3362320458514887,168.47632818181964,169.83031896819375,79.6157620092634,80.9519940551149,false,false
50,1.0,169.1619973084243,80.29341771319059,1.3322822847489988,1.3427175661182105,168.50165790965528,169.83394019440428,79.61328437344616,80.95600193956437,false,false
50,1.0,169.15765909278963,80.29212853482449,1.3250141473756685,1.3421343104465393,168.50991065209374,169.8349247994694,79.62165087157013,80.96378518201666,false,false
50,1.0,169.15283153091022,80.31332768855368,1.3398291232810777,1.3321232929339715,168.4891807321828,169.82900985546388,79.65514447860993,80.9872677715439,false,false
50,1.0,169.15869490911004,80.3117928286409,1.3173048091229873,1.318711528922691,168.5120063166139,169.8293111257369,79.64789993122608,80.96661146014877,false,false
50,1.0,169.14551865026357,80.30547893420325,1.355879174717444,1.3394317033272074,168.47851806388056,169.834397238598,79.65193451655676,80.99136621988397,false,false
50,1.0,169.1477576216302,80.30203793051405,1.349541331770638,1.3275999334949375,168.48267986244883,169.83222119421947,79.63388085564813,80.96148078914307,false,false
50,1.0,169.14655278273239,80.24029924271693,1.3598478059982142,1.345027401696953,168.4628706626927,169.8227184686909,79.57926969684571,80.92429709854267,false,false
50,1.0,169.16201034381135,80.27782045059293,1.3566005279223248,1.3339314559252387,168.47673800173993,169.83333852966226,79.61690015338439,80.95083160930963,false,false
50,1.0,169.12931788489132,80.31741978965982,1.363336283603644,1.3845905366467974,168.44686806797333,169.81020435157697,79.63410298899835,81.01869352564515,false,false
50,1.0,169.1520487079993,80.32546381925408,1.3431867438455072,1.3790982471821565,168.48725860585282,169.83044534969832,79.63608969716793,81.01518794435009,false,false
50,1.0,169.15849951255902,80.3122674395047,1.3496477673305662,1.3618892614474163,168.49778842219706,169.84743618952763,79.62111274517488,80.9830020066223,false,false
50,1.0,169.18484977764462,80.31085328080823,1.3294507421433934,1.3856130185856443,168.5053960459664,169.8348467881098,79.61165871791988,80.99727173650552,false,false
50,1.0,169.16398819964974,80.26686253829504,1.3542386491985212,1.355806793955253,168.48585775821192,169.84009640741044,79.58429712633428,80.94010392028953,false,false
50,1.0,169.15171295878304,80.33650274327229,1.3501421173172048,1.3322982166431956,168.4860982072779,169.8362403245951,79.67737538038577,81.00967359702896,false,false
50,1.0,169.15218046364163,80.27064126898048,1.3879250863281527,1.3287212131725994,168.46234957126134,169.8502746575895,79.6066726575757,80.9353938707483,false,false
50,1.0,169.16722474310907,80.31691895223065,1.3454226578134865,1.31871107175391,168.48836179715568,169.83378445496916,79.65444684214768,80.97315791390159,false,false
50,1.0,169.1625881213946,80.26760461678768,1.3266249897060618,1.3246762588879903,168.51019331887818,169.83681830858424,79.60758961171211,80.9322658706001,false,false
50,1.0,169.15886831361132,80.29830313717136,1.3540215772760007,1.3167731031811343,168.45727755836245,169.81129913563845,79.66086573905162,80.97763884223275,false,false
50,1.0,169.16728993333646,80.30727408961528,1.3677275605552381,1.364058453527491,168.49008730844355,169.8578148689988,79.62907473757352,80.99313319110101,false,false
50,1.0,169.16443111298332,80.3218485585315,1.3378417878013806,1.3566605954677584,168.4945378740591,169.83237966186047,79.64064718480839,80.99730778027615,false,false
50,1.0,169.16287803279613,80.32034553236264,1.3392696875935428,1.3141216408140792,168.48666155818464,169.82593124577818,79.66252816648984,80.97664980730391,false,false
50,1.0,169.15950870252118,80.29392234654742,1.3027430166648344,1.3192550382382109,168.49790298455017,169.800646001215,79.64318853939045,80.96244357762866,false,false
50,1.0,169.15193680757892,80.26147119620711,1.383157620190815,1.3742355429303075,168.45308358980995,169.83624121000076,79.59993326442614,80.97416880735645,false,false
50,1.0,169.14520323918094,80.21496760967945,1.3357986816901644,1.3655247705651874,168.4812058602226,169.81700454191275,79.53603948046725,80.90156425103244,false,false
50,1.0,169.1584721219412,80.32652303463945,1.365748411927541,1.3483640418932623,168.47682281124506,169.8425712231726,79.65527835832884,81.0036424002221,false,false
50,1.0,169.16664566970582,80.3170170336617,1.3493062697669131,1.3377078633778439,168.4775441858909,169.82685045565782,79.65099344196827,80.98870130534611,false,false
50,1.0,169.16024798935985,80.32023351852433,1.3743719857146743,1.350590412590293,168.46259488965052,169.8369668753652,79.64227771092308,80.99286812351338,false,false
50,1.0,169.1545745149519,80.25409988680644,1.3203103971542873,1.318320469536303,168.4862570912129,169.8065674883672,79.60034050270792,80.91866097224423,false,false
50,1.0,169.1646119485671,80.29795206236267,1.353339835232731,1.3456737499183191,168.4761716845714,169.82951151980413,79.62271308694548,80.9683868368638,false,false
50,1.0,169.15193132238207,80.25898986075367,1.3465825607604813,1.3339741277237493,168.48362738903543,169.83020994979591,79.59143584416016,80.92540997188391,false,false
50,1.0,169.14182963577153,80.30542231410506,1.338017898655039,1.3160495217668995,168.46998144509138,169.80799934374642,79.6523738106473,80.9684233324142,false,false
50,1.0,169.1463787700689,80.29386627417561,1.3828444616786726,1.3574003840900275,168.4461225359525,169.82896699763117,79.60150848127458,80.9589088653646,false,false
50,1.0,169.16271580824264,80.31015742541561,1.3965819314412045,1.3606946541396923,168.47166590907077,169.86824784051197,79.62276658392483,80.98346123806452,false,false
50,1.0,169.16146270284491,80.29653099670054,1.349957250729176,1.3629302298413108,168.4848182609158,169.83477551164498,79.6253926187647,80.98832284860602,false,false
50,1.0,169.1411864485397,80.30089697526843,1.3215656491017285,1.3539409280687238,168.48655047732876,169.8081161264305,79.61818489278598,80.9721258208547,false,false
50,1.0,169.15956001797107,80.27916010667084,1.3428295635275163,1.3100867702736707,168.49172036128107,169.83454992480858,79.61186213496967,80.92194890524334,false,false
50,1.0,169.15102062898768,80.25785812426838,1.3595150640448423,1.3425262511439655,168.48843601853994,169.84795108258479,79.58704393077174,80.92957018191571,false,false
50,1.0,169.14493485662075,80.35711040804468,1.3300194759990234,1.340037728354801,168.49432919461628,169.8243486706153,79.69383996625554,81.03387769461034,false,false
50,1.0,169.16201253320872,80.29426457180236,1.351311436450203,1.3118078538984435,168.4933175368724,169.8446289733226,79.63692534813461,80.94873320203305,false,false
50,1.0,169.1623437577856,80.25753946146932,1.3507883633354254,1.3206734090963437,168.48073005983093,169.83151842316636,79.59687494440873,80.91754835350507,false,false
50,1.0,169.1677687559541,80.26625702337927,1.3497043145614782,1.3221405758673512,168.4814329714916,169.8311372860531,79.59927312515948,80.92141370102684,false,false
50,1.0,169.16239381626787,80.32478709949194,1.3658098421593365,1.3590978369511078,168.46829095921214,169.83410080137148,79.63232254516143,80.99142038211254,false,false
50,1.0,169.1500385142893,80.30690795349338,1.3455424304007693,1.3043514202658315,168.48019067361594,169.8257331040167,79.66069026479545,80.96504168506128,false,false
50,1.0,169.14205204313058,80.3307367746656,1.3539874500072528,1.37610007745414,168.48740010181655,169.8413875518238,79.64911385261846,81.0252139300726,false,false
50,1.0,169.15303393929045,80.29023046402277,1.3510086881636028,1.353349958305003,168.47869530905115,169.82970399721475,79.62202754718746,80.97537750549246,false,false
50,1.0,169.13259845518618,80.26860529441808,1.34380517782148,1.3511769649615673,168.47130761096253,169.815112788784,79.58533396307968,80.93651092804124,false,false
50,1.0,169.145316655232,80.31457336973376,1.3564778146095762,1.3051155618490782,168.4761742752876,169.83265208989718,79.63729594919215,80.94241151104123,false,false
50,1.0,169.15357069357984,80.27717433479937,1.3434651983432104,1.338093183785034,168.4737182412203,169.8171834395635,79.60782309248933,80.94591627627436,false,false
50,1.0,169.14462473065433,80.27510564124316,1.318432470319408,1.3416084692904633,168.4914236210534,169.8098560913728,79.6041227103752,80.94573117966566,false,false
50,1.0,169.14331662907136,80.27399654487215,1.3560192232611428,1.3373005135458982,168.4834691085075,169.83948833176865,79.61949492165284,80.95679543519874,false,false
50,1.0,169.15271033392992,80.32571987372413,1.3500350089867084,1.3715768760539078,168.48739391657094,169.83742892555765,79.64107671678283,81.01265359283674,false,false
50,1.0,169.1446645841272,80.33626661709296,1.3489707935643196,1.3507077519567616,168.4761379430016,169.8251087365659,79.6582681623934,81.00897591435016,false,false
50,1.0,169.16525196200868,80.20260925805775,1.3380501919798178,1.3235485527088287,168.5039087703314,169.84195896231122,79.54605538032034,80.86960393302917,false,false
50,1.0,169.18417877615587,80.33431109254869,1.3753490420779144,1.3246903200078748,168.47805609197894,169.85340513405686,79.66368308527143,80.9883734052793,false,false
50,1.0,169.1583063451322,80.33711847623927,1.355772617794429,1.3308128520625218,168.48647761813265,169.84225023592708,79.68855755791007,81.0193704099726,false,false
50,1.0,169.1618058244408,80.29105977161713,1.3586768739718877,1.3232559323154334,168.4654129703711,169.82408984434298,79.61272281171765,80.93597874403308,false,false
50,1.0,169.1314865577857,80.26032386341655,1.3893111970460268,1.3314899405825855,168.43774308788494,169.82705428493097,79.59835574114516,80.92984568172774,false,false
50,1.0,169.16369527651574,80.2840795896862,1.3490123445583322,1.3596418640379255,168.47698271489543,169.82599505945376,79.59689559390122,80.95653745793915,false,false
50,1.0,169.14978140315466,80.27274046682166,1.313413216421793,1.3182442602900153,168.49391555961225,169.80732877603404,79.62593086149693,80.94417512178694,false,false
50,1.0,169.1487212226575,80.28900825452536,1.3634204164559947,1.383002063349366,168.46971107078195,169.83313148723795,79.60010703404136,80.98310909739072,false,false
50,1.0,169.18113084154368,80.26596413524484,1.345441358008145,1.3310760221715157,168.48309975940896,169.8285411174171,79.60292770373263,80.93400372590415,false,false
50,1.0,169.15289251086392,80.33842650643379,1.3566938757226694,1.351073595237267,168.48775386359645,169.84444773931912,79.66070802329128,81.01178161852854,false,false
50,1.0,169.1456063810213,80.26728706297317,1.3504684285220492,1.3431629982539306,168.4757065388858,169.82617496740784,79.5937943432308,80.93695734148473,false,false
50,1.0,169.14403487404542,80.27487235818954,1.3805596205278619,1.347100296145939,168.45912557423335,169.83968519476122,79.59791777014362,80.94501806628956,false,false
50,1.0,169.15051164603122,80.33603055718316,1.353552807252811,1.3451806801180624,168.4619276142206,169.8154804214734,79.6550046309336,81.00018531105167,false,false
50,1.0,169.15273696462168,80.30280865731214,1.3607403474968294,1.3709431258129001,168.4763619054184,169.83710225291523,79.62238821212088,80.99333133793378,false,false
50,1.0,169.1584602743279,80.30114767025196,1.421294167051002,1.3712743191003938,168.43696166129385,169.85825582834485,79.61618061026698,80.98745492936737,false,false
50,1.0,169.14552958169614,80.30587263670515,1.3758698258844788,1.3550489078524777,168.45892609478017,169.83479592066465,79.63273737146594,80.98778627931841,false,false
50,1.0,169.15079319393678,80.31503206918921,1.3573396875502226,1.367757910426505,168.48363628342025,169.84097597097048,79.62497014723104,80.99272805765754,false,false
50,1.0,169.16180814590095,80.32453222589132,1.3463617536908998,1.3109126582503308,168.49023317834485,169.83659493203575,79.68256901700882,80.99348167525915,false,false
50,1.0,169.15109666667803,80.29994566768495,1.3773043534154112,1.339991034583008,168.4546012773436,169.83190563075902,79.6320799921067,80.9720710266897,false,false
50,1.0,169.14784942882335,80.281169993655,1.3690971230790012,1.3192923352335981,168.47650545993557,169.84560258301457,79.62985922814902,80.94915156338261,false,false
50,1.0,169.1587349663899,80.2850985889927,1.3493695562944765,1.330124608313099,168.48817919968343,169.8375487559779,79.61245966942761,80.9425842777407,false,false
50,1.0,169.15697505782242,80.2794562427506,1.3387694177654907,1.329335413813709,168.49414856715555,169.83291798492104,79.60735960227541,80.93669501608912,false,false
50,1.0,169.15469615304826,80.33093941376494,1.3653205884883732,1.3011029346551766,168.47583460976557,169.84115519825394,79.66326828286276,80.96437121751794,false,false
50,1.0,169.14898116985233,80.29545421629969,1.3633191314568762,1.3185135960728616,168.46001370515492,169.8233328366118,79.65664433977908,80.97515793585194,false,false
50,1.0,169.13995456721173,80.26054756250258,1.3958531842272635,1.3836128418151787,168.45959619214997,169.85544937637724,79.59163505703272,80.9752478988479,false,false
50,1.0,169.15665725061464,80.27786357897097,1.3554502477354617,1.3595338500815757,168.49716078277555,169.852611030511,79.60507882571831,80.96461267579988,false,false
50,1.0,169.14719892045667,80.2512479615873,1.3440184876021988,1.3499561618747151,168.4797081034355,169.8237265910377,79.59583429952427,80.94579046139899,false,false
50,1.0,169.15697270578374,80.2846712725036,1.3630992116368645,1.337632483258389,168.4806728280845,169.84377203972136,79.61615652573144,80.95378900898983,false,false
50,1.0,169.12749887108473,80.3053468483812,1.3770838705445385,1.3703259760265212,168.45473178042792,169.83181565097246,79.6220859093893,80.99241188541582,false,false
50,1.0,169.18369623618378,80.3138327556905,1.3579886022539824,1.3935476229870858,168.50387537550037,169.86186397775435,79.60896894645322,81.0025165694403,false,false
50,1.0,169.146704364867,80.26384163695873,1.41745085974037,1.3515978227864451,168.43511129315783,169.8525621528982,79.5998414251698,80.95143924795624,false,false
50,1.0,169.16180799718762,80.36138162123432,1.3803736905697406,1.3616492379932623,168.45875081109455,169.8391245016643,79.67003494165844,81.0316841796517,false,false
50,1.0,169.14963556362522,80.33012953089369,1.354276919732996,1.341861559958602,168.47581077578963,169.83008769552262,79.6547568625542,80.9966184225128,false,false
50,1.0,169.1436705368644,80.304257598249,1.3818750497435985,1.3295140634862719,168.46063039771803,169.84250544746163,79.63295793769413,80.9624720011804,false,false
50,1.0,169.16202392439354,80.29332379740777,1.3450564777874092,1.383617860275777,168.49028626806586,169.83534274585327,79.61890401352528,81.00252187380106,false,false
50,1.0,169.18180029417664,80.29073925697527,1.353829331856872,1.3338001130440915,168.5130420164513,169.86687134830817,79.62605192208662,80.95985203513071,false,false
50,1.0,169.17503699596423,80.26627706063898,1.359720477038394,1.3069315057854425,168.4817669530181,169.8414874300565,79.6190510566137,80.92598256239914,false,false
50,1.0,169.14271242343168,80.3224691082613,1.3429652829386782,1.3650308857986317,168.4808597742488,169.8238250571875,79.63269998167499,80.99773086747362,false,false
50,1.0,169.17245081921018,80.31641170412283,1.320108917606433,1.3479030434379666,168.50340949874504,169.82351841635148,79.62416491473917,80.97206795817713,false,false
50,1.0,169.15292856047813,80.26740758562372,1.3236934352824505,1.3537834670829625,168.4952428437607,169.81893627904316,79.57421202876712,80.92799549585008,false,false
50,1.0,169.1497025368157,80.3095903659981,1.392431594104977,1.3381922785348621,168.46324237519894,169.85567396930392,79.635665015916,80.97385729445087,false,false
50,1.0,169.15892525928797,80.31129457805866,1.3599359402527966,1.357616135935345,168.49268581710362,169.85262175735642,79.61774774693832,80.97536388287367,false,false
50,1.0,169.16445835232614,80.3255279839396,1.3397954713622369,1.3571622817844826,168.4965340635152,169.83632953487745,79.64230948774998,80.99947176953447,false,false
50,1.0,169.15719078722663,80.27090224443016,1.354119703395412,1.3249464159461724,168.4716351944365,169.8257548978319,79.60036364988915,80.92531006583532,false,false
50,1.0,169.14959994690798,80.30854140520489,1.3434746888420932,1.371990343798231,168.47478845006574,169.81826313890784,79.62273329214777,80.994723635946,false,false
50,1.0,169.1820635048983,80.28180618916129,1.3663696252760076,1.278388247383262,168.48586478024194,169.85223440551795,79.62983381290974,80.908222060293,false,false
50,1.0,169.1603871858016,80.28690996825301,1.3353229836636729,1.3490940038371093,168.47157090198368,169.80689388564736,79.59956513303433,80.94865913687144,false,false
50,1.0,169.1378479089396,80.33855525396771,1.387742220834241,1.3426687156582489,168.46084468394017,169.8485869047744,79.65065281147275,80.993321527131,false,false
50,1.0,169.14878902177702,80.33605815135897,1.3645271679105235,1.3197739239728037,168.47823538635282,169.84276255426335,79.68897660965621,81.00875053362901,false,false
50,1.0,169.14974016625183,80.31630673262256,1.3725242335971473,1.350103119269761,168.45981212456394,169.8323363581611,79.64498540806467,80.99508852733443,false,false
50,1.0,169.16466175821506,80.30710989470361,1.351043835617162,1.2874609927583975,168.4893123256496,169.84035616126675,79.66913704618655,80.95659803894495,false,false
50,1.0,169.14842966955143,80.30122859210988,1.3126825716704786,1.3132027823706807,168.48021152535364,169.79289409702412,79.64248924180278,80.95569202417346,false,false
50,1.0,169.15785384051821,80.29637839970275,1.3324697743583158,1.3605707450930566,168.49428909613056,169.82675887048887,79.62161999979793,80.98219074489099,false,false
50,1.0,169.1572150923618,80.26090890438417,1.3218075475744229,1.359005084724913,168.4989418559382,169.82074940351262,79.59008037118102,80.94908545590593,false,false
50,1.0,169.14482644265496,80.24487973321601,1.3619480876843397,1.3361776095722178,168.46585181444493,169.82779990212927,79.58612099986067,80.92229860943289,false,false
50,1.0,169.17855922525283,80.28556852479869,1.3357446856396393,1.3727525925825574,168.50052784822924,169.83627253386888,79.59242891035129,80.96518150293385,false,false
50,1.0,169.15835264830082,80.27882560755904,1.357137049026477,1.34255451175747,168.47392967848657,169.83106672751305,79.60252916653293,80.9450836782904,false,false
50,1.0,169.16064059607072,80.30571797367858,1.3827881078243536,1.3918955386979945,168.4647490054968,169.84753711332115,79.60896297038104,81.00085850907904,false,false
50,1.0,169.16876203899068,80.27556793261849,1.3516619557563558,1.3659043644990447,168.4848620976424,169.83652405339876,79.59159158793165,80.95749595243069,false,false
50,1.0,169.1516149312625,80.3380446055519,1.3222160037773563,1.339568827026227,168.5000706599406,169.82228666371796,79.66065432428178,81.000223151308,false,false
50,1.0,169.14751655850523,80.33160523902563,1.2891311197739128,1.3633149706079877,168.5087301775818,169.79786129735572,79.64286569195097,81.00618066255896,false,false
50,1.0,169.15399957568343,80.25642643573948,1.3586456815816632,1.3660695232671571,168.46963326835143,169.8282789499331,79.56990136028722,80.93597088355438,false,false
50,1.0,169.16363118446873,80.32140890068435,1.392037556624416,1.3706358637976734,168.47063668827207,169.86267424489648,79.63545701545596,81.00609287925363,false,false
50,1.0,169.1636405819827,80.23826557494206,1.3311790492500393,1.3025586374711509,168.49030087661762,169.82147992586766,79.5949848139811,80.89754345145225,false,false
50,1.0,169.13828981976116,80.2312315695255,1.3666402825026296,1.3515649411866093,168.46666485682402,169.83330513932665,79.55175910251629,80.9033240437029,false,false
50,1.0,169.1747042873776,80.26298996545893,1.3734549367315765,1.3168654138593183,168.49813559287884,169.87159052961042,79.59847051877531,80.91533593263463,false,false
50,1.0,169.1697713562467,80.311863590285,1.333975143470525,1.3331679381622905,168.49895051136156,169.83292565483208,79.63763147208846,80.97079941025075,false,false
50,1.0,169.15619051248206,80.28972088607003,1.3615669712658587,1.3229419800429412,168.48138122295353,169.8429481942194,79.63182033917212,80.95476231921506,false,false
50,1.0,169.1714231871423,80.2651831158347,1.348083410376006,1.3440103633057419,168.47946514656067,169.82754855693668,79.6004574849973,80.94446784830305,false,false
50,1.0,169.18041084883413,80.28393888368697,1.3564803528432776,1.331434024881787,168.47783290983335,169.83431326267663,79.61856863101836,80.95000265590015,false,false
50,1.0,169.14176127859957,80.2761850357987,1.323551021507683,1.341234009570158,168.48447249819154,169.80802351969922,79.61397327712801,80.95520728669817,false,false
50,1.0,169.16988496899373,80.26982030415002,1.3277841836699906,1.3183264209722125,168.48863448572936,169.81641866939935,79.61661889976925,80.93494532074146,false,false
50,1.0,169.1733730621578,80.28468884135023,1.3742421065072392,1.3070253528858302,168.47730423571718,169.85154634222442,79.63485681481518,80.94188216770101,false,false
50,1.0,169.15390039624316,80.27243558928251,1.3839327692285508,1.333264707425343,168.46341531601735,169.8473480852459,79.61513496545138,80.94839967287672,false,false
50,1.0,169.16761556610254,80.28192038663002,1.3487262141964322,1.3138969323976823,168.48805782884972,169.83678404304615,79.63421985324796,80.94811678564564,false,false
50,1.0,169.14123977838386,80.29157192125503,1.3631121403307702,1.35883715234894,168.46850113041216,169.83161327074293,79.60675214975971,80.96558930210865,false,false
50,1.0,169.14506247597404,80.2427963315387,1.3687323617387221,1.3578021795057396,168.4793835372513,169.84811589899002,79.56893173378032,80.92673391328606,false,false
50,1.0,169.15657371079905,80.295030011573,1.3732881452227161,1.374576296119372,168.4653911449151,169.8386792901378,79.61634376094003,80.9909200570594,false,false
50,1.0,169.16742983791468,80.29466237537619,1.352738073072743,1.3217715025052428,168.48804741877603,169.84078549184878,79.61969846025502,80.94146996276027,false,false
50,1.0,169.13061163625918,80.27992817787593,1.3329847449559225,1.362558959397063,168.46959630134353,169.80258104629945,79.60452893149758,80.96708789089465,false,false
50,1.0,169.1408922652431,80.29691726802815,1.339362527075366,1.3342925666994176,168.4765631625104,169.81592568958575,79.63298271521252,80.96727528191194,false,false
50,1.0,169.13981476894241,80.28142997675778,1.3357584700151506,1.3501567082363835,168.47505781159725,169.8108162816124,79.59894978119681,80.94910648943319,false,false
50,1.0,169.15936317101978,80.30962815627177,1.3628447839599005,1.3625135083435396,168.4857014025855,169.8485461865454,79.63207621787448,80.99458972621802,false,false
50,1.0,169.14391664794522,80.30710666933138,1.382572449852006,1.349424933606457,168.45467545317408,169.83724790302608,79.62673422193663,80.97615915554309,false,false
50,1.0,169.15289864457395,80.35882476846324,1.3591849138212808,1.3630948030970984,168.4710361886705,169.83022110249178,79.65946717853824,81.02256198163533,false,false
50,1.0,169.14021370412163,80.29913093225525,1.3767455304572138,1.3855528509540136,168.4617558990883,169.83850142954552,79.61133994896892,80.99689279992293,false,false
50,1.0,169.1615847521937,80.28876334773821,1.3469222606627511,1.348009441664118,168.49140190000858,169.83832416067133,79.61937039246436,80.96737983412848,false,false
50,1.0,169.1624031617782,80.33635124948962,1.332403524675442,1.3500773824241037,168.49652040666047,169.8289239313359,79.6689653952845,81.0190427777086,false,false
50,1.0,169.15922769091938,80.3083835923463,1.3665591719506835,1.3636217005022786,168.46935501992076,169.83591419187144,79.6333156005152,80.99693730101748,false,false
50,1.0,169.14148317746003,80.29800100408848,1.3576838456444307,1.3319249025998374,168.46961664686637,169.8273004925108,79.63292685307815,80.96485175567798,false,false
50,1.0,169.13902650255704,80.28894977155562,1.3715981491653224,1.3249161977857824,168.45247679178047,169.8240749409458,79.63173986907304,80.95665606685883,false,false
50,1.0,169.14044552456048,80.32021321570346,1.3358689982291025,1.3063368886150357,168.49130395314853,169.82717295137763,79.6535420789099,80.95987896752493,false,false
50,1.0,169.16672392626296,80.26459333561826,1.3521674461934197,1.340926642624055,168.5065929936601,169.8587604398535,79.59347883757894,80.934405480203,false,false
50,1.0,169.13107911187828,80.29917071679,1.3083101096533483,1.3204460703770877,168.48966855028993,169.79797865994328,79.62268038751479,80.94312645789188,false,false
50,1.0,169.14263042860318,80.33787944733469,1.338848839621022,1.3231594884551328,168.47885840120492,169.81770724082594,79.6864544850205,81.00961397347564,false,false
50,1.0,169.15120687742848,80.23583413869082,1.3369601541175484,1.3632084979095254,168.48159938625315,169.8185595403707,79.56792323325912,80.93113173116865,false,false
50,1.0,169.1760258913459,80.29440116340787,1.3522422220825376,1.3543835440128476,168.49824992476474,169.85049214684727,79.62768708526977,80.98207062928262,false,false
50,1.0,169.15238867922525,80.31080089269153,1.3033610431251645,1.3915938744386978,168.5016447569326,169.80500580005776,79.6197597557272,81.0113536301659,false,false
50,1.0,169.15970730611667,80.2762652092172,1.382158150223745,1.363757561444956,168.46315186319706,169.8453100134208,79.58226630557678,80.94602386702174,false,false
50,1.0,169.1505425088386,80.22467563543131,1.3657295249474828,1.2955620804086152,168.4568537235804,169.82258324852788,79.60175133508972,80.89731341549833,false,false
50,1.0,169.16300341741862,80.27845639609635,1.3828834213144603,1.3472045460135433,168.46968128129907,169.85256470261353,79.59592032253309,80.94312486854663,false,false
50,1.0,169.14688239323488,80.25531145368812,1.3540797252450716,1.3436719663334173,168.46456198003438,169.81864170527945,79.5932605553287,80.93693252166211,false,false
50,1.0,169.17526220115244,80.29158676270694,1.3659937714911905,1.2970077261390145,168.48528972905697,169.85128350054816,79.64942069463902,80.94642842077803,false,false
50,1.0,169.13614401079263,80.26695464229851,1.3710074850005753,1.3303092352640675,168.4657117299663,169.83671921496688,79.60349927727052,80.93380851253458,false,false
50,1.0,169.16381747679281,80.33578854188697,1.4052744242865458,1.3395639804879522,168.45343195835275,169.8587063826393,79.6688331034778,81.00839708396575,false,false
50,1.0,169.15731108657582,80.28506415618074,1.328459569262634,1.3069892136357737,168.49893290247172,169.82739247173436,79.63149651793299,80.93848573156876,false,false
50,1.0,169.16045316691537,80.31471366219415,1.3714823921671098,1.2962568569291335,168.4760745927354,169.8475569849025,79.66587299895251,80.96212985588164,false,false
50,1.0,169.16546922161382,80.26948131375704,1.3352782696040322,1.317935337946821,168.4911219782926,169.82640024789663,79.61408504470637,80.93202038265319,false,false
50,1.0,169.15576432972395,80.31421976857885,1.3523287962701147,1.3419366755179283,168.48592019407226,169.83824899034238,79.6338971059233,80.97583378144122,false,false
50,1.0,169.14353897258923,80.33174391016726,1.3553292636010497,1.3627660081747024,168.47519577021106,169.8305250338121,79.65262890117299,81.01539490934769,false,false
50,1.0,169.1574499224864,80.33020108669398,1.3655075562604395,1.3518456246619337,168.46435238470679,169.82985994096722,79.63986447204728,80.99171009670921,false,false
50,1.0,169.14259253329348,80.33454309759588,1.3458271381073246,1.301240510275747,168.48869902808406,169.83452616619138,79.65523085449735,80.9564713647731,false,false
50,1.0,169.16470493446286,80.31594104713284,1.342055640188562,1.3540079909448224,168.49864247866049,169.84069811884905,79.64170844611662,80.99571643706145,false,false
50,1.0,169.1614823565192,80.25992568105855,1.3566661702521117,1.32192574317844,168.49582650898847,169.85249267924058,79.60666366710521,80.92858941028365,false,false
50,1.0,169.16228008253734,80.3386067131841,1.3243857427003718,1.3399312061179245,168.49316124075352,169.8175469834539,79.6537958028454,80.99372700896332,false,false
50,1.0,169.16427422977972,80.28630355007593,1.3305755148245169,1.3381202138530313,168.4909093762962,169.82148489112072,79.62825349092643,80.96637370477946,false,false
50,1.0,169.1598531467089,80.318044431,1.3218551789992148,1.3506530636201006,168.50214402479247,169.8239992037917,79.64257749690869,80.99323056052879,false,false
50,1.0,169.15765371289007,80.29453750095612,1.349374383456393,1.3464031832005645,168.49423408031285,169.84360846376924,79.62082328360832,80.96722646680888,false,false
50,1.0,169.15551123437186,80.25088930395448,1.3659860692658015,1.3568364466167822,168.47179179194495,169.83777786121075,79.558975302163,80.91581174877979,false,false
50,1.0,169.14017347366206,80.31656531512414,1.3681630093260821,1.3723488400086694,168.46912427160126,169.83728728092734,79.64160062131893,81.0139494613276,false,false
50,1.0,169.14260817471182,80.29614984428116,1.3799494133590429,1.3646882430244602,168.45510773655596,169.835057149915,79.63179627523691,80.99648451826137,false,false
50,1.0,169.1552048609289,80.23666503026769,1.36631875527155,1.3688553228383142,168.47164511966264,169.8379638749342,79.52984305996841,80.89869838280673,false,false
50,1.0,169.15247470736406,80.34003397399988,1.3432290244262788,1.3435477448337565,168.47754411943083,169.8207731438571,79.64958800161872,80.99313574645248,false,false
50,1.0,169.14156456215542,80.30988100864649,1.341483513995854,1.3326199451986298,168.49216708438834,169.8336505983842,79.64415577787514,80.97677572307377,false,false
50,1.0,169.16105748979084,80.30647313274653,1.3873236848900774,1.380982428556493,168.45535705101594,169.84268073590601,79.62618666525499,81.00716909381148,false,false
50,1.0,169.1489769899881,80.27505028041111,1.3428304648939502,1.3021456457249911,168.48190600580182,169.82473647069577,79.63038444260576,80.93253008833075,false,false
50,1.0,169.16824850199225,80.32498493023746,1.376479365139403,1.372082024942756,168.47452496251273,169.85100432765213,79.63337683781538,81.00545886275813,false,false
50,1.0,169.14130579571383,80.30573411632669,1.373226040523491,1.3324474765271361,168.4563906614692,169.82961670199268,79.62362307321753,80.95607054974467,false,false
50,1.0,169.1523862917991,80.29060802750237,1.3366958516598686,1.3603072684111481,168.48425653878482,169.8209523904447,79.63229728959404,80.99260455800518,false,false
50,1.0,169.15541855854767,80.28990051119136,1.340484975185376,1.351068903436115,168.49239216246627,169.83287713765165,79.60153085829678,80.9525997617329,false,false
50,1.0,169.15084262121252,80.30178723573718,1.3631610661947207,1.3773662929711037,168.4765417833289,169.83970284952363,79.60197988315913,80.97934617613024,false,false
50,1.0,169.16740884308024,80.3435094980087,1.3850119032343855,1.344297224073017,168.4736059340325,169.85861783726688,79.66558393955441,81.00988116362743,false,false
50,1.0,169.16239065145095,80.23905784042198,1.343008899369181,1.3710474877308911,168.49404261451826,169.83705151388745,79.56202228232485,80.93306977005574,false,false
50,1.0,169.1583221769825,80.27628799287297,1.3705280689301844,1.3572080323405515,168.47008211177013,169.8406101807003,79.58889434601912,80.94610237835967,false,false
50,1.0,169.15708988751078,80.28932700865286,1.3559560650018057,1.3471696534197264,168.4704421773596,169.8263982423614,79.62618207765927,80.97335173107899,false,false
50,1.0,169.16105840384077,80.31285904887153,1.3367727434544747,1.370610626383126,168.5007437901851,169.8375165336396,79.63260443373903,81.00321506012216,false,false
50,1.0,169.16754508898018,80.27332337748788,1.3638483510875687,1.3490198021214042,168.485850612372,169.84969896345956,79.59506545166906,80.94408525379046,false,false
50,1.0,169.1653699602045,80.33750983824149,1.3684963286517018,1.3307050952814024,168.48276588558167,169.85126221423337,79.6562480955215,80.98695319080291,false,false
50,1.0,169.17062683303664,80.31329967259276,1.3545396190897918,1.3446187329057722,168.4844988643385,169.83903848342828,79.6234245512948,80.96804328420058,false,false
50,1.0,169.17101954811585,80.3325362610316,1.3614150099780318,1.3929258536416427,168.49347854539263,169.85489355537067,79.63696050156047,81.02988635520211,false,false
50,1.0,169.16375348587258,80.30651491243134,1.3445504780190163,1.3262472598312343,168.48911527247395,169.83366575049297,79.64406352369721,80.97031078352845,false,false
50,1.0,169.14820168373177,80.30082879823472,1.3577790293909686,1.3490169632986948,168.47653492216418,169.83431395155515,79.6452160117971,80.9942329750958,false,false
50,1.0,169.16276386121342,80.33080266031843,1.3671338724367388,1.348637453492671,168.4675009522354,169.83463482467215,79.66253132988948,81.01116878338215,false,false
50,1.0,169.13196244672253,80.2793496670441,1.3577972306742936,1.344793765370767,168.46075665823884,169.81855388891313,79.61496369206708,80.95975745743785,false,false
50,1.0,169.16005300046407,80.31674161903257,1.2934172765678795,1.3502591145579714,168.51446640631275,169.80788368288063,79.63848566457662,80.98874477913459,false,false
50,1.0,169.14907771091583,80.30547572653069,1.3270486729980746,1.356936553535519,168.49427239015222,169.8213210631503,79.6229232675789,80.97985982111442,false,false
50,1.0,169.15701395151626,80.3015161751189,1.3420308126457314,1.352555494114938,168.48227665139916,169.8243074640449,79.64253952376548,80.99509501788042,false,false
50,1.0,169.15328516441758,80.33291589364308,1.397061912424988,1.354148641058913,168.44421938022776,169.84128129265275,79.66532803837136,81.01947667943027,false,false
50,1.0,169.15027228023285,80.3026757979712,1.3542050667878982,1.345885761555536,168.4745793672414,169.8287844340293,79.64101846563044,80.98690422718597,false,false
50,1.0,169.16173212469462,80.2587494968832,1.3541267642481216,1.3227364799007404,168.48414491710395,169.83827168135207,79.60719606114323,80.92993254104397,false,false
50,1.0,169.168744457875,80.32100151596201,1.3430379127143226,1.3699084942290085,168.47986928385015,169.82290719656447,79.61524722860304,80.98515572283205,false,false
50,1.0,169.17256701621628,80.2803518856777,1.35226555889966,1.3753555834190934,168.4802242462783,169.83248980517797,79.59481069961522,80.97016628303432,false,false
50,1.0,169.17836293813272,80.28742230366095,1.3627428780476407,1.351282816228732,168.4830232844994,169.84576616254705,79.62195301458814,80.97323583081688,false,false
50,1.0,169.18547361514345,80.27154489509827,1.3291137651622762,1.3675999508675147,168.51305345357696,169.84216721873923,79.59471209077938,80.9623120416469,false,false
50,1.0,169.15735685796045,80.30163472940797,1.3724855246856293,1.3107774271870483,168.46285513816076,169.8353406628464,79.64605919992513,80.95683662711218,false,false
50,1.0,169.14571526602538,80.35091465519317,1.3485209940529614,1.3748417963378046,168.46714268616475,169.8156636802177,79.67018075097435,81.04502254731216,false,false
50,1.0,169.12539913845487,80.26847110750248,1.3719224059971395,1.380743470819084,168.44370067299926,169.8156230789964,79.58371088321445,80.96445435403353,false,false
50,1.0,169.1558581461607,80.25183319601169,1.3577018487571024,1.3573444900036833,168.46434393778293,169.82204578654003,79.5846299789064,80.94197446891009,false,false
50,1.0,169.1502526973161,80.26243814806658,1.3377241617546645,1.3399356804313527,168.4752640243458,169.81298818610045,79.60966428973079,80.94959997016214,false,false
50,1.0,169.15671024332866,80.36547875412333,1.353739803390937,1.3351107959287845,168.4889194444412,169.84265924783213,79.7087506482269,81.04386144415568,false,false
50,1.0,169.16204473856487,80.2750974822957,1.3333920975553042,1.3411401937481031,168.4966782800911,169.8300703776464,79.60973239522421,80.95087258897232,false,false
50,1.0,169.14037048108304,80.30395670712836,1.3783279295372495,1.345736807537989,168.45626809418445,169.8345960237217,79.61813713302504,80.96387394056303,false,false
50,1.0,169.1602952010682,80.32002099197896,1.3684160357233282,1.3299539732948915,168.47325174591873,169.84166778164206,79.65876993293406,80.98872390622896,false,false
50,1.0,169.14380611759407,80.31316672022207,1.3423564362916238,1.3479902216712816,168.47918365234574,169.82154008863736,79.6259817938483,80.97397201551958,false,false
50,1.0,169.15866226020182,80.2928495195608,1.3555953996210235,1.3344192701829343,168.46777221882266,169.82336761844368,79.62802205816016,80.96244132834309,false,false
50,1.0,169.16111971927037,80.25481013677066,1.3648224085536071,1.334164558284158,168.49018724905824,169.85500965761184,79.60373357182398,80.93789813010814,false,false
50,1.0,169.14374804817135,80.26493560647492,1.330837878296677,1.3565034518421584,168.48355198864598,169.81438986694266,79.5755515753737,80.93205502721585,false,false
50,1.0,169.16672220021334,80.2970491844886,1.3815135066331266,1.3656321835631218,168.4757278015758,169.85724130820893,79.62775846026628,80.9933906438294,false,false
50,1.0,169.16760797996494,80.2954071558218,1.3335448483157393,1.3982910901052605,168.50286261062115,169.8364074589369,79.59494225808804,80.9932333481933,false,false
50,1.0,169.17120281777846,80.35076271701249,1.3559129693150567,1.3402543233334256,168.47564804881472,169.83156101812978,79.67700481824137,81.0172591415748,false,false
50,1.0,169.15845580591133,80.31648661602433,1.3267302525808304,1.3476030008713167,168.49841786455033,169.82514811713116,79.63046733923102,80.97807034010233,false,false
50,1.0,169.14744575404677,80.30727365676613,1.3622569579365518,1.3597948259254906,168.47055356249422,169.83281052043077,79.6275789135379,80.9873737394634,false,false
50,1.0,169.1600016615058,80.30106265342259,1.3525203852684342,1.3248720015525919,168.485590088096,169.83811047336442,79.6396151141553,80.9644871157079,false,false
50,1.0,169.16896152606895,80.3451758052764,1.341437478718774,1.3534807333395236,168.49709722606968,169.83853470478846,79.6772588526704,81.03073958600993,false,false
50,1.0,169.1422309298262,80.28921307779603,1.348293600121167,1.3041786895305876,168.47191418797422,169.8202077880954,79.62253136109918,80.92671005062977,false,false
50,1.0,169.14693254971078,80.31051818555976,1.3523467879167015,1.3616781506357825,168.49151636095127,169.84386314886797,79.6298366719958,80.99151482263159,false,false
50,1.0,169.1605439424962,80.30327294266928,1.3488395168413092,1.3248208780248234,168.48950318624654,169.83834270308785,79.63901953846741,80.96384041649223,false,false
50,1.0,169.14457744096794,80.28923018474208,1.3581207548595557,1.3754445258437045,168.4705620687305,169.82868282359004,79.6068854981036,80.9823300239473,false,false
50,1.0,169.1491971680931,80.22797602566698,1.3647776964971001,1.3307503285216313,168.4669084364708,169.8316861329679,79.55614554966182,80.88689587818345,false,false
50,1.0,169.16709333532032,80.31496882472607,1.3554543742825444,1.311343106124525,168.49127739403664,169.8467317683192,79.65431724309981,80.96566034922434,false,false
50,1.0,169.1465366181665,80.30462033621346,1.380759789121612,1.3390216247881455,168.46237561444653,169.84313540356814,79.61531352970431,80.95433515449245,false,false
50,1.0,169.14221421616898,80.3031277038341,1.3683911414951524,1.3401451216556808,168.4502381015805,169.81862924307566,79.62637116020323,80.96651628185892,false,false
50,1.0,169.18133155801877,80.31718857707448,1.3569043800638383,1.3504609912125574,168.4857183918984,169.84262277196223,79.64060413925519,80.99106513046775,false,false
50,1.0,169.17842548953274,80.30410384606861,1.3842381315719479,1.3469687075011336,168.46670334690015,169.8509414784721,79.61699445763884,80.96396316513997,false,false
50,1.0,169.16411990298946,80.29808718485171,1.3242544542809753,1.371107503545872,168.49616831684364,169.8204227711246,79.60205187302019,80.97315937656606,false,false
50,1.0,169.16496008081964,80.25406814397357,1.3497552853737034,1.3489125149729375,168.47843880542575,169.82819409079946,79.56994431006692,80.91885682503985,false,false
50,1.0,169.17036478305195,80.27046941196777,1.3926153102339924,1.357076765672062,168.46329964693015,169.85591495716415,79.61897045301019,80.97604721868225,false,false
50,1.0,169.17345698424168,80.23788754257367,1.323410541509702,1.3083229636754652,168.49857034645558,169.82198088796528,79.59273525190346,80.90105821557893,false,false
50,1.0,169.14475776722327,80.34387245770067,1.3432045100626624,1.3608812744419367,168.46535417314666,169.80855868320933,79.65614194947473,81.01702322391667,false,false
50,1.0,169.17505444244716,80.34251397579627,1.3238297128506815,1.3527188612691532,168.5031414104025,169.82697112325317,79.65031501140045,81.0030338726696,false,false
50,1.0,169.14919030885676,80.28695737536707,1.3856416959702358,1.3470667499376816,168.446287825743,169.83192952171325,79.61473523570521,80.9618019856429,false,false
50,1.0,169.1643702052075,80.31335006111196,1.3545713615268653,1.351128794095672,168.48361807805682,169.8381894395837,79.62991497140241,80.98104376549809,false,false
50,1.0,169.15463039448332,80.33041311066856,1.3531330978417486,1.342562257089341,168.47808525800076,169.8312183558425,79.64928638762015,80.99184864470949,false,false
50,1.0,169.12521712768535,80.33948883305759,1.3404034006164238,1.3279795354863069,168.46655106558097,169.8069544661974,79.67772706074236,81.00570659622866,false,false
50,1.0,169.1516516834278,80.33561575989265,1.3371539902460938,1.3399744993460416,168.49228311038,169.82943710062608,79.67299606187898,81.01297056122502,false,false
50,1.0,169.15916303997645,80.31783732612047,1.3641347510599076,1.3679024142787455,168.46294869387776,169.82708344493767,79.63103495183799,80.99893736611673,false,false
50,1.0,169.1359683656246,80.29951066944135,1.3495345107391472,1.3283736208757233,168.46439032446833,169.81392483520747,79.62620663467007,80.95458025554579,false,false
50,1.0,169.1589310415738,80.2698402847515,1.3971681489564673,1.3732742758905374,168.46503100075188,169.86219914970835,79.58697336380781,80.96024763969835,false,false
50,1.0,169.16436940290103,80.31047281100867,1.3199829287586056,1.356055954729385,168.50404117178726,169.82402410054587,79.62566818235027,80.98172413707965,false,false
50,1.0,169.15535931563946,80.2773244185205,1.3379384482476837,1.3383775148261066,168.486117072618,169.82405552086567,79.60629359885291,80.94467111367902,false,false
50,1.0,169.17631793419372,80.33152720097311,1.3997032850371056,1.3309324614447746,168.4763981827213,169.87610146775842,79.6733339556082,81.00426641705297,false,false
50,1.0,169.14267320317722,80.30696731723968,1.374618256843604,1.3439707101913143,168.44967892067584,169.82429717751944,79.62991784664354,80.97388855683485,false,false
50,1.0,169.16439556888872,80.3092180726077,1.359054695627833,1.3678460910753216,168.4840648349958,169.84311953062362,79.62214790915198,80.9899940002273,false,false
50,1.0,169.14918462779775,80.29945336966749,1.326687165460072,1.3522888050239175,168.4734310815333,169.80011824699338,79.61450222287382,80.96679102789774,false,false
50,1.0,169.151923592931,80.20277107975255,1.3553610295564624,1.3398831788599779,168.47608058679904,169.8314416163555,79.52198503054478,80.86186820940476,false,false
50,1.0,169.17447532809706,80.31033860059551,1.3814069104107318,1.3429673359787984,168.45960644179993,169.84101335221067,79.64033148180172,80.98329881778052,false,false
50,1.0,169.14184390110924,80.33994622496932,1.3451150777764838,1.3219390462847969,168.466141315899,169.81125639367548,79.69153896396253,81.01347801024733,false,false
50,1.0,169.12544782725968,80.32137119839862,1.3924862447039743,1.3710945315571053,168.45541470911158,169.84790095381555,79.63614568869863,81.00724022025574,false,false
50,1.0,169.14643812030965,80.27126330953782,1.3759004820618372,1.3670460971142973,168.4639576998669,169.83985818192875,79.59430564802436,80.96135174513866,false,false
50,1.0,169.16327493399734,80.29786882806765,1.3361868118803102,1.344147842797966,168.49479004731703,169.83097685919734,79.63156917049074,80.9757170132887,false,false
50,1.0,169.17383308664864,80.29098185634305,1.3292771108698673,1.3448058770230489,168.50363086386605,169.83290797473592,79.61547838155914,80.96028425858219,false,false
50,1.0,169.1488928469296,80.31753645974207,1.3699975891703673,1.3221997497504958,168.47451442312536,169.84451201229572,79.64529851888685,80.96749826863734,false,false
50,1.0,169.15919873668156,80.29360194871137,1.3809055916158286,1.3270605128537198,168.4686532083677,169.84955879998353,79.64782520125506,80.97488571410878,false,false
50,1.0,169.15791385269873,80.22161394581306,1.3669988112825138,1.3583838049355137,168.46813356002366,169.83513237130617,79.5645075912822,80.92289139621771,false,false
50,1.0,169.1433922052568,80.28025651190173,1.361571474556058,1.3328727194197256,168.46855179943537,169.83012327399143,79.61607701802049,80.94894973744022,false,false
50,1.0,169.15820793349872,80.29062777153075,1.3172908314453196,1.3186281118391747,168.50426578598652,169.82155661743184,79.65592791182475,80.97455602366392,false,false
50,1.0,169.15964761954774,80.34253165596417,1.3843611391970398,1.3223154140532785,168.47567551645992,169.86003665565696,79.68457512311689,81.00689053717016,false,false
50,1.0,169.15412317592165,80.29327893550249,1.3906472701598602,1.3451547580479257,168.47510898378965,169.8657562539495,79.6225619277547,80.96771668580263,false,false
50,1.0,169.16279965062495,80.29680538844288,1.391924913238654,1.3107467715553156,168.46577023043523,169.85769514367388,79.63355076232205,80.94429753387736,false,false
50,1.0,169.16217946946338,80.30288988544714,1.3421286432798922,1.3683283170416587,168.48071259627866,169.82284123955856,79.61631103435386,80.98463935139551,false,false
50,1.0,169.18129044468043,80.28520882005171,1.3553033552807392,1.3503111268569512,168.49201453739786,169.8473178926786,79.62516814957483,80.97547927643178,false,false
50,1.0,169.17445312416623,80.28888880904229,1.3203265376747595,1.3468208251640732,168.51926986064478,169.83959639831954,79.60641917248452,80.9532399976486,false,false
50,1.0,169.1567599903847,80.30339567585335,1.3907789853482768,1.3591644362771547,168.46827987466787,169.85905886001615,79.62400919888876,80.98317363516591,false,false
50,1.0,169.16264315135558,80.34711185142613,1.3212573800029759,1.312909193542211,168.5088718294273,169.83012920943028,79.69193289488041,81.00484208842262,false,false
50,1.0,169.13719409068642,80.31437040271865,1.4187502362466091,1.3223172011450686,168.44459593542285,169.86334617166946,79.6357453303809,80.95806253152597,false,false
50,1.0,169.14732801322492,80.33856505878305,1.4003986144670648,1.3586752352762659,168.46897229650378,169.86937091097084,79.6754875263023,81.03416276157857,false,false
50,1.0,169.14767260677246,80.30599234907581,1.3516239342971232,1.3535215306171864,168.47062174151753,169.82224567581466,79.62391685594686,80.97743838656405,false,false
50,1.0,169.1339695615963,80.31327533015963,1.3293475021523022,1.352368929788085,168.46946885230344,169.79881635445574,79.63570536362121,80.9880742934093,false,false
50,1.0,169.1453285095318,80.29636477287877,1.3511342209941972,1.3319801510466363,168.481004950573,169.8321391715672,79.63945989880416,80.9714400498508,false,false
50,1.0,169.1777936944528,80.27225927800214,1.382350424551106,1.3237351219020468,168.4824567966539,169.864807221205,79.61198111514832,80.93571623705037,false,false
50,1.0,169.17280324070097,80.26484425019697,1.3588609130374039,1.3549581086471107,168.48561445296986,169.84447536600726,79.59008489815947,80.94504300680659,false,false
50,1.0,169.14876128718518,80.28604252900607,1.3652946583085281,1.354861819989054,168.47091165920773,169.83620631751626,79.60999753167816,80.96485935166722,false,false
50,1.0,169.14265212888276,80.32509336155877,1.366439446331583,1.3990498151075457,168.45069277519966,169.81713222153124,79.62129924768911,81.02034906279665,false,false
50,1.0,169.1482834599292,80.25243630861952,1.3585058632775429,1.3148360207771361,168.4670643231311,169.82557018640864,79.59914374593016,80.9139797667073,false,false
50,1.0,169.15408635561008,80.2838077577299,1.3848693799710077,1.3468632873270963,168.45324689693018,169.8381162769012,79.60670473859832,80.95356802592542,false,false
50,1.0,169.16936005444174,80.33907324294842,1.324611717328736,1.3238522213444242,168.49515486963512,169.81976658696385,79.67759100016872,81.00144322151314,false,false
50,1.0,169.16526809762905,80.29971819133267,1.3454725417783493,1.3408261908176087,168.47997450487165,169.82544704665,79.63262005744525,80.97344624826286,false,false
50,1.0,169.15775312634472,80.29384619390392,1.3365638307301708,1.3188632491806942,168.50161832340876,169.83818215413893,79.64005722596066,80.95892047514135,false,false
50,1.0,169.15918255647904,80.2942074131922,1.3524233856666683,1.33363181737829,168.47571303699834,169.828136422665,79.63737481155466,80.97100662893295,false,false
50,1.0,169.16253230221756,80.30283138746526,1.3343417015876469,1.3419952972425477,168.49608145338706,169.8304231549747,79.63664563355613,80.97864093079868,false,false
50,1.0,169.15920294488868,80.24988210378666,1.3606305067713151,1.304379006043689,168.47274334567427,169.8333738524456,79.60712264044372,80.91150164648741,false,false
50,1.0,169.16341293467215,80.33491008895567,1.3543111396971028,1.3608837750075367,168.50686758220084,169.86117872189794,79.65680641067698,81.01769018568451,false,false
50,1.0,169.1783499814047,80.34308652288779,1.3540684554173197,1.3356652050628668,168.49383467111446,169.84790312653178,79.66656434286939,81.00222954793226,false,false
50,1.0,169.15037469787652,80.29548664282187,1.3620061190316903,1.3423933646253232,168.47418489315567,169.83619101218736,79.60923108948916,80.95162445411448,false,false
50,1.0,169.15858819889493,80.20661703467988,1.3277514450335275,1.330223634433736,168.49615481174516,169.82390625677868,79.53674465928054,80.86696829371428,false,false
50,1.0,169.14021629509114,80.30373403915766,1.3474348551201274,1.3161210529159746,168.45591813901518,169.8033529941353,79.66376859016339,80.97988964307936,false,false
50,1.0,169.14765203199883,80.32498720695106,1.3256155848668811,1.3602253921383038,168.47691586926635,169.80253145413323,79.6302397156442,80.9904651077825,false,false
50,1.0,169.14770212806778,80.34970979844059,1.3379921367754264,1.3415945940721201,168.48857576946423,169.82656790623966,79.6888629773393,81.03045757141142,false,false
50,1.0,169.15356496690652,80.3495989183591,1.3546970014338342,1.3542190262892717,168.47715166651443,169.83184866794826,79.68290648964063,81.0371255159299,false,false
50,1.0,169.16641417222252,80.27632718010315,1.35893066397324,1.3496712294127065,168.46909017411397,169.8280208380872,79.59388505829936,80.94355628771207,false,false
50,1.0,169.15804973166865,80.31409021838118,1.3473463552175815,1.3470517524938401,168.49973966536504,169.84708602058262,79.64391514979721,80.99096690229105,false,false
50,1.0,169.1444275566074,80.24289791779569,1.3754499674374188,1.3494019292491686,168.47282094185465,169.84827090929207,79.57894888315717,80.92835081240634,false,false
50,1.0,169.13893081370946,80.29400817147136,1.344475516944101,1.3308756088558482,168.49174328200598,169.83621879895009,79.62378563562055,80.9546612444764,false,false
50,1.0,169.1803421955402,80.2908371192822,1.312184357713278,1.3624939618038354,168.50178261795944,169.8139669756727,79.61243664277633,80.97493060458017,false,false
50,1.0,169.15401645053993,80.22983555757311,1.330545630259138,1.2962001996442893,168.49929855022407,169.8298441804832,79.5851963175785,80.88139651722278,false,false
50,1.0,169.16536823041895,80.29292118173785,1.366361194228773,1.3223801730215854,168.46449661965198,169.83085781388075,79.63691573470376,80.95929590772535,false,false
50,1.0,169.14652626495123,80.2941316599142,1.356427955878189,1.4002920573890947,168.46193530816362,169.8183632640418,79.58169382074576,80.98198587813485,false,false
50,1.0,169.16551269867696,80.31217814909449,1.345933067991325,1.3564873327427591,168.4941001774473,169.84003324543863,79.64223340448565,80.99872073722841,false,false
50,1.0,169.1625464973422,80.23814614421303,1.3578267074470887,1.358732527179157,168.48864475069814,169.84647145814523,79.55860649962922,80.91733902680838,false,false
50,1.0,169.16615855898738,80.305373028713,1.3669949920126783,1.345018576679152,168.47245946049642,169.8394544525091,79.6395835615131,80.98460213819226,false,false
50,1.0,169.14851263108005,80.28972625860126,1.34276053797484,1.3877081814403738,168.4908344338479,169.83359497182275,79.59140382063453,80.9791120020749,false,false
50,1.0,169.15314131286652,80.29751199310152,1.3386199674729653,1.361777552365325,168.487191174748,169.82581114222097,79.60877054278032,80.97054809514565,false,false
50,1.0,169.13697005086811,80.30190574160142,1.3677186974275912,1.3081943110381786,168.45577634654526,169.82349504397286,79.6390693982085,80.94726370924668,false,false
50,1.0,169.13533720290047,80.2848077554701,1.3442810633106603,1.3624020735316975,168.47808465616518,169.82236571947584,79.60162478579838,80.96402685933008,false,false
50,1.0,169.1625374421319,80.29196882417438,1.3693429484604565,1.3286271236130318,168.46041851115902,169.82976145961948,79.63656305280375,80.96519017641678,false,false
50,1.0,169.15853820328505,80.2879030493387,1.3778661044032958,1.341405931606758,168.48038647064692,169.85825257505022,79.62945042991713,80.97085636152389,false,false
50,1.0,169.15517144255853,80.27830886173027,1.3538434812114986,1.3529811679238435,168.47187066166822,169.82571414287972,79.60026637223186,80.9532475401557,false,false
50,1.0,169.15106777033242,80.25427620730989,1.3611894118463113,1.357913915466554,168.46609291593117,169.82728232777748,79.56760603902414,80.9255199544907,false,false
50,1.0,169.17828778057878,80.32511157036038,1.3744351921158398,1.3850135442182818,168.47307459446856,169.8475097865844,79.64107223732043,81.02608578153871,false,false
50,1.0,169.16724821127096,80.27291107123013,1.375034178137014,1.3489309069197475,168.4784484741987,169.8534826523357,79.60000808362116,80.94893899054091,false,false
50,1.0,169.18223924018366,80.30507515939385,1.357830519635769,1.3211665131955783,168.4806330589688,169.83846357860457,79.64154248561513,80.96270899881071,false,false
50,1.0,169.14704030076416,80.27714874518449,1.3039873882680695,1.3414077854640567,168.49701419672243,169.8010015849905,79.60426686947338,80.94567465493743,false,false
50,1.0,169.16009076296552,80.26903002877894,1.36394420459348,1.347976652187029,168.49220708021105,169.85615128480453,79.58750135331964,80.93547800550667,false,false
50,1.0,169.16411941105616,80.29841101431796,1.3418027764217868,1.2972312290901584,168.49592038994138,169.83772316636316,79.64147636531888,80.93870759440904,false,false
50,1.0,169.17203076423164,80.22392408005696,1.3693967327954226,1.3685494348768543,168.48125088710097,169.8506476198964,79.53535986831413,80.90390930319099,false,false
50,1.0,169.13411866658475,80.28000686740167,1.3539506589469283,1.3423509303309942,168.47551918221245,169.82946984115938,79.61672679117142,80.95907772150241,false,false
50,1.0,169.120477137121,80.32576224505137,1.35171527855411,1.3483771373234532,168.4592824484619,169.810997727016,79.64586995024658,80.99424708757003,false,false
50,1.0,169.16917382837985,80.3434849338725,1.3131551192517747,1.3498658879904895,168.51417353465055,169.82732865390233,79.66643903409401,81.0163049220845,false,false
50,1.0,169.1506096004299,80.34716634479949,1.3225606140824766,1.3169897808915465,168.501450454432,169.82401106851447,79.68416145792384,81.00115123881538,false,false
50,1.0,169.1391667449035,80.24204482033909,1.3740030805846288,1.3480197581191646,168.46357350421388,169.8375765847985,79.57557162119548,80.92359137931464,false,false
50,1.0,169.18457808084173,80.3054568417072,1.3750054791958917,1.3256631915843968,168.49071387253866,169.86571935173455,79.65893287731421,80.98459606889861,false,false
50,1.0,169.15082158756087,80.2824808675142,1.4036600300690907,1.4001686951284285,168.44129317723696,169.84495320730605,79.5970055184395,80.99717421356793,false,false
50,1.0,169.16724673815463,80.24964113439104,1.3365962940644067,1.342760181685989,168.49425626899415,169.83085256305856,79.5843987126346,80.92715889432058,false,false
50,1.0,169.14207582024528,80.28765648818961,1.3556948403401066,1.3346320222775319,168.49492580401272,169.85062064435283,79.61189033528517,80.9465223575627,false,false
50,1.0,169.14327403044845,80.34070580893899,1.3323698569925568,1.3901545175689591,168.48386695131623,169.8162368083088,79.65426680201796,81.04442131958692,false,false
50,1.0,169.12706848540478,80.34935244031979,1.3757084833347903,1.3519576744524784,168.453367734417,169.82907621775178,79.66312360994655,81.01508128439903,false,false
50,1.0,169.16829287562751,80.34208316620504,1.3692693326308643,1.3148182750993698,168.47911545986963,169.8483847925005,79.68605426773965,81.00087254283902,false,false
50,1.0,169.1544622661184,80.2716745805379,1.3389096362627697,1.3517398712985056,168.49144926822328,169.83035890448605,79.60876372323109,80.9605035945296,false,false
50,1.0,169.16056296540273,80.29562281111028,1.3543268711344183,1.3448031104324656,168.4682129668005,169.82253983793493,79.61515747422713,80.9599605846596,false,false
50,1.0,169.14939745329295,80.29768037547313,1.356081557056342,1.3456605566572506,168.46980228114322,169.82588383819956,79.63530742689642,80.98096798355367,false,false
50,1.0,169.14755390346863,80.25705887180754,1.373167665822507,1.3377607768748447,168.46486413764043,169.83803180346294,79.58875196178442,80.92651273865927,false,false
50,1.0,169.1606495128476,80.2366831435719,1.3576548879922825,1.355696184965268,168.49417335265355,169.85182824064583,79.56694353376055,80.92263971872582,false,false
50,1.0,169.16116173677545,80.31491971459997,1.353615092192797,1.335015198681461,168.4699694246066,169.8235845167994,79.64757177990444,80.9825869785859,false,false
50,1.0,169.15403933698315,80.31627473697412,1.388749257654382,1.3440894759669675,168.46527514303423,169.85402440068862,79.64355870091404,80.98764817688101,false,false
50,1.0,169.16323565223047,80.30714432580787,1.3130867534299853,1.4048505602660128,168.50305387954455,169.81614063297454,79.59872882387046,81.00357938413647,false,false
50,1.0,169.17997824886453,80.31812931726682,1.3279848406899646,1.3765023731734516,168.50871356779078,169.83669840848074,79.62023926385417,80.99674163702763,false,false
50,1.0,169.14595543213284,80.32425996411646,1.3407304201486738,1.3740704797094736,168.47009472908655,169.81082514923523,79.64451374538237,81.01858422509184,false,false
50,1.0,169.15167796802632,80.32703036933948,1.3780454552523906,1.3564347665412413,168.468750418615,169.8467958738674,79.6646955502509,81.02113031679214,false,false
50,1.0,169.1635413506899,80.28480354890438,1.3599152305322662,1.3291638057439883,168.48124124223105,169.84115647276332,79.61981857965773,80.94898238540172,false,false
50,1.0,169.1714018094653,80.30946202788004,1.3882472276935687,1.3341928388428528,168.47565106767144,169.863898295365,79.6494396502141,80.98363248905696,false,false
50,1.0,169.16821239220968,80.31615309738329,1.3525476971740886,1.3086383376522548,168.49145970981107,169.84400740698516,79.67420891065078,80.98284724830303,false,false
50,1.0,169.163149539249,80.27211533277443,1.365601500992625,1.3594505107572559,168.48249282459528,169.8480943255879,79.58893401124456,80.94838452200182,false,false
50,1.0,169.1631570837955,80.32055160132356,1.3387410981096934,1.372254059440337,168.49047056950644,169.82921166761614,79.62718358259059,80.99943764203093,false,false
50,1.0,169.1519783624032,80.29435693748704,1.347131034536062,1.3436480503420114,168.4748221352328,169.82195316976888,79.61259382843639,80.9562418787784,false,false
50,1.0,169.17033143034132,80.27722948717752,1.3590564528978746,1.3459743216822915,168.47055019474442,169.8296066476423,79.6089172002406,80.95489152192289,false,false
50,1.0,169.14173076465084,80.31963665534958,1.3426423671407406,1.3372762192668404,168.47756374734792,169.82020611448866,79.63699703349755,80.97427325276439,false,false
50,1.0,169.18310959918213,80.30818602558328,1.3578329051427431,1.3713429220809417,168.48698066852438,169.84481357366712,79.61783447766871,80.98917739974965,false,false
50,1.0,169.15116735531197,80.23066555064142,1.3791088458901868,1.3470964907077132,168.46595723054415,169.84506607643434,79.56370712489459,80.9108036156023,false,false
50,1.0,169.1385826158798,80.24309510309587,1.3424858986763297,1.389827433253231,168.4740675973697,169.81655349604603,79.5580143020886,80.94784173534183,false,false
50,1.0,169.16392400304443,80.30449257797605,1.3758480520023681,1.3782043934780717,168.48095920882292,169.8568072608253,79.59966704046658,80.97787143394466,false,false
50,1.0,169.16788503550356,80.30164490912455,1.3750201319627422,1.3380773817008418,168.47591824601412,169.85093837797686,79.62021806043629,80.95829544213713,false,false
50,1.0,169.17520243726062,80.33135522797448,1.360024924921703,1.3924288679085635,168.4917461495691,169.8517710744908,79.63091390319642,81.02334277110498,false,false
50,1.0,169.15794686582285,80.29703066712905,1.3218679629860333,1.3183715125424698,168.50396967935885,169.82583764234488,79.6553108123672,80.97368232490967,false,false
50,1.0,169.1425208184811,80.34063445309516,1.353677776319472,1.3668373375981133,168.47138771071508,169.82506548703455,79.64606096047112,81.01289829806923,false,false
50,1.0,169.15060630972567,80.33504224876316,1.3466985155124291,1.360334718597855,168.48244263071084,169.82914114622326,79.65912892975102,81.01946364834888,false,false
50,1.0,169.14965843968076,80.30027456942102,1.324361550838347,1.3482014584621425,168.49067231294597,169.81503386378432,79.63911739042516,80.9873188488873,false,false
50,1.0,169.1403369140459,80.30343976499945,1.3558425368482006,1.3559233641975794,168.4717776985266,169.8276202353748,79.6240852377703,80.98000860196788,false,false
50,1.0,169.12175932890838,80.27997170384162,1.365972053690001,1.3717189760338897,168.4501440744087,169.8161161280987,79.597367381043,80.96908635707689,false,false
50,1.0,169.15042142214807,80.26572615070806,1.345845508035211,1.356210739184192,168.47803332198762,169.82387883002284,79.59544302735036,80.95165376653455,false,false
50,1.0,169.149102845878,80.29250411716171,1.3453053411220708,1.3864782894236782,168.4742926031941,169.81959794431617,79.57883129900682,80.9653095884305,false,false
50,1.0,169.16290827009556,80.33223282385333,1.3584428609691486,1.3654321408432395,168.48634108446947,169.84478394543862,79.65148505438106,81.0169171952243,false,false
50,1.0,169.16696931715146,80.31157241652039,1.3575764286389926,1.3449739966581689,168.48958055362934,169.84715698226833,79.63312891824555,80.97810291490372,false,false
50,1.0,169.1464823743768,80.31936139728231,1.336069911516546,1.3470065846267545,168.47820803551522,169.81427794703177,79.64221568457636,80.98922226920311,false,false
50,1.0,169.15853691971785,80.32672593154847,1.3392141368165653,1.353879491099093,168.50406364833597,169.84327778515254,79.6576318807196,81.0115113718187,false,false
50,1.0,169.1658337086522,80.31708517102055,1.3451231024475874,1.368615220631881,168.47237336480595,169.81749646725353,79.63218096466645,81.00079618529833,false,false
50,1.0,169.1399077210712,80.25760264056711,1.3305180137126627,1.3485802237510711,168.48210064154813,169.8126186552608,79.59361491015687,80.94219513390794,false,false
50,1.0,169.1490590806946,80.29225372841188,1.3777381038557905,1.3657591877705926,168.47565918786893,169.85339729172472,79.60089435798052,80.96665354575111,false,false
50,1.0,169.15573160355024,80.31787612148591,1.3688497333722864,1.3456529601742488,168.46889815850207,169.83774789187436,79.64255690639973,80.98820986657398,false,false
50,1.0,169.13968441898726,80.28145774935084,1.3639579458319986,1.3592614562636527,168.46168897185805,169.82564691769005,79.60521425532828,80.96447571159193,false,false
50,1.0,169.14697163070804,80.29639859758632,1.3494664883899077,1.3262798515310692,168.4802971309349,169.8297636193248,79.6312269222062,80.95750677373726,false,false
50,1.0,169.1609177218054,80.27432615349413,1.3482209266631457,1.3543858798870758,168.49756901717018,169.84578994383332,79.60468469877252,80.95907057865959,false,false
50,1.0,169.15029248134283,80.30078513621204,1.3534668779045376,1.3326626490427032,168.46402254774074,169.81748942564528,79.6317551240711,80.96441777311381,false,false
50,1.0,169.15464988966522,80.28989734845968,1.329453696293399,1.3401539485060994,168.4980104012464,169.8274640975398,79.60634624378983,80.94650019229593,false,false
50,1.0,169.12679906748707,80.32521677854365,1.3795007831460566,1.3562967611440229,168.44985786392058,169.82935864706664,79.6545784293997,81.01087519054373,false,false
50,1.0,169.16783482561198,80.3123360712454,1.3798661941167154,1.3516077133766373,168.4607607500127,169.8406269441294,79.64409523184388,80.99570294522051,false,false
50,1.0,169.14234077535738,80.26779186969202,1.338979894137509,1.343232966686415,168.4714055710812,169.8103854652187,79.5899923597362,80.93322532642262,false,false
50,1.0,169.1748709608658,80.2710470052498,1.4023092333134741,1.3209634151257603,168.46320420253647,169.86551343584995,79.6338731144788,80.95483652960456,false,false
50,1.0,169.1702540751558,80.29953791607761,1.3702553691873334,1.36021480734874,168.48856776991576,169.8588231391031,79.60402538848878,80.96424019583752,false,false
50,1.0,169.17079492215748,80.23635869614682,1.3708873555030152,1.3572202436345435,168.4774390781251,169.8483264336281,79.56164670654422,80.91886695017877,false,false
50,1.0,169.12526428240068,80.30950179466059,1.382257423327303,1.4087353081897334,168.443569641944,169.8258270652713,79.59016671698845,80.99890202517818,false,false
50,1.0,169.13684418969484,80.30605905679803,1.3372100652016172,1.3363084062442567,168.47080726594606,169.80801733114768,79.6197621792528,80.95607058549706,false,false
50,1.0,169.15979857853586,80.21555293741565,1.3560624943483504,1.3779776272733528,168.50327529340726,169.8593377877556,79.5257105014466,80.90368812871995,false,false
50,1.0,169.18149635129106,80.32823146294584,1.3492446579936654,1.3524078961986277,168.49665399645613,169.8458986544498,79.63793689204505,80.99034478824368,false,false
50,1.0,169.15780824723248,80.28541795041399,1.3450780365932644,1.363072752409181,168.49113642912792,169.83621446572118,79.5982556614205,80.96132841382968,false,false
50,1.0,169.15044531539783,80.33118521853929,1.352604526536311,1.3477976243668763,168.4924648532557,169.84506937979202,79.656950223245,81.00474784761188,false,false
50,1.0,169.17241723888765,80.31701427555868,1.3540529104466827,1.351535190853653,168.4940904731549,169.84814338360158,79.643520424208,80.99505561506166,false,false
50,1.0,169.16019114491533,80.36237050285129,1.3319211077577506,1.3205737843112644,168.48755059484688,169.81947170260463,79.70507225992421,81.02564604423547,false,false
50,1.0,169.1701599194106,80.32668964322352,1.325513014060789,1.3441819200683085,168.49836586807237,169.82387888213316,79.6506279989145,80.99480991898281,false,false
50,1.0,169.14936365673134,80.26265527659284,1.3460240519887634,1.3606796150044573,168.47742722888847,169.82345128087724,79.59333142815684,80.9540110431613,false,false
50,1.0,169.16389603686127,80.28953666019254,1.344742398040438,1.3470505845101002,168.50214000137922,169.84688239941966,79.62523317758283,80.97228376209293,false,false
50,1.0,169.16360887239233,80.32731441235242,1.37427199414185,1.3576559695739832,168.47397589533796,169.8482478894798,79.63179247154316,80.98944844111715,false,false
50,1.0,169.15763556590116,80.27753876207922,1.3214017311071586,1.3255168821510068,168.50283299108864,169.8242347221958,79.61289322889401,80.93841011104502,false,false
50,1.0,169.16740294289144,80.29641912144604,1.3403843468341563,1.3710447996836734,168.50261298208332,169.84299732891748,79.62549410875285,80.99653890843652,false,false
50,1.0,169.16558055703393,80.32432469061257,1.3516878520357238,1.3297499803719859,168.4762000067717,169.82788785880743,79.64184448265007,80.97159446302206,false,false
50,1.0,169.15754688212166,80.27537547653165,1.3609804909315244,1.3180369861748602,168.46645349586763,169.82743398679915,79.62200047896653,80.94003746514139,false,false
50,1.0,169.1727958985365,80.3423899408556,1.377354208156305,1.328603187610895,168.47485331116422,169.85220751932053,79.67989582037698,81.00849900798788,false,false
50,1.0,169.17609794656687,80.25590249341741,1.345637510191949,1.3505334561603775,168.49310479301883,169.83874230321078,79.58219769805262,80.932731154213,false,false
50,1.0,169.1454028899534,80.3352291115892,1.383396901474157,1.3678496921118608,168.46526979339856,169.84866669487272,79.65495313899598,81.02280283110784,false,false
50,1.0,169.13920248422795,80.30347746589035,1.3679769495918492,1.3406056976669873,168.46120630730042,169.82918325689226,79.63108373759482,80.97168943526181,false,false
50,1.0,169.1601098231502,80.2566061155302,1.3761545012560532,1.3095360131224538,168.46913769477996,169.845292196036,79.61393515568494,80.9234711688074,false,false
50,1.0,169.14067047801876,80.28768303108514,1.3466175679926096,1.321735536412902,168.4727284356129,169.81934600360552,79.60704484382607,80.92878038023898,false,false
50,1.0,169.15556362315095,80.24995104457062,1.3482704539036376,1.3365544984541202,168.4692370875605,169.81750754146412,79.60003515111535,80.93658964956947,false,false
50,1.0,169.1621111390267,80.27249363011433,1.362818940572481,1.339009425626216,168.4799872560192,169.84280619659168,79.61058840973043,80.94959783535664,false,false
50,1.0,169.16668562529898,80.33431959567673,1.3848191131955048,1.3412640202652284,168.47406027954042,169.85887939273593,79.65078515723607,80.9920491775013,false,false
50,1.0,169.16876753113633,80.32808624902995,1.3431865503528115,1.347800456936099,168.49100006126474,169.83418661161755,79.66974930580227,81.01754976273837,false,false
50,1.0,169.16935866936646,80.25611306295475,1.3609720136468582,1.3283195219606654,168.4998832948811,169.86085530852796,79.59050390436472,80.91882342632539,false,false
50,1.0,169.17480692927668,80.32506200001704,1.3436072735832738,1.3673580565353518,168.4818690453798,169.82547631896307,79.65616052033101,81.02351857686637,false,false
50,1.0,169.17454493011405,80.32918777145375,1.3663546306947865,1.334928185735066,168.46767536214398,169.83402999283877,79.67700651287332,81.01193469860839,false,false
50,1.0,169.14599245372528,80.29666190628268,1.3384786309805463,1.3732327357755736,168.4681725061724,169.80665113715295,79.60365561125153,80.9768883470271,false,false
50,1.0,169.12990846781793,80.29447793274339,1.3451456835962574,1.3536638644251724,168.46943994687174,169.814585630468,79.60365469766461,80.95731856208978,false,false
50,1.0,169.15927720679713,80.3322731714265,1.3516059332721682,1.3616360049365142,168.49653524589166,169.84814117916383,79.64156378315478,81.0031997880913,false,false
50,1.0,169.15673145629262,80.325754720524,1.3806611558516408,1.3564136406359637,168.47605778717045,169.8567189430221,79.64000761362419,80.99642125426016,false,false
50,1.0,169.17105642056924,80.26129511486931,1.32737467794567,1.351152950891219,168.503072816229,169.83044749417468,79.5925350326691,80.94368798356032,false,false
50,1.0,169.14978082105864,80.2942550109214,1.3525870133357785,1.3268080250804672,168.47680632641755,169.82939333975332,79.62836616298847,80.95517418806894,false,false
50,1.0,169.17562848050483,80.3060244948932,1.4123296492409168,1.3568595215361938,168.4590719895453,169.8714016387862,79.61991745783376,80.97677697936996,false,false
50,1.0,169.1452094883387,80.31076569936292,1.3655435184149383,1.3399893948546406,168.47082034085443,169.83636385926937,79.63869891010546,80.9786883049601,false,false
50,1.0,169.16132437170074,80.30293593410438,1.3601847674012504,1.3704725332950716,168.47833653538612,169.83852130278737,79.64111216648091,81.01158469977598,false,false
50,1.0,169.16744543322721,80.29990751876947,1.317941805212655,1.3406278428336549,168.50635199769022,169.82429380290287,79.6310110514394,80.97163889427306,false,false
50,1.0,169.17083515051803,80.32060798947809,1.360121581276104,1.3506941870590055,168.47641007021264,169.83653165148874,79.63883546401398,80.98952965107298,false,false
50,1.0,169.16007736574534,80.31626983993726,1.323606546508671,1.3565796659668194,168.4967195649554,169.82032611146408,79.63785099814541,80.99443066411223,false,false
50,1.0,169.15293490537678,80.29216672508626,1.3386517222970724,1.3380368991406044,168.48123024183263,169.8198819641297,79.62500388886963,80.96304078801023,false,false
50,1.0,169.13366522638324,80.29678097017617,1.3707197777653164,1.3297652229799155,168.47393554923144,169.84465532699676,79.63258757879112,80.96235280177103,false,false
50,1.0,169.1483471534988,80.2548828369213,1.3628231840683327,1.3287310013483307,168.46539770619978,169.8282208902681,79.58929593119953,80.91802693254786,false,false
50,1.0,169.14757829281106,80.32808614277096,1.3927276440904848,1.340328750638335,168.4589764669928,169.85170411108328,79.65436029950217,80.99468905014051,false,false
50,1.0,169.14079655242753,80.30023955121595,1.3550757709724905,1.385983664363522,168.47550875951353,169.83058453048602,79.619697269414,81.00568093377753,false,false
50,1.0,169.16064934194878,80.28062286396366,1.3512106938314616,1.3474419836243072,168.48343810050235,169.83464879433382,79.60376398150808,80.95120596513239,false,false
50,1.0,169.15970979231676,80.29876333157077,1.3833009002180177,1.3264312074945508,168.46935270181467,169.8526536020327,79.6244413261594,80.95087253365395,false,false
50,1.0,169.1410379564919,80.29299257695241,1.3746243489804897,1.3354203843191925,168.4603068676256,169.8349312166061,79.61797066414346,80.95339104846265,false,false
50,1.0,169.16184068894165,80.28645635582147,1.3838037921701414,1.3433309808076928,168.46049330967796,169.8442971018481,79.62500612115913,80.96833710196682,false,false
50,1.0,169.15883566501645,80.30118312793519,1.3632982440020953,1.3499172815240001,168.4807418582499,169.844040102252,79.62280164066402,80.97271892218802,false,false
50,1.0,169.16592095526937,80.30788261265101,1.3573279956112856,1.3735169592842311,168.46840839845788,169.82573639406917,79.6262195461219,80.99973650540613,false,false
50,1.0,169.15081622378872,80.26988023131865,1.3426487245764918,1.3370930019833622,168.47269348864546,169.81534221322195,79.59744579800596,80.93453879998933,false,false
50,1.0,169.13953098937134,80.31950933109465,1.335895825614017,1.3417907958185111,168.47592871713388,169.8118245427479,79.6418476496692,80.98363844548771,false,false
50,1.0,169.15768589176432,80.32749201338838,1.339762459706634,1.3615322556938452,168.4838016936563,169.82356415336292,79.6239060903063,80.98543834600015,false,false
50,1.0,169.18351329153728,80.30211202461453,1.3236983888749307,1.3597467379187833,168.52607240706737,169.8497707959423,79.65122600356008,81.01097274147887,false,false
50,1.0,169.15511074994959,80.31405960240045,1.3527920301206393,1.3147278055065925,168.47684979594968,169.82964182607031,79.67052834342287,80.98525614892947,false,false
50,1.0,169.1316754081696,80.34464788480562,1.3340649623301033,1.3557202400228334,168.47046947799018,169.80453444032028,79.6899978979068,81.04571813792964,false,false
50,1.0,169.1604334321182,80.2871216260997,1.3710447463226956,1.3258031972316786,168.4837029634511,169.8547477097738,79.62433313399247,80.95013633122414,false,false
50,1.0,169.1752730195259,80.25261135838339,1.3411579161968632,1.3314094237581031,168.51295948208355,169.8541173982804,79.59656905171019,80.9279784754683,false,false
50,1.0,169.15990338564598,80.31333720241147,1.3626154329645601,1.3699580667538385,168.4866313651273,169.84924679809185,79.63245473147515,81.00241279822899,false,false
50,1.0,169.15235412302792,80.33095617527461,1.3884089279767693,1.3506787011589836,168.45297120622584,169.8413801342026,79.65899369362373,81.00967239478271,false,false
50,1.0,169.16205327792107,80.31380072272697,1.3406629296908648,1.338818614095814,168.50334074042817,169.84400367011904,79.64300264604162,80.98182126013744,false,false
50,1.0,169.16439637165547,80.29318764788042,1.3353476621666687,1.3090493045706637,168.48997035995066,169.82531802211733,79.65931898180878,80.96836828637944,false,false
50,1.0,169.14263684407925,80.31934168759292,1.3112651160599,1.340801094331269,168.50403430524617,169.81529942130607,79.6449498840331,80.98575097836436,false,false
50,1.0,169.16018446041105,80.26247268711353,1.3132348161547895,1.3543092342654859,168.49728954948975,169.81052436564454,79.58335350607823,80.93766274034371,false,false
50,1.0,169.13040225787273,80.31237533690503,1.3774698104638219,1.3446578230288821,168.4667949169687,169.84426472743252,79.64553896506041,80.99019678808929,false,false
50,1.0,169.16468375993747,80.31528285607709,1.3634528470308567,1.3288448485902506,168.47914699260483,169.84259983963568,79.66839162044347,80.99723646903372,false,false
50,1.0,169.14683355351656,80.30306730121998,1.3647113382393172,1.3778354089065488,168.48434399945523,169.84905533769455,79.61014243369394,80.98797784260049,false,false
50,1.0,169.17009590235784,80.25524276947581,1.334429319188871,1.348419268679237,168.49905931577865,169.83348863496752,79.56055703283087,80.90897630151011,false,false
50,1.0,169.15006704833837,80.31141300012338,1.3590331537804445,1.364290635348567,168.4795495427398,169.83858269652023,79.62588429812459,80.99017493347316,false,false
50,1.0,169.16371657308426,80.32755198607614,1.3481634338177741,1.3055486555698224,168.48975943987855,169.83792287369633,79.66811059651322,80.97365925208304,false,false
50,1.0,169.16325098644063,80.30960880434276,1.3805373182440803,1.3173184115106267,168.4576969675086,169.8382342857527,79.65668719045937,80.97400560196999,false,false
50,1.0,169.1607192524383,80.30937148728114,1.3892350980680703,1.3486889155194604,168.4732371932659,169.86247229133397,79.60495145703057,80.95364037255003,false,false
50,1.0,169.1789094577918,80.3283698393814,1.3736615032229906,1.3353573542248824,168.4702037633134,169.8438652665364,79.665316221174,81.00067357539888,false,false
50,1.0,169.19571854294804,80.28831607532453,1.3538226257069255,1.3293184822710913,168.50089650483005,169.85471913053698,79.62221927691535,80.95153775918644,false,false
50,1.0,169.16418393489647,80.30335439047316,1.3641348632984602,1.328192082226181,168.49521672927477,169.85935159257323,79.64053189276024,80.96872397498642,false,false
50,1.0,169.17294825804666,80.30872016114915,1.353473878449421,1.3386568889539205,168.47585063012068,169.8293245085701,79.63690932637122,80.97556621532514,false,false
50,1.0,169.15105646649022,80.27748203928692,1.3955210712064456,1.3876025342786278,168.46330029534988,169.85882136655633,79.57723443210868,80.96483696638731,false,false
50,1.0,169.16652371588194,80.27922712520247,1.3591639759582677,1.3034031083850124,168.4933907131744,169.85255468913266,79.62816143002092,80.93156453840594,false,false
50,1.0,169.16073563164633,80.27517360813167,1.3558005947652134,1.3495313679020455,168.48541920284302,169.84121979760823,79.60358941079392,80.95312077869596,false,false
50,1.0,169.12225507818158,80.31837946894971,1.3639131276961791,1.3560772809731532,168.45554673670665,169.81945986440283,79.64262329820897,80.99870057918213,false,false
50,1.0,169.15285547797288,80.29195574771765,1.3408602222079935,1.3279674722383135,168.47334431601394,169.81420453822193,79.63761191121077,80.96557938344908,false,false
50,1.0,169.1471861405077,80.3007896423873,1.3454979902297737,1.351007317045358,168.48800397169626,169.83350196192603,79.62533728504785,80.9763446020932,false,false
50,1.0,169.1591539314569,80.32192407519871,1.329266652298088,1.3056912141524322,168.4984518300335,169.8277184823316,79.67735330006312,80.98304451421555,false,false
50,1.0,169.18948166246662,80.30853571590794,1.3513733123303382,1.3464699507831597,168.4921994093072,169.84357272163754,79.62500322221797,80.97147317300113,false,false
50,1.0,169.1600504009591,80.32122877439116,1.3369740653108408,1.344923697323722,168.50769891098474,169.84467297629558,79.63987400709888,80.9847977044226,false,false
50,1.0,169.14248156002375,80.31671903023539,1.3202907439440423,1.3683408494598837,168.48298653965122,169.80327728359526,79.62896755030744,80.99730839976732,false,false
50,1.0,169.1465865588479,80.27991604815223,1.3755116983525113,1.3729849826867735,168.45568230409265,169.83119400244516,79.58304231633164,80.95602729901842,false,false
50,1.0,169.14896245811784,80.30473610249572,1.3779005753417835,1.334697945504459,168.47403245918807,169.85193303452985,79.6181069495706,80.95280489507506,false,false
50,1.0,169.13565134557365,80.26669640822024,1.3988619516117637,1.337127815907067,168.43571044680806,169.83457239841982,79.6026130392596,80.93974085516666,false,false
50,1.0,169.17727911784098,80.21840119843802,1.4037169189860776,1.3801272477993223,168.48245254587252,169.8861694648586,79.53651739808937,80.9166446458887,false,false
50,1.0,169.1934657726674,80.25858128587441,1.3373486247246547,1.339195011289931,168.5134937950737,169.85084241979837,79.59133145972817,80.9305264710181,false,false
50,1.0,169.1460891575352,80.34189523782914,1.3327295191144515,1.3509482254339105,168.48028049670438,169.81301001581883,79.65571485824668,81.00666308368059,false,false
50,1.0,169.15667210499262,80.2986812401015,1.3559655594599462,1.315877070391565,168.46697328629932,169.82293884575927,79.63480144940448,80.95067851979604,false,false
50,1.0,169.1529650389425,80.3028607034837,1.3493565196022246,1.369123383981318,168.4765710375564,169.82592755715862,79.61584883324622,80.98497221722754,false,false
50,1.0,169.1506200834665,80.2890062151701,1.2974963729327555,1.3172583359879724,168.49536602664307,169.79286239957582,79.63914327230994,80.95640160829791,false,false
50,1.0,169.16991775719103,80.30468239850235,1.3356140258240998,1.371770968203677,168.49013579758173,169.82574982340583,79.61751125368832,80.989282221892,false,false
50,1.0,169.14456493729858,80.28222975264254,1.3603619320406892,1.305900212551336,168.46316160521377,169.82352353725446,79.62109587005209,80.92699608260342,false,false
50,1.0,169.14500396222792,80.32303002305605,1.3524324963534298,1.3645079322599258,168.46373812751486,169.8161706238683,79.63744080451593,81.00194873677586,false,false
50,1.0,169.18117663699226,80.28431124644962,1.345340718552535,1.329133248700927,168.48647212046882,169.83181283902135,79.6305670298041,80.95970027850503,false,false
50,1.0,169.1734492682105,80.25922231147743,1.3790671527175107,1.3312398376527312,168.4685237804305,169.847590933148,79.61832122659891,80.94956106425164,false,false
50,1.0,169.17192949259874,80.29314121502743,1.335001349747273,1.3249996434310987,168.4955093352594,169.8305106850067,79.6280101803031,80.95300982373419,false,false
50,1.0,169.14532796637303,80.31014349984275,1.3688437994253206,1.3414797705655133,168.46821090730913,169.83705470673445,79.63801241225754,80.97949218282305,false,false
50,1.0,169.17191192943176,80.28056607467792,1.3442137867646125,1.3269725110225465,168.5024301768115,169.8466439635761,79.61543362667928,80.94240613770182,false,false
50,1.0,169.16897500634806,80.31343475688956,1.3501799134675139,1.3513041686312306,168.47966397499152,169.82984388845904,79.61077815403307,80.9620823226643,false,false
50,1.0,169.15805321653173,80.32919260711301,1.3202331062664427,1.370420721417858,168.51675985287872,169.83699295914516,79.62295645132284,80.9933771727407,false,false
50,1.0,169.13915037907103,80.33379602015876,1.3503593200457544,1.3449002488581385,168.4685643870667,169.81892370711245,79.65108665422464,80.99598690308278,false,false
50,1.0,169.1601641483998,80.27029468807322,1.305201317235543,1.3705095688839464,168.5162872288686,169.82148854610415,79.58654195774315,80.9570515266271,false,false
50,1.0,169.16896625812507,80.30463351136865,1.3487428399764383,1.3383846669819235,168.50345694669795,169.8521997866744,79.63384003204526,80.97222469902718,false,false
50,1.0,169.1457027537399,80.24370292028723,1.3558470377836613,1.3540497411196242,168.47185018868515,169.8276972264688,79.56059868300564,80.91464842412526,false,false
50,1.0,169.136349740866,80.3199580885026,1.3473381655630305,1.3762040473096278,168.47991162966963,169.82724979523266,79.6335524276905,81.00975647500013,false,false
50,1.0,169.16009162841834,80.28608434814933,1.324871968850175,1.3555087810262876,168.49216847541652,169.8170404442667,79.6105726456397,80.966081426666,false,false
50,1.0,169.14997982678278,80.24054831181454,1.3778543859863532,1.3158306979357093,168.45700836306196,169.8348627490483,79.56720668417316,80.88303738210887,false,false
50,1.0,169.1731161464984,80.30493322933208,1.3834600491836397,1.3748949233474974,168.48711388529856,169.8705739344822,79.6274379844801,81.0023329078276,false,false
50,1.0,169.15138279586944,80.27051450925728,1.3628181257726908,1.3599896086517447,168.45698036390797,169.81979848968066,79.60128474344467,80.96127435209641,false,false
50,1.0,169.15997959000242,80.30650413838359,1.3247789823314804,1.33767347529664,168.4883107467629,169.81308972909437,79.6394677837918,80.97714125908844,false,false
50,1.0,169.152593353823,80.2635285558697,1.376950804160515,1.3399337391521016,168.4753380865137,169.8522888906742,79.60622362854521,80.94615736769731,false,false
50,1.0,169.13336871955397,80.26699607366616,1.3721578029780233,1.344786574072856,168.4439011722881,169.81605897526612,79.60919705291819,80.95398362699105,false,false
50,1.0,169.16370581487448,80.25118384821698,1.354569326574449,1.358098177119004,168.47724646520277,169.83181579177722,79.56659883948859,80.9246970166076,false,false
50,1.0,169.16741602886248,80.26303069496856,1.3814362323253988,1.313922617433974,168.461310401598,169.8427466339234,79.61500042916015,80.92892304659412,false,false
50,1.0,169.15405809224364,80.31191254590402,1.3405325548632447,1.353449223795252,168.48056255606707,169.82109511093032,79.62721992018403,80.98066914397928,false,false
50,1.0,169.145940400435,80.32217779850134,1.3665789794812042,1.3360436733645997,168.47324477107833,169.83982375055953,79.6402155302149,80.9762592035795,false,false
50,1.0,169.1647470789805,80.29529523049214,1.3517931895829065,1.3090915148019064,168.49414299199523,169.84593618157814,79.63323581190869,80.9423273267106,false,false
50,1.0,169.16740101759316,80.34897369387221,1.3667091087971244,1.344240948112315,168.4732587665003,169.83996787529742,79.68120453132565,81.02544547943796,false,false
50,1.0,169.16008074938696,80.26575517449972,1.3617175210729613,1.339774452962331,168.4687398658595,169.83045738693247,79.61552973560599,80.95530418856832,false,false
50,1.0,169.15415380799777,80.2665922054764,1.3294834938131999,1.347629251618784,168.48262294412416,169.81210643793736,79.5918935346882,80.93952278630698,false,false
50,1.0,169.17759666626256,80.29926090305474,1.366006692118134,1.3402953377250242,168.46852113661015,169.83452782872828,79.62911290006252,80.96940823778755,false,false
50,1.0,169.1435105506327,80.27691020697881,1.3481037248281211,1.3602751793803236,168.46278737529155,169.81089110011968,79.59112849670561,80.95140367608593,false,false
50,1.0,169.15309923578596,80.34502759927429,1.3172737156079677,1.367214832132177,168.5008494786646,169.81812319427257,79.63989885123077,81.00711368336295,false,false
50,1.0,169.16819817065613,80.28668154303213,1.3480784884096124,1.3351053624456881,168.48074947477494,169.82882796318455,79.62194205817853,80.95704742062422,false,false
50,1.0,169.17841249566095,80.33555584136731,1.339801094958574,1.3385607326070499,168.50626302082654,169.8460641157851,79.65328737256456,80.99184810517161,false,false
50,1.0,169.15428635950786,80.29026088009533,1.3329694644434085,1.326593554746097,168.48763996700401,169.82060943144742,79.59857018857238,80.92516374331848,false,false
50,1.0,169.13838759705592,80.2912754185399,1.397872365883444,1.3684729125720878,168.43939380980956,169.837266175693,79.59313924657681,80.9616121591489,false,false
50,1.0,169.1786784562409,80.27117564257736,1.3357650803249612,1.335745510647314,168.48910582924765,169.8248709095726,79.6170616832261,80.95280719387341,false,false
50,1.0,169.1582993216503,80.28948178635996,1.3501509580037236,1.3245690241684969,168.4801426166413,169.83029357464503,79.62708479588396,80.95165382005246,false,false
50,1.0,169.16941102871613,80.25003170192312,1.3850212741104713,1.313647485213039,168.46476703573964,169.8497883098501,79.60478024528456,80.9184277304976,false,false
50,1.0,169.1749477158034,80.2722449308331,1.3472681446053514,1.338669559779106,168.50123735819776,169.8485055028031,79.59198706739477,80.93065662717387,false,false
50,1.0,169.1624773413206,80.31112596276978,1.3688636925944024,1.3638728428938691,168.45338980719902,169.82225349979342,79.63096170030758,80.99483454320145,false,false
50,1.0,169.16400697996107,80.2678818964994,1.3439732408706675,1.3325650579279653,168.48671076656214,169.8306840074328,79.5878097293599,80.92037478728787,false,false
50,1.0,169.16136030767478,80.29945629652482,1.3648954406747293,1.3343299372785822,168.48456124841672,169.84945668909145,79.61852578298969,80.95285572026827,false,false
50,1.0,169.15451582686148,80.3070798867621,1.3542841974780515,1.3754916927440775,168.47965176337559,169.83393596085364,79.60048927412262,80.9759809668667,false,false
50,1.0,169.14880988388668,80.29798459172564,1.3352947938126647,1.3294520001646362,168.48111446307527,169.81640925688794,79.62029645828103,80.94974845844567,false,false
50,1.0,169.17070054077823,80.30639290099083,1.2866461456086142,1.3615230660029312,168.52258892895944,169.80923507456805,79.62651197310501,80.98803503910794,false,false
50,1.0,169.1612682004938,80.24077393420384,1.3386381628781692,1.3342259946134618,168.49767945582857,169.83631761870674,79.56537550826073,80.89960150287419,false,false
50,1.0,169.13612728225434,80.33136352721286,1.3714559924821117,1.3233720601482446,168.45528261855722,169.82673861103933,79.6573592643069,80.98073132445515,false,false
50,1.0,169.14685234677216,80.32935492155636,1.3337183979700171,1.368029519403919,168.49090553354114,169.82462393151116,79.62860669854115,80.99663621794507,false,false
50,1.0,169.1464376715321,80.24559310281067,1.3602122438878723,1.3681793499451231,168.4571443276784,169.81735657156628,79.5689933568585,80.93717270680362,false,false
50,1.0,169.1686728440531,80.30728975920967,1.3710857510331778,1.3419889046529647,168.4818684599848,169.852954211018,79.63985732437266,80.98184622902562,false,false
50,1.0,169.19424389863684,80.28589166569319,1.3699512242675667,1.3611478070307612,168.4846417259307,169.85459295019825,79.61111133905491,80.97225914608568,false,false
50,1.0,169.17642365077,80.28427475651026,1.3310576543277364,1.3534475648182678,168.51537103139745,169.8464286857252,79.59642663323469,80.94987419805295,false,false
50,1.0,169.1423236532608,80.32053313183567,1.3304892050785497,1.359033564263484,168.47814571544188,169.80863492052043,79.62037762278518,80.97941118704867,false,false
50,1.0,169.1457756139361,80.29184423791881,1.3819458239507014,1.3533878677857842,168.45385436830517,169.83580019225587,79.61797271142835,80.97136057921414,false,false
50,1.0,169.1313216296165,80.3175118770937,1.326349373213617,1.368769581823301,168.49469990311175,169.82104927632537,79.63002729041072,80.99879687223402,false,false
50,1.0,169.1453080657332,80.29876368455731,1.32983711574758,1.3730999847022787,168.4752831553461,169.80512027109367,79.61067185847219,80.98377184317447,false,false
50,1.0,169.19163643321457,80.20190159137036,1.3646006451732546,1.3534169227045965,168.48244941911517,169.84705006428842,79.54269916569251,80.89611608839711,false,false
50,1.0,169.16621016860165,80.3282365382139,1.3669265044387942,1.3238100018594139,168.47985399689762,169.8467805013364,79.68156779269434,81.00537779455375,false,false
50,1.0,169.1754204365538,80.35210265967471,1.3647855724913995,1.2772837991992105,168.4768247705787,169.8416103430701,79.71803077940218,80.9953145786014,false,false
50,1.0,169.14566115387424,80.34439385627877,1.3218755258057797,1.3185688199935015,168.48735048043517,169.80922600624095,79.67759334714727,80.99616216714077,false,false
50,1.0,169.15058966816878,80.3065453300677,1.3910567155689364,1.349480426159829,168.45975419584377,169.8508109114127,79.62258777061719,80.97206819677702,false,false
50,1.0,169.15874675396645,80.3479984078979,1.3602745511227,1.3613429051111439,168.47883277470095,169.83910732582365,79.66121801964803,81.02256092475918,false,false
50,1.0,169.14663912326398,80.27037771229138,1.3785298925216125,1.3420273900540565,168.46832871668724,169.84685860920885,79.61061916044605,80.9526465505001,false,false
50,1.0,169.1542313788713,80.34883041942102,1.3679689033265845,1.34678858594323,168.46717325916495,169.83514216249154,79.6860616500655,81.03285023600873,false,false
50,1.0,169.14414652073023,80.27265319540072,1.3601083928693072,1.360607780699027,168.47034408609363,169.83045247896294,79.6012735648526,80.96188134555163,false,false
50,1.0,169.16456554024433,80.28778289435628,1.331404498281529,1.383184078803822,168.49113476305956,169.8225392613411,79.61693205292683,81.00011613173065,false,false
50,1.0,169.13747385011857,80.31689075396986,1.380785718647445,1.3142572548753577,168.45683699316615,169.8376227118136,79.66052257823603,80.97477983311138,false,false
50,1.0,169.15470906866656,80.2950621539675,1.3453723787510512,1.3540905868286615,168.47966104634978,169.82503342510083,79.60995398059637,80.96404456742503,false,false
50,1.0,169.15812755542836,80.26396238583499,1.3931749855683222,1.330590471713748,168.47108468543453,169.86425967100286,79.58963640226665,80.9202268739804,false,false
50,1.0,169.1563597903945,80.32883787121514,1.3605038980725226,1.3346508853947938,168.4799973966194,169.84050129469193,79.65252779771018,80.98717868310497,false,false
50,1.0,169.16423241588996,80.3138198912322,1.3497073295403368,1.3319428791333934,168.4986433788776,169.84835070841794,79.6488409868104,80.98078386594379,false,false
50,1.0,169.16243235566643,80.29761514067152,1.353784720542734,1.341465299671313,168.47604499494227,169.829829715485,79.61639324735293,80.95785854702424,false,false
50,1.0,169.14402432424305,80.28463342163752,1.3465074486333037,1.3055631096278404,168.47542939587754,169.82193684451084,79.63565267489619,80.94121578452403,false,false
50,1.0,169.17728434990744,80.33561419028173,1.3460844518922386,1.3301578297382122,168.493765111683,169.83984956357523,79.66739959654161,80.99755742627983,false,false
50,1.0,169.13946580269217,80.26782938874791,1.378336910844581,1.3578876415724466,168.4527390123264,169.83107592317097,79.57039386436018,80.92828150593263,false,false
50,1.0,169.16920786619187,80.30389079361227,1.3232184167871424,1.3510514585758102,168.50405964417897,169.8272780609661,79.60990142558377,80.96095288415958,false,false
50,1.0,169.1530076574936,80.25571866180402,1.3607929001199182,1.353108196130961,168.46659897461478,169.8273918747347,79.57478409438235,80.92789229051331,false,false
50,1.0,169.14305798631224,80.29433099939654,1.3229196107266148,1.3394142259217006,168.48406662181048,169.8069862325371,79.6189995492612,80.9584137751829,false,false
50,1.0,169.1561354720438,80.31751521977534,1.3580062539550113,1.3434927306125672,168.4800781337463,169.83808438770131,79.64276007914188,80.98625280975445,false,false
50,1.0,169.16009218305334,80.26822875415644,1.3424715025434182,1.3619730872426743,168.48965832120282,169.83212982374624,79.5867699992224,80.94874308646507,false,false
50,1.0,169.15608706355326,80.27270284913874,1.3881289708720885,1.3628355102655405,168.4817720713576,169.86990104222969,79.61044263524948,80.97327814551502,false,false
50,1.0,169.14504329759356,80.32150874602434,1.3808028224698319,1.3388772121991934,168.44631467630515,169.82711749877498,79.66192519585704,81.00080240805623,false,false
50,1.0,169.14390945634102,80.2710614075591,1.3935611929759943,1.3603970554462421,168.46024699136933,169.85380818434533,79.59161400381913,80.95201105926537,false,false
50,1.0,169.1723241024862,80.30478889383309,1.343189583601145,1.3256760160742829,168.48831177214686,169.831501355748,79.63599418844977,80.96167020452405,false,false
50,1.0,169.1502104847702,80.2971157185167,1.3639000163410344,1.3297718857665473,168.46735950086378,169.8312595172048,79.64187048858594,80.97164237435248,false,false
50,1.0,169.1636847329408,80.29529498016404,1.3808041886456692,1.3042617029401242,168.46916469924105,169.84996888788672,79.65098238443153,80.95524408737165,false,false
50,1.0,169.1281738544296,80.31250908680352,1.356688543763397,1.354692612837411,168.47403908714801,169.8307276309114,79.64101544683511,80.99570805967252,false,false
50,1.0,169.14695390366148,80.27488996196769,1.342974250017221,1.3076498719607628,168.47969395510978,169.822668205127,79.61461484172355,80.92226471368431,false,false
50,1.0,169.1703157210086,80.30478756734527,1.3864260452114365,1.3543874016179984,168.45535696211198,169.84178300732341,79.62287152887332,80.97725893049132,false,false
50,1.0,169.17810058377907,80.25776508672328,1.3627436561486945,1.3410659160760332,168.49425361175236,169.85699726790105,79.59114869900105,80.93221461507709,false,false
50,1.0,169.1581502141728,80.30204690921785,1.340398605443653,1.3343156397529583,168.4864501088318,169.82684871427546,79.63244233072876,80.96675797048172,false,false
50,1.0,169.13743406687774,80.2992926596463,1.4068884665045402,1.3537170392451827,168.43273772061175,169.8396261871163,79.63370365038448,80.98742068962966,false,false
50,1.0,169.1480713957356,80.36412365546478,1.3196953791808426,1.3668297627868071,168.50411800144178,169.82381338062262,79.67087742204777,81.03770718483457,false,false
50,1.0,169.15440701780136,80.29854514594425,1.3003126406288743,1.327161630625227,168.51549806022518,169.81581070085406,79.6325744668195,80.95973609744473,false,false
50,1.0,169.1508302877898,80.300282108059,1.3861631662414027,1.323283341304716,168.4472200869753,169.8333832532167,79.64453142613434,80.96781476743905,false,false
50,1.0,169.1514715064472,80.24874975821577,1.3337545746065587,1.360408326761359,168.47466596618858,169.80842054079514,79.55583304848213,80.91624137524349,false,false
50,1.0,169.14241887155617,80.30210658977373,1.350185366497584,1.3508256012456883,168.4709266857929,169.8211120522905,79.62506743603096,80.97589303727665,false,false
50,1.0,169.16011947643426,80.25951273640302,1.3612874515856959,1.393492796826152,168.47896468180508,169.84025213339078,79.57463221677061,80.96812501359676,false,false
50,1.0,169.1803896068604,80.23847537175655,1.3712063049318886,1.3393621454723927,168.48059692447316,169.85180322940505,79.57857026171158,80.91793240718397,false,false
50,1.0,169.167822724803,80.30234761565995,1.3787784324422603,1.357940333644379,168.46712204261647,169.84590047505873,79.61490085721674,80.97284119086112,false,false
50,1.0,169.14290312405927,80.26380740729581,1.3168295636926075,1.3187855657376133,168.49704301697207,169.81387258066468,79.62030426587566,80.93908983161327,false,false
50,1.0,169.17769960696398,80.30551978811675,1.317437821098224,1.3363530504917236,168.51062628947847,169.8280641105767,79.63201054496123,80.96836359545296,false,false
50,1.0,169.17147639327226,80.30476921695366,1.3529387675670534,1.3253530682924861,168.48691245012847,169.83985121769553,79.6385762255004,80.96392929379289,false,false
50,1.0,169.19089665814698,80.26558748430921,1.3672702701535115,1.347421798755505,168.501174372546,169.8684446426995,79.5981099437032,80.9455317424587,false,false
50,1.0,169.17054048183098,80.27155963879702,1.3569777274758223,1.3625784785147346,168.47548034851422,169.83245807599005,79.59612854033918,80.95870701885391,false,false
50,1.0,169.15815172445912,80.32533710656315,1.333988704893983,1.3486934784379798,168.4712337081862,169.80522241308017,79.64159641111547,80.99028988955345,false,false
50,1.0,169.16160980123192,80.29334271523587,1.3648387338447776,1.342772068383269,168.45256100369258,169.81739973753736,79.61824042662988,80.96101249501315,false,false
50,1.0,169.1610714310545,80.35024523460581,1.3296337797625597,1.3595959157305089,168.48141246648981,169.81104624625237,79.66454694576365,81.02414286149416,false,false
50,1.0,169.13363435135395,80.26873665474639,1.39015704594226,1.2974639056214698,168.44941793137724,169.8395749773195,79.63946603274314,80.93692993836461,false,false
50,1.0,169.1647911456011,80.27349104109761,1.3397530373652558,1.3406917010158566,168.49245508287493,169.83220812024018,79.61282672717157,80.95351842818742,false,false
50,1.0,169.16790484213243,80.27995669803076,1.374407416246811,1.3785968593057447,168.47899986220767,169.85340727845448,79.59380285495435,80.97239971426009,false,false
50,1.0,169.18277446659894,80.26601470812803,1.3928014950186025,1.3276414632727125,168.47772625905316,169.87052775407176,79.59679225027615,80.92443371354886,false,false
50,1.0,169.14975172292588,80.26078651096368,1.385617807384989,1.336372821272775,168.45965483650124,169.84527264388623,79.5826140781596,80.91898689943237,false,false
50,1.0,169.149002357289,80.3205099010199,1.350753324318049,1.3866330561057367,168.47416423263,169.82491755694804,79.62630061582847,81.0129336719342,false,false
50,1.0,169.16191190801914,80.3067567155956,1.35357234382181,1.366962727777306,168.4910471726664,169.84461951648822,79.63202112013663,80.99898384791393,false,false
50,1.0,169.14733652936852,80.22233808480391,1.3298290740577272,1.3793266058203244,168.48954069929405,169.81936977335178,79.53120252441138,80.91052913023171,false,false
50,1.0,169.12805493566577,80.27952602124958,1.3904442984486707,1.3393431222743573,168.44720096813978,169.83764526658845,79.624040486031,80.96338360830536,false,false
50,1.0,169.15349093407073,80.2737035937118,1.368362861660728,1.3506893937528446,168.45712130353144,169.82548416519217,79.59417525579195,80.9448646495448,false,false
50,1.0,169.16156219867224,80.37104030000862,1.3396844183185124,1.3341178877672633,168.48286670346337,169.82255112178188,79.67909881982206,81.01321670758932,false,false
50,1.0,169.1446729764992,80.29242240869108,1.3756819655635582,1.3396422783917075,168.4496708683766,169.82535283394014,79.61651943978013,80.95616171817184,false,false
50,1.0,169.1455651218606,80.32917110335364,1.3707371395210828,1.3742276096624266,168.47402750128518,169.84476464080626,79.65341347251345,81.02764108217588,false,false
50,1.0,169.15591347214348,80.27731114915157,1.3646317065375513,1.3294282752719937,168.48424869183938,169.84888039837693,79.61540258161382,80.94483085688582,false,false
50,1.0,169.1413846585416,80.31483029288731,1.3547802772372677,1.354713388717471,168.44881296355425,169.8035932407915,79.64386704708382,80.99858043580129,false,false
50,1.0,169.14284406434732,80.31377985464152,1.3764777785796696,1.32095881773067,168.45794496136074,169.8344227399404,79.65498318740725,80.97594200513792,false,false
50,1.0,169.16026468977532,80.32695411955902,1.35883453710494,1.357483532890484,168.48214438027043,169.84097891737537,79.64366213984873,81.00114567273921,false,false
50,1.0,169.1464136982664,80.2842528559697,1.3438308361270117,1.3577091384765936,168.48133815308114,169.82516898920815,79.62572427496104,80.98343341343764,false,false
50,1.0,169.16306611835446,80.32610583348847,1.3698406642022007,1.3582424632314627,168.48044955948814,169.85029022369034,79.63946767333738,80.99771013656884,false,false
50,1.0,169.16978175597734,80.24341519218174,1.3165914864987371,1.3591333582244403,168.51608460459346,169.8326760910922,79.5722707871337,80.93140414535814,false,false
50,1.0,169.18487430893748,80.3014021576054,1.361651978420639,1.3556263367774761,168.5037442246263,169.86539620304694,79.6232728799445,80.97889921672197,false,false
50,1.0,169.1615159815478,80.24862127062099,1.3657690413539854,1.329599689818636,168.48467142060494,169.85044046195893,79.59772722132115,80.92732691113979,false,false
50,1.0,169.15253403430253,80.29667374129562,1.3639950902052647,1.4000754124800778,168.47913059536643,169.8431256855717,79.6047511387803,81.00482655126038,false,false
50,1.0,169.14340406048106,80.27672496542064,1.3679852645574613,1.336966166541174,168.46612965373853,169.834114918296,79.61110528951701,80.94807145605819,false,false
50,1.0,169.1404302159951,80.30826218513442,1.3226412235860892,1.3223189456344073,168.4841295581543,169.8067707817404,79.65798388303028,80.98030282866469,false,false
50,1.0,169.15457763100386,80.26449759334582,1.3686503817294806,1.3251709600490358,168.47813320793733,169.8467835896668,79.61447551604354,80.93964647609258,false,false
50,1.0,169.1578045660931,80.28603986526082,1.3462779276568426,1.3442054635809484,168.4871606986921,169.83343862634894,79.61729062406084,80.96149608764179,false,false
50,1.0,169.17536166303273,80.25946258873267,1.3399183703598965,1.2894596159626701,168.50830198009027,169.84822035045016,79.62749296163669,80.91695257759936,false,false
50,1.0,169.14659454182805,80.28605804367744,1.3704063126222081,1.3344646938306397,168.46855242417485,169.83895873679705,79.61857419846855,80.95303889229919,false,false
50,1.0,169.17621287164292,80.36231013011792,1.312740647333527,1.3491638409512916,168.51947216415527,169.8322128114888,79.70142362101112,81.05058746196241,false,false
50,1.0,169.164136635072,80.30664790353369,1.3459573724159384,1.3055243196616857,168.47404211218853,169.81999948460447,79.63669596430461,80.9422202839663,false,false
50,1.0,169.1552675595531,80.3192812891798,1.3461523643748308,1.3576602594368694,168.47598521637383,169.82213758074866,79.6249803253915,80.98264058482837,false,false
50,1.0,169.1601157903391,80.28317823964633,1.3748529672072891,1.3441402461874503,168.46602816595822,169.8408811331655,79.60336781812148,80.94750806430893,false,false
50,1.0,169.1703018755597,80.33567526551408,1.3848426696438025,1.3448618249936288,168.4728939897725,169.8577366594163,79.66258495708195,81.00744678207558,false,false
50,1.0,169.15030335294517,80.30290617593543,1.3383749132030403,1.3817637803932428,168.49218082096047,169.8305557341635,79.61416323560269,80.99592701599593,false,false
50,1.0,169.1663552726597,80.2733970868338,1.345570820440173,1.3541521456409384,168.48368101912024,169.8292518395604,79.61050834711311,80.96466049275405,false,false
50,1.0,169.16074665892455,80.29400650461602,1.350000858496486,1.3329893552522663,168.48204389721843,169.83204475571492,79.62882652823657,80.96181588348884,false,false
50,1.0,169.17607095676,80.35351390826051,1.3310716912723706,1.3491739950369634,168.49870017706178,169.82977186833415,79.67402295406698,81.02319694910395,false,false
50,1.0,169.15989682885703,80.27885811572493,1.3592266264852242,1.3495240851102608,168.48846519993648,169.8476918264217,79.60051820988119,80.95004229499145,false,false
50,1.0,169.1450788647752,80.24555381924868,1.3809125007980185,1.3270417230557854,168.45189171125529,169.8328042120533,79.58477599832285,80.91181772137864,false,false
50,1.0,169.15414769186052,80.26963571480005,1.3296022674755363,1.3567761623782957,168.49514159284027,169.8247438603158,79.59681638219602,80.95359254457432,false,false
50,1.0,169.15471142802494,80.3311057549427,1.3389954305509377,1.3149574219243334,168.48995521758445,169.8289506481354,79.66117810886736,80.9761355307917,false,false
50,1.0,169.15596454475997,80.26512418285557,1.3565203774672625,1.3442089939444486,168.4798363097765,169.83635668724375,79.61403038717174,80.95823938111619,false,false
50,1.0,169.13959511625706,80.29957094563731,1.3463997381292074,1.3346669484475484,168.46961707004934,169.81601680817855,79.63762123489178,80.97228818333933,false,false
50,1.0,169.1586103317522,80.21559590202938,1.3397712998109625,1.374437204382673,168.47469763567176,169.81446893548272,79.53887693906108,80.91331414344376,false,false
50,1.0,169.15548920152608,80.25781649470795,1.3736450363317658,1.3127742240055795,168.47442946511697,169.84807450144874,79.60921061375123,80.92198483775681,false,false
50,1.0,169.13571125641184,80.33983858311606,1.331554615975051,1.3369859122632874,168.4681920522221,169.79974666819714,79.66795802836123,81.00494394062451,false,false
50,1.0,169.15386967642422,80.25760094910973,1.33658800661712,1.3455580378755059,168.481928018054,169.8185160246711,79.5801832191558,80.9257412570313,false,false
50,1.0,169.143037597172,80.31577533977728,1.3466111671144176,1.3739035698764468,168.48194781524793,169.82855898236235,79.61277390689033,80.98667747676677,false,false
50,1.0,169.1608305869154,80.27386570390956,1.3919805989315819,1.3360941675044273,168.44349930756397,169.83547990649555,79.62144662248026,80.95754078998469,false,false
50,1.0,169.15123719197308,80.35398302189984,1.3630321506086602,1.3475731905115964,168.4701803925409,169.83321254314956,79.68777760543932,81.03535079595092,false,false
50,1.0,169.1449513486411,80.30105977969635,1.3595633644966938,1.3233979681901502,168.4772756813495,169.8368390458462,79.64424037346741,80.96763834165756,false,false
50,1.0,169.15479989472834,80.2439983681802,1.3705845845063607,1.3649122893859271,168.4763617839966,169.84694636850296,79.56275642268994,80.92766871207587,false,false
50,1.0,169.1685632831795,80.30773125792095,1.335094405908933,1.334003785274362,168.50752941511794,169.84262382102688,79.64489548284885,80.97889926812321,false,false
50,1.0,169.1531952618809,80.28024786854954,1.3454447915781031,1.3489241607089895,168.47206330568721,169.81750809726532,79.61126514798447,80.96018930869346,false,false
50,1.0,169.15058147918117,80.29175915068629,1.3249221361842842,1.380540823362196,168.48551265262333,169.8104347888076,79.5947795659459,80.9753203893081,false,false
50,1.0,169.152177184528,80.30580670620469,1.334681027309756,1.3450440949738436,168.49131649054848,169.82599751785824,79.6397221215458,80.98476621651965,false,false
50,1.0,169.1341935319216,80.3071464557774,1.3414358185290212,1.3399688311058924,168.48822457925527,169.8296603977843,79.63798166769183,80.97795049879772,false,false
50,1.0,169.16802610815608,80.2034710770595,1.3252918545183832,1.3506727836476813,168.50338528327748,169.82867713779586,79.53442794552929,80.88510072917697,false,false
50,1.0,169.142471120099,80.2908273480551,1.3395733049145235,1.3606856414971844,168.481306097895,169.8208794028095,79.60703607448444,80.96772171598163,false,false
50,1.0,169.16677361836074,80.3223757613183,1.3457874385643436,1.3367205609722248,168.48734533984316,169.8331327784075,79.64859107315287,80.9853116341251,false,false
50,1.0,169.15755797470314,80.19937098082818,1.3405445448348985,1.3390680048956796,168.49296380431372,169.83350834914862,79.51876945585498,80.85783746075066,false,false
50,1.0,169.1709217842377,80.2931080698792,1.406701003221741,1.3569474693161396,168.4630143917736,169.86971539499535,79.61116436904837,80.9681118383645,false,false
50,1.0,169.14670381420876,80.35260024182611,1.3871330270538351,1.3262474385154803,168.46137270118018,169.84850572823402,79.6781567234884,81.00440416200388,false,false
50,1.0,169.15801549420377,80.2895258782886,1.3522145649054096,1.3532181730566037,168.47698379814932,169.82919836305473,79.59074158837727,80.94395976143387,false,false
50,1.0,169.1414066894909,80.30086543872005,1.3350041999970017,1.3234291733186865,168.4819843846479,169.8169885846449,79.62756054519423,80.95098971851291,false,false
50,1.0,169.14539973260696,80.25290688822002,1.3477224297038504,1.32243113552083,168.48663551354662,169.83435794325047,79.60129879870632,80.92372993422715,false,false
50,1.0,169.13605124747983,80.30780143191814,1.3971036070777814,1.3389380742272863,168.4440535863294,169.84115719340718,79.63667521062291,80.9756132848502,false,false
50,1.0,169.12681125170144,80.27999036899854,1.3480604259486597,1.380026512576734,168.4534001415772,169.80146056752585,79.59821057646592,80.97823708904265,false,false
50,1.0,169.15762997183725,80.27383782873784,1.3522340509720436,1.3704204318802624,168.48305734619996,169.835291397172,79.58054734513058,80.95096777701085,false,false
50,1.0,169.1554814827325,80.33208939376013,1.3992701956641156,1.3517297457073738,168.4616415439476,169.8609117396117,79.65333703193357,81.00506677764095,false,false
50,1.0,169.1465308274823,80.26730482416508,1.3624404627108788,1.3620565514447662,168.46193923930343,169.8243797020143,79.59071011436387,80.95276666580864,false,false
50,1.0,169.1313495653494,80.2606840619026,1.3279475986570333,1.334706053364414,168.4759757625302,169.80392336118723,79.59366125770804,80.92836731107245,false,false
50,1.0,169.15280287874674,80.32410844097674,1.3442526109358823,1.3239361483330754,168.483425685204,169.82767829613988,79.66125173418558,80.98518788251866,false,false
50,1.0,169.15113261715248,80.2803423079585,1.358026419326535,1.3322946442703198,168.4706519546849,169.82867837401145,79.59966740651853,80.93196205078885,false,false
50,1.0,169.1546935335641,80.3218817753233,1.3418818530863064,1.368893392589058,168.47493397939968,169.816815832486,79.62724562762054,80.9961390202096,false,false
50,1.0,169.1511636184697,80.30866479678933,1.3615581505292766,1.3386675488810766,168.47089469737014,169.83245284789942,79.62879374112342,80.9674612900045,false,false
50,1.0,169.15468175036347,80.26176973417586,1.3953511650940413,1.3296340384925145,168.44455821446815,169.8399093795622,79.6124217000897,80.94205573858221,false,false
50,1.0,169.14752011908155,80.2380453831582,1.360406314851872,1.3451360055685626,168.46622681280354,169.8266331276554,79.58077144483671,80.92590745040528,false,false
50,1.0,169.17058911501107,80.28444809391044,1.3479862306296297,1.3373858774985905,168.4766078716217,169.82459410225133,79.61544157323705,80.95282745073564,false,false
50,1.0,169.14564563128522,80.28770902687202,1.3344569324199256,1.3520431401802284,168.47088476836137,169.8053417007813,79.61842328092526,80.97046642110548,false,false
50,1.0,169.16381619703856,80.27525787988563,1.3371235980638403,1.3429560867400312,168.49736185327424,169.83448545133808,79.60525659641208,80.94821268315211,false,false
50,1.0,169.15222959406097,80.27171534950354,1.3229731822485746,1.311110594426438,168.47198769913078,169.79496088137935,79.6275317038604,80.93864229828684,false,false
50,1.0,169.13279122453002,80.2641308403127,1.3718697106201603,1.3367524166496594,168.44792408971952,169.81979380033968,79.58517384068733,80.92192625733699,false,false
50,1.0,169.16862366182949,80.23625477718801,1.3592097741705231,1.344544146308877,168.4644031648535,169.82361293902403,79.56264542828508,80.90718957459396,false,false
50,1.0,169.16913450829747,80.26257281542894,1.3806161352648019,1.3351949466388788,168.46464882086298,169.84526495612778,79.59991147568775,80.93510642232663,false,false
50,1.0,169.15865024172155,80.30781098366292,1.349802983765727,1.332974728360469,168.4733459306263,169.82314891439202,79.652324524784,80.98529925314448,false,false
50,1.0,169.1594880964443,80.29563484113942,1.3614156041236924,1.3580661176781774,168.46940898671915,169.83082459084284,79.61312041175167,80.97118652942984,false,false
50,1.0,169.16463811620153,80.32563011990796,1.3865011900472837,1.3892653535359045,168.4625551601556,169.8490563502029,79.64351642348952,81.03278177702542,false,false
50,1.0,169.15017801529706,80.28585161574225,1.345839688084709,1.356772382659173,168.48133485347333,169.82717454155804,79.6092753537539,80.96604773641307,false,false
50,1.0,169.14886093825947,80.34426234843836,1.3885193221637167,1.375893078532286,168.45344305892516,169.84196238108888,79.65760770114002,81.03350077967231,false,false
50,1.0,169.1543044316503,80.2529845327235,1.3600849647318114,1.3300912445923245,168.46886968965623,169.82895465438804,79.60272139257022,80.93281263716254,false,false
50,1.0,169.15697640233603,80.28371787435518,1.345059033276243,1.280610025455772,168.46472941085852,169.80978844413477,79.65311638353568,80.93372640899145,false,false
50,1.0,169.16075472203198,80.30846807518043,1.3404055756532784,1.3559181495544976,168.4907304265659,169.83113600221918,79.63361353354496,80.98953168309946,false,false
50,1.0,169.1534579727929,80.30003524295705,1.3418931472690474,1.3358026638474598,168.48080098030323,169.82269412757228,79.64862502850629,80.98442769235375,false,false
50,1.0,169.17141613687508,80.28962677045152,1.3303315146931425,1.3629054039990223,168.504863479655,169.83519499434814,79.61557376668567,80.9784791706847,false,false
50,1.0,169.17795604145448,80.27662345507049,1.3881928520204383,1.3781637736785228,168.47503143340487,169.8632242854253,79.58150368819683,80.95966746187536,false,false
50,1.0,169.1744372854351,80.3384762252105,1.3253416369966544,1.3224164595992391,168.5157430583959,169.84108469539257,79.67208820219197,80.99450466179121,false,false
50,1.0,169.1404347825233,80.25666409186614,1.3572007574175302,1.3218099699304275,168.4681046749886,169.82530543240614,79.60725034597556,80.92906031590599,false,false
50,1.0,169.13042986404133,80.25542990831633,1.3412394842437152,1.3293516670161551,168.479018450085,169.8202579343287,79.6104695533318,80.93982122034795,false,false
50,1.0,169.1405863850127,80.33218905815423,1.353605010305273,1.345582696325934,168.46684889739282,169.8204539076981,79.65853227092407,81.00411496725,false,false
50,1.0,169.16816738204528,80.2768299674756,1.375506891627026,1.3403458639036785,168.4767831818598,169.8522900734868,79.61255673163654,80.95290259554022,false,false
50,1.0,169.15587704762808,80.3573410719383,1.3174385744789845,1.3534820874633766,168.49294659024034,169.81038516471932,79.68278753838898,81.03626962585236,false,false
50,1.0,169.1670421851889,80.3451516381252,1.3779224954876668,1.3622461177075422,168.47067621474957,169.84859871023724,79.66963480179936,81.0318809195069,false,false
50,1.0,169.16228266236027,80.28587185767903,1.367061903852516,1.321427366911223,168.47260080941572,169.83966271326824,79.6311747852112,80.95260215212242,false,false
50,1.0,169.15129629853655,80.30915120348345,1.3466113849569012,1.3634902653889753,168.4830678896255,169.8296792745824,79.63630152495718,80.99979179034615,false,false
50,1.0,169.1691917164398,80.25029565834666,1.3666626599338372,1.3525847548775118,168.4739536467443,169.84061630667813,79.58201131773076,80.93459607260827,false,false
50,1.0,169.1731532952573,80.29209809197017,1.3542869476497117,1.321833946074534,168.49326555185803,169.84755249950774,79.63146106562425,80.95329501169878,false,false
50,1.0,169.14214756231337,80.30493118741194,1.3596464647177129,1.33436590118788,168.47195225863996,169.83159872335767,79.63552791539459,80.96989381658247,false,false
50,1.0,169.1665132338715,80.23897535290655,1.3422146923437879,1.3180104532409302,168.49850803384646,169.84072272619025,79.57807210994474,80.89608256318567,false,false
50,1.0,169.16924956853563,80.28890647375147,1.3265849640285126,1.3370256538749317,168.49438014010607,169.8209651041346,79.61802972143019,80.95505537530512,false,false
