ndata,sigma,theta1_median,theta2_median,theta1_iqrs,theta2_iqrs,quartiles1_1,quartiles3_1,quartiles1_2,quartiles3_2,theta1_coverage,theta2_coverage
500,20.0,150.03960178240564,99.86520086079229,0.07373966378585806,0.5526825900437586,150.01154036875627,150.08528003254213,99.54079454886778,100.09347713891154,false,true
500,20.0,150.03839162120397,101.1098229012303,0.0768883876238533,0.7351094198702839,150.01085898094186,150.08774736856572,100.70793684235132,101.4430462622216,false,false
500,20.0,150.00871439577503,100.73978832070466,0.0732177005644985,0.5976978298466378,149.9828507864288,150.0560684869933,100.39992691802976,100.9976247478764,true,false
500,20.0,150.00598904459102,99.62365744311376,0.07401803730982692,0.5522397249399376,149.97612820456504,150.05014624187487,99.31160040975487,99.86384013469481,true,false
500,20.0,149.9595771122655,100.246874898842,0.06964396328586986,0.7026479868388691,149.93458973580215,150.00423369908802,99.86106084642635,100.56370883326522,true,true
500,20.0,149.86642238971848,100.06686533977015,0.07442127552408806,0.7331301611288552,149.83961795874438,149.91403923426847,99.66189739507907,100.39502755620792,false,true
500,20.0,149.97276764590967,99.84780684487347,0.07201467053573651,0.6374264733745036,149.9467657988393,150.01878046937503,99.47950361620873,100.11693008958324,true,true
500,20.0,149.95996847907895,99.74107631727694,0.07324245644051075,0.5791518903800892,149.93375508879927,150.00699754523978,99.40985082075697,99.98900271113706,true,false
500,20.0,149.93188020389806,100.0759838023481,0.07198482643661919,0.6030071164852586,149.90462447407378,149.9766093005104,99.74324714296795,100.3462542594532,false,true
500,20.0,149.99328349873906,100.12049500337073,0.07566852815344305,0.38969722723599887,149.96578723360372,150.04145576175716,99.89137410139581,100.28107132863181,true,true
500,20.0,150.03786195580017,100.48544318911398,0.07131279237256649,0.511777855272129,150.01167393598746,150.08298672836003,100.19102826825844,100.70280612353056,false,false
500,20.0,150.03557339242084,99.8825817629719,0.07173996809012806,0.572128256645982,150.00880131447195,150.08054128256208,99.55012764615535,100.12225590280133,false,true
500,20.0,150.0180191524785,100.0640725364639,0.07358861587229626,0.6426868039661002,149.99149590098585,150.06508451685815,99.70963542793068,100.35232223189678,true,true
500,20.0,150.02761300500765,100.1756629202105,0.07289335848548717,0.5538016128630829,150.00028046858267,150.07317382706816,99.85743318115607,100.41123479401915,false,true
500,20.0,149.90673785050592,101.27159653654066,0.07011577317626916,0.516907722410707,149.88001155660038,149.95012732977665,100.96860050959211,101.48550823200281,false,false
500,20.0,149.9015074212591,99.92030454742209,0.0724706503098389,0.5228579483150213,149.8747215374583,149.94719218776814,99.61808300073604,100.14094094905106,false,true
500,20.0,150.03654988992147,99.83260960140088,0.0767421174675178,0.5375791722560592,150.00746298032254,150.08420509779006,99.52101595635789,100.05859512861394,false,true
500,20.0,150.0049670234529,100.272139287207,0.07436085036854934,0.5816110184649261,149.97805930249785,150.0524201528664,99.93709788376606,100.51870890223098,true,true
500,20.0,149.97958786692308,99.74001272269393,0.07012379913828681,0.5998965196477286,149.95344491325903,150.02356871239732,99.39982463399265,99.99972115364038,true,false
500,20.0,150.03561493911027,99.93984606406053,0.07462960322610002,0.5291574370991867,150.00554157589048,150.08017117911658,99.6259262959483,100.15508373304749,false,true
500,20.0,149.93253458919526,99.32565053486081,0.07607089120793376,0.705307286693241,149.90509407311853,149.98116496432647,98.94890124647948,99.65420853317272,false,false
500,20.0,150.03209195732623,99.89115665627716,0.07096410958820343,0.42105714712813835,150.00555414574865,150.07651825533685,99.64642375727435,100.06748090440249,false,true
500,20.0,150.02823096083137,99.94733428287788,0.06791571955312747,0.5309783191953983,150.00303534436532,150.07095106391844,99.62967971478614,100.16065803398153,false,true
500,20.0,149.90589265835456,100.04842985987798,0.07414527018511308,0.7463826631737618,149.8774887365821,149.95163400676722,99.63854175560611,100.38492441877987,false,true
500,20.0,150.04402225502912,101.23419428655083,0.07364665708274742,0.5641580890817579,150.01658686838448,150.09023352546723,100.92809226971825,101.4922503588,false,false
500,20.0,149.98569484662437,99.83730860887849,0.07581236652160328,0.6473223972071906,149.95824558196796,150.03405794848956,99.47511371112522,100.12243610833241,true,true
500,20.0,150.03732197176382,99.99958294545726,0.077495089063774,0.5392571571990175,150.00820526404985,150.08570035311362,99.68379250945448,100.2230496666535,false,true
500,20.0,149.99343424788947,101.58365375328935,0.06993175132473084,0.6568716426716605,149.96833214788805,150.03826389921278,101.21349524556209,101.87036688823375,true,false
500,20.0,150.0227817082885,99.92502528827777,0.07343136684588103,0.6177701509889033,149.99727844014532,150.0707098069912,99.57758195530987,100.19535210629877,true,true
500,20.0,150.03694093754427,99.58361210479853,0.07725613802003295,0.6195743666101947,150.009297094009,150.08655323202905,99.2378809278807,99.85745529449089,false,false
500,20.0,149.98249419996705,99.40146779938185,0.0803418708335073,0.6027502722921128,149.95284050309385,150.03318237392736,99.06912384763416,99.67187411992627,true,false
500,20.0,149.87168690119495,100.56218401032393,0.06926310387098056,0.6006436497682017,149.84585257929865,149.91511568316963,100.22418401435199,100.82482766412019,false,false
500,20.0,149.9835815529176,99.71150058765261,0.07311138520398686,0.4560139261842977,149.95569327506794,150.02880466027193,99.44214087991253,99.89815480609683,true,false
500,20.0,150.02657567070688,100.56629448107176,0.07670543854555945,0.6115798712074678,149.9975420827322,150.07424752127775,100.21088107164286,100.82246094285033,true,false
500,20.0,150.036441268459,99.75472390705535,0.0786432719005461,0.5436086952043411,150.00746771823583,150.08611099013638,99.43981174433463,99.98342043953897,false,false
500,20.0,150.04644420388473,99.7628955384736,0.07516306964055275,0.5609986658237034,150.01869842275414,150.0938614923947,99.43619699578083,99.99719566160454,false,false
500,20.0,150.04018902891386,100.49796590661987,0.07525185367705944,0.8488274076352127,150.01212764436553,150.0873794980426,100.02774232079548,100.8765697284307,false,false
500,20.0,149.95926618450645,99.94235415733542,0.06981822126078896,0.6387041252103813,149.93363458320283,150.00345280446362,99.59618206833845,100.23488619354883,true,true
500,20.0,150.03092990053054,99.7172518084121,0.07290848848660403,0.44631373253966444,150.00334395941636,150.07625244790296,99.45498146946147,99.90129520200114,false,false
500,20.0,149.9661350570251,100.55834238335493,0.07301509440824816,0.5671107861465572,149.93921034001562,150.01222543442387,100.23245839935785,100.79956918550441,true,false
500,20.0,150.0253224369626,100.41063785880638,0.0743503796941809,0.5614041345796466,149.99807162756403,150.0724220072582,100.09593417786212,100.65733831244177,true,false
500,20.0,150.0443482647744,99.91558509838747,0.07314212968751121,0.44406427297298023,150.0179891439636,150.09113127365111,99.65190152301341,100.09596579598639,false,true
500,20.0,149.9656807220926,99.99576288025833,0.07436024217017234,0.5947247500310198,149.93856486667863,150.0129251088488,99.64974502012385,100.24446977015486,true,true
500,20.0,150.03523941497758,99.40661303148265,0.07704663699482239,0.6002688881190323,150.00626573447786,150.0833123714727,99.06567822191819,99.66594711003722,false,false
500,20.0,150.01412903968975,99.9658196483312,0.07393042749362166,0.5629386783892016,149.98534263676183,150.05927306425545,99.65146765398163,100.21440633237083,true,true
500,20.0,149.72289886220696,100.04958124156023,0.07147124439785557,0.6989405090018437,149.69571435955768,149.76718560395554,99.66287251512219,100.36181302412403,false,true
500,20.0,149.96669759040276,99.47554992049768,0.07332696179904019,0.6241345134891674,149.93991531409588,150.01324227589492,99.12528664177134,99.7494211552605,true,false
500,20.0,150.00596081022428,99.73142524691063,0.07285319428675052,0.6296004627598961,149.97952494694636,150.0523781412331,99.3902819166045,100.01988237936439,true,true
500,20.0,149.96947761556362,100.30936553013521,0.07660002550170475,0.491033140321278,149.9411550899531,150.0177551154548,100.0304991916878,100.52153233200907,true,false
500,20.0,149.99071453250218,99.38608138503817,0.07426563699911526,0.7799294327758162,149.96402987736488,150.038295514364,98.95645165783012,99.73638109060593,true,false
500,20.0,150.0220143789589,100.04790443793408,0.07426461662683437,0.4765402813745112,149.9935567666536,150.06782138328043,99.77844359801576,100.25498387939027,true,true
500,20.0,149.99164377249954,99.57769948200425,0.07478113818783072,0.7770284481119916,149.9638112261033,150.03859236429113,99.15151256140797,99.92854100951996,true,false
500,20.0,150.0233623026067,99.4757121582538,0.0740936845397755,0.6917262769598977,149.9957997502134,150.06989343475317,99.08536032592794,99.77708660288783,true,false
500,20.0,149.9945010302875,100.00597701927057,0.07185950862904633,0.6024490820320239,149.96782444280416,150.0396839514332,99.67181642732984,100.27426550936187,true,true
500,20.0,150.03039134737196,99.61616831710697,0.07587257773036526,0.53855802757802,150.00138429404453,150.0772568717749,99.30246067401526,99.84101870159328,false,false
500,20.0,150.04367369510317,100.06244342538758,0.07400294492560988,0.4313142543754225,150.01746829922192,150.09147124414753,99.80956476710398,100.2408790214794,false,true
500,20.0,149.97420391348504,100.53188988747613,0.07456219777469641,0.5337238112913525,149.946154243475,150.0207164412497,100.21674166509959,100.75046547639094,true,false
500,20.0,150.04659793857297,100.15628177010036,0.07184637699288032,0.5114054813775653,150.0197641326347,150.09161050962757,99.86802044551791,100.37942592689548,false,true
500,20.0,150.00377367557937,99.89566265938853,0.08231904033033288,0.7749571417979553,149.97495889749837,150.0572779378287,99.47143577874616,100.24639292054411,true,true
500,20.0,149.9968558441197,100.67818191886349,0.06753773262997242,0.5524835477359176,149.97208544330553,150.0396231759355,100.34605530377928,100.8985388515152,true,false
500,20.0,149.9882034862925,99.94185200035929,0.07698556958897029,0.6445274207013796,149.9609159571544,150.03790152674338,99.57331782365124,100.21784524435262,true,true
500,20.0,149.94134141545845,99.85500673662528,0.07068907783929035,0.5273618863282223,149.91460067096682,149.9852897488061,99.54122384422787,100.0685857305561,false,true
500,20.0,150.0394339952622,100.06044036176762,0.0723965544608518,0.4900759935952266,150.0121927389137,150.08458929337456,99.7709233176727,100.26099931126792,false,true
500,20.0,149.9286611827178,99.74569608849157,0.07029133482939187,0.6813620772634295,149.90203057068302,149.97232190551242,99.3674247089594,100.04878678622283,false,true
500,20.0,150.03270023804578,100.04164860181697,0.07722840384326446,0.6268275208475984,150.00352138268337,150.08074978652664,99.67772911319938,100.30455663404697,false,true
500,20.0,150.0134263355647,100.00217403394336,0.07661304671148628,0.5279136296049103,149.98571664594448,150.06232969265596,99.6975404165452,100.2254540461501,true,true
500,20.0,150.01442032523482,100.08327545152292,0.07140682653712815,0.6427822773716798,149.9891733762552,150.06058020279232,99.71311752581258,100.35589980318426,true,true
500,20.0,149.9617879199622,101.20893113722275,0.06980534751238565,0.7777554059643279,149.93669082575275,150.00649617326513,100.78710334248413,101.56485874844846,true,false
500,20.0,149.62752114432607,100.89552058861571,0.07275252329080217,0.533144982537209,149.60092273429203,149.67367525758283,100.58935197341005,101.12249695594726,false,false
500,20.0,150.03803260714793,100.02923411792463,0.07097184743534513,0.6218155521760025,150.0133137138757,150.08428556131105,99.68061820606604,100.30243375824205,false,true
500,20.0,150.00648754769168,100.85622571761621,0.0771838790408026,0.6652677015954538,149.97945278421267,150.05663666325347,100.49384715050059,101.15911485209604,true,false
500,20.0,150.00927057548762,100.28317955978315,0.07510453100522341,0.5907533501042792,149.9823600114371,150.05746454244232,99.95421725332034,100.54497060342462,true,true
500,20.0,150.00402999933576,100.02503252380009,0.07372300060987413,0.5767647326806298,149.97632937568366,150.05005237629354,99.69755711420063,100.27432184688126,true,true
500,20.0,150.04707901673225,100.63572376506686,0.0768681504899007,0.797457040230654,150.0187966919701,150.09566484246,100.2248464829352,101.02230352316586,false,false
500,20.0,149.99096079836312,100.3756433872081,0.07068863056534269,0.8717330140870274,149.96447585076842,150.03516448133377,99.91081814635112,100.78255116043815,true,true
500,20.0,149.882653046705,99.76981880982967,0.07245230942544367,0.6388833446539337,149.85663705457569,149.92908936400113,99.41544417058076,100.05432751523469,false,true
500,20.0,149.98628615423493,100.4322785938445,0.07271999746913593,0.613920606535018,149.95892983798984,150.03164983545898,100.07956217452747,100.69348278106249,true,false
500,20.0,150.0396534855155,99.9931850826787,0.07370103139643902,0.5679797594517026,150.0121464257979,150.08584745719435,99.66504698819641,100.23302674764811,false,true
500,20.0,150.00437150303227,100.21014246539724,0.07149268633122574,0.6613370026780387,149.97888459155206,150.05037727788329,99.83946745636635,100.50080445904439,true,true
500,20.0,150.01100964004843,100.41534191174586,0.0747462234122338,0.4788284371393843,149.98427637401167,150.0590225974239,100.14187674333583,100.62070518047521,true,false
500,20.0,149.98941862943775,99.62906632996366,0.07312202680279256,0.6431220616477304,149.9627529653813,150.0358749921841,99.29006955603407,99.9331916176818,true,false
500,20.0,150.0397400545223,99.78715703539262,0.07362122537261939,0.5745583961681859,150.01284238093183,150.08646360630445,99.46072125715746,100.03527965332565,false,true
500,20.0,149.91731235707718,99.72451583553976,0.07276696895760892,0.5723799779352987,149.88965093362864,149.96241790258625,99.40961649652488,99.98199647446017,false,false
500,20.0,150.04509282903257,100.14674629037279,0.07526672853410332,0.7134526581822769,150.01653360446488,150.091800332999,99.75267744022915,100.46613009841143,false,true
500,20.0,149.70740311292826,100.2769760688048,0.07130148149963134,0.6504683172008043,149.68025085530286,149.7515523368025,99.92003541091448,100.57050372811528,false,true
500,20.0,149.95643865226054,100.01140838928929,0.07076999644701232,0.512299285308913,149.93101136997717,150.00178136642418,99.71585510217244,100.22815438748135,true,true
500,20.0,149.91284097646178,100.03310060817846,0.07439131957104905,0.6519487714860759,149.88609443153075,149.9604857511018,99.6619337978869,100.31388256937298,false,true
500,20.0,150.03556380529687,99.71876751582961,0.07575321464992157,0.5018933959158858,150.007918134916,150.08367134956592,99.42249181782952,99.92438521374541,false,false
500,20.0,150.036091115549,99.30101240977395,0.07790875359478378,0.7208982685487939,150.00869229278322,150.086601046378,98.90397831676343,99.62487658531222,false,false
500,20.0,149.81755443735267,100.06433029315077,0.07459247209510522,0.7534316530733207,149.79033985011773,149.86493232221284,99.67232878813881,100.42576044121213,false,true
500,20.0,150.0065406112917,99.80102375281058,0.07749030954798286,0.6289418446284998,149.9782327490054,150.05572305855338,99.44301477809411,100.07195662272261,true,true
500,20.0,150.02322273360255,100.72356962079357,0.07049504982870758,0.7749145902823642,149.99733218532606,150.06782723515477,100.29710415328768,101.07201874357004,true,false
500,20.0,149.9941637220304,99.94420724648145,0.07859753783219503,0.486666916783264,149.96471680749391,150.0433143453261,99.65719075678385,100.14385767356711,true,true
500,20.0,150.0427505594733,99.74111426011814,0.07585468092221959,0.5103974052565405,150.013756866443,150.08961154736522,99.45554170654876,99.9659391118053,false,false
500,20.0,149.95891044079673,100.64304797528959,0.07354350330351167,0.6899090200774793,149.9321935399206,150.00573704322412,100.25599480691703,100.94590382699451,true,false
500,20.0,149.84394836803978,100.53805900117112,0.07037278924261159,0.6041985699643106,149.81853260605814,149.88890539530075,100.21020395820562,100.81440252816994,false,false
500,20.0,150.0356813403908,99.92277618424185,0.07843261249678335,0.49806748383279853,150.00570190075894,150.08413451325572,99.63385782153588,100.13192530536868,false,true
500,20.0,150.00977620790385,99.54237955041278,0.07029741136415169,0.5620622357503748,149.9836142509305,150.05391166229464,99.2292847019138,99.79134693766417,true,false
500,20.0,150.0326250475539,99.36574540852854,0.07123379535579488,0.6442842648868492,150.0060169831708,150.0772507785266,99.01106897047882,99.65535323536567,false,false
500,20.0,150.03983733931827,100.25981853814082,0.0725867655744139,0.5250523554440178,150.01326625157103,150.08585301714544,99.96938743722143,100.49443979266545,false,true
500,20.0,149.99642642585923,100.29900079987462,0.07569537176641461,0.6408830093488262,149.9674536333547,150.0431490051211,99.9498776654102,100.59076067475903,true,true
500,20.0,149.9023224548452,100.55485366804254,0.07423189131574759,0.512664215572471,149.8750708319303,149.94930272324603,100.24299851352804,100.75566272910051,false,false
500,20.0,149.9131077661109,100.21229896155779,0.07147332767027592,0.7214733077476012,149.8869021834634,149.95837551113368,99.8174606657661,100.5389339735137,false,true
500,20.0,149.99265431481336,99.7700349653478,0.07536772945564962,0.5197761543111312,149.96508051892562,150.04044824838127,99.47570649224869,99.99548264655982,true,false
500,20.0,149.9857006277399,99.75212905376918,0.07031195375768107,0.5307880336798974,149.96035109377735,150.03066304753503,99.4474093900397,99.97819742371959,true,false
500,20.0,149.90632525884416,100.21743069114234,0.07401126673281055,0.4565864311591099,149.88089667648362,149.95490794321643,99.95138365755423,100.40797008871334,false,true
500,20.0,149.8747503134644,100.08260415727965,0.0738443145884844,0.5058879223985997,149.84871232082952,149.922556635418,99.78184570040918,100.28773362280778,false,true
500,20.0,149.96854410877447,99.92157894230832,0.07445282640412643,0.5577019796577218,149.94119537698202,150.01564820338615,99.61260465754991,100.17030663720763,true,true
500,20.0,149.98728162065754,99.62321731487754,0.07338424180863967,0.6702471642007879,149.96072823716833,150.03411247897697,99.25231560796391,99.9225627721647,true,false
500,20.0,149.96522217200302,100.40848436633527,0.07163311755994073,0.7222544373189947,149.93868343473255,150.0103165522925,99.99185598758346,100.71411042490246,true,true
500,20.0,150.00394863184988,100.50178257701414,0.07097019331854426,0.6124048033746448,149.9778524445664,150.04882263788494,100.17149285012242,100.78389765349706,true,false
500,20.0,149.9301370975223,99.47683652474974,0.07436314105100905,0.5933216083613075,149.9044374537255,149.97880059477652,99.13710043994773,99.73042204830904,false,false
500,20.0,149.93559095143078,99.53093055088263,0.07128598286999477,0.5498496270676867,149.90854882832133,149.97983481119132,99.21761150003141,99.7674611270991,false,false
500,20.0,150.02950041095812,99.99536567562954,0.07286687045223061,0.5394091633275337,150.0019311270084,150.07479799746062,99.68574948796835,100.22515865129589,false,true
500,20.0,150.03763255869333,100.93833963996856,0.07213058451247889,0.6922539625981727,150.01046596833737,150.08259655284985,100.56263967765193,101.2548936402501,false,false
500,20.0,149.984342218076,99.78597129898061,0.07369692925692561,0.5609795321754092,149.95804971825157,150.0317466475085,99.4628813030268,100.02386083520221,true,true
500,20.0,150.0293934503165,99.83871111790499,0.07192773933661556,0.632820974602339,150.00331200466727,150.07523974400388,99.48756101490915,100.12038198951149,false,true
500,20.0,149.96760924276833,100.10704505058797,0.07949511162897238,0.5709853701848289,149.93941586634682,150.0189109779758,99.7923479936686,100.36333336385343,true,true
500,20.0,149.97354977149084,99.99991168716822,0.07683404911645653,0.832267425452045,149.94583474798648,150.02266879710294,99.56318255066621,100.39544997611826,true,true
500,20.0,150.02899576330003,100.08579399696114,0.07352503055022908,0.6765184436249854,150.00262034535368,150.0761453759039,99.71713529663053,100.39365374025552,false,true
500,20.0,149.88937561229557,100.0116043512067,0.07357336482479582,0.8394307318905447,149.86318811309988,149.93676147792468,99.56237584385713,100.40180657574767,false,true
500,20.0,150.04492608870328,99.8489612335674,0.0764201945417824,0.47743602731124213,150.01649189948893,150.0929120940307,99.57575743380931,100.05319346112056,false,true
500,20.0,150.03910051131942,100.25479652235589,0.07493997663365803,0.681363895728893,150.0123996079575,150.08733958459115,99.88824329209285,100.56960718782175,false,true
500,20.0,149.91629400198678,99.7069412115327,0.06672891595607666,0.5341988473944639,149.89069328155483,149.9574221975109,99.3912854766232,99.92548432401766,false,false
500,20.0,150.03001799856318,99.9215601274529,0.07153657715761597,0.5601842982585907,150.00299308112892,150.07452965828654,99.60499050202827,100.16517480028686,false,true
500,20.0,150.02619419468422,99.30714822308471,0.07477911479927002,0.6439197936825849,149.9989457507572,150.07372486555647,98.94470583426948,99.58862562795207,true,false
500,20.0,150.00880793706943,100.24859144183301,0.07398112491409847,0.47933601280753635,149.98106288623427,150.05504401114837,99.98417252464378,100.46350853745132,true,true
500,20.0,150.03092215140728,100.36194985314515,0.07143859487342752,0.4553393232692997,150.00391360242776,150.07535219730119,100.09126636647447,100.54660568974377,false,false
500,20.0,149.98437132342394,100.05749143674453,0.07338656894535234,0.5587383221602238,149.95764470149828,150.03103127044363,99.74637878284295,100.30511710500318,true,true
500,20.0,150.01834588121267,99.86025152778001,0.07274361553129438,0.7390247490715893,149.99158651932015,150.06433013485145,99.45753025543902,100.19655500451061,true,true
500,20.0,149.9656135258673,100.12963423428391,0.07462796239468616,0.5799389435666313,149.93883300883954,150.01346097123422,99.80633205663703,100.38627100020366,true,true
500,20.0,149.99035645878067,100.9249640622325,0.07242878287564736,0.5534527356918204,149.96272566560864,150.0351544484843,100.61354320902855,101.16699594472037,true,false
500,20.0,150.02292076698637,99.72671145933818,0.07613423127602914,0.5154397192206233,149.9954629648207,150.07159719609672,99.43341932834127,99.9488590475619,true,false
500,20.0,149.9507480231324,99.88454628310528,0.07118802692943405,0.5511405603740229,149.92513946265115,149.99632748958058,99.57549908165241,100.12663964202643,false,true
500,20.0,149.91971513296014,100.5683368117835,0.07428828391007869,0.5921611277781409,149.89175456169053,149.9660428456006,100.22876361273684,100.82092474051498,false,false
500,20.0,149.93768250749176,100.16251012414007,0.07654716570368691,0.5824451769793484,149.9096429444117,149.9861901101154,99.8293618381075,100.41180701508685,false,true
500,20.0,149.98105967364617,99.97130682651198,0.07665768285480112,0.5284291639945735,149.95327010944308,150.02992779229788,99.67187647270651,100.20030563670109,true,true
500,20.0,149.98052862937982,100.40779041171685,0.07647407216697388,0.47751001102221835,149.95351436799783,150.0299884401648,100.13337301737236,100.61088302839458,true,false
500,20.0,150.02599184855848,99.99278650786198,0.07083891386898244,0.4695139773990462,149.99896170199432,150.0698006158633,99.70820960104919,100.17772357844824,true,true
500,20.0,150.01788938846795,100.24755620649363,0.06923300572751145,0.6014186723932795,149.9919105158088,150.0611435215363,99.92382260831843,100.52524128071171,true,true
500,20.0,149.91576930952692,99.63823255224057,0.07550197340407294,0.5603450424586214,149.8877566001226,149.96325857352667,99.31568973952908,99.8760347819877,false,false
500,20.0,149.8958278089819,100.10161166892539,0.06888896348465323,0.4447548472671059,149.86884863095355,149.9377375944382,99.83755053334474,100.28230538061185,false,true
500,20.0,150.04285278209838,99.60555277264982,0.0762818046154905,0.5705160248922141,150.0143032536207,150.0905850582362,99.26547263273031,99.83598865762252,false,false
500,20.0,149.98419034129054,100.2294116105067,0.0702171731082899,0.7872231579419804,149.95764885516846,150.02786602827675,99.80130962664924,100.58853278459122,true,true
500,20.0,149.95130651630288,99.78857195443686,0.07258823901113942,0.6298887642324047,149.92286650469052,149.99545474370166,99.43872603835109,100.0686148025835,false,true
500,20.0,150.02927790359234,99.57348186786078,0.06869819208441186,0.5187788072071413,150.00322395316397,150.07192214524838,99.27818508541552,99.79696389262266,false,false
500,20.0,149.99056056611062,101.73381225306456,0.0683983141362603,0.5622682429024906,149.9644882656517,150.03288657978797,101.41086607396673,101.97313431686922,true,false
500,20.0,149.97583166792214,99.67898984860244,0.0752687399539127,0.6242341648466265,149.94710352156096,150.02237226151487,99.31131587930469,99.93555004415131,true,false
500,20.0,150.0191142203118,100.23692997484059,0.07387412999730714,0.6614966919406982,149.99089218270717,150.06476631270448,99.8623753523471,100.5238720442878,true,true
500,20.0,150.02000159952254,99.91941061600436,0.07376122694597598,0.6805165110345399,149.99383064207217,150.06759186901814,99.5423786451405,100.22289515617504,true,true
500,20.0,149.98789949166144,99.72661927215742,0.08220340438040807,0.6388080283140027,149.95782556514231,150.04002896952272,99.3726412574674,100.0114492857814,true,true
500,20.0,150.024260860212,99.78896092919138,0.07154866812771843,0.67131624029345,149.9973410556359,150.06888972376362,99.42114141910989,100.09245765940334,true,true
500,20.0,149.89958294553514,99.46884006360992,0.07210126523656868,0.710672831338556,149.87293346994375,149.94503473518031,99.06175458191589,99.77242741325445,false,false
500,20.0,149.87527374211368,99.68294215590619,0.07019137589799129,0.5945244400169827,149.85047892783504,149.92067030373303,99.33698422873502,99.931508668752,false,false
500,20.0,150.01275255005731,99.95711682441147,0.07666072978562966,0.4675630455240025,149.985464702002,150.06212543178762,99.69093104468723,100.15849409021124,true,true
500,20.0,149.84079207739615,99.65610357567172,0.07353480814813906,0.7369177959839845,149.81369214492514,149.88722695307328,99.26061182337827,99.99752961936225,false,false
500,20.0,149.9626340528401,99.92978821300954,0.08021562093222201,0.6263243121014028,149.93309697063341,150.01331259156564,99.57828523100893,100.20460954311034,true,true
500,20.0,150.01917414847952,99.83582901594386,0.07406616861385373,0.6193842789037376,149.99111415177177,150.06518032038562,99.48624619615083,100.10563047505457,true,true
500,20.0,150.0205890229505,99.91701290597845,0.07140214279428392,0.6451520190887408,149.99365775615576,150.06505989895004,99.56515687870865,100.21030889779739,true,true
500,20.0,150.04745849295088,99.82757879691562,0.07871599880283497,0.6858539779860564,150.01959450111812,150.09831049992096,99.44921229727929,100.13506627526534,false,true
500,20.0,150.019992497546,100.61487661800547,0.07394038119431912,0.5165764316324868,149.99113454733336,150.06507492852768,100.3024352518101,100.81901168344258,true,false
500,20.0,149.87363493569939,100.35583252234431,0.07731901610841874,0.588683362544856,149.84566362980843,149.92298264591685,100.00762583705398,100.59630919959883,false,false
500,20.0,149.96421024974643,99.69391729660973,0.07565385789669676,0.6397658821470316,149.93625450114817,150.01190835904487,99.34000802072597,99.979773902873,true,false
500,20.0,149.982937458601,99.67973299004652,0.07321410596603073,0.5725884981455067,149.95628847132383,150.02950257728986,99.34537731855724,99.91796581670275,true,false
500,20.0,150.02558753208933,99.9018106970279,0.07107757993810537,0.5668764147159351,150.00080682350773,150.07188440344584,99.57917229213547,100.1460487068514,false,true
500,20.0,149.97063907601571,99.97711555284413,0.0746589310674608,0.7706018545655695,149.94241074324256,150.01706967431002,99.5565395756231,100.32714143018868,true,true
500,20.0,149.85103467811246,99.9406412377764,0.07819954055824496,0.6081311871886186,149.82334640970575,149.901545950264,99.57913241066126,100.18726359784988,false,true
500,20.0,150.0211357485088,100.09138910378584,0.07144900215649841,0.6078782339015731,149.9961718215376,150.06762082369409,99.75338620082655,100.36126443472813,true,true
500,20.0,150.00247995970432,100.48700246485873,0.07289140092061075,0.5395956013430236,149.9761395807922,150.0490309817128,100.17919051075779,100.71878611210082,true,false
500,20.0,149.98448478696142,100.68015340900283,0.07019897391126051,0.6348673106414537,149.95889356640797,150.02909254031923,100.32538021512265,100.9602475257641,true,false
500,20.0,149.88380382401098,100.50955206605374,0.07630872876501371,0.5217346070304103,149.8564091963934,149.9327179251584,100.20613889036149,100.7278734973919,false,false
500,20.0,149.94119185691184,99.58122043635093,0.07188615106349516,0.5892563248968372,149.91443273702197,149.98631888808546,99.25239573151238,99.84165205640922,false,false
500,20.0,150.03437217949153,99.86041206465387,0.07198873869560884,0.6676502610207393,150.0086778305111,150.0806665692067,99.48355706569076,100.1512073267115,false,true
500,20.0,150.0227085504592,100.3751923521813,0.06906697967335163,0.6696455269006663,149.99640125886162,150.06546823853498,99.99658318858513,100.6662287154858,true,true
500,20.0,150.02192200182017,99.64012528610007,0.07126295660998494,0.6476930555096914,149.99591104582288,150.06717400243286,99.27348193667905,99.92117499218874,true,false
500,20.0,150.0384322461386,100.06162322470522,0.07442722138219438,0.4737452502358934,150.01084696738374,150.08527418876594,99.77688116010418,100.25062641034008,false,true
500,20.0,150.04102856391413,99.54045898661492,0.07923587769471396,0.5946992093493861,150.0114713900573,150.090707267752,99.20564728779243,99.80034649714182,false,false
500,20.0,150.0346867975633,99.51147680119661,0.07590652562745959,0.7125030785383615,150.00649535250534,150.0824018781328,99.12408380497885,99.83658688351721,false,false
500,20.0,149.9768189569844,101.7139011619291,0.07223015013548206,0.6798258662373655,149.9500200132442,150.02225016337968,101.33135066776235,102.01117653399972,true,false
500,20.0,149.91163235306232,99.99832525668674,0.07386756417599827,0.7667879797069475,149.88512470528406,149.95899226946005,99.58015244708851,100.34694042679546,false,true
500,20.0,149.97562079505423,99.31410315973847,0.0772459958721754,0.6178408314119253,149.94658821772822,150.0238342136004,98.97497157336723,99.59281240477915,true,false
500,20.0,149.98392740741176,99.41779993509871,0.07731323696469872,0.7294818860050896,149.95454831581188,150.03186155277658,99.01200717472408,99.74148906072917,true,false
500,20.0,150.03328353431374,99.82070580423718,0.075104226859537,0.6822308391684686,150.00491751746142,150.08002174432096,99.43941722480771,100.12164806397618,false,true
500,20.0,150.04146334096686,99.71275307668621,0.07703353651297107,0.5112554000871654,150.01247489799715,150.08950843451012,99.42584371696236,99.93709911704953,false,false
500,20.0,149.96839332448084,101.5163529845856,0.07171454741779826,0.6504508201313115,149.94184722589145,150.01356177330925,101.16066604612735,101.81111686625866,true,false
500,20.0,149.92271002219178,100.98572014566864,0.07409188587604376,0.7555621240614414,149.89538145839308,149.96947334426912,100.5779898693303,101.33355199339174,false,false
500,20.0,150.0404744587405,99.66985344446566,0.07585192115274708,0.6280986590113002,150.01304417573303,150.08889609688578,99.3216754089344,99.9497740679457,false,false
500,20.0,150.02263341625098,99.71073596502171,0.07407503188389342,0.6202503198480116,149.99383895339682,150.0679139852807,99.3583811679557,99.97863148780371,true,false
500,20.0,150.0424847619963,99.88293859555574,0.07256651989376905,0.49420136472170384,150.01541502074596,150.08798154063973,99.60229486157921,100.09649622630091,false,true
500,20.0,150.0371020656703,99.86215466852097,0.07339632829351217,0.5878724511027116,150.0104226182454,150.0838189465389,99.52577727611981,100.11364972722252,false,true
500,20.0,149.93360536274471,99.59306478999491,0.07708337083985839,0.4927665772561056,149.90500961279997,149.98209298363983,99.30562990491188,99.79839648216799,false,false
500,20.0,149.99585639466255,99.93590208888111,0.07641102939550137,0.5388080288962129,149.9682124078485,150.044623437244,99.62949549794887,100.16830352684508,true,true
500,20.0,149.96309032585117,99.88097430285741,0.07374670562907681,0.727875215897896,149.93596300538525,150.00970971101432,99.46785062087663,100.19572583677453,true,true
500,20.0,149.97667714501856,100.55648621892416,0.07470579466126992,0.5234576375961524,149.94922020586858,150.02392600052985,100.25627145579374,100.77972909338989,true,false
500,20.0,150.01763445291976,100.24674850008047,0.07370261564767588,0.6532292574357541,149.99065493526808,150.06435755091576,99.87316097301482,100.52639023045057,true,true
500,20.0,149.96438086296286,99.5163019684241,0.08008065307436141,0.602998170149931,149.9364659677207,150.01654662079505,99.17666227140354,99.77966044155347,true,false
500,20.0,150.03266975734286,99.48222431618439,0.07628393270752554,0.5940132055871032,150.00408307083006,150.0803670035376,99.1483397828137,99.7423529884008,false,false
500,20.0,149.48551380495738,100.86895358613663,0.07055733913725248,0.5819232763489879,149.45818790976273,149.52874524889998,100.53666321768326,101.11858649403224,false,false
500,20.0,150.03010662899396,100.86845882683875,0.07560013851892222,0.707940339297707,150.0016680000791,150.07726813859801,100.46948316285001,101.17742350214772,false,false
500,20.0,149.94605064681883,99.72957499703736,0.06972317704472175,0.6189144429105795,149.9201173417284,149.98984051877312,99.3922974538865,100.01121189679708,false,true
500,20.0,149.9144789538765,100.32769883521676,0.07612995648423748,0.48466579132850995,149.88700692583663,149.96313688232087,100.05177970610863,100.53644549743714,false,false
500,20.0,150.01635611285155,99.76860514785324,0.0783893629429997,0.5941433469965602,149.98832045350684,150.06670981644984,99.4296580386923,100.02380138568886,true,true
500,20.0,149.95485596791508,100.65142478666772,0.0749645449552645,0.7377356501412606,149.92676018222397,150.00172472717924,100.25150409357984,100.9892397437211,true,false
500,20.0,150.04415873573635,99.92706364968623,0.0762877444850858,0.6822172477819493,150.0143859100271,150.0906736545122,99.56059044651349,100.24280769429544,false,true
500,20.0,149.8245358707818,99.61715921626912,0.07470447563025573,0.6017785698087437,149.7966928743159,149.87139734994616,99.27616394359,99.87794251339875,false,false
500,20.0,150.00539790429707,99.63343603323872,0.07210953116998553,0.6632381988308254,149.97829561783993,150.05040514900992,99.26300903479516,99.92624723362599,true,false
500,20.0,150.02886122187618,100.06343509144199,0.07153148776549756,0.5716503941595477,150.0022458626098,150.0737773503753,99.74170296777937,100.31335336193892,false,true
500,20.0,150.0100036038309,100.04697463495461,0.07460225199170623,0.6937751448253948,149.9830308552372,150.0576331072289,99.67429087650476,100.36806602133015,true,true
500,20.0,149.88295586254313,100.4965043744879,0.07774501134196043,0.44110565184742256,149.85552818492667,149.93327319626863,100.23864446400464,100.67975011585206,false,false
500,20.0,149.90894563303218,100.07549324272941,0.07029202258789269,0.4706805054929646,149.8824964802134,149.9527885028013,99.80058466350445,100.27126516899742,false,true
500,20.0,149.9560780338826,100.07816461324659,0.07821711937336318,0.5598396763149793,149.92734694356545,150.00556406293882,99.76178019465559,100.32161987097057,true,true
500,20.0,149.95801614659422,100.10221866454499,0.0692147742996383,0.5019762928131826,149.93302958153592,150.00224435583556,99.81701179960172,100.3189880924149,true,true
500,20.0,150.04733283839988,99.58898416977321,0.07179182785131388,0.6464494993690977,150.0195187074844,150.0913105353357,99.23399864157676,99.88044814094586,false,false
500,20.0,150.00780814805913,99.67405348082637,0.07404827096164013,0.7541717273517605,149.98152723847573,150.05557550943738,99.27051123872734,100.0246829660791,true,true
500,20.0,149.9174341945489,100.97100772030758,0.0638518054298629,0.43247005911062786,149.89272504926544,149.9565768546953,100.72801914414303,101.16048920325366,false,false
500,20.0,150.0422147705862,99.76047288829687,0.07321731507616391,0.5801858417832619,150.01571524136236,150.08893255643852,99.42953417469296,100.00972001647622,false,true
500,20.0,150.03552257346422,100.07010833449817,0.06860791345044959,0.4063189851616329,150.0095027957178,150.07811070916824,99.82829161373887,100.2346105989005,false,true
500,20.0,150.0185744025172,100.08998763818782,0.0764041782616971,0.6716951527151878,149.99003960150225,150.06644377976394,99.71661918303096,100.38831433574614,true,true
500,20.0,149.90970789081214,99.64497685655614,0.07444075137641448,0.6534082946847235,149.88253830646346,149.95697905783987,99.28795180342426,99.94136009810899,false,false
500,20.0,149.9752492049563,100.1795266239289,0.07394460961955929,0.5445205303693399,149.94615692946937,150.02010153908893,99.86384941945842,100.40836994982776,true,true
500,20.0,149.799062547024,99.9543509311336,0.06746226555955559,0.5422027294969638,149.77385148236849,149.84131374792804,99.64221458019165,100.18441730968861,false,true
500,20.0,149.38309659152034,99.70052970420976,0.07152634400762281,0.5377579782684876,149.35621839798105,149.42774474198868,99.37618959324419,99.91394757151268,false,false
500,20.0,150.00284097605382,99.59681796926452,0.07243142775882916,0.49439128434904944,149.9763238686216,150.04875529638042,99.3104408509469,99.80483213529595,true,false
500,20.0,149.93031546371236,99.77504901733218,0.07397822427597589,0.5214867679789421,149.90295952867027,149.97693775294624,99.47089019453097,99.99237696250991,false,false
500,20.0,149.94726561578312,99.69970952794678,0.07526684651963933,0.4783988076175376,149.91907116330248,149.99433800982212,99.42316293516917,99.90156174278671,false,false
500,20.0,150.03564029324082,100.29374893468594,0.07383841149845694,0.6609981920884991,150.00982627337802,150.08366468487648,99.92701873983562,100.58801693192412,false,true
500,20.0,150.03845787441549,99.95334308763182,0.07350853912564048,0.5364050330479841,150.01132364224136,150.084832181367,99.64866037520297,100.18506540825095,false,true
500,20.0,149.98270532484156,100.61377080550868,0.07751288430392833,0.6810174155754822,149.9538827138777,150.03139559818163,100.25187169138069,100.93288910695617,true,false
500,20.0,149.8600120897766,99.78425397845916,0.07371459482371279,0.4757613212455283,149.83264549885615,149.90636009367987,99.50963474454683,99.98539606579236,false,false
500,20.0,150.0421791604665,99.43865666325348,0.07518708278175268,0.6227808094471783,150.01480570886986,150.0899927916516,99.09992974052432,99.7227105499715,false,false
500,20.0,150.00440299651336,100.21270507410128,0.07458411386605235,0.5948763716220213,149.97780211350542,150.05238622737147,99.88129162390885,100.47616799553087,true,true
500,20.0,149.95685218780505,99.80453881459187,0.07288799689891334,0.6601222560200171,149.92946756503497,150.00235556193388,99.45078716614348,100.1109094221635,true,true
500,20.0,150.00989294909272,99.87283429458947,0.07135222625825577,0.6160927492678923,149.98400409346124,150.0553563197195,99.52987651763482,100.14596926690271,true,true
500,20.0,149.97036929349161,99.70464203920733,0.07663317461671681,0.4962141563529059,149.94224735207655,150.01888052669327,99.40788003054632,99.90409418689923,true,false
500,20.0,150.04213665258538,100.02462228180514,0.07336372221442389,0.6221404101276846,150.01508670517694,150.08845042739136,99.66837011535512,100.2905105254828,false,true
500,20.0,150.0420121071354,100.41795508291263,0.07672282520593399,0.44756844598131806,150.0150301007479,150.09175292595384,100.15480839777032,100.60237684375164,false,false
500,20.0,149.97618226672432,100.00213761854842,0.07662504152642668,0.47628709146444237,149.94920368468127,150.0258287262077,99.72274849430892,100.19903558577336,true,true
500,20.0,149.96402859020606,100.57497483598652,0.07205506954224461,0.4617811522803521,149.93722779768265,150.0092828672249,100.30264904709465,100.764430199375,true,false
500,20.0,150.00401363946426,99.93238324893865,0.06985903640739366,0.6847590108591675,149.97771138238065,150.04757041878804,99.55767569238222,100.24243470324139,true,true
500,20.0,150.03916837968666,99.922295105122,0.0755924112021944,0.4120801360194122,150.01167941550818,150.08727182671038,99.67613373125478,100.08821386727419,false,true
500,20.0,150.0246681829388,100.22640778263856,0.07331898004383675,0.45668261586821757,149.9967545789145,150.07007355895834,99.96204801230844,100.41873062817666,true,true
500,20.0,150.0200298456066,100.64220813366627,0.0733638952645208,0.588942757277195,149.9938169459172,150.0671808411817,100.31358295812286,100.90252571540006,true,false
500,20.0,149.9110052343423,99.74763747344329,0.07668341499049802,0.5219241852658598,149.88287754352137,149.95956095851187,99.4455707491832,99.96749493444906,false,false
500,20.0,149.94646181923372,99.78001502946161,0.07432408525667711,0.5946895467403976,149.92070020251,149.99502428776668,99.45693790256456,100.05162744930496,false,true
500,20.0,149.83114706760176,100.60414865548434,0.07015228026290288,0.6761886205950418,149.80481968729399,149.8749719675569,100.24009783959696,100.916286460192,false,false
500,20.0,150.03334108745,99.90369663995513,0.07293657156247946,0.6674533825104447,150.0061691821567,150.07910575371918,99.5323678286583,100.19982121116874,false,true
500,20.0,149.9749423994695,100.52917809670602,0.06925937995606546,0.6277677171303537,149.9497545721512,150.01901395210726,100.17121610342977,100.79898382056012,true,false
500,20.0,149.917043229548,99.80325769961587,0.07069551698742771,0.6301630828919969,149.89177170852957,149.962467225517,99.4408717395474,100.0710348224394,false,true
500,20.0,150.00916139891342,99.91625097577796,0.07058420946154342,0.5020548811745726,149.98162391652824,150.05220812598978,99.626595267436,100.12865014861057,true,true
500,20.0,150.0134620100873,100.94191385728182,0.07335544440334729,0.6573034149940611,149.98639307549064,150.059748519894,100.57222320646488,101.22952662145894,true,false
500,20.0,149.92899309358697,100.20126227019814,0.0684398987300483,0.4292383244758753,149.90384484646793,149.97228474519798,99.93998145740701,100.36921978188289,false,true
500,20.0,150.02158239166863,100.24161333572329,0.07841026098807902,0.44836568318365266,149.9924044400357,150.07081470102378,99.97603729563568,100.42440297881933,true,true
500,20.0,149.99895196509405,99.94490191265312,0.07257724032754709,0.7901607286819683,149.97309150592386,150.0456687462514,99.52216482146792,100.3123255501499,true,true
500,20.0,149.9691439403884,100.70975963086907,0.07270620305175157,0.6876538661661016,149.94221369088646,150.0149198939382,100.33325292723254,101.02090679339864,true,false
500,20.0,149.88935238609713,100.45534672609489,0.07263282434945495,0.6439608957319791,149.86324612696245,149.9358789513119,100.08862072390131,100.7325816196333,false,false
500,20.0,149.96053697457046,99.97775236410449,0.07771363472204484,0.6554168321870861,149.93285038135,150.01056401607204,99.61023617131875,100.26565300350583,true,true
500,20.0,149.93187379037926,99.82314077794281,0.0799580149761141,0.5879166155848452,149.9027673520766,149.98272536705272,99.49028021451018,100.07819683009502,false,true
500,20.0,149.94274240491274,102.05377182863538,0.07387718127210974,0.795032996683247,149.91560156405325,149.98947874532536,101.62837153385692,102.42340453054017,false,false
500,20.0,150.0067344448853,99.53188426063342,0.07936876702797235,0.6444151538414928,149.97819277973025,150.05756154675822,99.16054739953684,99.80496255337833,true,false
500,20.0,150.03300447714253,100.39414934712772,0.07455142833575223,0.5259188374873247,150.00546812475864,150.0800195530944,100.09018940092452,100.61610823841184,false,false
500,20.0,150.02988153943022,99.88634739427854,0.07267414766585034,0.5032123746644146,150.00267493214835,150.0753490798142,99.5854860712649,100.08869844592931,false,true
500,20.0,150.04686850673846,99.57126448561539,0.07208762033621952,0.4946094195491497,150.0192477238887,150.09133534422492,99.2923392285912,99.78694864814035,false,false
500,20.0,150.00760125575306,99.65312391226828,0.07446002156899567,0.6363420242780364,149.97904384522437,150.05350386679336,99.29747895555825,99.93382097983628,true,false
500,20.0,150.03943845812617,99.92151601781993,0.08025427376915673,0.5503912558635022,150.01034305379773,150.09059732756688,99.60101834903335,100.15140960489686,false,true
500,20.0,150.03919417089833,99.7625634167537,0.07796860339226441,0.4967930126527733,150.01027354247844,150.0882421458707,99.47124370880124,99.96803672145401,false,false
500,20.0,149.9885439048175,99.82591076894045,0.07343591034020847,0.6199922226143144,149.96124251720875,150.03467842754895,99.48091271651231,100.10090493912662,true,true
500,20.0,149.9199088214372,100.68524064493454,0.0714034838518387,0.6689673373525409,149.8926152141886,149.96401869804043,100.31683304458055,100.98580038193309,false,false
500,20.0,150.0107986149411,99.93602277038161,0.07204796281470749,0.5392460336776139,149.98382236358012,150.05587032639482,99.63238397596263,100.17163000964024,true,true
500,20.0,150.0401252443313,99.91494516627935,0.07435349697840365,0.5846443229178391,150.01260832943706,150.08696182641546,99.58496579012825,100.16961011304609,false,true
500,20.0,149.98758268803763,100.87811184898537,0.07179043481983172,0.45339093309560496,149.96124511611626,150.0330355509361,100.6238568677337,101.07724780082931,true,false
500,20.0,150.01331125234674,100.87463600698665,0.0730896073164331,0.5907514789763724,149.9866524183843,150.05974202570073,100.53410587090585,101.12485734988222,true,false
500,20.0,150.0036159091711,99.9082920491489,0.07694329065785155,0.522500363822104,149.97333190418482,150.05027519484267,99.60752013704231,100.13002050086442,true,true
500,20.0,149.86201752817075,100.56070348300439,0.0711143426813976,0.5662720087688484,149.8371051594049,149.9082195020863,100.24021062736614,100.80648263613499,false,false
500,20.0,149.81654486059557,99.72655123047784,0.07339047423363354,0.48421089999278877,149.7882412383551,149.86163171258875,99.43255188747003,99.91676278746282,false,false
500,20.0,150.03162427126364,100.36650834579845,0.07204069465117868,0.6460151804142384,150.00441926539597,150.07645996004715,99.99794796824135,100.64396314865559,false,true
500,20.0,149.70112374385164,99.61817105333174,0.07719360653604213,0.9541291801153164,149.6733012023988,149.75049480893483,99.12114570260086,100.07527488271617,false,true
500,20.0,150.0044323421936,99.77316493394699,0.07725068920132117,0.5566915448768697,149.97646233122276,150.05371302042408,99.45743975837686,100.01413130325373,true,true
500,20.0,150.0113875787497,100.00665873632244,0.07144857389710069,0.5631789600648034,149.9855309766017,150.0569795504988,99.67120432022377,100.23438328028857,true,true
500,20.0,150.00917100468382,99.97736364961659,0.07412550439516963,0.42683100421218967,149.98182048447273,150.0559459888679,99.72767638911263,100.15450739332482,true,true
500,20.0,149.95796110939617,99.96631234777652,0.07587674416458867,0.5152516634791766,149.93027355344702,150.0061502976116,99.66437245692957,100.17962412040875,true,true
500,20.0,150.0439002756272,100.26664520566821,0.07333140714908382,0.5686040906900729,150.01575163896595,150.08908304611504,99.95071066615172,100.5193147568418,false,true
500,20.0,150.03562494647733,99.61133038378932,0.07496235295292308,0.700629012245912,150.00695937512026,150.08192172807318,99.2243324096269,99.92496142187281,false,false
500,20.0,150.0293361756332,100.48454718625241,0.07331887328172115,0.7485550615664209,150.00413738959668,150.0774562628784,100.05840540644314,100.80696046800956,false,false
500,20.0,149.79416746245872,99.80002042758258,0.07274838755282076,0.6390667058737591,149.76708198686828,149.8398303744211,99.43988847829198,100.07895518416574,false,true
500,20.0,150.0206716521766,100.6852266780222,0.07293699290801214,0.4326852902401441,149.9933086463304,150.06624563923842,100.43140783798299,100.86409312822313,true,false
500,20.0,149.9788297256689,100.01104910008142,0.07684533018715456,0.7110361272536494,149.94987352624236,150.0267188564295,99.61344908314403,100.32448521039768,true,true
500,20.0,150.0372715278039,100.83302222088922,0.07057294889187915,0.48997423228932746,150.01178419194454,150.08235714083642,100.55191145747241,101.04188568976174,false,false
500,20.0,149.9196248799052,99.88469164722778,0.06764351397058022,0.665466619466585,149.8945673102892,149.96221082425978,99.51331650231151,100.1787831217781,false,true
500,20.0,149.9111795229516,99.58748088143578,0.07515104022695596,0.5584894057492136,149.88336224904734,149.9585132892743,99.2745485269848,99.83303793273402,false,false
500,20.0,150.0418808116986,100.72973054818272,0.07519101995708866,0.7792996112740695,150.01404429797975,150.08923531793684,100.30310065409714,101.0824002653712,false,false
500,20.0,149.9472477254022,100.74160598768458,0.06932220841838443,0.5583148496153569,149.92318929165228,149.99251150007066,100.41678791867302,100.97510276828838,false,false
500,20.0,150.02136236603974,100.22714623509454,0.06962871447734642,0.5143998149238769,149.99400639278113,150.06363510725848,99.9367457712309,100.45114558615478,true,true
500,20.0,150.0361680276978,100.23127209816974,0.0732842738090369,0.6323334229200981,150.00995114613983,150.08323541994886,99.88885143959322,100.52118486251332,false,true
500,20.0,150.0220718332389,99.79774870777251,0.07897969976588115,0.4594748047421433,149.99151829647326,150.07049799623914,99.5353088274382,99.99478363218034,true,false
500,20.0,150.02999528925645,101.18812104020449,0.07677599028974669,0.8168576408556163,150.00154188877738,150.07831787906713,100.75342464714177,101.57028228799739,false,false
500,20.0,149.89493970291542,99.87458482439116,0.0713728539379872,0.7544410872806964,149.86866858334648,149.94004143728446,99.47000559278965,100.22444668007034,false,true
500,20.0,150.0369949153714,99.92202617127639,0.07109468923252393,0.49048628995376475,150.01059951314514,150.08169420237766,99.64619897816516,100.13668526811892,false,true
500,20.0,149.92889119659065,100.00237854206551,0.07043419711766319,0.6978751695882721,149.90160945770967,149.97204365482733,99.61532691295939,100.31320208254766,false,true
500,20.0,149.91469912168668,100.61881334629355,0.07208842132348536,0.7049931732557013,149.8879696150936,149.96005803641708,100.2355670430172,100.9405602162729,false,false
500,20.0,150.002702087508,99.79757989802823,0.07360762060108073,0.6241876614382988,149.97440135365383,150.0480089742549,99.45406405703832,100.07825171847662,true,true
500,20.0,149.8989217616305,100.15000831339138,0.07446488990416356,0.4850235442452657,149.87079770549258,149.94526259539674,99.871833070502,100.35685661474727,false,true
500,20.0,150.01865690560453,101.10288139998227,0.07514545057699706,0.5168626765285893,149.99146756920106,150.06661301977806,100.80043215760826,101.31729483413685,true,false
500,20.0,149.98625595801107,99.5078514690056,0.07803895929839655,0.6782870799262639,149.9580907305451,150.0361296898435,99.14014756286133,99.8184346427876,true,false
500,20.0,150.0124104577191,99.96098948203559,0.07396576116249776,0.4913492297465325,149.98528640160006,150.05925216276256,99.68569680467868,100.17704603442522,true,true
500,20.0,149.93232911143167,99.89726974623622,0.07167763186870957,0.6371357821256396,149.90620364209914,149.97788127396785,99.54222491352122,100.17936069564686,false,true
500,20.0,150.03796064663135,99.6790599064139,0.07029228649298602,0.9200589577400393,150.01114050020675,150.08143278669974,99.18838900620867,100.1084479639487,false,true
500,20.0,149.9988691032127,100.0276462002289,0.07882310492840361,0.4839275870552484,149.97057842744238,150.04940153237078,99.73533861066832,100.21926619772357,true,true
500,20.0,149.99421237132862,99.82694869730602,0.07893625366426704,0.5615746683913585,149.96464021649308,150.04357647015735,99.50354644280455,100.06512111119591,true,true
500,20.0,150.00861543322628,100.57737488981897,0.07129891482071571,0.7621902788343959,149.98197147851835,150.05327039333906,100.15774955089547,100.91993982972987,true,false
500,20.0,150.04743374839998,99.85090053958211,0.07680066998446478,0.5122857253816164,150.02045773611982,150.0972584061043,99.55048052413034,100.06276624951195,false,true
500,20.0,150.00551595799234,100.08833596738177,0.07077629545574382,0.5883259092139639,149.9796541332705,150.05043042872623,99.76139669216762,100.34972260138159,true,true
500,20.0,150.04064177766156,100.6692704940085,0.07097308228185284,0.612919157722331,150.0142697327176,150.08524281499945,100.32228280428372,100.93520196200605,false,false
500,20.0,149.952261453048,99.7348781124472,0.07002610174754409,0.5506472123288404,149.92648812023003,149.99651422197758,99.4221471059312,99.97279431826004,false,false
500,20.0,149.97342550467323,99.85874982845789,0.07662560806869578,0.5761925279561382,149.94360805386356,150.02023366193225,99.53257491723168,100.10876744518782,true,true
500,20.0,150.02639195367627,99.73371125810434,0.07134268966382251,0.750689277373283,149.99983777878163,150.07118046844545,99.33229108188749,100.08298035926077,true,true
500,20.0,150.0016561922484,100.51961522554302,0.07089476601237266,0.58811421480587,149.97416135930197,150.04505612531435,100.19206591431148,100.78018012911735,true,false
500,20.0,150.001281332967,100.42465915944672,0.07345787146425664,0.563986626778771,149.97387569269404,150.0473335641583,100.10792354759931,100.67191017437808,true,false
500,20.0,150.03180583699597,99.45837393221063,0.07437001809182675,0.6674060908248833,150.00417163638917,150.078541654481,99.09956419594049,99.76697028676537,false,false
500,20.0,150.02205206145652,100.08508875299833,0.07603615975941125,0.6889252897725413,149.9940074740497,150.07004363380912,99.70285281647311,100.39177810624565,true,true
500,20.0,149.92808801574336,99.83361860677124,0.07205323019675802,0.537976881933588,149.9009335090337,149.97298673923046,99.52019729787682,100.05817417981041,false,true
500,20.0,150.01129291878559,99.5465382879361,0.0764535429836144,0.590573159827045,149.9841266642805,150.0605802072641,99.21751110341029,99.80808426323733,true,false
500,20.0,149.92253085303892,101.05915722660994,0.06830887675297959,0.9006804229612015,149.89653489021828,149.96484376697126,100.57638488121326,101.47706530417446,false,false
500,20.0,150.0469174974109,100.37094381150713,0.07411511508576041,0.5396282210106449,150.01908319341084,150.0931983084966,100.06357160774576,100.6031998287564,false,false
500,20.0,150.03879503974497,99.24293356708614,0.0743199433494226,0.8393695687093867,150.01218908664427,150.0865090299937,98.79151531829747,99.63088488700686,false,false
500,20.0,150.03704683523966,101.03257256451562,0.07423266535317907,0.45773256370321747,150.00991034482718,150.08414301018036,100.77418728047937,101.23191984418258,false,false
500,20.0,149.99796000130485,100.93490150371387,0.06535519060474826,0.48983245216007276,149.97415938972068,150.03951458032543,100.65945628845695,101.14928874061702,true,false
500,20.0,150.0019959828011,99.7880133790795,0.07518571560800069,0.4946087953227476,149.9736010233403,150.0487867389483,99.49339422301921,99.98800301834196,true,false
500,20.0,150.0470104332264,99.51902308633899,0.07761517898762804,0.7245731955070767,150.01905693423421,150.09667211322184,99.12984207545833,99.8544152709654,false,false
500,20.0,149.86182987278457,100.03761872604397,0.07160813140470168,0.5244173719738967,149.83620124352626,149.90780937493096,99.7389321639056,100.2633495358795,false,true
500,20.0,149.963145895841,99.80145320619314,0.0711082181426832,0.5815114598587598,149.93731761492128,150.00842583306397,99.47221248895103,100.05372394880979,true,true
500,20.0,150.0346615604434,100.21273914409025,0.07373586775898389,0.4678987018033638,150.0083674912321,150.08210335899108,99.94462470967588,100.41252341147924,false,true
500,20.0,150.01341263496192,99.9717097655674,0.07327244534539545,0.5439445610187477,149.98799615158262,150.06126859692802,99.65877448411706,100.20271904513581,true,true
500,20.0,149.93469227716582,99.51933013106748,0.07412322612546518,0.684546023930011,149.90785906196876,149.98198228809423,99.1430379141417,99.82758393807171,false,false
500,20.0,150.03433437989986,99.84116699348135,0.07626004399628528,0.590063928030375,150.0060272019182,150.08228724591447,99.50158499449928,100.09164892252966,false,true
500,20.0,149.91193085657994,99.99057561607395,0.0723913604895472,0.7543030894222511,149.8864017213926,149.95879308188213,99.56471171214577,100.31901480156802,false,true
500,20.0,150.00946323936085,99.65339277208415,0.07456360818204644,0.7288189277363557,149.9803457693577,150.05490937753976,99.2427323827008,99.97155131043715,true,false
500,20.0,150.04536382605792,99.52688298913486,0.07124556683527317,0.5795536025167394,150.01835308720223,150.0895986540375,99.18872387576,99.76827747827674,false,false
500,20.0,150.02868061508127,99.91436227737599,0.07580480246139132,0.5584707904175019,150.00155501453264,150.07735981699403,99.59684218281086,100.15531297322836,false,true
500,20.0,149.9897835662668,100.27885752092311,0.07387594806405673,0.6710603960786301,149.9617450220667,150.03562097013076,99.91415764610379,100.58521804218242,true,true
500,20.0,149.99841580088832,100.13947583336457,0.07279197421803474,0.6696050216987715,149.97225889653276,150.0450508707508,99.7689347505126,100.43853977221137,true,true
500,20.0,149.9486988609641,99.799597259248,0.07783459023400496,0.4871957227731514,149.92013463034317,149.99796922057718,99.51511705224202,100.00231277501517,false,true
500,20.0,150.0267208953263,100.46740394827955,0.07374737354081162,0.3820558857979961,149.99860308379073,150.07235045733154,100.24354730955142,100.62560319534941,true,false
500,20.0,149.98867941174612,100.2965670218203,0.07334306585119066,0.5922192253992478,149.961937364547,150.0352804303982,99.95910937362879,100.55132859902804,true,true
500,20.0,150.03836662057273,99.71602651595128,0.07571938538097811,0.6679178250109175,150.01227507405616,150.08799445943714,99.33612957841514,100.00404740342606,false,true
500,20.0,149.88962899207502,100.03895185054449,0.07166542178649138,0.72431116053761,149.86184850550998,149.93351392729647,99.64055055300744,100.36486171354505,false,true
500,20.0,149.97961712473887,99.5006189640886,0.07192521508716254,0.7435888442421685,149.95358105794367,150.02550627303083,99.08769902895307,99.83128787319524,true,false
500,20.0,149.97816010269685,100.68560792527882,0.07573258605754063,0.6690461124484557,149.94941624380385,150.0251488298614,100.32068092695394,100.9897270394024,true,false
500,20.0,149.92366556883547,100.04757766412875,0.07127818765516736,0.5446942456085822,149.89741466694645,149.9686928546016,99.7233938063406,100.26808805194918,false,true
500,20.0,150.041199071495,99.71033222287275,0.07443507823967366,0.5611351070533033,150.0142876752602,150.08872275349987,99.39338737824512,99.95452248529843,false,false
500,20.0,150.01209050787068,100.74660585228807,0.07265949499856106,0.8209123438103489,149.98589577040082,150.05855526539938,100.29892389250031,101.11983623631066,true,false
500,20.0,149.9370328695055,99.44999993812587,0.07257346749514682,0.6275498716206442,149.90917367722068,149.98174714471583,99.10031405824651,99.72786392986715,false,false
500,20.0,150.04009610480665,99.73955636200175,0.076871344489291,0.5874344631261863,150.01134241221678,150.08821375670607,99.40909334106388,99.99652780419007,false,false
500,20.0,150.02154916279449,99.7282642722586,0.07518261572045049,0.46653490089660465,149.99399348121494,150.0691760969354,99.45271296856887,99.91924786946548,true,false
500,20.0,150.0071291509269,99.8698670467376,0.07631403228930367,0.8126220449893822,149.97883528603055,150.05514931831985,99.43923340590769,100.25185545089707,true,true
500,20.0,149.98095593618484,99.60232304080137,0.07214781295868988,0.546086947257379,149.95448031661584,150.02662812957453,99.30296713588817,99.84905408314555,true,false
500,20.0,150.0199578039505,100.07364355767575,0.07369274411789206,0.52278877999602,149.99408069815712,150.067773442275,99.77742737403425,100.30021615403027,true,true
500,20.0,149.7942164475253,100.09750483084883,0.07078751821208584,0.6596642241215562,149.7687365515052,149.8395240697173,99.73068120396672,100.39034542808828,false,true
500,20.0,149.92164957662266,99.74262388694476,0.07477952920905295,0.5630563133427273,149.8944777618242,149.96925729103324,99.41696971212195,99.98002602546468,false,false
500,20.0,150.00975993897478,99.59959801329259,0.07344308854888482,0.8237590283369371,149.98337693716522,150.0568200257141,99.14403787564477,99.96779690398171,true,false
500,20.0,150.02215441231803,99.79319423619697,0.07523131590716048,0.6687911954713286,149.99376585692085,150.068997172828,99.41302801481717,100.0818192102885,true,true
500,20.0,149.97671120766756,100.71934437300817,0.0704675446140186,0.6361479822917033,149.94930925105325,150.01977679566727,100.36509058399625,101.00123856628795,true,false
500,20.0,149.95926867610345,99.54718153004703,0.07875669020071996,0.700646896731044,149.9298269880413,150.00858367824202,99.17195943388458,99.87260633061562,true,false
500,20.0,149.99756851026385,99.35959109777124,0.07033138121832394,0.6517290164413225,149.97233244954887,150.0426638307672,98.99037356638587,99.64210258282719,true,false
500,20.0,149.97057762551287,99.77978850527387,0.07498941286567629,0.6175858856674807,149.94316870870324,150.01815812156892,99.444437622651,100.06202350831848,true,true
500,20.0,149.9978424201464,99.5001469837021,0.07537935934030315,0.6146865293152501,149.96997454480433,150.04535390414463,99.161182981997,99.77586951131225,true,false
500,20.0,149.98348023535027,100.6972057564223,0.07682898763115986,0.6218007707075941,149.95656161103895,150.0333905986701,100.33871770316887,100.96051847387646,true,false
500,20.0,150.04478913872822,99.51818962924177,0.07326245229768347,0.6623143861559981,150.01633733394212,150.0895997862398,99.15548183760069,99.81779622375669,false,false
500,20.0,149.9549322993579,100.3478621735778,0.07408547824482525,0.6339636392465735,149.92806236014022,150.00214783838504,99.99293285208356,100.62689649133013,true,true
500,20.0,149.98521118586808,100.31126031548766,0.07506435206366291,0.6549191601162647,149.95837452907324,150.0334388811369,99.94790650604801,100.60282566616428,true,true
500,20.0,149.9279939425493,100.22920262929603,0.07225656010481885,0.4239084796537753,149.90042582701008,149.9726823871149,99.98347861985691,100.40738709951069,false,true
500,20.0,149.9414231482773,100.55303779800562,0.07881078518357754,0.5610166451324687,149.91175780178935,149.99056858697293,100.2412269287205,100.80224357385296,false,false
500,20.0,150.04431944526704,99.60544747866913,0.0741878539171239,0.6190994532505556,150.0168108109197,150.09099866483683,99.26181669297006,99.88091614622061,false,false
500,20.0,149.9952652097288,100.24150601950649,0.07204049263594925,0.5277651269909853,149.96909878146258,150.04113927409853,99.93384501447433,100.46161014146531,true,true
500,20.0,149.99503131504434,100.44961266942207,0.07714921008698639,0.6409143983572818,149.96817953430474,150.04532874439172,100.09687729411897,100.73779169247625,true,false
500,20.0,149.99369104866787,99.73073292633342,0.07822323308096202,0.5121967414750088,149.96501361454298,150.04323684762394,99.4275802197313,99.9397769612063,true,false
500,20.0,149.93996721753342,100.00503292487548,0.06845286889364388,0.6350796865715154,149.9154024552676,149.98385532416125,99.64519186379103,100.28027155036254,false,true
500,20.0,150.04035623071383,100.09419187187953,0.07129324060304043,0.3709943194530183,150.013835739928,150.08512898053104,99.87792069276622,100.24891501221924,false,true
500,20.0,149.84192745069433,99.88296849052364,0.07603494170353997,0.7054918874498952,149.81379006925522,149.88982501095876,99.49434828696415,100.19984017441405,false,true
500,20.0,149.9856891251291,100.13332207444498,0.0749848550081822,0.5711231580467313,149.9563350318314,150.03131988683958,99.81171308067587,100.3828362387226,true,true
500,20.0,149.89875709212583,99.50721285983305,0.06992209298923058,0.6236367898817434,149.87351512724135,149.94343722023058,99.15368804178519,99.77732483166693,false,false
500,20.0,150.01641421354174,100.0946483369876,0.07086183160782866,0.441343321149418,149.9905593960703,150.06142122767812,99.82961545162439,100.27095877277381,true,true
500,20.0,150.04430197735678,101.0982339907928,0.07261304541191294,0.6653465320307106,150.01782914427366,150.09044218968558,100.71545319780977,101.38079972984048,false,false
500,20.0,149.74546477642141,99.74752525518578,0.07206143324270897,0.46863350335878806,149.71927116913082,149.79133260237353,99.48179595586775,99.95042945922654,false,false
500,20.0,150.03001938031773,99.55348311701047,0.07505398115927164,0.6190032131850529,150.0033417333241,150.07839571448338,99.20804565915206,99.82704887233712,false,false
500,20.0,149.98368387992116,99.58170222398414,0.07295251550300463,0.627022109758343,149.95600148298143,150.02895399848444,99.22823418185664,99.85525629161498,true,false
500,20.0,149.84760909638152,99.7888090611755,0.07273876653493971,0.48841788875841985,149.81986142988472,149.89260019641966,99.50788455600991,99.99630244476833,false,false
500,20.0,149.95413560669795,100.0331058486792,0.07152810347020022,0.6470512344687052,149.92666498205102,149.99819308552122,99.67295267184579,100.3200039063145,false,true
500,20.0,149.99100246842187,99.90813479362487,0.07015926948989204,0.46952838031366184,149.96499277798975,150.03515204747964,99.62822232775656,100.09775070807022,true,true
500,20.0,149.998390624842,101.10901949784898,0.07562149740945756,0.6210403982043289,149.97035970664115,150.0459812040506,100.77337191375973,101.39441231196406,true,false
500,20.0,149.94378783155065,99.35319526111722,0.07842302978144744,0.5927150667021692,149.9144019807802,149.99282501056166,99.029366363983,99.62208143068517,false,false
500,20.0,149.9141430715606,99.95957839779206,0.0790497694391945,0.662044415710838,149.88615286690472,149.96520263634392,99.59030462915229,100.25234904486312,false,true
500,20.0,149.9812606291262,99.70992663687838,0.07911572619099161,0.6075060896818201,149.95213832832422,150.03125405451522,99.36604975388073,99.97355584356255,true,false
500,20.0,150.01803348336261,99.27117614792215,0.07954474803111111,0.7029374214815789,149.98739822770128,150.0669429757324,98.88638504255431,99.58932246403589,true,false
500,20.0,149.96022258967466,100.47797602726305,0.07066307027022845,0.6983691321654248,149.93503203955382,150.00569510982405,100.1047791510537,100.80314828321913,true,false
500,20.0,149.99122812319115,99.54540308166327,0.07039340963407881,0.6355382174965314,149.96590185731483,150.0362952669489,99.18938855446737,99.8249267719639,true,false
500,20.0,149.9749920971478,100.75844766119644,0.07269363629936265,0.6733404567114007,149.94822558511652,150.02091922141588,100.40300912203732,101.07634957874872,true,false
500,20.0,149.9995802283059,100.34609475475285,0.07220060070312684,0.6141473056621578,149.97295689380007,150.0451574945032,99.99842765942384,100.612574965086,true,true
500,20.0,149.9808253724164,99.37139695939737,0.07551265108654093,0.616357563678207,149.95368909371402,150.02920174480056,99.02117463150735,99.63753219518556,true,false
500,20.0,149.8527951611771,99.75392468234976,0.07139814314331261,0.4523010544365036,149.82543159966843,149.89682974281175,99.48920202918379,99.94150308362029,false,false
500,20.0,149.9696471661788,99.72191256200888,0.06683897359636148,0.592544863868099,149.94477489617427,150.01161386977063,99.38543056803907,99.97797543190717,true,false
500,20.0,149.94679883778622,99.4886152007435,0.07680489311206884,0.6106780049827591,149.92006193433758,149.99686682744965,99.14178514656135,99.7524631515441,false,false
500,20.0,150.04528922892422,100.019270662303,0.07265860141353642,0.7195921014085513,150.01776823084197,150.0904268322555,99.61643186714869,100.33602396855724,false,true
500,20.0,149.8629717189659,99.84972084361064,0.0749285325971698,0.5523495473100013,149.83511787299756,149.91004640559473,99.52912488210023,100.08147442941024,false,true
500,20.0,149.9689604850314,99.82815655197551,0.0747523893248001,0.5466936298421814,149.94135712316356,150.01610951248836,99.50994752270151,100.05664115254369,true,true
500,20.0,149.99403488101615,99.06200211503538,0.07597689080748182,0.7657771468346795,149.96521086342767,150.04118775423515,98.64875210341681,99.41452925025149,true,false
500,20.0,149.93883203214898,100.53768592031378,0.07378654728844936,0.5442751503041166,149.9112336096137,149.98502015690215,100.22615977947457,100.77043492977869,false,false
500,20.0,150.04751260692157,99.99719408430448,0.07574090861578497,0.6189700821927744,150.01883243790328,150.09457334651907,99.65400154227893,100.27297162447171,false,true
500,20.0,150.0206210144822,99.9612472124424,0.07582964949509119,0.5969739579007864,149.9925187157667,150.06834836526178,99.61993267262135,100.21690663052213,true,true
500,20.0,149.96650558110764,99.818474425042,0.07159939398019333,0.7285371994210834,149.9403397045146,150.0119390984948,99.41758140476975,100.14611860419083,true,true
500,20.0,150.01167470967584,99.69035272203782,0.07325472469796068,0.57555403651142,149.98417362286278,150.05742834756074,99.36371848514091,99.93927252165233,true,false
500,20.0,149.90716928322894,99.59662298877637,0.0719564242784827,0.5760759502794457,149.88043214068995,149.95238856496843,99.27735916105003,99.85343511132947,false,false
500,20.0,150.04027480892788,99.55522062524052,0.07475548369546914,0.6160501555955875,150.01222681598392,150.0869822996794,99.21544379164058,99.83149394723617,false,false
500,20.0,150.02581288590596,100.96064477534213,0.06890837049320453,0.6051931623929363,150.00007002027425,150.06897839076746,100.61208452558526,101.2172776879782,false,false
500,20.0,150.04820241992533,100.69857984268054,0.075416590464215,0.5427543992059327,150.02087000376702,150.09628659423123,100.39526997616747,100.9380243753734,false,false
500,20.0,150.03986601427343,99.70814752023594,0.07315232352891599,0.7280583951812645,150.01321009737745,150.08636242090637,99.28713062927244,100.0151890244537,false,true
500,20.0,149.9362713588389,99.69861028110276,0.07341676681423337,0.44884036747083655,149.90994826450705,149.98336503132128,99.43709691164322,99.88593727911406,false,false
500,20.0,149.9916829948005,100.13281039211941,0.07170589020054763,0.45327750391368227,149.96526742601318,150.03697331621373,99.8643193989189,100.31759690283258,true,true
500,20.0,150.04428463146095,99.87480779440752,0.07665026423390486,0.5341815992748025,150.01595150854038,150.0926017727743,99.56868148815744,100.10286308743224,false,true
500,20.0,149.95290395208997,100.36662626188256,0.0718268510239568,0.4430733090409831,149.92689119082155,149.9987180418455,100.10877293315579,100.55184624219677,false,false
500,20.0,150.03770301404552,99.98611376323569,0.07277944660290814,0.7250033029888527,150.01121232206287,150.08399176866578,99.60119652992891,100.32619983291777,false,true
500,20.0,149.81232323160404,100.56871135385597,0.07696663267856252,0.6491438479781095,149.78433649377294,149.8613031264515,100.20767537537324,100.85681922335135,false,false
500,20.0,150.0416322043257,100.43972869599774,0.06750752898253154,0.5970208873592782,150.0175272748784,150.08503480386094,100.09756365081614,100.69458453817542,false,false
500,20.0,150.01147539331464,100.03750938501426,0.07599373983453006,0.7481403693649895,149.98393101906493,150.05992475889946,99.63393818206363,100.38207855142862,true,true
500,20.0,149.99593908382158,99.72298073044834,0.07426371771657614,0.553999245894488,149.9686230908969,150.04288680861347,99.420222470103,99.97422171599749,true,false
500,20.0,150.043340511292,99.81731003683775,0.07763762284704967,0.6047120797765189,150.0138400898574,150.09147771270446,99.46552370043027,100.07023578020679,false,true
500,20.0,150.04287701551428,99.918352923054,0.07114652831697299,0.49905936832222153,150.0158584401444,150.08700496846137,99.61215003076732,100.11120939908955,false,true
500,20.0,149.98841634142602,101.90960624837308,0.07097063199995546,0.6113832671974961,149.96219363448756,150.03316426648752,101.55907020410197,102.17045347129947,true,false
500,20.0,150.0305500634065,99.86299368247388,0.0712039927238095,0.6154073973962113,150.00509531179588,150.0762993045197,99.51255165723946,100.12795905463567,false,true
500,20.0,149.95537869823158,99.89012261317356,0.07431850174091892,0.6940866693464756,149.92811012568563,150.00242862742655,99.51641430833894,100.21050097768541,true,true
500,20.0,150.01148767882506,100.05600561779767,0.07536194613135194,0.5445793804909442,149.98334845648046,150.0587104026118,99.74649037879145,100.2910697592824,true,true
500,20.0,149.98694448958977,99.89615913646008,0.0715599936498279,0.66062665226778,149.95932917093694,150.03088916458677,99.51856446087045,100.17919111313823,true,true
500,20.0,149.89038343433705,101.8299325687432,0.06806401798337447,0.5398823733065967,149.8659471549345,149.93401117291788,101.52006372440145,102.05994609770805,false,false
500,20.0,150.0126618757764,100.41845912209047,0.06777116225282498,0.7133282307714239,149.98756879301695,150.05533995526977,100.0302558043088,100.74358403508022,true,false
500,20.0,150.00945080582767,99.86907709430396,0.07535301387764548,0.7371584830716671,149.9822952878473,150.05764830172495,99.45863087284057,100.19578935591224,true,true
500,20.0,149.94059540966285,99.5967360075239,0.06809689663251106,0.7845427052819076,149.91399713302025,149.98209402965276,99.16420961688384,99.94875232216575,false,false
500,20.0,149.90848320986134,99.91959714163605,0.07000212333144873,0.621621825489612,149.88227100222764,149.9522731255591,99.56976413854417,100.19138596403378,false,true
500,20.0,149.99321938019165,99.45499354619034,0.0743530020808123,0.6943824439244537,149.96630064261385,150.04065364469466,99.06058025673202,99.75496270065648,true,false
500,20.0,149.9437150826054,99.83606257429507,0.07438473760245756,0.7022764382226541,149.91625059203932,149.99063532964178,99.45477007567646,100.15704651389912,false,true
500,20.0,149.93718480871158,101.08158104535687,0.06998561338807008,0.4964488400654403,149.91117415220216,149.98115976559023,100.79473326948272,101.29118210954816,false,false
500,20.0,149.89674078361588,99.93150709646864,0.07292305192800086,0.7066119668351973,149.87046785670623,149.94339090863423,99.54211440076699,100.24872636760219,false,true
500,20.0,150.03903889984326,99.87723743904438,0.07470366655553562,0.6862744415230821,150.01124006958656,150.0859437361421,99.49601751120464,100.18229195272772,false,true
500,20.0,149.9852259593362,100.58449564835271,0.07464192216698962,0.7156937166024875,149.95773104045244,150.03237296261943,100.18333774367144,100.89903146027393,true,false
500,20.0,150.03688357924563,99.69742163974988,0.07565582691785266,0.6026620327595111,150.00878253573995,150.0844383626578,99.35095865991003,99.95362069266955,false,false
500,20.0,150.02932718956637,100.01908214790443,0.07394382831026292,0.43114884359451366,150.00191143480222,150.0758552631125,99.76821998857646,100.19936883217098,false,true
500,20.0,149.9757354517863,100.35047336111452,0.07294691294686118,0.8267271495315782,149.94816488692516,150.02111179987202,99.91303892591908,100.73976607545066,true,true
500,20.0,150.01529995619546,99.6123209526377,0.07589663642704636,0.640940309428359,149.98760733119138,150.06350396761843,99.25162522077491,99.89256553020327,true,false
500,20.0,149.98452576481327,99.58908223343701,0.07622800137824015,0.7270094476793076,149.95619078038303,150.03241878176127,99.18510392431881,99.91211337199812,true,false
500,20.0,149.77569886244459,101.0274462935413,0.0688401690493663,0.6362319069194768,149.75050847901605,149.81934864806541,100.67770889934312,101.3139408062626,false,false
500,20.0,149.78172188163052,100.07285444449701,0.07208233523721219,0.5440327931252682,149.75591782675195,149.82800016198917,99.77565783308815,100.31969062621341,false,true
500,20.0,150.0131804379327,100.47016882916566,0.07190678180955956,0.5149953201393629,149.98506955800082,150.05697633981038,100.16881321802722,100.68380853816659,true,false
500,20.0,149.96129601293626,99.92259558503994,0.07616517614928853,0.4325556022857029,149.93364005716575,150.00980523331503,99.66342062010776,100.09597622239346,true,true
500,20.0,150.00469558867374,100.6156889408413,0.07579528829498372,0.5989653411679114,149.97679586001465,150.05259114830963,100.28424068586308,100.883206027031,true,false
500,20.0,149.97990383771366,99.57266281159718,0.07513407481596346,0.6609765699192565,149.95203669073834,150.0271707655543,99.19924899739863,99.86022556731788,true,false
500,20.0,149.97528683548472,99.7542264116861,0.07403594136920333,0.6564738349962056,149.94808728742368,150.02212322879288,99.37774158457155,100.03421541956776,true,true
500,20.0,150.01773316112286,100.97842257455349,0.07297463464379916,0.5761572090450642,149.99096000785997,150.06393464250377,100.66019322748913,101.2363504365342,true,false
500,20.0,150.02287109447894,100.4136895244365,0.0782929442032696,0.47520425937524635,149.9950970419437,150.07338998614696,100.14247045861698,100.61767471799223,true,false
500,20.0,150.04034519926418,100.01648467934962,0.0759153385095317,0.47302508273924104,150.0133846595585,150.08929999806804,99.73666524042055,100.20969032315979,false,true
500,20.0,150.01317661132694,100.12187632993242,0.07554139945702332,0.6392005505817764,149.98669107096276,150.0622324704198,99.77205202474603,100.41125257532781,true,true
500,20.0,149.94350905761527,99.51319287134541,0.07717868574277986,0.6239060276677719,149.91420603174615,149.99138471748893,99.16143106412937,99.78533709179715,false,false
500,20.0,149.82088465796608,100.84111450399206,0.07267012068302847,0.7868376392778487,149.7947829490892,149.86745306977224,100.41872711178932,101.20556475106717,false,false
500,20.0,149.92504642411865,100.33050554820433,0.0715091473063012,0.726031833068518,149.89948881756672,149.97099796487302,99.93397373538417,100.66000556845269,false,true
500,20.0,150.04541596125355,99.78637592637654,0.07540220382659868,0.7168277848177382,150.0181123363504,150.093514540177,99.39479889371272,100.11162667853046,false,true
500,20.0,150.00955581478308,100.01561074898959,0.07915353682435011,0.5073671237714876,149.98170588837596,150.0608594252003,99.72420430252016,100.23157142629165,true,true
500,20.0,149.95696556537763,100.36200263747789,0.07500882531769548,0.6647273254291264,149.92950345714604,150.00451228246374,99.9962009610306,100.66092828645972,true,true
500,20.0,150.02214588406395,99.93951726757791,0.07431425078644338,0.49016875769827095,149.99543578211276,150.0697500328992,99.66747527141378,100.15764402911205,true,true
500,20.0,150.028941805942,100.17739421509877,0.07732316938620443,0.657564568924272,150.0006897378699,150.0780129072561,99.81478517378576,100.47234974271004,false,true
500,20.0,149.9393647778749,99.61749372354952,0.0732177394995972,0.4901544876619681,149.9127806544083,149.9859983939079,99.33285471042683,99.8230091980888,false,false
500,20.0,149.98581001298464,99.95225734029913,0.07510816817631394,0.5291899935490676,149.95882654313215,150.03393471130846,99.65132071356203,100.1805107071111,true,true
500,20.0,149.86604098305256,99.94899169458564,0.0742888091501186,0.6225647854003995,149.83768200725953,149.91197081640965,99.59714967971456,100.21971446511496,false,true
500,20.0,149.96570735615245,100.3415262362864,0.07176224275499976,0.7887914996052103,149.93983975300864,150.01160199576364,99.93196425972471,100.72075575932992,true,true
500,20.0,149.9785794419691,100.45258839483168,0.07650667591775573,0.5505336974667046,149.95062153406934,150.0271282099871,100.1314030065696,100.6819367040363,true,false
500,20.0,149.9312090321373,101.37618809174512,0.07450678393442445,0.7402889153216421,149.9045063875233,149.97901317145772,100.97718996797495,101.7174788832966,false,false
500,20.0,149.93254998765997,99.31673809482928,0.07457769020072647,0.8439041803893303,149.90512262972732,149.97970031992804,98.86874114646976,99.71264532685909,false,false
500,20.0,149.9734545253805,100.27289866215375,0.06938966216091558,0.4703223697628687,149.9481007947061,150.01749045686702,100.00141535458133,100.4717377243442,true,false
500,20.0,149.83504313182777,99.70061018656683,0.07637666853293013,0.6301149241971871,149.80735341909286,149.8837300876258,99.34454001359441,99.9746549377916,false,false
500,20.0,149.96262632759567,99.5800452613609,0.07600150049600529,0.5094839312220074,149.93452011948824,150.01052161998425,99.27821172799565,99.78769565921766,true,false
500,20.0,149.99346578213272,100.23589723821149,0.07736317172594909,0.50546556702065,149.96516155036684,150.0425247220928,99.95543261456714,100.4608981815878,true,true
500,20.0,149.95851639721803,99.42688702447833,0.08070799235198933,0.7606436694142076,149.92955681836776,150.01026481071975,99.01124984079533,99.77189351020954,true,false
500,20.0,149.96995112238517,100.10935211788943,0.07373782818902441,0.468685351502117,149.9421216416261,150.01585946981513,99.83505930656581,100.30374465806793,true,true
500,20.0,149.9386398905218,100.26712136233415,0.0768284120387932,0.603347673988111,149.90928335339404,149.98611176543284,99.9293412601457,100.53268893413382,false,true
500,20.0,149.9387530048191,99.94396801887632,0.0724701806949497,0.6091831931039309,149.91103677836503,149.98350695905998,99.59545632361342,100.20463951671735,false,true
500,20.0,150.02280425675997,100.56530061966944,0.07633611445083943,0.5001759501665646,149.99512006769174,150.07145618214258,100.2703519812492,100.77052793141577,true,false
500,20.0,149.84051719758378,100.89759208321709,0.0717929218668587,0.6122689074376098,149.81346742084355,149.8852603427104,100.54875280157003,101.16102170900764,false,false
500,20.0,150.04225159424888,100.22725411719249,0.0713166486647765,0.6560188469425157,150.01591034912036,150.08722699778514,99.87073036953072,100.52674921647323,false,true
500,20.0,149.78698977179442,99.58553753376663,0.07504522010594883,0.6880635738938423,149.75912932689587,149.83417454700182,99.20460253930997,99.89266611320382,false,false
500,20.0,149.9512012376088,99.56666684796434,0.07265652847527804,0.5029401286915061,149.92496441192569,149.99762094040096,99.28211990106087,99.78506002975237,false,false
500,20.0,150.04286193627337,100.51484322417664,0.07226613176069918,0.6032751707152499,150.01595791130447,150.08822404306517,100.17084976853899,100.77412493925424,false,false
500,20.0,150.03415289975118,100.2431835218165,0.07041671952808315,0.4399028301052823,150.0076548697891,150.07807158931718,99.99153288302045,100.43143571312574,false,true
500,20.0,149.94848906150958,99.74555706300433,0.07337245302463202,0.7060366735721004,149.92154132963714,149.99491378266177,99.35846240476337,100.06449907833547,false,true
500,20.0,149.99250135398188,99.92732491876077,0.07675986121597589,0.6290987231324863,149.96401677763788,150.04077663885386,99.58186800447208,100.21096672760457,true,true
500,20.0,149.83287053741788,100.39649163574609,0.07248796911392219,0.7325176016658475,149.8067157500254,149.87920371913933,99.99779100357455,100.7303086052404,false,true
500,20.0,149.9647906390955,99.73073817414564,0.07212949135023905,0.5040130655125523,149.93822345832015,150.0103529496704,99.44025930964723,99.94427237515978,true,false
500,20.0,150.03924514180568,100.8173583982434,0.07122663511790961,0.597555479409948,150.012333452468,150.0835600875859,100.47590326245663,101.07345874186657,false,false
500,20.0,150.02399154440585,99.73023508057393,0.06810596369876976,0.4559553317434677,149.9975490630043,150.06565502670307,99.45774239075736,99.91369772250083,true,false
500,20.0,150.03622194485484,99.98583005094167,0.07405500658580877,0.5212573081628022,150.00847027987953,150.08252528646534,99.68710160417147,100.20835891233428,false,true
500,20.0,149.9918827219541,100.421882787139,0.07434818311458002,0.5477203950445926,149.96354761337972,150.0378957964943,100.1099906101934,100.657711005238,true,false
500,20.0,150.04960515668716,99.67578449407046,0.0793129903634906,0.6011310223193362,150.01991353046262,150.0992265208261,99.32597793465506,99.9271089569744,false,false
500,20.0,149.8498182594445,99.61116315175695,0.07789036168875896,0.5138342071316515,149.81992277489022,149.89781313657897,99.29821459943025,99.8120488065619,false,false
500,20.0,150.0418370864799,99.86973204359714,0.06853678552192832,0.6757213812043972,150.01639180425218,150.0849285897741,99.48847539682049,100.16419677802489,false,true
500,20.0,149.98827543007326,100.59597638658332,0.0750424871726807,0.5157910820459364,149.96018149082448,150.03522397799716,100.29320578943371,100.80899687147965,true,false
500,20.0,150.03273551555333,100.57658026866285,0.07613089485758451,0.561389971255494,150.00482207069652,150.0809529655541,100.24880960794775,100.81019957920324,false,false
500,20.0,149.7632634402458,100.3100576251986,0.0687991210858172,0.4478338551545704,149.73879171688083,149.80759083796664,100.05494045274476,100.50277430789933,false,false
500,20.0,149.98436072398061,100.30705881333606,0.06910472227335163,0.5500679842432845,149.95824908017929,150.02735380245264,99.99367528327352,100.5437432675168,true,true
500,20.0,150.0144106382516,101.55061095658812,0.06790277558644675,0.674693032277986,149.98891348516258,150.05681626074903,101.17706189892994,101.85175493120792,true,false
500,20.0,149.98999503729982,100.20223736358184,0.0747843463254867,0.6402638968675376,149.9621660699783,150.0369504163038,99.84458587402301,100.48484977089055,true,true
500,20.0,149.99528608496956,99.9109197768098,0.07043497937957,0.5163240257173385,149.9680665422198,150.03850152159936,99.62079987940052,100.13712390511786,true,true
500,20.0,150.02417706337462,100.2255833636351,0.07082450129962581,0.48795791056527094,149.99849917465485,150.06932367595448,99.93583900647235,100.42379691703762,true,true
500,20.0,150.00315132307185,100.01452416306776,0.0770711175692611,0.493828889796859,149.97318627849063,150.0502573960599,99.72743264261369,100.22126153241055,true,true
500,20.0,150.0339801592956,99.81416551382267,0.06915564279205455,0.5625793963237555,150.00993194121725,150.0790875840093,99.49478805951262,100.05736745583637,false,true
500,20.0,149.85480688897107,100.51712669709903,0.07159550339395082,0.6153215000950638,149.8287792296456,149.90037473303954,100.18015205267778,100.79547355277285,false,false
500,20.0,150.03628317154,99.9416480154034,0.07352634732470165,0.6181244380436794,150.00974875959702,150.08327510692172,99.57503362912071,100.19315806716439,false,true
500,20.0,149.98724205253524,99.78220699856226,0.0794737162707122,0.623554747737117,149.95818907665043,150.03766279292114,99.43050047028757,100.05405521802469,true,true
500,20.0,150.03250177932915,100.2823734165411,0.08061708688475733,0.6163280263349549,150.0032657588209,150.08388284570566,99.93140162730019,100.54772965363514,false,true
500,20.0,149.979356838956,100.29291254327043,0.07508358040701069,0.5694193845275635,149.9507935054275,150.0258770858345,99.97965389120169,100.54907327572926,true,true
500,20.0,150.0206189636632,99.4018203604262,0.07508648696992282,0.750868436833116,149.9935608705525,150.06864735752242,98.98410841664828,99.7349768534814,true,false
500,20.0,150.0374213327799,100.03736340228542,0.07014516988269293,0.5052462325008236,150.01206316176277,150.08220833164546,99.73942437637645,100.24467060887727,false,true
500,20.0,149.940703531819,100.16781895330602,0.07002966799899468,0.49841468847913006,149.91570401325083,149.98573368124983,99.88355945856463,100.38197414704376,false,true
500,20.0,149.9598880183787,100.62964110282644,0.06981155352264068,0.5553980527097053,149.93317012542514,150.00298167894778,100.31233528492959,100.8677333376393,true,false
500,20.0,149.94034435780242,100.21212004147372,0.07303833485241285,0.5471289889910054,149.9132600403709,149.9862983752233,99.9018434052598,100.4489723942508,false,true
500,20.0,149.97208784460366,100.03322928277709,0.07482061532638795,0.5389976068075981,149.9443513676454,150.01917198297178,99.72596415927534,100.26496176608293,true,true
500,20.0,150.04001870673414,99.57834172861394,0.07386328398490605,0.5773053876922205,150.01345648309723,150.08731976708214,99.25751140696195,99.83481679465417,false,false
500,20.0,149.80613298939764,99.61077311402974,0.07974588074733902,0.7371202028660804,149.77659325549882,149.85633913624616,99.20770429489713,99.94482449776321,false,false
500,20.0,150.00974325699366,100.06918128709056,0.07160497976821034,0.5423544739993531,149.98301349988793,150.05461847965614,99.7561635622204,100.29851803621975,true,true
500,20.0,150.04688864173158,100.34254185852501,0.07796907324353697,0.7214228869451063,150.01772927444847,150.095698347692,99.945472869188,100.6668957561331,false,true
500,20.0,150.0007337406256,99.81286150991137,0.0735673538034689,0.5121058016256654,149.9732867363968,150.04685409020027,99.518469338807,100.03057514043266,true,true
500,20.0,150.01072712330864,99.41785546775719,0.07615963975823092,0.614229254347066,149.98321187651248,150.05937151627072,99.07989549332208,99.69412474766915,true,false
500,20.0,149.95307422374543,100.0668515537996,0.0706382502627605,0.6425159972899195,149.9266620518108,149.99730030207357,99.70734914858966,100.34986514587958,false,true
500,20.0,150.012046779584,99.85067049932235,0.07347140093941107,0.5524404306126485,149.98511989491058,150.05859129585,99.54485386836953,100.09729429898218,true,true
500,20.0,150.04422716190976,99.96155876769701,0.07149861210746167,0.4564954677280326,150.01664733967465,150.0881459517821,99.68578915874251,100.14228462647054,false,true
500,20.0,149.93122883053212,99.80276446198779,0.0723461685034863,0.5997071238414549,149.90321728014857,149.97556344865205,99.46319241426914,100.0628995381106,false,true
500,20.0,150.01784306268917,99.81115659345176,0.07176301589345258,0.46292888306088287,149.99156210863237,150.06332512452582,99.54551305982113,100.00844194288202,true,true
500,20.0,150.0326751495559,100.15027656263656,0.0694701608781827,0.41092571234788977,150.0075491736982,150.0770193345764,99.90331069226069,100.31423640460858,false,true
500,20.0,150.03905475024544,100.74764463386764,0.07082161040545998,0.4961800041696165,150.01268775535027,150.08350936575573,100.45644289301963,100.95262289718924,false,false
500,20.0,150.00969420637824,99.35618037714875,0.07704588902635123,0.8007297492575418,149.98092509611624,150.0579709851426,98.90050589768217,99.70123564693971,true,false
500,20.0,149.84250212077012,100.0357239776211,0.07833003391260718,0.4648855018198219,149.81393231454894,149.89226234846154,99.7769871063959,100.24187260821571,false,true
500,20.0,149.99300459035476,99.82470958595127,0.07420825021443989,0.6955554714713799,149.96549892517527,150.0397071753897,99.43059649576607,100.12615196723745,true,true
500,20.0,149.89197202070875,99.95469378622369,0.07492812460515097,0.5185365154384698,149.86481613294342,149.93974425754857,99.66020197962469,100.17873849506316,false,true
500,20.0,149.98679227589992,99.56323520310336,0.0707979642754708,0.6794133715305435,149.960961768247,150.03175973252246,99.18080052400384,99.86021389553439,true,false
500,20.0,150.02231429116176,101.56868890801056,0.07375744918471128,0.5158318137468711,149.994035434005,150.06779288318972,101.2691907980694,101.78502261181627,true,false
500,20.0,149.93205664057075,101.44504817521107,0.06813113331509157,0.5510731650837073,149.9074258962164,149.9755570295315,101.13254257541986,101.68361574050357,false,false
500,20.0,150.03203240810416,101.15149113619839,0.07329690088300822,0.6685674516858455,150.0057341347886,150.07903103567162,100.78131522816261,101.44988267984846,false,false
500,20.0,149.94385872935632,99.48695057037622,0.07267428424341915,0.6685349633761604,149.91678647905294,149.98946076329636,99.10253338582298,99.77106834919914,false,false
500,20.0,150.04363059832212,100.46830846374755,0.06996739452407041,0.7505099376540301,150.0174958565018,150.08746325102587,100.06362287748179,100.81413281513582,false,false
500,20.0,149.9595198962523,100.11677569148662,0.07336783329063223,0.6970386923054548,149.93331020931547,150.0066780426061,99.73726887286955,100.434307565175,true,true
500,20.0,149.97586445717172,100.37161928065794,0.07309490397989293,0.5431203190276648,149.9506012736145,150.0236961775944,100.07656435775189,100.61968467677956,true,false
500,20.0,149.9072812798438,100.51095673088608,0.07331793582116575,0.5645430992942266,149.8811746658555,149.95449260167666,100.19010483850329,100.75464793779751,false,false
500,20.0,149.89568783175685,99.6796918150314,0.07069788779841701,0.5462486928130943,149.87069098217088,149.9413888699693,99.36267754364232,99.90892623645541,false,false
500,20.0,150.025111433189,99.96332310826192,0.071228112065711,0.5425463663242596,149.99906792509321,150.07029603715893,99.6547588681575,100.19730523448176,true,true
500,20.0,149.97306059588362,100.41729857979917,0.06939088521426129,0.6186344600077973,149.9460457683506,150.01543665356485,100.08239562950322,100.70103008951102,true,false
500,20.0,150.04216275049419,100.11962637528865,0.07331359861916553,0.5692401234907436,150.01615959251956,150.08947319113872,99.79926444752297,100.36850457101372,false,true
500,20.0,149.93375415667094,99.59613521096469,0.06897847463608286,0.7249438743831291,149.90827167234374,149.97725014697983,99.20161297727209,99.92655685165522,false,false
500,20.0,149.7213015811571,99.97225792096583,0.07169895315533381,0.5529437997445257,149.6941870486488,149.76588600180415,99.65439003718427,100.2073338369288,false,true
500,20.0,150.02694922444402,100.21568892077244,0.07300512977178641,0.5560297533214822,150.00112663155335,150.07413176132513,99.89641906443609,100.45244881775757,false,true
500,20.0,150.00043070159933,100.36856952391297,0.07470823932632698,0.3971284736202705,149.97333314136208,150.0480413806884,100.14079755553752,100.53792602915779,true,false
500,20.0,150.02595341707433,99.26985279177399,0.07485859857141008,0.8334934019440112,149.99954451562644,150.07440311419785,98.8198539825299,99.65334738447392,true,false
500,20.0,150.0053338089438,100.4303039088496,0.07239453560174525,0.6872272717318566,149.97831517487964,150.05070971048139,100.05517062496615,100.74239789669801,true,false
500,20.0,149.99939851726438,99.88388188639846,0.07553666387633484,0.5010174301336292,149.97173305857368,150.04726972245,99.59268402788203,100.09370145801566,true,true
500,20.0,149.91193956629576,100.14663175722188,0.07424913270511979,0.6212203228801911,149.88349368354625,149.95774281625137,99.79545417666799,100.41667449954818,false,true
500,20.0,149.86964538206655,99.79674347974557,0.07143231301361652,0.5141732107173027,149.84257716351956,149.91400947653318,99.49544169316083,100.00961490387813,false,true
500,20.0,149.98354872162707,100.20176977486979,0.06980272882810823,0.506844245995282,149.9570677527323,150.02687048156042,99.90075965727014,100.40760390326543,true,true
500,20.0,149.88713323980969,99.6188680307242,0.07450433087095121,0.6736908772814587,149.85931979010044,149.9338241209714,99.25312196295432,99.92681284023578,false,false
500,20.0,149.97693042080488,100.0393576189081,0.07654002924198267,0.5591056896804361,149.9486591642284,150.02519919347037,99.72599420539716,100.2850998950776,true,true
500,20.0,150.01726452495305,100.60550425982055,0.07215177923501415,0.672321044166921,149.9894697510469,150.0616215302819,100.2372372231591,100.90955826732602,true,false
500,20.0,149.98724101222922,99.9395718842107,0.07204852849980625,0.4858405432847235,149.95945201405752,150.03150054255732,99.65129244789777,100.1371329911825,true,true
500,20.0,150.04766448307439,100.58984722289378,0.0771196018425826,0.559775482088682,150.01808354940613,150.0952031512487,100.2642842524307,100.82405973451938,false,false
500,20.0,150.0292922859,100.05987474083864,0.07411370506900994,0.6774272427893493,150.00249564882114,150.07660935389015,99.6756686011821,100.35309584397145,false,true
500,20.0,149.85526449932837,99.74093808776658,0.06867472958793996,0.6688767722466622,149.83063619601546,149.8993109256034,99.35878272228017,100.02765949452683,false,true
500,20.0,149.99171661748036,99.36208698340897,0.07214019333926558,0.6025538100381311,149.96508232135093,150.0372225146902,99.02793000596148,99.63048381599961,true,false
500,20.0,149.63267212711662,99.74639924669991,0.07494860351567922,0.6219591670103881,149.6044168318599,149.6793654353756,99.37836828929457,100.00032745630496,false,true
500,20.0,150.04385719786154,99.74165752281897,0.07183366851802475,0.49984499775661106,150.01737933726986,150.08921300578788,99.4517980583818,99.95164305613841,false,false
500,20.0,149.95362358637317,100.5711704235635,0.07714645434549539,0.6318754682715451,149.92583953626615,150.00298599061165,100.22202183035918,100.85389729863073,true,false
500,20.0,150.03211669851424,100.53808308304195,0.08190633181337148,0.6447839976700891,150.00205522733833,150.0839615591517,100.17483622091818,100.81962021858827,false,false
500,20.0,150.04516696541845,101.14345504705409,0.07709418880992303,0.5964386633868344,150.01609291188353,150.09318710069346,100.79915487772277,101.3955935411096,false,false
500,20.0,149.785135683251,99.98086820597199,0.07626684719278387,0.5579094005185539,149.75744295313862,149.8337098003314,99.66008304399004,100.2179924445086,false,true
500,20.0,150.01933616603924,100.4303396757243,0.07343639303513783,0.666813613212426,149.9919960014517,150.06543239448683,100.0481707965556,100.71498440976802,true,false
500,20.0,149.92892519852074,100.05402481890206,0.0744944117725197,0.5617019331060078,149.90079471197896,149.97528912375148,99.73871872104166,100.30042065414767,false,true
500,20.0,150.01647610706328,100.38617916332969,0.07348068573162436,0.5029792801502424,149.98890311000193,150.06238379573355,100.09446200961884,100.59744128976908,true,false
500,20.0,149.99388253269098,100.30335764310938,0.07518116358167504,0.6641401415415373,149.9669791627189,150.04216032630057,99.94302021330512,100.60716035484666,true,true
500,20.0,150.02521076437478,99.6013888999386,0.07457299781941629,0.5348898107951783,149.997450498928,150.07202349674742,99.30571570640355,99.84060551719872,true,false
500,20.0,149.97783902194624,99.42452226650354,0.07389377523847429,0.7272602858101465,149.9494383117911,150.0233320870296,99.02314410439163,99.75040439020178,true,false
500,20.0,150.04518424539117,99.2725355562752,0.07571156147747615,0.7656881932307726,150.01736488432982,150.0930764458073,98.85914656602182,99.6248347592526,false,false
500,20.0,150.02328842842758,99.82428982755414,0.07275035169317334,0.4364278611832333,149.9964598158009,150.06921016749408,99.5659182593165,100.00234612049974,true,true
500,20.0,149.94962318344835,100.05198320837962,0.06558868419543273,0.7031294064665587,149.9259521301767,149.99154081437214,99.65126253705658,100.35439194352314,false,true
500,20.0,149.83221053402698,100.75303739858137,0.07695376464371861,0.6347704885859855,149.80342895492487,149.8803827195686,100.39585863926689,101.03062912785288,false,false
500,20.0,150.0096029873688,100.25469618078009,0.07719855588652536,0.6667689208972973,149.98225481495325,150.05945337083978,99.89060245863551,100.55737137953281,true,true
500,20.0,150.04372911567103,100.76000449008473,0.07060274940528188,0.6614212734539251,150.0176561198354,150.0882588692407,100.38634667372176,101.04776794717569,false,false
500,20.0,150.0304349725073,99.72373541375764,0.07407778800538267,0.7267936494884566,150.00308033051635,150.07715811852174,99.32582481714854,100.052618466637,false,true
500,20.0,150.04144161970686,100.81671028963149,0.06994049947573444,0.6435257169306823,150.0155875010929,150.08552800056864,100.45490310657556,101.09842882350624,false,false
500,20.0,150.0285933931,100.88377784174521,0.07619528450078406,0.6262109155071016,150.00052071337836,150.07671599787915,100.52800945346326,101.15422036897036,false,false
500,20.0,149.88987988875627,99.25652473455276,0.0724108355074975,0.685769032072983,149.8621340666468,149.9345449021543,98.87898757098084,99.56475660305382,false,false
500,20.0,149.95338692254165,99.58485190551642,0.0744841678202306,0.5865166370013952,149.92659194211012,150.00107610993035,99.25250908317003,99.83902572017142,true,false
500,20.0,150.01225781015995,100.27026322267318,0.07388721718243119,0.46990497349432303,149.98456589591726,150.0584531130997,99.99295903122625,100.46286400472057,true,true
500,20.0,150.03164001763213,101.36384223244163,0.0680103364375384,0.5504012419117004,150.00597464788456,150.0739849843221,101.04628533468278,101.59668657659448,false,false
500,20.0,150.00705554900648,99.82250094461307,0.07433403450832543,0.5539758151863765,149.9780755172852,150.05240955179352,99.50814690210865,100.06212271729503,true,true
500,20.0,149.80754455137912,99.55767982640747,0.07230637586033595,0.630170394523276,149.780269038739,149.85257541459933,99.20995605043271,99.84012644495598,false,false
500,20.0,149.99597982524682,99.794799688032,0.07500297363685604,0.6022386256447874,149.96790637684387,150.04290935048073,99.4558652426284,100.0581038682732,true,true
500,20.0,149.93797224177217,99.7846317474608,0.07166477076123101,0.5515188481753057,149.911546039793,149.98321081055423,99.46946807308908,100.02098692126438,false,true
500,20.0,149.9969674495721,99.5452904052868,0.07406618581657654,0.5841667071736794,149.97001262144727,150.04407880726384,99.22173822008494,99.80590492725862,true,false
500,20.0,149.9752965336599,100.54259446164171,0.06572452422281572,0.4775780643774965,149.95076668450912,150.01649120873194,100.26305088084533,100.74062894522282,true,false
500,20.0,149.87927335115813,99.82061245984858,0.07093906166866759,0.6425587731299913,149.8529196070599,149.92385866872857,99.4652777726459,100.1078365457759,false,true
500,20.0,149.94563459346472,99.79496833658939,0.0702585150523305,0.5212054729250752,149.9202777083289,149.99053622338124,99.49032201458685,100.01152748751193,false,true
500,20.0,149.99425900986068,100.3943992154194,0.0742998574806677,0.6864933730277727,149.9672088287019,150.04150868618257,100.00020720128042,100.68670057430819,true,false
500,20.0,150.02469931922982,99.7452027405649,0.07131255659012936,0.7874594008299596,149.99872196944756,150.0700345260377,99.30364018080456,100.09109958163452,true,true
500,20.0,150.01124727715438,100.07809387203599,0.07498439446459315,0.597662282583812,149.9844941310223,150.0594785254869,99.73922061438829,100.3368828969721,true,true
500,20.0,150.02968384456068,100.04545714189769,0.07325841977356617,0.860305695716093,150.00369508334782,150.0769535031214,99.5744476712994,100.43475336701549,false,true
500,20.0,149.98745264261964,100.30221018946115,0.0713261446643969,0.4640107821839763,149.96121751246636,150.03254365713076,100.02571976657904,100.48973054876302,true,false
500,20.0,150.04753809374319,100.21653764579206,0.07936308609708931,0.5251330979303219,150.01754426072958,150.09690734682667,99.91422217670343,100.43935527463375,false,true
500,20.0,150.03136398910758,100.03532348530197,0.07155206462456931,0.48737554246319803,150.00558765035908,150.07713971498364,99.75098350403219,100.23835904649539,false,true
500,20.0,150.00914293869528,100.43237306715405,0.07434099742795297,0.6316811694633913,149.98173769675458,150.05607869418253,100.07144924220071,100.7031304116641,true,false
500,20.0,150.01380883138955,99.67404184847675,0.07510764974566086,0.49938439389870837,149.98650876742894,150.0616164171746,99.37969623459647,99.87908062849517,true,false
500,20.0,149.99695111551824,99.44093595870947,0.07708607210790319,0.7321482445078971,149.96719517758913,150.04428124969704,99.02485144688166,99.75699969138955,true,false
500,20.0,150.00538992688178,101.19553872413417,0.06899673800512574,0.5850874093882226,149.9795073484946,150.04850408649972,100.84909241122769,101.43417982061591,true,false
500,20.0,149.97753228817908,100.7389132189782,0.07222102392361762,0.4770297087358415,149.94993721597584,150.02215823989945,100.46133142448828,100.93836113322412,true,false
500,20.0,149.93660824729233,99.35147503159065,0.07656342942036076,0.7888276826313216,149.90854335527283,149.9851067846932,98.92147275437212,99.71030043700344,false,false
500,20.0,150.02850337922575,99.47817887124248,0.0720448469185726,0.6576751387043203,150.00150208281258,150.07354692973115,99.10915391155598,99.7668290502603,false,false
500,20.0,149.9789288489548,100.07536415501151,0.0698815913014812,0.5909201918869513,149.95364763098365,150.02352922228513,99.74152863952082,100.33244883140777,true,true
500,20.0,150.0271883470947,100.12540303748676,0.07501030122469388,0.6166175661642086,149.99863277275452,150.0736430739792,99.77264298168251,100.38926054784672,true,true
500,20.0,150.0410607586587,99.65759474093394,0.07366595799575748,0.8352141161618079,150.01361939518077,150.08728535317653,99.20062865272038,100.03584276888219,false,true
500,20.0,150.04455233672172,99.5439587060967,0.074899888567586,0.667191589964105,150.01519109572507,150.09009098429266,99.16209597293825,99.82928756290235,false,false
500,20.0,150.04467057828322,100.94496147065377,0.07302104399030895,0.5267549564213425,149.9908240018722,150.0638450458625,100.64078836753549,101.16754332395683,true,false
500,20.0,150.01193325496632,99.57996207176532,0.07393632471826095,0.6200161842751442,149.98440115649288,150.05833748121114,99.23443907886852,99.85445526314366,true,false
500,20.0,149.9826313022557,100.80784529681924,0.07296568199370768,0.5929539576125933,149.95596356258244,150.02892924457615,100.47637096878918,101.06932492640178,true,false
500,20.0,149.93320642809,100.53926121660936,0.07092690980255156,0.5906216117055152,149.9055887093461,149.97651561914864,100.20044366453118,100.7910652762367,false,false
500,20.0,149.99268110045182,99.8127387624844,0.07081330086543858,0.6330560738080351,149.96614306741003,150.03695636827547,99.45847151189733,100.09152758570536,true,true
500,20.0,150.01639190005616,100.35239768806638,0.07418335692361211,0.6033430458743538,149.98793198880176,150.06211534572537,99.99991378907447,100.60325683494882,true,true
500,20.0,149.99249337521252,99.63410109612475,0.07773213361221565,0.5981309521293525,149.96367408838333,150.04140622199554,99.29245316954052,99.89058412166987,true,false
500,20.0,150.00150662284182,100.19433716485662,0.07517532769861646,0.4479385124661519,149.9735259693977,150.04870129709633,99.93268530059034,100.38062381305649,true,true
500,20.0,150.04201151357725,100.04555140167076,0.07032120403070508,0.8267301185754548,150.0160099609469,150.0863311649776,99.61815757986335,100.4448876984388,false,true
500,20.0,149.97432162040428,100.04545070449234,0.07527518006770606,0.7352377309788096,149.94614941952693,150.02142459959464,99.63504029590486,100.37027802688367,true,true
500,20.0,150.0356892147057,99.75809568208636,0.07418203648776966,0.6321060261711153,150.0076719891669,150.08185402565468,99.40120727910556,100.03331330527668,false,true
500,20.0,150.00125311201407,99.81039015677683,0.07298425407319087,0.4514361087105101,149.97366824871108,150.04665250278427,99.55285841122421,100.00429451993472,true,true
500,20.0,150.0064160371635,99.83310031550695,0.0764181498522305,0.4958122118781034,149.9800840258095,150.05650217566173,99.54881813937578,100.04463035125389,true,true
500,20.0,150.03258544779843,100.12563144086556,0.07197746589480403,0.46242461389745415,150.00571409982496,150.07769156571976,99.85993573627404,100.3223603501715,false,true
500,20.0,150.01574098372623,100.27486112666529,0.0772336883314324,0.5994547264749457,149.98694810053777,150.0641817888692,99.9378505771853,100.53730530366025,true,true
500,20.0,150.0468309156285,100.2411530163862,0.07758412279250138,0.7310623608642146,150.01898315940693,150.09656728219943,99.84430919348014,100.57537155434436,false,true
500,20.0,150.0108824725634,99.48206848883719,0.07124854629549304,0.8130123275525705,149.98343651305493,150.05468505935042,99.03927735594796,99.85228968350053,true,false
500,20.0,150.04596436079248,99.69997022213266,0.07805794301057745,0.5602976502390646,150.0172102864577,150.09526822946827,99.3878102621362,99.94810791237526,false,false
500,20.0,149.9104334151802,100.07646703625895,0.0764375781822082,0.47507558092608804,149.88258607817107,149.95902365635328,99.80515281204578,100.28022839297186,false,true
500,20.0,149.9948917272856,100.24595517740393,0.07326756732459216,0.4806236394605321,149.9668209406945,150.0400885080191,99.96643883870439,100.44706247816492,true,true
500,20.0,149.93443813228365,99.69789187732863,0.07333473709923055,0.5476982168996614,149.90819588174386,149.9815306188431,99.39564016278702,99.94333837968668,false,false
500,20.0,149.92841305850186,99.6907560994099,0.07371294019731067,0.6886521935497285,149.901632751108,149.9753456913053,99.30028929153296,99.98894148508269,false,false
500,20.0,150.04491033194404,100.2519867114519,0.07200936779102562,0.5420093729892272,150.01844293456276,150.09045230235378,99.93109949634584,100.47310886933506,false,true
500,20.0,150.01553993814403,100.4468125120994,0.07229966866810855,0.6236733740090017,149.98902023511673,150.06131990378483,100.09895787191114,100.72263124592014,true,false
500,20.0,150.01523626481517,99.86533597353224,0.06927530087205014,0.621577243034892,149.99015817467722,150.05943347554927,99.50017185669907,100.12174909973396,true,true
500,20.0,150.0122365225408,101.16289146312968,0.07875532510715288,0.5283724411941506,149.98331345461028,150.06206877971744,100.8620543564373,101.39042679763145,true,false
500,20.0,149.88765692812672,100.27485360076054,0.07236328386522928,0.6415473924239166,149.86066454438827,149.9330278282535,99.91545596016547,100.55700335258939,false,true
500,20.0,150.01780528430038,100.36680307962445,0.07355267697803924,0.5105392318050548,149.98970412609177,150.0632568030698,100.07104171511111,100.58158094691616,true,false
500,20.0,149.90536665665067,99.95389136210565,0.07276313177422367,0.7759547584908546,149.87699937719267,149.9497625089669,99.53661632444738,100.31257108293823,false,true
500,20.0,150.02329477039643,100.13508057981639,0.0737230889179159,0.6310526025069123,149.9958562633118,150.0695793522297,99.77435831676118,100.40541091926809,true,true
500,20.0,149.9593068260187,100.76329904922343,0.07171094162092118,0.7442644101901692,149.93273595510823,150.00444689672915,100.34983164316534,101.09409605335551,true,false
500,20.0,149.9747451853757,99.23400591937745,0.08245761408846874,0.7289157570131408,149.94555049373471,150.02800810782318,98.85306117688175,99.5819769338949,true,false
500,20.0,150.00481502307542,99.42400613169782,0.07451092854813623,0.6258279783980072,149.97799659354627,150.0525075220944,99.07902079137293,99.70484876977093,true,false
500,20.0,149.99589797846397,100.11539960083256,0.07645091986984198,0.7295082972542559,149.96724983910912,150.04370075897896,99.70895348797916,100.43846178523341,true,true
500,20.0,149.8906273542344,100.09100491983072,0.07073375400608484,0.5272298386588545,149.86444375444813,149.93517750845422,99.78616622119151,100.31339605985036,false,true
500,20.0,150.03555010264773,100.17666206785509,0.07279375791878806,0.7343901732550506,150.008476687236,150.0812704451548,99.76496877801281,100.49935895126787,false,true
500,20.0,149.9876520938095,99.81728334846176,0.07080908407891684,0.7943450141061987,149.96157676579227,150.0323858498712,99.36924258277517,100.16358759688137,true,true
500,20.0,150.03368258927838,100.11370686315546,0.07139153647420926,0.6995495500037947,150.00601599272483,150.07740752919904,99.71572923985457,100.41527878985836,false,true
500,20.0,150.00980775121536,99.49829579469488,0.06990299971650416,0.5996940187498012,149.98404268976932,150.05394568948583,99.1626842899484,99.7623783086982,true,false
500,20.0,149.9910287848581,100.666022020024,0.07160524222135223,0.6482571262859267,149.9653699906467,150.03697523286806,100.30672099280568,100.9549781190916,true,false
500,20.0,150.0403883959338,99.89751328141355,0.07336816914067867,0.7819189015174999,150.01323408859528,150.08660225773596,99.45057609383653,100.23249499535403,false,true
500,20.0,149.8901648980882,100.10307680813338,0.07753397458307631,0.48168542286634874,149.86224092974228,149.93977490432536,99.8216180610379,100.30330348390424,false,true
500,20.0,149.93383041300342,99.49097219360081,0.07207153958751178,0.5569060262224781,149.9052540204289,149.97732556001642,99.17608739425677,99.73299342047925,false,false
500,20.0,150.0351029712746,100.08488749991149,0.07214125991743003,0.5343592266312669,150.0083491383827,150.08049039830013,99.77738682385746,100.31174605048872,false,true
500,20.0,149.92961490815006,100.90076251245036,0.07168957978981894,0.6307917297332466,149.90325888746548,149.9749484672553,100.55370904350298,101.18450077323622,false,false
500,20.0,149.9891599981067,99.51877500684814,0.0780981617401153,0.5952858852219265,149.96009045550332,150.03818861724343,99.17870155368368,99.7739874389056,true,false
500,20.0,150.02842965218076,100.07991147569399,0.07322846296483476,0.623495389494451,150.0011352961139,150.07436375907872,99.7340263470999,100.35752173659435,false,true
500,20.0,149.95525587118908,100.00280102422363,0.0721836042924906,0.7813373880337338,149.92687100948032,149.9990546137728,99.57092864201299,100.35226603004672,false,true
500,20.0,150.01782848080094,100.75611485108762,0.07371486372363734,0.6197372088192878,149.98944566266388,150.06316052638752,100.40856518878797,101.02830239760726,true,false
500,20.0,150.03653047039595,100.45776071452559,0.07461029588858992,0.733950389018375,150.00939004195646,150.08400033784505,100.04107901840862,100.775029407427,false,false
500,20.0,150.04492355421658,99.60449286098938,0.07525007022221075,0.6429699396176431,150.01657469351915,150.09182476374136,99.24111375608271,99.88408369570035,false,false
500,20.0,150.01789050308997,100.78634325322908,0.07345776210934218,0.6257641364394431,149.98948862966566,150.062946391775,100.43621184079316,101.0619759772326,true,false
500,20.0,149.8502322395028,100.15990281711964,0.06998010279701816,0.5504446315556635,149.82366092182713,149.89364102462415,99.85381419861595,100.40425883017161,false,true
500,20.0,149.83802268264012,101.25599021686594,0.07021356083814112,0.5279949953797569,149.8107806703762,149.88099423121434,100.95744235819846,101.48543735357822,false,false
500,20.0,149.95680285997727,100.81140247446488,0.07373364619843414,0.6491684555568185,149.92952962727378,150.00326327347221,100.44796456903642,101.09713302459323,true,false
500,20.0,150.0216345442964,99.63576472409375,0.0719883099041283,0.5474613272214697,149.9956139600342,150.06760226993833,99.31383839533021,99.86129972255168,true,false
500,20.0,149.94961632446143,99.77683974162288,0.07086597788890003,0.7029117827741516,149.92388169631954,149.99474767420844,99.38209377040162,100.08500555317578,false,true
500,20.0,149.98520633451764,100.0500803593275,0.07746757194024667,0.555568174644165,149.9578413772905,150.03530894923074,99.73901529430854,100.29458346895271,true,true
500,20.0,150.04134309564944,99.51985098685637,0.06711460126030033,0.6229021107361064,150.01704194660482,150.08415654786512,99.16155778364121,99.78445989437732,false,false
500,20.0,150.0386916886995,100.23894297033407,0.07370636181258305,0.5119618923171743,150.01046720246956,150.08417356428214,99.94430325696308,100.45626514928026,false,true
500,20.0,149.9596041862166,99.54943590235092,0.07311244548671425,0.5853382016743893,149.93324070498863,150.00635315047535,99.2208565638831,99.80619476555749,true,false
500,20.0,149.939611705941,100.24195995727513,0.07085412667476021,0.6441219314302487,149.9132541695229,149.98410829619766,99.8728932515294,100.51701518295965,false,true
500,20.0,150.03959381654855,100.7895875086553,0.07430522102848158,0.5286957924161726,150.01232663288232,150.0866318539108,100.48917959544016,101.01787538785634,false,false
500,20.0,149.9394554940772,100.2948004986757,0.06882128021467793,0.7064708827068813,149.91297511592563,149.9817963961403,99.9133480565319,100.61981893923878,false,true
500,20.0,149.96474020357996,100.02375606512649,0.07559174108308753,0.4409888105025317,149.93656029522538,150.01215203630846,99.76384781981525,100.20483663031779,true,true
500,20.0,150.03933269997617,100.0208122155606,0.0687849399427023,0.5325424788626663,150.01450789749612,150.08329283743882,99.7012373285024,100.23377980736507,false,true
500,20.0,149.99009667721594,100.85357206789703,0.07602785157737912,0.7337112604228366,149.9616712431187,150.03769909469608,100.44724377181029,101.18095503223313,true,false
500,20.0,150.00199632226182,99.29299387564278,0.07462825888157454,0.6718320964829587,149.97485392791904,150.04948218680062,98.92224922814626,99.59408132462922,true,false
500,20.0,150.02917098971972,101.5190895294935,0.06749214207718524,0.5138784368399598,150.00375620521763,150.0712483472948,101.21993362660415,101.7338120634441,false,false
500,20.0,150.03489670538102,99.68379793837732,0.07326287010403121,0.5714984377135863,150.0078633048066,150.08112617491062,99.3666494663165,99.93814790403009,false,false
500,20.0,150.025050491314,99.727653443295,0.07426229580238441,0.4823190280661436,149.99806005269218,150.07232234849457,99.45358256110121,99.93590158916736,true,false
500,20.0,150.02501616976525,99.77555919753235,0.07120880977726074,0.6293385685003159,149.9989574095943,150.07016621937157,99.4093923332771,100.03873090177741,true,true
500,20.0,149.85646673008927,99.65225686681961,0.0704327098356714,0.6184649160180413,149.830184370388,149.90061708022367,99.30334645747837,99.92181137349641,false,false
500,20.0,150.0306248386589,99.64294744882021,0.0722175705442396,0.5638344143454077,150.00314706114878,150.07536463169302,99.31466736980143,99.87850178414683,false,false
500,20.0,149.94836453981702,99.92611643779253,0.0732723903656165,0.4887142140643306,149.9211895841299,149.99446197449552,99.64428379596295,100.13299801002728,false,true
500,20.0,149.99380865814146,100.35768193917067,0.06642818324510813,0.46750853851244756,149.9693556417636,150.0357838250087,100.09167814180262,100.55918668031507,true,false
500,20.0,149.9999564158192,100.2543977747439,0.07236078925953393,0.4178996141828719,149.97280693068356,150.0451677199431,100.0083018891973,100.42620150338017,true,false
500,20.0,150.0422574506993,100.19575035884392,0.07094484700519388,0.4573469560396006,150.01473062310475,150.08567547010995,99.92679785423016,100.38414481026976,false,true
500,20.0,149.97283978194918,100.62081147271039,0.07321025859206998,0.48507454459782195,149.94618702064204,150.0193972792341,100.34121848897765,100.82629303357547,true,false
500,20.0,149.94549449816046,99.72745894846884,0.07428395762380546,0.5045534027058522,149.91718717793566,149.99147113555946,99.43959251732997,99.94414592003582,false,false
500,20.0,150.00751507324588,100.2982200711911,0.07492727386511433,0.6797735199878758,149.97899510713836,150.05392238100347,99.91628925276459,100.59606277275246,true,true
500,20.0,149.90436085332263,100.15159687552901,0.07657931281002561,0.7808303092336359,149.87575391434737,149.9523332271574,99.71178192344803,100.49261223268167,false,true
500,20.0,149.8521163404581,99.72712232625918,0.07467641245784762,0.44513929938221963,149.82425804307434,149.89893445553218,99.46540705014394,99.91054634952616,false,false
500,20.0,149.808745185022,99.84162608143126,0.07334976746400912,0.4596113606123282,149.78254224241448,149.8558920098785,99.57036265234176,100.02997401295409,false,true
500,20.0,149.70246450167323,99.4228296533599,0.07245367784997825,0.7566195921582874,149.67452884349595,149.74698252134593,99.03031308619607,99.78693267835436,false,false
500,20.0,149.90467529708724,100.31921359250681,0.07229155182596969,0.5505095765279151,149.87813421746844,149.9504257692944,100.0122165827988,100.56272615932671,false,false
500,20.0,149.9969022052574,99.7476660378846,0.07397753654720418,0.6228574765014514,149.96854843552438,150.0425259720716,99.40151067688987,100.02436815339132,true,true
500,20.0,149.96918917654986,100.04139966481253,0.06974991634683647,0.5205976043728668,149.94407690637252,150.01382682271935,99.73789665202327,100.25849425639613,true,true
500,20.0,150.01012348477434,99.79452645884199,0.07450169309771582,0.8929314295453707,149.98271548651272,150.05721717961043,99.31028939573196,100.20322082527733,true,true
500,20.0,150.03818123471274,99.75062542200737,0.07909348420122342,0.36629921233986806,150.00894608623207,150.0880395704333,99.5295224673014,99.89582167964127,false,false
500,20.0,149.9897946074963,100.05022004591237,0.07404549393007187,0.4915951004528978,149.963029016033,150.03707450996308,99.78035214236147,100.27194724281436,true,true
500,20.0,149.98974375196238,99.71869064004123,0.07281952817356796,0.6460134424312258,149.96241953262438,150.03523906079795,99.35694567730742,100.00295911973865,true,true
500,20.0,150.00826253217755,99.51289370391413,0.07520803267789233,0.6333141956083779,149.97994334079152,150.0551513734694,99.17088679210576,99.80420098771414,true,false
500,20.0,149.94968644998204,99.87509117008085,0.07693077737079079,0.5723487849998179,149.92147821429324,149.99840899166404,99.548362383761,100.12071116876082,false,true
500,20.0,150.02486709545803,99.70309059493368,0.07672251364087401,0.6466324993838128,149.99612229294164,150.0728448065825,99.33377821301842,99.98041071240223,true,false
500,20.0,149.78769525971038,99.69925649781123,0.07085788063176324,0.6288420259404006,149.76132578528296,149.83218366591473,99.34596045068943,99.97480247662983,false,false
500,20.0,150.0030746709628,99.86079820757068,0.07556594551610374,0.7345499988333586,149.97389455681352,150.04946050232962,99.46112543479175,100.19567543362511,true,true
500,20.0,149.96683170511398,100.10165845974764,0.07557899039022686,0.8136743816343,149.93806035608927,150.0136393464795,99.6564726780632,100.4701470596975,true,true
500,20.0,149.9648314860625,100.21351813937594,0.07238145707671606,0.5816787404215233,149.93766934859605,150.01005080567276,99.89209634659743,100.47377508701895,true,true
500,20.0,150.02457492143765,100.34309319876348,0.0754605998894533,0.5055276295361324,149.99659081873,150.07205141861945,100.04658870503138,100.55211633456751,true,false
500,20.0,150.0414001597706,99.98589386614191,0.07557029270083149,0.7279995955372982,150.01342811525274,150.08899840795357,99.59113374443749,100.31913333997478,false,true
500,20.0,150.01835164578986,100.26760516892872,0.07272506859820282,0.5399724444198739,149.99219049913114,150.06491556772934,99.95937312097763,100.4993455653975,true,true
500,20.0,150.037622420941,100.16903882640617,0.07550471761109634,0.587155474314045,150.01022894599802,150.08573366360912,99.82634185226107,100.41349732657511,false,true
500,20.0,150.03919515653178,99.68721479214653,0.07402711230537307,0.6217119846716486,150.01210051720142,150.0861276295068,99.32047229553075,99.9421842802024,false,false
500,20.0,150.0034721955961,100.00185816413291,0.07165465805826443,0.49947414601237483,149.97713712911354,150.0487917871718,99.7133142615481,100.21278840756048,true,true
500,20.0,149.87099516372763,100.82257133959527,0.07204661646829891,0.6079256132597521,149.8447560827733,149.9168026992416,100.49207141485594,101.0999970281157,false,false
500,20.0,150.00972756117568,101.08952105477809,0.07800586086048611,0.6820702289823544,149.9806156824154,150.05862154327588,100.70787567259896,101.38994590158131,true,false
500,20.0,149.9007735207853,100.33649366655014,0.07152343909092451,0.5992186543873146,149.87363638732546,149.9451598264164,99.98932454153757,100.58854319592488,false,true
500,20.0,150.01151754004655,101.22406771944995,0.07017418713292045,0.4065557469160126,149.98515641612056,150.05533060325348,100.98375052065609,101.3903062675721,true,false
500,20.0,149.94102264966278,100.76424800796315,0.07548726168491271,0.6071306275473347,149.91349790229788,149.9889851639828,100.42699193940443,101.03412256695177,false,false
500,20.0,149.85650634881065,100.87161411427518,0.07419737886192479,0.5106325328585513,149.82935079635564,149.90354817521757,100.57924936676801,101.08988189962656,false,false
500,20.0,149.96535517816812,100.39798637845801,0.07492428383545757,0.5635758401823239,149.93784397861077,150.01276826244623,100.08267858152182,100.64625442170414,true,false
500,20.0,149.99843113752416,99.74048640655073,0.07633566736521402,0.7232186286078388,149.9707336153101,150.04706928267532,99.35289392439955,100.07611255300739,true,true
500,20.0,150.03977379490567,100.29334409674296,0.07038875133400779,0.7401794486121673,150.01430297467135,150.08469172600536,99.88855043061224,100.62872987922441,false,true
500,20.0,149.97753367027917,100.2567509870334,0.07166540075820649,0.5787282386370833,149.9508002833057,150.02246568406392,99.92227762529976,100.50100586393684,true,true
500,20.0,149.94536171183887,99.89216898324537,0.07226940479353061,0.6391288210635508,149.9180209713639,149.99029037615742,99.5342138967717,100.17334271783525,false,true
500,20.0,149.9437097053229,100.31403862109958,0.07135645927209566,0.3989218509380805,149.91684199430497,149.98819845357707,100.0825975273709,100.48151937830897,false,false
500,20.0,149.8938718199633,100.4509070194508,0.0702822341239937,0.6853959213036092,149.86791830375194,149.93820053787593,100.06966459310209,100.7550605144057,false,false
500,20.0,150.04291528651802,99.56146541659828,0.07578230929146912,0.583513444407572,150.01568900378527,150.09147131307674,99.22848380993977,99.81199725434735,false,false
500,20.0,150.03081212884163,100.1749034874713,0.07159893408675089,0.4307555802829057,150.00520350588434,150.0768024399711,99.92735777768526,100.35811335796816,false,true
500,20.0,149.74627574871346,100.51283658246314,0.06986110963657666,0.7230839948589249,149.72075139944062,149.7906125090772,100.11686110966808,100.839945104527,false,false
500,20.0,150.03751239504584,100.03001463746752,0.07500476717896731,0.6553007508097295,150.00943785759424,150.0844426247732,99.6622552139549,100.31755596476462,false,true
500,20.0,150.01431043424674,99.62123797229943,0.079090396418934,0.6180049195695432,149.98503261143077,150.0641230078497,99.28304147529872,99.90104639486826,true,false
500,20.0,150.04171146054733,99.60931730396874,0.07823651753608374,0.5952971816033568,150.01218901528097,150.09042553281705,99.27436974506833,99.86966692667168,false,false
500,20.0,150.00446246736942,99.8918196376628,0.07510661585158118,0.4154895360977804,149.9761357567534,150.05124237260497,99.65035037477709,100.06583991087487,true,true
500,20.0,149.9805094274347,100.6755877779259,0.06984637298577923,0.5597820518624417,149.9543024853666,150.0241488583524,100.36303684723137,100.92281889909381,true,false
500,20.0,149.89214054413205,100.0065004471233,0.07199389985032667,0.7540707712572186,149.86668696542293,149.93868086527326,99.60119272370348,100.3552634949607,false,true
500,20.0,149.9409614019646,99.94943399388202,0.07268205737560152,0.4503545989275608,149.91382317845975,149.98650523583535,99.6876548645601,100.13800946348766,false,true
500,20.0,149.85571293610442,99.65072655141049,0.07502427422173241,0.5671602670633149,149.82741036778242,149.90243464200415,99.32650731053894,99.89366757760226,false,false
500,20.0,149.95512375525027,100.42648143720416,0.0702136396027413,0.4345655094076051,149.92933110136184,149.99954474096458,100.1729196720502,100.6074851814578,false,false
500,20.0,150.03459808015145,100.09989464283944,0.07792291051976008,0.7402613460400289,150.00686151323646,150.08478442375622,99.69456174582722,100.43482309186724,false,true
500,20.0,149.9819864243372,99.71715541368877,0.07083496267745204,0.5556058504990204,149.9566770819534,150.02751204463084,99.3937905608489,99.94939641134792,true,false
500,20.0,150.01446947243664,100.09163249775877,0.07626671809069308,0.570587214575113,149.98708843762017,150.06335515571087,99.75657913615225,100.32716635072737,true,true
500,20.0,149.96721235758372,99.91560277967967,0.074156082961224,0.49100709852214663,149.93934641450397,150.0135024974652,99.63745261413793,100.12845971266007,true,true
500,20.0,149.90775855240753,100.3210324202914,0.07649388238840515,0.5492572968892802,149.87971332425838,149.95620720664678,100.00930998405052,100.5585672809398,false,false
500,20.0,150.00314345780896,99.51579537947401,0.07120225396269575,0.5855033747820926,149.9772036414633,150.048405895426,99.19624569734252,99.78174907212461,true,false
500,20.0,149.9399419195646,99.76228369546033,0.06959931538821706,0.7090129007964521,149.91389829347656,149.98349760886478,99.3561512609015,100.06516416169795,false,true
500,20.0,149.82390661111975,100.65636463035386,0.07747546567856034,0.5063119702121242,149.79527491317464,149.8727503788532,100.35205170136763,100.85836367157975,false,false
500,20.0,150.01384319497498,100.7732025470429,0.07489283537918823,0.6540231042155398,149.9864206317481,150.0613134671273,100.40427234376057,101.0582954479761,true,false
500,20.0,149.9839976939197,99.73374488545562,0.07383414372833386,0.4681985265874289,149.95739096324627,150.0312251069746,99.46066035014368,99.92885887673111,true,false
500,20.0,150.0145646017125,100.34776897712672,0.07063087325585116,0.449724274758438,149.98883019005007,150.05946106330592,100.08026796363613,100.52999223839457,true,false
500,20.0,150.0305152638619,100.20394944621933,0.07586659199765222,0.6504621667936732,150.00241583654903,150.0782824285467,99.84332430010213,100.4937864668958,false,true
500,20.0,149.98331642925876,100.23917929248739,0.07155243532855593,0.8181471330503172,149.9570835775882,150.02863601291676,99.78861061065119,100.60675774370151,true,true
500,20.0,149.94382348185275,99.89423387361052,0.07595870711355701,0.5819028783329685,149.91484157511513,149.9908002822287,99.56882694660871,100.15072982494168,false,true
500,20.0,149.9732531337653,99.85944334312165,0.07429502224030671,0.5448681109190687,149.9462539963569,150.0205490185972,99.54639773714915,100.09126584806822,true,true
500,20.0,149.99423657475518,99.85577730783923,0.07073693245055779,0.5902046641464977,149.968428033167,150.03916496561754,99.52650945409124,100.11671411823774,true,true
500,20.0,150.02259080639112,100.14082745890624,0.07138860058714158,0.6042070605070222,149.99637763930335,150.0677662398905,99.8065719526655,100.41077901317252,true,true
500,20.0,149.935507230113,99.7795347114947,0.07074730941062057,0.5918863329571735,149.9100386282895,149.98078593770012,99.44741389923126,100.03930023218844,false,true
500,20.0,150.01497978695497,100.06505988886515,0.07110462474864221,0.5639127408146862,149.98929361488345,150.0603982396321,99.73834174009212,100.30225448090681,true,true
500,20.0,150.04323012205433,100.12246544411386,0.07274796850836651,0.5611242776540735,150.0165660894895,150.08931405799785,99.81716082008585,100.37828509773992,false,true
500,20.0,150.0423973077536,99.8172999879566,0.07587367257048072,0.6526895421316112,150.0135211134999,150.0893947860704,99.45891546481458,100.11160500694619,false,true
500,20.0,150.02405175136812,99.54415477506791,0.06909607504684345,0.7751669976155853,149.9979265965934,150.06702267164025,99.12498173763854,99.90014873525412,true,false
500,20.0,150.0188883734958,99.52514940553671,0.07585145262422088,0.6562179876041512,149.9900775184605,150.06592897108473,99.15339221425523,99.80961020185939,true,false
500,20.0,149.97645926763997,100.34004239744212,0.07117923205902343,0.5733582898684944,149.94871829033525,150.01989752239427,100.00953785410988,100.58289614397837,true,false
500,20.0,150.02350959970704,100.8229578721315,0.07314112811673112,0.47881128438967835,149.9969485254465,150.07008965356323,100.54899632007876,101.02780760446844,true,false
500,20.0,149.9291859617855,99.87975385650569,0.0716013263419768,0.5473559505387158,149.9037507907646,149.97535211710658,99.5705307474869,100.11788669802561,false,true
500,20.0,149.92900344715886,99.4521403626915,0.07765593375353319,0.792813782849251,149.90016689328618,149.97782282703972,99.0201070655876,99.81292084843685,false,false
500,20.0,150.00307742417561,100.27020621718341,0.07631049519619637,0.6776055518654402,149.97385869384576,150.05016918904195,99.89526847928184,100.57287403114728,true,true
500,20.0,149.97929949719673,99.86398289132391,0.0696356204784081,0.7255025710187084,149.95400975692792,150.02364537740632,99.47385535373155,100.19935792475026,true,true
500,20.0,150.01136379094652,100.21548661861738,0.07190476358456976,0.4401342668396353,149.98441854070253,150.0563233042871,99.96599022724902,100.40612449408866,true,true
500,20.0,150.0387110535666,99.96752094427382,0.07380540114931478,0.5567796730097996,150.01140886337802,150.08521426452734,99.65239952680923,100.20917919981903,false,true
500,20.0,150.03883999446163,99.735457564347,0.0732394956738176,0.6691825486821443,150.0120046646279,150.08524416030173,99.37233887972687,100.04152142840901,false,true
500,20.0,150.02046085777764,100.42635765344666,0.06898942698160226,0.5216191913335138,149.9951300852125,150.0641195121941,100.13804987237387,100.65966906370738,true,false
500,20.0,150.04241494828858,99.65588892704889,0.07100218240765344,0.7011814212487906,150.01720195121732,150.08820413362497,99.27308396423102,99.97426538547981,false,false
500,20.0,149.9556684123893,100.38844387064117,0.07302084711409407,0.47973620836535247,149.92797566901794,150.00099651613203,100.09701901019085,100.5767552185562,true,false
500,20.0,149.94219487620336,99.67204538822446,0.07498608120079098,0.4666044274175647,149.9155113030545,149.9904973842553,99.40494725145301,99.87155167887057,false,false
500,20.0,149.97235711319894,99.51389498846942,0.07753025708387895,0.6780194807020195,149.9448511415788,150.02238139866267,99.14266931657659,99.8206887972786,true,false
500,20.0,149.99878238408996,99.48801135093437,0.07307504799638309,0.689485376635119,149.97275993768142,150.0458349856778,99.09777721090352,99.78726258753863,true,false
500,20.0,149.9329059283632,99.9110689056048,0.07456721218039775,0.4331414553541322,149.90577986443225,149.98034707661265,99.6628485875984,100.09599004295254,false,true
500,20.0,150.04347229664126,100.16798238137704,0.07582316063925987,0.6067021052616894,150.01474688717613,150.0905700478154,99.82014810649108,100.42685021175276,false,true
500,20.0,150.01467370510653,99.49866032958376,0.07126826865766134,0.5544154844138944,149.98820270653044,150.0594709751881,99.18265742169922,99.73707290611311,true,false
500,20.0,149.96754838986965,99.70522440486388,0.07117844089353298,0.7418003786734317,149.94147579767122,150.01265423856475,99.29852597988206,100.04032635855549,true,true
500,20.0,150.0378826191655,100.0016681212519,0.07837743892503113,0.5933688259244576,150.00825793815903,150.08663537708406,99.66386660463097,100.25723543055543,false,true
500,20.0,149.98497741463794,99.57707052835691,0.07600192385044124,0.6454865438390271,149.95774744911546,150.0337493729659,99.20373595496903,99.84922249880806,true,false
500,20.0,149.98127361664416,99.64469931554024,0.07565782841197688,0.5496587590966726,149.95232102980398,150.02797885821596,99.33538435792735,99.88504311702403,true,false
500,20.0,150.0412946030599,99.74269510200878,0.07348205092338844,0.47868421704143316,150.01342126479142,150.0869033157148,99.45557937907297,99.9342635961144,false,false
500,20.0,149.9282101441999,100.10775059495363,0.07006124209556219,0.6609068541260257,149.90218873437036,149.97224997646592,99.72930335210617,100.3902102062322,false,true
500,20.0,149.98024686958547,99.63619874681564,0.07595104573871936,0.7489531698895746,149.9523085089769,150.02825955471562,99.23440244661228,99.98335561650185,true,false
500,20.0,149.82378610879647,100.56395507128136,0.07789441551273057,0.5132764344684659,149.79642480028446,149.8743192157972,100.26852764358514,100.78180407805361,false,false
500,20.0,149.86893291797008,99.46490494628804,0.07344711197666243,0.5304221985657875,149.8427527304005,149.91619984237715,99.16348172592102,99.6939039244868,false,false
500,20.0,149.93457307241036,100.08024179658466,0.07555875303134485,0.6403281114792065,149.9060161977212,149.98157495075253,99.71464265986475,100.35497077134396,false,true
500,20.0,149.92723900326425,100.62257862594018,0.0752060493940121,0.6086148197107093,149.89936309924025,149.97456914863426,100.28734548753287,100.89596030724358,false,false
500,20.0,150.01700954467398,100.12321666929451,0.07508308189937907,0.42625777803425535,149.9889173756794,150.06400045757877,99.87796613438695,100.30422391242121,true,true
500,20.0,150.01575109505103,99.8529418096137,0.07120487915770468,0.7344682305472645,149.99033758395186,150.06154246310956,99.44313380624385,100.17760203679111,true,true
500,20.0,149.9707326017305,99.5285264672054,0.07779125850882451,0.6739134104184075,149.94183880925908,150.0196300677679,99.16242027214876,99.83633368256717,true,false
500,20.0,150.01148589299805,100.13669160722259,0.07472120670755089,0.5381143854765753,149.98422039746933,150.05894160417688,99.83035929840655,100.36847368388312,true,true
500,20.0,150.01770559152664,99.84098105006726,0.07112857977492126,0.5679394966035858,149.9902239647779,150.06135254455282,99.52591474544481,100.0938542420484,true,true
500,20.0,150.04576168823615,100.47601068202778,0.0728080772219073,0.6230161048394791,150.0172197733362,150.0900278505581,100.1197869757757,100.74280308061518,false,false
500,20.0,149.97553593111098,99.86800500225797,0.07164407219599411,0.5748956911764083,149.94928714745902,150.020931219655,99.54468893090754,100.11958462208395,true,true
500,20.0,150.0424187215378,99.92946205753262,0.06987750869384968,0.6793551132733882,150.01678183787365,150.0866593465675,99.53517945542909,100.21453456870248,false,true
500,20.0,149.9789326864844,100.16112665663829,0.07505153870752679,0.5986375079166208,149.95321103261804,150.02826257132557,99.82268991333056,100.42132742124718,true,true
500,20.0,150.03194007369837,100.02393253578805,0.07819313489088131,0.6896578272708211,150.00395314152604,150.08214627641692,99.64365220746191,100.33331003473273,false,true
500,20.0,150.00949268822268,99.46692528461553,0.07356600878591735,0.597432191145856,149.98153803125007,150.05510404003599,99.13108526295085,99.7285174540967,true,false
500,20.0,150.03570055115352,99.7790268391808,0.07573242576086159,0.49312855689457535,150.0068346048169,150.08256703057776,99.48456271581921,99.97769127271378,false,false
500,20.0,149.99534386372773,100.74137888341805,0.07066978022362491,0.4868954676744863,149.96957415137342,150.04024393159705,100.45441013790352,100.94130560557801,true,false
500,20.0,149.9259876767789,99.97191713405775,0.07357773501149723,0.5440051152455254,149.90092430107916,149.97450203609066,99.65859269982992,100.20259781507545,false,true
500,20.0,149.85961515177303,101.33589146254548,0.07456136330949903,0.5334733269375249,149.83230078901107,149.90686215232057,101.02093359731994,101.55440692425746,false,false
500,20.0,149.89919382928832,99.62663763434027,0.07388721505819262,0.6104488072805623,149.87175617959448,149.94564339465268,99.28689590555214,99.8973447128327,false,false
500,20.0,149.84234235458632,99.75110262200565,0.06990847484874507,0.5895819488736294,149.81598046401325,149.885888938862,99.41980880961164,100.00939075848527,false,true
500,20.0,150.00115734632664,100.11081642234504,0.07071738409564432,0.5109432405461689,149.97615722985498,150.04687461395062,99.81178465405824,100.32272789460441,true,true
500,20.0,149.96949524771082,99.86217691317201,0.07151588288226662,0.617833424193833,149.94384823242777,150.01536411531004,99.51252504654921,100.13035847074305,true,true
500,20.0,150.0448432119136,100.15575239404828,0.07364930064824193,0.4372500913905384,150.0180829558414,150.09173225648965,99.8911666014659,100.32841669285644,false,true
500,20.0,149.97974721624306,99.46764262519721,0.07437682249587851,0.7432010784175986,149.95116803340102,150.0255448558969,99.06978692987087,99.81298800828847,true,false
500,20.0,149.96577189575333,99.74761500686037,0.07288832159017034,0.5513961663371276,149.93881059659347,150.01169891818364,99.4296417361959,99.98103790253303,true,false
500,20.0,150.02461989537184,99.62663832014637,0.07199737011276852,0.47934818490146824,149.99723669949444,150.0692340696072,99.34796228267435,99.82731046757581,true,false
500,20.0,149.96331084096443,99.97122366297302,0.07396593545109909,0.6439850358586483,149.93713462228033,150.01110055773142,99.61406219404219,100.25804722990084,true,true
500,20.0,150.02588841176714,100.31244509211544,0.0729923249943738,0.5498318043143229,149.99867727489,150.0716695998844,99.99701008755255,100.54684189186688,true,true
500,20.0,150.00098924487048,99.30680229638791,0.0758381714055929,0.7556979044338163,149.9727057529749,150.04854392438048,98.88738107627012,99.64307898070393,true,false
500,20.0,149.87769536102059,100.17711731601771,0.0765321976437292,0.7297091434360823,149.84945142010605,149.92598361774978,99.78632232894336,100.51603147237944,false,true
500,20.0,149.94591224664725,100.02268793986865,0.07264894273222922,0.5404215039520324,149.91918792844803,149.99183687118025,99.70856652776928,100.24898803172131,false,true
500,20.0,150.01858164088418,100.1412855537064,0.07266720575790941,0.7153138008217468,149.9917199417032,150.0643871474611,99.74285402749315,100.4581678283149,true,true
500,20.0,149.83195596439293,99.69834864150477,0.07535806341465445,0.5184288500553578,149.80408141984412,149.87943948325878,99.38692560913026,99.90535445918562,false,false
500,20.0,150.00112011675694,99.80446938512219,0.0729013981469393,0.3989944339259921,149.97389982755823,150.04680122570517,99.5695797603301,99.96857419425609,true,false
500,20.0,150.0260918505909,99.66140948890873,0.07438067434401319,0.5045020722826905,149.9996404250588,150.0740210994028,99.37833474217891,99.8828368144616,true,false
500,20.0,150.03871439499136,99.51129534648203,0.0726605504191582,0.5811731749015223,150.01282805460832,150.08548860502748,99.20235335138716,99.78352652628868,false,false
500,20.0,149.976208480762,99.93778652102915,0.06629077898222135,0.5479181616706654,149.95138509668703,150.01767587566925,99.61081108726945,100.15872924894012,true,true
500,20.0,150.01640799661646,99.3950945591127,0.07217571799327516,0.5905545637663181,149.98958365224183,150.0617593702351,99.06136743002978,99.6519219937961,true,false
500,20.0,150.0387496890578,99.88714212839955,0.07146788773954427,0.4374354208456168,150.0121191838419,150.08358707158143,99.62818776018219,100.0656231810278,false,true
500,20.0,150.00070938732134,99.9628621522532,0.07780251860756948,0.5696224677820396,149.97199137738065,150.04979389598822,99.63242930865817,100.20205177644021,true,true
500,20.0,150.02932270400913,100.02104174839577,0.07126348950555439,0.42477133128598155,150.00303692175157,150.07430041125713,99.76852337444204,100.19329470572802,false,true
500,20.0,150.02136452911242,100.81937734412003,0.07209925695491393,0.7186573450040044,149.9946702746742,150.06676953162912,100.42589007762476,101.14454742262876,true,false
500,20.0,150.00273000684945,100.17169285109014,0.07452361638578964,0.5058424287769867,149.97566505079757,150.05018866718336,99.88077396825398,100.38661639703096,true,true
500,20.0,149.99567355266882,100.45087143957329,0.07028961528561695,0.5424379507217623,149.96996499487415,150.04025461015976,100.13534773217403,100.67778568289579,true,false
500,20.0,149.97998612886258,99.48429768512587,0.07158971014959548,0.7623886324851696,149.9548466718112,150.0264363819608,99.05954070560372,99.82192933808889,true,false
500,20.0,149.95598457937507,100.68396948295793,0.07505844418474794,0.44669871430330943,149.92751105347102,150.00256949765577,100.4365146230585,100.88321333736181,true,false
500,20.0,150.04012556170525,100.61296756618675,0.07314206493279585,0.7538755001083501,150.01337054639214,150.08651261132493,100.18618910414317,100.94006460425152,false,false
500,20.0,149.97742567690608,100.15819031751604,0.07136732357548681,0.7777374835212214,149.9513754298362,150.02274275341168,99.7298791239391,100.50761660746032,true,true
500,20.0,149.9834902112845,100.19246446769652,0.07214846068549718,0.5335820781554901,149.9572537817741,150.0294022424596,99.87921958265869,100.41280166081418,true,true
500,20.0,149.989495105483,99.83406385026964,0.07679794925192596,0.47359560675785417,149.96136495693005,150.03816290618198,99.56051909341477,100.03411470017262,true,true
500,20.0,149.9560729420619,99.81436146826721,0.07077806486137206,0.5312177789016346,149.93087658393216,150.00165464879353,99.50736071872804,100.03857849762967,true,true
500,20.0,149.98332823625927,100.24247859252056,0.06947251976021107,0.4799157733570638,149.95821502108242,150.02768754084263,99.96770889974027,100.44762467309734,true,true
500,20.0,149.96568531118612,100.23535834927159,0.0755970943037596,0.6400644358173793,149.93920621374735,150.0148033080511,99.87440732802162,100.514471763839,true,true
500,20.0,149.94137419137923,100.82703864281206,0.07623780868311769,0.540187257086032,149.9123525795801,149.98859038826322,100.5092769959282,101.04946425301424,false,false
500,20.0,149.97970943565963,100.01907305237592,0.07168737676713022,0.5340029615570359,149.95375555835088,150.025442935118,99.7207314418712,100.25473440342823,true,true
500,20.0,150.0267065359132,99.58343608507492,0.06874182863251121,0.6256804064830561,150.00006612401953,150.06880795265204,99.22242605994639,99.84810646642944,false,false
500,20.0,149.9219889709012,100.31611735341217,0.07238779167138887,0.5529388993612372,149.89572772552242,149.9681155171938,99.9919358643553,100.54487476371654,false,true
500,20.0,149.8475216229344,100.31645551845106,0.07143871322250561,0.541736966793863,149.8205907623509,149.8920294755734,100.00575488884145,100.54749185563531,false,false
500,20.0,150.00158452684212,99.8396549957484,0.07250969963322973,0.39221651490538534,149.97440907090336,150.0469187705366,99.60957129701868,100.00178781192406,true,true
500,20.0,150.02789978783116,99.95728329424566,0.073344860571666,0.5671274221889746,150.00121746987023,150.0745623304419,99.62794173497142,100.19506915716039,false,true
500,20.0,149.90002003596163,100.53275617277293,0.07267962287707519,0.5914898202929635,149.87432987043283,149.9470094933099,100.21197423137035,100.80346405166331,false,false
500,20.0,150.01813469734088,101.03641761939012,0.07254246070283443,0.7828077183883977,149.99118399891952,150.06372645962236,100.60848283900054,101.39129055738894,true,false
500,20.0,150.04059533350554,100.29581953255135,0.07180782307233358,0.6118186449380545,150.0127414675764,150.08454929064874,99.95365995080097,100.56547859573902,false,true
500,20.0,149.97881374902227,99.55723422039027,0.07539285217620773,0.6005009488146698,149.95051407338875,150.02590692556495,99.2166438440382,99.81714479285287,true,false
500,20.0,149.95419295029075,100.35559781959691,0.07283130030265283,0.7218020283980309,149.92821805594684,150.0010493562495,99.958451023797,100.68025305219503,true,true
500,20.0,149.96831800590533,100.28900944280468,0.07206357707096345,0.7359555655153684,149.94161610925724,150.0136796863282,99.87522870118791,100.61118426670328,true,true
500,20.0,150.03281410431663,99.68534220630391,0.07675721802817748,0.707363920637718,150.00421795917532,150.0809751772035,99.30298573895236,100.01034965959008,false,true
500,20.0,150.01876413437566,99.70214835989954,0.07572433392644484,0.523480591945443,149.99054586550815,150.0662701994346,99.3967176826331,99.92019827457854,true,false
500,20.0,149.9039317827627,99.85225869765938,0.07307693441276797,0.693850243020222,149.87714864348774,149.9502255779005,99.46585344800184,100.15970369102206,false,true
500,20.0,150.0198189151613,100.49872728774352,0.07375920971261962,0.46259722632271405,149.99326826209327,150.0670274718059,100.23032985425968,100.6929270805824,true,false
500,20.0,150.04889310796798,99.76699399884114,0.07316707560104874,0.6689344996345739,150.0209549488744,150.09412202447544,99.39679824138993,100.0657327410245,false,true
500,20.0,149.9987006786891,99.67314349324437,0.07021522357075582,0.5571253995782399,149.97142787286293,150.0416430964337,99.36224156251268,99.91936696209092,true,false
500,20.0,150.03036819821438,99.82892673543228,0.07650525396275043,0.600525483622036,150.00194103211376,150.0784462860765,99.48764428110422,100.08816976472626,false,true
500,20.0,149.87885796818136,99.89347801994677,0.07662961292766113,0.76219759147817,149.8516050935645,149.92823470649216,99.46879134415678,100.23098893563495,false,true
500,20.0,149.9734320774134,99.58539058792039,0.07603698066344577,0.5358024430686328,149.946151755171,150.02218873583445,99.26883572558722,99.80463816865586,true,false
500,20.0,149.93936916387906,99.74278837847004,0.07332013320441888,0.7452742392266742,149.91213985956583,149.98545999277025,99.33715741799091,100.08243165721758,false,true
500,20.0,149.93483233968814,99.51493474755635,0.07676050553084224,0.5834274612313664,149.90612639143527,149.9828868969661,99.18236821909358,99.76579568032494,false,false
500,20.0,150.00666225103154,99.66190190499917,0.07572269982799185,0.5575543455143475,149.97961548126,150.055338181088,99.3224832046215,99.88003755013585,true,false
500,20.0,149.99281800567303,99.8871220866564,0.07342492368562148,0.4553130668432601,149.96389820635335,150.03732313003897,99.61429337357785,100.06960644042111,true,true
500,20.0,149.82834206514937,99.33485711805416,0.06879118632772929,0.7969257266139635,149.80207213302776,149.8708633193555,98.90777148884767,99.70469721546164,false,false
500,20.0,150.03365310741754,101.46432241894937,0.06672146328961048,0.5851348981889828,150.00816221396047,150.07488367725009,101.12718083671277,101.71231573490175,false,false
500,20.0,149.97081058743302,100.38740896419074,0.07494964367174362,0.47562635569532574,149.942949619192,150.01789926286375,100.11704935800148,100.5926757136968,true,false
500,20.0,150.01045488403858,100.96382278843484,0.06860028947582464,0.6064793202150156,149.98476942969188,150.0533697191677,100.61391770468515,101.22039702490017,true,false
500,20.0,150.02386097647886,99.81932675545585,0.0734611824062199,0.5440267404431296,149.9961279797747,150.06958916218093,99.50488004815173,100.04890678859486,true,true
500,20.0,149.8994874395163,99.58933194331095,0.06501219058856123,0.5203342437974214,149.87469454576615,149.9397067363547,99.29020547135713,99.81053971515455,false,false
500,20.0,150.02483879752873,99.82942919537398,0.07466408409581504,0.5593263432189701,149.9967060636702,150.071370147766,99.50593016458888,100.06525650780785,true,true
500,20.0,150.03941043745095,99.6708482946226,0.07441073333365011,0.6060732389988743,150.01150234763196,150.0859130809656,99.33817800794843,99.9442512469473,false,false
500,20.0,149.89524765187122,101.81176930048093,0.07306165354287941,0.5678609880787349,149.8683232017774,149.94138485532028,101.48478390899879,102.05264489707753,false,false
500,20.0,149.95968725691267,99.59418290743673,0.07483903825425386,0.6859622357284678,149.93255681507924,150.0073958533335,99.21089280053522,99.89685503626369,true,false
500,20.0,150.00203219982214,100.36948885904212,0.07075049511718134,0.7125061148403233,149.97566909787426,150.04641959299144,99.96844565808249,100.68095177292281,true,true
500,20.0,150.0434499120185,99.63149389826748,0.07463010613781762,0.5897549707648011,150.01667250069266,150.09130260683048,99.28865247212843,99.87840744289323,false,false
500,20.0,149.80568028250605,99.91720660465236,0.07264535900620217,0.6264877356497323,149.77834870244135,149.85099406144755,99.56974807305329,100.19623580870302,false,true
500,20.0,150.03222007601212,100.04497886122076,0.07458514245033143,0.46203791703015895,150.00461511285752,150.07920025530785,99.78073197433345,100.24276989136361,false,true
500,20.0,150.02975670604374,100.956767402228,0.06926420604199279,0.7506884137605709,150.00440569051884,150.07366989656083,100.5586542304826,101.30934264424317,false,false
500,20.0,150.01947007873986,100.1627266512401,0.07762105407434206,0.6740177694327798,149.98931983448168,150.06694088855602,99.79814664556783,100.4721644150006,true,true
500,20.0,149.91132251971766,99.78745695381815,0.07601303940052162,0.6771176329887396,149.88287068611004,149.95888372551056,99.41529905865646,100.0924166916452,false,true
500,20.0,150.03224151119537,100.09840545687747,0.0819524558908995,0.6209865429787271,150.00246396506617,150.08441642095707,99.74146276413325,100.36244930711197,false,true
500,20.0,150.0403323800822,100.01895949668467,0.07559199340900591,0.6936459332737002,150.01163000066072,150.08722199406972,99.62606150910503,100.31970744237873,false,true
500,20.0,149.73642689722305,99.67141149871534,0.07079749853912176,0.7449614697102618,149.70936381805225,149.78016131659137,99.27361902387666,100.01858049358692,false,true
500,20.0,150.03763817886903,99.52926926876222,0.07386313737239902,0.64884831539392,150.0100944427884,150.08395758016079,99.16050673094041,99.80935504633433,false,false
500,20.0,150.00841821411308,100.11572143158114,0.07530027680761009,0.7091164738731237,149.98002263053235,150.05532290733996,99.72018314658908,100.4292996204622,true,true
500,20.0,149.96568811278462,99.53487616249922,0.07377310573070872,0.6724396304118017,149.93883282509282,150.01260593082353,99.16087599606306,99.83331562647486,true,false
500,20.0,149.95072216790686,99.82253231012567,0.07471953537762488,0.5492349910017111,149.9240795330171,149.99879906839473,99.51202339243952,100.06125838344123,false,true
500,20.0,150.0124507101776,99.75043074103301,0.07670200931590898,0.48896412298059033,149.98362145947843,150.06032346879434,99.46820139101438,99.95716551399497,true,false
500,20.0,150.0412035038364,100.02091699524607,0.07347858724571665,0.6966001125665429,150.01463207840288,150.0881106656486,99.63115018957137,100.32775030213791,false,true
500,20.0,150.00435192524512,99.96009980763367,0.07388816181202174,0.5986373796501994,149.9764577993114,150.0503459611234,99.61501372612975,100.21365110577995,true,true
500,20.0,149.74926171281913,99.85282545617298,0.07647000801406989,0.6099420166488159,149.72127897908956,149.79774898710363,99.51161992443106,100.12156194107988,false,true
500,20.0,150.02984601857972,99.4134276135541,0.0726232666459623,0.7391631944435346,150.00361473246352,150.07623799910948,98.99924397394527,99.7384071683888,false,false
500,20.0,150.0294537332186,99.46702917314857,0.07362895028367689,0.6518780074838304,150.00193143838203,150.0755603886657,99.09905503117486,99.75093303865869,false,false
500,20.0,149.7373036113416,99.21402026276893,0.07355144421160276,0.7587639886826594,149.710818742041,149.7843701862526,98.80560430497843,99.56436829366109,false,false
500,20.0,150.03923494594267,101.17176900604295,0.07048777291299757,0.649301730091139,150.012580997616,150.083068770529,100.8093813363579,101.45868306644904,false,false
500,20.0,150.03624436212192,99.75206103408986,0.07089116747954449,0.6046250269322258,150.01105039749467,150.08194156497422,99.40134968720041,100.00597471413263,false,true
500,20.0,150.03041781507312,100.29965418612531,0.07385695559554506,0.6040660167750218,150.0043401621248,150.07819711772035,99.95792164973541,100.56198766651043,false,true
500,20.0,149.9076629477214,100.124857161553,0.07132937003930806,0.5144778406026944,149.88063612040068,149.95196549044,99.83787562675144,100.35235346735413,false,true
500,20.0,150.02908107580294,99.53336778775781,0.07580810771318625,0.5300833232108317,150.000110124618,150.0759182323312,99.22398271630911,99.75406603951994,false,false
500,20.0,150.02646226277767,100.49627677833857,0.07708708667450992,0.5701036249381559,149.9973246552497,150.07441174192422,100.18328042736223,100.75338405230039,true,false
500,20.0,149.9163293814829,100.02482263894444,0.06841360353666914,0.45962329041283567,149.89119318567532,149.959606789212,99.76937423099116,100.228997521404,false,true
500,20.0,149.7269959666568,100.16775014102907,0.07831589609475031,0.5192146973821679,149.69684203632912,149.77515793242387,99.87077651511717,100.38999121249934,false,true
500,20.0,149.98537292313915,99.66226520410962,0.07389674276544156,0.55717293658644,149.95756274739287,150.0314594901583,99.33869205123456,99.895864987821,true,false
500,20.0,150.04116515907356,100.73020476052118,0.07448453030829683,0.5892450905634377,150.01388782590766,150.08837235621596,100.41228980882941,101.00153489939285,false,false
500,20.0,150.03804902505544,100.61558021593,0.07301750850845679,0.6320258716003622,150.0122178204862,150.08523532899466,100.2655998373054,100.89762570890576,false,false
500,20.0,150.04152830340476,100.10875547942439,0.07549784709382834,0.5423288113758105,150.01316981364067,150.0886676607345,99.79965839248838,100.34198720386419,false,true
500,20.0,150.03638049520944,101.43530319274952,0.065928245578732,0.7183401868011714,150.01143068135485,150.07735892693358,101.04280787618787,101.76114806298904,false,false
500,20.0,150.03093147894612,99.45378371793652,0.07472005175816321,0.6420184227264087,150.00390572565885,150.07862577741702,99.09612334476631,99.73814176749272,false,false
500,20.0,149.9931324978001,99.18182858359107,0.06767332437999585,0.7514886998972656,149.9675575653037,150.0352308896837,98.76708163168826,99.51857033158552,true,false
500,20.0,150.03003793357618,100.39022301918622,0.07569302440265346,0.6420130794293186,150.0018663982367,150.07755942263935,100.0155631393322,100.65757621876152,false,false
500,20.0,150.01858081227755,100.24988725030343,0.0726256815245847,0.6013841488224472,149.99181405283585,150.06443973436043,99.92115932828219,100.52254347710463,true,true
500,20.0,150.01836057111336,99.86001428131001,0.07399074884310153,0.6579729808353818,149.99032008440398,150.06431083324708,99.48741208567137,100.14538506650675,true,true
500,20.0,150.0176186468492,100.07189054666404,0.07230877513984524,0.6747155864789107,149.9911418377074,150.06345061284725,99.7054765377438,100.38019212422272,true,true
500,20.0,150.0429843633716,100.9167757109837,0.06979211553817777,0.44704185942192964,150.01733816192987,150.08713027746805,100.65556998036071,101.10261183978264,false,false
500,20.0,150.00522767475428,100.66774774618065,0.07466555674321285,0.5881394109556766,149.97735520781796,150.05202076456118,100.33634925650583,100.9244886674615,true,false
500,20.0,149.94692655541152,99.96199195869718,0.07013661860460729,0.5996287938423279,149.9219493854118,149.99208600401641,99.62534533582527,100.2249741296676,false,true
500,20.0,150.0206283074056,100.24820933615027,0.07456611528377266,0.6730328080892036,149.99431687450567,150.06888298978944,99.86679395716669,100.5398267652559,true,true
500,20.0,149.9757181137161,101.01506388277144,0.07135188453690944,0.6332320677319956,149.95086365312875,150.02221553766566,100.67167447723513,101.30490654496712,true,false
500,20.0,150.04251538959056,100.75430686660432,0.07189163765204398,0.5513245026118057,150.01538357175752,150.08727520940957,100.4331719216489,100.98449642426071,false,false
500,20.0,150.0179074632163,100.02074538934198,0.06997040772759533,0.6794691892730782,149.9908409242876,150.0608113320152,99.637722366596,100.31719155586907,true,true
500,20.0,149.99796087672792,99.44456002562457,0.07242696522402525,0.8463384463419743,149.96981489215395,150.04224185737797,98.98650469156163,99.83284313790361,true,false
500,20.0,150.01566136147994,99.70561542038149,0.07900668886111362,0.4426916348348584,149.98533110867353,150.06433779753465,99.44191288729783,99.88460452213269,true,false
500,20.0,149.92099327316728,99.74359996592335,0.07354143328740292,0.6560653238955467,149.89335630862,149.96689774190742,99.38525759321817,100.04132291711372,false,true
500,20.0,150.00028168689926,100.07167956358336,0.07160059552916209,0.6134236279358873,149.9741031626699,150.04570375819907,99.73061237115543,100.34403599909132,true,true
500,20.0,150.01093967458633,100.09786601870957,0.0752104359835073,0.7515263184570671,149.98400400911763,150.05921444510113,99.68989906068374,100.44142537914081,true,true
500,20.0,149.94238642909312,99.93448899012196,0.07125739790149055,0.6693648913815338,149.9168188322675,149.98807623016899,99.56147278499529,100.23083767637682,false,true
500,20.0,149.9741427365651,99.44831016523165,0.0754749641735657,0.6370906524688706,149.94538592824227,150.02086089241584,99.086253694488,99.72334434695686,true,false
500,20.0,150.02178833385344,101.04089249442441,0.07334246786095378,0.6665719933053964,149.99481141117178,150.06815387903274,100.6621850989319,101.3287570922373,true,false
500,20.0,150.04175185979938,99.88089932547263,0.07069204400465878,0.4363072290192065,150.01590135537134,150.086593399376,99.62012222070467,100.05642944972388,false,true
500,20.0,149.99280716715668,100.57909086274205,0.07757848361367792,0.6780628244376317,149.96407999875626,150.04165848236994,100.20573345668754,100.88379628112517,true,false
500,20.0,150.02629918045534,99.68246277900676,0.07377339833024621,0.5515832627627049,149.99945309335544,150.0732264916857,99.36609911705668,99.91768237981938,true,false
500,20.0,149.96370756534108,99.93215509172973,0.07163767496362539,0.8254097740751263,149.93696339398443,150.00860106894805,99.4832704801227,100.30868025419782,true,true
500,20.0,150.03437971234683,99.93786415384469,0.07561500444700187,0.38353782414506554,150.0064243923341,150.0820393967811,99.72066326080278,100.10420108494785,false,true
500,20.0,150.0205692001528,99.86972637932944,0.07527914308224126,0.5047195813295815,149.992034792148,150.06731393523023,99.57485501213372,100.0795745934633,true,true
500,20.0,150.00378927136614,99.86122424124234,0.07938493369704247,0.5375321052094506,149.97384768600028,150.05323261969733,99.55430247604741,100.09183458125686,true,true
500,20.0,149.82816365533677,99.56756551099824,0.07234323611720583,0.6242643264732379,149.80143137051476,149.87377460663197,99.22037403669029,99.84463836316353,false,false
500,20.0,150.02045672295276,100.2048419263631,0.07292221806829957,0.48980301186985287,149.9940396794559,150.0669618975242,99.9123550042684,100.40215801613826,true,true
500,20.0,150.0107464824202,99.60329944912276,0.07591356720371323,0.5532516848984557,149.98290359595862,150.05881716316233,99.29878317078445,99.8520348556829,true,false
500,20.0,150.01870349863907,99.83007193017235,0.0759104102383219,0.4777442802695475,149.9920995101496,150.0680099203879,99.54953560926161,100.02727988953116,true,true
500,20.0,149.774711652782,100.23495408532327,0.07442733032578985,0.5657311036468684,149.7478120325473,149.8222393628731,99.91213808575588,100.47786918940275,false,true
500,20.0,150.0404264486222,99.60312292371803,0.07675060670715084,0.6613839628801088,150.01240025865832,150.08915086536547,99.24672217706038,99.90810613994049,false,false
500,20.0,149.9429153222501,99.8060538063034,0.07125314442123454,0.5706549871647155,149.91583394782208,149.9870870922433,99.48145754516949,100.0521125323342,false,true
500,20.0,149.84213326588718,99.66725102928108,0.07640060476825283,0.5380944551492348,149.81466512659517,149.89106573136343,99.35245924923255,99.89055370438179,false,false
500,20.0,149.93377340505867,100.05956754756902,0.06902647369844317,0.841328343569856,149.90781629765453,149.97684277135298,99.59626250910848,100.43759085267834,false,true
500,20.0,150.0308413936442,99.60158382103069,0.07327716810777929,0.4927872077149402,150.00320453754327,150.07648170565105,99.31913472529337,99.8119219330083,false,false
500,20.0,149.97565469176152,100.38113206108096,0.0709168974379395,0.4853924000637022,149.95066011872314,150.02157701616107,100.10671170220203,100.59210410226574,true,false
500,20.0,149.75379787721255,99.77839829537035,0.07351939061470603,0.4694891647831838,149.72626884420268,149.79978823481738,99.51036322901726,99.97985239380044,false,false
500,20.0,149.95531775919025,100.09560662606779,0.06818241673062175,0.4630001088917055,149.92959634018928,149.9977787569199,99.82415678958573,100.28715689847743,false,true
500,20.0,150.02849209809975,100.32236445725013,0.07472597772289191,0.614762893074797,150.00100243164667,150.07572840936956,99.97277941937136,100.58754231244616,false,true
500,20.0,149.96086265512344,100.5281272734655,0.06484610562918647,0.5819128142306198,149.93623320416242,150.0010793097916,100.2169624146893,100.79887522891993,true,false
500,20.0,150.02603325933475,99.94326955800076,0.07421628710355321,0.680228075256764,149.9980556880661,150.07227197516966,99.56592609162684,100.2461541668836,true,true
500,20.0,150.02153962552802,99.68391502710756,0.0752704957235153,0.6181261398836995,149.99448609353706,150.06975658926058,99.33762489811446,99.95575103799816,true,false
500,20.0,150.0059410995196,100.43317495008782,0.07645736950965443,0.7069437677758259,149.97699898891278,150.05345635842244,100.05791766084631,100.76486142862214,true,false
500,20.0,149.91470752347706,100.060748610272,0.07300979180752165,0.6408170949979137,149.88887392365154,149.96188371545907,99.71103870225468,100.3518557972526,false,true
500,20.0,149.9515974460216,100.14256726430926,0.07573379196020369,0.41514872613348075,149.92358481410076,149.99931860606097,99.90646545784469,100.32161418397817,false,true
500,20.0,150.0038325017987,100.49367062061938,0.07364626211384007,0.6201189806347998,149.97623567255982,150.04988193467366,100.13352277678604,100.75364175742084,true,false
500,20.0,149.85602378318154,99.72318880429287,0.07668768202782417,0.570654661157235,149.82831354059346,149.90500122262128,99.40169002219417,99.97234468335141,false,false
500,20.0,149.9900858322299,99.72809861791856,0.08019378416685186,0.4871997463905018,149.96083609491387,150.04102987908072,99.44623493584496,99.93343468223546,true,false
500,20.0,150.0479131401344,99.43835912459275,0.07390090299634267,0.6893041448944075,150.01997263186786,150.0938735348642,99.06942021901578,99.75872436391019,false,false
500,20.0,150.01773971309672,100.0260078642498,0.07071038860300405,0.48646772621822265,149.99176646753617,150.06247685613917,99.74791167820464,100.23437940442287,true,true
500,20.0,149.92411158460737,100.887595014389,0.06843160434496554,0.5751046533504223,149.8981616552106,149.96659325955557,100.56592898581604,101.14103363916647,false,false
500,20.0,150.01594060827676,100.01556898687656,0.0722601760460293,0.4441259804367803,149.98858525560289,150.06084543164891,99.7529320036111,100.19705798404787,true,true
500,20.0,150.03308102568636,99.64029031584403,0.07549949774778497,0.5783860259740834,150.0053088732464,150.0808083709942,99.31114570231492,99.889531728289,false,false
500,20.0,150.03335195942452,100.40497289276928,0.07410155763449211,0.7225224136537776,150.00578597698382,150.0798875346183,100.01341360060826,100.73593601426204,false,false
500,20.0,149.98794372688295,100.10321172508822,0.0738119869711511,0.7283394736719089,149.9610188278662,150.03483081483736,99.71722365649322,100.44556313016513,true,true
500,20.0,150.0036696440191,101.4091323604055,0.06858367190608305,0.7162704097193,149.97890805930206,150.04749173120814,101.0268493374189,101.7431197471382,true,false
500,20.0,149.93869574929153,99.81462998403484,0.0758764809097272,0.5223623692081247,149.91079835594394,149.98667483685367,99.5072595862404,100.02962195544852,false,true
500,20.0,149.9165276920403,99.68499110980339,0.07732003270001542,0.5824071210490018,149.88724705623832,149.96456708893834,99.35906503502099,99.94147215606999,false,false
500,20.0,149.96586288290325,100.17574811802596,0.07456400806981378,0.6994264166397812,149.93819733812805,150.01276134619786,99.78107637252543,100.48050278916521,true,true
500,20.0,150.04698791693346,100.51283535686011,0.07307735101869639,0.5747450158995377,150.02003818780884,150.09311553882753,100.18361776383298,100.75836277973252,false,false
500,20.0,150.03319598268652,99.72236088800484,0.07433283143907943,0.836152278945633,150.00431784702573,150.0786506784648,99.27383676780335,100.10998904674898,false,true
500,20.0,150.00800787993438,100.62068884797556,0.07588155954388753,0.6048206320337925,149.9800795014704,150.0559610610143,100.28168737013347,100.88650800216726,true,false
500,20.0,150.0305089984712,99.7055988382697,0.07764913676118113,0.6490633053078341,150.00151001887946,150.07915915564064,99.33586860532455,99.98493191063238,false,false
500,20.0,150.0280176431932,99.68307556374558,0.07598464742636679,0.5452838881198545,150.0011369131226,150.07712156054896,99.37775616722749,99.92304005534734,false,false
500,20.0,150.03905257327636,99.6128549526104,0.07526012874976118,0.612922870758652,150.01071195581767,150.08597208456743,99.25502100770768,99.86794387846633,false,false
500,20.0,150.0083246978101,100.49694168753832,0.07243301802952828,0.8610634818773661,149.9810893773226,150.05352239535213,100.04390815750992,100.90497163938728,true,false
500,20.0,149.99683813795232,100.33560929791008,0.07044257487166306,0.6434324783827634,149.9703925669308,150.04083514180246,99.97979579176946,100.62322827015223,true,true
500,20.0,149.97750103409865,99.87321046080439,0.07165512256972306,0.6808416206793027,149.95074039560274,150.02239551817246,99.49328039161534,100.17412201229465,true,true
500,20.0,149.94794577793164,100.23903863541939,0.07439019900280641,0.6319776394208247,149.92172523889104,149.99611543789385,99.89574700678699,100.52772464620782,false,true
500,20.0,149.9435505531518,100.0629989230286,0.07016372184440911,0.5239156544560046,149.91733273901997,149.98749646086438,99.76763027274994,100.29154592720595,false,true
500,20.0,150.04550260065164,100.38889916311601,0.07024183578243992,0.4703675981766793,150.02030079447167,150.0905426302541,100.1196131628858,100.58998076106248,false,false
500,20.0,149.74552345610425,100.29224160467322,0.07106783300872621,0.65121095741506,149.71864948424263,149.78971731725136,99.94008216494862,100.59129312236368,false,true
500,20.0,149.93216459741225,99.94923817801951,0.07369502905507375,0.5142968663811445,149.9042011423087,149.97789617136377,99.66389058837817,100.17818745475931,false,true
500,20.0,149.88186377010845,99.59741729913249,0.07724200237515788,0.49321768441926395,149.85206832080564,149.9293103231808,99.32213036159192,99.81534804601118,false,false
500,20.0,149.97784639072324,100.88514401784387,0.07607516753071764,0.6318731591682081,149.95009819056477,150.0261733580955,100.54526675924726,101.17713991841546,true,false
500,20.0,150.03522486253462,99.87725996179611,0.07564069793869521,0.4761062737110251,150.00757861868817,150.08321931662687,99.60436756272233,100.08047383643336,false,true
