ndata,sigma,theta1_median,theta2_median,theta1_iqrs,theta2_iqrs,quartiles1_1,quartiles3_1,quartiles1_2,quartiles3_2,theta1_coverage,theta2_coverage
200,1.0,149.98269316233296,100.50695247331277,0.9104605037055364,0.20256671000603887,149.55485992635522,150.46532043006076,100.37830765590627,100.58087436591231,true,false
200,1.0,149.99311896787282,99.91746813047014,0.7057636277348251,0.18609655780099388,149.6609699383996,150.36673356613443,99.79958249095682,99.98567904875782,true,false
200,1.0,149.9668540798803,99.93480369076681,0.9132898079168683,0.17498847063409073,149.53212651949892,150.44541632741578,99.82646926282297,100.00145773345706,true,true
200,1.0,150.3106445911124,100.19754478149879,0.8430356620290809,0.19050773327077763,149.90272428346793,150.745759945497,100.07799301352205,100.26850074679282,true,false
200,1.0,150.32221807105003,99.94735517038941,0.6362552433349435,0.1776873742744698,150.03779685211308,150.67405209544802,99.83392183652319,100.01160921079766,false,true
200,1.0,149.66991923610095,99.97059269211253,0.9991727210296233,0.18740937046318606,149.1926565437242,150.19182926475384,99.85062658783956,100.03803595830274,true,true
200,1.0,150.26087707037055,99.97218388591126,0.6938641175332236,0.19005112196744278,149.94555272226998,150.6394168398032,99.85177445628958,100.04182557825702,true,true
200,1.0,150.12325886581664,100.08960441034024,0.9575995061780134,0.17942734886584333,149.6747460062965,150.6323455124745,99.97642468780035,100.15585203666619,true,true
200,1.0,149.51626887556182,100.33576818964877,1.010614743803501,0.17988255494610428,149.02982524978745,150.04043999359095,100.22460918161192,100.40449173655803,true,false
200,1.0,150.44420292883686,99.93666268932728,0.5834610541616314,0.18488682071071594,150.19409849568888,150.7775595498505,99.82240760207162,100.00729442278234,false,true
200,1.0,150.6571162887152,99.98190072491934,0.6565592929612478,0.1782090124309974,150.36002722237623,151.01658651533748,99.86996866341337,100.04817767584437,false,true
200,1.0,149.55016073808218,99.98086549453828,0.9542763907147105,0.18374966178745922,149.09797331346937,150.05224970418408,99.86646082796699,100.05021048975445,true,true
200,1.0,150.24571473212166,100.39004522436701,0.7621280438211215,0.18784516631254178,149.90578397361327,150.6679120174344,100.27191285445869,100.45975802077123,true,false
200,1.0,149.28729190251423,100.21508143317082,1.0559368437592695,0.18212948985672028,148.7715007975808,149.82743764134008,100.09963554501971,100.28176503487643,false,false
200,1.0,149.86754426400404,99.96231529011683,0.8580751711602659,0.1763189866303918,149.47260834202092,150.33068351318119,99.8499913045661,100.0263102911965,true,true
200,1.0,150.30433142343873,99.94398492051364,0.6914286791236464,0.17655505340840705,149.99213678053144,150.68356545965509,99.83250683356584,100.00906188697425,true,true
200,1.0,149.85090140515638,99.92459497836143,0.8716702847515876,0.1680294391354522,149.45045257311895,150.32212285787054,99.82026980856831,99.98829924770376,true,false
200,1.0,149.67304634524345,100.08322999399235,0.9569532077901783,0.17723073232311037,149.214710384215,150.1716635920052,99.97305027975764,100.15028101208075,true,true
200,1.0,150.23072470843587,100.19589534462048,0.64108758059308,0.19412353640343838,149.94879619263594,150.58988377322902,100.07753393879693,100.27165747520037,true,false
200,1.0,149.5494617101182,100.57768355198452,0.9979981611238884,0.200907834253357,149.0633955905844,150.0613937517083,100.44468897462589,100.64559680887925,true,false
200,1.0,149.9388597940317,99.90134882578636,0.8677810753167989,0.16905629036779146,149.5261317690156,150.3939128443324,99.79556131372709,99.96461760409488,true,false
200,1.0,150.4784092376065,100.64905971927988,0.730292382304583,0.20512766498956125,150.15762933424116,150.88792171654575,100.52164587905553,100.72677354404509,false,false
200,1.0,149.03262312307206,100.17640049376215,1.1115561241722673,0.18218981830597158,148.49081651551933,149.6023726396916,100.06091885416625,100.24310867247222,false,false
200,1.0,150.24190586383986,100.09267979457229,0.5928244773813276,0.17147158386362094,149.98069963478395,150.57352411216527,99.98670303865077,100.1581746225144,true,true
200,1.0,150.32008775185318,100.03286370153366,0.7758348930177874,0.1879364562502701,149.96668570557677,150.74252059859455,99.91532365614401,100.10326011239428,true,true
200,1.0,150.17166055842256,99.91346507527403,0.6508050418040057,0.17220683535612125,149.89161757204135,150.54242261384536,99.8057169769575,99.97792381231362,true,false
200,1.0,150.2520814327061,99.89440249019589,0.8274278604530991,0.18379865348114777,149.8626292748891,150.6900571353422,99.78034927247342,99.96414792595456,true,false
200,1.0,148.98813109786255,99.89126502843206,1.1165369141154144,0.17775187351786315,148.4504657749734,149.5670026890888,99.77678859232927,99.95454046584713,false,false
200,1.0,150.05628689764677,99.93451668999614,0.7499583512843913,0.173801340758871,149.71591925570075,150.46587760698515,99.82422096909383,99.9980223098527,true,false
200,1.0,150.0042558279638,100.0621894411452,0.7038846465996471,0.19735184907573,149.6892685934298,150.39315324002945,99.94017768902805,100.13752953810378,true,true
200,1.0,149.75024874628042,99.99658703924638,0.7472659269257633,0.1822581929593099,149.41440840293208,150.16167432985785,99.88628648737318,100.0685446803325,true,true
200,1.0,150.27470283339724,99.92994110765392,0.8306784905277027,0.17819644382608146,149.89687104482158,150.72754953534928,99.81856947850802,99.9967659223341,true,false
200,1.0,149.54796144176476,99.93613479209301,0.9429201020993503,0.16946399134640444,149.09574998283736,150.0386700849367,99.82841782599155,99.99788181733796,true,false
200,1.0,149.5937705956535,99.92285281056493,0.9158354001260136,0.17793389701131446,149.16965821136924,150.08549361149525,99.8098484909643,99.98778238797561,true,false
200,1.0,149.44887729697336,99.95615087591634,0.9821194258730088,0.16746570003637373,148.97792978835702,149.96004921423003,99.84731911724502,100.0147848172814,false,true
200,1.0,150.3935107246588,100.10415908578739,0.6514748830994392,0.19025508081445253,150.1124382282837,150.76391311138315,99.9850675383115,100.17532261912595,false,true
200,1.0,150.37461211580825,100.01867460218924,0.8958238637335683,0.17620063905121697,149.9520873863917,150.84791125012526,99.91078561610188,100.08698625515309,true,true
200,1.0,150.26974356242118,100.14261095292787,0.7630626210383298,0.181837831331066,149.91884885640513,150.68191147744346,100.03178501514179,100.21362284647286,true,false
200,1.0,149.57827780612453,99.91278717267359,0.9299840625578781,0.1872039253503459,149.15734336824931,150.0873274308072,99.79376296609752,99.98096689144786,true,false
200,1.0,150.31232445641743,100.58107390315637,0.7312402728229301,0.20433517713203742,149.99040563444836,150.7216459072713,100.45327905828111,100.65761423541315,true,false
200,1.0,150.18418256777923,100.3714108966649,0.8020183198201494,0.18717204163982615,149.81938360912275,150.6214019289429,100.2523857969045,100.43955783854433,true,false
200,1.0,149.92892987325013,100.18642478461821,0.8557819871009258,0.1859666207048889,149.52358860555526,150.3793705926562,100.07053524941695,100.25650187012184,true,false
200,1.0,149.0233637075902,99.93029311803215,0.910639837491459,0.17484203812570343,148.592474505899,149.50311434339045,99.81988857184612,99.99473060997182,false,false
200,1.0,149.54152470378227,100.18258827964547,0.8724500497383758,0.17990062700623355,149.1314270144074,150.00387706414577,100.07180514922253,100.25170577622876,true,false
200,1.0,149.83321530512683,100.39095316346874,0.8698984723642127,0.18209016469540984,149.4163061473082,150.28620461967242,100.27580807643716,100.45789824113257,true,false
200,1.0,150.35886029268892,99.90546909016174,0.754933589045379,0.17891526827993687,150.00820281098427,150.76313640002965,99.79570005894197,99.97461532722191,false,false
200,1.0,150.06441050047707,100.20898315312816,0.8263735036046285,0.1791985520600008,149.678584420485,150.50495792408964,100.09840520137678,100.27760375343678,true,false
200,1.0,150.47562086779556,100.04865502814543,0.6834395128512938,0.19250723891339305,150.1714041354926,150.8548436483439,99.92763210532087,100.12013934423426,false,true
200,1.0,150.18778330893315,100.05613203237291,0.7325571809391818,0.18383089181691048,149.84356765571914,150.57612483665832,99.94218247923678,100.12601337105369,true,true
200,1.0,148.71847234132042,100.01007857176614,1.1308379840542955,0.1641708141963818,148.17985698541747,149.31069496947177,99.90755171227897,100.07172252647536,false,true
200,1.0,150.23696608069287,100.01695887489333,0.8590282676362335,0.1830640477480756,149.82559988640435,150.68462815404058,99.90238124720754,100.08544529495562,true,true
200,1.0,150.40353426890985,100.084594119392,0.6162208007662571,0.19610942914322038,150.1414741907118,150.75769499147805,99.96169491931106,100.15780434845428,false,true
200,1.0,150.52590063606277,100.26931221750876,0.698721304154958,0.19087057506781946,150.21607962809804,150.914800932253,100.15118786785082,100.34205844291864,false,false
200,1.0,150.5853079513227,99.90601129402503,0.7181084591741183,0.18001365617462284,150.23886257816616,150.95697103734028,99.79201710371402,99.97203075988864,false,false
200,1.0,149.0398142058159,99.9981958169647,1.053813400742598,0.17642190785812772,148.53404394440506,149.58785734514765,99.88920495494267,100.0656268628008,false,true
200,1.0,149.49709380624574,99.94465269281963,0.9213207737261939,0.17984800668992307,149.07368729940217,149.99500807312836,99.83139905793895,100.01124706462888,false,true
200,1.0,149.75363034756475,99.93359604795386,0.9438252457428007,0.17576725399635507,149.30724005623063,150.25106530197343,99.82548714430683,100.00125439830319,true,true
200,1.0,149.82824939679847,100.15296120836408,0.8365914890015915,0.18076553709336451,149.44938940868315,150.28598089768474,100.03928996814187,100.22005550523524,true,false
200,1.0,150.51886364880653,99.88803546828603,0.85341789003337,0.18882391829845346,150.1135696990248,150.96698758905816,99.76919881846472,99.95802273676317,false,false
200,1.0,149.22186065550432,99.93967797861487,1.1545155533595164,0.17716280683615082,148.64249648400875,149.79701203736826,99.82821702258298,100.00537982941913,false,true
200,1.0,149.9894061079182,99.92398987539741,0.8158009413249658,0.1759881744897882,149.6242450873847,150.44004602870967,99.81213613448514,99.98812430897493,true,false
200,1.0,150.48450190674117,99.98328460456679,0.6318880116138246,0.17552806312525604,150.20694471969824,150.83883273131207,99.87255114443789,100.04807920756315,false,true
200,1.0,149.45599685350282,99.89819232786289,0.9028882328799455,0.17563673021625448,149.04207136985303,149.94495960273298,99.78601108508238,99.96164781529863,false,false
200,1.0,149.97022315912454,100.08568619005665,0.8016785417815129,0.19856321964455503,149.61874714717595,150.42042568895747,99.95782693600981,100.15639015565436,true,true
200,1.0,149.25515580554884,100.13765537785487,0.931183228562503,0.1845824469885713,148.8093256851084,149.7405089136709,100.01836312315928,100.20294557014785,false,false
200,1.0,149.39686170997047,100.28498829450271,0.7401660497170326,0.1875742403989875,149.0664897216966,149.80665577141363,100.16630985196633,100.35388409236532,false,false
200,1.0,150.29799826138037,100.11152209907246,0.7281178924845904,0.1791696144131123,149.95443753372783,150.68255542621242,99.99957991656531,100.17874953097842,true,true
200,1.0,150.55817336294155,99.92724321814543,0.651468552014876,0.17640758278433566,150.27184991116027,150.92331846317515,99.81163345221356,99.98804103499789,false,false
200,1.0,150.2168072672053,99.93407528578537,0.8019446702204505,0.18357185020443012,149.83820313919847,150.64014780941892,99.816723352469,100.00029520267343,true,true
200,1.0,150.33316837557436,100.0027411666236,0.7440888658875338,0.1864773153862842,150.0071190919358,150.75120795782334,99.88626149757992,100.07273881296621,false,true
200,1.0,150.28746062447146,100.00855297846365,0.7948966039155891,0.1885949959933555,149.94188065543455,150.73677725935013,99.88893490069313,100.07752989668649,true,true
200,1.0,149.26616932739233,100.40579717348302,1.0816788520297393,0.18910717793589527,148.73787925565216,149.8195581076819,100.29145136558259,100.48055854351848,false,false
200,1.0,150.17013037052152,100.17083465922164,0.7252405364687888,0.19546103049283658,149.84482817123973,150.57006870770851,100.04754877652451,100.24300980701734,true,false
200,1.0,149.71177142146246,100.04850797226128,0.933764277428196,0.17913389486960796,149.2544556381146,150.1882199155428,99.93762888312642,100.11676277799603,true,true
200,1.0,149.2809452198469,100.06196763411904,0.9204481739849939,0.17381694418746463,148.84324308138673,149.76369125537173,99.95425574450402,100.12807268869149,false,true
200,1.0,150.60822051436617,100.09145226719974,0.8131042438772056,0.1857575628020527,150.20511722755774,151.01822147143494,99.97534821840186,100.16110578120391,false,true
200,1.0,150.78426776539445,100.51149164765411,0.6777667906199554,0.20478996239167202,150.47049439198577,151.14826118260572,100.38402438865047,100.58881435104215,false,false
200,1.0,149.72533738014738,100.09565042807351,0.9239569942203616,0.1852002810539375,149.2873512558835,150.21130825010385,99.97573161566446,100.1609318967184,true,true
200,1.0,149.1234426051555,100.15475474115313,1.128267086727817,0.18569309313413385,148.57037625487126,149.69864334159908,100.03700353616644,100.22269662930057,false,false
200,1.0,149.5456061273416,100.38276550458434,0.8680729673508267,0.18837642698937884,149.1441123842638,150.01218535161462,100.264655197915,100.45303162490438,true,false
200,1.0,149.9679516819985,100.35778689826773,0.9595466322824961,0.1848329399228561,149.50193868912285,150.46148532140535,100.24473907170787,100.42957201163073,true,false
200,1.0,149.5013308938298,99.94674803538479,0.9517338297535787,0.177215001397812,149.0586097965688,150.01034362632237,99.83398832576933,100.01120332716714,true,true
200,1.0,149.95047957707607,99.95589297243322,0.9174325455353767,0.1861476404617406,149.51467063031345,150.43210317584882,99.84136992156431,100.02751756202605,true,true
200,1.0,150.128524867067,99.91110145581581,0.9210828014975618,0.17054911233958592,149.69900575395178,150.62008855544934,99.80223275523889,99.97278186757848,true,false
200,1.0,150.0067736105288,99.98749203206529,0.8128452441804654,0.17609193156243919,149.6326025246866,150.44544776886707,99.87768719356323,100.05377912512567,true,true
200,1.0,150.67260639549443,100.05469375970708,0.6915091726241371,0.17975535719543245,150.34752451227976,151.0390336849039,99.9434826943615,100.12323805155694,false,true
200,1.0,149.53032448430204,100.14297722968774,0.8192645023489717,0.1910870850823585,149.16878123307202,149.988045735421,100.02263719127185,100.21372427635421,false,false
200,1.0,150.10323227157758,100.03309257303292,0.9054388433975191,0.19323422917102562,149.68005528049645,150.58549412389397,99.91134950589179,100.10458373506282,true,true
200,1.0,149.94352290269953,99.97201636383917,0.8978662796608603,0.16876175664395987,149.52722428414862,150.42509056380948,99.86897027304505,100.03773202968901,true,true
200,1.0,148.6886015223347,100.00398595825007,1.1086112053434931,0.17485014658950604,148.14618865626971,149.2547998616132,99.89346435054031,100.06831449712982,false,true
200,1.0,149.8914179026924,99.88865619338688,0.8145861672119281,0.18346185937548398,149.52660260029637,150.3411887675083,99.77248510064152,99.955946960017,true,false
200,1.0,149.99581673284882,99.91367109722606,0.8124872307861608,0.1763819966139124,149.6201150348264,150.43260226561256,99.80119567288423,99.97757766949815,true,false
200,1.0,150.1903573360916,99.96246422934226,0.9602023965069577,0.17961209346977114,149.71299197380233,150.6731943703093,99.84843728859643,100.0280493820662,true,true
200,1.0,150.0290503372665,99.97940160693514,0.9196170061051703,0.18517532621410737,149.58331451051512,150.5029315166203,99.86208994970875,100.04726527592285,true,true
200,1.0,150.12696044155908,99.9372693927064,0.836456462397507,0.18310661082519175,149.74172015853162,150.57817662092913,99.82356561680523,100.00667222763042,true,true
200,1.0,149.0634062024935,99.89868639587017,1.0382317773174634,0.1788903209371,148.5658858505657,149.60411762788317,99.78582150488201,99.96471182581911,false,false
200,1.0,149.67291469106047,100.42926371143149,0.8788240577713964,0.1808171181333904,149.2755621586952,150.1543862164666,100.31598598603853,100.49680310417192,true,false
200,1.0,150.39401162437542,100.02027148900021,0.6094689664050179,0.18005726705851544,150.1228798548562,150.7323488212612,99.90773899409731,100.08779626115583,false,true
200,1.0,150.2394485232947,99.89474251974619,0.8642228918315595,0.17276750373223138,149.8414269519165,150.70564984374806,99.78851176635507,99.9612792700873,true,false
200,1.0,150.30666297887547,100.09040579778575,0.6213805884920873,0.18356447853506097,150.0436076930185,150.66498828151057,99.97520095622053,100.1587654347556,false,true
200,1.0,150.12752574502034,99.89102259186214,0.8043109846710195,0.17944256166475725,149.77258541349585,150.57689639816687,99.77660897129762,99.95605153296238,true,false
200,1.0,150.01889581160378,99.97168820275905,0.6899754588694975,0.17188196439511216,149.70893393337303,150.39890939224253,99.86335480409686,100.03523676849197,true,true
200,1.0,150.15807474653258,100.18456349093218,0.6621118538655821,0.18523374511740087,149.86261985107416,150.52473170493974,100.06871717150932,100.25395091662672,true,false
200,1.0,149.93976057856509,100.29861501641483,0.898520843767443,0.18276528052686558,149.51373691000194,150.41225775376938,100.18333670897962,100.36610198950649,true,false
200,1.0,150.05066148244197,99.90265730967653,0.7120523738497297,0.17401178003932216,149.72625571517457,150.4383080890243,99.78970249362416,99.96371427366348,true,false
200,1.0,149.92898978514674,100.04480908022276,0.9270446141522655,0.17481717091861526,149.49177245258792,150.4188170667402,99.93168984279431,100.10650701371293,true,true
200,1.0,150.2453505340977,100.10104723636627,0.6881543746603427,0.1879455023903489,149.93432726888807,150.6224816435484,99.9832762973636,100.17122179975395,true,true
200,1.0,150.13809540636862,100.48166644204825,0.6874352761318221,0.2058784763945738,149.84120665341774,150.52864192954956,100.35059006762012,100.55646854401469,true,false
200,1.0,150.19452588035824,100.2456676514069,0.762994769318766,0.19306672729160823,149.83963240596546,150.60262717528423,100.12321849969996,100.31628522699157,true,false
200,1.0,150.541326653376,99.90863186640269,0.7469740973060652,0.18342162181792787,150.2046826993659,150.95165679667195,99.79288526213736,99.97630688395529,false,false
200,1.0,149.5135187182714,99.99111948039072,0.7280906729344565,0.18241177115986318,149.18978462564203,149.9178752985765,99.87647896936258,100.05889074052244,false,true
200,1.0,149.40297976520014,99.89188348615521,0.9938787088574941,0.16811838609596919,148.9228294003084,149.91670810916588,99.78900372121412,99.95712210731008,false,false
200,1.0,150.03359226280207,100.50598640176207,0.6839195431348344,0.18061935753087255,149.733030657408,150.41695020054283,100.3940588892683,100.57467824679917,true,false
200,1.0,150.19149195001597,99.89214170758922,0.6071262220621918,0.1828292299781964,149.9328494106789,150.5399756327411,99.77549446917098,99.95832369914918,true,false
200,1.0,150.05062437914358,100.36049454179391,0.8146317128966984,0.19231187580471953,149.6843706682589,150.4990023811556,100.24243422863792,100.43474610444264,true,false
200,1.0,149.75841053048998,99.97815728007467,0.7907445498129846,0.18439833709179254,149.38465896350095,150.17540351331394,99.86334347684081,100.0477418139326,true,true
200,1.0,149.4554370934324,99.95318362893964,0.9894773634626972,0.1749908015973034,148.9833116253497,149.9727889888124,99.8446181373642,100.0196089389615,false,true
200,1.0,149.15794608414228,99.92374110944945,1.0628654362420775,0.17172323168384196,148.63829014174166,149.70115557798374,99.81575523030281,99.98747846198665,false,false
200,1.0,149.32414708538255,100.11867497432027,0.9291120635866434,0.17664074194262014,148.9081471428458,149.83725920643244,100.00900727105319,100.18564801299581,false,false
200,1.0,150.5336274813472,100.27725495930665,0.7653368964743663,0.17742915739724197,150.18930217990032,150.9546390763747,100.16819199148911,100.34562114888635,false,false
200,1.0,150.58148756142015,100.22493110117868,0.7574107191770452,0.19190284565650018,150.22607812782763,150.98348884700468,100.1043155121843,100.2962183578408,false,false
200,1.0,149.6031630612927,99.99669211156542,1.0638912227661308,0.16081714986322027,149.09632613415883,150.16021735692496,99.89485134395093,100.05566849381415,true,true
200,1.0,150.63909742946248,100.2070805411488,0.7792972587965608,0.19872681577179208,150.27077326974617,151.05007052854273,100.08043587265519,100.27916268842698,false,false
200,1.0,150.10053073395588,100.02566741553207,0.679190004496121,0.1731887346537775,149.79959743731163,150.47878744180775,99.9172224698346,100.09041120448838,true,true
200,1.0,149.8541921413705,100.02063460158566,0.755883027330384,0.19071961937819992,149.52887288066836,150.28475590799874,99.90141561732163,100.09213523669983,true,true
200,1.0,149.2512897253509,99.90046575445749,0.9061128035361037,0.17695098397345532,148.8347951548505,149.7409079583866,99.78827181522004,99.9652227991935,false,false
200,1.0,150.56232067209385,99.97870034650964,0.5802154080017772,0.1743181185009064,150.30834554795845,150.88856095596023,99.87256047120022,100.04687858970112,false,true
200,1.0,150.55902100927534,99.88725532960925,0.6950876682154217,0.1894557793628593,150.2521524258936,150.94724009410902,99.7690716730578,99.95852745242065,false,false
200,1.0,150.47130400628112,100.12196271134887,0.592368097386867,0.1745093709883605,150.22324242593368,150.81561052332054,100.01288050372293,100.18738987471129,false,false
200,1.0,149.82754169432087,100.08604436143821,0.9188625662255276,0.1703787266797434,149.39217415509202,150.31103672131755,99.97898286807067,100.14936159475042,true,true
200,1.0,149.99325836699074,100.1818087378374,0.8836197833288111,0.188649830252686,149.56820530650714,150.45182508983595,100.0642974432258,100.25294727347848,true,false
200,1.0,149.8172944694948,100.08863290292614,0.9017103660785892,0.17320053448376882,149.3964049245767,150.2981152906553,99.97977903909218,100.15297957357595,true,true
200,1.0,150.29780908213723,100.01972211636507,0.6550604387971077,0.18053290063321015,150.01137078861257,150.66643122740967,99.90495823187504,100.08549113250825,false,true
200,1.0,149.63451893742294,100.2258200384059,0.9949141640914831,0.1794685071473765,149.13589703770185,150.13081120179334,100.11373908987768,100.29320759702506,true,false
200,1.0,149.53637253039398,99.92430288507421,1.007718224569146,0.165735898295992,149.0541438195055,150.06186204407464,99.82034052162936,99.98607641992535,true,false
200,1.0,150.14991148439827,99.88733822775772,0.6139004628199416,0.17355296682424637,149.890463894146,150.50436435696594,99.77885163260473,99.95240459942897,true,false
200,1.0,149.91185474799502,99.89934940689355,0.8803623997299326,0.18745007036095274,149.5042343764686,150.38459677619852,99.78364970080686,99.97109977116781,true,false
200,1.0,149.57516413035998,99.90745719084144,1.1075424989541602,0.17265694170055212,149.01799489912793,150.1255373980821,99.79919418678591,99.97185112848646,true,false
200,1.0,149.95980952460616,99.88791827014798,0.7631794229535842,0.18133808349566038,149.61684511453203,150.3800245374856,99.77388369953601,99.95522178303167,true,false
200,1.0,150.31014480540404,100.2194631529477,0.5655805910106153,0.1741926947812118,150.06293772053075,150.62851831154137,100.10616431482481,100.28035700960602,false,false
200,1.0,149.57452606833965,99.9585590242796,1.0404220910474464,0.1836898558683231,149.06542452825875,150.1058466193062,99.84514771574555,100.02883757161388,true,true
200,1.0,148.5385597249366,99.94367895768565,1.191284315944955,0.17963637283337164,147.95467229031172,149.14595660625668,99.83264923713112,100.0122856099645,false,true
200,1.0,149.44847703711375,100.02997984345834,0.9359710415381812,0.18072034527187952,149.02157759001443,149.9575486315526,99.91781372376371,100.0985340690356,false,true
200,1.0,149.37700413201668,100.00276526960293,1.0568546521044766,0.1735421742649237,148.87298368709838,149.92983833920286,99.89233938238972,100.06588155665465,false,true
200,1.0,149.8089599398595,99.8980700904823,1.067194955272953,0.17443711355957703,149.29237796511174,150.3595729203847,99.7865515153166,99.96098862887618,true,false
200,1.0,150.3949318617835,100.03035861087179,0.5677883634841976,0.17409476700984783,150.14623103974674,150.71401940323094,99.92038071754664,100.09447548455648,false,true
200,1.0,150.08193650550925,100.07883278394567,0.711472662581258,0.1592346048971507,149.7601915159713,150.47166417855254,99.97902833473081,100.13826293962796,true,true
200,1.0,150.46521873608108,99.97343951817808,0.8417076254492031,0.18294128056079728,150.0649969900621,150.9067046155113,99.85787271486232,100.04081399542312,false,true
200,1.0,150.02878181202263,99.89848304998851,0.771280196800916,0.17225261604838238,149.68525040619255,150.45653060299347,99.7902980537472,99.96255066979558,true,false
200,1.0,150.35249776650352,99.91329218312347,0.5681052653814618,0.1800282819670258,150.09006052007294,150.6581657854544,99.80012596679835,99.98015424876537,false,false
200,1.0,149.8515972540008,100.63329045137732,0.926145224010611,0.1856963891415262,149.41971779276588,150.3458630167765,100.51598252628219,100.70167891542371,true,false
200,1.0,150.47948116816738,99.93778642696044,0.6295938521008964,0.18079715489146508,150.19995024205238,150.82954409415328,99.82624632045585,100.00704347534732,false,true
200,1.0,150.04526898744768,99.88584306542577,0.763379261002143,0.17932353331222828,149.69608999616432,150.45946925716646,99.77345869223021,99.95278222554244,true,false
200,1.0,149.9591184129481,99.94411015248681,0.8515931993870538,0.1756068812743905,149.5683399850526,150.41993318443966,99.83622512835119,100.01183200962558,true,true
200,1.0,150.5599032461264,99.92174429092978,0.7262980282544902,0.16413536271383578,150.22992919636386,150.95622722461835,99.82228102481236,99.98641638752619,false,false
200,1.0,150.0153714681166,100.2776486649048,0.7238230714248175,0.19884985555002288,149.69694720279043,150.42077027421524,100.1525061779442,100.35135603349423,true,false
200,1.0,150.44486991218136,99.95979047331315,0.603925861057462,0.17536619577604995,150.17353665930034,150.7774625203578,99.84859217674665,100.0239583725227,false,true
200,1.0,149.59688016645882,100.08519949227207,0.9101935967186137,0.18197545544838079,149.16090406993848,150.0710976666571,99.9753833811444,100.15735883659278,true,true
200,1.0,150.30594087234883,99.90495861213678,0.5812612160679294,0.1719208869403417,150.05401509718442,150.63527631325235,99.7951553798712,99.96707626681155,false,false
200,1.0,149.14296619812177,99.8937674535287,1.1065414986453277,0.17382567795370107,148.5992162839753,149.70575778262062,99.78365420038313,99.95747987833683,false,false
200,1.0,149.3347651472414,99.9011540440341,0.9597951687146065,0.16585545039463057,148.89284894944373,149.85264411815834,99.79624320720579,99.96209865760042,false,false
200,1.0,150.07092383328228,99.94874635699823,0.8655926381300674,0.17617814343842042,149.67009994940557,150.53569258753564,99.84143355979123,100.01761170322965,true,true
200,1.0,149.7417227372828,100.10273114792767,0.9031602437278536,0.19513912311134618,149.31300295500537,150.21616319873323,99.97782282782524,100.17296195093658,true,true
200,1.0,150.25647257850747,100.1141040534359,0.6738666894212315,0.1809349568145393,149.94788715173968,150.6217538411609,99.99838693427185,100.17932189108639,true,true
200,1.0,149.70682407920123,100.08422749455289,0.7965228495702661,0.18398593745358482,149.3541727747472,150.15069562431748,99.97231627823793,100.15630221569151,true,true
200,1.0,149.69662834660602,99.9964622980882,0.8387054958693341,0.1768024641062027,149.30914406558708,150.1478495614564,99.8829013087901,100.0597037728963,true,true
200,1.0,149.67503767709854,99.91725571893629,0.7828246136881205,0.1691151022272237,149.3047096945213,150.08753430820943,99.81279339642853,99.98190849865576,true,false
200,1.0,149.22521204338304,100.0287504362891,1.0621510112457315,0.16826803236760668,148.71154608552854,149.77369709677427,99.92384503556221,100.09211306792982,false,true
200,1.0,149.5311968000223,100.02168607693261,1.030289852359033,0.17212635125338238,149.03065296233223,150.06094281469126,99.91490370629987,100.08703005755325,true,true
200,1.0,150.00909999554193,99.9934924161675,0.7312807429310908,0.18079850247174534,149.68049346928322,150.4117742122143,99.87810097190493,100.05889947437667,true,true
200,1.0,149.83396477121693,100.14168101746895,0.9086638180809814,0.18135854496884463,149.40647035994198,150.31513417802296,100.02777507107506,100.2091336160439,true,false
200,1.0,150.1145138691274,100.2440060684279,0.8778637895351267,0.18327529394682074,149.70441875775566,150.5822825472908,100.12956431304613,100.31283960699295,true,false
200,1.0,150.30861812489678,99.97683946629178,0.92414157744048,0.1737739105108176,149.87257339894882,150.7967149763893,99.86963732198831,100.04341123249912,true,true
200,1.0,150.6148924311202,100.03637018756245,0.7344592753083248,0.17572201402003884,150.29184234801215,151.02630162332048,99.92417946521519,100.09990147923523,false,true
200,1.0,150.2473107274633,99.94119849566367,0.6827793019968738,0.1774575704381789,149.93829718280503,150.6210764848019,99.82780170683704,100.00525927727521,true,true
200,1.0,149.07595708354827,100.11968416648949,1.0791819574401984,0.18431105027597994,148.54173268654762,149.62091464398782,100.00438062908363,100.18869167935961,false,false
200,1.0,149.52839662940224,100.02683188629247,1.03558483773773,0.17699381336920794,149.02025308833535,150.05583792607308,99.9147446381182,100.0917384514874,true,true
200,1.0,150.09356624132013,99.92142249965343,0.9040455107489151,0.17300142090667237,149.6487235405834,150.55276905133232,99.81260729480798,99.98560871571465,true,false
200,1.0,150.3243234538298,99.93099516244644,0.833784115281361,0.1770505649584635,149.93700832357155,150.7707924388529,99.82025804419011,99.99730860914858,true,false
200,1.0,149.7052899976478,99.92764507653929,0.7583367240349617,0.1697132215533088,149.36865143743097,150.12698816146593,99.82069533565608,99.99040855720939,true,false
200,1.0,149.8321902506363,100.38424238694793,0.939081118427822,0.18157153990593144,149.39635542440516,150.33543654283298,100.27065418891365,100.45222572881958,true,false
200,1.0,150.1852801288386,100.03903316712203,0.6720964766396378,0.18405385660351214,149.88913160484532,150.56122808148496,99.92407732482141,100.10813118142492,true,true
200,1.0,149.87609891875607,100.29437669655087,0.8339614650084286,0.19088657641181328,149.48067662441767,150.3146380894261,100.1755535367311,100.36644011314291,true,false
200,1.0,150.5620949628547,99.88971318442054,0.8625816022607466,0.18219602811592495,150.1538248883479,151.01640649060866,99.77478050910936,99.95697653722529,false,false
200,1.0,150.07810297783624,99.92013836868057,0.8333753936261985,0.18776919205734544,149.69878885363804,150.53216424726423,99.8016706016829,99.98943979374025,true,false
200,1.0,150.4139158102535,100.12248078897295,0.6798628710260743,0.1797218934678,150.10574938061342,150.7856122516395,100.0124226026865,100.1921444961543,false,false
200,1.0,149.97771215646503,99.90808216344865,0.849134673059865,0.17843472510961078,149.5691055070966,150.41824018015646,99.79788807487523,99.97632279998484,true,false
200,1.0,150.485248466372,99.92606613721206,0.70544577273904,0.18412243607822631,150.16058239797846,150.8660281707175,99.81061984841035,99.99474228448858,false,false
200,1.0,150.12607394825537,100.18623056155653,0.813473686538714,0.18742971826715404,149.74924824374676,150.56272193028548,100.06605101315911,100.25348073142627,true,false
200,1.0,149.82041732084505,100.06411679487854,0.9156009115876032,0.18460122097569354,149.40239720752203,150.31799811910963,99.95094904060355,100.13555026157924,true,true
200,1.0,149.94838953973598,99.93752715212412,0.825179419524602,0.18587474941526239,149.57560391213818,150.40078333166278,99.81949626812728,100.00537101754254,true,true
200,1.0,149.62278287895452,100.23791568298003,0.9760138023032425,0.18632379724608938,149.1610735806342,150.13708738293744,100.12006330579007,100.30638710303616,true,false
200,1.0,149.79777108113018,100.05430994138663,1.0348992267108201,0.18769914146996314,149.30074714841203,150.33564637512285,99.93593769703486,100.12363683850482,true,true
200,1.0,150.60451212843137,100.19022163480136,0.6626210394176155,0.17744412326986492,150.32062117332362,150.98324221274123,100.07769058785428,100.25513471112414,false,false
200,1.0,149.5278367591678,100.18510430137252,0.9190411006484567,0.17143814189473972,149.10319770528716,150.02223880593561,100.07590846256798,100.24734660446272,true,false
200,1.0,149.76928127841933,100.14657350373585,0.9340419587319388,0.18319263316567458,149.30133310748363,150.23537506621557,100.0298801134202,100.21307274658588,true,false
200,1.0,149.12108296359912,99.98333456756527,1.1214995194775383,0.17287713073849886,148.57623081962942,149.69773033910695,99.875497293049,100.0483744237875,false,true
200,1.0,150.25729195191377,100.00013387264752,0.6881370809562384,0.18392620044187424,149.9561059006989,150.64424298165514,99.88149174324255,100.06541794368442,true,true
200,1.0,149.5610326538615,100.11460577905069,0.9863272617729706,0.1807407473795024,149.0700684371572,150.05639569893017,100.0033036998552,100.1840444472347,true,false
200,1.0,150.12281331867274,100.19329386067233,0.7575728109615056,0.1703913643002295,149.789440646683,150.5470134576445,100.0877731978257,100.25816456212593,true,false
200,1.0,150.08480581608217,100.45460841477873,0.6632541031987955,0.18099657360002652,149.7923366752403,150.4555907784391,100.34428353046745,100.52528010406748,true,false
200,1.0,150.11858091308915,99.93663390127078,0.8159890043267808,0.18460047715760197,149.72951082699566,150.54549983132245,99.81851182352526,100.00311230068286,true,true
200,1.0,150.31383778966187,99.94501150279174,0.7743976460667739,0.18261541719525098,149.94090332828048,150.71530097434726,99.82810304734505,100.0107184645403,true,true
200,1.0,149.47363682144083,99.90271642190018,1.0269120655440815,0.17607265677713713,148.98266500820336,150.00957707374744,99.79118155582796,99.9672542126051,true,false
200,1.0,149.43657375461493,100.03074563565545,0.9744438394444614,0.17438732253279454,148.9571840225541,149.93162786199855,99.92022735806526,100.09461468059806,false,true
200,1.0,150.3436143040844,100.03725075923967,0.8077127859173459,0.175311611732468,149.96441267274716,150.7721254586645,99.92764488042026,100.10295649215273,true,true
200,1.0,150.07950132216723,100.03788734997916,0.6704038943676665,0.1837288282803229,149.78529776073543,150.4557016551031,99.92612274361932,100.10985157189964,true,true
200,1.0,149.75689309493703,100.09501002428135,1.053217821347971,0.17504980967049732,149.2568064836896,150.31002430503756,99.98530931501382,100.16035912468432,true,true
200,1.0,149.4826453132065,99.88981234440499,1.0430102354581834,0.16968414917317887,148.97537152616007,150.01838176161826,99.78502820677787,99.95471235595105,true,false
200,1.0,150.60327665309399,99.88797185902787,0.7778786361941741,0.18752353468211425,150.23430416971047,151.01218280590464,99.77017524686636,99.95769878154847,false,false
200,1.0,149.6972260316104,99.94657607028762,0.716328688891366,0.1753376438033456,149.38181230004602,150.0981409889374,99.83379408992454,100.00913173372788,true,true
200,1.0,150.37750583298327,100.19381845402525,0.8814659176719033,0.19578732213618366,149.94950566879695,150.83097158646885,100.07384566859807,100.26963299073425,true,false
200,1.0,150.51194337975824,99.8868387890972,0.9008845693002172,0.18233294526395127,150.08407975167464,150.98496432097485,99.77362303033799,99.95595597560194,false,false
200,1.0,149.7321783861405,100.08390431470494,0.8662561127376023,0.18974325841173822,149.3172012915889,150.1834574043265,99.96648324962527,100.15622650803701,true,true
200,1.0,149.57813158852923,100.07153713569306,1.0611821281079585,0.18795213571316083,149.05180590727232,150.11298803538028,99.95474956090142,100.14270169661458,true,true
200,1.0,149.63137259645984,100.30031557156522,0.9003765913584232,0.18952741646306492,149.18948920801196,150.0898657993704,100.18153797908717,100.37106539555023,true,false
200,1.0,149.48747777260397,99.9125970785349,0.9365730114630253,0.17191956955635135,149.03608192536407,149.9726549368271,99.80408528507269,99.97600485462904,false,false
200,1.0,149.75582596637304,100.10469028999702,1.0091806524991114,0.18186349713693062,149.25405930424827,150.26323995674738,99.98696924151304,100.16883273864997,true,true
200,1.0,149.83132887107132,99.90927454866099,0.7217851536209139,0.16809222171308136,149.51667322469828,150.2384583783192,99.80750631372818,99.97559853544126,true,false
200,1.0,149.64724703576874,100.19278652575612,1.0675159545518795,0.19086896732481762,149.1566179347104,150.22413388926228,100.07188319600513,100.26275216332995,true,false
200,1.0,150.8661522244226,100.0015560780749,0.7268955225706577,0.17973518144957268,150.51756973952106,151.24446526209172,99.88693479870962,100.06666998015919,false,true
200,1.0,149.58049814946105,100.0935748129402,0.9425143256577826,0.17721065445095974,149.1284603045906,150.07097463024837,99.98269635082659,100.15990700527755,true,true
200,1.0,149.92958772395815,99.98384416304972,0.9184033889252987,0.18037140092197035,149.5108528541914,150.4292562431167,99.87339227512729,100.05376367604926,true,true
200,1.0,149.3424649941087,100.02184545581315,1.0030189451950378,0.17560089676211987,148.86591272424783,149.86893166944287,99.91341327051238,100.0890141672745,false,true
200,1.0,149.2404420739285,99.95336577980126,1.0560942922764411,0.1748994437967184,148.7171036553808,149.77319794765725,99.84139446125101,100.01629390504773,false,true
200,1.0,150.50734314215393,99.99746974528372,0.6112185887233466,0.17767758567306657,150.23574428789266,150.846962876616,99.88463087697136,100.06230846264442,false,true
200,1.0,150.43413759634427,99.92122540531369,0.9479764792396281,0.1799186674435873,149.97312245016374,150.92109892940337,99.81250296659425,99.99242163403784,true,false
200,1.0,150.1121114120611,100.14663083009935,0.8791437602688461,0.196593634549302,149.6893745792588,150.56851833952766,100.02376155482384,100.22035518937314,true,false
200,1.0,148.71671858982575,99.95810363262157,1.15240079394286,0.15660232825496223,148.14052356844186,149.29292436238472,99.86278469712425,100.01938702537922,false,true
200,1.0,150.19444450325304,99.94968944263994,0.6481944580720551,0.18743233146827265,149.92584029072225,150.5740347487943,99.82849916294255,100.01593149441082,true,true
200,1.0,149.16349801924179,99.96872824813569,0.9767305950693981,0.17060493886918948,148.69621152221845,149.67294211728785,99.86013161906203,100.03073655793122,false,true
200,1.0,150.46591178131783,100.31453677971194,0.8006601742635837,0.18939303712946298,150.07871594705583,150.8793761213194,100.19394979994257,100.38334283707204,false,false
200,1.0,149.13713113405112,100.02712007165826,1.1383419368013108,0.16858620334738816,148.57666036119588,149.7150022979972,99.92149816467021,100.0900843680176,false,true
200,1.0,150.0354148654834,100.0179503597893,0.7323114141118481,0.1980998992851397,149.71265350101535,150.4449649151272,99.89569702678969,100.09379692607483,true,true
200,1.0,149.5578025108549,100.02530200736766,0.9972299203178352,0.18009720221373016,149.08137383600229,150.07860375632012,99.91306370053204,100.09316090274577,true,true
200,1.0,150.5301949411687,100.02595209540209,0.8450461813054062,0.17414521515647152,150.11519316652672,150.96023934783213,99.91691207842283,100.0910572935793,false,true
200,1.0,149.46745126564164,99.91801322718604,0.9914169807534847,0.17368751166682728,148.98755765307354,149.97897463382702,99.80873277789075,99.98242028955758,false,false
200,1.0,149.53761275017098,99.9269712100602,1.0145010823528366,0.1749490915944989,149.06195381834704,150.07645490069987,99.81977557050631,99.99472466210081,true,false
200,1.0,150.06922477026475,100.01277098812265,0.6060949950761767,0.18223843012842167,149.81176786197372,150.4178628570499,99.9002461608354,100.08248459096382,true,true
200,1.0,150.27610794050412,99.90275409651996,0.7452833829505892,0.18809618701065745,149.95351876204077,150.69880214499136,99.78421328958716,99.97230947659781,true,false
200,1.0,149.65809166754053,100.14489178996196,0.9926033703418113,0.19243855541049015,149.17889196956747,150.17149533990928,100.02272314512484,100.21516170053533,true,false
200,1.0,149.58085176995877,100.19723517035979,0.9017424934240239,0.17329587756279352,149.179736454648,150.08147894807203,100.0889775156987,100.2622733932615,true,false
200,1.0,149.285735853593,99.91972338619638,1.0390860462495084,0.1670229563608956,148.80486570677516,149.84395175302467,99.81482728485123,99.98185024121213,false,false
200,1.0,149.8137339537932,99.92901896338782,0.6453381736324673,0.17021826081131053,149.51955490811667,150.16489308174914,99.82205719122936,99.99227545204067,true,false
200,1.0,149.90039872793994,100.12490962875708,0.80238299440947,0.17941838995042758,149.52229818937613,150.3246811837856,100.01410419534545,100.19352258529588,true,false
200,1.0,150.054497321131,99.89609480542806,0.812723775533442,0.18753601919218,149.66398044997274,150.47670422550618,99.77509720167338,99.96263322086556,true,false
200,1.0,148.65610535378832,99.91484836753614,1.0994838317632798,0.1581587949671075,148.12930056099574,149.22878439275902,99.81715614900428,99.97531494397138,false,false
200,1.0,150.00078455904276,99.917658583588,0.9739325284854488,0.18970021988137376,149.5162955906301,150.49022811911556,99.798323260834,99.98802348071537,true,false
200,1.0,149.90707094705562,99.94920278420223,0.9395269462333999,0.1789063814042322,149.4509945624113,150.3905215086447,99.8360179358599,100.01492431726413,true,true
200,1.0,149.5118535396834,100.15779750193354,0.9749236098283802,0.18053001148192038,149.05433795435582,150.0292615641842,100.04657250359189,100.22710251507381,true,false
200,1.0,150.39997427141705,100.14643769894448,0.6489159391589396,0.1867088003538555,150.11256011308663,150.76147605224557,100.02937809598875,100.2160868963426,false,false
200,1.0,150.26549206672678,100.0389767544817,0.823660567164012,0.17552327255171463,149.8916676229552,150.7153281901192,99.92666915746489,100.1021924300166,true,true
200,1.0,149.60138057470556,99.89814223067556,0.8486188641878698,0.1888166116174972,149.2116074592376,150.06022632342547,99.77892496460588,99.96774157622337,true,false
200,1.0,150.34206946518202,99.94314233349765,0.8482067056873177,0.17553008111052293,149.93880263659074,150.78700934227805,99.83382243560591,100.00935251671643,true,true
200,1.0,150.0409948137157,100.04891771367103,0.9108462880604975,0.19276013032857975,149.60306407778887,150.51391036584937,99.92381965265798,100.11657978298656,true,true
200,1.0,150.0401878598959,100.17022415063845,0.6247489193524132,0.1759446428852982,149.7722825914093,150.3970315107617,100.05987513843085,100.23581978131615,true,false
200,1.0,150.41260139748078,100.36590479460918,0.7958837645746257,0.17904398330108506,150.05604173941816,150.8519255039928,100.25215701838755,100.43120100168863,false,false
200,1.0,149.57713424900953,99.89156470765825,0.9701852650150045,0.17652608773919098,149.11268242758536,150.08286769260036,99.78193726494452,99.95846335268371,true,false
200,1.0,150.3821424650711,100.477720095808,0.6508635774901848,0.19655724606734282,150.09901954646153,150.74988312395172,100.35525050293091,100.55180774899826,false,false
200,1.0,150.48875158863532,99.88771289151124,0.74887847936904,0.1769585389602497,150.14653082535014,150.89540930471918,99.77935805916519,99.95631659812544,false,false
200,1.0,150.17150276328994,100.34106815815613,0.7426538048661939,0.18434701301063683,149.84897900662352,150.59163281148972,100.22649408951484,100.41084110252548,true,false
200,1.0,150.18287814269917,100.30420789862093,0.8294795798107373,0.18321469986274508,149.79471060161282,150.62419018142356,100.1894881195336,100.37270281939635,true,false
200,1.0,149.7854299836114,100.01632946872795,0.8940463870150381,0.17936421558597715,149.348086785139,150.24213317215404,99.905633726571,100.08499794215697,true,true
200,1.0,150.54385358625848,100.03738802501574,0.7780050285081188,0.18303710739307633,150.18811420949436,150.96611923800248,99.92077488910805,100.10381199650112,false,true
200,1.0,150.29018421665015,100.23238761894666,0.8760478976967931,0.19855557185690031,149.88576274223573,150.76181063993252,100.10805791242569,100.3066134842826,true,false
200,1.0,150.7484760157124,99.94056798481566,0.8283348366534256,0.17985875572622945,150.34334019761042,151.17167503426384,99.82657140776327,100.0064301634895,false,true
200,1.0,149.5091989663955,99.89369861501541,1.1279642131073615,0.17320256034389558,148.95034809250205,150.07831230560942,99.78604995276734,99.95925251311124,true,false
200,1.0,149.31073374939416,99.96139538886887,1.0351203710416144,0.17184364181179035,148.8349975951183,149.8701179661599,99.85244417216654,100.02428781397833,false,true
200,1.0,150.05136556439552,99.97543348969911,0.8942041584439266,0.17107301153971832,149.62328064515333,150.51748480359726,99.86926213865179,100.04033515019151,true,true
200,1.0,150.26382202971126,100.18415961590742,0.6239331232114296,0.17782274024290246,149.99360654903535,150.61753967224678,100.07296005319691,100.25078279343981,true,false
200,1.0,149.9022251905318,100.13947902548347,0.797765726604041,0.18161868802879155,149.5329643728126,150.33073009941663,100.02340688987826,100.20502557790705,true,false
200,1.0,149.40457540163067,100.18442615844535,0.994144908018626,0.19874656703790095,148.93468417806955,149.92882908608817,100.05964466848005,100.25839123551795,false,false
200,1.0,150.28044343458083,99.93342426332069,0.6714102124257977,0.18247110059536453,149.9993794839772,150.670789696403,99.81735766304752,99.99982876364288,true,false
200,1.0,149.55605439531087,99.94253684190438,0.8280529851172105,0.18040532381503738,149.18067066950493,150.00872365462214,99.82877626952842,100.00918159334346,true,true
200,1.0,149.6165157336092,99.98970638794734,1.028490682889469,0.17555766627965852,149.11830675015494,150.1467974330444,99.87955644395427,100.05511411023393,true,true
200,1.0,150.60937995541798,99.90659248065364,0.7944052695175401,0.17906792766711987,150.22683488318688,151.02124015270442,99.79090894661277,99.9699768742799,false,false
200,1.0,150.56197002627312,100.14109199974796,0.6373489378187571,0.18997656392480167,150.28695920717462,150.92430814499338,100.02135621330412,100.21133277722892,false,false
200,1.0,150.0550599223052,99.90214277623772,0.8647509945676575,0.1858445943908862,149.65578434464013,150.52053533920778,99.78361491569359,99.96945951008448,true,false
200,1.0,150.15385353428132,100.00987577527783,0.8144101394715904,0.18339850956188286,149.79374916783598,150.60815930730757,99.89352605021959,100.07692455978147,true,true
200,1.0,149.95461569431848,99.88812875977717,0.7638487889365706,0.1825291116702772,149.61385476051754,150.3777035494541,99.77365099447901,99.95618010614929,true,false
200,1.0,149.53868173881062,100.42360087159489,0.9480829884731747,0.19754481197183793,149.07098044507964,150.01906343355282,100.29921641405186,100.4967612260237,true,false
200,1.0,149.23198885525565,100.05033569571094,1.1255099541808988,0.1733572503868004,148.68117268342164,149.80668263760253,99.94364386030318,100.11700111068998,false,true
200,1.0,150.2097429541661,100.10256691772022,0.7125315776810908,0.1854366695327201,149.89663993587817,150.60917151355926,99.98595515615517,100.17139182568789,true,true
200,1.0,150.46693048425573,99.97777304511858,0.7365100242050744,0.18919976918175507,150.14000069470154,150.87651071890662,99.85402718781643,100.04322695699818,false,true
200,1.0,150.18819069989652,100.3781746997071,0.7220878380937847,0.2047818007438309,149.87061333614764,150.59270117424143,100.24714435790685,100.45192615865068,true,false
200,1.0,149.28274015990593,100.17961557583263,0.9249521686668629,0.18943261150555202,148.85167753841802,149.77662970708488,100.058286999884,100.24771961138956,false,false
200,1.0,150.6437993117956,100.24765924568013,0.7801512455064312,0.1840211171337529,150.27005698615483,151.05020823166126,100.13154602606738,100.31556714320114,false,false
200,1.0,150.0889533813869,99.95010285970346,0.8810589642089042,0.1871823661088854,149.67466117870524,150.55572014291414,99.83340942250601,100.0205917886149,true,true
200,1.0,150.05284407166218,99.89345830115074,0.7791791580900735,0.17327693474835826,149.70055086178314,150.47973001987322,99.78550880445049,99.95878573919885,true,false
200,1.0,149.40819073333873,100.2379202113664,0.9475321687370979,0.1704319650156947,148.94896623777754,149.89649840651464,100.13205643966745,100.30248840468315,false,false
200,1.0,149.02185294520828,99.99240076196705,1.1278225127458654,0.17130277512917758,148.47120536227737,149.59902787502324,99.88518591682843,100.05648869195761,false,true
200,1.0,149.56691122468624,99.97598257611244,0.9023821732722865,0.17724739937584388,149.13760150016142,150.0399836734337,99.86263572814885,100.03988312752469,true,true
200,1.0,149.79823365870823,99.93259883039545,0.890834370501608,0.17222021559642542,149.3821813134061,150.27301568390772,99.8242759794663,99.99649619506272,true,false
200,1.0,149.78689593883362,100.34396397409307,0.739201900051313,0.17970037252017335,149.46485041881226,150.20405231886357,100.23095346093262,100.4106538334528,true,false
200,1.0,150.30031484219597,100.0403216912992,0.7740426318451057,0.18368444265851736,149.95660677577322,150.73064940761833,99.927097842546,100.11078228520452,true,true
200,1.0,150.2984546469052,99.94202918438731,0.7621719215512428,0.1865396013624263,149.93540492148074,150.69757684303198,99.82316664750654,100.00970624886897,true,true
200,1.0,149.69259638329015,99.96990884139376,0.915400591687785,0.1786711761217532,149.2598470562248,150.17524764791258,99.85688530563573,100.03555648175748,true,true
200,1.0,150.0550981647107,100.38042174048893,0.7584113985608383,0.19041840625305895,149.71514458619254,150.47355598475338,100.25977914628288,100.45019755253594,true,false
200,1.0,150.0355987456414,100.528427368335,0.8227364583954113,0.1930756311737838,149.64067066130298,150.4634071196984,100.408451727473,100.60152735864678,true,false
200,1.0,150.24297762243037,99.87047995386996,0.8840769067525969,0.19497037215764124,149.83496296745656,150.71903987420916,99.75047596914686,99.9454463413045,true,false
200,1.0,149.65774252335842,100.10181209098599,0.9635530583556999,0.1759640540905707,149.17981435803208,150.14336741638778,99.98947888032157,100.16544293441214,true,true
200,1.0,149.99035054438122,100.27063639438987,0.9767241148465189,0.172494812992241,149.52195824018682,150.49868235503334,100.16060893683597,100.33310374982821,true,false
200,1.0,149.92877213914522,100.54211763967183,0.9804785245353003,0.2017225123716031,149.42573826501783,150.40621678955313,100.41465145069546,100.61637396306706,true,false
200,1.0,149.47282434409692,100.03499862160449,0.9309786959288147,0.1934716890353485,149.0355726417391,149.9665513376679,99.91305886035607,100.10653054939142,false,true
200,1.0,150.43320601241368,100.0764411195791,0.719089248975564,0.18417329562731766,150.10684552709782,150.82593477607338,99.9627164026077,100.14688969823501,false,true
200,1.0,149.64207088293807,99.90042175583535,1.007721293363602,0.17531931312132087,149.1405990270548,150.1483203204184,99.79355465487885,99.96887396800017,true,false
200,1.0,149.70631513808394,99.99670413569625,0.8966688546287571,0.17993022149485682,149.2751310667806,150.17179992140936,99.88384704450331,100.06377726599817,true,true
200,1.0,149.7833634656034,100.014335960904,0.7888074175550628,0.17246536596383066,149.44085707579825,150.2296644933533,99.90501207405768,100.07747744002151,true,true
200,1.0,149.71596451895988,99.90902137606662,0.9779369842242716,0.18014091643979668,149.2547929251539,150.23272990937818,99.7950341559766,99.97517507241639,true,false
200,1.0,149.84212842493417,99.89965368850923,0.7789400583449435,0.1858276469588418,149.48701890638773,150.26595896473268,99.78400523316651,99.96983288012535,true,false
200,1.0,149.6530173675755,99.93429199024983,0.8536132171195163,0.17002142491888605,149.26091802077354,150.11453123789306,99.8277297742552,99.99775119917409,true,false
200,1.0,149.80760833877792,100.1785964135002,0.8418303581754856,0.19211383977351204,149.4114004970977,150.2532308552732,100.05604850368448,100.24816234345799,true,false
200,1.0,149.5400554882104,99.94606676242094,0.8813802511853055,0.16509463729438778,149.12984356169522,150.01122381288053,99.8405677579122,100.00566239520658,true,true
200,1.0,149.8453705532146,99.93100633570663,0.814970666797052,0.1808566034097936,149.47435014180166,150.28932080859872,99.81562887459071,99.99648547800051,true,false
200,1.0,150.53389035232152,100.3079362846203,0.7773394476920714,0.18022796363176496,150.17365141253467,150.95099086022674,100.19382707118687,100.37405503481864,false,false
200,1.0,149.77277415780657,99.89675685298833,0.8816055343682478,0.18062515935702095,149.34253318675343,150.22413872112168,99.78615278682355,99.96677794618057,true,false
200,1.0,149.99204030983913,99.99808718412815,0.7360161392770124,0.17925473395064273,149.66284137519114,150.39885751446815,99.88429361576989,100.06354834972053,true,true
200,1.0,150.36105982984986,100.04789900464937,0.9093716652850787,0.183072521017678,149.92473655560204,150.83410822088712,99.93156417579466,100.11463669681234,true,true
200,1.0,150.2200077877627,99.89568309289638,0.9440719410932843,0.18027757075559236,149.76334869181858,150.70742063291186,99.78222183950723,99.96249941026282,true,false
200,1.0,149.53859444394988,99.9477696292549,1.0108664484016856,0.16913337356294278,149.04735524450612,150.0582216929078,99.8424891449229,100.01162251848584,true,true
200,1.0,150.74510232637266,100.26267899689526,0.6804230569586878,0.18526696019041822,150.44843333154725,151.12885638850594,100.1466810279099,100.33194798810032,false,false
200,1.0,149.25722033694214,99.93155700233112,0.92249320161622,0.16639296411676696,148.8276446591624,149.7501378607786,99.82791403497185,99.99430699908862,false,false
200,1.0,150.5111670838492,99.90385052987406,0.7580352616702726,0.17581135827373373,150.16112914386542,150.9191644055357,99.79118835935135,99.96699971762509,false,false
200,1.0,149.41254070221044,99.94875440595042,0.9772463187945561,0.17715605735854467,148.93857391882443,149.915820237619,99.83795372291245,100.01510978027099,false,true
200,1.0,150.45859817637913,99.89244101996266,0.7286100728353802,0.17693941798427204,150.1304558960474,150.8590659688828,99.78297025858747,99.95990967657174,false,false
200,1.0,150.42452879225158,99.90328601528861,0.5664087843786376,0.18741863386854618,150.17250009220473,150.73890887658337,99.7842286707535,99.97164730462205,false,false
200,1.0,149.99481627857622,100.04752922771735,0.7220566207038814,0.17442418660959902,149.6602934747806,150.38235009548447,99.94046651286699,100.11489069947659,true,true
200,1.0,150.07983332958122,100.24047727537913,0.9057162431809616,0.18363260320498398,149.66452920680572,150.5702454499867,100.12337717522848,100.30700977843347,true,false
200,1.0,149.94590358660648,99.90654320458461,0.7073310016743619,0.1689346670372771,149.6216097753689,150.32894077704327,99.799202611172,99.96813727820928,true,false
200,1.0,149.24429550705912,100.09434882464366,1.0288330433517672,0.18199934914264304,148.75542513417054,149.7842581775223,99.97637458100768,100.15837393015032,false,true
200,1.0,149.47071830777185,100.16408242136397,1.0670984014501244,0.17858509666521627,148.94556409079652,150.01266249224665,100.05211067785828,100.2306957745235,true,false
200,1.0,149.5690600678268,99.88942941481014,0.9283237026015456,0.17589297469669418,149.14292219395654,150.07124589655808,99.77916154030686,99.95505451500355,true,false
200,1.0,150.26328979306734,100.20076919554342,0.7063029184714651,0.1927741191303909,149.9447306461513,150.65103356462276,100.07717133538782,100.26994545451821,true,false
200,1.0,149.20356600453488,100.06541314293293,0.9290108226179541,0.18213704491134308,148.7618839198429,149.69089474246084,99.95002801591082,100.13216506082216,false,true
200,1.0,150.34883085238255,99.94259005788972,0.746915474996058,0.17908143868696413,150.0113703810695,150.75828585606556,99.83012743830912,100.00920887699608,false,true
200,1.0,149.8990739124091,99.99838508928312,0.8235069797663357,0.17727976451050154,149.51982310517116,150.3433300849375,99.88903349310007,100.06631325761057,true,true
200,1.0,149.9172336040789,99.9045154135468,0.8887556420571912,0.179783355017193,149.50070638796987,150.38946203002706,99.79241835275741,99.9722017077746,true,false
200,1.0,150.20006364865992,100.41253233735901,0.7980805306968932,0.1873163712082686,149.84076357650196,150.63884410719885,100.2960685194248,100.48338489063306,true,false
200,1.0,150.14265495293193,100.12278894810788,0.8001384921896602,0.16968283991745636,149.7657753785648,150.56591387075446,100.01422932953112,100.18391216944858,true,false
200,1.0,149.41644298684645,99.91472796608625,0.9774638958312778,0.17217635637962303,148.95637200958276,149.93383590541404,99.80730115638089,99.97947751276051,false,false
200,1.0,150.09683049193143,100.25554395354301,0.8293968053875744,0.18498231504932505,149.70899759729878,150.53839440268635,100.13916067547129,100.32414299052061,true,false
200,1.0,149.65619915291225,99.91053957666186,0.9798847695415418,0.16462359759701428,149.1855964955366,150.16548126507814,99.8110791782738,99.97570277587081,true,false
200,1.0,149.3309807089612,100.01035742413663,1.0287207954440873,0.17776700873925222,148.82956407228244,149.85828486772652,99.89870715457756,100.07647416331682,false,true
200,1.0,150.345911989473,99.94169420044449,0.8156468474448957,0.1706239975766266,149.97402205569148,150.78966890313637,99.83577586785378,100.00639986543041,true,true
200,1.0,150.2619161933921,100.11246154971985,0.7627354264309645,0.18839168060335965,149.91424759056017,150.67698301699113,99.99564941720939,100.18404109781275,true,true
200,1.0,150.29258763981068,99.89584646920129,0.6715429407906583,0.17889815947823706,149.98266493630913,150.6542078770998,99.7828330557556,99.96173121523384,true,false
200,1.0,149.69356441975347,100.41077725826928,1.0087876819223425,0.18704520824874749,149.20274943722325,150.2115371191456,100.29307079335555,100.4801160016043,true,false
200,1.0,149.68432336450496,100.27288221432252,0.8955014031261328,0.18532691753260622,149.25873855414054,150.15423995726667,100.15485808978104,100.34018500731365,true,false
200,1.0,150.21081491010526,100.24773120803223,0.7533701102932753,0.17892993917647004,149.86764560924848,150.62101571954176,100.13726973477816,100.31619967395463,true,false
200,1.0,150.46981005227312,100.2578536871016,0.7838856458678549,0.17640889761091216,150.11733318136072,150.90121882722858,100.14617373512326,100.32258263273417,false,false
200,1.0,149.46581219210293,100.24370102174515,0.9258484461918499,0.17552275671621942,149.01234479747558,149.93819324366743,100.13336879167775,100.30889154839397,false,false
200,1.0,149.6255124533049,100.0747944319148,0.8443727401557908,0.18230887371613846,149.23794462326586,150.08231736342165,99.9602475561406,100.14255642985674,true,true
200,1.0,148.47432277741555,99.9068358437848,1.105945939345844,0.1609499462795867,147.92993380904247,149.0358797483883,99.80656034738193,99.96751029366152,false,false
200,1.0,149.9657381228006,99.96134660596131,0.7232209605369349,0.17940478864946385,149.63424940528822,150.35747036582515,99.84702467961233,100.0264294682618,true,true
200,1.0,149.72269337814126,99.89236774694253,1.053651547063538,0.17748401622296228,149.20773369892632,150.26138524598986,99.78038048939088,99.95786450561384,true,false
200,1.0,150.3489438209736,100.0588075316589,0.6197836387160578,0.18687271602070155,150.08990893759866,150.70969257631472,99.94232374552924,100.12919646154994,false,true
200,1.0,149.9570174584203,99.90242707900603,0.8381706077740603,0.17953333775361102,149.5665637514533,150.40473435922735,99.79119389112441,99.97072722887802,true,false
200,1.0,149.9147396579786,100.07106402080144,0.7424458419562541,0.1857665943466742,149.58730070011583,150.3297465420721,99.95431845884849,100.14008505319516,true,true
200,1.0,150.63293539670528,99.97019504632686,0.7266684479087644,0.18192763215564867,150.29284183680068,151.01951028470944,99.85551688137463,100.03744451353028,false,true
200,1.0,149.59564974025182,99.91894360406476,1.0156741237736924,0.1721550056892056,149.11549448456603,150.13116860833972,99.808820839925,99.98097584561421,true,false
200,1.0,150.2029051417262,99.95046873898971,0.8081310637610386,0.18290973786270115,149.8279698926287,150.63610095638973,99.83884901941482,100.02175875727752,true,true
200,1.0,150.10277997648228,99.90367737336081,0.9062254177523528,0.188665113738125,149.67916708791842,150.58539250567077,99.78658070969719,99.97524582343532,true,false
200,1.0,150.25169085873802,100.25851421278816,0.6124216942733653,0.1985455311975386,149.9747635392882,150.58718523356157,100.13427315260452,100.33281868380206,true,false
200,1.0,150.7574388661924,100.00166086613002,0.7034718897921266,0.16385384566470407,150.4347704603046,151.13824235009673,99.89922406132914,100.06307790699384,false,true
200,1.0,150.0840990757348,100.30352373209838,0.7515028244517055,0.2023700436304523,149.73540842558393,150.48691125003563,100.17504049736255,100.377410540993,true,false
200,1.0,149.7702031961311,99.95553453062952,1.024439466285827,0.1856340893326518,149.2626581591259,150.28709762541172,99.8390709318134,100.02470502114605,true,true
200,1.0,149.91295507617315,100.04534249105564,0.899132599937559,0.17729597293097754,149.48250465847588,150.38163725841343,99.93230494276249,100.10960091569346,true,true
200,1.0,150.5438741213291,99.93285453726821,0.6928140796865705,0.1689398596256524,150.22560755882947,150.91842163851604,99.8251169196365,99.99405677926215,false,false
200,1.0,148.89443377351284,99.99388046542029,1.119131699109289,0.16364931385234627,148.3431371742247,149.46226887333398,99.8921407994002,100.05579011325254,false,true
200,1.0,149.92888255225907,99.95835062357568,0.8651038250962984,0.18255949036910124,149.53074104163233,150.39584486672862,99.84082190709896,100.02338139746806,true,true
200,1.0,149.81178977949904,100.09646310648603,0.7336309898699938,0.19156840665100106,149.4862936083448,150.2199245982148,99.97619800017677,100.16776640682777,true,true
200,1.0,150.25023987435057,99.92253397391721,0.7941035391046114,0.17931700443789111,149.88099573238367,150.67509927148828,99.8117128642672,99.99102986870508,true,false
200,1.0,150.0675046612409,100.0055097776497,0.7935787126118328,0.17812114094965636,149.70741716891231,150.50099588152415,99.89516979144119,100.07329093239085,true,true
200,1.0,150.4191553705865,100.19555947870018,0.7005908218937975,0.1816903887683594,150.0923411880377,150.7929320099315,100.08108526290641,100.26277565167477,false,false
200,1.0,150.06323480448464,99.9243446550558,0.8823952942679227,0.16982222038910777,149.6513906527706,150.53378594703852,99.81859581762217,99.98841803801128,true,false
200,1.0,150.47843016052502,99.96083852809156,0.6837099004319214,0.18831595488812525,150.1656977383767,150.84940763880863,99.84345314785304,100.03176910274117,false,true
200,1.0,149.68774364188027,99.90406781229633,0.8066862614061279,0.17164484704429128,149.32505010143427,150.1317363628404,99.79475632089076,99.96640116793505,true,false
200,1.0,149.96145862380052,100.02125226168334,0.869175649851968,0.1841834552388235,149.55092553607366,150.42010118592563,99.90722062615518,100.091404081394,true,true
200,1.0,149.80335258853634,99.91327590889804,0.8538849524398415,0.17328277386144464,149.4014184320395,150.25530338447933,99.8049585896295,99.97824136349095,true,false
200,1.0,149.27989728234456,99.94634807253601,1.004415914537276,0.17986991930725083,148.7843821216236,149.78879803616087,99.83470350028605,100.0145734195933,false,true
200,1.0,150.3235806009103,100.03312447516117,0.7634171315543483,0.1798599186425207,149.978853147044,150.74227027859834,99.91899165269938,100.0988515713419,true,true
200,1.0,150.3025674449556,99.97775054579384,0.7219078379879704,0.16800722742013363,149.98131810897812,150.70322594696609,99.87202936958056,100.0400365970007,true,true
200,1.0,150.05534112005137,100.32613184331885,0.9123545537202631,0.1848179631810325,149.63944366256834,150.5517982162886,100.21200277456339,100.39682073774442,true,false
200,1.0,150.25562642143956,99.90638256192906,0.7780552656716395,0.17334474805677758,149.9026322391552,150.68068750482684,99.79678634986143,99.97013109791821,true,false
200,1.0,150.48460202202102,100.09213526185994,0.6997220933668586,0.18244656138958248,150.18297834025674,150.8827004336236,99.97725079309016,100.15969735447975,false,true
200,1.0,149.6345740210879,99.98432802785103,0.9469683156708584,0.17871221311369823,149.17315266922986,150.12012098490072,99.87302601628426,100.05173822939796,true,true
200,1.0,149.80189466199698,100.08579561958761,0.8908794598212921,0.17647361599675548,149.3862375809154,150.2771170407367,99.97269854051424,100.149172156511,true,true
200,1.0,150.02840652026137,99.90293866536274,0.7505336316621083,0.17623901913860607,149.69524893413129,150.4457825657934,99.7898438850595,99.9660829041981,true,false
200,1.0,149.54639703451014,100.22055089618655,0.9601408768827469,0.19512509619238472,149.090035345545,150.05017622242775,100.09936277117096,100.29448786736334,true,false
200,1.0,149.96801599664263,99.93269424362929,0.7090665952699169,0.16632326957095245,149.6583911035747,150.36745769884462,99.82787275442368,99.99419602399463,true,false
200,1.0,150.2273461791455,100.00516773986465,0.7832452129972012,0.16614730624156948,149.86919653318782,150.65244174618502,99.89941936681481,100.06556667305638,true,true
200,1.0,150.15347663945602,99.92015060202128,0.778360436190809,0.17051834567641322,149.78791345368447,150.56627388987528,99.81152956134027,99.98204790701668,true,false
200,1.0,150.34191657689314,100.07981488086168,0.7479428574085887,0.17092881740101973,150.0100487827071,150.75799164011568,99.97267510265326,100.14360392005428,false,true
200,1.0,150.44062134591906,100.39304262334221,0.6145302911387205,0.19118194058977167,150.18453953166798,150.7990698228067,100.2754783883934,100.46666032898317,false,false
200,1.0,149.85728465691577,99.89191435978987,0.9376954817334706,0.18064943673462608,149.40881200295127,150.34650748468474,99.77864261214,99.95929204887463,true,false
200,1.0,150.3432328071876,100.23007285932964,0.6915672085664823,0.18491290459562038,150.03958250308318,150.73114971164966,100.11223931058896,100.29715221518458,false,false
200,1.0,149.51150708917245,99.94799641501767,1.0469331888631075,0.17618059906260441,149.00581345196667,150.05274664082978,99.83674996980326,100.01293056886587,true,true
200,1.0,149.21821017536138,99.9840754156175,0.999664852476343,0.17520965504510855,148.74465540933863,149.74432026181498,99.87606206603871,100.05127172108382,false,true
200,1.0,150.29296616631171,99.93621158608101,0.5531209528365082,0.17502476627313968,150.05198559212593,150.60510654496244,99.82843319254745,100.00345795882059,false,true
200,1.0,149.87879047476073,100.12161329300933,0.7359336030534109,0.1952348133660422,149.54662346399098,150.2825570670444,99.99889952144328,100.19413433480932,true,true
200,1.0,149.54618449754096,100.11268182450311,0.9905475794760434,0.18414212396339735,149.06043394358232,150.05098152305837,99.9954194821398,100.17956160610319,true,true
200,1.0,149.95838532541353,99.90897216446245,0.8072319425618559,0.17972963225594185,149.58472538849696,150.39195733105882,99.79844328688239,99.97817291913833,true,false
200,1.0,149.92752383052323,100.06445874155753,0.6243179522995206,0.17687774234441633,149.66224444940696,150.28656240170648,99.95449751985572,100.13137526220014,true,true
200,1.0,150.32199812893504,99.9113057008852,0.6326958595954011,0.1706350500688103,150.04861141167345,150.68130727126885,99.80510682319563,99.97574187326444,false,false
200,1.0,149.67118406891353,100.1331546532567,0.8603804296529063,0.1704936055630384,149.2682747574868,150.1286551871397,100.02646031502918,100.19695392059222,true,false
200,1.0,149.83530114385923,100.23864622413515,0.832846039326796,0.19114183901173476,149.45041360122042,150.28325964054721,100.11660892668422,100.30775076569596,true,false
200,1.0,150.0519905356197,100.02803221538983,0.9083020526618952,0.1761775987786649,149.61791633356393,150.52621838622582,99.9188131705774,100.09499076935606,true,true
200,1.0,149.8226516997147,100.12511557522737,0.8036963856330317,0.17423422517680365,149.44808860746878,150.2517849931018,100.01704029892255,100.19127452409936,true,false
200,1.0,149.65838215600508,100.41393005178571,0.8587544266416955,0.19116839225418403,149.25999181070324,150.11874623734494,100.29527960227551,100.4864479945297,true,false
200,1.0,149.0667114762833,100.04721858946377,0.9954513881582159,0.16694163425420072,148.59140434263642,149.58685573079464,99.94179979941455,100.10874143366875,false,true
200,1.0,149.95570347568355,100.42023457688124,0.8961829368653298,0.1825545080462092,149.52955266313526,150.4257356000006,100.30094099061097,100.48349549865718,true,false
200,1.0,150.36289522849808,99.90006325443349,0.7041580486666135,0.17321674335018145,150.04601191767176,150.75016996633838,99.79416387879098,99.96738062214116,false,false
200,1.0,148.6894406381566,100.10552978073723,1.1417597797258736,0.1782222801333262,148.12217155725548,149.26393133698136,99.99443265002336,100.17265493015668,false,true
200,1.0,150.09927996275556,99.9299581830365,0.64383693050857,0.17671816067704071,149.80990440172096,150.45374133222953,99.81889142931284,99.99560958998988,true,false
200,1.0,149.54503016731536,99.90052128420136,0.8916294888949778,0.17818621899998277,149.12542692516274,150.01705641405772,99.78974673605939,99.96793295505937,true,false
200,1.0,149.01214737208886,100.01935097919608,0.9812880405416422,0.17480779237560284,148.5489149843925,149.53020302493414,99.91078718164167,100.08559497401727,false,true
200,1.0,150.10856736239396,100.01134222216821,0.7590268475260302,0.1778574673892166,149.77685591943018,150.5358827669562,99.89912003684307,100.07697750423229,true,true
200,1.0,149.3290887142661,99.96873802286024,1.087692173492826,0.17931619006557753,148.79156190797062,149.87925408146344,99.85614072494374,100.03545691500932,false,true
200,1.0,150.3107423458083,100.3127148002113,0.828308648083123,0.1849101287931063,149.92130312493705,150.74961177302018,100.19459523180922,100.37950536060232,true,false
200,1.0,150.4233117934951,100.15018813362617,0.6435738167535874,0.18131232426331678,150.13191140109905,150.77548521785263,100.03691749718277,100.21822982144609,false,false
200,1.0,150.1948218084164,99.9525308236692,0.6722781996730021,0.1721426442393721,149.89713745473637,150.56941565440937,99.84307488687797,100.01521753111734,true,true
200,1.0,148.96408756248695,100.07804171850816,1.0619450352717479,0.16889119522997476,148.45108066273636,149.5130256980081,99.97223599684506,100.14112719207503,false,true
200,1.0,149.9511057256169,100.23358723961837,0.854243092608101,0.1721008920040532,149.5420649531232,150.3963080457313,100.12310434902459,100.29520524102864,true,false
200,1.0,150.48356785489426,100.33337070622035,0.6750726604530257,0.19064194648548494,150.18641180207274,150.86148446252577,100.21489220527847,100.40553415176396,false,false
200,1.0,149.72652968831233,99.8867552330265,0.9914589098371778,0.18361184588421509,149.24917049788303,150.2406294077202,99.77012401325763,99.95373585914184,true,false
200,1.0,150.47657311121725,99.9628124723682,0.661111985918069,0.1812361694850182,150.1774467488322,150.83855873475028,99.84724561318875,100.02848178267377,false,true
200,1.0,148.788369192479,100.08145210539195,1.1481948867972278,0.17374267621856632,148.22003415438795,149.36822904118517,99.97265703870738,100.14639971492595,false,true
200,1.0,149.2256134948479,99.98159312860696,0.9827797944088843,0.17684958929093852,148.77385326721569,149.75663306162457,99.86872228424177,100.04557187353271,false,true
200,1.0,149.3897313863294,100.2603083476553,1.0641139395778225,0.1869734048007814,148.8622598675091,149.92637380708692,100.14265461887034,100.32962802367112,false,false
200,1.0,150.38427574327278,99.91594436956282,0.6591066005777861,0.18086072412586418,150.1020230820227,150.76112968260048,99.80344721842707,99.98430794255293,false,false
200,1.0,149.82983736409358,100.57649864317324,0.9338666705868945,0.19852538741805859,149.39052860689526,150.32439527748215,100.4514189383083,100.64994432572635,true,false
200,1.0,149.69659473899975,99.98083032714096,0.8189145066859282,0.1975488567561854,149.32983727200417,150.1487517786901,99.8554592896033,100.05300814635949,true,true
200,1.0,150.15998165359377,100.03694256885801,0.66684993453066,0.1841956340806803,149.85037069567144,150.5172206302021,99.92435760534829,100.10855323942897,true,true
200,1.0,149.27691248628514,99.94540468256304,1.0403237792073128,0.17787339089019838,148.7786383035907,149.818962082798,99.83155664168214,100.00943003257234,false,true
200,1.0,150.38489847745836,99.94122578621494,0.7002689164533251,0.1857711780879896,150.084262283576,150.78453120002933,99.82375133820986,100.00952251629785,false,true
200,1.0,150.17601726903717,99.91910521702901,0.7711334475645799,0.17204354642754538,149.81951796890058,150.59065141646516,99.81123556266404,99.98327910909158,true,false
200,1.0,149.95438032702347,99.90816316917099,0.8195256198133904,0.1747980941664622,149.58871774014082,150.4082433599542,99.79517902777545,99.96997712194191,true,false
200,1.0,149.9527334097191,99.9614996633633,0.8254890522058531,0.18012086300345231,149.58776567680133,150.41325472900718,99.84584367174038,100.02596453474384,true,true
200,1.0,149.3867976102494,100.02371853898569,0.7736766113869464,0.1754326058051987,149.03910025220415,149.8127768635911,99.91224360037592,100.08767620618111,false,true
200,1.0,149.8095699043182,100.03726997224871,0.7137580584737577,0.17582578319316156,149.5060056259905,150.21976368446425,99.92665508382517,100.10248086701833,true,true
200,1.0,148.81127757187926,100.11200956408155,1.1108804890158126,0.17998342082522356,148.26965513034122,149.38053561935703,99.99926135502562,100.17924477585085,false,true
200,1.0,150.0390262051273,100.12216823841092,0.8117197854174663,0.19524621553603083,149.6800272430599,150.49174702847736,100.00055695453452,100.19580317007055,true,false
200,1.0,149.46291514432517,99.97766344133711,0.9968993730390423,0.18492909902933263,148.98841752601345,149.9853168990525,99.86028056348364,100.04520966251297,false,true
200,1.0,150.30418825537402,99.91220706608941,0.8051637772593665,0.17080355232346278,149.94006826256313,150.7452320398225,99.80427048418811,99.97507403651157,true,false
200,1.0,149.99128264202704,99.89372809619368,0.8222685912513441,0.17317544484639313,149.61118833695593,150.43345692820728,99.7889037617418,99.9620792065882,true,false
200,1.0,150.19193759028815,100.08727501011775,0.6853425809954388,0.17598468198042383,149.89656531620142,150.58190789719686,99.97607837386164,100.15206305584206,true,true
200,1.0,149.18880206912073,100.31778268605046,1.0957713977777814,0.18521564131074797,148.65768698071025,149.75345837848803,100.20067048828778,100.38588612959853,false,false
200,1.0,149.62600934336635,99.96500583983365,0.9523128192717536,0.17924067830691115,149.17547294685204,150.1277857661238,99.8530927251523,100.0323334034592,true,true
200,1.0,150.487704940222,99.91812563621465,0.7320942566879864,0.18361629067173624,150.15721426892102,150.889308525609,99.80339514738647,99.9870114380582,false,false
200,1.0,150.37598621466634,99.93530821825946,0.8613792783959582,0.18138503112379567,149.97582766249636,150.83720694089232,99.8228581688809,100.0042432000047,true,true
200,1.0,150.25734175215158,100.18022480278131,0.9081358020366963,0.19200371833221652,149.82112462533692,150.72926042737362,100.05761994936606,100.24962366769827,true,false
200,1.0,150.16615060994224,99.97471301500639,0.8712196598475543,0.18322235516529872,149.75040728084542,150.62162694069298,99.85913409237564,100.04235644754094,true,true
200,1.0,150.23340277585334,99.96875753455036,0.8088411401349163,0.1805487518244604,149.86009784566068,150.6689389857956,99.85349620144436,100.03404495326882,true,true
200,1.0,150.60359488444618,100.36043351941794,0.7275674921047823,0.19096959547066206,150.28362450908077,151.01119200118555,100.23719811898546,100.42816771445612,false,false
200,1.0,149.08249983714256,100.15270682623313,1.0242898282972988,0.1790708797977203,148.59156691881162,149.61585674710892,100.0387533236788,100.21782420347652,false,false
200,1.0,149.7422449275792,100.00343530900483,0.7300185467302356,0.18010349908779233,149.41260380955543,150.14262235628567,99.88932904562652,100.06943254471432,true,true
200,1.0,149.8455426930494,99.91782482920112,0.9332919397270985,0.17213871222007526,149.39987829723128,150.33317023695838,99.8104468200969,99.98258553231697,true,false
200,1.0,150.2210044621833,99.93213981499233,0.9417564788804498,0.17995532822450855,149.76927408659895,150.7110305654794,99.81983241696912,99.99978774519363,true,false
200,1.0,150.22412764251584,100.5676638351605,0.7157670442108497,0.18954645902903167,149.89853496321413,150.61430200742498,100.45091890273979,100.64046536176882,true,false
200,1.0,150.0991822972972,99.93157684404396,0.6970066660990994,0.17962626569992324,149.79313822624965,150.49014489234875,99.82112796785043,100.00075423355035,true,true
200,1.0,149.34227958054544,99.94810374768716,0.9381020238285203,0.1801314385514985,148.9038972950892,149.84199931891771,99.83616966214949,100.01630110070099,false,true
200,1.0,149.22539549689498,99.9496998873592,1.0716431242797455,0.16722160127488905,148.68210948781217,149.75375261209192,99.84100667640706,100.00822827768195,false,true
200,1.0,149.66766721161875,100.0038714632617,0.9767997945014883,0.18021045467659746,149.18991748468227,150.16671727918376,99.88816844388624,100.06837889856284,true,true
200,1.0,150.0066839316829,100.1045235251656,0.7646981716701475,0.18543835679551535,149.6525353768264,150.41723354849654,99.98762482445682,100.17306318125233,true,true
200,1.0,149.83407456251638,99.94931536872598,0.8521231336884796,0.1772154462249773,149.44450543488452,150.296628568573,99.83754592384176,100.01476137006674,true,true
200,1.0,150.11480379229425,100.31375532868603,0.7440582181264119,0.1936402507309083,149.7813519695788,150.5254101877052,100.19163854113306,100.38527879186397,true,false
200,1.0,150.06727901637518,100.14553593010172,0.8655604011594278,0.18548448157135056,149.66940507709853,150.53496547825796,100.03293123904744,100.2184157206188,true,false
200,1.0,150.4479913680912,99.92212967864629,0.5268188561527722,0.17171516782808283,150.21356040980334,150.7403792659561,99.81352175692034,99.98523692474842,false,false
200,1.0,150.09073921680596,100.17096680555123,0.829033341958592,0.1832629903444598,149.69951018879632,150.52854353075492,100.05626180308475,100.23952479342921,true,false
200,1.0,150.06410518193942,99.99325505604823,0.9122687389195505,0.18047207666563736,149.63753051184156,150.5497992507611,99.87884418533449,100.05931626200012,true,true
200,1.0,150.6326162548789,100.03253322315801,0.6694543775814168,0.1773658016131776,150.34112140355975,151.01057578114117,99.92079370378524,100.09815950539841,false,true
200,1.0,149.92065801783116,100.00206381375357,0.7750622839763537,0.17878659488710014,149.5828548758954,150.35791715987176,99.8898071062646,100.0685937011517,true,true
200,1.0,149.32661213905493,99.92514911319549,1.0553348581433966,0.16654492171838342,148.81421205430044,149.86954691244384,99.82110784770622,99.9876527694246,false,false
200,1.0,150.56302205750188,99.98153445814104,0.6316694311342133,0.1653233863109449,150.2818096233001,150.9134790544343,99.88082829193121,100.04615167824215,false,true
200,1.0,149.71770193602947,100.02022775557928,0.8433224075504029,0.17204066362283754,149.32230101245773,150.16562342000813,99.91254974695529,100.08459041057813,true,true
200,1.0,150.25496075160413,100.96641874570156,0.7027834100833559,0.21351530170662159,149.95450676816253,150.6572901782459,100.8312774455623,101.04479274726893,true,false
200,1.0,149.1326792164179,99.96790168125439,1.0820870748508185,0.18536708228330667,148.6090834084395,149.6911704832903,99.84970378969318,100.03507087197649,false,true
200,1.0,150.04223272778157,100.12967413348542,0.8259790832336478,0.1796081733277788,149.65384709101733,150.47982617425097,100.0163606631179,100.19596883644567,true,false
200,1.0,149.8910360790532,100.06207016635659,0.7930539617957493,0.19030987026357593,149.54718437802276,150.3402383398185,99.94304074353997,100.13335061380354,true,true
200,1.0,149.46796961192564,100.01363690596077,0.9248292172219408,0.17295222517165598,149.03137843994136,149.9562076571633,99.90468691180007,100.07763913697173,false,true
200,1.0,150.2169414316712,100.04027394661415,0.7661392180295081,0.1800012337289445,149.88396697735746,150.65010619538697,99.92696418761618,100.10696542134512,true,true
200,1.0,149.55411698731697,100.1015259506164,1.0346105980048321,0.1713065111776899,149.06684797745964,150.10145857546448,99.99300800155618,100.16431451273387,true,true
200,1.0,149.30572245859503,99.95885404234278,0.9971433728071872,0.18024905901278032,148.8353996800161,149.8325430528233,99.84638402729824,100.02663308631102,false,true
200,1.0,150.46762505302812,99.93896893453343,0.6546536736594248,0.18056387190556222,150.18007922488243,150.83473289854186,99.82552393632807,100.00608780823363,false,true
200,1.0,149.63975271050475,100.1955077221729,0.9639826371061986,0.19248348085703526,149.1876794708109,150.1516621079171,100.0712841768444,100.26376765770144,true,false
200,1.0,150.1172007058956,99.90281771013973,0.9080477510579499,0.17434195954061238,149.69277741551264,150.6008251665706,99.7955822937682,99.96992425330882,true,false
200,1.0,150.1149709806813,100.0456448095712,0.8909482654104579,0.18074236173940506,149.67638986097163,150.56733812638208,99.9325319020816,100.11327426382101,true,true
200,1.0,149.8312879192498,99.91158626957659,0.7960610509792048,0.17462638958470222,149.4701933169992,150.2662543679784,99.8011915292143,99.975817918799,true,false
200,1.0,150.47933041827298,99.89426183126163,0.7694127688872925,0.18310816718309297,150.11839316769684,150.88780593658413,99.77965578090027,99.96276394808336,false,false
200,1.0,149.6088385806309,100.12885058187501,1.016416938615123,0.17569304922443507,149.13507343681948,150.1514903754346,100.0191520319283,100.19484508115274,true,false
200,1.0,150.42833498404025,100.10925873510098,0.6104803067448472,0.1772074799399519,150.1647366456607,150.77521695240554,99.99798364385548,100.17519112379543,false,true
200,1.0,149.32898248427875,100.13334022907902,0.9536416411605444,0.1718347860443572,148.89706849342326,149.8507101345838,100.02345625052769,100.19529103657204,false,false
200,1.0,150.01491797138735,100.19498450748625,0.7058396908292934,0.18316435536688402,149.7010302243372,150.40686991516648,100.07903053371497,100.26219488908185,true,false
200,1.0,149.7622473598417,99.97986506052717,0.933069119322198,0.1796893481685231,149.3251744377159,150.2582435570381,99.86630997634818,100.0459993245167,true,true
200,1.0,150.31941089668888,99.99951189560433,0.8089021859973116,0.1721775205334808,149.93918276881146,150.74808495480877,99.89018449003414,100.06236201056763,true,true
200,1.0,149.4331704867463,100.28637002967619,0.9154165320139214,0.19611202274300865,149.00702844507748,149.9224449770914,100.16345717477509,100.3595691975181,false,false
200,1.0,149.16737540509575,100.0067753054825,1.0064284437943343,0.17886798337396215,148.6972235945618,149.70365203835613,99.89814517987473,100.0770131632487,false,true
200,1.0,150.47918507763984,100.02219866196654,0.7302130918034777,0.17589240019476904,150.14394188793813,150.8741549797416,99.9082410058581,100.08413340605287,false,true
200,1.0,150.2447414844599,100.06810286913904,0.6947960508670974,0.17886183042156745,149.9444442321222,150.6392402829893,99.95653025096226,100.13539208138383,true,true
200,1.0,150.05725082353325,100.03312147978357,0.6960968490831192,0.17924972967590236,149.75229373842058,150.4483905875037,99.91903839942233,100.09828812909824,true,true
200,1.0,149.68346065615015,100.18762254694465,0.9986665144267306,0.1816976368140928,149.2101582219653,150.20882473639202,100.07653056398377,100.25822820079786,true,false
200,1.0,149.69713664167062,100.03149265675441,1.0892090711857634,0.17393600422688849,149.15305334024788,150.24226241143364,99.92181699273816,100.09575299696505,true,true
200,1.0,149.91423742712863,100.40903195910897,0.7242397037280739,0.17622198804761524,149.59129052007302,150.3155302238011,100.29992749016554,100.47614947821316,true,false
200,1.0,150.37797854666877,100.25313112371666,0.7715769370959151,0.18679870143795085,150.01770683969625,150.78928377679216,100.1358301493659,100.32262885080385,false,false
200,1.0,150.29769565244172,100.02246196099055,0.7891704634848793,0.18405882895822856,149.93120585578728,150.72037631927216,99.90883086008742,100.09288968904565,true,true
200,1.0,149.41773573036832,99.96184147832432,1.077102658535722,0.18117888393771864,148.89418205044916,149.97128470898488,99.84933341738645,100.03051230132417,false,true
200,1.0,150.00310783542312,100.13127822062302,1.0013652621270808,0.1857169755076029,149.52221816003308,150.52358342216016,100.01644059246263,100.20215756797023,true,false
200,1.0,150.0755130059902,99.97450158483863,0.7293889422778932,0.17133265414932453,149.73609023729475,150.46547917957264,99.86331350497656,100.03464615912588,true,true
200,1.0,150.05460489643465,99.99644278505815,0.8541116250422647,0.1749286576449407,149.65566436528232,150.50977599032458,99.88641768548207,100.06134634312701,true,true
200,1.0,150.39914279504478,99.90551242641527,0.6464823265688437,0.1805977686531861,150.12618148564314,150.772663812212,99.79189309041661,99.9724908590698,false,false
200,1.0,149.73774106001858,100.1348407938408,0.948251992097056,0.17275130081492307,149.27988865757894,150.228140649676,100.02654736230592,100.19929866312084,true,false
200,1.0,149.5254591378049,99.9212030429842,0.9174156734719077,0.16775948574665733,149.0946600078691,150.012075681341,99.81616726524568,99.98392675099234,true,false
200,1.0,148.5356557755591,99.88386856937097,1.2263533745469033,0.1817551912470492,147.93072981839998,149.15708319294689,99.77163436348795,99.953389554735,false,false
200,1.0,149.72065149905418,99.91080855513965,0.7828158313375582,0.17863039656049295,149.373856014735,150.15667184607256,99.79616478525854,99.97479518181903,true,false
200,1.0,149.51087871963642,99.9906665562875,0.9352570779431062,0.16569700608367555,149.06923461112422,150.00449168906732,99.88738649479666,100.05308350088033,true,true
200,1.0,149.7863344563027,99.93926711889716,1.0087353579417027,0.16873143407566715,149.29476086235843,150.30349622030013,99.83174502395364,100.00047645802931,true,true
200,1.0,149.95681404854608,99.89440435298624,0.8411141538082916,0.17865438269623723,149.57434012648852,150.4154542802968,99.78263677377025,99.96129115646649,true,false
200,1.0,149.86264806354302,100.11252538146798,0.8661748072369733,0.17166743340222013,149.45662651711297,150.32280132434994,100.00436170850749,100.17602914190971,true,false
200,1.0,150.6312170088923,100.01633101036515,0.7151785574102973,0.17706748947225037,150.31337346951244,151.02855202692274,99.90625732559094,100.0833248150632,false,true
200,1.0,149.75795934612802,99.91498032600285,0.7916777091817266,0.17697698323496525,149.3992888907739,150.19096659995563,99.80689290071678,99.98386988395174,true,false
200,1.0,149.42020898949733,100.01222539113611,0.9758092766685991,0.1793808812288944,148.9547849253607,149.9305942020293,99.89763009284735,100.07701097407625,false,true
200,1.0,149.9626774345199,99.90596499056863,0.7357504988498818,0.18994279400351388,149.63569705049963,150.3714475493495,99.78329559004808,99.9732383840516,true,false
200,1.0,150.4343783007885,99.98044973110223,0.7813871924701061,0.183934180010084,150.06620689868961,150.84759409115972,99.8660956691588,100.05002984916888,false,true
200,1.0,149.72134246931967,99.90150294303906,0.9553823660718876,0.16923767934528655,149.2525918523986,150.2079742184705,99.7951550199682,99.96439269931349,true,false
200,1.0,150.08771825346696,99.97593080944935,0.7452806204767057,0.1743692131692427,149.74009377577903,150.48537439625574,99.86485808507456,100.0392272982438,true,true
200,1.0,150.04237689095834,99.97039684655212,0.8460332370345327,0.1685909919539199,149.65174454641942,150.49777778345396,99.86496303244913,100.03355402440305,true,true
200,1.0,150.02046985616226,99.97029919165382,0.8914492428804692,0.17987160157231585,149.5889647792094,150.48041402208986,99.85896870843804,100.03884031001036,true,true
200,1.0,150.38225452455006,100.18983802060897,0.8791532904271264,0.18255221832427537,149.96582183541102,150.84497512583815,100.07339517540183,100.2559473937261,true,false
200,1.0,149.55614419326707,100.45461547336109,0.9784303439719793,0.1849604396167308,149.09003139691552,150.0684617408875,100.33787603037598,100.52283646999271,true,false
200,1.0,149.58187963248483,100.003113851081,0.826962752948333,0.17465486861652835,149.21812685615228,150.04508960910061,99.89292242453334,100.06757729314987,true,true
200,1.0,149.74075235785196,99.90502707829711,0.8201658571831558,0.17236059819769878,149.37125699191333,150.19142284909648,99.79923342314991,99.97159402134761,true,false
200,1.0,149.69896208422233,100.5118623079585,0.9459711317685731,0.19056790213356578,149.26338430146777,150.20935543323634,100.39578785668614,100.5863557588197,true,false
200,1.0,150.3368454585668,100.1018630411157,0.7057789850939571,0.18122516342207007,150.01983888164773,150.7256178667417,99.99106059034911,100.17228575377118,false,true
200,1.0,149.3898953981975,99.89916456524091,0.9214089792934885,0.17066078126251227,148.94878169917598,149.87019067846947,99.79288804652802,99.96354882779053,false,false
200,1.0,149.7413711625936,100.03533490033522,0.8475804806514589,0.17244330715367084,149.3522174487034,150.19979792935487,99.92651866543622,100.09896197258989,true,true
200,1.0,149.73657839202065,99.93184864529799,0.9817118138676904,0.18846573391594745,149.26689731261223,150.24860912647992,99.81432390899774,100.00278964291368,true,true
200,1.0,149.45563263078444,99.97999387325224,0.8240446419123373,0.17313031102794696,149.06496225997535,149.88900690188768,99.87064027138956,100.04377058241751,false,true
200,1.0,149.66200824188178,99.93323794261573,0.8979240163194504,0.1749827256992944,149.2389898605637,150.13691387688314,99.82530058772404,100.00028331342334,true,true
200,1.0,149.0586697847275,100.01530586106463,1.1566243519905015,0.16512884457348775,148.49634719791305,149.65297154990355,99.91185141010787,100.07698025468136,false,true
200,1.0,149.37279183787257,100.32298084541887,1.0108956759806915,0.18901390125172668,148.89646439546277,149.90736007144346,100.1996818979716,100.38869579922333,false,false
200,1.0,149.8268878619239,99.89144901908263,0.7317041950009013,0.17114686633944132,149.5120564008956,150.2437605958965,99.78407367528611,99.95522054162555,true,false
200,1.0,149.2224265286693,99.9985705868169,0.997994627892524,0.176073762385613,148.77157737100686,149.76957199889938,99.88863848079424,100.06471224317986,false,true
200,1.0,150.2677250026255,99.94734388584217,0.709588548859017,0.1844319541223456,149.9433503140763,150.65293886293532,99.83306680961725,100.0174987637396,true,true
200,1.0,150.3543426173898,100.01174805643547,0.6914175671875,0.18084304422499997,150.05298620518244,150.74440377236994,99.89855329945748,100.07939634368248,false,true
200,1.0,149.44896963089656,100.17376371733747,0.9289728394005863,0.17740077783706454,149.03164910036648,149.96062193976707,100.06265505766355,100.24005583550061,false,false
200,1.0,149.25708883790594,100.06565131089579,1.0409808077633897,0.18749242686165246,148.75925417265364,149.80023498041703,99.95090743865889,100.13839986552054,false,true
200,1.0,149.55397513033938,100.01133079583003,0.9301564616734481,0.174892892018363,149.11907002308524,150.0492264847587,99.90293215333377,100.07782504535213,true,true
200,1.0,149.88855271705566,100.05401248197414,0.8052758419659085,0.18109032747649678,149.51805618906002,150.32333203102593,99.93956871857132,100.12065904604782,true,true
200,1.0,150.0743047622043,100.21159018290467,0.7991548615530064,0.1697817605194274,149.69316470767734,150.49231956923035,100.10476536257326,100.27454712309269,true,false
200,1.0,149.1560243171753,99.92573635608275,1.098417310211829,0.1846661042066131,148.6197853414515,149.71820265166332,99.8085574116865,99.9932235158931,false,false
200,1.0,149.68228333646707,99.8965741930017,0.8455904474810154,0.1786972984414632,149.29293844070403,150.13852888818505,99.78130956256678,99.96000686100824,true,false
200,1.0,150.1571284315096,100.01461062644987,0.7396089152505283,0.18133952021929645,149.8249995161621,150.56460843141264,99.89938604884108,100.08072556906038,true,true
200,1.0,150.1094801117161,100.4920660930705,0.8099657739687984,0.1841399929695342,149.72552868795563,150.53549446192443,100.37472494543192,100.55886493840146,true,false
200,1.0,150.59256150187366,100.03538964064745,0.6626881197499017,0.17103941404347722,150.29154531232092,150.95423343207082,99.92713860666356,100.09817802070704,false,true
200,1.0,149.58468639590475,100.01688409653102,0.9757854082780568,0.18058919648971994,149.0969059377693,150.07269134604735,99.90188073234422,100.08246992883394,true,true
200,1.0,150.2823198104349,99.96973063100886,0.8830252590968826,0.18415610603898358,149.85670608502983,150.7397313441267,99.85233361119359,100.03648971723257,true,true
200,1.0,149.52524078165237,99.96882516692233,0.8756555253307852,0.17317354216883984,149.12660339800777,150.00225892333856,99.85800472363857,100.03117826580741,true,true
200,1.0,149.88763715174977,99.91114040452166,0.8718563212728441,0.1817690634142224,149.47702246886178,150.34887879013462,99.79642305837922,99.97819212179344,true,false
200,1.0,150.60350536674142,99.95102824608823,0.675409767271816,0.17899806329941725,150.31177605096036,150.98718581823218,99.83795942901277,100.01695749231219,false,true
200,1.0,148.96263658860124,100.02872532802036,1.025258900061317,0.1839533046520785,148.4785440942521,149.50380299431342,99.91151283258475,100.09546613723683,false,true
200,1.0,149.24883633509856,99.89344113123471,1.0260399335166426,0.18065919847350642,148.75963639816817,149.7856763316848,99.77852085056169,99.9591800490352,false,false
200,1.0,149.31458005935053,99.91158038088744,1.0125511864670784,0.16947034302815212,148.8237636525221,149.83631483898918,99.80585849532662,99.97532883835477,false,false
200,1.0,149.3868558148455,99.97361013119624,0.7847292907165695,0.17119144760798122,149.03940600924946,149.82413529996603,99.86655946747855,100.03775091508653,false,true
200,1.0,149.3589826508685,99.9128932611755,0.8339940677883533,0.16970395875884492,148.97638634264842,149.81038041043678,99.8052210846239,99.97492504338274,false,false
200,1.0,150.68406361613668,100.15315577195246,0.8056144156412017,0.19904286038600105,150.29908321191212,151.10469762755332,100.0274619581046,100.2265048184906,false,false
200,1.0,149.79557214074535,99.95995185106632,0.9306586676241579,0.17233644026042327,149.33178348676864,150.2624421543928,99.84893358348894,100.02127002374937,true,true
200,1.0,149.42622543049987,99.93179396775301,1.1203960158174198,0.16508970201827822,148.87178771796815,149.99218373378557,99.82694158208774,99.99203128410602,false,false
200,1.0,149.9405183295297,99.98023309533896,0.7994081689268739,0.18634953933079146,149.57128947286222,150.3706976417891,99.86369805592173,100.05004759525252,true,true
200,1.0,150.02201358662944,99.98712239163271,0.7775564580811931,0.17625291418930544,149.68508280503505,150.46263926311624,99.87408105744893,100.05033397163824,true,true
200,1.0,149.68924079627607,100.02558630175363,0.8795975132921399,0.18201040232142418,149.27167393957586,150.151271452868,99.91039538927467,100.0924057915961,true,true
200,1.0,149.9072723330704,100.06146225625015,0.7923153420003359,0.17565287402645424,149.5287294979577,150.32104483995803,99.95268273132515,100.12833560535161,true,true
200,1.0,149.37594885082234,99.96154939310469,1.0623646249922274,0.18564217114889914,148.8722305179325,149.93459514292474,99.84614438081506,100.03178655196396,false,true
200,1.0,149.86056137561525,100.01119163045168,0.8116537708835665,0.17238738506461004,149.476820424066,150.28847419494957,99.90294339200616,100.07533077707077,true,true
200,1.0,150.29660599202325,99.89706318558183,0.7751476696438147,0.17706137072860884,149.9412177555163,150.71636542516012,99.78730746715573,99.96436883788434,true,false
200,1.0,150.03461575412143,99.93167585465883,0.8741379670733238,0.17622685388515436,149.63166437396367,150.505802341037,99.82034292036623,99.99656977425138,true,false
200,1.0,150.29211130578062,100.04386204791048,0.8336934680650359,0.1729553794636587,149.9053542211416,150.73904768920664,99.93397166472944,100.1069270441931,true,true
200,1.0,150.07282442139697,99.92840914410596,0.7396542682197662,0.17510869326171985,149.729494776737,150.46914904495677,99.82001201601183,99.99512070927355,true,false
200,1.0,150.50308483141623,100.32434352602971,0.6137109116256454,0.1991798479238156,150.2253088517919,150.83901976341755,100.19887425671621,100.39805410464002,false,false
200,1.0,149.35685282557904,100.24448413385389,0.9513586849528224,0.19353364238310178,148.89438169683794,149.84574038179076,100.12260512207186,100.31613876445496,false,false
200,1.0,150.24919362968376,100.32520186963453,0.7493515683891872,0.18912887641491238,149.9079476532251,150.6572992216143,100.20339852431862,100.39252740073353,true,false
200,1.0,149.47816634278917,100.32294815699731,0.892992470639058,0.18524658824976825,149.05782836916623,149.9508208398053,100.20600006567389,100.39124665392366,false,false
200,1.0,149.75321424604573,100.04928319196077,0.8866725827917605,0.17828274685061274,149.3644636352899,150.25113621808165,99.93626114502386,100.11454389187448,true,true
200,1.0,150.33622198707093,99.9107383331473,0.805235961365014,0.1756022990442574,149.95944064263398,150.764676603999,99.80067766730518,99.97627996634944,true,false
200,1.0,150.08265185134604,99.95823659960139,0.987170606595356,0.1766567766100593,149.6094962467484,150.59666685334375,99.84478040332314,100.0214371799332,true,true
200,1.0,149.88497601021504,99.91020035931868,0.7278480334245501,0.1724633086906664,149.55508556468746,150.282933598112,99.80010378291158,99.97256709160224,true,false
200,1.0,149.9335548842479,100.08107537148481,0.8344298114664923,0.18175945561927165,149.53044431650906,150.36487412797555,99.96825271907986,100.15001217469913,true,true
200,1.0,150.4919724825017,100.25826505227309,0.6732615790409966,0.18703421356667604,150.18708572159002,150.86034730063102,100.13917468063643,100.3262088942031,false,false
200,1.0,149.57746608059213,99.97855887282584,0.8974327898804688,0.18377048946113916,149.1608569770964,150.05828976697686,99.86213922725993,100.04590971672107,true,true
200,1.0,149.65455800618668,99.90179912833545,0.767246954227744,0.17503099856487836,149.31063630457237,150.0778832588001,99.79062138372281,99.96565238228769,true,false
200,1.0,149.86996708314098,100.7986665410548,0.6984835047731224,0.21197034559877181,149.5583832687881,150.25686677356123,100.66345631018363,100.8754266557824,true,false
200,1.0,150.53663557669222,100.07767698979211,0.6942666362865282,0.17354394807877327,150.22490494594956,150.9191715822361,99.96727461845367,100.14081856653245,false,true
200,1.0,149.99321658602202,100.1303257067384,0.6293929074953439,0.18985337075109499,149.72688201960912,150.35627492710447,100.01230486278284,100.20215823353394,true,false
200,1.0,150.67398890868384,99.90864405070374,0.6987829229157398,0.17599976741718137,150.3514730360279,151.05025595894364,99.8004776991908,99.97647746660797,false,false
200,1.0,150.2360363167586,100.40556062400863,0.7886045070854948,0.18665306531592307,149.8864002556527,150.67500476273818,100.29010311947314,100.47675618478907,true,false
200,1.0,149.97305468629892,100.0673174859776,0.7468758189136793,0.1806396559495056,149.63592101961297,150.38279683852664,99.95398215508656,100.13462181103607,true,true
200,1.0,149.78722171146507,100.0098437198599,0.9892211766804166,0.17946896238703403,149.299680936072,150.28890211275242,99.8982136587116,100.07768262109863,true,true
200,1.0,149.52976613806797,100.15202425230119,0.9104111778979131,0.18781589208670368,149.09542447154507,150.005835649443,100.03355077867639,100.22136667076309,true,false
200,1.0,149.20256021659003,100.13804427168643,0.9394757668696911,0.18322089235230976,148.75903542695949,149.69851119382918,100.02359022782888,100.20681112018119,false,false
200,1.0,150.3126173790661,100.28252170415178,0.7333901230131801,0.1848293692536913,149.9910571698436,150.72444729285678,100.16882665424598,100.35365602349967,true,false
200,1.0,149.0915999351987,100.23387262395448,1.0683623093196104,0.18077598717589183,148.5623647459302,149.63072705524982,100.12226695478851,100.3030429419644,false,false
200,1.0,149.52115091293308,100.12952459844664,0.9191101107460327,0.18133209384664895,149.07782304944487,149.9969331601909,100.01495765162764,100.19628974547429,false,false
200,1.0,150.50644300694353,99.89690986625754,0.8088919769384972,0.18295567223206888,150.12753171590504,150.93642369284353,99.78126518552257,99.96422085775464,false,false
200,1.0,150.28902339853366,99.9601698898041,0.7977637795959538,0.1781720482197926,149.93439369666424,150.7321574762602,99.84781427997365,100.02598632819344,true,true
200,1.0,150.16087966343034,99.92300687926891,0.8201686752718729,0.17662319905559798,149.78432764111656,150.60449631638843,99.81133952618157,99.98796272523717,true,false
200,1.0,149.47473740701417,99.92431752779592,0.9528528977542408,0.16799366547105876,149.03289975524888,149.98575265300312,99.82151803577447,99.98951170124553,false,false
200,1.0,149.5468378494537,100.36257025350056,1.004306738061615,0.1790441338998079,149.05705928034624,150.06136601840785,100.24955095347269,100.4285950873725,true,false
200,1.0,150.4506912771086,99.91748000539539,0.6532025759338183,0.16051506637673185,150.15867216615757,150.8118747420914,99.81708748076528,99.97760254714201,false,false
200,1.0,149.2825747543333,100.01522674476801,1.1124660501293704,0.16335876294763807,148.74761834602523,149.8600843961546,99.91092508504022,100.07428384798786,false,true
200,1.0,150.0446636038525,99.91588690235359,0.908147009050424,0.1827155457750962,149.6094249820094,150.5175719910598,99.8007339113509,99.983449457126,true,false
200,1.0,149.08509581441285,100.10946206819861,1.106667028120313,0.17719706523374157,148.53392701854338,149.6405940466637,99.99491954712778,100.17211661236152,false,true
200,1.0,150.29809266018066,100.01493770873955,0.8464148026730811,0.18416059351469016,149.90635966292626,150.75277446559934,99.89717534071295,100.08133593422764,true,true
200,1.0,150.1481776884129,100.64412778581217,0.772816292585361,0.1954380191263425,149.79398173676412,150.56679802934948,100.52264036691683,100.71807838604317,true,false
200,1.0,150.392001581265,99.926589367656,0.7699809271523748,0.16214446211276368,150.0431541831769,150.81313511032928,99.82605032926813,99.98819479138089,false,false
200,1.0,150.53968601727126,99.93192954494538,0.8137302549329775,0.19274905696480005,150.15091909298616,150.96464934791913,99.8088652645796,100.0016143215444,false,true
200,1.0,149.99607570828243,99.89606752686727,0.8838159913472055,0.17644791609656352,149.57756820467145,150.46138419601866,99.78714108541547,99.96358900151203,true,false
200,1.0,149.58715634234233,99.89909396855218,0.9705848492774862,0.1812749371318887,149.117225654545,150.08781050382248,99.78734947112272,99.96862440825461,true,false
200,1.0,149.62212165770666,100.6376012466877,1.062155945696162,0.1988629016601351,149.12101969490388,150.18317564060004,100.51081085251491,100.70967375417504,true,false
200,1.0,149.68743908550903,100.07144282509614,0.8619134497815537,0.1759284095221858,149.28455156038598,150.14646501016753,99.96144130261422,100.1373697121364,true,true
200,1.0,150.28324380054391,100.1012973315911,0.745605669577202,0.17960844977750412,149.93805007402233,150.68365574359953,99.98818044977502,100.16778889955252,true,true
200,1.0,149.85619195742527,100.03142886959392,0.9039145474704924,0.1960916432500852,149.4158384275243,150.3197529749948,99.90954983730441,100.1056414805545,true,true
200,1.0,150.6094503251017,100.26173195321103,0.7640423270726728,0.18045793685433864,150.25702331390292,151.0210656409756,100.14834667320008,100.32880461005442,false,false
200,1.0,149.17039343958675,99.97423679115886,0.9167229681992524,0.17953836740632312,148.72686430351283,149.64358727171208,99.86335312360802,100.04289149101434,false,true
200,1.0,150.40652117714973,99.94569863095975,0.565249210112313,0.17471351860422146,150.15555822776844,150.72080743788075,99.8379589877863,100.01267250639052,false,true
200,1.0,149.4686634739145,100.1956533650017,1.0470818655479377,0.17681581118633005,148.96591505174288,150.01299691729082,100.0869652271765,100.26378103836284,true,false
200,1.0,149.40484040676594,100.32304703854538,0.8470722422702011,0.18309404040068955,149.0064358345799,149.8535080768501,100.20924042984356,100.39233447024425,false,false
200,1.0,150.6143519200072,100.15539766079017,0.6613632547170027,0.18736305109560192,150.32236544822536,150.98372870294236,100.03796802342502,100.22533107452062,false,false
200,1.0,149.6777592436057,99.93606604278582,0.8758893402312538,0.17759117709594818,149.28037946215258,150.15626880238383,99.82441624023265,100.0020074173286,true,true
200,1.0,150.45864494167046,100.19020878127735,0.5910599020385234,0.1775186163367124,150.19648708497735,150.78754698701587,100.07965548657424,100.25717410291095,false,false
200,1.0,149.67223851898916,99.98322989881117,0.7590280409499712,0.16679138801103477,149.33143488408967,150.09046292503965,99.87653714271855,100.04332853072958,true,true
200,1.0,150.2188225564111,99.90575829515146,0.7578826476194251,0.1747464026396841,149.8738648229449,150.63174747056433,99.79496141866083,99.96970782130052,true,false
200,1.0,149.94073068761446,99.90929605363377,0.7478595916773827,0.1746820568918679,149.611361217482,150.35922080915938,99.7995459871459,99.97422804403777,true,false
200,1.0,150.10850557300614,99.9931939708328,0.9550324824160157,0.16650196780599913,149.64240161271022,150.59743409512623,99.88787059235185,100.05437256015784,true,true
200,1.0,150.38832849586117,99.92886910140712,0.8602195086880045,0.16455370149402881,149.9768128382352,150.8370323469232,99.82538728576273,99.98994098725676,true,false
200,1.0,149.437746730137,99.93312841378484,1.056483578547386,0.17839034446319602,148.90600266250632,149.9624862410537,99.82049950099412,99.99888984545731,false,false
200,1.0,150.17923617032739,99.96641777113106,0.7607612163474471,0.16873459730744855,149.83544636293675,150.5962075792842,99.86076773286871,100.02950233017616,true,true
200,1.0,149.38405845852523,99.9459868901209,0.9849106358475979,0.17392756646256657,148.912915426099,149.8978260619466,99.83675577870814,100.0106833451707,false,true
200,1.0,149.2538963913506,100.12513051977601,0.928896515178053,0.17797622266971302,148.83259513836174,149.7614916535398,100.01671290271918,100.19468912538889,false,false
200,1.0,149.1897736162607,100.00627576122989,1.0842167018251985,0.18030862353246846,148.6626518728547,149.7468685746799,99.89145528186059,100.07176390539306,false,true
200,1.0,149.38584895234806,99.94207609400357,1.006546926522475,0.17571925536918798,148.89257520954095,149.89912213606343,99.83184488827538,100.00756414364457,false,true
200,1.0,149.89127780947388,99.96463675499042,0.9195277085612474,0.1773563379685612,149.4503400831609,150.36986779172216,99.85212939187896,100.02948572984752,true,true
200,1.0,149.68220296082274,99.89869776531883,0.8222221938068799,0.182580251492368,149.31046279283228,150.13268498663916,99.78376187877059,99.96634213026296,true,false
200,1.0,150.24095664285278,100.21683587972338,0.7196081246080439,0.1803898092087053,149.9162139052965,150.63582202990455,100.10389711260738,100.28428692181609,true,false
200,1.0,150.59791389243873,99.91954368211762,0.7735757518634614,0.18610780647239267,150.24239398892206,151.01596974078552,99.8035007831092,99.9896085895816,false,false
200,1.0,149.81636097654768,99.95494244698415,0.9432147067895187,0.1671323049234985,149.37180334372655,150.31501805051607,99.84629476610858,100.01342707103208,true,true
200,1.0,149.22146832984097,99.96975381130864,0.901500262296878,0.16218276213862737,148.79913303677327,149.70063329907015,99.86581032601325,100.02799308815187,false,true
200,1.0,150.0099085070278,99.94207103655941,0.9649405815167142,0.17783484919277726,149.5419935451709,150.5069341266876,99.82855982286372,100.0063946720565,true,true
200,1.0,150.2536380580734,100.08897133874737,0.7848246366706064,0.18128720484418182,149.9081535124888,150.69297814915942,99.97460758454363,100.15589478938782,true,true
200,1.0,149.92937854371613,100.28366352656914,0.7185216490947823,0.18045159785933151,149.62521386471636,150.34373551381114,100.17042508791113,100.35087668577046,true,false
200,1.0,149.66974517609796,100.09081241205678,0.9142438457291746,0.16527147049912116,149.22763253885847,150.14187638458765,99.98601206304399,100.15128353354311,true,true
200,1.0,150.13581110697123,99.91273089418047,0.6550261122094412,0.1768043244968851,149.84835514818596,150.5033812603954,99.80341956903887,99.98022389353575,true,false
200,1.0,150.53035031838098,100.19045540420407,0.7786396127901867,0.18269845707682464,150.15284998567708,150.93148959846727,100.07742881571568,100.2601272727925,false,false
200,1.0,149.81114813761184,100.43027331362038,0.9644627431040078,0.1878694834425687,149.34789763367408,150.3123603767781,100.31261679631442,100.50048627975698,true,false
200,1.0,150.37413144822108,99.88589784812089,0.7364082472221867,0.17767364969282085,150.04713369452392,150.7835419417461,99.7754593706484,99.95313302034123,false,false
200,1.0,150.3382425398365,100.33073748579758,0.5797361740816882,0.18825830193290471,150.08393053983187,150.66366671391356,100.21111945431193,100.39937775624483,false,false
200,1.0,150.41258748603815,100.24746555007329,0.6529722453547606,0.19538803098039637,150.13860878809407,150.79158103344884,100.12339748302028,100.31878551400068,false,false
200,1.0,150.38266580249,100.17440766617187,0.7336338303267951,0.18671919488004107,150.04603109220864,150.77966492253543,100.05438385184922,100.24110304672926,false,false
200,1.0,150.0371590891104,99.88905489246754,0.9263855166687449,0.18048657100897003,149.5838995272587,150.51028504392744,99.77272287414782,99.95320944515679,true,false
200,1.0,150.21815996372342,100.14113466452564,0.7550794087653401,0.18765884902019536,149.87356406126116,150.6286434700265,100.02402199743813,100.21168084645832,true,false
200,1.0,150.16390467481466,100.17413363629676,0.7021197249621025,0.18957502916443048,149.8625329062527,150.5646526312148,100.05315827116449,100.24273330032892,true,false
200,1.0,149.88881501177826,99.94974324861721,0.9980245168704016,0.17902922373654917,149.41296518849046,150.41098970536086,99.83834971424822,100.01737893798477,true,true
200,1.0,150.0063327098219,99.90788391348046,0.8818422794891205,0.17609001888017417,149.58123130356125,150.46307358305037,99.79993112800828,99.97602114688846,true,false
200,1.0,150.69845661647673,100.25735781746044,0.6910258007401069,0.18715007126282046,150.4006222606369,151.09164806137701,100.13937612200053,100.32652619326335,false,false
200,1.0,150.36955211711472,99.88742845265476,0.7754188803449154,0.17916007741114015,150.00767681587752,150.78309569622243,99.77624637808341,99.95540645549455,false,false
200,1.0,149.49923625634455,100.06146520629179,0.9966649828035088,0.17428340143661103,149.0322912826023,150.0289562654058,99.95103405319855,100.12531745463517,true,true
200,1.0,150.4369723924908,99.95974992336727,0.8549618254871802,0.16796080680110492,150.03654394600164,150.89150577148882,99.85430059323741,100.02226140003852,false,true
200,1.0,150.25932638309501,99.98535986355844,0.7403820515126824,0.1862251316204322,149.9222057924294,150.66258784394208,99.86715908621944,100.05338421783988,true,true
200,1.0,149.37371174737018,100.06679997714463,1.0253053509615597,0.1736630524172682,148.85474775239982,149.88005310336138,99.95976081750655,100.13342386992382,false,true
200,1.0,148.95872544683675,99.89560369340232,1.0180292604806027,0.16997443445741567,148.46319454227873,149.48122380275933,99.78793244853513,99.95790688299255,false,false
200,1.0,149.99847625753964,99.96103619270102,0.8043644133666135,0.179034311484898,149.6319790457663,150.4363434591329,99.85028824191384,100.02932255339874,true,true
200,1.0,149.9676057526079,99.89528143189179,0.6945655977341971,0.1807243814813546,149.65920077552488,150.35376637325908,99.78201075385432,99.96273513533568,true,false
200,1.0,149.53716995917415,100.26035460631242,0.7883477628435003,0.17975355058078435,149.18754534891397,149.97589311175747,100.14488567070882,100.3246392212896,false,false
200,1.0,149.90911213236106,99.97443422357043,0.771251129292466,0.17408808896968253,149.5639538276476,150.33520495694006,99.86506895649367,100.03915704546336,true,true
200,1.0,150.52327375415138,99.94288637339818,0.6524434380172863,0.18077445678108006,150.23127436990652,150.8837178079238,99.82793452802812,100.0087089848092,false,true
200,1.0,149.84730275416075,100.09774555901805,0.8454099936211321,0.18857454327532253,149.46017781074585,150.30558780436698,99.97995812229045,100.16853266556578,true,true
200,1.0,150.18044331622525,100.08284948260547,0.6955496062009274,0.17205023707353462,149.86879942966982,150.56434903587075,99.9750486122969,100.14709884937044,true,true
200,1.0,149.9173466625801,99.89639727223786,0.9418090345207304,0.17120801314705147,149.47118770144078,150.4129967359615,99.78872355281918,99.95993156596623,true,false
200,1.0,150.45826347638942,99.93208890036533,0.9091171943397853,0.17788732465824353,150.01565769320024,150.92477488754002,99.81863462124062,99.99652194589886,false,false
200,1.0,150.34900037974842,100.03208795748111,0.6902362699485138,0.17625300144707978,150.04580219038212,150.73603846033063,99.92183425910433,100.09808726055141,false,true
200,1.0,149.97343869549644,99.99012797097768,0.7249878000204717,0.17995139839746344,149.65035928365177,150.37534708367224,99.87884925815436,100.05880065655182,true,true
200,1.0,149.85505087157043,100.35853372234334,0.787003660445464,0.19612334592235925,149.49846747933597,150.28547113978144,100.23477440645378,100.43089775237614,true,false
200,1.0,150.08053333659063,100.16600811286347,0.7520871261319542,0.18304961668678743,149.73357440834965,150.4856615344816,100.05321131197857,100.23626092866536,true,false
200,1.0,149.76523178459684,100.06894686872967,0.9110959233515246,0.16989969507521607,149.34520824448202,150.25630416783355,99.96523137484884,100.13513106992406,true,true
200,1.0,148.82766604288847,99.98178196332498,1.0761448049538274,0.16759739484773206,148.31707722649452,149.39322203144835,99.87672918599522,100.04432658084295,false,true
200,1.0,149.72174618520447,100.03859084689441,1.0297579624344735,0.18526623942780418,149.20242132708472,150.2321792895192,99.92273364293112,100.10799988235892,true,true
200,1.0,150.60025657533632,100.17619357248091,0.742467258571196,0.19250717036759113,150.25355632604106,150.99602358461226,100.05418167588209,100.24668884624968,false,false
200,1.0,149.19256172825573,99.8926039126664,1.114414758542722,0.17459316108072187,148.66129945488547,149.7757142134282,99.78130483301543,99.95589799409615,false,false
200,1.0,149.8528362564031,99.97607977653549,0.9594619709572783,0.17772464084934825,149.39700162983317,150.35646360079045,99.86622301969308,100.04394766054243,true,true
200,1.0,150.0782005249946,100.20728722287049,0.9610930723810611,0.18480793268811624,149.62231727409232,150.58341034647339,100.09360487025977,100.27841280294788,true,false
200,1.0,150.46310433556883,100.05959652021514,0.598451599961578,0.16949281725612764,150.20713416257732,150.8055857625389,99.95422583732861,100.12371865458474,false,true
200,1.0,150.42725615882924,100.25672230607842,0.7247365998577493,0.18569707123454293,150.10881291076652,150.83354951062427,100.14097315946029,100.32667023069483,false,false
200,1.0,150.34007272282338,99.98167126622803,0.8421519330682088,0.18045573898901068,149.94884551357987,150.79099744664808,99.87081484257266,100.05127058156167,true,true
200,1.0,150.01700213227838,100.237915208506,0.6755014291302928,0.1847197186757512,149.7151170810765,150.3906185102068,100.1229248113388,100.30764453001456,true,false
200,1.0,150.07992691773072,100.42361484554229,0.9487924802937755,0.18663227840237084,149.630193218871,150.57898569916478,100.30685613047723,100.4934884088796,true,false
200,1.0,150.0624259306113,99.92612295276868,0.7902590757486507,0.17908611722091905,149.68796612230383,150.47822519805248,99.81356580503953,99.99265192226045,true,false
200,1.0,149.87621752337762,99.901134273079,0.762834251246403,0.17556032531523158,149.5278855678131,150.2907198190595,99.7900810023469,99.96564132766213,true,false
200,1.0,149.84006216537628,99.93684778739672,0.7644077379538317,0.1849185266669764,149.48151108801358,150.2459188259674,99.82101965165077,100.00593817831775,true,true
200,1.0,150.3224392593974,100.22858121767504,0.7591590350033641,0.1963152428319006,149.96276521496316,150.72192424996652,100.10688549028825,100.30320073312015,true,false
200,1.0,150.17638800504187,100.1456706527643,0.810605073109059,0.1890098468715422,149.8029441197902,150.61354919289926,100.02870437159419,100.21771421846573,true,false
200,1.0,149.91799636170873,99.9374291903352,0.7217919100713459,0.1784906412151912,149.59642686901765,150.318218779089,99.8239867824216,100.00247742363679,true,true
200,1.0,149.59904502617474,99.91189148420094,0.8412082134547916,0.1791994813266058,149.2058493197766,150.0470575332314,99.79874137064955,99.97794085197616,true,false
200,1.0,149.86495350401367,100.16415608656767,0.737458636400703,0.19798207487347952,149.51445303424995,150.25191167065066,100.04128950597371,100.23927158084719,true,false
200,1.0,149.7840067275866,100.35737269813971,0.8769761801996196,0.17784691996411084,149.3787397270063,150.2557159072059,100.24193548575309,100.4197824057172,true,false
200,1.0,150.22279798267238,99.99047141307301,0.7856288946663312,0.19204100669705326,149.86774929606398,150.6533781907303,99.8668620361409,100.05890304283795,true,true
200,1.0,150.1437736935123,99.94641192412291,0.8782636576933669,0.18745569116485683,149.73379102348486,150.61205468117822,99.82984045400686,100.01729614517171,true,true
200,1.0,150.5580353199074,99.97431767838458,0.6056647864993181,0.17192086663339978,150.29057316657048,150.8962379530698,99.86869338944072,100.04061425607412,false,true
200,1.0,149.95009852774865,99.94784376227722,0.7518280900355307,0.17613509906267666,149.60112522569273,150.35295331572826,99.84041670407761,100.01655180314029,true,true
200,1.0,150.00814385387298,99.98372782540201,0.8006144427904758,0.1816403968902307,149.65126731029147,150.45188175308195,99.86975544404314,100.05139584093337,true,true
200,1.0,150.0131256130851,100.31335078064868,0.8492614268741363,0.19257603063550732,149.63031819592777,150.4795796228019,100.19472392684929,100.3872999574848,true,false
200,1.0,149.3872156966456,100.11959490163377,1.1094795493851564,0.17618661541132496,148.84395501931013,149.9534345686953,100.0106107427826,100.18679735819393,false,false
200,1.0,150.1439939737698,99.94653542366024,0.9657849503002467,0.17422648339028513,149.68660042377053,150.65238537407078,99.83748399190827,100.01171047529856,true,true
200,1.0,149.10630759663417,100.15147523173114,1.0421433324617624,0.17558986406834265,148.5957229720617,149.63786630452347,100.04242055836008,100.21801042242842,false,false
200,1.0,148.98852773254626,100.00810668056332,1.0688154921654416,0.1654694870768907,148.4751784224131,149.54399391457855,99.90221828614276,100.06768777321965,false,true
200,1.0,149.45316246382038,99.98895970238506,0.9252353161662086,0.1619806986913659,149.02614550904036,149.95138082520657,99.8864162274254,100.04839692611677,false,true
200,1.0,149.77740536616506,99.91214291258596,0.9689292569152599,0.18496514116101537,149.2991145283117,150.26804378522695,99.79163064821617,99.97659578937719,true,false
200,1.0,150.05571232433158,99.89974801369141,0.8892804908333574,0.17997267455206156,149.63965530742013,150.52893579825349,99.78376034763713,99.96373302218919,true,false
200,1.0,149.13563481704577,99.89811676102201,1.1218407597651208,0.16950588048463544,148.6029665144281,149.7248072741932,99.79074314220038,99.96024902268502,false,false
200,1.0,150.4296401999003,99.93927439846769,0.7439004919605736,0.17437362213631502,150.09591691626744,150.83981740822801,99.8310047198803,100.00537834201661,false,true
200,1.0,149.56694332812776,100.13151888735834,0.9909397263051005,0.1974976392498462,149.07725888873728,150.06819861504238,100.0065691957668,100.20406683501665,true,false
200,1.0,149.9240844110983,99.97137008506141,0.7809767125622216,0.17512432080376072,149.57864911922883,150.35962583179105,99.85992634823438,100.03505066903814,true,true
200,1.0,150.23135228869916,99.89090834676372,0.5992162806756482,0.1824593876041689,149.9818862834603,150.58110256413596,99.77620762766772,99.95866701527189,true,false
200,1.0,149.33945514173854,100.32266177850681,0.9131707417023733,0.18349149086407124,148.91576513981036,149.82893588151273,100.20796424034037,100.39145573120445,false,false
200,1.0,150.0026692484123,99.91804151826767,0.7572795417415819,0.1737399964672619,149.66230252436415,150.41958206610573,99.80821048272772,99.98195047919498,true,false
200,1.0,150.1122502281633,99.89207869333156,0.9161975355343088,0.1778566522376792,149.69242714916098,150.6086246846953,99.77861158573378,99.95646823797146,true,false
200,1.0,149.99122290474995,100.05771293315418,0.8593065636079302,0.18251654391565353,149.59317436095725,150.45248092456518,99.94183168799708,100.12434823191273,true,true
200,1.0,148.73447537555268,99.96904525549593,1.2005087335965356,0.17563598542717784,148.12979853825541,149.33030727185195,99.85861578195482,100.034251767382,false,true
200,1.0,149.3324042101121,100.17629743098351,1.0676290019983696,0.18074594388409082,148.8119654516054,149.87959445360377,100.06207909935256,100.24282504323665,false,false
200,1.0,148.9623001589169,100.11071186942843,0.9861411214699558,0.17793440214065015,148.46365624892167,149.44979737039162,99.99605492117948,100.17398932332013,false,true
200,1.0,150.53288239108548,99.98280246761891,0.8237173714612425,0.16823409950988832,150.16580215575215,150.9895195272134,99.87893109370576,100.04716519321565,false,true
200,1.0,149.7832086459353,99.92736866828909,0.9633849213247743,0.17588917778660118,149.31288054509025,150.27626546641503,99.81376792042009,99.98965709820669,true,false
200,1.0,149.69505068836284,99.99224518632673,0.9021434861254534,0.18515016197896728,149.2491421859702,150.15128567209564,99.874159098189,100.05930926016796,true,true
200,1.0,150.28053385243416,100.04993995210438,0.5982870549254073,0.18918914208687454,150.01678925861916,150.61507631354456,99.93077892574445,100.11996806783132,false,true
200,1.0,150.36747792629615,100.04171741749418,0.6337324925692087,0.19230532772010633,150.09691470530453,150.73064719787374,99.92079367428319,100.1130990020033,false,true
200,1.0,150.18313159148258,100.15783519972673,0.6160656538255012,0.19746566203656357,149.92064879003516,150.53671444386066,100.03156649046845,100.22903215250501,true,false
200,1.0,149.7315328691446,99.88717224815971,1.067562436483911,0.18734097225832613,149.20826553211916,150.27582796860307,99.7687008721373,99.95604184439563,true,false
200,1.0,150.27593732004883,99.89343983229799,0.7063331105055397,0.18206253399108618,149.96525599680655,150.6715891073121,99.7819276474344,99.96399018142549,true,false
200,1.0,149.57188521763038,100.07044011674293,0.9079994110386451,0.1828470922874459,149.14992334842913,150.05792275946777,99.95264445114168,100.13549154342913,true,true
200,1.0,150.66497906845177,100.0282101463093,0.7350331148041107,0.20105454643194776,150.32589237494142,151.06092548974553,99.90152042995649,100.10257497638844,false,true
200,1.0,149.4817005240189,99.92804382724538,0.9388930132961377,0.18160704794746607,149.03610681191338,149.97499982520952,99.81188512472139,99.99349217266885,false,false
200,1.0,149.97937756034784,100.19258080757345,0.7680729998539277,0.18931915876417804,149.62949570147305,150.39756870132697,100.07537100741547,100.26469016617965,true,false
200,1.0,149.19231138178063,99.96363123551667,0.9485799605754153,0.1710735202123317,148.74022196760336,149.68880192817878,99.85444511848449,100.02551863869682,false,true
200,1.0,148.78075387226164,100.02598413457065,1.1296813803284635,0.1764438571901792,148.2231863464051,149.35286772673356,99.91361802203308,100.09006187922326,false,true
200,1.0,150.66444799818765,99.96860133815537,0.6848746275675524,0.18187364714542298,150.366380329219,151.05125495678655,99.85572082715424,100.03759447429967,false,true
200,1.0,149.36145684064525,99.91845518043237,1.0212953477044948,0.17356737250841547,148.88281558780196,149.90411093550645,99.80807887334319,99.9816462458516,false,false
200,1.0,150.5038232130941,99.91607481025383,0.5795760282451283,0.1838341085964288,150.24402235405188,150.823598382297,99.80125732169168,99.98509143028811,false,false
200,1.0,149.68598005186797,100.03911586040711,0.9050276957829624,0.19341827916019838,149.26313697717296,150.16816467295592,99.91271350033448,100.10613177949467,true,true
200,1.0,150.28412281204328,100.08225549143546,0.6516195726566991,0.1900394148151605,149.9796276597775,150.6312472324342,99.9643095960031,100.15434901081827,true,true
200,1.0,148.89026874910468,99.93838916389626,1.0749370345916986,0.18052322759010053,148.36868819709844,149.44362523169013,99.82175838232445,100.00228160991455,false,true
200,1.0,149.71842275548505,100.19819664639223,0.8345097463506477,0.1903398663826863,149.33295213205008,150.16746187840073,100.07894885980417,100.26928872618686,true,false
200,1.0,149.6257369581846,100.26245944093625,0.9365736667067779,0.19272030535233853,149.16892903659905,150.10550270330583,100.1467817407086,100.33950204606094,true,false
200,1.0,150.14317097023746,99.9519485045067,0.8005515817453386,0.1828456395839737,149.78143195122743,150.58198353297277,99.83958303511542,100.0224286746994,true,true
200,1.0,150.57397130819464,100.11316528996892,0.6843709138151723,0.1768066687964307,150.26449451095698,150.94886542477215,100.00035386954393,100.17716053834036,false,false
200,1.0,149.36442518763528,100.23161641138822,0.9436769513185936,0.18008873399800507,148.92108489268668,149.86476184400527,100.11682648050072,100.29691521449872,false,false
200,1.0,149.393248812592,100.1921648557989,0.8973197631931953,0.17946265040389164,148.96954485468842,149.86686461788162,100.07947142486451,100.2589340752684,false,false
200,1.0,150.33028426812535,99.96393933195962,0.8398356295123506,0.1787768572292805,149.93774670445225,150.7775823339646,99.85227762163774,100.03105447886702,true,true
200,1.0,150.11411794215047,99.89600183929466,0.8338243814407065,0.17083706486336325,149.70924186704048,150.54306624848118,99.79136249289836,99.96219955776172,true,false
200,1.0,150.27478454197956,99.89489733971755,0.6465237619424897,0.17925973165310438,149.99515711258522,150.6416808745277,99.78210892695732,99.96136865861043,true,false
200,1.0,149.52560847211907,100.00667431012928,1.0566187255573993,0.16724983414545136,149.03186715028093,150.08848587583833,99.89908486526289,100.06633469940834,true,true
200,1.0,148.87808193815107,99.89957478168955,1.0818920509240115,0.18104390616197463,148.37709307485244,149.45898512577645,99.78572179772343,99.9667657038854,false,false
200,1.0,149.5713318555121,99.93563084188361,0.8393428488709844,0.1804294804351798,149.1975760344727,150.03691888334367,99.82427269640124,100.00470217683642,true,true
200,1.0,149.49003298955574,99.97606715650589,0.9321853252210701,0.1801005258386681,149.0463398982077,149.97852522342876,99.8618713827428,100.04197190858147,false,true
200,1.0,150.48614608940233,99.9406202133393,0.8789814522892527,0.17442954826240964,150.06271743485578,150.94169888714504,99.83152705784516,100.00595660610757,false,true
200,1.0,149.657516777171,99.90579935818891,1.0322767814371616,0.1711361426211795,149.15917271842753,150.1914494998647,99.79714045550357,99.96827659812475,true,false
200,1.0,150.34504684175624,100.01088997811242,0.7471029462910224,0.17675598956152783,149.99835392572177,150.7454568720128,99.89915180038166,100.07590778994319,true,true
200,1.0,150.06198568342552,100.05546671936725,0.5394634014564019,0.18200683954871977,149.83182940534206,150.37129280679846,99.94169561020136,100.12370244975008,true,true
200,1.0,150.78070732510406,100.04023251763094,0.7624369020845165,0.1809866850784374,150.4232812423228,151.1857181444073,99.92494242207786,100.1059291071563,false,true
200,1.0,150.06365175972235,100.05838840407894,0.8848677358204498,0.17348220562232086,149.64395814419743,150.52882588001788,99.9510551705873,100.12453737620962,true,true
200,1.0,150.05206933415894,100.2652813791277,0.9971088548430771,0.1941713391301647,149.57732323441803,150.5744320892611,100.14495317334789,100.33912451247805,true,false
200,1.0,149.6580210323687,100.22637927294144,0.9352935181199484,0.1816506829200506,149.20827158813333,150.14356510625328,100.11400474838429,100.29565543130434,true,false
200,1.0,149.87555531616664,99.95534023519406,0.7808131861365268,0.18840044750024276,149.52533573254595,150.30614891868248,99.83569379885509,100.02409424635533,true,true
200,1.0,149.20981665847194,100.09251729404508,1.016186977657128,0.18040376501195965,148.7413573706707,149.75754434832783,99.97877389918867,100.15917766420063,false,true
200,1.0,150.19808728627143,99.93923011576123,0.5992182695262898,0.1828089973019189,149.9582512913211,150.55746956084738,99.82560513690348,100.0084141342054,true,true
200,1.0,149.8525099455463,100.02810075954862,0.822782356994594,0.18640038882790577,149.4682468184447,150.2910291754393,99.9125934608175,100.09899384964541,true,true
200,1.0,149.86335307590673,99.92723508651241,0.9248888178559298,0.17900668669010145,149.41389207460387,150.3387808924598,99.81642912296549,99.99543580965559,true,false
200,1.0,148.96748884848674,100.22392069026813,1.0846671858723766,0.18171174643713073,148.42792028174662,149.512587467619,100.11032741374387,100.292039160181,false,false
200,1.0,150.54858002077657,100.00849546988016,0.663253585725954,0.17968873679528485,150.24780894424333,150.91106252996929,99.89826505399954,100.07795379079482,false,true
200,1.0,150.37546480855644,100.04514644719521,0.7557797971322202,0.1719447555101965,150.02685068947812,150.78263048661034,99.93755142981678,100.10949618532698,false,true
200,1.0,148.8534154897423,100.1777626093761,1.0994044542748327,0.18650191830013796,148.32057004177904,149.41997449605387,100.05886969370854,100.24537161200868,false,false
200,1.0,149.27790411377129,99.8957245669124,1.158888226456611,0.16662527876486877,148.70350887827425,149.86239710473086,99.78967291908498,99.95629819784985,false,false
200,1.0,149.94011137941575,100.04978671963632,0.84078467784488,0.18794396530309143,149.5460526280264,150.38683730587127,99.93228097780646,100.12022494310955,true,true
200,1.0,150.32450826669614,100.37957131200008,0.7135205396378979,0.19639922020775202,150.00697218472908,150.72049272436698,100.25504041361235,100.4514396338201,false,false
200,1.0,150.32773381802537,100.39268713929873,0.6047778348537918,0.19106668787271985,150.0590746738642,150.66385250871798,100.27389701080588,100.4649636986786,false,false
200,1.0,149.52130257374156,99.91591083959585,0.9706233288093244,0.18363525828081606,149.07499391530456,150.04561724411388,99.79943685538403,99.98307211366485,true,false
200,1.0,149.82137046086405,100.1704669639154,0.9844158329085815,0.1823866509254657,149.34192691149724,150.32634274440582,100.05549304398916,100.23787969491462,true,false
200,1.0,150.70418178863542,100.27591609754059,0.6883504060113808,0.18615418979038623,150.3952852183777,151.08363562438907,100.1583517806427,100.34450597043309,false,false
200,1.0,149.51742382472509,100.0094770053028,1.0408920128755597,0.17963310859727244,149.00380168354187,150.04469369641743,99.89586379230138,100.07549690089866,true,true
200,1.0,149.71493300470541,100.07660809454322,1.0092422189786419,0.17706817031867672,149.22236202981156,150.2316042487902,99.96416585287938,100.14123402319805,true,true
200,1.0,150.27895490815382,100.25922205512218,0.6281167266946,0.19699987338394465,150.00177648775696,150.62989321445156,100.13795387382275,100.3349537472067,false,false
200,1.0,149.8786950944512,100.00721194064656,0.87825265772085,0.1794260614089609,149.4763669897786,150.35461964749945,99.89497168976065,100.07439775116961,true,true
200,1.0,149.86868739482068,99.9437624917216,0.9514765866710775,0.1816447790270388,149.40982329196402,150.3612998786351,99.83074962238335,100.01239440141039,true,true
200,1.0,150.12338917060765,100.04992209578172,0.7395803691798051,0.17567529348930577,149.78488292723847,150.52446329641828,99.939436949581,100.1151122430703,true,true
200,1.0,150.27758174927862,99.90284189953442,0.6955142783908173,0.18213915453664242,149.97560094852037,150.67111522691118,99.78632597397741,99.96846512851405,true,false
200,1.0,149.85743770266077,100.18018454820705,0.9387379488930492,0.1863652900023567,149.42604054553658,150.36477849442963,100.06516781026109,100.25153310026344,true,false
200,1.0,149.19783086682264,99.97887426286552,0.9434125420254702,0.17254126644976964,148.75013495952493,149.6935475015504,99.86764783891036,100.04018910536013,false,true
200,1.0,150.40415295823988,100.0578813952014,0.6917075265662618,0.18394023587188713,150.11403404023898,150.80574156680524,99.94413595954849,100.12807619542038,false,true
200,1.0,149.11055192603467,99.94713488011189,0.9013376877608721,0.17987236315784116,148.68291131497938,149.58424900274025,99.83331399042586,100.0131863535837,false,true
200,1.0,149.63714998709645,99.9131883315556,1.061431386413716,0.1679146554729698,149.12191131214485,150.18334269855856,99.80856209541722,99.97647675089019,true,false
200,1.0,150.02009206436463,99.98702683598268,0.6978984915807871,0.17087385839894864,149.7139866833844,150.4118851749652,99.87961050798663,100.05048436638558,true,true
200,1.0,149.434392959199,99.91129434580847,0.9550892103503088,0.17908997828693884,148.97506865047,149.93015786082032,99.79852592983185,99.97761590811879,false,false
200,1.0,150.0046206036631,99.91457294439684,0.7872780753980919,0.17922736676652562,149.65207205924088,150.43935013463897,99.803903978086,99.98313134485252,true,false
200,1.0,149.63477163831647,100.32890191456076,0.8292356685852269,0.19200528393822935,149.26644431887672,150.09567998746195,100.20884655710243,100.40085184104066,true,false
200,1.0,149.52893346802995,99.94895681318033,0.9283569654307939,0.17901459585763746,149.10437637022744,150.03273333565824,99.83487150304322,100.01388609890085,true,true
200,1.0,149.18040966112227,100.06158754785159,0.9697936577773021,0.17604583440396482,148.7217827567299,149.6915764145072,99.95094398933655,100.12698982374052,false,true
200,1.0,149.79428622032842,99.900563474735,0.7920964935765653,0.18086396890679168,149.44154132518258,150.23363781875915,99.78454996375801,99.9654139326648,true,false
200,1.0,149.46749373077924,99.93319314388324,0.9712360300186447,0.1752777497256801,149.01614539038405,149.9873814204027,99.8236353579533,99.99891310767897,false,false
200,1.0,149.7707087156707,99.9732547791817,0.7530151341073008,0.17263973898988638,149.44804599110742,150.20106112521472,99.8642725253704,100.03691226436028,true,true
200,1.0,150.34414075596993,99.94323550169446,0.7579044192170556,0.1716683933704246,150.00698226781495,150.764886687032,99.83686119029852,100.00852958366895,false,true
200,1.0,150.3489756157171,100.00970060007378,0.8871071250194973,0.19265389910005126,149.91468003448847,150.80178715950797,99.88701650804946,100.07967040714951,true,true
200,1.0,150.1004001626503,100.0452710549661,0.7991459693330398,0.18030179807063007,149.7326208736341,150.53176684296713,99.93197162980218,100.11227342787281,true,true
200,1.0,149.76939669672714,99.91726255598383,0.8506778217459328,0.1775673476256685,149.36465460060325,150.21533242234918,99.80321598592447,99.98078333355014,true,false
200,1.0,149.57533041111918,100.21679479125756,0.9154147368356007,0.18330075087681053,149.1443858987325,150.0598006355681,100.10012937882203,100.28343012969884,true,false
200,1.0,148.93206797584855,100.1624431375061,1.1363608222429775,0.1799801789552049,148.37399480667767,149.51035562892065,100.05149413117199,100.2314743101272,false,false
200,1.0,150.2818372131715,99.89648677397986,0.7295316275887842,0.17702700470361776,149.9660867237887,150.69561835137748,99.78577982695194,99.96280683165556,true,false
200,1.0,148.8782965672497,100.08967651160089,0.9961443389647116,0.1783527670897911,148.37913213532704,149.37527647429175,99.9771263749738,100.1554791420636,false,true
200,1.0,150.083860860685,100.00187201614479,0.8466900019293462,0.18401548256191802,149.70661619315862,150.55330619508797,99.8877223532714,100.07173783583332,true,true
200,1.0,150.37299160149325,99.90878184756542,0.893789827313185,0.1707348026982345,149.94661583438062,150.8404056616938,99.80101743206174,99.97175223475998,true,false
200,1.0,149.83681312833096,99.99103877122405,0.9917101144054925,0.1789665051896634,149.3674790064634,150.3591891208689,99.88006027654264,100.0590267817323,true,true
200,1.0,150.39332102210415,100.03284520917097,0.7472632075167098,0.18222220328009087,150.0520811293439,150.7993443368606,99.91814628729891,100.100368490579,false,true
200,1.0,149.90319621290084,99.91314046693722,0.7880993335104733,0.18348687761827875,149.5627617944596,150.35086112797006,99.79631558524797,99.97980246286625,true,false
200,1.0,150.68263418831006,99.90487406527538,0.7639810343524118,0.18109939742005565,150.3310112315368,151.0949922658892,99.78964065674695,99.97074005416701,false,false
200,1.0,150.1820198788626,100.33761178493324,0.8689986831144267,0.1800093846207318,149.78362897468915,150.65262765780358,100.22439883531946,100.4044082199402,true,false
200,1.0,149.36865541018796,100.24198126433157,1.0778601788526032,0.17150158300704277,148.83847255513626,149.91633273398887,100.13295347618484,100.30445505919188,false,false
200,1.0,150.4411168599122,100.25845146397278,0.7202579720929521,0.19553883476197598,150.11355876262164,150.8338167347146,100.136096525064,100.33163535982598,false,false
200,1.0,150.06750818340691,99.8845732565284,0.6474125471786465,0.18366962622351934,149.78060839440445,150.4280209415831,99.76894312389896,99.95261275012248,true,false
200,1.0,149.59233597490743,100.3193779535894,0.8166543250570157,0.19552419618668182,149.2307358611104,150.0473901861674,100.19514896457903,100.39067316076572,true,false
200,1.0,149.6902935165947,99.96889516318026,1.019567087063166,0.18169749229691945,149.20100623626712,150.22057332333029,99.85356832272028,100.0352658150172,true,true
200,1.0,150.256232259167,99.93836600955552,0.8243771949013592,0.17227343536136175,149.87643066901487,150.70080786391622,99.8291459201661,100.00141935552746,true,true
200,1.0,150.2385321517348,100.13463342964789,0.7307532374119035,0.17693800006497895,149.8960630797139,150.62681631712582,100.02159746239309,100.19853546245807,true,false
200,1.0,150.02671645621643,100.11978679579013,0.655103175001301,0.18345964364672795,149.73950670104315,150.39460987604446,100.00781562262915,100.19127526627588,true,false
200,1.0,149.91382515744303,99.94536217253514,0.8861457599729761,0.1789332291623822,149.4978019835592,150.3839477435322,99.83246008272515,100.01139331188753,true,true
200,1.0,150.17747819680434,100.09235698347453,0.662756956313217,0.1779604775048398,149.8850618904844,150.5478188467976,99.97927660166174,100.15723707916658,true,true
200,1.0,149.96649159089986,100.07959072324567,0.9642132186908157,0.18678035857712416,149.5038949013824,150.46810812007323,99.96213884286232,100.14891920143944,true,true
200,1.0,150.3788325432223,100.01668943838789,0.6045186859537068,0.18236448823647322,150.1213383245892,150.7258570105429,99.90291796815887,100.08528245639535,false,true
200,1.0,150.1550519657617,100.06780086754202,0.6928743494836169,0.16036099353364364,149.8466081997537,150.5394825492373,99.96731277931997,100.12767377285361,true,true
200,1.0,149.92352240428863,100.29157848292238,0.8941628948219886,0.186011113320248,149.51601060241828,150.41017349724027,100.17493780817085,100.3609489214911,true,false
200,1.0,149.75653397551207,100.08691163999583,0.8346426440726873,0.1793549111166044,149.39025673530915,150.22489937938184,99.97477642386559,100.1541313349822,true,true
200,1.0,150.10649156877628,99.97207546122911,0.8270487517960987,0.18553544719766535,149.72992828191752,150.55697703371362,99.85362532748192,100.03916077467959,true,true
200,1.0,149.33049866728905,100.04448072320409,0.9055220354297546,0.17673549545969536,148.89241614591492,149.79793818134468,99.93224072887139,100.10897622433109,false,true
200,1.0,149.8821512123261,99.94147889598045,0.5939318522757446,0.1857894126973605,149.6285406767208,150.22247252899655,99.82422858703389,100.01001799973125,true,true
200,1.0,149.35132304620566,99.9078658689341,0.8841840819428057,0.17326624831825654,148.9552028068668,149.8393868888096,99.79778102643036,99.97104727474861,false,false
200,1.0,150.13429681642606,100.07787616739515,0.8123968422264056,0.18743572877762915,149.79111969175392,150.60351653398033,99.95715577744714,100.14459150622477,true,true
200,1.0,148.78635530902307,99.9832383653985,1.132568491802573,0.17199775314126953,148.2214060169541,149.35397450875666,99.87559883159318,100.04759658473445,false,true
200,1.0,150.04634729951925,99.90668244687552,0.8758400878239172,0.17188887095180405,149.6382121777134,150.51405226553732,99.79692105329482,99.96880992424663,true,false
200,1.0,149.8682559901058,100.25244619366315,0.847948005209588,0.1842115576622234,149.47514993269243,150.32309793790202,100.13567740026004,100.31988895792226,true,false
200,1.0,150.09224050521772,99.95584951002067,0.880127610638084,0.1816046093952366,149.67352955354892,150.553657164187,99.84121051932843,100.02281512872366,true,true
200,1.0,149.70172338697523,99.98571154695001,0.8745244178244889,0.17829260095365385,149.2934701849888,150.16799460281328,99.87864617357877,100.05693877453243,true,true
200,1.0,150.41224490426015,100.29741193254344,0.7664700280692784,0.1952910485576922,150.0656229608528,150.83209298892208,100.17335373555144,100.36864478410914,false,false
200,1.0,149.32243604638774,99.90855174672944,1.063907605628799,0.1839431352780707,148.80130738811692,149.86521499374572,99.79385100096498,99.97779413624305,false,false
200,1.0,148.82076323442772,100.18617883371374,1.0325268842428557,0.17642579294087568,148.31786963915414,149.350396523397,100.07387405236835,100.25029984530923,false,false
200,1.0,150.08772384079487,100.01101774255639,0.9085970612536869,0.17065862304055202,149.66201696058744,150.57061402184112,99.90315471697232,100.07381334001288,true,true
200,1.0,149.7172709941771,100.11360667038382,0.8791772542857359,0.18436221173982403,149.30738245512651,150.18655970941225,99.99362337269069,100.17798558443052,true,true
200,1.0,150.2467265240375,100.12147498238762,0.5344327244367548,0.177049776451895,150.01990194681403,150.55433467125079,100.01230342058594,100.18935319703783,false,false
200,1.0,150.2637722785209,99.95506321640502,0.6319374587860693,0.17823857406483512,149.9852074828604,150.61714494164647,99.84270342657356,100.0209420006384,true,true
200,1.0,149.75527441490505,100.02047431248357,0.7926473994075707,0.18304868094263327,149.39463720102964,150.1872846004372,99.90210266172373,100.08515134266636,true,true
200,1.0,148.93509714064453,100.09920220190045,1.0799813237271678,0.17433074410854488,148.42292525907536,149.50290658280252,99.98960380432204,100.16393454843059,false,true
200,1.0,149.91841671472116,100.20920710901322,0.8050189406579591,0.17831508755953962,149.53855923848622,150.34357817914417,100.10005303528652,100.27836812284606,true,false
200,1.0,149.42997490038454,99.9712369622365,1.0409921773776034,0.18217682456212003,148.93524225056774,149.97623442794534,99.8589761364311,100.04115296099322,false,true
200,1.0,149.59290875932444,99.90889374100912,0.7591348109109219,0.180855989541314,149.2682288255579,150.02736363646883,99.79475436888741,99.97561035842872,true,false
200,1.0,149.39917379731043,100.00808243310479,0.9521858306961519,0.15435828768771387,148.91585978889842,149.86804561959457,99.91342269962381,100.06778098731152,false,true
200,1.0,150.131466646124,100.01673512482394,0.9004898303440712,0.17774952181339643,149.71195033515755,150.61244016550162,99.90570633208992,100.08345585390332,true,true
200,1.0,148.67913779493534,99.89849535503816,0.982574419570085,0.17243120670134715,148.20328481612,149.1858592356901,99.79020929887636,99.96264050557771,false,false
200,1.0,150.3327195725409,100.10300066107261,0.825576974862912,0.18206241098920373,149.94165403583727,150.7672310107002,99.98837014648629,100.1704325574755,true,true
200,1.0,149.97498918315898,99.92528700389337,0.776238077855993,0.18007778913852235,149.62045909112243,150.39669716897842,99.81253088659766,99.99260867573618,true,false
200,1.0,150.26630537839412,99.88712509309063,0.7472887277674545,0.1787795028210155,149.93047473349293,150.67776346126038,99.77645073347404,99.95523023629505,true,false
200,1.0,150.1207167959566,99.98109657460827,0.7623439079244463,0.19021959490453355,149.7784473203585,150.54079122828296,99.86292051827228,100.05314011317681,true,true
200,1.0,149.064940076943,100.16362450868883,0.9739769372452827,0.1678975186233913,148.58210061617797,149.55607755342325,100.05956857284107,100.22746609146446,false,false
200,1.0,150.15879589619095,99.95585241647441,0.6648018056163494,0.1831913400335452,149.87030192721187,150.53510373282822,99.83829518258028,100.02148652261383,true,true
200,1.0,149.342844313888,100.19967254414766,1.018479596841246,0.1765915413410255,148.8491963671398,149.86767596398104,100.08894023758683,100.26553177892785,false,false
200,1.0,149.11503458921175,100.3181062953258,1.0754381971538862,0.17402852646466727,148.5964460289944,149.67188422614828,100.20812265236603,100.3821511788307,false,false
200,1.0,150.07381162239201,99.9217645372567,0.7969868145384567,0.18046583701247698,149.71481679478194,150.5118036093204,99.8086122298364,99.98907806684888,true,false
200,1.0,150.4255032158279,100.32690213045177,0.6297318159732583,0.191926040103084,150.151355559004,150.78108737497726,100.20624823826303,100.39817427836611,false,false
200,1.0,149.31816716387735,99.92709068209226,0.9862755535707208,0.16596843486252055,148.85390085261793,149.84017640618865,99.82193689527193,99.98790533013445,false,false
200,1.0,150.2308341765709,100.06275648247288,0.7136531637566179,0.18269414010727303,149.92929506347141,150.64294822722803,99.9480707081809,100.13076484828817,true,true
200,1.0,150.3944584150679,100.08705258791744,0.6981883799726631,0.19014172008304797,150.08337259251147,150.78156097248413,99.96919588438436,100.15933760446741,false,true
200,1.0,149.40706574521178,100.24441764398601,1.100745716514183,0.1942183942770015,148.88409166651792,149.9848373830321,100.12042001338068,100.31463840765768,false,false
200,1.0,150.1223622717028,99.91240116671867,0.7506088667953463,0.18355854206109257,149.7801547949078,150.53076366170313,99.79913070141748,99.98268924347857,true,false
200,1.0,150.2966568518383,100.12924174140855,0.8659333845016022,0.19522901179482233,149.88507974204606,150.75101312654766,100.00438550623664,100.19961451803147,true,false
200,1.0,149.97653012544293,100.21554541001689,0.8649406317685475,0.18081262215180516,149.59620278412143,150.46114341588998,100.10237104728296,100.28318366943476,true,false
200,1.0,150.39980680859617,100.20525106184627,0.801637959669705,0.17396208801746127,150.02665344643341,150.82829140610312,100.09826997114284,100.2722320591603,false,false
200,1.0,149.2492631489989,99.93009915345013,1.1338946895508855,0.17064018075357978,148.69178311882735,149.82567780837823,99.82387979029005,99.99451997104363,false,false
200,1.0,149.74779462370202,100.17456491589408,0.909189658929705,0.17823741170411722,149.32541206155054,150.23460172048024,100.05976663566136,100.23800404736548,true,false
200,1.0,150.2608803635377,99.97963676876608,0.923703210542925,0.1873526043501812,149.83114951681594,150.75485272735887,99.86398512346483,100.05133772781501,true,true
200,1.0,149.401710323703,99.9216266103108,1.0086629701536083,0.1819482774114647,148.90574779162165,149.91441076177526,99.8079888551372,99.98993713254866,false,false
200,1.0,150.29408455621152,100.10512900660862,0.8037272064541696,0.17758367181673407,149.90299667111245,150.70672387756662,99.99545406153806,100.17303773335479,true,true
200,1.0,150.45638705851917,100.12972105689865,0.7035867449340287,0.18336276949416686,150.13951127737548,150.8430980223095,100.01308103919993,100.1964438086941,false,false
200,1.0,150.2546623800361,100.02941312103715,0.8787216083575515,0.1799711419406549,149.83747930732343,150.716200915681,99.91503866236371,100.09500980430437,true,true
200,1.0,149.94729241169938,99.95113071168356,0.7011401105596633,0.17906187931701822,149.62583273724664,150.3269728478063,99.83900682432564,100.01806870364265,true,true
200,1.0,150.71314614616077,99.94774589178047,0.7617417177160064,0.18486671022206735,150.3683194564377,151.1300611741537,99.83103464606813,100.0159013562902,false,true
200,1.0,149.8167629105422,99.9143793278106,0.965995281404048,0.17875688789538913,149.35858348332744,150.32457876473148,99.80256714041398,99.98132402830937,true,false
200,1.0,150.53771242793172,99.91721457744116,0.7293425520165044,0.1737277824880863,150.1996903664451,150.92903291846162,99.80559137244427,99.97931915493236,false,false
200,1.0,149.7507051297928,99.98957247002036,0.8774396528712032,0.18166656189745822,149.35049526841507,150.22793492128628,99.87576423044493,100.05743079234239,true,true
200,1.0,150.02769978550901,100.08707568511119,0.6698602112323613,0.1781109328525332,149.7340706049946,150.40393081622696,99.97416547558338,100.15227640843591,true,true
200,1.0,149.9760879187512,100.21455885180207,0.7279452070465879,0.19127532093415311,149.64666395165258,150.37460915869917,100.09614142613583,100.28741674706998,true,false
200,1.0,149.26904891345467,99.95327324445044,1.1317347661272663,0.16393667721379757,148.70106919246342,149.8328039585907,99.85208264490478,100.01601932211858,false,true
200,1.0,149.53137642403198,99.95167935162584,0.879071233779257,0.17694310811010894,149.11931367098174,149.998384904761,99.8389557554711,100.01589886358121,false,true
200,1.0,150.08514020105645,99.91504322701978,0.6720485772432312,0.17183751605418252,149.78400093642517,150.4560495136684,99.81111824043168,99.98295575648586,true,false
200,1.0,150.1597371573917,100.20738037328664,0.694283727109422,0.18495916972820226,149.8482033078025,150.54248703491191,100.09088207641221,100.27584124614042,true,false
200,1.0,150.20537688038445,99.88620172347981,0.761586415005354,0.17087087839226456,149.85149461235346,150.61308102735882,99.78191406243782,99.95278494083009,true,false
200,1.0,149.42897806432393,100.63027191233756,0.8867466630404124,0.198270199355278,149.02713261675797,149.91387927979838,100.50628626377117,100.70455646312645,false,false
200,1.0,149.70890989617254,99.94148358883021,0.9005165559153738,0.17371614708727634,149.27893422353645,150.17945077945183,99.83423246148814,100.00794860857542,true,true
200,1.0,150.0617184126143,100.24985435765375,0.8792740881202121,0.19163403710437876,149.64761955727033,150.52689364539054,100.12857511264083,100.32020914974521,true,false
200,1.0,149.82940885398006,100.31046301951466,0.8025207585790497,0.1780531235322087,149.4413268947302,150.24384765330925,100.19743182975469,100.3754849532869,true,false
200,1.0,149.13408253639034,99.96995376312915,1.0720295660574664,0.17994636361777339,148.60700646042042,149.6790360264779,99.86104767365764,100.04099403727541,false,true
200,1.0,150.2918551506529,100.00014741791193,0.7265770678035324,0.1914626151341281,149.96812916792845,150.69470623573199,99.88366093246567,100.0751235475998,true,true
200,1.0,150.05722091064212,99.92655496768506,0.9021918371230697,0.17988000605055277,149.6227949390853,150.52498677620838,99.81380348621872,99.99368349226927,true,false
200,1.0,149.89127726452213,100.16289675244617,0.9908685300077025,0.17739535229186743,149.4189063464338,150.4097748764415,100.05036333127606,100.22775868356793,true,false
200,1.0,149.4478710330382,100.34078168152108,0.9176105583221386,0.18494650159777848,148.99704549001157,149.9146560483337,100.22691700398715,100.41186350558493,false,false
200,1.0,149.71111555237616,100.05349375424329,0.9387351660784873,0.17656659322304336,149.25943893148488,150.19817409756337,99.94220783208932,100.11877442531237,true,true
200,1.0,150.0301927415593,99.8813076184031,0.7817065826225189,0.17652378554551262,149.68308931737846,150.46479590000098,99.77554296644021,99.95206675198573,true,false
200,1.0,149.969125466455,99.92902479617793,0.6243087777556298,0.17767185972343214,149.70981778019117,150.3341265579468,99.81761308986415,99.99528494958759,true,false
200,1.0,150.08758468002537,100.14739263976779,0.60566986556654,0.18892655620859955,149.8241289891995,150.42979885476603,100.02953158344621,100.21845813965481,true,false
200,1.0,150.4605197860855,99.96909721496141,0.6660602047939506,0.1662341768626021,150.16968527712487,150.83574548191882,99.86721405197696,100.03344822883956,false,true
200,1.0,149.7026114708035,100.10540077953291,0.7161990369182263,0.172688535702207,149.39466134559743,150.11086038251565,99.99940728011315,100.17209581581535,true,true
200,1.0,149.21643194283126,100.03208562082386,0.9554273244317528,0.17709725711961255,148.7669196862874,149.72234701071915,99.92216818369563,100.09926544081524,false,true
200,1.0,150.15569686251564,99.9678497288093,0.8079619734091068,0.1846751666591473,149.78211737095242,150.59007934436153,99.85302300546172,100.03769817212087,true,true
200,1.0,150.20109678423398,99.9176704508898,0.8236860835480684,0.18311342589252888,149.81543851901012,150.63912460255818,99.80564987347724,99.98876329936977,true,false
200,1.0,149.78645034308056,100.11382864944032,0.8024935293634599,0.17545226760785226,149.42807404395967,150.23056757332313,100.00263504664632,100.17808731425417,true,false
200,1.0,149.1012276923137,99.92801599987015,1.0929044913222299,0.17537196822078727,148.5644895617595,149.65739405308173,99.8170459233112,99.99241789153199,false,false
200,1.0,148.78395357697403,99.91426004644518,1.1430707710668742,0.17500977199166812,148.22321096318524,149.3662817342521,99.80321120549242,99.97822097748409,false,false
200,1.0,149.1756592263556,100.50173839040536,1.070709801767606,0.17471257136256213,148.64151531486894,149.71222511663655,100.39059981011386,100.56531238147642,false,false
200,1.0,149.24147705257099,100.08761393446144,0.9723650986400116,0.17116926995122128,148.77903230766586,149.75139740630587,99.97788070926795,100.14904997921917,false,true
200,1.0,150.36782346698106,100.06335304599789,0.8073035239187618,0.17526941025354859,150.00714845779237,150.81445198171113,99.95515332598141,100.13042273623496,false,true
200,1.0,150.29900667731357,99.92296687974881,0.6635988620684259,0.1799517559501851,149.99282495312744,150.65642381519586,99.8090798928705,99.98903164882068,true,false
200,1.0,149.81511784345247,99.99922729917678,0.9263193030610068,0.17261987891390618,149.38160203217728,150.3079213352383,99.88983671131184,100.06245659022575,true,true
200,1.0,150.5725902426626,100.1406958176456,0.6920820656148408,0.19671894430275927,150.2611837287237,150.95326579433853,100.01846331866952,100.21518226297228,false,false
200,1.0,150.40522074637653,100.10833646724055,0.641011346145774,0.17389431625424834,150.13092828802803,150.7719396341738,99.99925246840154,100.17314678465578,false,true
200,1.0,149.66233987888734,100.16687714802302,0.8462875544294945,0.1692212283335266,149.24783039724028,150.09411795166977,100.06136090649791,100.23058213483144,true,false
200,1.0,150.4918239627989,100.18797884238273,0.6993477129254586,0.18657818609005972,150.18456993094358,150.88391764386904,100.07147323695193,100.25805142304199,false,false
200,1.0,149.7601001188376,99.98315282774725,0.9246295797403263,0.17831084885111181,149.31328238412806,150.23791196386838,99.8691501245039,100.04746097335502,true,true
200,1.0,148.9629918421527,100.07257088856173,1.1011701817766664,0.18164476924880546,148.4241004378806,149.52527061965728,99.9623730561203,100.1440178253691,false,true
200,1.0,150.19093760180738,99.9134194696035,0.8321915184359057,0.16750655080666377,149.80809085108663,150.64028236952254,99.81122469650413,99.97873124731079,true,false
200,1.0,150.1215073768373,99.95489333960296,0.8605211995190984,0.17791572366311925,149.72342828532447,150.58394948484357,99.84491677008822,100.02283249375134,true,true
200,1.0,149.50463549628645,100.19162896425104,0.8747144676321454,0.18127133452865962,149.10110760554028,149.97582207317242,100.07954409484081,100.26081542936947,false,false
200,1.0,150.53011848412058,100.13328354497024,0.6103497510815146,0.1873952420985745,150.2529663372573,150.86331608833882,100.01235024062511,100.19974548272369,false,false
200,1.0,150.0884295045264,100.01784077145997,0.7534111544470363,0.17854316564427108,149.7402352028958,150.49364635734284,99.90489342754059,100.08343659318486,true,true
200,1.0,149.21829197997957,100.1189431591573,1.0121574656188557,0.17812607280949067,148.73370334377216,149.74586080939102,100.00552433650307,100.18365040931256,false,false
200,1.0,149.38590267150224,100.26398053750216,0.9892313248835762,0.17638055492435,148.89426855989714,149.88349988478072,100.15033873669222,100.32671929161657,false,false
200,1.0,150.09152856658415,100.06171342727905,0.7287257826681923,0.18462267869082893,149.7672177073767,150.49594349004488,99.94494541381749,100.12956809250832,true,true
200,1.0,149.92254851839203,99.88802558848971,0.7876823233076777,0.18090988868033264,149.56728331843743,150.3549656417451,99.77569042466828,99.95660031334862,true,false
200,1.0,149.68181576819268,99.92448213375742,0.8954531740544383,0.18206679949184945,149.27203042389917,150.1674835979536,99.8089939877161,99.99106078720794,true,false
200,1.0,150.32826826318862,100.4360584203384,0.8109033570661666,0.17729324130003477,149.95648947808886,150.76739283515502,100.32336976804001,100.50066300934004,true,false
200,1.0,149.43355538238774,99.94672534901753,1.0376068859915506,0.1708886865829271,148.9374166003012,149.97502348629274,99.83782911297641,100.00871779955934,false,true
200,1.0,149.73649672702584,100.11952789444251,0.8210813764062834,0.17864913450198117,149.36668524798108,150.18776662438736,100.0076598433324,100.18630897783439,true,false
200,1.0,150.4933356958418,99.91301906382377,0.7840691193764258,0.17379474540307172,150.13747654525355,150.92154566462997,99.80632616671788,99.98012091212095,false,false
200,1.0,149.86755568669832,100.10964569274489,0.7098255874438735,0.17512758583984578,149.55041577845097,150.26024136589484,99.99681968477059,100.17194727061043,true,true
200,1.0,149.28889163291842,99.94662921058776,0.8662578406259058,0.18149035495461874,148.87731327145215,149.74357111207806,99.82866172110144,100.01015207605606,false,true
200,1.0,150.13142381026984,99.93337698067549,0.7603670930895134,0.17005863211474548,149.77593502986682,150.53630212295633,99.82650027203796,99.9965589041527,true,false
200,1.0,150.45906601317057,99.97358218439027,0.6698562305275004,0.19101337535306584,150.15410504790202,150.82396127842952,99.85380901144396,100.04482238679702,false,true
200,1.0,149.9890884407793,100.30000487721551,0.6921879770545161,0.1851153030189323,149.67026497474936,150.36245295180387,100.18240566610505,100.36752096912399,true,false
200,1.0,150.41066835608925,99.92537955616581,0.7051315079437188,0.16736263472076018,150.09462267087787,150.7997541788216,99.82495716191133,99.99231979663209,false,false
200,1.0,149.3121463912362,100.07169868982335,1.0484806708126655,0.1701241322034832,148.7991084082132,149.84758907902585,99.96620144619854,100.13632557840202,false,true
200,1.0,150.3720111984515,99.99052972016648,0.8358163388624007,0.17881374841773834,149.9897381869088,150.8255545257712,99.87956399477443,100.05837774319217,true,true
200,1.0,150.20685187824114,99.94236731129457,0.8096449929689413,0.17679233522960658,149.84114610877097,150.6507911017399,99.83209798262575,100.00889031785536,true,true
200,1.0,150.11113073751415,99.89808581624786,0.7537072071111481,0.17998882648302583,149.76301353955725,150.5167207466684,99.78572749011516,99.96571631659819,true,false
200,1.0,150.374437259523,100.03390926833994,0.6209560661651494,0.17953369253197593,150.10225533800588,150.72321140417102,99.92267862173446,100.10221231426644,false,true
200,1.0,149.92691313631457,99.9222694179308,0.8533675159966663,0.17454603852269202,149.5426596558481,150.39602717184476,99.8100335931858,99.9845796317085,true,false
200,1.0,150.45250256128355,100.04159090099316,0.6306047091943583,0.1796097925161888,150.17567404146672,150.80627875066108,99.93132028249943,100.11093007501562,false,true
200,1.0,149.17807100493053,99.8875658920769,0.9207170192746048,0.17841005026014045,148.75602127208762,149.67673829136223,99.7755442616867,99.95395431194684,false,false
200,1.0,150.1775611524631,99.94808552497051,0.7944441370744642,0.17012642972812841,149.81124454927152,150.60568868634599,99.84285353200893,100.01297996173706,true,true
200,1.0,150.39874357957189,99.94329889356152,0.7220138325237713,0.19695785007614575,150.0764365654809,150.79845039800466,99.8195308603488,100.01648871042495,false,true
200,1.0,150.47899675965022,100.06915625829062,0.6778429352706326,0.1743111646606792,150.1813317160255,150.85917465129614,99.96036284824812,100.1346740129088,false,true
200,1.0,150.12510022686857,99.97998321256966,0.7725393217580745,0.16796001098552438,149.7765451343543,150.54908445611238,99.87371258451955,100.04167259550508,true,true
200,1.0,149.44486421798888,99.89537941407625,0.8683312773407863,0.17382230878581595,149.04651923924257,149.91485051658336,99.78725815332237,99.96108046210819,false,false
200,1.0,149.3607951845506,100.09297502109521,1.1137395059970174,0.17972851934700884,148.806134648939,149.91987415493602,99.98217294875519,100.1619014681022,false,true
200,1.0,149.74290671749102,100.15257192328878,0.9102077190430293,0.18161590426181817,149.30720051307736,150.2174082321204,100.04120700157335,100.22282290583517,true,false
200,1.0,150.1378758224905,100.39585239988523,0.8949891266234999,0.1709556474591949,149.7195079548709,150.6144970814944,100.28916559328697,100.46012124074616,true,false
200,1.0,150.49162882062802,99.96782272483506,0.834760861544737,0.17180627672902915,150.10102721518015,150.9357880767249,99.86072724838995,100.03253352511898,false,true
200,1.0,150.2597213572471,100.11464187087736,0.7605929058939864,0.1786462405390381,149.91213849745174,150.67273140334572,100.0024781178645,100.18112435840354,true,false
200,1.0,150.2805890172977,99.94218781271283,0.7443150246892003,0.17285613232802177,149.94633168848583,150.69064671317503,99.83265707013071,100.00551320245873,true,true
200,1.0,150.00905029888276,100.05459591754409,0.8207705925792368,0.18217555980807276,149.62491251729801,150.44568310987725,99.9379953647761,100.12017092458417,true,true
200,1.0,149.23691245232334,100.03240142089926,1.0451564305438126,0.18259651498311769,148.73317583175609,149.7783322622999,99.91725516389697,100.09985167888009,false,true
200,1.0,150.12950586369612,100.08904224532557,0.6593899460541763,0.181113978165385,149.82215239105662,150.4815423371108,99.9740949956837,100.15520897384908,true,true
200,1.0,149.54250203778093,99.99685806696232,0.8515440236952543,0.17564731767149055,149.15252808400248,150.00407210769774,99.88870184534008,100.06434916301157,true,true
200,1.0,150.10274275103797,100.04451425374083,0.7007014356896946,0.18054086446423412,149.77994573940643,150.48064717509612,99.9285966053771,100.10913746984133,true,true
200,1.0,149.5198522909442,99.91845099190468,0.9291172618589485,0.1859363192934751,149.08164510795555,150.0107623698145,99.79956208875164,99.98549840804512,true,false
200,1.0,149.61630811815692,100.63019702437552,0.9991659666284249,0.20118848682433566,149.1287483557639,150.12791432239231,100.50634614393942,100.70753463076376,true,false
200,1.0,149.86181129705372,99.9691087642889,0.9754966498007889,0.1794378778066772,149.38605320639283,150.36154985619362,99.85672895886101,100.03616683666769,true,true
200,1.0,150.00540420319425,100.05893879824745,0.7085373868478655,0.17143409364601325,149.69223862864825,150.40077601549612,99.95027052991122,100.12170462355724,true,true
200,1.0,149.78250196663748,99.92838932989218,0.8844462852071615,0.1663763887443679,149.36917657940964,150.2536228646168,99.82503395299948,99.99141034174384,true,false
200,1.0,150.01155426722832,99.99163116178985,0.9162182643275685,0.17796219397177993,149.57244050428687,150.48865876861444,99.87916403658372,100.0571262305555,true,true
200,1.0,150.5157329373964,99.96936158335123,0.7893271131741244,0.1885307150278095,150.14938230443474,150.93870941760886,99.85205641555523,100.04058713058303,false,true
200,1.0,150.34773268975584,99.96662306212468,0.7296939284505299,0.1816458433276722,150.0134883902028,150.74318231865334,99.85180446008168,100.03345030340935,false,true
200,1.0,149.2636025670995,99.8959916091033,1.0850045473519856,0.17213932282528788,148.7268887777518,149.8118933251038,99.78808023206265,99.96021955488794,false,false
200,1.0,148.83572927688232,99.92346016552703,1.1578750146460663,0.175441983871778,148.26288600474945,149.4207610193955,99.81609718723922,99.991539171111,false,false
200,1.0,149.77837139836046,99.97522396195292,0.8142451359748861,0.17029229084641884,149.41228207193763,150.2265272079125,99.86441895067844,100.03471124152486,true,true
200,1.0,149.6786173024692,100.08951221175084,1.027181260976505,0.17178898568519685,149.18759463914003,150.21477590011654,99.9808178526981,100.15260683838329,true,true
200,1.0,150.57569009852256,99.9437254653922,0.8119346664072111,0.17335568515582622,150.210567900967,151.0225025673742,99.83521965217707,100.0085753373329,false,true
200,1.0,150.00859700656866,100.2294881234386,0.859834957669392,0.18116892527164907,149.61373777635075,150.47357273402014,100.1140434865243,100.29521241179594,true,false
200,1.0,148.82102210103147,100.31946691756846,1.0408808321689946,0.18338380891393058,148.3467084964673,149.3875893286363,100.2059165713331,100.38930038024704,false,false
200,1.0,150.00787135991175,99.90187759618769,0.8557620716197789,0.18678610491242864,149.58598379131948,150.44174586293926,99.78304037767441,99.96982648258684,true,false
200,1.0,150.15137801823545,100.04193765171271,0.7834150656696579,0.17903276687259506,149.7904122926667,150.57382735833636,99.93202659810346,100.11105936497606,true,true
200,1.0,149.2179560578432,100.27430679383261,0.8448752670635713,0.18253749672427944,148.83363902891043,149.678514295974,100.16313135921018,100.34566885593446,false,false
200,1.0,149.79998214196448,99.92745403569947,0.7776248074219154,0.1769360093325929,149.42723907793902,150.20486388536094,99.8179412630045,99.99487727233709,true,false
200,1.0,150.47026730580785,100.1443568032154,0.7365870362501141,0.16854758837394002,150.12754399434425,150.86413103059436,100.03959493680074,100.20814252517468,false,false
200,1.0,150.7037960351015,100.16099336774428,0.763138109813184,0.1885150166085765,150.35476302221468,151.11790113202787,100.04220093952716,100.23071595613574,false,false
200,1.0,149.91119442246662,100.01753466455372,0.949078042932257,0.18381457756069608,149.4705882803358,150.41966632326805,99.90085262736906,100.08466720492976,true,true
200,1.0,149.19589941866082,99.91095324942998,1.0387217680962806,0.17562569383147775,148.69509438253695,149.73381615063323,99.80162526741253,99.97725096124401,false,false
200,1.0,150.60299771152688,99.95939555509267,0.7047634749972644,0.16878223968582518,150.27674232284303,150.9815057978403,99.85319546795851,100.02197770764434,false,true
200,1.0,150.33406601928988,99.94893756657035,0.6532948133482819,0.18321371305862044,150.05328101774325,150.70657583109153,99.83451638456256,100.01773009762118,false,true
200,1.0,150.012333300653,100.05771423358723,0.8936438048333173,0.18353751561961928,149.56918695732531,150.46283076215863,99.94231319835407,100.12585071397369,true,true
200,1.0,149.82954389782114,100.31962910348953,0.7680265966059778,0.17678756927685413,149.48151891733448,150.24954551394046,100.2034044382334,100.38019200751026,true,false
