ndata,sigma,theta1_median,theta2_median,theta1_iqrs,theta2_iqrs,quartiles1_1,quartiles3_1,quartiles1_2,quartiles3_2,theta1_coverage,theta2_coverage
500,1.0,149.74531186146572,99.98886915091384,0.5041043962468734,0.07636190473238003,149.51320092139593,150.0173053176428,99.93984795291917,100.01620985765155,true,true
500,1.0,150.44681363809008,100.12717019915459,0.5578268663695383,0.07310872831747872,150.19416444091624,150.75199130728578,100.07999272130155,100.15310144961903,false,false
500,1.0,149.83193478471645,100.07965726270157,0.5290097495173995,0.07249505767792641,149.6063973931944,150.1354071427118,100.03479335661046,100.10728841428839,true,false
500,1.0,149.04497792376105,99.99119365223015,0.6516318194634891,0.06911177896286347,148.73272911859874,149.38436093806223,99.94781852930835,100.01693030827121,false,true
500,1.0,150.15654864589834,100.18848984077145,0.6271049125822117,0.07377358310095872,149.8628931204203,150.4899980330025,100.14128882498999,100.21506240809094,true,false
500,1.0,149.0921403983143,100.09527314859812,0.5832718099217686,0.07200778484987325,148.818753800955,149.40202561087676,100.04889202157761,100.12089980642749,false,false
500,1.0,150.2449562336384,99.99565520473294,0.45137380942824734,0.07625973651670392,150.05517274541492,150.50654655484317,99.947868518596,100.0241282551127,false,true
500,1.0,149.35948958880815,99.95713944775261,0.5433438551612539,0.071669089851909,149.11195916472624,149.6553030198875,99.91078966328448,99.98245875313638,false,false
500,1.0,150.30077659046214,100.06657183816924,0.47037702144214677,0.07094201716326154,150.09507023813606,150.5654472595782,100.02212863275973,100.09307064992299,false,false
500,1.0,149.71485881972998,99.95768421181782,0.5509419451695692,0.07100588696334853,149.4657617622835,150.01670370745308,99.91229039987431,99.98329628683766,true,false
500,1.0,150.34457275852418,99.97749212075377,0.4764188237952851,0.07038273146133633,150.1343157028502,150.61073452664547,99.93329921176468,100.00368194322601,false,true
500,1.0,150.35846423196082,100.02899513008583,0.6071925956285611,0.07318210069479392,150.06605503071862,150.67324762634718,99.98393462018356,100.05711672087835,false,true
500,1.0,150.40361027194749,100.09544029662702,0.43587669941032914,0.06975241750267003,150.213622030624,150.64949873003434,100.05266302508713,100.1224154425898,false,false
500,1.0,150.24531638525917,100.00698270764008,0.4339610706149699,0.07548509122520386,150.0562018266448,150.49016289725978,99.96060440831943,100.03608949954463,false,true
500,1.0,149.2728809125623,99.99660442979919,0.5794089479994113,0.07686709585445328,149.01838487232527,149.59779382032468,99.94848607495365,100.0253531708081,false,true
500,1.0,149.83539323291592,100.0434363623476,0.5711016050008197,0.07242734021126296,149.57153102811594,150.14263263311676,99.99845660917217,100.07088394938343,true,true
500,1.0,150.8252254551325,100.01949732851342,0.6194104069253967,0.07676946189867806,150.53993416427,151.1593445711954,99.97225043198358,100.04901989388226,false,true
500,1.0,150.0128719946142,100.13768154934407,0.48970548312195206,0.07861520809612443,149.7945346835931,150.28424016671505,100.08816583144639,100.16678103954251,true,false
500,1.0,150.44506436216005,99.97864437188014,0.5025256149262987,0.07143640949438179,150.2220600045086,150.7245856194349,99.93413295435067,100.00556936384505,false,true
500,1.0,149.9147502049036,99.97675119535867,0.6506468599091306,0.07129606243361764,149.60080618031898,150.2514530402281,99.9311942359499,100.00249029838352,true,true
500,1.0,149.3590040229399,100.23268593873885,0.674816770527201,0.07098396683062447,149.0473079120003,149.7221246825275,100.18798296622958,100.25896693306021,false,false
500,1.0,150.17741934226848,99.96691960443397,0.526204603530374,0.07445622920107553,149.948822243588,150.4750268471184,99.92068049413463,99.9951367233357,true,false
500,1.0,149.97708895866282,99.97996011035818,0.724153760472035,0.07096888496995746,149.62557606840957,150.3497298288816,99.93606679943854,100.00703568440849,true,true
500,1.0,150.2394576360018,100.21519182717024,0.5214665080027316,0.0758816555199644,150.01700471554304,150.53847122354577,100.16832006567756,100.24420172119753,false,false
500,1.0,149.83534090832393,99.99690896944472,0.43945480167496953,0.06989092394439922,149.64898801626185,150.08844281793682,99.95369665219363,100.02358757613803,true,true
500,1.0,149.69438118550897,100.2116727651001,0.5169324609200885,0.07277447255134462,149.46377457760832,149.9807070385284,100.16663148235041,100.23940595490176,false,false
500,1.0,149.70936340052307,100.00438957526573,0.6152153817624537,0.07020635476663983,149.41781250407033,150.03302788583278,99.95897465512475,100.02918100989139,true,true
500,1.0,150.0669188277186,100.06478873982238,0.4277992361572558,0.07783523625127486,149.88300142627457,150.31080066243183,100.01556874605572,100.093403982307,true,false
500,1.0,149.53340732960902,100.03867153818214,0.580120101287207,0.0762641621168001,149.26770449723602,149.84782459852323,99.99035512092617,100.06661928304297,false,true
500,1.0,149.60396406825106,100.05102105210693,0.5407034226109317,0.0700849774226242,149.35994690532993,149.90065032794087,100.00540644659638,100.075491424019,false,false
500,1.0,149.80277471866765,100.20006361354854,0.5141079632309129,0.07732820975243726,149.5729100561145,150.0870180193454,100.15129801963937,100.2286262293918,true,false
500,1.0,149.92404177566902,99.97178140735323,0.6424064742398343,0.07385136373275714,149.62481935011294,150.26722582435278,99.92500459452066,99.99885595825342,true,false
500,1.0,149.83487563714988,100.04936923303057,0.511263911135444,0.07163074332176222,149.61490648778945,150.1261703989249,100.0040737872262,100.07570453054797,true,false
500,1.0,149.51997024416596,99.97844446224714,0.5133256789591485,0.07590436711619475,149.30180704198867,149.81513272094782,99.93069809205296,100.00660245916916,false,true
500,1.0,150.2657189116303,99.97957176950777,0.4576167502309545,0.07097470859950761,150.0685220130647,150.52613876329565,99.93599465654007,100.00696936513958,false,true
500,1.0,149.99291670343467,100.00474185597301,0.7016818776069442,0.0673371564348173,149.65203966701296,150.3537215446199,99.96405468972972,100.03139184616454,true,true
500,1.0,149.75834221544625,99.99141959352602,0.7008689927395153,0.07371201373609892,149.43168992070622,150.13255891344573,99.94570322491694,100.01941523865304,true,true
500,1.0,150.01943368826795,100.02377367958931,0.4051637754979538,0.07249329879263655,149.84693887062633,150.25210264612429,99.97772979000035,100.05022308879299,true,true
500,1.0,150.32728663450578,99.96357960192981,0.5797167044592868,0.07299514465002233,150.05660497375132,150.6363216782106,99.91841054969784,99.99140569434786,false,false
500,1.0,149.6594552503861,99.95600532919562,0.4539290374336531,0.0700564099819303,149.46653888472827,149.92046792216192,99.91158389183796,99.9816403018199,false,false
500,1.0,149.6846209071562,100.04493100381765,0.42987072577591334,0.07474981260389768,149.4985403562784,149.9284110820543,99.99788538845414,100.07263520105803,false,true
500,1.0,149.47687292689142,100.18973186297103,0.6840729145500859,0.07209326177746789,149.1600647473365,149.84413766188658,100.1443284678391,100.21642172961657,false,false
500,1.0,149.57183361295205,99.96650612136924,0.6636511241240441,0.07217753627661239,149.25256219567314,149.91621331979718,99.91986211172774,99.99203964800435,false,false
500,1.0,149.78728252801974,100.06017133973447,0.530335095025066,0.06763779861735486,149.54685504630538,150.07719014133045,100.01763627167676,100.08527407029412,true,false
500,1.0,149.4844854414651,100.09306039825226,0.5141446136057084,0.07786190624278788,149.26334660163877,149.77749121524448,100.04458351399295,100.12244542023574,false,false
500,1.0,149.8790195808682,99.98285606183764,0.6402816188988822,0.06927112394781432,149.5919133893667,150.2321950082656,99.93859805405972,100.00786917800754,true,true
500,1.0,150.0368220284424,99.97057485265628,0.45939495965305355,0.07366346487349062,149.84648131899039,150.30587627864344,99.92428979403348,99.99795325890697,true,false
500,1.0,150.24620139658828,99.97402049748848,0.5551853674120082,0.07082502448581351,150.00449569772562,150.55968106513762,99.93066970982738,100.0014947343132,false,true
500,1.0,149.9750280115914,100.0151225526618,0.544042104983788,0.07802336413929822,149.72680862434157,150.27085072932536,99.9672736508627,100.04529701500199,true,true
500,1.0,150.00232299353652,100.00896851440305,0.389721721835798,0.0761635255626203,149.83345217173482,150.22317389357062,99.96164096639592,100.03780449195854,true,true
500,1.0,150.43317411153004,99.99905350893167,0.5621348941930648,0.07256186763839878,150.17237280228133,150.7345076964744,99.95412439380513,100.02668626144353,false,true
500,1.0,150.05534601238548,99.9875554839438,0.5657279056874529,0.07426135952606217,149.78493723197528,150.35066513766273,99.94062682478562,100.01488818431169,true,true
500,1.0,149.70380290172002,100.01520296040889,0.6111171452419342,0.07014770101207546,149.42540673940704,150.03652388464897,99.97055916048157,100.04070686149365,true,true
500,1.0,150.16985825071907,100.05565119922127,0.5641666622433092,0.06776043489344374,149.90929680381865,150.47346346606196,100.01231147379309,100.08007190868653,true,false
500,1.0,149.56305460488392,99.9601841059619,0.49431788084976347,0.07229911309012493,149.3371653610394,149.83148324188917,99.91396707954425,99.98626619263437,false,false
500,1.0,149.58604863159587,99.98353321945245,0.49097223392158185,0.07369845571862754,149.3764310707802,149.86740330470178,99.93655832088646,100.01025677660509,false,true
500,1.0,149.19730693928153,99.95888165381062,0.6019978363316341,0.06845602770351888,148.9189212974074,149.52091913373903,99.91498086016473,99.98343688786825,false,false
500,1.0,149.9839215643005,100.09773262224988,0.6049600730511884,0.07672835499744224,149.7107141305507,150.3156742036019,100.0487606965762,100.12548905157364,true,false
500,1.0,149.8685038287636,99.96297807511287,0.5157433278751284,0.06875543773072934,149.63395858899113,150.14970191686626,99.91895050982771,99.98770594755844,true,false
500,1.0,149.36290112631067,100.03059636685404,0.6415598754884115,0.07535008760638107,149.06787344416065,149.70943331964907,99.98327501726331,100.05862510486969,false,true
500,1.0,150.4526543779064,100.03840273312493,0.5095933279608005,0.07408094632910434,150.22761969703402,150.73721302499482,99.99135203620487,100.06543298253398,false,true
500,1.0,149.8195766716583,100.0470830607721,0.4826086788616806,0.07699641399518953,149.61224102676982,150.0948497056315,100.00004377549241,100.0770401894876,true,false
500,1.0,150.3497781475931,100.16413495517581,0.4462526916842364,0.07447124945846895,150.16326900347136,150.6095216951556,100.115750378069,100.19022162752746,false,false
500,1.0,149.69460984273908,99.96084715786702,0.46652277130934294,0.07226048101155413,149.49402290800163,149.96054567931097,99.91461443791232,99.98687491892387,false,false
500,1.0,149.9316979860331,99.98028087423197,0.628507425633245,0.07685312371050657,149.63920093259532,150.26770835822856,99.9315703327394,100.0084234564499,true,true
500,1.0,150.239851142426,99.98896295845623,0.47566964162518843,0.07037554798145607,150.03307866558401,150.5087483072092,99.94541557415997,100.01579112214142,false,true
500,1.0,149.57115706142224,100.00395586785893,0.5618940639460845,0.0717407424830867,149.32279722099187,149.88469128493796,99.95963683459422,100.03137757707731,false,true
500,1.0,150.2973595630431,100.01765428398255,0.5339926629650336,0.07564097481402143,150.06119922783435,150.59519189079938,99.96960289336593,100.04524386817995,false,true
500,1.0,149.9465912814142,99.9785334442338,0.6165697004411186,0.07162868949897927,149.66128414337265,150.27785384381377,99.9336470126663,100.00527570216528,true,true
500,1.0,149.8695481076449,99.97972243664745,0.45936128074203,0.07697764585903144,149.6601006402671,150.11946192100913,99.93088947622853,100.00786712208756,true,true
500,1.0,149.67918841816112,100.05528552441642,0.6644994590071747,0.07371399211879748,149.37915580996702,150.0436552689742,100.00731630081219,100.08103029293099,true,false
500,1.0,150.2983067649414,100.01487817837794,0.456631870995011,0.07768188227872486,150.10266665089398,150.559298521889,99.96577194305146,100.04345382533019,false,true
500,1.0,149.72432474786558,100.06350853304767,0.588666643871079,0.07233042971355985,149.44609710034678,150.03476374421786,100.01788577647343,100.090216206187,true,false
500,1.0,149.4100136342488,99.97872038920414,0.6443929543552827,0.07663553815548596,149.1060278727804,149.75042082713568,99.93111269921783,100.00774823737332,false,true
500,1.0,150.00828598024336,100.05145163049374,0.41659270478857025,0.07034926757181381,149.82570696304032,150.2422996678289,100.00758878870052,100.07793805627233,true,false
500,1.0,150.19684065962417,99.98878156135693,0.5972692561135773,0.07540213392765338,149.91424627965955,150.51151553577313,99.94245342344193,100.01785555736959,true,true
500,1.0,150.17950522312015,100.0303400413973,0.4892749494707118,0.07052008270554211,149.96027144964808,150.4495463991188,99.98532260737154,100.05584269007709,true,true
500,1.0,150.39586870837653,100.02668012488536,0.5722540042783351,0.08254536954380853,150.13182677663488,150.70408078091322,99.97395056164639,100.0564959311902,false,true
500,1.0,150.01582800691068,100.03364913359047,0.5363452922297824,0.07648076040554486,149.77276190497753,150.3091071972073,99.98482454359609,100.06130530400164,true,true
500,1.0,150.17961154046858,99.98332797475709,0.4834360893505618,0.07637900622583516,149.96558552895976,150.44902161831033,99.93618106115025,100.01256006737609,true,true
500,1.0,149.73615988131797,99.99682703752508,0.4264741867197017,0.07379315194843628,149.55954993487865,149.98602412159835,99.95013930653181,100.02393245848025,false,true
500,1.0,150.31622410104447,100.0228855273869,0.5068652457270275,0.07430489821166475,150.08840633750611,150.59527158323314,99.9763788296838,100.05068372789546,false,true
500,1.0,150.14537861742116,99.97484978758358,0.5960873304702261,0.07371493084411895,149.8755164488351,150.47160377930533,99.92853724721328,100.0022521780574,true,true
500,1.0,150.0128303268581,100.2385322928311,0.640619106460889,0.06939244311263337,149.72384503787498,150.36446414433587,100.19400910503411,100.26340154814675,true,false
500,1.0,148.94031531043356,100.07371266133471,0.761893750997416,0.0706565315793739,148.56618707770255,149.32808082869997,100.02946428711604,100.10012081869542,false,false
500,1.0,149.93942084172403,100.03433788969053,0.732340720641588,0.07453077340844061,149.60687093725585,150.33921165789744,99.98785622106067,100.06238699446911,true,true
500,1.0,149.94796007484538,99.98111982667805,0.49693802771636797,0.06933626302887319,149.7372812902545,150.23421931797085,99.93697400555914,100.00631026858801,true,true
500,1.0,149.15079132890196,99.99143560511268,0.6438294036309458,0.07275067235308086,148.84960761272396,149.4934370163549,99.94427161729391,100.01702228964699,false,true
500,1.0,150.39045594591107,100.1482137076352,0.5831787909054071,0.06480620191864261,150.11698469256186,150.70016348346726,100.10828152275758,100.17308772467622,false,false
500,1.0,150.2868158325669,100.0134761477991,0.513036483055032,0.07320323435263276,150.05367984055403,150.56671632360906,99.96691040639058,100.04011364074321,false,true
500,1.0,150.0772031994502,99.98287092393602,0.445177368627526,0.073657367477864,149.88884683375232,150.33402420237985,99.9357275548267,100.00938492230456,true,true
500,1.0,149.8315667138805,99.96074363782705,0.550493098544365,0.0698558747783693,149.58363392474774,150.1341270232921,99.9178915267804,99.98774740155876,true,false
500,1.0,150.37503605315862,99.97365857270108,0.612792041119377,0.07233690477004018,150.0855627563121,150.69835479743148,99.92800655988258,100.00034346465262,false,true
500,1.0,149.2309404513045,99.97158978504895,0.5949371208091918,0.06898417292792658,148.96336478519413,149.55830190600332,99.92742427138703,99.99640844431495,false,false
500,1.0,150.47923531010724,99.95782216332343,0.6454003981441474,0.07393841480941887,150.16376432817424,150.8091647263184,99.91160548535387,99.9855439001633,false,false
500,1.0,149.731911114058,100.07393574456646,0.4826961515996402,0.07252115443698415,149.52733952062064,150.01003567222028,100.02890382737469,100.10142498181168,true,false
500,1.0,149.23118045491947,99.9641635283736,0.4999660847049654,0.07165911466809405,149.011450365572,149.51141645027695,99.91859905661413,99.99025817128222,false,false
500,1.0,150.1703738819346,99.95297795914848,0.4305959772505048,0.07607237167616177,149.98736926788757,150.41796524513808,99.90599606377376,99.98206843544992,true,false
500,1.0,150.00053061001387,100.00884682797977,0.6165689353745165,0.06620335004114963,149.71202632258988,150.3285952579644,99.96826454229804,100.0344678923392,true,true
500,1.0,150.23678945650465,99.97918873398001,0.39025026464395296,0.07308088097695986,150.0678284449831,150.45807870962705,99.93275174361324,100.0058326245902,false,true
500,1.0,149.76618555080535,99.98402689475617,0.5318877095124321,0.075214070784412,149.5316067731316,150.06349448264405,99.93504916631889,100.0102632371033,true,true
500,1.0,150.32425348734688,100.02110428588738,0.5239785213244659,0.06898364247014399,150.0920094152146,150.61598793653906,99.97869209393916,100.0476757364093,false,true
500,1.0,149.80149855892415,99.9633979202353,0.6157245525792234,0.07233109968665019,149.51820400299144,150.13392855557066,99.91786205269099,99.99019315237764,true,false
500,1.0,149.81770251925897,100.13966450586813,0.6103366271661912,0.07768181260664164,149.54353993222975,150.15387655939594,100.08941718670783,100.16709899931448,true,false
500,1.0,149.97989556812183,99.95491125701199,0.45623770586743717,0.07416543953706878,149.79198844886974,150.24822615473718,99.90799748412647,99.98216292366354,true,false
500,1.0,150.40100817883643,100.00883722157815,0.5260207356955675,0.07194294132932555,150.16861068835544,150.694631424051,99.96372150642466,100.03566444775399,false,true
500,1.0,150.38951406433057,99.97162045518962,0.5402105779418775,0.0748683048172154,150.14176030606004,150.6819708840019,99.92398754437775,99.99885584919497,false,false
500,1.0,149.5348053996657,99.9784171854632,0.4112822632330051,0.07201909871122325,149.35744346024725,149.76872572348026,99.933243272223,100.00526237093422,false,true
500,1.0,149.56356059150153,99.97865994648625,0.6482631221471138,0.06766084572211639,149.2690483883117,149.9173115104588,99.93631510254491,100.00397594826703,false,true
500,1.0,150.23591880264289,99.95572472703734,0.4972776421731737,0.07541352021925718,150.0031665827857,150.50044422495887,99.90752742446895,99.98294094468821,false,false
500,1.0,150.18533305204022,100.07254154230627,0.44100731288662587,0.0688455089765938,149.9948779320444,150.43588524493103,100.02952766892486,100.09837317790145,true,false
500,1.0,149.9187299722234,100.03355983441902,0.5637997616821622,0.07110995408655185,149.66930072245435,150.23310048413651,99.98843403750163,100.05954399158819,true,true
500,1.0,149.8366438763215,100.02149755819053,0.6682132775591754,0.07565459652596473,149.5204289014859,150.18864217904508,99.97358480607133,100.0492394025973,true,true
500,1.0,149.48638666237403,100.42628222508316,0.6254023218695295,0.06892243234746331,149.18845910621303,149.81386142808256,100.38332092758357,100.45224335993103,false,false
500,1.0,150.31386252310767,100.12729083472786,0.4828873402705369,0.07454921891550725,150.1067682440941,150.58965558436464,100.0806089155697,100.1551581344852,false,false
500,1.0,149.70573165689228,99.9994703659351,0.4772746809126147,0.06888067420709376,149.4961050601161,149.9733797410287,99.95664013995896,100.02552081416606,false,true
500,1.0,150.3456810033967,99.98762152142555,0.42421030531403403,0.07304681755287845,150.1560845594312,150.58029486474524,99.94237464341913,100.01542146097201,false,true
500,1.0,149.9682831344693,99.99645945824432,0.5626679821257596,0.07116378289678948,149.7244780323041,150.28714601442985,99.95167615033219,100.02283993322898,true,true
500,1.0,150.33303443774125,100.03986562264353,0.62401955968366,0.07614662173652675,150.03820885402743,150.6622284137111,99.99324616108521,100.06939278282174,false,true
500,1.0,149.4545685580593,100.06642593150043,0.650865399520427,0.07016696709239056,149.1602296231954,149.81109502271582,100.02188383443097,100.09205080152336,false,false
500,1.0,149.75280551655953,99.99840341820777,0.4989160185236301,0.06950268565636009,149.53379194361307,150.0327079621367,99.95432440570575,100.02382709136211,true,true
500,1.0,149.93786384561187,99.96507096634335,0.43700028557867654,0.07525783618706328,149.75155654763998,150.18855683321866,99.91804427608884,99.9933021122759,true,false
500,1.0,149.9035599920289,100.02904978930047,0.4659783783852447,0.07065862695473868,149.70293188088752,150.16891025927276,99.98423093941615,100.05488956637089,true,true
500,1.0,150.0701160026781,100.22101374775085,0.5130973071431697,0.07435174603908479,149.8357791083579,150.34887641550108,100.17363791894331,100.2479896649824,true,false
500,1.0,150.3540579288786,99.97189167538323,0.3917621100778206,0.07313260287254764,150.17986491200662,150.57162702208444,99.92569530788863,99.99882791076118,false,false
500,1.0,149.9340317788226,100.00331575987317,0.49182661350997137,0.07183656893974444,149.71253586321703,150.204362476727,99.95793745321629,100.02977402215603,true,true
500,1.0,150.52458789004578,100.02415085163659,0.5221190840944985,0.0701331237500824,150.29196295446596,150.81408203856046,99.9788191540131,100.04895227776318,false,true
500,1.0,149.6278860281924,100.11292165956813,0.5637983177256274,0.07285123430217766,149.37765838053016,149.9414566982558,100.06730884987658,100.14016008417876,false,false
500,1.0,149.11431940888713,100.04035627176489,0.5803346563953653,0.07534048356440337,148.8474709269189,149.42780558331427,99.99327002452993,100.06861050809434,false,true
500,1.0,149.84384941864602,99.97601957505861,0.672627598729207,0.06634622794915401,149.52203218628668,150.1946597850159,99.93701271291576,100.00335894086491,true,true
500,1.0,150.12308091476717,100.10969972489676,0.5302609587020015,0.0728037577029994,149.88689822984634,150.41715918854834,100.06459094336061,100.13739470106361,true,false
500,1.0,149.76976813551698,99.979030350687,0.5838852440546702,0.07204957879164908,149.50752199086435,150.09140723491902,99.93295454626511,100.00500412505676,true,true
500,1.0,150.57858176014543,99.95731500852453,0.5059569073881107,0.07309086434275969,150.35840936742372,150.86436627481183,99.91146307869785,99.98455394304061,false,false
500,1.0,149.62592490582836,100.12278821113023,0.5221698554340719,0.07661700889663337,149.3934283726798,149.91559822811388,100.0739365130159,100.15055352191253,false,false
500,1.0,150.03651844890237,99.97276959514647,0.40543843276793723,0.07537964690115473,149.86299813107354,150.26843656384148,99.92591929595127,100.00129894285243,true,true
500,1.0,150.46828276204081,99.98778936637017,0.6093863451015977,0.06969291616825046,150.17863085567288,150.78801720077448,99.94541809136201,100.01511100753027,false,true
500,1.0,149.92637874386338,99.95576614043159,0.519088943965329,0.08010346238482668,149.69396721720636,150.2130561611717,99.9051896760539,99.98529313843872,true,false
500,1.0,149.71985085051443,100.13958635716963,0.6082377135695083,0.0762581191035423,149.44238803862993,150.05062575219944,100.09299250433504,100.16925062343859,true,false
500,1.0,150.20077518839724,100.02150210831095,0.5980375447011284,0.07122462676422003,149.92114700109664,150.51918454579777,99.97617591741319,100.0474005441774,true,true
500,1.0,149.91624267979407,100.0052358953152,0.5208127548475261,0.07261713797554137,149.68919724165283,150.21000999650036,99.95849943332598,100.03111657130152,true,true
500,1.0,149.89919329745723,99.97554215939124,0.6769990366043999,0.07523044508116072,149.58795134820124,150.26495038480564,99.92764996488896,100.00288040997012,true,true
500,1.0,150.35791160257497,99.95889823526822,0.5766666720397495,0.07302842549425748,150.08830437797582,150.66497105001557,99.91294249016649,99.98597091566074,false,false
500,1.0,150.57037455645994,100.02987222285576,0.5111565089115402,0.0753354201813039,150.34433992684268,150.85549643575422,99.98355992145285,100.05889534163416,false,true
500,1.0,149.36881247888937,100.08534930719287,0.6358114731563944,0.07437003231042638,149.0795970368091,149.7154085099655,100.03860727169155,100.11297730400197,false,false
500,1.0,150.4621151231674,99.96631860874862,0.6578675758463532,0.07011701163423822,150.19301194190547,150.85087951775182,99.92158759913963,99.99170461077387,false,false
500,1.0,149.80846780828745,99.96060923393168,0.4328724367894381,0.0702019874611608,149.6252674582527,150.05813989504213,99.91579827687787,99.98600026433903,true,false
500,1.0,150.02589708901579,99.98141562125826,0.4967594229402721,0.07041994197653878,149.81679786630747,150.31355728924774,99.93585919717907,100.00627913915561,true,true
500,1.0,149.75326799455348,99.96240766549026,0.6811650057319696,0.06938469582433981,149.44685381230306,150.12801881803503,99.91859858257702,99.98798327840136,true,false
500,1.0,149.69803928243084,99.95547969090131,0.4984680714456715,0.0696296619983201,149.46925927149104,149.9677273429367,99.9120567916322,99.98168645363052,false,false
500,1.0,150.44286002679584,100.07337160346208,0.5532204743965394,0.07338753849865043,150.18578846219262,150.73900893658916,100.027725147197,100.10111268569565,false,false
500,1.0,149.50065736018453,99.96112644040157,0.6971213790816932,0.07139377945701142,149.17311858540222,149.87023996448391,99.91688840043018,99.9882821798872,false,false
500,1.0,150.396608621236,99.96893972024154,0.47573771700371026,0.06855844927987675,150.1797415553463,150.65547927235002,99.9264668541455,99.99502530342538,false,false
500,1.0,149.11519043976796,99.9807021879863,0.6129014966890907,0.07064395204452012,148.82057131958908,149.43347281627817,99.93543946295186,100.00608341499638,false,true
500,1.0,149.28593156629967,100.01947670905032,0.6248769485593755,0.06968101680813277,148.99747731870525,149.62235426726463,99.97651284942224,100.04619386623037,false,true
500,1.0,150.34992557232297,100.02057980344031,0.48976885828139416,0.07617091424877742,150.133295346325,150.6230642046064,99.97362724958258,100.04979816383135,false,true
500,1.0,149.79716950057428,100.01537097127985,0.6798300959158894,0.07067318786893395,149.47318570844448,150.15301580436036,99.97175717624427,100.0424303641132,true,true
500,1.0,149.61614841209234,99.95705800949287,0.6001208077389322,0.07373916420041837,149.33611010761442,149.93623091535335,99.91052176158269,99.9842609257831,false,false
500,1.0,150.24894553141792,100.03722957942767,0.4759498085194025,0.07335194770818987,150.03963709665555,150.51558690517496,99.99047511745482,100.06382706516301,false,true
500,1.0,150.2507127572668,99.95899870771206,0.47412071401925004,0.07073472239126488,150.05310203265464,150.52722274667389,99.91451967913854,99.9852544015298,false,false
500,1.0,150.40526843439568,100.0341821143976,0.48500622056695875,0.07889464748328123,150.19449364114664,150.6794998617136,99.98370996379263,100.06260461127592,false,true
500,1.0,150.1771453941825,99.98249815549488,0.45663798029664804,0.07303027709427568,149.97864569166978,150.43528367196643,99.93480126958768,100.00783154668196,true,true
500,1.0,150.0710963636098,99.95954248371177,0.38875174316376615,0.07252220550266486,149.9134989085964,150.30225065176018,99.91346120375866,99.98598340926132,true,false
500,1.0,150.24126720298023,100.0071441865262,0.474360561241582,0.07269115254763392,150.04068089585246,150.51504145709404,99.9619497453217,100.03464089786934,false,true
500,1.0,150.6254347756327,99.99793784918641,0.6393525342689657,0.0694981594984796,150.32531820251705,150.96467073678602,99.9540432178993,100.02354137739778,false,true
500,1.0,149.93279356898364,99.95891625798308,0.5091650472708693,0.07194914510310468,149.70702802009,150.21619306736088,99.91355398137625,99.98550312647936,true,false
500,1.0,149.84996886443628,100.00807153454724,0.3686071279594785,0.07193199185222454,149.69210256199455,150.06070968995402,99.96243892397979,100.03437091583201,true,true
500,1.0,149.9987888587471,100.05231088562064,0.5375745108646868,0.07774021093034378,149.7494972453336,150.2870717561983,100.00391490456809,100.08165511549844,true,false
500,1.0,150.4256320040468,99.95888226686709,0.4546435992526483,0.06851944944845911,150.22643673855848,150.68108033781112,99.91528275977659,99.98380220922505,false,false
500,1.0,150.23776392839906,99.956775977375,0.3497943176224112,0.07068811711008038,150.09758557914012,150.44737989676253,99.91287630496001,99.98356442207009,false,false
500,1.0,149.3205627998455,100.12402525323003,0.6979084715112833,0.07312197757515548,148.99637033782662,149.6942788093379,100.07778280809438,100.15090478566954,false,false
500,1.0,149.16802518239354,100.0473556705873,0.5905465652294595,0.0684352833194879,148.8940331945947,149.48457975982416,100.00392063730503,100.07235592062452,false,false
500,1.0,150.1113808819048,100.00579218219028,0.4072224503964321,0.07766500598889081,149.93450916209065,150.34173161248708,99.95615503567282,100.03382004166171,true,true
500,1.0,150.13042290267896,99.98190673561487,0.4794663322135193,0.07552901453540528,149.92161201317595,150.40107834538946,99.93411714069926,100.00964615523466,true,true
500,1.0,149.71202571930235,99.97732841938029,0.5063257579917035,0.07546867606940566,149.49111482732127,149.99744058531297,99.92995130045526,100.00541997652466,false,true
500,1.0,149.9645351789693,99.95530109760759,0.5341465774375251,0.0764673622780947,149.72942091839366,150.26356749583118,99.90668836762924,99.98315572990734,true,false
500,1.0,149.6851177662341,99.96980701747677,0.6620144660406027,0.07397008383780701,149.37711087540148,150.0391253414421,99.92168528132501,99.99565536516282,true,false
500,1.0,149.90208466028304,99.9570315234678,0.6216831466555277,0.07366593637840424,149.61624736950523,150.23793051616076,99.9098765717132,99.9835425080916,true,false
500,1.0,150.0427240013332,100.06800742884624,0.6066787520296657,0.07538310631555589,149.76145974165706,150.36813849368673,100.02022976220883,100.09561286852438,true,false
500,1.0,149.95082071654593,100.14161158863698,0.39522122782787505,0.06999996813351572,149.7799841577915,150.17520538561936,100.09639533270968,100.16639530084319,true,false
500,1.0,150.11715819052728,100.00020023585817,0.4659024203879767,0.07213615175773214,149.91475219483954,150.3806546152275,99.95540219323048,100.02753834498822,true,true
500,1.0,149.88528641971232,100.02042869968673,0.5263452819174859,0.0727255932033728,149.65610153762873,150.18244681954621,99.97437480576868,100.04710039897205,true,true
500,1.0,149.86846380003232,99.98946875234705,0.3758596336191431,0.07240576788987596,149.71409262533558,150.08995225895472,99.94274650443089,100.01515227232076,true,true
500,1.0,149.64355606726218,100.1335548283956,0.4636162907573862,0.0721066828381538,149.43769735635306,149.90131364711044,100.0882977550707,100.16040443790885,false,false
500,1.0,149.87995740684386,99.96893701228052,0.5746786654908931,0.07076592039001639,149.62910985894064,150.20378852443153,99.92422937396798,99.99499529435799,true,false
500,1.0,149.98278169116622,100.00271577640635,0.5622738391044209,0.0724292331804719,149.73774599872502,150.30001983782944,99.95672774962078,100.02915698280125,true,true
500,1.0,150.30551398712163,99.98032187459197,0.5588025244785513,0.0763747078113397,150.0512207316416,150.61002325612014,99.93147273249247,100.0078474403038,false,true
500,1.0,149.86716578744995,99.95912784278238,0.554311866835917,0.07551546736655723,149.62838099255788,150.1826928593938,99.91086200656872,99.98637747393528,true,false
500,1.0,150.10300898795558,100.2922053390804,0.463290338040224,0.07316446967487877,149.8998743209384,150.36316465897863,100.24536663033585,100.31853110001073,true,false
500,1.0,150.39590730492648,100.01121005192807,0.44812549396971235,0.0732565510504628,150.1978013793318,150.6459268733015,99.96635092902854,100.039607480079,false,true
500,1.0,149.83917981109903,100.00135917866712,0.6015643071423256,0.06905397403419045,149.55974648099732,150.16131078813964,99.95748031090214,100.02653428493633,true,true
500,1.0,150.0088051472414,99.96921274048448,0.5977088776084543,0.07333549938401518,149.75024048819665,150.3479493658051,99.92217647449036,99.99551197387437,true,false
500,1.0,149.82754732348224,99.97343814342541,0.5074163539694041,0.07145504409031389,149.60321218875492,150.11062854272433,99.92878108731955,100.00023613140986,true,true
500,1.0,149.62212740416533,100.01963298302675,0.6096041195417286,0.0730698902843443,149.33751190491472,149.94711602445645,99.97390441811557,100.04697430839991,false,true
500,1.0,149.66714806831186,99.98555504066269,0.5662750226904336,0.0728049425719064,149.40843072364643,149.97470574633687,99.93910176271604,100.01190670528794,false,true
500,1.0,149.358715999864,99.96965612163673,0.5820346403228882,0.0781921322037391,149.08710329283775,149.66913793316064,99.92057019144059,99.99876232364433,false,false
500,1.0,150.3222029731229,99.99188481749785,0.5263591462208694,0.0716302250436911,150.07751785116983,150.6038769973907,99.94605765810488,100.01768788314857,false,true
500,1.0,149.7414619646333,100.00286871832068,0.5483009570839101,0.07348213217200339,149.49978298929335,150.04808394637726,99.9575892037006,100.03107133587261,true,true
500,1.0,149.47628307442596,100.1406855945831,0.720056905656179,0.07462180065901691,149.1299555936173,149.85001249927348,100.09504525717493,100.16966705783395,false,false
500,1.0,149.97447598918646,100.06442758946746,0.5628787203938828,0.07358864682949218,149.72163302851357,150.28451174890745,100.0186774798079,100.0922661266374,true,false
500,1.0,150.28536513473205,99.96026337253011,0.4724552669761408,0.06894123246905792,150.07354973669945,150.5460050036756,99.91727017557253,99.98621140804158,false,false
500,1.0,150.129612269568,100.01216826146907,0.456423980586834,0.07068730039493687,149.9287725673347,150.38519654792154,99.96823352994005,100.03892083033499,true,true
500,1.0,149.70249747852685,100.01590577157074,0.5905533200318018,0.07018030041484735,149.42576515170228,150.01631847173408,99.9708861831912,100.04106648360604,true,true
500,1.0,150.41324473558663,99.9736799176572,0.5189178650072677,0.07241940620299658,150.1832398616569,150.70215772666415,99.92808189465146,100.00050130085445,false,true
500,1.0,149.9977346897841,100.00067185394383,0.5286470324327013,0.07161465890763452,149.7671774667812,150.2958244992139,99.95492624312227,100.02654090202991,true,true
500,1.0,150.22822552087047,99.98056789869386,0.46115573234501994,0.07459277098288908,150.03466891705634,150.49582464940136,99.93385806434318,100.00845083532607,false,true
500,1.0,149.32129360953056,100.0038141195351,0.6460038346315002,0.07143898830102557,149.03263745810668,149.67864129273818,99.95855215629473,100.02999114459575,false,true
500,1.0,150.52148894357052,99.9748477442266,0.6032462804095644,0.07432999659130246,150.2437991018082,150.84704538221777,99.92789937467676,100.00222937126806,false,true
500,1.0,149.92363514598438,100.00341677893672,0.695583710362456,0.07406329313690208,149.58492172846357,150.28050543882603,99.95669686442508,100.03076015756199,true,true
500,1.0,149.89086001056398,99.95920014213559,0.5694056153201643,0.06935158027694399,149.6377269768058,150.20713259212596,99.91564238192048,99.98499396219742,true,false
500,1.0,150.1696078514443,100.10808746672564,0.4688288070255453,0.06968666053089123,149.9585430227964,150.42737182982194,100.06489166033202,100.13457832086291,true,false
500,1.0,150.13805051668916,100.00080509487364,0.46131595491951316,0.06883522166124578,149.94577149756367,150.40708745248318,99.95712527022786,100.02596049188911,true,true
500,1.0,149.97138149170462,100.04108735465829,0.41641298119913017,0.07618121512535936,149.79921213502737,150.2156251162265,99.99305192932273,100.06923314444809,true,true
500,1.0,150.38405275439982,99.99159662393551,0.5827089751235235,0.06773356518004903,150.11103952095687,150.6937484960804,99.94798763597672,100.01572120115677,false,true
500,1.0,150.18616313562697,100.07022623525305,0.4470277171988073,0.07543946547721703,149.99287245177646,150.43990016897527,100.02204636460539,100.0974858300826,true,false
500,1.0,149.71675001265422,100.02507502427162,0.5952314721048708,0.06690478872005201,149.45590022692105,150.05113169902592,99.98370389653397,100.05060868525402,true,true
500,1.0,150.0316401957691,99.98601612965896,0.44079909861503097,0.07364292515721615,149.8404984750213,150.28129757363632,99.93794503347162,100.01158795862884,true,true
500,1.0,149.3857386593678,99.96043601077267,0.47753335442783396,0.07575701445604466,149.1795949040401,149.65712825846794,99.9111855330851,99.98694254754115,false,false
500,1.0,150.02665619370532,100.05968733725433,0.4921998192133117,0.07337953572290701,149.8125673498428,150.3047671690561,100.01325663974818,100.08663617547109,true,false
500,1.0,149.53938797508494,99.96508794505095,0.6371467464119576,0.07667449813160943,149.2450378495586,149.88218459597056,99.91524948554566,99.99192398367727,false,false
500,1.0,149.74983455507396,99.96234234984541,0.5576525147502878,0.06879001882425939,149.51036553953261,150.0680180542829,99.92018385641319,99.98897387523745,true,false
500,1.0,149.7302057427806,99.97948621697721,0.5403566183293833,0.07111875121270828,149.49577429930093,150.03613091763032,99.93503241406208,100.00615116527479,true,true
500,1.0,150.09789872341457,100.00070658490931,0.48273752233120604,0.07598282023172942,149.8806447628845,150.3633822852157,99.95190881547131,100.02789163570304,true,true
500,1.0,149.69196845725838,100.07458490814855,0.5535663518322451,0.07314871195934813,149.44345947695805,149.9970258287903,100.02767055980544,100.10081927176479,false,false
500,1.0,149.94900118790903,99.95596463775631,0.5883136008383758,0.07864485062894744,149.68446614011194,150.2727797409503,99.90665619731473,99.98530104794368,true,false
500,1.0,149.60843694807977,99.95823923813946,0.6387049875770288,0.07421951457959608,149.3181597068693,149.95686469444632,99.91200295986616,99.98622247444575,false,false
500,1.0,149.80096666547576,100.01038002652206,0.6760421860405472,0.07780575728028793,149.47219828432674,150.14824047036728,99.96141370630428,100.03921946358457,true,true
500,1.0,149.61609892402618,100.00900014117227,0.49351644597351196,0.06782424910359452,149.4016446152953,149.89516106126882,99.966799518952,100.0346237680556,false,true
500,1.0,150.15609052567922,100.08641330235386,0.42364498569600073,0.06793738723412446,149.96724209479981,150.39088708049582,100.0437800317937,100.11171741902783,true,false
500,1.0,150.13891265252397,99.97279803146483,0.37486874727014197,0.07162299098304459,149.98655580559262,150.36142455286276,99.92809256455732,99.99971555554036,true,false
500,1.0,149.5268915366794,99.95524711989867,0.6217868648911917,0.07586908961300765,149.2350791428362,149.8568660077274,99.90678780785943,99.98265689747244,false,false
500,1.0,149.87264060325663,100.01122295772515,0.5093884017992423,0.07570480885917164,149.65742382085878,150.16681222265802,99.96407634556712,100.0397811544263,true,true
500,1.0,150.2721686920219,99.96727058787518,0.6523238955951456,0.0727137847259769,149.96283808639873,150.61516198199388,99.9214433905087,99.99415717523468,true,false
500,1.0,149.7281580901265,100.1041588535982,0.49241268865293364,0.06987244314512964,149.5106364184231,150.00304910707604,100.05974538689513,100.12961783004026,true,false
500,1.0,149.91991936635355,99.97438861728712,0.5640958560673255,0.06954527258555743,149.6595740555316,150.22366991159893,99.93078633485113,100.00033160743669,true,true
500,1.0,149.8455003743226,100.02049355462312,0.508042709767011,0.07400427012157706,149.61943558128004,150.12747829104705,99.97342724794146,100.04743151806304,true,true
500,1.0,150.38135463304496,99.95700850867621,0.4456779003928659,0.07014807192746275,150.18792565609385,150.63360355648672,99.9125511368527,99.98269920878016,false,false
500,1.0,149.94781719044423,100.08868063635033,0.4167821288102971,0.06928378226460552,149.7661641811268,150.1829463099371,100.04588467722557,100.11516845949018,true,false
500,1.0,149.6605258634127,100.08425332864526,0.6544602393508683,0.07192620187406362,149.35316788290933,150.0076281222602,100.03981362070778,100.11173982258184,true,false
500,1.0,149.59114141988053,99.99439073888672,0.5788720554772055,0.07053144049555726,149.3258919641455,149.90476401962272,99.95019794441853,100.02072938491409,false,true
500,1.0,150.05796015834517,99.95995133356263,0.5165592533498113,0.07044968882448188,149.81975725172333,150.33631650507314,99.9166736202692,99.98712330909368,true,false
500,1.0,150.06448332367827,100.02426510915465,0.47815155582367197,0.07830310824860476,149.8623517408752,150.34050329669887,99.97432473572803,100.05262784397664,true,true
500,1.0,149.16562424207586,99.9591416491847,0.5038566329582466,0.07349091270161523,148.941440911969,149.44529754492726,99.91102019460604,99.98451110730765,false,false
500,1.0,149.81014017242796,99.97403777131203,0.5195143221812657,0.07025635181497591,149.58264275020196,150.10215707238322,99.93000993896462,100.00026629077959,true,true
500,1.0,149.95887489984636,100.10051107961965,0.5761889774210829,0.07354851505768067,149.69360898458046,150.26979796200155,100.05472716038291,100.12827567544059,true,false
500,1.0,150.39934341275844,99.98936711555505,0.5446929332284469,0.07411877848871029,150.15010760817472,150.69480054140317,99.94205594014065,100.01617471862936,false,true
500,1.0,149.853210315775,99.96495077663192,0.5418403941554857,0.06855855978099612,149.61820021715064,150.16004061130613,99.92325827136901,99.99181683115,true,false
500,1.0,150.12537515895804,100.00368187865327,0.5289375152950129,0.07596561920345835,149.892860855642,150.421798370937,99.95634936178215,100.0323149809856,true,true
500,1.0,150.17763154153587,100.09622132189784,0.44499488102337637,0.07543993981738595,149.98426584201894,150.42926072304232,100.0491909434306,100.12463088324799,true,false
500,1.0,149.44564690400182,100.02386679197258,0.737249234917897,0.07202512334163202,149.0870672022092,149.8243164371271,99.97768061321344,100.04970573655507,false,true
500,1.0,149.4436813062075,100.01122004914336,0.41285222503233854,0.07087346918882531,149.2578911574229,149.67074338245524,99.96695332727609,100.03782679646491,false,true
500,1.0,149.94074312638304,100.00024412176745,0.6719496859685137,0.06668127453401951,149.62696924513244,150.29891893110096,99.957356382934,100.02403765746801,true,true
500,1.0,150.491890779614,99.9677390839151,0.599710363173017,0.06980875034177814,150.21209759594223,150.81180795911524,99.92328042732277,99.99308917766454,false,false
500,1.0,150.11294073588368,100.09792669986805,0.453801806787709,0.07682987915126205,149.91066402168101,150.36446582846872,100.04837994141255,100.12520982056381,true,false
500,1.0,149.86469015834817,100.16673213221085,0.4967975513043825,0.07723926792948532,149.66144715281015,150.15824470411454,100.11775596641694,100.19499523434642,true,false
500,1.0,149.51917134492862,100.05518946326615,0.7580391593729985,0.07625594579126016,149.1656968193397,149.9237359787127,100.0067589046805,100.08301485047176,false,false
500,1.0,150.3194393452827,100.06800888407841,0.4274242764239773,0.07240025859547927,150.13013396302668,150.55755823945066,100.02211124247474,100.09451150107022,false,false
500,1.0,149.42745290787516,100.01903577738355,0.5229974356316802,0.07407718120782647,149.19503789552874,149.71803533116042,99.97251227068932,100.04658945189715,false,true
500,1.0,149.9479421265377,100.1407593538149,0.5716874047717226,0.07373180556491832,149.68339543898458,150.2550828437563,100.09414862805829,100.16788043362321,true,false
500,1.0,150.00449934082897,99.97368741571984,0.47362870473932617,0.07509336517900067,149.8003205717065,150.27394927644582,99.92613228993872,100.00122565511772,true,true
500,1.0,150.22175138888448,99.97204006445693,0.46384306233633765,0.07367849139579619,150.03080870548945,150.4946517678258,99.92542908489172,99.99910757628751,false,false
500,1.0,149.06120105483285,99.98956253297038,0.5080400990325984,0.06942465399981756,148.83579562508197,149.34383572411457,99.94538353421314,100.01480818821295,false,true
500,1.0,149.79857586969746,99.98293521623913,0.48097826546415945,0.07213052783298224,149.58697252496103,150.0679507904252,99.93769683745667,100.00982736528965,true,true
500,1.0,149.60027247992213,100.05964728988349,0.5658391867875139,0.07237191700238554,149.34023769265352,149.90607687944103,100.01311100909275,100.08548292609514,false,false
500,1.0,149.54592893219692,100.02302756483009,0.5993502950765048,0.07039010682255764,149.27942603548686,149.87877633056337,99.97854005597125,100.04893016279381,false,true
500,1.0,148.73030813026537,99.97289200215275,0.7753047421358588,0.06940211702450938,148.3556990687125,149.13100381084837,99.92954866930862,99.99895078633313,false,false
500,1.0,150.18827901279192,100.00479181216052,0.48196237917093754,0.07206446314609138,149.9784763652854,150.46043874445633,99.95874075475037,100.03080521789646,true,true
500,1.0,150.21502015085048,100.08997600980753,0.5565168172761616,0.0731362593958238,149.96199055621753,150.5185073734937,100.0443552001264,100.11749145952223,true,false
500,1.0,149.83990190084165,99.97323042644413,0.6059890651895614,0.07480665039460632,149.56807500061282,150.17406406580238,99.92634401050778,100.00115066090238,true,true
500,1.0,149.81593373861037,99.9681103333328,0.5514126807558455,0.07339419816439374,149.55930683624993,150.11071951700578,99.9217239718056,99.99511816997,true,false
500,1.0,150.06480198879393,100.10753668120715,0.578388472619821,0.07216386924217488,149.79816501351377,150.3765534861336,100.06213241297043,100.1342962822126,true,false
500,1.0,150.07163118286635,99.99720532557298,0.630567737863629,0.07333524403762226,149.77341160140165,150.40397933926528,99.95020422842359,100.02353947246121,true,true
500,1.0,149.48471199790114,100.02292985414121,0.6818765825437367,0.06986706567838041,149.16061222836734,149.84248881091108,99.97867631042328,100.04854337610166,false,true
500,1.0,150.015942942964,100.23171360583423,0.5947221030784817,0.07601488356939967,149.75307595062975,150.34779805370823,100.18398363824238,100.25999852181178,true,false
500,1.0,150.39272580047555,100.04345512167761,0.5003759305239157,0.06937237578023314,150.16767954804118,150.6680554785651,99.99913128335236,100.06850365913259,false,true
500,1.0,150.1489234429372,99.95616374131268,0.4927480954150383,0.07125222478120463,149.9337763702006,150.42652446561564,99.91146514193206,99.98271736671326,true,false
500,1.0,150.05309239395862,100.05416196849202,0.61969884837427,0.07720718061223408,149.78217762592172,150.401876474296,100.0059649151737,100.08317209578594,true,false
500,1.0,150.11951989517317,99.97672251315873,0.6453647620406286,0.071683895925716,149.81146579626022,150.45683055830085,99.93169251972418,100.0033764156499,true,true
500,1.0,150.17607756248412,99.98479423798327,0.6415181713050231,0.07390267916872517,149.87271612225487,150.5142342935599,99.93718425680123,100.01108693596996,true,true
500,1.0,150.31223266096805,100.00483437853384,0.5059010764047116,0.07535375531880106,150.09509708277852,150.60099815918323,99.95761616145572,100.03296991677452,false,true
500,1.0,149.3814549176161,99.98131472205404,0.5926061803640152,0.07384601902344912,149.13392270784914,149.72652888821315,99.93360573416456,100.00745175318801,false,true
500,1.0,150.15653073778236,99.96837288028063,0.5267949708736239,0.07569963952590797,149.91876043354637,150.44555540442,99.91950043666853,99.99520007619444,true,false
500,1.0,149.68673822504104,99.96592968172149,0.475252290269367,0.07283104564857013,149.49635728971688,149.97160957998625,99.92018598358749,99.99301702923606,false,false
500,1.0,149.92617942099724,100.02369177072023,0.6171051936467506,0.06938057935479947,149.6208776029677,150.23798279661446,99.97989861733873,100.04927919669353,true,true
500,1.0,150.31123602371613,100.24106120172657,0.549575503766448,0.07407454201648989,150.05898710428204,150.6085626080485,100.19450603322747,100.26858057524396,false,false
500,1.0,150.11359457311178,99.9994748881452,0.5530498899125575,0.07570836887205701,149.85447918607235,150.4075290759849,99.9514445858823,100.02715295475436,true,true
500,1.0,150.0476078443039,99.98884618956752,0.41114894348055486,0.07212850239368152,149.87564137336332,150.28679031684388,99.94406344724217,100.01619194963585,true,true
500,1.0,150.3174750425922,99.98980915943326,0.5813062215321736,0.07449858054914671,150.05329104353032,150.6345972650625,99.94198422023759,100.01648280078673,false,true
500,1.0,149.49937726345456,99.9865949814001,0.43118378336404817,0.07302947772036816,149.30470067027767,149.73588445364172,99.94130484568375,100.01433432340411,false,true
500,1.0,149.89527238903463,100.0400471547702,0.598311467560876,0.072926221268375,149.61941861747698,150.21773008503786,99.99355221063911,100.06647843190748,true,true
500,1.0,150.22504587695414,100.12368424204017,0.4858858885629047,0.07208862045473552,150.01013009231883,150.49601598088174,100.07775918297688,100.14984780343161,false,false
500,1.0,149.78489246408594,99.97020497591492,0.6975582504981332,0.07043723902793886,149.45784919688703,150.15540744738516,99.92628068326843,99.99671792229637,true,false
500,1.0,149.19705812174624,100.0292993047915,0.6591559750151532,0.07304536018396846,148.89357787819608,149.55273385321124,99.9841841041579,100.05722946434187,false,true
500,1.0,149.86020227107457,99.98072396498729,0.6154484681722465,0.07016474248059978,149.57732945364796,150.1927779218202,99.93645035978962,100.00661510227022,true,true
500,1.0,149.82162391655748,99.96071729112319,0.5035965043741157,0.07037480231934978,149.59802328228113,150.10161978665525,99.91649871628141,99.98687351860076,true,false
500,1.0,149.32199391864322,100.05631160173047,0.5678362196503031,0.07287480752580677,149.0804621571897,149.64829837684,100.01059128861527,100.08346609614108,false,false
500,1.0,149.73495292681534,99.96060301724302,0.4767660550359665,0.06740630165836592,149.52084262668035,149.99760868171632,99.9182129222793,99.98561922393766,false,false
500,1.0,149.86901161533103,100.13314189741806,0.47040281003745577,0.07554957056946421,149.66875618502672,150.13915899506418,100.08434461151572,100.15989418208518,true,false
500,1.0,149.7853456440327,99.96970384065874,0.658568117903144,0.07660883790337891,149.47380037648642,150.13236849438957,99.92103400715492,99.9976428450583,true,false
500,1.0,149.45916200406015,100.03275083972582,0.6891298505495058,0.07266818848137291,149.14702061697275,149.83615046752226,99.98657888875253,100.0592470772339,false,true
500,1.0,149.58137451991948,99.96402348040777,0.568797007511705,0.07030808256145349,149.3215679316943,149.890364939206,99.91961318443589,99.98992126699734,false,false
500,1.0,150.25046205091212,99.98679224115712,0.5125358074826352,0.0724704702649035,150.02337434780145,150.53591015528409,99.94091929332993,100.01338976359483,false,true
500,1.0,149.7904059506401,100.09013543294705,0.6348401623720008,0.0732138401278064,149.49844341189166,150.13328357426366,100.04326025039295,100.11647409052075,true,false
500,1.0,149.96898342753212,99.9534126406972,0.5694919146772293,0.07549714379926797,149.71672407536724,150.28621599004447,99.90574161268718,99.98123875648645,true,false
500,1.0,149.8194224087369,100.10091622173945,0.507592076283629,0.07491252047907437,149.5930409858288,150.10063306211242,100.05540802594487,100.13032054642395,true,false
500,1.0,150.3586462246812,100.50430307818888,0.4693312612062357,0.07649608465501956,150.16638774673234,150.63571900793858,100.45525838533868,100.5317544699937,false,false
500,1.0,149.95161974389677,99.97484123995145,0.6944534476697868,0.0705964578512095,149.62618700759276,150.32064045526255,99.93015662145882,100.00075307931003,true,true
500,1.0,150.52187945422583,99.99704878958991,0.5252387572738257,0.07775721064720642,150.2733844862144,150.79862324348824,99.94820573002033,100.02596294066754,false,true
500,1.0,150.2989228688912,99.99600967457214,0.6113281804299788,0.07609031015239509,150.0162721583081,150.6276003387381,99.94834873596409,100.02443904611648,false,true
500,1.0,149.8938719133799,100.11555848590228,0.5410916691885461,0.07358730661735535,149.64521401345826,150.1863056826468,100.0685426185918,100.14212992520916,true,false
500,1.0,150.03926924405303,99.97328715416032,0.607582819238587,0.07419395735601597,149.76456739226438,150.37215021150297,99.92502710453428,99.9992210618903,true,false
500,1.0,149.48709600110175,99.99503416343344,0.49304309634729293,0.072097528442157,149.26777608978915,149.76081918613644,99.95008677293671,100.02218430137887,false,true
500,1.0,149.94207606841297,99.99846881327841,0.498003070893958,0.07171065852692493,149.72839846075755,150.2264015316515,99.95178267436341,100.02349333289034,true,true
500,1.0,149.97976850660967,100.00167225692107,0.6606554774842834,0.06942254473526077,149.6651841882801,150.3258396657644,99.95867311240202,100.02809565713729,true,true
500,1.0,150.19728420099884,100.02583015807888,0.47830076819136025,0.07149943911853995,149.97502915877968,150.45332992697104,99.98072830505986,100.0522277441784,true,true
500,1.0,150.21609286520447,100.03918008103949,0.5353147845294473,0.07307456903528475,149.98067506011307,150.51598984464252,99.99254741240219,100.06562198143747,true,true
500,1.0,150.50567226549117,99.97221834882149,0.5326112872953672,0.07344186796058239,150.2754781988092,150.80808948610456,99.92629152794632,99.9997333959069,false,false
500,1.0,149.8168013385316,100.08636022707952,0.6725138016628307,0.07394701149782179,149.50322999340835,150.17574379507118,100.04048319349758,100.1144302049954,true,false
500,1.0,149.9185868520419,100.02485692666068,0.5433441158835706,0.07567837186638826,149.67927533516138,150.22261945104495,99.97780013355597,100.05347850542236,true,true
500,1.0,149.83998292490918,99.96970080111427,0.4727125021618974,0.07033556573306043,149.62603475248687,150.09874725464877,99.92524791347078,99.99558347920384,true,false
500,1.0,150.14127988741123,99.99687162490608,0.42203519502791664,0.07075218447894827,149.95508392401143,150.37711911903935,99.95339169895216,100.02414388343111,true,true
500,1.0,150.33490160834177,100.06721952781052,0.4636189607271035,0.0731942034426254,150.129158400573,150.5927773613001,100.02250857083669,100.09570277427932,false,false
500,1.0,149.93050504080873,100.11256248993311,0.4232523709556233,0.06724555695907952,149.7537117744712,150.17696414542684,100.06972138578647,100.13696694274554,true,false
500,1.0,149.7936150533449,100.02088996140242,0.5473438276982279,0.07662439840972013,149.54578326080838,150.0931270885066,99.97232706983343,100.04895146824315,true,true
500,1.0,150.03864254355761,99.97851162406826,0.48380923452575075,0.07172029028336624,149.8294419243559,150.31325115888166,99.93344287711341,100.00516316739677,true,true
500,1.0,150.3037155481424,100.0551101711888,0.5583600979262826,0.06800231178257832,150.0587538030873,150.6171139010136,100.01287251247133,100.08087482425391,false,false
500,1.0,150.27494285801458,99.95422393182007,0.5408261004740211,0.07378109066144134,150.03511942099516,150.57594552146918,99.90804662972883,99.98182772039027,false,false
500,1.0,149.94343649267918,99.96001185370326,0.3794049371631729,0.0721615347327571,149.78465768515497,150.16406262231814,99.9147423267639,99.98690386149666,true,false
500,1.0,150.27371644517262,99.96177427181209,0.7004608451027536,0.0746584825591583,149.95368136361063,150.65414220871338,99.9148779073565,99.98953638991566,true,false
500,1.0,150.03816001771355,100.05591993402793,0.4147230286078525,0.06951607176770835,149.84805669432896,150.2627797229368,100.0120163240835,100.08153239585121,true,false
500,1.0,150.33355220082638,100.2015237394205,0.5687998005578834,0.07327541185763664,150.07448734465055,150.64328714520843,100.15606323149521,100.22933864335285,false,false
500,1.0,150.01444323128288,99.95753310768089,0.5532760495433138,0.06566510596596231,149.7592639653292,150.31254001487252,99.91594881941573,99.9816139253817,true,false
500,1.0,150.2718280707285,100.22345568045486,0.37621025442581413,0.07274700583067784,150.1154934881448,150.49170374257062,100.17827429818341,100.25102130401409,false,false
500,1.0,149.98997984243766,100.0544210267945,0.4875714889015512,0.07469554039228399,149.78213594878028,150.26970743768183,100.00739247017893,100.08208801057121,true,false
500,1.0,149.582004026383,100.10908379099241,0.6405751939269635,0.0753054582952899,149.28487852758786,149.92545372151483,100.06161000056574,100.13691545886103,false,false
500,1.0,150.31052460665177,99.95866063176727,0.4771534639316144,0.07417194072669986,150.10095506828222,150.57810853221383,99.91173933232973,99.98591127305643,false,false
500,1.0,150.01083927751108,99.96669424686965,0.6285253605185801,0.0781390904706285,149.7248251044885,150.35335046500708,99.91652006988133,99.99465916035196,true,false
500,1.0,150.08693584089013,100.03979753384831,0.37424649749502237,0.07124974999058509,149.92460115471852,150.29884765221354,99.99496034792428,100.06621009791486,true,true
500,1.0,149.9638268478476,99.97703766314609,0.5614495612947792,0.07430127490479776,149.71067041017102,150.2721199714658,99.92786964565796,100.00217092056276,true,true
500,1.0,150.25233631181513,99.98178482114194,0.4448770230576429,0.07099572247130936,150.0620718495685,150.50694887262614,99.93723509116111,100.00823081363242,false,true
500,1.0,150.41711867347152,100.00096408725575,0.4835006971943301,0.07696131541450768,150.19895059956224,150.68245129675657,99.95187782801757,100.02883914343208,false,true
500,1.0,150.05600209394987,100.06532033468378,0.5398520367264723,0.07486906847735497,149.82576577712175,150.36561781384822,100.01777478869896,100.09264385717631,true,false
500,1.0,150.24055485313093,99.97173944624656,0.415076934945688,0.07356215415197198,150.05981119250725,150.47488812745294,99.92524317475522,99.9988053289072,false,false
500,1.0,149.53481511003253,100.06851725083101,0.5290084808155768,0.07039165653283419,149.3011983272087,149.8302068080243,100.0233012335039,100.09369289003673,false,false
500,1.0,149.31312148912264,99.97801652375324,0.4301644181567781,0.07703565600122886,149.13015503930217,149.56031945745895,99.9298944246277,100.00693008062893,false,true
500,1.0,149.70657338116672,99.95762439556907,0.4866594622530158,0.06971271752483688,149.4939899437688,149.98064940602183,99.91240133545816,99.982114052983,false,false
500,1.0,149.86811275650646,99.97788860866146,0.5561226853639027,0.0721721568067295,149.61754405984033,150.17366674520423,99.93200608282308,100.00417823962981,true,true
500,1.0,150.29402260093906,100.0951784863,0.4725272772899416,0.07510355421810289,150.0815012308508,150.55402850814073,100.04701283026363,100.12211638448173,false,false
500,1.0,149.92118249289848,100.00659682658224,0.44312076564864356,0.06906439557316446,149.72713405556647,150.1702548212151,99.96299529605761,100.03205969163078,true,true
500,1.0,149.27680717441547,99.98912743625053,0.5017293540657022,0.06843683341666917,149.04629239873304,149.54802175279875,99.9448585892105,100.01329542262717,false,true
500,1.0,150.34393084111684,100.07869711917823,0.4759786552868377,0.07521660267197205,150.1404442575501,150.61642291283692,100.03134072219892,100.10655732487089,false,false
500,1.0,149.9761623649096,100.33294349384215,0.3953650851049133,0.07719006980578058,149.80436565797615,150.19973074308106,100.2850244191158,100.36221448892158,true,false
500,1.0,150.35247691381437,99.97658965012495,0.5026323099864101,0.07367831710023154,150.12084872056238,150.6234810305488,99.9302021881757,100.00388050527593,false,true
500,1.0,149.64734087049214,100.00661600424216,0.5841691137319742,0.0725078467851148,149.38273912399416,149.96690823772613,99.96044908040255,100.03295692718767,false,true
500,1.0,149.91578575546964,99.97459130305413,0.6328880806504458,0.0748247083500786,149.6215956905251,150.25448377117556,99.92685917676373,100.0016838851138,true,true
500,1.0,149.7672373926868,99.97543499240476,0.5897506895520053,0.0708761927834729,149.48974369817586,150.07949438772786,99.93027208026528,100.00114827304876,true,true
500,1.0,149.37646382483143,99.96216561594002,0.46485932798299245,0.07114643311618352,149.17550855876559,149.64036788674858,99.91714798901538,99.98829442213156,false,false
500,1.0,150.03688932864387,99.96529226228827,0.5145074398283498,0.07338355357479998,149.80474048431952,150.31924792414787,99.91989388794792,99.99327744152272,true,false
500,1.0,149.9987544329926,100.07776440654239,0.5354191129853234,0.07674063460109437,149.7503665323925,150.2857856453778,100.02796411216168,100.10470474676278,true,false
500,1.0,149.822580228961,99.97638391280812,0.49048136831737565,0.07422970273412943,149.61081574374634,150.10129711206372,99.92931391303259,100.00354361576672,true,true
500,1.0,149.50620873524753,99.95951373512068,0.6133945152733986,0.0730335767054413,149.2249447004799,149.8383392157533,99.91385786359453,99.98689144029997,false,false
500,1.0,150.52718664443893,100.00461123434562,0.5418895098360679,0.07180249616230583,150.28300769930743,150.8248972091435,99.96000121194744,100.03180370810975,false,true
500,1.0,149.80172616235922,100.10808532763537,0.5569927297669324,0.0748385618584706,149.55492455401867,150.1119172837856,100.06064345315578,100.13548201501425,true,false
500,1.0,149.97202788584912,100.02357873689107,0.7163556159904374,0.07767240134486997,149.61921539613508,150.3355710121255,99.9758469870927,100.05351938843756,true,true
500,1.0,150.61296319826306,99.97476018904734,0.5283336498904418,0.07222831151024423,150.36914803229547,150.8974816821859,99.92989288830944,100.00212119981968,false,true
500,1.0,150.07326111395525,99.96442833461376,0.517906594178072,0.07244781705962566,149.84511808913842,150.3630246833165,99.92009332915985,99.99254114621948,true,false
500,1.0,150.0720549945828,100.08900198705632,0.4966180663201101,0.07431852468957345,149.85380331317137,150.35042137949148,100.04265460226594,100.11697312695551,true,false
500,1.0,149.85041071839834,100.1999577762667,0.3737080044502932,0.07656975062086246,149.69574596099534,150.06945396544563,100.1524369725158,100.22900672313666,true,false
500,1.0,150.04616572862855,100.02261802545524,0.5295355523395244,0.06823096643172732,149.81594808529945,150.34548363763898,99.97982710514955,100.04805807158128,true,true
500,1.0,150.05654786185033,100.06276599604685,0.4836824106319568,0.0733345602469484,149.84717382834808,150.33085623898003,100.01624508945748,100.08957964970443,true,false
500,1.0,149.35210394991668,99.98690829244441,0.5384872507669911,0.06964116278945198,149.112830506897,149.651317757664,99.94418382668647,100.01382498947592,false,true
500,1.0,150.05405536877123,100.03450969103021,0.456039755500683,0.07268636578808696,149.85815640258187,150.31419615808255,99.98825417579451,100.0609405415826,true,true
500,1.0,149.8952511949492,100.01928602710858,0.6482032968433771,0.07454404396639802,149.58690158823134,150.23510488507472,99.97329707506262,100.04784111902902,true,true
500,1.0,149.72498022446993,99.98202651979031,0.46659221381696625,0.07119972064663216,149.528875842278,149.99546805609498,99.93640172872306,100.00760144936969,false,true
500,1.0,149.92260272829049,100.02115833582843,0.5774051482861466,0.07590645161944565,149.66440087419187,150.24180602247802,99.97368028766853,100.04958673928797,true,true
500,1.0,149.74483710551127,100.04467436888135,0.43086059066925486,0.07201782069127205,149.56354938114563,149.9944099718149,99.99898253208303,100.0710003527743,false,true
500,1.0,150.03006119558523,100.11053373856262,0.6256961582498661,0.07742180584088487,149.737576957381,150.36327311563088,100.06156370450051,100.1389855103414,true,false
500,1.0,149.89492921877246,99.95637960106333,0.48438030302602897,0.07683246950415423,149.67035684184245,150.15473714486848,99.9071170381861,99.98394950769026,true,false
500,1.0,149.81804937015153,99.98680886927474,0.5499587063386855,0.07606877779682009,149.567667050343,150.1176257566817,99.93758591295,100.01365469074682,true,true
500,1.0,150.3911739498964,99.9637940527667,0.5447463788053142,0.07354676892536816,150.14183259438568,150.686578973191,99.91915891959107,99.99270568851644,false,false
500,1.0,149.98982006520512,99.98390124399134,0.5475232166843398,0.0711272458967187,149.74374335484708,150.29126657153142,99.93749042577268,100.0086176716694,true,true
500,1.0,149.7894175304021,100.0935939693598,0.6029760326614451,0.07298378045778975,149.50849125038172,150.11146728304317,100.04774731544953,100.12073109590732,true,false
500,1.0,150.55303058126307,99.9927882578857,0.522119071315899,0.07298434911396612,150.31001632841924,150.83213539973514,99.94570146427698,100.01868581339095,false,true
500,1.0,149.1958044045093,100.0191115510715,0.6223625823962209,0.06820392749084192,148.9257493691042,149.54811195150043,99.9763869508308,100.04459087832164,false,true
500,1.0,150.33340017937672,99.96884771066252,0.4041074342189859,0.07369626701627396,150.16315187794703,150.56725931216602,99.92259293019767,99.99628919721394,false,false
500,1.0,150.314243514416,99.98420239921512,0.4518974892209542,0.07436002249265528,150.11177576241042,150.56367325163137,99.9382429934098,100.01260301590246,false,true
500,1.0,150.11891514462258,100.38855240468898,0.43971166556622165,0.07350167739041069,149.93242053001438,150.3721321955806,100.34302782669525,100.41652950408566,true,false
500,1.0,150.04387045832965,99.96599181673182,0.5966487674641883,0.077205564350038,149.77104925663676,150.36769802410095,99.91841723585671,99.99562280020675,true,false
500,1.0,149.82815965037983,99.97961665946463,0.6414360626176006,0.07226690057316887,149.54986339051456,150.19129945313216,99.93513411993487,100.00740102050804,true,true
500,1.0,150.3845468982712,99.99524495332065,0.5421510773347507,0.07688124204857161,150.13247887671778,150.67462995405253,99.94583952347061,100.02272076551918,false,true
500,1.0,149.7669447984434,100.07429221836779,0.6695087972647968,0.0752382135760854,149.450588042331,150.1200968395958,100.02786467607301,100.1031028896491,true,false
500,1.0,149.6115566358348,99.9921698243115,0.47117901763070336,0.0686223290396697,149.41319739798072,149.88437641561143,99.94977435616723,100.0183966852069,false,true
500,1.0,149.97105090437645,100.26595684786986,0.40851526821822404,0.07263203200830048,149.79301819219165,150.20153346040988,100.22001822329787,100.29265025530617,true,false
500,1.0,150.2249090703792,99.99776727645181,0.6042566500777014,0.0712851707090465,149.96150977648026,150.56576642655796,99.9517768763952,100.02306204710425,true,true
500,1.0,149.77046291844974,99.97292614527554,0.47951952501406936,0.0748815555672735,149.56128463906418,150.04080416407825,99.92577307334477,100.00065462891205,true,true
500,1.0,149.24226510130092,100.02552940858094,0.6558541052419287,0.07071000524393867,148.94721011830666,149.60306422354859,99.9822624588581,100.05297246410204,false,true
500,1.0,150.2462927841061,100.10716948717663,0.45026582840441165,0.07185938964641991,150.05230323520578,150.5025690636102,100.06109323868833,100.13295262833475,false,false
500,1.0,150.05267150532694,100.00880634813497,0.6344623465801931,0.07169694546701066,149.76654893331536,150.40101127989556,99.96410953050139,100.0358064759684,true,true
500,1.0,149.64608303415412,99.9732088562985,0.5253720743343422,0.07317408588649243,149.41105945348212,149.93643152781647,99.92624319862767,99.99941728451417,false,false
500,1.0,149.83604455845594,99.97785677699753,0.48108256994129306,0.06995803140526391,149.6345492275134,150.11563179745468,99.93403330834803,100.0039913397533,true,true
500,1.0,150.3606007231905,99.95580950266009,0.6592242748350827,0.0741408820896794,150.04918892104467,150.70841319587976,99.908754010446,99.98289489253568,false,false
500,1.0,150.32256659843472,99.98150898260704,0.3917383330549171,0.06876266065773962,150.15466540097512,150.54640373403004,99.93815403831734,100.00691669897508,false,true
500,1.0,149.24968671289213,100.03452076374117,0.5681194504839482,0.06876674250119663,149.0022828233098,149.57040227379375,99.99045574010769,100.05922248260889,false,true
500,1.0,150.38856449009052,99.9741254096432,0.5630906856040099,0.07551717651737988,150.12998519810606,150.69307588371007,99.9270441475641,100.00256132408148,false,true
500,1.0,149.3947219527412,100.04135313501317,0.5472975602750125,0.06980459495180469,149.16620518042168,149.7135027406967,99.99716717696798,100.06697177191978,false,true
500,1.0,150.28600321344166,99.96884012656817,0.6495159819692446,0.0742867933201552,149.97939140892288,150.62890739089212,99.92214467278298,99.99643146610313,true,false
500,1.0,150.40663450499386,99.97199782901646,0.4867216672235486,0.07277718025190438,150.18753302899643,150.67425469621998,99.92682219941565,99.99959937966756,false,false
500,1.0,150.34019116388365,100.12440057651538,0.4957184676128179,0.0722220375676983,150.11689438561086,150.61261285322368,100.07800649060658,100.15022852817428,false,false
500,1.0,149.7528234082191,99.96754233575564,0.5729299164877659,0.06993440476297508,149.49010456140564,150.0630344778934,99.92160560999287,99.99154001475584,true,false
500,1.0,149.51049695225296,99.97050385186468,0.6622039269639686,0.07462314438298279,149.20322692268388,149.86543084964785,99.92286912398744,99.99749226837042,false,false
500,1.0,149.9638812137333,100.03659916475422,0.6930568282247691,0.06855722028593902,149.62763672581372,150.32069355403848,99.99358370140475,100.06214092169068,true,true
500,1.0,150.0757595554735,100.02103773561588,0.6018989467356732,0.06929356405655085,149.78526140320793,150.3871603499436,99.97702800321484,100.04632156727139,true,true
500,1.0,149.65711952039058,99.99037750233231,0.5514917838005431,0.07212483365461253,149.41355958596213,149.96505136976268,99.94480746838053,100.01693230203514,false,true
500,1.0,150.43351224715903,99.96654355894452,0.5563925061485122,0.06823042552682068,150.18587576638748,150.742268272536,99.92204844355777,99.99027886908459,false,false
500,1.0,149.80077919547392,100.01538507862942,0.594747724659868,0.0734348426981768,149.52557467770825,150.12032240236812,99.96916448075181,100.04259932344999,true,true
500,1.0,150.13983259566862,100.01029100158517,0.45085389843472967,0.07117159430265474,149.93844955814563,150.38930345658036,99.96582351735756,100.03699511166022,true,true
500,1.0,149.76459926568594,100.06406481905874,0.6325678754208184,0.07231591440600482,149.46784891190998,150.1004167873308,100.01896832827504,100.09128424268104,true,false
500,1.0,149.61415673131307,99.97453892373053,0.664677000143655,0.0756679217887779,149.29449479604287,149.95917179618652,99.92759731662679,100.00326523841557,false,true
500,1.0,149.82877116811352,99.9626049437841,0.4371305229391851,0.07474572473795149,149.6399960633155,150.07712658625468,99.91459056103743,99.98933628577538,true,false
500,1.0,150.4416057118042,100.07961266035906,0.5184549154111551,0.078861061526311,150.20172244232663,150.72017735773778,100.02756872168112,100.10642978320743,false,false
500,1.0,149.88229403629134,100.24699663714104,0.5256813056234932,0.07119652378841579,149.64654469857692,150.1722260042004,100.20233782744002,100.27353435122843,true,false
500,1.0,150.17409237093526,100.0335371932125,0.5568561864796493,0.07412942407120227,149.92986934414728,150.48672553062693,99.98824778980173,100.06237721387294,true,true
500,1.0,150.1799146875212,99.99259596144006,0.638475882906846,0.0750523536377159,149.88420453166248,150.52268041456932,99.94669679780829,100.021749151446,true,true
500,1.0,150.23826353524584,99.9628397368094,0.42991286471360013,0.07196402042202976,150.05819335487294,150.48810621958654,99.91828749075361,99.99025151117564,false,false
500,1.0,149.4674652595495,100.09941545706923,0.612391725918144,0.07131475742653492,149.18293465113376,149.7953263770519,100.05487093319297,100.12618569061951,false,false
500,1.0,150.4170920363611,99.99932114816603,0.5535419998970781,0.07440140909183413,150.16148964739952,150.7150316472966,99.95216697593705,100.02656838502888,false,true
500,1.0,150.0378000156085,100.09120559365545,0.4661624172981078,0.07259659139695884,149.8436503485609,150.30981276585902,100.04462164793517,100.11721823933213,true,false
500,1.0,150.26192573467273,100.01271592872595,0.5111147754534784,0.07160618750344838,150.04663217648312,150.5577469519366,99.96826134971076,100.0398675372142,false,true
500,1.0,150.25458404286414,99.9992387220423,0.5816920443764388,0.07414217362826037,149.98128820574783,150.56298025012427,99.95263282141183,100.02677499504009,true,true
500,1.0,149.7073775068325,100.08568028547799,0.5974317444491248,0.0712923652623374,149.43399868267448,150.0314304271236,100.04088179348898,100.11217415875132,true,false
500,1.0,150.1617012862793,100.01093283502897,0.45535853739653476,0.0775746928632941,149.97041719961564,150.42577573701217,99.96149184895134,100.03906654181463,true,true
500,1.0,149.7777892681474,100.00948410357628,0.5715202889502109,0.06993196073615593,149.53471677790324,150.10623706685345,99.96607243087377,100.03600439160992,true,true
500,1.0,150.20132669576495,100.15908939585316,0.49543113460808286,0.07295484899694316,149.9753985352196,150.47082966982768,100.11365252462667,100.18660737362362,true,false
500,1.0,149.95653369660164,100.16710093455812,0.5681158106060025,0.0736723534947572,149.69675129555452,150.26486710616052,100.12028787009766,100.19396022359241,true,false
500,1.0,150.4127998182688,99.97530950634146,0.5536869490252343,0.07346128420618925,150.16577625739984,150.71946320642508,99.92801472826855,100.00147601247474,false,true
500,1.0,150.45336765051445,99.9706444069214,0.4747229729765081,0.0709887757117258,150.24404963943275,150.71877261240925,99.92487069596125,99.99585947167297,false,false
500,1.0,149.70158590247706,100.03589354735925,0.601667373046638,0.07458069387445221,149.42437455995255,150.0260419329992,99.98814939225468,100.06273008612914,true,true
500,1.0,148.99908626051828,99.96534859830095,0.7198143024879755,0.07066477550192474,148.6569096161936,149.37672391868156,99.91999356205544,99.99065833755736,false,false
500,1.0,150.42667790769843,100.06823135434233,0.5290611255649935,0.07163551769477294,150.193371855072,150.722432980637,100.02307356159469,100.09470907928946,false,false
500,1.0,150.09958044827115,99.99357901870829,0.5703043118388109,0.07203204365379179,149.84478628028495,150.41509059212376,99.94885208280805,100.02088412646184,true,true
500,1.0,149.46095019351574,99.98014901360818,0.6771571504247049,0.07430263025960926,149.1287887099993,149.805945860424,99.93415272060642,100.00845535086603,false,true
500,1.0,150.37757868038213,99.95986067546337,0.5391857741274748,0.07242847426586252,150.12537734474262,150.6645631188701,99.91348965098581,99.98591812525167,false,false
500,1.0,150.16413355901503,100.01364369747031,0.4228691489361438,0.075199749127421,149.98340403755893,150.40627318649507,99.96583586337556,100.04103561250298,true,true
500,1.0,150.29592364160806,99.98345537237742,0.544922143616418,0.07089697818096852,150.0446137203751,150.58953586399153,99.93775211655048,100.00864909473145,false,true
500,1.0,150.19042819120406,99.95972539919319,0.3648020279492812,0.07326551868516162,150.04619904573497,150.41100107368425,99.91251832703922,99.98578384572438,false,false
500,1.0,150.3079878645271,100.0421716356278,0.4758968292671284,0.07443659961475646,150.09780232421053,150.57369915347766,99.99591759895252,100.07035419856727,false,true
500,1.0,150.09586380136489,99.9578840209023,0.5319698821515999,0.07165798551430669,149.8582232391093,150.3901931212609,99.91237595162569,99.98403393714,true,false
500,1.0,149.77112114828935,99.96537124289843,0.6089052672007256,0.07416427262909053,149.49678950262938,150.1056947698301,99.91976143083596,99.99392570346505,true,false
500,1.0,149.53426982736335,100.12363103769707,0.48957744196130193,0.07208159077788423,149.30942313966776,149.79900058162906,100.07751995722091,100.1496015479988,false,false
500,1.0,149.70240916642013,100.02304041527992,0.629807401605575,0.07178305753564018,149.40786559277797,150.03767299438354,99.97674820598414,100.04853126351978,true,true
500,1.0,149.21862300878269,100.09638635936454,0.6088992360062946,0.07371770482426143,148.93522867191075,149.54412790791704,100.0487722739073,100.12248997873156,false,false
500,1.0,149.99489595776714,100.04898576117509,0.5024217806055731,0.07110882555795683,149.7749387240869,150.27736050469247,100.00555397621959,100.07666280177754,true,false
500,1.0,150.37583380037097,99.9835491199614,0.41176502690149164,0.07667264929051498,150.19700470094364,150.60876972784513,99.93539542084861,100.01206807013912,false,true
500,1.0,149.74724267536902,99.99261336219931,0.5377204017456734,0.07042876964958111,149.5219875765388,150.05970797828448,99.9500860474455,100.02051481709508,true,true
500,1.0,150.35669605581614,99.97258831771805,0.5602127838726005,0.07478702520843683,150.10286296793413,150.66307575180673,99.92539216969104,100.00017919489947,false,true
500,1.0,150.0935702879827,99.95769879411836,0.3537618380195795,0.07772515390583123,149.94554793023065,150.29930976825023,99.90741919124211,99.98514434514794,true,false
500,1.0,149.77284366249506,99.96206471299115,0.5090356901941959,0.07606377806810372,149.5424259978394,150.05146168803358,99.91313558023373,99.98919935830183,true,false
500,1.0,150.76734785239478,100.01485044045285,0.5980440648593515,0.07148577682794155,150.4972018562327,151.09524592109204,99.9694071848917,100.04089296171963,false,true
500,1.0,149.8416254493946,100.0129196242691,0.5359165132658177,0.06909390953137517,149.6017827558291,150.13769926909492,99.96997701523254,100.03907092476392,true,true
500,1.0,149.76115321755105,100.03314865566614,0.6879097452431324,0.07089915566274385,149.43100237130193,150.11891211654506,99.9890450468005,100.05994420246324,true,true
500,1.0,150.00462056780165,99.95680148518096,0.5713630073635159,0.07713370195330072,149.74261701252613,150.31398001988964,99.9084304435145,99.9855641454678,true,false
500,1.0,149.89263474413022,100.03456376044336,0.5218316042208357,0.07212007050470959,149.65129063948183,150.17312224370266,99.98953941541589,100.0616594859206,true,true
500,1.0,149.9406862964883,100.0820896861912,0.555523152717285,0.07696023684448505,149.7009482278533,150.2564713805706,100.03420632965175,100.11116656649624,true,false
500,1.0,149.54502566332621,100.10000562077931,0.5233712181859005,0.06858729824756438,149.31888267122247,149.84225388940837,100.05718808847936,100.12577538672693,false,false
500,1.0,149.71761653571173,99.98001091008953,0.47618103479962315,0.0750287545826751,149.5115155320644,149.98769656686403,99.93333749518231,100.00836624976499,false,true
500,1.0,149.42279067394497,100.25268746583134,0.5520643102969984,0.0693814339578438,149.17323648362702,149.72530079392402,100.20876033106383,100.27814176502167,false,false
500,1.0,150.05534838383318,99.99854668293199,0.5827724111187251,0.07118417461873605,149.8015145444459,150.38428695556462,99.95348630310197,100.0246704777207,true,true
500,1.0,150.12829758830316,99.98769110726073,0.5303703774600876,0.07247425438444566,149.8963494117817,150.4267197892418,99.94242230613877,100.01489656052321,true,true
500,1.0,149.5107955078351,99.99304955225263,0.508162327681049,0.07486951691635113,149.2766842256,149.78484655328106,99.945722954533,100.02059247144935,false,true
500,1.0,150.41324054275879,100.00756573001934,0.5339700671584637,0.07635780373148293,150.170716826841,150.70468689399945,99.95989142496926,100.03624922870074,false,true
500,1.0,150.2286838660828,99.97936450270183,0.5626265942792941,0.07704953709405515,149.97345362831928,150.53608022259857,99.93172603243086,100.00877556952491,true,true
500,1.0,148.96177231360767,100.03130632693399,0.6815263084380945,0.0723210446291489,148.64084153538778,149.32236784382587,99.98679000141597,100.05911104604512,false,true
500,1.0,150.31736440426374,100.01945063552128,0.5262440699744957,0.07358554547840868,150.08158948574444,150.60783355571894,99.97268350027163,100.04626904575004,false,true
500,1.0,149.7710488851576,99.98720226059119,0.5598808063840295,0.07483519144768991,149.51703609080116,150.07691689718519,99.94015200604382,100.01498719749151,true,true
500,1.0,149.85891328748298,99.99929934833887,0.4381888696795784,0.06878202943298106,149.67516267359204,150.11335154327162,99.95388579309278,100.02266782252576,true,true
500,1.0,149.79103506160465,99.99600967416441,0.4181161129481836,0.06784038436082085,149.6154796054609,150.0335957184091,99.95410499411773,100.02194537847855,true,true
500,1.0,150.22168727257235,99.99050721056105,0.428269389146692,0.07409333177569977,150.03867650087147,150.46694589001817,99.9433395460099,100.0174328777856,false,true
500,1.0,150.0640680881903,100.19005537202058,0.4754666008279571,0.07050989076080327,149.8677685100156,150.34323511084355,100.14536048829142,100.21587037905222,true,false
500,1.0,149.29052221449348,99.97321307014681,0.6571615610822903,0.07043475652761799,148.9831895419114,149.6403511029937,99.92784984007307,99.99828459660068,false,false
500,1.0,149.9256702061473,100.07092805783944,0.49708513331270865,0.07132876646052466,149.69950624432605,150.19659137763875,100.02621876350608,100.0975475299666,true,false
500,1.0,149.53462064823142,99.95757001913822,0.6910464480226324,0.07201535302257867,149.2135104290732,149.90455687709584,99.91255284858119,99.98456820160376,false,false
500,1.0,150.0520325549192,99.96952890871412,0.5664360594091704,0.0731478030628665,149.78823482515548,150.35467088456465,99.92276160648395,99.99590940954681,true,false
500,1.0,149.79403205515803,100.12819681507156,0.4836612611190958,0.07810581138268446,149.58955817300208,150.07321943412117,100.07935716208277,100.15746297346546,true,false
500,1.0,150.3387180578559,99.95704323344744,0.45440413800909596,0.07226269014589093,150.13710298027587,150.59150711828497,99.9116151010136,99.98387779115949,false,false
500,1.0,150.07235900327458,100.0074237948113,0.5193726129519121,0.0762532113671881,149.83770859757442,150.35708121052633,99.95923063001254,100.03548384137973,true,true
500,1.0,149.6799051908446,100.29174064062418,0.6216039729103215,0.07585659720034243,149.38420517003178,150.0058091429421,100.24289370951865,100.318750306719,true,false
500,1.0,150.1640907973197,100.02132060834782,0.4884295624519268,0.07307303162754408,149.93331053529812,150.42174009775005,99.97642037033074,100.04949340195829,true,true
500,1.0,150.0932108426792,99.97177875703152,0.5738120203934614,0.06831327047268587,149.84247741738014,150.4162894377736,99.9281051849848,99.99641845545749,true,false
500,1.0,149.38840861383505,99.9771805814402,0.742091816103283,0.06881086406885117,149.02425892921568,149.76635074531896,99.93439537023959,100.00320623430844,false,true
500,1.0,150.24946286585725,99.9836793794205,0.3975599412158033,0.07096923779960207,150.08502833836135,150.48258827957716,99.93741798696573,100.00838722476533,false,true
500,1.0,148.93239999837436,99.99309638529238,0.5391690440816035,0.07475311675065655,148.68978321664144,149.22895226072305,99.94691915681538,100.02167227356604,false,true
500,1.0,150.44282058537334,99.96790474008637,0.5720952166383881,0.07277682022538556,150.17943275149523,150.75152796813362,99.9214074855043,99.99418430572969,false,false
500,1.0,150.02053049611456,99.99186984934882,0.48620993131356727,0.0770579664095834,149.79829298804606,150.28450291935962,99.94204055463045,100.01909852104004,true,true
500,1.0,150.02230639568205,99.96828409739356,0.4947222681092569,0.07076345399914885,149.80115586936049,150.29587813746974,99.92315385547545,99.9939173094746,true,false
500,1.0,149.5131357936619,99.97578792482923,0.4192408833665411,0.07410018447018274,149.33402842332865,149.7532693066952,99.92927735539885,100.00337753986904,false,true
500,1.0,150.09865805077337,100.08104494012585,0.5799826717219219,0.07018752286522556,149.83482032033817,150.4148029920601,100.03729656750875,100.10748409037397,true,false
500,1.0,149.70942328772674,99.98319865743974,0.5514357036213653,0.06996746166922208,149.46098538404448,150.01242108766584,99.93925801821351,100.00922547988273,true,true
500,1.0,150.26223401335864,99.96181293823204,0.56172817960163,0.0711153218770022,150.01121349321065,150.57294167281228,99.91613407308805,99.98724939496505,false,false
500,1.0,150.17982254189405,99.98319426391346,0.5284384589712374,0.07300490064315568,149.93607223518063,150.46451069415187,99.93798932695131,100.01099422759447,true,true
500,1.0,150.14938244406076,100.04859007094308,0.6097568756648286,0.07432824332265398,149.8790116773826,150.48876855304744,100.0017363466405,100.07606458996315,true,false
500,1.0,150.48259700599783,100.02967898724734,0.5222289815398256,0.07412675895032805,150.23861554909138,150.7608445306312,99.98321062883228,100.05733738778261,false,true
500,1.0,150.19912766296505,100.00539883763594,0.5370379246404013,0.07298966078357694,149.95783173342164,150.49486965806204,99.95878074147842,100.031770402262,true,true
500,1.0,150.11490139004474,99.9663146283861,0.5017894323899554,0.07360858506142165,149.89993727636994,150.4017267087599,99.91793840655468,99.9915469916161,true,false
500,1.0,149.98866217098515,100.03280400229761,0.453759717847106,0.06818107910180515,149.79463535406882,150.24839507191592,99.99160246557095,100.05978354467275,true,true
500,1.0,150.1166684694664,99.97095063237902,0.6034711284402192,0.07351431081904991,149.83669063148017,150.4401617599204,99.9247833426612,99.99829765348025,true,false
500,1.0,150.02800174894838,100.01614571458458,0.4531253578041117,0.07710134430575977,149.8301164686539,150.283241826458,99.96658059548945,100.0436819397952,true,true
500,1.0,150.26334423854107,99.98325614503942,0.5047731236823267,0.0762670400617651,150.04003607808315,150.54480920176547,99.93574194831712,100.01200898837888,false,true
500,1.0,149.68864171638586,100.0170858389452,0.5526830031354564,0.07037003222386318,149.44875677760572,150.00143978074118,99.97306230615595,100.04343233837982,true,true
500,1.0,149.26098920863532,100.10405255600594,0.724926771515868,0.07074494299281753,148.91045331743967,149.63538008895554,100.05816622365498,100.1289111666478,false,false
500,1.0,149.2647555135776,100.02438525505235,0.5092968088929126,0.06893877426699646,149.04049489224977,149.54979170114268,99.98124388084702,100.05018265511401,false,true
500,1.0,150.3751362352371,99.99028562139371,0.4971706674725169,0.07598800178809029,150.15832245805487,150.65549312552739,99.94211701564558,100.01810501743367,false,true
500,1.0,149.63107786719064,99.9882223796377,0.6086813090543615,0.06945471567964034,149.3584790029882,149.96716031204255,99.94341660157646,100.0128713172561,false,true
500,1.0,149.40987780259545,99.96327119362182,0.7819688976331634,0.06731134177630338,149.04110424623477,149.82307314386793,99.92147923363298,99.98879057540928,false,false
500,1.0,149.36638905999968,100.11975837845273,0.6527222008845968,0.06881452525666987,149.05487796417964,149.70760016506424,100.07607883287838,100.14489335813505,false,false
500,1.0,149.9573921127589,100.0117965445617,0.4709815749608026,0.07419537273403876,149.75779138466325,150.22877295962405,99.96428218304183,100.03847755577587,true,true
500,1.0,150.0781512186117,99.98407457019971,0.5154410704992074,0.07114879461271073,149.84821348098717,150.36365455148638,99.93895776798475,100.01010656259746,true,true
500,1.0,150.09780654814227,100.0161418701957,0.44257887232606663,0.07110824496946577,149.91658583359987,150.35916470592593,99.97152090372948,100.04262914869895,true,true
500,1.0,150.3082869781591,100.1084906088612,0.39411187813766446,0.07045927830553467,150.14498933286325,150.5391012110009,100.06477112927958,100.13523040758511,false,false
500,1.0,150.04820242733183,99.97796710155379,0.4182518635034569,0.07426837417831678,149.86763862626424,150.2858904897677,99.9306784828265,100.00494685700481,true,true
500,1.0,149.81574765601763,100.05543504335631,0.6651720224902249,0.07184727550549042,149.4986823298182,150.16385435230842,100.01011404474242,100.08196132024791,true,false
500,1.0,149.50156167022683,99.96533627600893,0.6194307533646963,0.07005687792592141,149.2308670027887,149.8502977561534,99.92151825909427,99.99157513702019,false,false
500,1.0,149.02379277704603,99.96794117774358,0.6547073307650919,0.06988903351884801,148.70906755355182,149.3637748843169,99.9244845024943,99.99437353601314,false,false
500,1.0,149.92815129594754,99.99920654698943,0.5618817935751395,0.06959503844207404,149.6812177491678,150.24309954274295,99.95573188673349,100.02532692517556,true,true
500,1.0,149.69546826767197,99.95980565848122,0.6129998481056873,0.07090583582375132,149.41032500046845,150.02332484857413,99.91439756732122,99.98530340314497,true,false
500,1.0,150.11754103395003,99.99973925654163,0.43424004487869183,0.07022741041080849,149.9296407661872,150.36388081106588,99.95561315118927,100.02584056160008,true,true
500,1.0,149.4034394621682,100.10684176620636,0.6819862370991814,0.07470085994009423,149.06351475330567,149.74550099040485,100.06035367333405,100.13505453327414,false,false
500,1.0,150.36855973202262,100.0160213644381,0.5648641327656776,0.07213580733306912,150.11737960593604,150.68224373870171,99.96995266692174,100.04208847425481,false,true
500,1.0,150.41253424207497,100.02864535758587,0.48872146466050026,0.07322194869533405,150.19804136367867,150.68676282833917,99.98256973619851,100.05579168489385,false,true
500,1.0,150.2140326006832,100.05368968203733,0.5009405347798861,0.07283792281967294,149.98955181368746,150.49049234846734,100.00762054755245,100.08045847037212,true,false
500,1.0,150.30669705615983,100.03400259179631,0.3712614907434215,0.07543416375524714,150.15306519482766,150.52432668557108,99.98614298041052,100.06157714416577,false,true
500,1.0,149.97671194513572,100.05321318485873,0.3641620900234557,0.07264801496185669,149.8202264188998,150.18438850892326,100.00629947288078,100.07894748784264,true,false
500,1.0,149.23115592132024,100.12605982701416,0.6813360077122752,0.07301095445301087,148.91157096302362,149.5929069707359,100.07925301290109,100.1522639673541,false,false
500,1.0,150.19871286394562,100.0911036131669,0.5819377826840935,0.06956647896478785,149.94115650390157,150.52309428658566,100.04771647885727,100.11728295782206,true,false
500,1.0,149.7560117508529,100.01934028805931,0.6760997930587962,0.0709340669980918,149.4350045119432,150.111104305002,99.9751411785165,100.04607524551459,true,true
500,1.0,149.70479052421013,99.96887745111407,0.5919409808468572,0.07320970652982339,149.42758948878054,150.0195304696274,99.92330385967198,99.9965135662018,true,false
500,1.0,150.22346685418864,100.11653292329993,0.4749480707985754,0.07033100549381288,150.02223532448917,150.49718339528775,100.07216425597278,100.14249526146659,false,false
500,1.0,149.9983152694297,99.99084615456046,0.6507186872291868,0.07323971475928204,149.69551866289908,150.34623735012826,99.94402306859531,100.0172627833546,true,true
500,1.0,149.38736022030827,100.02118094732793,0.6402463052889402,0.07070089245340228,149.08991585693428,149.73016216222322,99.97662745814478,100.04732835059818,false,true
500,1.0,150.1534867598437,99.95745752393667,0.5248787879294241,0.07433357921397032,149.92129347717167,150.4461722651011,99.91091826958906,99.98525184880303,true,false
500,1.0,150.20969492587074,100.08239469721559,0.5479802158752136,0.07188503898584031,149.95629528762342,150.50427550349863,100.03713321457033,100.10901825355617,true,false
500,1.0,149.90915512955297,99.97477245939895,0.46031392100371704,0.06991213262313067,149.70452322320466,150.16483714420838,99.93026607425915,100.00017820688228,true,true
500,1.0,149.60927815404096,100.08119416913333,0.46680488434790846,0.07493085220771434,149.41697940662115,149.88378429096906,100.03374505164103,100.10867590384875,false,false
500,1.0,150.02386676648308,100.0212762497052,0.6145818233046896,0.0704105535087507,149.74395431689246,150.35853614019715,99.97645512132702,100.04686567483577,true,true
500,1.0,149.63602411726944,99.97939824763935,0.719253365736364,0.07671045031548829,149.29484313091618,150.01409649665254,99.93145874557413,100.00816919588962,true,true
500,1.0,150.10205274664855,100.11020066318656,0.5037113045797241,0.07529884716346658,149.89379253714708,150.3975038417268,100.06227002216201,100.13756886932548,true,false
500,1.0,148.7768976071982,100.05775276349365,0.7397001908418588,0.07276437918343959,148.4414017026303,149.18110189347215,100.01118302339121,100.08394740257465,false,false
500,1.0,150.1412739297432,100.01105894684444,0.4495198600895094,0.07803964126848939,149.94708753184443,150.39660739193394,99.96314488665718,100.04118452792567,true,true
500,1.0,149.42425426500512,99.98291859609776,0.532569665537892,0.07145274230543919,149.1851420133305,149.7177116788684,99.93792160521645,100.00937434752188,false,true
500,1.0,149.48523749592718,99.9540982417482,0.7042498124592669,0.07145889621742185,149.1610761790913,149.86532599155058,99.91002179920218,99.9814806954196,false,false
500,1.0,150.30032700264377,100.00967555686344,0.46312220183631325,0.07942608046606381,150.09895204649814,150.56207424833445,99.95968856143753,100.0391146419036,false,true
500,1.0,149.60373708949703,99.99725461039222,0.682959867894283,0.07225890965098358,149.285059081414,149.9680189493083,99.95178126943763,100.02404017908862,false,true
500,1.0,150.00146835932105,100.2015539856389,0.5436601024334209,0.07632810012849234,149.74768314818206,150.29134325061548,100.15327999066541,100.2296080907939,true,false
500,1.0,149.34792477776435,99.98241907364817,0.4935982784923283,0.0722046347234766,149.13837184787104,149.63197012636337,99.93672784945674,100.00893248418022,false,true
500,1.0,149.75031627559014,99.9923883635858,0.6126333725394204,0.07532400525812477,149.47454002368966,150.08717339622908,99.94435421770342,100.01967822296155,true,true
500,1.0,149.641460909613,100.0305549163003,0.6030623415975072,0.07324717627008681,149.37110383551052,149.97416617710803,99.98495023782169,100.05819741409178,false,true
500,1.0,150.2622014590797,99.99118830717993,0.4145933240059776,0.0688735901366897,150.07836930504817,150.49296262905415,99.94851812548126,100.01739171561795,false,true
500,1.0,149.75599704960092,99.97558071182743,0.5551027498597421,0.07039247909609969,149.50327070885973,150.05837345871947,99.93163140035466,100.00202387945076,true,true
500,1.0,150.02088871130258,100.10049639467903,0.6784125584160279,0.07244544703591771,149.70947261310505,150.38788517152108,100.05503813438513,100.12748358142105,true,false
500,1.0,149.72580709848938,99.97616932563386,0.493708152103153,0.07476799537334955,149.51196276103525,150.0056709131384,99.92916646672083,100.00393446209418,true,true
500,1.0,150.19939894583507,99.98427657634926,0.5157172314539196,0.07262594472526018,149.96357703004335,150.47929426149727,99.93876367185402,100.01138961657928,true,true
500,1.0,149.95368993083684,100.01250324581525,0.47243177206382825,0.07012939484170033,149.73874295674196,150.2111747288058,99.96812856017313,100.03825795501483,true,true
500,1.0,149.81193037290677,99.97610307714876,0.6519771390653375,0.0723257873084151,149.49763358262513,150.14961072169046,99.93019987807335,100.00252566538177,true,true
500,1.0,149.92537262318803,99.96775856887422,0.5492386753499261,0.07346189363245514,149.6751175908935,150.22435626624343,99.9218329230058,99.99529481663825,true,false
500,1.0,149.9594053209646,99.98387239899257,0.4443831744530371,0.07427136417473434,149.77839840770514,150.22278158215818,99.93671832522273,100.01098968939746,true,true
500,1.0,150.0729935310522,99.95713521680052,0.5817579025326722,0.07388714570215882,149.7998100848459,150.38156798737856,99.91192133889012,99.98580848459228,true,false
500,1.0,149.93665232762498,100.13363955096378,0.4181203932359665,0.07378412336886697,149.75848092468183,150.1766013179178,100.0860106411942,100.15979476456307,true,false
500,1.0,150.34538334378988,100.03696893668729,0.4159588689603879,0.07209626302737604,150.1638541023423,150.5798129713027,99.99141668561393,100.0635129486413,false,true
500,1.0,149.92178955063287,99.98921612774683,0.5017424418820724,0.07297307573288947,149.7016284908467,150.20337093272877,99.94372960116904,100.01670267690193,true,true
500,1.0,149.60465582698333,100.03549859193977,0.6307867864062473,0.07000337648473476,149.31036280897166,149.9411495953779,99.99059100791864,100.06059438440337,false,true
500,1.0,149.84325453900624,99.96982760735568,0.5998983297775453,0.0773120564537777,149.56356530216024,150.1634636319378,99.92221119934705,99.99952325580082,true,false
500,1.0,149.31334483954677,100.00601537313104,0.6582491736724592,0.07114914434131947,148.99844014475218,149.65668931842464,99.95993805337785,100.03108719771917,false,true
500,1.0,149.8620181779686,100.06257088300472,0.5951306401566399,0.07282009774728238,149.59580963003697,150.1909402701936,100.01610062539474,100.08892072314202,true,false
500,1.0,149.91404686047446,99.97356991075804,0.4052897290495423,0.07388847818883448,149.74401748055124,150.14930720960078,99.92516993749105,99.99905841567988,true,false
500,1.0,149.90730480787954,100.05395720240479,0.4946142691684088,0.07260541447396918,149.69134624520598,150.1859605143744,100.00812355083812,100.08072896531209,true,false
500,1.0,150.09508096874683,99.96202845571253,0.3868355589320913,0.0735408899285801,149.92932622797395,150.31616178690604,99.91472767557349,99.98826856550207,true,false
500,1.0,150.28976624463223,100.05198627134621,0.4874653867187533,0.0665441232005719,150.07572833493694,150.5631937216557,100.01056127827276,100.07710540147333,false,false
500,1.0,150.37983433394032,99.98714948496084,0.5302810433294098,0.07162016424888407,150.14108726611667,150.67136830944608,99.94237417503535,100.01399433928424,false,true
500,1.0,149.64354768827448,99.9718376436119,0.603126161199441,0.07208025791732098,149.36318600739133,149.96631216859078,99.92582379253807,99.99790405045539,false,false
500,1.0,150.1604412884331,99.97790858117483,0.4337163791419414,0.07182528086347872,149.98086122486478,150.41457760400672,99.93305074864712,100.0048760295106,true,true
500,1.0,149.61240465832688,99.97654889633682,0.5589168619510474,0.0719340374617019,149.3699268159108,149.92884367786183,99.9308954470741,100.00282948453581,false,true
500,1.0,150.10567547781434,99.9666123516546,0.3891556802223306,0.06727287419533923,149.93623304982586,150.3253887300482,99.9241166930508,99.99138956724615,true,false
500,1.0,150.39775219063134,100.0090663065952,0.6102413664298467,0.0773449879101662,150.1097023658385,150.71994373226835,99.96074028864771,100.03808527655788,false,true
500,1.0,150.16349143440613,99.99557868693024,0.4277993819098924,0.07084917803216229,149.97776961841035,150.40556900032024,99.95013935246467,100.02098853049684,true,true
500,1.0,148.97338800390014,99.99557702514463,0.6741168692117299,0.07417417480030508,148.64889642016317,149.3230132893749,99.94878253682369,100.02295671162399,false,true
500,1.0,150.2599361280922,99.9777711095278,0.5023105377471779,0.07300669604957477,150.04089382079934,150.54320435854652,99.9296392321579,100.00264592820747,false,true
500,1.0,149.94172450802313,100.01658150039614,0.5678586446132101,0.07107102506527951,149.68781831442405,150.25567695903726,99.97160109855184,100.04267212361712,true,true
500,1.0,150.09960520613475,99.98013314842206,0.6200834948952831,0.07640349292333326,149.8148653819555,150.4349488768508,99.93217625300346,100.0085797459268,true,true
500,1.0,149.2639608777675,99.96100830989573,0.7127950359680426,0.07146522595085969,148.9272139091825,149.64000894515056,99.9157405084722,99.98720573442306,false,false
500,1.0,149.4693296929734,100.10473803157575,0.53157877334678,0.07296608816490391,149.2371218472611,149.7687006206079,100.05793154069525,100.13089762886015,false,false
500,1.0,149.5553933729555,99.95421772908855,0.732150173172414,0.07317173795637189,149.2102692733318,149.9424194465042,99.90925290399687,99.98242464195324,false,false
500,1.0,150.30085422987116,100.03726553533312,0.580940256401675,0.07309404876764347,150.03502991320596,150.61597016960764,99.99083305606645,100.0639271048341,false,true
500,1.0,149.73915782502462,100.0920225976351,0.5835076577781138,0.0723973397664679,149.46906847238608,150.0525761301642,100.04633689408078,100.11873423384725,true,false
500,1.0,150.18084324000054,99.9645223298543,0.5120113261732797,0.076774546754379,149.9559921818359,150.4680035080092,99.91701864261353,99.9937931893679,true,false
500,1.0,149.5668697577387,99.95249258953197,0.6117606765834864,0.07383981422269414,149.29278702348645,149.90454770006994,99.90657488868783,99.98041470291052,false,false
500,1.0,150.21316493949723,100.04655913666798,0.45973611094609623,0.07713095551397942,150.01669456925958,150.47643068020568,99.99731146965313,100.0744424251671,false,true
500,1.0,150.55647686438832,100.01425652200983,0.5220488832447927,0.06843389583349335,150.31781711102087,150.83986599426566,99.97132786493205,100.03976176076554,false,true
500,1.0,150.43722009091755,99.96415366083485,0.6181844591620234,0.07086498711906586,150.14807390944617,150.7662583686082,99.92006078774695,99.99092577486601,false,false
500,1.0,150.0044987446119,100.00039293746873,0.42831860779142517,0.07377821138453555,149.82142772319227,150.2497463309837,99.95398026778652,100.02775847917106,true,true
500,1.0,149.4350936417355,100.07104963438314,0.6276685450953607,0.07085078818096235,149.14783607327115,149.7755046183665,100.0266495867721,100.09750037495306,false,false
500,1.0,149.7458292610171,99.96657684539994,0.6347241491602063,0.06955923588061808,149.44434064970494,150.07906479886515,99.92327051591919,99.9928297517998,true,false
500,1.0,149.9694112560385,99.99702814014205,0.6156796309670653,0.07424687048356304,149.69650076027324,150.3121803912403,99.94986205560232,100.02410892608589,true,true
500,1.0,149.43330085572404,100.00472596389875,0.5698651094937759,0.07161459632496303,149.17929668006173,149.7491617895555,99.96006290737733,100.0316775037023,false,true
500,1.0,149.4713237820622,100.09207775854418,0.6044850013237806,0.0712206171195362,149.19821209033364,149.80269709165742,100.0473772400593,100.11859785717884,false,false
500,1.0,150.20031353767044,99.98533970144489,0.5410121966305326,0.07373886202545066,149.95945233704472,150.50046453367526,99.93975546856333,100.01349433058878,true,true
500,1.0,150.1041787304647,99.97393314448061,0.441890387347172,0.07034832489263465,149.91399713176736,150.35588751911453,99.92916622216336,99.999514547056,true,false
500,1.0,149.2986568178639,100.07752791443359,0.6989064645339624,0.07049275108856534,148.97191838449027,149.67082484902423,100.03335544402658,100.10384819511515,false,false
500,1.0,150.1961855687846,100.02240637034316,0.5948096081478127,0.07402642670402315,149.92941048990127,150.52422009804908,99.97528858201912,100.04931500872314,true,true
500,1.0,149.9583905299979,100.01403388461156,0.5423354158255336,0.0690310291990528,149.71504492214137,150.2573803379669,99.97048262150507,100.03951365070412,true,true
500,1.0,149.93292872730729,99.9672318016006,0.37382578860143667,0.06959028429076852,149.7724649078813,150.14629069648274,99.92267073108059,99.99226101537135,true,false
500,1.0,149.48726912181678,100.05248819076813,0.6787030164888677,0.06962260927465991,149.17243041837844,149.8511334348673,100.00857877987858,100.07820138915324,false,false
500,1.0,150.26020080566025,99.98266283442823,0.49552651422035865,0.07197818471379946,150.0405961874334,150.53612270165377,99.93831321559063,100.01029140030442,false,true
500,1.0,149.83323791385777,100.20973540133411,0.6074863527930745,0.07727932731887677,149.5553972014608,150.16288355425388,100.16116152997861,100.23844085729749,true,false
500,1.0,149.66805233963169,99.99129077200747,0.6242736609908661,0.0735810191542896,149.38764603626788,150.01191969725875,99.94454961826152,100.01813063741581,true,true
500,1.0,149.83982283115367,99.99628984282175,0.4719191998383394,0.07380412398839553,149.6320112361018,150.10393043594013,99.94910720292359,100.02291132691198,true,true
500,1.0,150.13063513064486,100.07161973356554,0.3413348960753808,0.07391937537906301,149.98207416855593,150.3234090646313,100.02564546985258,100.09956484523164,true,false
500,1.0,149.84448622671925,99.98302585846395,0.6275857094030926,0.07268607910287983,149.555542664066,150.1831283734691,99.93704368077108,100.00972975987396,true,true
500,1.0,150.24653787330192,99.97714425252488,0.4656358232109312,0.07362053592522955,150.04653665055292,150.51217247376385,99.93017247521433,100.00379301113956,false,true
500,1.0,150.2423297903252,99.95915795823043,0.4090869080527568,0.07481770344878669,150.06553473255997,150.47462164061272,99.9125339480153,99.98735165146408,false,false
500,1.0,150.0006443926247,99.9986749632818,0.5209248803766684,0.07357707083205867,149.7735675632317,150.29449244360836,99.95272017870666,100.02629724953871,true,true
500,1.0,149.70093310221375,99.99773763939311,0.5643797003304201,0.06961994227378909,149.43883492855613,150.00321462888655,99.95254282087383,100.02216276314762,true,true
500,1.0,149.23875676155896,99.99882635751888,0.46024897157099076,0.07291087872141588,149.03181218713257,149.49206115870356,99.9524543893534,100.02536526807482,false,true
500,1.0,149.82307794473064,100.10322814181663,0.6362998021301678,0.07543357593162625,149.51957783284664,150.1558776349768,100.05434812999367,100.1297817059253,true,false
500,1.0,149.921182569459,99.98626258064265,0.6451646638462876,0.07408330290162723,149.62008382411358,150.26524848795987,99.93924083853206,100.01332414143369,true,true
500,1.0,149.48950253238522,100.06328741447284,0.6102674279181599,0.07296191469716007,149.20444203262886,149.81470946054702,100.01673439633933,100.08969631103649,false,false
500,1.0,150.1879859387347,100.00846248998118,0.39750949188379536,0.073988872629144,150.0077887485797,150.4052982404635,99.96159303313004,100.03558190575919,false,true
500,1.0,150.10484681290365,99.96068596406857,0.5447885018838576,0.07405921605936783,149.85172021908264,150.3965087209665,99.91360287714221,99.98766209320158,true,false
500,1.0,149.28944707350598,99.96821413458562,0.5799246349959617,0.06906499534800048,149.03122774690345,149.61115238189942,99.92494932216054,99.99401431750854,false,false
500,1.0,149.57419182100153,100.01751538935636,0.5518351470715004,0.07518302972032131,149.32462373261612,149.87645887968762,99.97063413883993,100.04581716856025,false,true
500,1.0,150.0421204738011,99.97255279357597,0.5069985401316615,0.0705555435010865,149.811859973827,150.31885851395867,99.92716024886224,99.99771579236332,true,false
500,1.0,150.29588547774097,100.01527147019775,0.6176903403932386,0.07785942201428497,149.99764213075977,150.615332471153,99.96474830355909,100.04260772557338,true,true
500,1.0,150.30324190251076,100.0396360689978,0.5577338425436835,0.0788830642868561,150.0596706397644,150.61740448230807,99.99114786144789,100.07003092573474,false,true
500,1.0,149.60955277237554,99.95763866148664,0.6813906330945372,0.06976498908032625,149.28172172205834,149.96311235515287,99.91402588965622,99.98379087873654,false,false
500,1.0,149.86100276704013,99.99335682419417,0.5718504381823095,0.07698153191559243,149.6036256018513,150.1754760400336,99.94538342566406,100.02236495757965,true,true
500,1.0,148.74509138991118,99.97790252383564,0.7254209108771477,0.07320294488096124,148.40387437836307,149.12929528924022,99.9309078443047,100.00411078918566,false,true
500,1.0,150.1146046254821,100.15560414823477,0.4488897355144843,0.07688383313256963,149.9218360168287,150.3707257523432,100.10808307743474,100.18496691056731,true,false
500,1.0,150.30537522776677,100.03217131880677,0.5961606029039785,0.070434634499847,150.03243683803822,150.6285974409422,99.98767340610146,100.05810804060131,false,true
500,1.0,149.05575078059377,100.02842654524008,0.6527554818183603,0.0688823860389789,148.76535408408398,149.41810956590234,99.98498347601367,100.05386586205265,false,true
500,1.0,150.06578108228,99.96511856319498,0.5059111456161816,0.07155224201919452,149.8405058834706,150.34641702908678,99.92037934000203,99.99193158202122,true,false
500,1.0,150.14156737236448,100.04382510927789,0.41392334544451614,0.06956543372525914,149.9677358505756,150.3816591960201,99.9993194126254,100.06888484635066,true,true
500,1.0,149.70001580961042,100.03051149486603,0.6342135334354282,0.07194347286906577,149.40092905066032,150.03514258409575,99.98451207547276,100.05645554834183,true,true
500,1.0,150.1030300588309,100.06542630655312,0.52621310373911,0.06981247460612394,149.87381097173093,150.40002407547004,100.02132784119821,100.09114031580434,true,false
500,1.0,150.16982578906823,99.96213607066554,0.3730879437017336,0.07408339912150552,150.00905578600867,150.3821437297104,99.91533987419515,99.98942327331666,false,false
500,1.0,148.5069796599007,99.9772824391574,0.7271322793041008,0.06561270313946466,148.16438511788596,148.89151739719006,99.93555273290175,100.00116543604122,false,true
500,1.0,149.95714816318522,99.95845206610551,0.47451683744003503,0.07248491337766438,149.75744126276982,150.23195810020985,99.9135285309214,99.98601344429906,true,false
500,1.0,150.19243153099643,100.145422129846,0.42861536847166803,0.07328406252614172,150.01122763663884,150.4398430051105,100.09929379462221,100.17257785714835,false,false
500,1.0,149.86064037699276,99.98853483036265,0.5870904513244284,0.07776790980739179,149.59747185460415,150.18456230592858,99.93845132243355,100.01621923224094,true,true
500,1.0,149.86483759123865,100.05579464042434,0.5114046152206697,0.07751279989571458,149.64249357170587,150.15389818692654,100.00806151521502,100.08557431511073,true,false
500,1.0,149.84007171761553,100.05182407490064,0.5536020455629966,0.06912237259199117,149.59356197298135,150.14716401854434,100.00865664757266,100.07777902016466,true,false
500,1.0,150.14025578821105,99.95903116427922,0.43983039251730816,0.07575096459946451,149.94646546477634,150.38629585729365,99.91159452615014,99.9873454907496,true,false
500,1.0,150.25940394119652,99.95357892208891,0.47667309117196055,0.07801312201554822,150.05924324197542,150.53591633314738,99.90504681949423,99.98305994150978,false,false
500,1.0,150.13646436404343,99.97878084593547,0.5777761871746065,0.06975765990171112,149.8770554034365,150.4548315906111,99.9346499162555,100.0044075761572,true,true
500,1.0,150.31765055904728,99.96495064082652,0.5077616200375132,0.07254035240966061,150.08079048461232,150.58855210464984,99.91736546173522,99.98990581414488,false,false
500,1.0,150.05150473657218,99.95670288749466,0.44216491031420446,0.06919588862578507,149.86029928826633,150.30246419858054,99.91328973643752,99.9824856250633,true,false
500,1.0,149.60721887986767,99.95515039548445,0.5802214405112238,0.0664620307963304,149.3442073500271,149.92442879053831,99.9148749041843,99.98133693498063,false,false
500,1.0,150.42002455168395,99.98215057244913,0.6569710218604996,0.07368243362878957,150.10807408054015,150.76504510240065,99.93471450815554,100.00839694178433,false,true
500,1.0,149.0082752227066,100.0544707676986,0.44654228360406023,0.07476359708390135,148.82669232816392,149.27323461176798,100.00787200132615,100.08263559841005,false,false
500,1.0,149.7872421533078,100.002879521261,0.5278764916211571,0.07834644353619069,149.55668437429534,150.0845608659165,99.95251690460641,100.0308633481426,true,true
500,1.0,149.6576312291952,100.01255147980257,0.5880656243646456,0.07234437021216422,149.38838378981612,149.97644941418076,99.96696314840517,100.03930751861733,false,true
500,1.0,148.5699372444504,100.133553436781,0.7721121047433712,0.0706596615784747,148.1969044964494,148.96901660119278,100.08927531283055,100.15993497440903,false,false
500,1.0,149.69754438922598,100.06401000463205,0.5210472902878109,0.0738002230147714,149.46253236318825,149.98357965347606,100.01768210744834,100.09148233046311,false,false
500,1.0,150.2028207201426,100.09182119837973,0.5886895381219972,0.0687881267271706,149.9288002244946,150.5174897626166,100.04771334343454,100.11650147016171,true,false
500,1.0,149.81730771579242,99.99216653688359,0.52279413747479,0.07180223451470624,149.58116479252152,150.1039589299963,99.94698510041378,100.01878733492849,true,true
500,1.0,150.25765023406842,99.95174273097817,0.4270966947569548,0.07444326391639322,150.08172760770606,150.508824302463,99.90614895666862,99.98059222058501,false,false
500,1.0,149.8008539705931,100.06714573457106,0.6086014307353196,0.07172687365068953,149.52598962484535,150.13459105558067,100.02144566275196,100.09317253640265,true,false
500,1.0,149.31238928721424,99.9727934664163,0.5880381099854901,0.07361452885416497,149.04668812337394,149.63472623335943,99.92526178814998,99.99887631700415,false,false
500,1.0,150.23793515365585,99.98701890384379,0.5049714327213053,0.07615050389206601,150.00646437050335,150.51143580322466,99.93768494815448,100.01383545204655,false,true
500,1.0,150.05506907350355,99.98734512118139,0.603056302881555,0.07001812592314138,149.78362355387645,150.386679856758,99.94320570705166,100.0132238329748,true,true
500,1.0,150.05677491933506,99.97122067265147,0.6173696826526509,0.07974374563819708,149.77924163401508,150.39661131666773,99.92037779947697,100.00012154511516,true,true
500,1.0,149.52297294608007,100.07254484856193,0.622840932200063,0.07158137131948195,149.23335940465637,149.85620033685643,100.0282012392752,100.09978261059469,false,false
500,1.0,150.17576270638102,100.01567760729856,0.42842764176847936,0.07301338527898338,149.98639523174936,150.41482287351783,99.97080656342919,100.04381994870818,true,true
500,1.0,149.93495447089913,99.99356504790003,0.6452980030154833,0.07287190047826186,149.6257887403192,150.27108674333468,99.9465323722426,100.01940427272086,true,true
500,1.0,150.21710200356722,99.96308819371507,0.5011738514847366,0.07078403410247347,149.9894980541613,150.49067190564602,99.91849664079541,99.98928067489788,true,false
500,1.0,150.19082099854592,99.99270422748042,0.549268889290488,0.07613830188748238,149.9491852695474,150.4984541588379,99.94370809603969,100.01984639792717,true,true
500,1.0,149.9967774990783,99.98224107195387,0.5485248894906078,0.07211923217970195,149.75589806548226,150.30442295497286,99.93777585896704,100.00989509114675,true,true
500,1.0,150.10804454285466,99.98787284997502,0.6567738960692111,0.07396399187045688,149.79883929275994,150.45561318882915,99.94098562991196,100.01494962178242,true,true
500,1.0,149.704558959113,99.96500477731425,0.5661132618048441,0.07670104592827443,149.44543607620886,150.0115493380137,99.91590663204258,99.99260767797085,true,false
500,1.0,149.6759145391228,100.09938384571936,0.6340096932624419,0.07411204155233975,149.37501499127137,150.0090246845338,100.0525245727776,100.12663661432994,true,false
500,1.0,149.0783580109785,99.95844780573363,0.7329710306576374,0.07373395946618189,148.72882978154576,149.4618008122034,99.91177968571405,99.98551364518023,false,false
500,1.0,149.93040937230228,100.08298022389931,0.61574364938636,0.07311233365382463,149.64797780226664,150.263721451653,100.03689488257113,100.11000721622496,true,false
500,1.0,150.06752705367973,99.9821545358219,0.4991016979019207,0.07323583973362702,149.84100089250765,150.34010259040957,99.93497092854517,100.0082067682788,true,true
500,1.0,150.17328646648764,100.10667244824725,0.5999080775443986,0.06818865151097953,149.90485840992767,150.50476648747207,100.06390394693156,100.13209259844254,true,false
500,1.0,150.01810072207277,99.97483255594912,0.5726369116283081,0.06905812529792854,149.7459648969375,150.3186018085658,99.93126111413085,100.00031923942878,true,true
500,1.0,150.04251595261573,99.95931269397624,0.4356005731447681,0.0710480328378651,149.86187302504848,150.29747359819325,99.91408983559711,99.98513786843498,true,false
500,1.0,149.95765026648604,100.06948429697941,0.43276989918143727,0.07459560544410238,149.77446089856835,150.2072307977498,100.02141319808109,100.0960088035252,true,false
500,1.0,149.954813350824,99.96367983773015,0.6058411963896049,0.07724905377641278,149.66823924771478,150.27408044410438,99.915577506754,99.99282656053042,true,false
500,1.0,150.186879188928,99.95525603655855,0.5000011020583202,0.07337455812796634,149.96423389115947,150.4642349932178,99.90915131450089,99.98252587262886,true,false
500,1.0,149.7673894539267,100.06889123211427,0.6581159381378257,0.07613154151466972,149.45716504420207,150.1152809823399,100.02093143678921,100.09706297830388,true,false
500,1.0,150.2326532169241,100.3311191270842,0.48222514543610373,0.0712680357937927,150.01185193201684,150.49407707745294,100.28723687699696,100.35850491279075,false,false
500,1.0,149.51140814193747,100.20976366087481,0.5565959369600932,0.06624483987805263,149.25824481864507,149.81484075560516,100.16802431174457,100.23426915162263,false,false
500,1.0,149.03961680924118,99.96168587162845,0.5965463784123699,0.07279564327753008,148.76935240052714,149.3658987789395,99.91618890932422,99.98898455260175,false,false
500,1.0,149.54378455201424,99.95731438734221,0.5353277184787544,0.07682151346084254,149.29728038199715,149.8326081004759,99.90888804363695,99.98570955709779,false,false
500,1.0,149.632716106792,99.99130501844834,0.6121800538305138,0.07225872576248094,149.3517118155622,149.9638918693927,99.94580855956423,100.01806728532671,false,true
500,1.0,150.65615315539685,99.96268282294093,0.6392407609194208,0.08145552326793393,150.365397996073,151.00463875699242,99.91043451333995,99.99189003660788,false,false
500,1.0,150.21494775628116,99.98796922859674,0.3930426933277147,0.0739465504772312,150.03463212777947,150.4276748211072,99.94123183552135,100.01517838599858,false,true
500,1.0,149.90970255553844,99.9789809285302,0.6496268819374507,0.0752093381674257,149.60891060068155,150.258537482619,99.93295077940728,100.0081601175747,true,true
500,1.0,149.706507293618,99.9810073235333,0.5369169785338386,0.07296126056560581,149.46455141189207,150.0014683904259,99.93497704832896,100.00793830889457,true,true
500,1.0,150.48408480326378,100.06093753345749,0.5655690233115251,0.06988552718013352,150.22963334959098,150.7952023729025,100.01760657579305,100.08749210297319,false,false
500,1.0,150.13429739920423,99.97735612771447,0.3874530487253196,0.07282564591129415,149.9704478718529,150.35790092057823,99.9320630666665,100.0048887125778,true,true
500,1.0,149.9028444113939,100.00162021068778,0.42294727997642667,0.06824463114566015,149.7214218374538,150.14436911743022,99.95947542849066,100.02772005963632,true,true
500,1.0,150.38350012065987,100.11502172720293,0.649357663259309,0.07677031509842891,150.08020621028774,150.72956387354705,100.0670675518642,100.14383786696263,false,false
500,1.0,150.12117142613235,100.1042021847741,0.5254208128953621,0.07455620789366435,149.88992963787993,150.4153504507753,100.05704149990072,100.13159770779438,true,false
500,1.0,150.03076834157116,100.05235526811413,0.49607549848016674,0.07697766465790323,149.80395764960625,150.3000331480864,100.00484039241341,100.08181805707132,true,false
500,1.0,150.2955706684678,100.02793532476451,0.5646075004765976,0.07638512552853172,150.0519494239994,150.616556924476,99.978916601559,100.05530172708754,false,true
500,1.0,149.60001616981202,99.96301806435841,0.549447566578209,0.0800430514047008,149.34753085428767,149.89697842086588,99.9125494593773,99.992592510782,false,false
500,1.0,150.25223779635348,100.14495810627486,0.6660974655328857,0.07403808350424868,149.9403368464254,150.60643431195828,100.09860915225754,100.17264723576179,true,false
500,1.0,149.5449721605168,100.07389885876235,0.7347572726815486,0.07193280596918328,149.19142557434435,149.9261828470259,100.02934018051212,100.1012729864813,false,false
500,1.0,150.12214635025495,99.96780152042471,0.43161720997824204,0.07374584426466413,149.94681708612262,150.37843429610086,99.92065441833527,99.99440026259994,true,false
500,1.0,150.1059532550865,100.04621136229565,0.5190345511890655,0.07450341325994714,149.85882481548197,150.37785936667103,99.99862030233055,100.0731237155905,true,true
500,1.0,149.81975678053203,100.15361650687174,0.4214958474167645,0.07181826488685772,149.638777582113,150.06027342952976,100.10789009092808,100.17970835581494,true,false
500,1.0,150.12952466598205,99.98993547153705,0.44462964960888485,0.07035470342930239,149.93776844604204,150.38239809565093,99.94545844389152,100.01581314732083,true,true
500,1.0,149.3548344873194,99.96931164118809,0.5717791638651875,0.071560112281432,149.09600866712424,149.66778783098943,99.92314551528449,99.99470562756592,false,false
500,1.0,150.22492697250516,99.97389657081104,0.5708281197501606,0.07261379593835215,149.96390515895092,150.53473327870108,99.92678053394448,99.99939432988283,true,false
500,1.0,149.57364230504177,100.06296289941281,0.5446009376828727,0.07400602264358724,149.32270578011256,149.86730671779543,100.01731958409866,100.09132560674225,false,false
500,1.0,150.45466586749365,99.99615158711805,0.5962479666440288,0.07554491479594105,150.17532296967536,150.7715709363194,99.94876608424126,100.0243109990372,false,true
500,1.0,150.15376334311168,100.03768770517449,0.4524554298356236,0.07454708384020137,149.96041778382994,150.41287321366556,99.99023803456424,100.06478511840444,true,true
500,1.0,150.25536067011748,99.9548528845219,0.550708022199359,0.07268859962896101,150.0070006621271,150.55770868432646,99.90941155205178,99.98210015168074,false,false
500,1.0,149.87046419858237,100.08394828751392,0.4155366890330754,0.07001284779120454,149.6944233761402,150.10996006517328,100.03856455959108,100.10857740738228,true,false
500,1.0,150.11445048821054,99.97396800169392,0.5841991100372184,0.07095989942118308,149.84345515143121,150.42765426146843,99.92714211402966,99.99810201345085,true,false
500,1.0,150.31177424601483,99.95657128309908,0.552574755021368,0.07631274689158829,150.05419259392417,150.60676734894554,99.9077236680063,99.98403641489789,false,false
500,1.0,150.19013579502246,100.07111421223267,0.4688134787443232,0.07017029348709514,149.98570078136368,150.454514260108,100.02690972685178,100.09708002033888,true,false
500,1.0,150.0031689567926,100.0009573933657,0.5185203195379131,0.07799137491949182,149.77893645080488,150.2974567703428,99.95176962945578,100.02976100437527,true,true
500,1.0,149.62664041406487,99.98355390865251,0.52173756767246,0.06801217615526411,149.39885697053762,149.92059453821008,99.9392985183228,100.00731069447806,false,true
500,1.0,149.66022822549348,99.96128123998992,0.6439400521560117,0.0738809692013831,149.3681700478826,150.0121101000386,99.91554190863768,99.98942287783906,true,false
500,1.0,150.41963602484842,100.00967456443513,0.6605818289354204,0.07496662557660727,150.1099314734874,150.7705133024228,99.96281889471328,100.03778552028989,false,true
500,1.0,149.43589285956128,99.99592150500962,0.5647403872765153,0.06936139550488463,149.17182172037897,149.7365621076555,99.95263145264275,100.02199284814763,false,true
500,1.0,149.4883349902958,99.96894529425923,0.6073281198350173,0.07509590334331051,149.20826293172445,149.81559105155947,99.92174333576142,99.99683923910473,false,false
500,1.0,150.02053420297977,99.99403216771121,0.36515476192849405,0.07494864039438198,149.86412880055676,150.22928356248525,99.94564375895476,100.02059239934914,true,true
500,1.0,150.17119158470166,99.97803958179571,0.5799682471599681,0.07576768545129653,149.90674299615455,150.48671124331452,99.92956943611853,100.00533712156982,true,true
500,1.0,150.3680055323731,99.96769002268482,0.5511645867772472,0.07215567100385556,150.11860510763057,150.66976969440782,99.92148172665694,99.99363739766079,false,false
500,1.0,149.5764471556516,99.95756626850032,0.5686006200612042,0.07783880367514939,149.30692529018182,149.87552591024303,99.90793517568028,99.98577397935543,false,false
500,1.0,150.4332748351862,99.98262846865954,0.5865408299247008,0.07212664244673306,150.1633795031851,150.7499203331098,99.93687081495483,100.00899745740156,false,true
500,1.0,149.33779910078437,100.00040126529792,0.5512805512150862,0.07237412203635074,149.09441851932584,149.64569907054093,99.95429622547968,100.02667034751603,false,true
500,1.0,149.4428841837815,100.01314544783227,0.6098670174747269,0.06785877129961193,149.17223091661975,149.78209793409448,99.97000675993608,100.0378655312357,false,true
500,1.0,149.6634668165411,99.9705740996122,0.5735682819515944,0.06930279063462308,149.41183689180517,149.98540517375676,99.92695121236639,99.99625400300101,false,false
500,1.0,150.27841679575232,99.96080941712472,0.42294252574379243,0.06510491254832118,150.09532799242646,150.51827051817025,99.9204801244514,99.98558503699972,false,false
500,1.0,150.38645510204844,99.95794373263881,0.5075794737286401,0.07696265811223668,150.15859382310322,150.66617329683186,99.9097636714206,99.98672632953284,false,false
500,1.0,149.54236700886014,99.9639026727012,0.5023005838418442,0.07490023403882162,149.32197740912648,149.82427799296832,99.91637098947044,99.99127122350926,false,false
500,1.0,149.39734751103657,100.0871761235799,0.5892403771810848,0.06765813760317485,149.14130090772215,149.73054128490324,100.04497008629102,100.11262822389419,false,false
500,1.0,149.67654882108891,99.96062668214792,0.6218737841634265,0.06925880553143315,149.39245091977236,150.01432470393578,99.91735127736864,99.98661008290007,true,false
500,1.0,150.11249936408228,99.9994978623562,0.460049760365564,0.077401046148168,149.9071824508788,150.36723221124436,99.95146505767434,100.02886610382251,true,true
500,1.0,149.78433556272475,99.9751803791226,0.5984147606361603,0.07290541868111688,149.5111900473721,150.10960480800827,99.92817694676421,100.00108236544533,true,true
500,1.0,149.78150258668185,99.98232577922177,0.5481279954086347,0.07726541767111428,149.5258378500503,150.07396584545893,99.93312027578244,100.01038569345356,true,true
500,1.0,150.31907659877612,99.97797299862732,0.4736952189983299,0.07112684035725181,150.10863763210523,150.58233285110356,99.93293797991798,100.00406482027523,false,true
500,1.0,149.28657456279873,99.98018800984875,0.4401940795952157,0.07114191122381897,149.092415115238,149.5326091948332,99.93617263419794,100.00731454542176,false,true
500,1.0,149.9040038129725,99.98877108398545,0.5782841657109543,0.07626288137984716,149.64195701290924,150.2202411786202,99.94051836273047,100.01678124411032,true,true
500,1.0,150.0829866709538,99.96145406407074,0.5149760219162829,0.07479940250274808,149.8565975968902,150.37157361880648,99.91437115504255,99.9891705575453,true,false
500,1.0,150.29695214955518,99.95796595552599,0.5354791047865604,0.06993371815886462,150.05398358742153,150.5894626922081,99.91507850510438,99.98501222326324,false,false
500,1.0,150.32098591935573,99.982365566338,0.4140226184380822,0.07477020990236838,150.13895800897194,150.55298062741002,99.93572863143892,100.01049884134129,false,true
500,1.0,150.1842391442386,99.95647163059832,0.341898724331287,0.07238744631716543,150.03936017959637,150.38125890392766,99.91093548447483,99.983322930792,false,false
500,1.0,150.18198364355513,100.07152188974655,0.5579318244305114,0.07802918424225425,149.93180995847206,150.48974178290257,100.02220824331187,100.10023742755412,true,false
500,1.0,150.41895681663968,100.17595116746722,0.4149373410581916,0.07203701051905398,150.23076661628494,150.64570395734313,100.13168457405332,100.20372158457238,false,false
500,1.0,149.5450386663427,100.05800290999841,0.6040645773844915,0.07248723261268708,149.26373789406838,149.86780247145288,100.0121232241036,100.08461045671629,false,false
500,1.0,150.14054299154571,99.96026763244407,0.40878297799892493,0.07544208634494964,149.96744859462564,150.37623157262456,99.91244525554718,99.98788734189213,true,false
500,1.0,149.78322593717908,99.98487336228234,0.44967742768938024,0.07254446216451527,149.584290547498,150.03396797518738,99.93885496384772,100.01139942601223,true,true
500,1.0,149.7878587917877,99.97633185360765,0.5890036510265588,0.06900216198698672,149.51693505450174,150.1059387055283,99.9337712195721,100.00277338155908,true,true
500,1.0,150.21323512990045,100.05422439892111,0.42365841778018876,0.07809163607919345,150.0338106548013,150.4574690725815,100.00342275823293,100.08151439431212,false,false
500,1.0,150.0442443498559,99.96234107934602,0.4886111527284527,0.07215708679872535,149.8229043442812,150.31151549700965,99.9179332644142,99.99009035121293,true,false
500,1.0,150.0239197057077,99.99208558451156,0.5035229515773381,0.06964112701427894,149.79514301504932,150.29866596662666,99.94868296030252,100.0183240873168,true,true
500,1.0,150.16996260581078,99.96537442920351,0.41793080507969194,0.07115778865842515,149.99165157371237,150.40958237879207,99.92015362188756,99.99131141054599,true,false
500,1.0,149.15708495908265,99.96732583133428,0.5778435071556203,0.07529115108873441,148.90106916682618,149.4789126739818,99.92015768246208,99.99544883355081,false,false
500,1.0,149.85378392382756,99.9875527650284,0.6231145219190637,0.06690883708303375,149.57615874853246,150.19927327045153,99.944438868396,100.01134770547904,true,true
500,1.0,149.5762217636401,100.01171892764422,0.6361119294490436,0.06675361189147111,149.28177224071092,149.91788417015997,99.96999825357591,100.03675186546738,false,true
500,1.0,150.07512725128828,100.1130126349046,0.6029120280965969,0.07700297417405011,149.79123057251027,150.39414260060687,100.06534338188479,100.14234635605884,true,false
500,1.0,150.26175736116454,99.96917073550466,0.5364656197142494,0.07750882444621254,150.0097660937484,150.54623171346265,99.92021147935091,99.99772030379712,false,false
500,1.0,150.21228006368753,100.0010536125863,0.41027986755022994,0.07534814109624222,150.03442789136585,150.44470775891608,99.95319731535471,100.02854545645096,false,true
500,1.0,149.72603735208529,100.09300558442385,0.4517325586670893,0.0713282816830656,149.54027185724706,149.99200441591415,100.04824958657856,100.11957786826163,false,false
500,1.0,149.62196506064566,100.00591479786132,0.4369333308490866,0.06816415434587952,149.4290490988196,149.8659824296687,99.96388370401277,100.03204785835865,false,true
500,1.0,150.13097472369847,99.9609247195446,0.701750036406338,0.07977547623940495,149.79137877552068,150.49312881192702,99.91098266522962,99.99075814146903,true,false
500,1.0,150.27764662148797,99.98458798766035,0.3745235000107243,0.0790962389403802,150.12304465521103,150.49756815522176,99.93418777207827,100.01328401101865,false,true
500,1.0,150.1680948790899,100.08426681780972,0.546791583409032,0.07304439719447942,149.92579404233996,150.472585625749,100.03924725013736,100.11229164733184,true,false
500,1.0,150.34889159963143,99.95609338001785,0.5085363527751667,0.07347529734961711,150.12192824607808,150.63046459885325,99.90977797257912,99.98325326992874,false,false
500,1.0,149.6477743973598,100.087480047536,0.4534222706825801,0.06870062128592735,149.4529672930153,149.90638956369787,100.04472340649882,100.11342402778475,false,false
500,1.0,150.03406135742068,100.05597027412108,0.4853739227341691,0.07230842081517608,149.8188720885669,150.30424601130107,100.0100640240797,100.08237244489487,true,false
500,1.0,149.72550593909773,100.03237847130018,0.4845251572636471,0.06917167901690391,149.51192074480957,149.99644590207322,99.98928441351836,100.05845609253527,false,true
500,1.0,149.48689943450853,100.08422158824216,0.6488679932274408,0.07521130596586545,149.1825956756834,149.83146366891083,100.03542962276461,100.11064092873048,false,false
500,1.0,149.28882535935168,100.16188681023976,0.6175794859786379,0.07250279856560837,149.00788061364668,149.62546009962531,100.11690523159123,100.18940803015684,false,false
500,1.0,149.579147356629,100.22404694742013,0.5545385816955104,0.07347816509116001,149.33352724762898,149.8880658293245,100.17828849876759,100.25176666385875,false,false
500,1.0,149.48132788431957,99.97937058910654,0.5297985266319358,0.07720486389098369,149.23614302480973,149.76594155144167,99.92845086522163,100.00565572911262,false,true
500,1.0,149.69136378187343,100.03047252856983,0.647967881515541,0.07251277095782882,149.39029288714352,150.03826076865906,99.98515509973554,100.05766787069336,true,true
500,1.0,148.74864182382032,99.98644754155903,0.705495830920313,0.07105751015191686,148.42310522417893,149.12860105509924,99.94099461964714,100.01205212979906,false,true
500,1.0,150.22173305251334,100.0860714152792,0.47321343131255844,0.07096558524861507,150.0165707656664,150.48978419697895,100.04166407168974,100.11262965693835,false,false
500,1.0,150.32530663343653,99.97542772927244,0.42313596655083074,0.07259928074297761,150.1369766494712,150.56011261602202,99.92957049573178,100.00216977647476,false,true
500,1.0,150.28765642864792,99.97499998009451,0.38537118759515465,0.06988701928453622,150.12616601352354,150.5115372011187,99.93129564344925,100.00118266273378,false,true
500,1.0,149.8766989620234,99.99292697485576,0.6482637362315984,0.0768511084507395,149.57570043552158,150.22396417175318,99.94423394729272,100.02108505574346,true,true
500,1.0,150.20889264820775,99.96402120584537,0.38797599170155195,0.0711738761926739,150.0513776463311,150.43935363803266,99.9199919849736,99.99116586116628,false,false
500,1.0,150.26694851263608,100.1576728598047,0.6241388036150397,0.0770114633358645,149.98620859352386,150.6103473971389,100.11001583702645,100.18702730036232,true,false
500,1.0,150.125747113436,99.98099700864489,0.5554500795115587,0.07502665061288383,149.86580020639977,150.42125028591133,99.93401337732635,100.00904002793924,true,true
500,1.0,150.30569011997088,100.0151371781958,0.4882799949620278,0.07672436219326073,150.09864827599438,150.5869282709564,99.96726404832171,100.04398841051497,false,true
500,1.0,150.10690167575007,99.98460014436941,0.5053029607592521,0.07503137197157628,149.8831310980545,150.38843405881374,99.93808761661477,100.01311898858634,true,true
500,1.0,149.86169653774252,99.97913905338982,0.4839119890895631,0.06881964995633894,149.6470794051324,150.13099139422195,99.93549889831795,100.00431854827428,true,true
500,1.0,149.9051730211729,100.09781316175628,0.5550464366869505,0.07564844199220033,149.65373093383892,150.20877737052587,100.04915886652918,100.12480730852138,true,false
500,1.0,149.6155186295552,99.97745059274888,0.5926238168673592,0.0763599402961006,149.34416926034842,149.93679307721578,99.92901383785824,100.00537377815434,false,true
500,1.0,150.11354514269115,100.07908058652316,0.42678814673544707,0.06594111169360417,149.92849655674058,150.35528470347603,100.03767592160614,100.10361703329974,true,false
500,1.0,149.49883905735038,99.96586204032846,0.6348932383526744,0.06978544283231258,149.20163664964377,149.83652988799645,99.9219391975904,99.99172464042272,false,false
500,1.0,149.48147861030338,100.07610016465043,0.6641043845734202,0.07220010370051,149.167212618182,149.8313170027554,100.02921277395899,100.1014128776595,false,false
500,1.0,149.7771696267705,99.99113999087862,0.40033393031774267,0.07198791266566218,149.61046798450906,150.0108019148268,99.94616464223569,100.01815255490135,true,true
500,1.0,150.2783096238981,99.99409147147006,0.47512002494417516,0.07953929307271324,150.07148285073546,150.54660287567964,99.9436098901163,100.02314918318902,false,true
500,1.0,150.52469046326058,99.98167371898732,0.5882946071308766,0.07014416590202188,150.2596857993064,150.84798040643727,99.93764079130175,100.00778495720377,false,true
500,1.0,150.02350455501562,100.01517764677949,0.471421966138621,0.06854242217566764,149.8161194688835,150.28754143502212,99.97250280191771,100.04104522409338,true,true
500,1.0,149.3770750705135,100.05201775160145,0.597009798923466,0.07198455592931907,149.09824091574978,149.69525071467325,100.00656978761242,100.07855434354174,false,false
500,1.0,150.00743488611033,100.07558386269379,0.4718858199347835,0.07123180957219688,149.79923203292697,150.27111785286175,100.0306706800798,100.10190248965199,true,false
500,1.0,149.55119672601143,99.99159878149786,0.6067437888854954,0.07667592822464542,149.27410477044117,149.88084855932667,99.94349474123187,100.02017066945652,false,true
500,1.0,149.7359866739509,99.997642664789,0.5414617038208291,0.07520709699311112,149.48691022957158,150.0283719333924,99.94914238415855,100.02434948115166,true,true
500,1.0,150.18109712944516,99.95920463415553,0.46645451866899634,0.06876780994080889,149.9850436236497,150.45149814231868,99.91667850846541,99.98544631840622,true,false
500,1.0,150.24425256352447,99.96006291614168,0.4939407174971677,0.07300028199514941,150.031743073686,150.52568379118316,99.91344460887537,99.98644489087052,false,false
500,1.0,150.06579579165867,99.95351882591538,0.539108237010538,0.07350486721523453,149.81990841812797,150.3590166551385,99.9081293076874,99.98163417490264,true,false
500,1.0,149.72190461750876,99.9631906771437,0.660612191967914,0.0723448998638645,149.40819043455167,150.06880262651958,99.91729394898069,99.98963884884455,true,false
500,1.0,150.02512653157078,100.16270506185623,0.5072658406483299,0.07293143594384333,149.80057462455596,150.3078404652043,100.11669719342893,100.18962862937278,true,false
500,1.0,149.69193700288804,100.16086488832735,0.6539238549926552,0.07360654658194221,149.38749983781915,150.0414236928118,100.11415512502518,100.18776167160712,true,false
500,1.0,150.09330065380237,99.96621753961472,0.565827780713704,0.07270236635139327,149.83362717324454,150.39945495395824,99.92059452150194,99.99329688785333,true,false
500,1.0,150.0833850319724,100.06765875219847,0.36092477731043004,0.06925474235158902,149.93300870789415,150.29393348520458,100.02369979823708,100.09295454058866,true,false
500,1.0,150.39420019443838,100.05363719487235,0.4959725925116061,0.075415879323387,150.17860782553979,150.6745804180514,100.00617045964593,100.08158633896932,false,false
500,1.0,150.24950933642356,99.98890796856205,0.5396827729201448,0.07448170270124876,150.00235834882693,150.54204112174708,99.94249237516664,100.01697407786789,false,true
500,1.0,149.51230765750665,100.12976002254823,0.6087917014716027,0.07694802397156764,149.24765368061594,149.85644538208754,100.08072283834889,100.15767086232046,false,false
500,1.0,149.8041718410215,100.09844335038379,0.7166466667574127,0.07192810448202636,149.47007713128153,150.18672379803894,100.05322858284333,100.12515668732536,true,false
500,1.0,149.0236508796653,99.95937918087876,0.5521892906822075,0.0673601744660175,148.77840348812578,149.33059277880798,99.91660289863941,99.98396307310543,false,false
500,1.0,149.80809325608197,100.00537024810164,0.5577615790928405,0.0685303999688216,149.56019076757988,150.11795234667272,99.96244415355866,100.03097455352749,true,true
500,1.0,150.28603303801034,99.97616998745983,0.46589522899083136,0.07232030149648949,150.08618865553612,150.55208388452695,99.93141668742174,100.00373698891823,false,true
500,1.0,150.04696410663593,99.96897008225817,0.5250878420944218,0.0735261888384997,149.81277696153572,150.33786480363014,99.92299432257272,99.99652051141122,true,false
500,1.0,150.086252851298,100.02911546558305,0.48153853133374014,0.07513362145813574,149.87581823111037,150.3573567624441,99.98102045154187,100.056154073,true,true
500,1.0,150.2453868586923,99.9601793834247,0.4415833184421274,0.07098603690110394,150.06226261955857,150.5038459380007,99.91644807349155,99.98743411039266,false,false
500,1.0,149.94725183411205,100.07078011280399,0.5042527044060705,0.07267125514843542,149.7329373100499,150.23719001445596,100.02525984585819,100.09793110100662,true,false
500,1.0,150.04539539215546,99.96652578226264,0.49268875562705716,0.06923112530810727,149.82778872400218,150.32047747962923,99.92305250370504,99.99228362901314,true,false
500,1.0,149.70570204487552,99.98022407110962,0.6349810065804888,0.07429864192909008,149.4120939019139,150.04707490849438,99.93371772474345,100.00801636667254,true,true
500,1.0,150.2785799213073,100.14534965452067,0.5582237198964322,0.07046380954096776,150.028826524384,150.58705024428042,100.10051379977105,100.17097760931202,false,false
500,1.0,150.20914444648935,99.95379788517843,0.49600100928807933,0.07707588185880354,150.00591438083023,150.5019153901183,99.90499224448715,99.98206812634595,false,false
500,1.0,149.46853470200782,99.95703789670188,0.628971121288771,0.07313918691968979,149.19607750373,149.82504862501878,99.9099207052744,99.98305989219409,false,false
500,1.0,150.3942392251509,99.95779759890907,0.46588299122947774,0.07088297627714724,150.1849379523807,150.65082094361017,99.91314392197964,99.98402689825679,false,false
500,1.0,150.02420618999022,99.96758468328517,0.5184896258089395,0.07585160801798452,149.79547753177673,150.31396715758567,99.92005619693782,99.9959078049558,true,false
500,1.0,150.39099612160268,100.0179269488079,0.5304803455840954,0.07057649093890461,150.1630423251713,150.69352267075539,99.97421898581004,100.04479547674894,false,true
500,1.0,149.57580075616698,100.03142903819645,0.6237797423368932,0.07165915073173323,149.28651012156905,149.91028986390594,99.98714016016856,100.0587993109003,false,true
500,1.0,150.39181394256718,99.97711413475955,0.5953044994489289,0.07225542701782217,150.11147311450205,150.70677761395098,99.93270814757791,100.00496357459573,false,true
500,1.0,150.25731933422315,99.96398843854622,0.5212964513955853,0.07815668254654895,150.02725843781883,150.54855488921442,99.91403434843038,99.99219103097693,false,false
500,1.0,150.16359532045004,100.11721840296201,0.476534604802481,0.07796202392597706,149.95378818703801,150.4303227918405,100.06786992323723,100.1458319471632,true,false
500,1.0,149.28302022740058,100.05316438927817,0.6691260105956189,0.07335200269719166,148.9637075993831,149.63283360997872,100.00685850466385,100.08021050736104,false,false
500,1.0,150.11143309963978,99.96190692156192,0.5995217959958552,0.07732729780205716,149.84426777734592,150.44378957334177,99.91220282483938,99.98953012264144,true,false
500,1.0,150.2140107863225,99.95548965707079,0.48601282574486504,0.06993112333690021,149.99790047720793,150.4839133029528,99.91216377037412,99.98209489371102,true,false
500,1.0,150.40560990569014,100.0191583380667,0.5622360036225018,0.08150567043044532,150.1543762490421,150.7166122526646,99.96815603334126,100.0496617037717,false,true
500,1.0,150.3449144887544,99.99643660393465,0.4751825457808536,0.07386177696652396,150.14240603081709,150.61758857659794,99.94994499730254,100.02380677426906,false,true
500,1.0,150.01778484923034,99.9569816915318,0.5180087614164108,0.07874471330322308,149.79615848592545,150.31416724734186,99.90775011225801,99.98649482556124,true,false
500,1.0,149.97244817745627,99.96995403298462,0.5854036204338797,0.07426653457093835,149.7101330341999,150.2955366546338,99.92253971497763,99.99680624954857,true,false
500,1.0,150.04280144579263,100.03773575197405,0.46347006610457697,0.07477267209502259,149.84220332573165,150.30567339183622,99.99079680919968,100.0655694812947,true,true
500,1.0,150.1732316370528,100.03718693025147,0.5080315405318458,0.07314201370702733,149.93789322349014,150.44592476402198,99.99132576326511,100.06446777697214,true,true
500,1.0,150.06134120964865,100.02516258041211,0.468893348602478,0.07386553018714892,149.86051144781572,150.3294047964182,99.97821589353396,100.0520814237211,true,true
500,1.0,149.8766669932829,99.97423171501464,0.6209128191941886,0.06637975135932095,149.60112327083993,150.22203609003412,99.93197219528565,99.99835194664497,true,false
500,1.0,148.62349269321254,100.00556474841414,0.7383065057101135,0.07346284439964279,148.28609608557542,149.02440259128554,99.9599750392172,100.03343788361684,false,true
500,1.0,149.26676882750849,100.02216111465239,0.6323359154046386,0.07208521083958885,148.9688630913435,149.60119900674815,99.97755405652396,100.04963926736355,false,true
500,1.0,149.34989700001412,100.040415622213,0.5004838562690281,0.07275360098012129,149.12853261555247,149.6290164718215,99.99514526815219,100.0678988691323,false,true
500,1.0,149.83884515070363,100.19344368642649,0.5961375112306371,0.07250981865692552,149.56383456776635,150.159972078997,100.14594417409583,100.21845399275276,true,false
500,1.0,149.48789605878184,99.96411994090181,0.6276303523910087,0.07433909972196773,149.19810410999185,149.82573446238285,99.91538213409453,99.9897212338165,false,false
500,1.0,149.90875401858983,99.96602807034226,0.6706480423066523,0.0702785990256416,149.58614161722093,150.25678965952758,99.92234774934191,99.99262634836755,true,false
500,1.0,149.87911689652753,100.01193016641456,0.5622605570640076,0.07176700857181117,149.62799678431605,150.19025734138006,99.96658962634791,100.03835663491972,true,true
500,1.0,150.47122809237808,100.27575183676247,0.546816454316712,0.0720571469276905,150.22215221235376,150.76896866667047,100.23003711411114,100.30209426103883,false,false
500,1.0,149.8295724008829,99.98231440590489,0.6399293820736602,0.07324037562960939,149.5197418254012,150.15967120747487,99.93633427250043,100.00957464813004,true,true
500,1.0,148.86582354958387,99.9697849249406,0.8596232961733961,0.07456171206661111,148.45641047758613,149.31603377375953,99.92301329842334,99.99757501048995,false,false
500,1.0,149.5802320646955,100.03687269127911,0.5905654785451873,0.07207212361186066,149.3209323981228,149.911497876668,99.99126869280795,100.06334081641981,false,true
500,1.0,150.10668737871003,99.9647604778431,0.4192990643295218,0.07574615927784123,149.92994196674968,150.3492410310792,99.91593341902421,99.99167957830205,true,false
500,1.0,150.63553042748893,100.02909989244792,0.6412514993047296,0.07312357507592537,150.33515687459047,150.9764083738952,99.98270748238434,100.05583105746027,false,true
500,1.0,149.86525529916582,100.12150122008697,0.4976725578078174,0.07497741284701931,149.64565408379022,150.14332664159804,100.07355581692303,100.14853322977005,true,false
500,1.0,149.77357281371107,100.07305428864274,0.509408530786402,0.07724693679904249,149.55419936729643,150.06360789808284,100.02392147803369,100.10116841483273,true,false
500,1.0,149.5624774984497,100.20131898376843,0.5030882203793965,0.0738836275837258,149.33783706259726,149.84092528297666,100.15434485647955,100.22822848406328,false,false
500,1.0,150.32158153466733,100.06175421432734,0.3825943302029202,0.07536025602747998,150.15384399083547,150.5364383210384,100.01413269385198,100.08949294987946,false,false
500,1.0,149.84530511155543,100.29906866604301,0.4461463326739761,0.0743377542709851,149.6500423699849,150.09618870265888,100.25169831170874,100.32603606597972,true,false
500,1.0,150.51145969154385,100.06309521006139,0.5606766315792413,0.07297984744090513,150.2556660528445,150.81634268442374,100.01691587051035,100.08989571795125,false,false
500,1.0,150.11371109557606,99.95893946811664,0.49213853255832873,0.07115783021910715,149.8841157868404,150.37625431939873,99.91490710427328,99.98606493449239,true,false
500,1.0,150.12631881543763,99.96367429638258,0.3944626916389211,0.07032765222814419,149.9554611116768,150.34992380331573,99.91911244194738,99.98944009417552,true,false
500,1.0,148.86813739505854,99.96565447447996,0.6813229388203865,0.07137789200287159,148.55321688379632,149.2345398226167,99.92028037121774,99.99165826322061,false,false
500,1.0,149.03180023120098,100.02155038548807,0.733864633093674,0.06675540328211582,148.68578723634892,149.4196518694426,99.98010995200138,100.0468653552835,false,true
500,1.0,150.36958511453741,99.99016623686548,0.6047021802960444,0.07424611624928446,150.0955270663398,150.70022924663584,99.94300069003961,100.0172468062889,false,true
500,1.0,150.18026022909302,99.95716366373443,0.3575142604556447,0.07854589389441458,150.02245717853967,150.3799714389953,99.90753497142856,99.98608086532298,false,false
500,1.0,150.3166238908707,100.00553539914074,0.4355366146386359,0.06663833586452483,150.12989459592183,150.56543121056046,99.96344916465992,100.03008750052444,false,true
500,1.0,149.76330105274772,100.05622110638944,0.7099536030142133,0.07277149343191525,149.41353283405167,150.12348643706588,100.00954795062665,100.08231944405857,true,false
500,1.0,150.10977408883835,100.00364660289804,0.3643446437418163,0.07041680936370653,149.95886890104447,150.32321354478628,99.959137805774,100.02955461513771,true,true
500,1.0,150.03106134108492,100.00699046197724,0.6153831905745903,0.07422687417125928,149.74457848379615,150.35996167437074,99.9615892766214,100.03581615079266,true,true
500,1.0,149.98576830863914,100.0024576256803,0.6127279882445009,0.06724446621920777,149.70425996432502,150.31698795256952,99.96058381742175,100.02782828364096,true,true
500,1.0,150.09490324756064,99.99081568387548,0.5604607745194699,0.07225375244513543,149.84220220828007,150.40266298279954,99.94528146191347,100.0175352143586,true,true
500,1.0,150.0835747735714,100.0646941402039,0.48524506572201176,0.07112735560114913,149.87323796871644,150.35848303443845,100.01943896657252,100.09056632217367,true,false
500,1.0,150.0588673067212,100.10324269409907,0.6083830193322513,0.0746729366378247,149.7771453820122,150.38552840134446,100.05622258925379,100.13089552589162,true,false
500,1.0,150.51413461362785,99.96770847585259,0.5451792252708287,0.07774787261382698,150.26845873040241,150.81363795567324,99.9186524663746,99.99640033898842,false,false
500,1.0,149.81757407183966,100.1498418850843,0.4430887816618565,0.07109607759312553,149.62616901021445,150.0692577918763,100.10573639376835,100.17683247136148,true,false
500,1.0,149.62379292432485,99.99895332526796,0.6056391716771259,0.07116347306597959,149.34483661507724,149.95047578675437,99.95404155910349,100.02520503216947,false,true
500,1.0,149.52078244273872,99.99935318214895,0.5150557393352528,0.07385300916209303,149.29652694122566,149.81158268056092,99.95354269786148,100.02739570702357,false,true
500,1.0,149.50937484930856,100.00206615948329,0.5985260287180836,0.07138430275016105,149.2204805896394,149.8190066183575,99.95699985362523,100.0283841563754,false,true
500,1.0,149.61517265733687,100.01060575911467,0.6485942579514301,0.07316258722647717,149.32150090641858,149.97009516437,99.9643008057637,100.03746339299018,false,true
500,1.0,149.8569648493841,100.04139855609057,0.5503534928097906,0.06762029110686285,149.6105630105833,150.16091650339308,99.99870378316504,100.0663240742719,true,true
500,1.0,149.71969798506126,99.9979922902495,0.5235596076759066,0.07591314628746204,149.47574459210756,149.99930419978347,99.95009102634604,100.0260041726335,false,true
500,1.0,149.49098991567473,99.9539629809874,0.7348897815193141,0.0731170981982956,149.14922365985467,149.88411344137398,99.90929443766606,99.98241153586436,false,false
500,1.0,149.9077243113062,100.15845347264312,0.535935325164445,0.0773235049384482,149.67506033845123,150.21099566361568,100.1093285822783,100.18665208721674,true,false
500,1.0,150.16645477884254,100.0791412186774,0.5112044264090798,0.07625278755531895,149.94649587239059,150.45770029879967,100.03054230315348,100.1067950907088,true,false
500,1.0,150.3862194453812,100.07043818575579,0.43616670619678644,0.07268043685255066,150.18865379726984,150.62482050346662,100.02508365394773,100.09776409080028,false,false
500,1.0,149.3164732984281,99.97782752669343,0.6527215969398128,0.07038157440308623,149.0035718625563,149.6562934594961,99.93368184168857,100.00406341609165,false,true
500,1.0,150.27497167741035,100.02462230274199,0.4055119769987243,0.07340777887435479,150.1064282237045,150.51194020070324,99.97865648063184,100.0520642595062,false,true
500,1.0,150.24633814347595,99.983114819397,0.4886344972813106,0.07260590476647621,150.03618644176433,150.52482093904564,99.93757005786314,100.01017596262962,false,true
500,1.0,150.08437590371307,99.98159869900857,0.600221082546085,0.07458884201420801,149.81940938278092,150.419630465327,99.93420683139257,100.00879567340678,true,true
500,1.0,150.13530479402579,99.95764865498236,0.5309504548069128,0.0729744905197407,149.89663558906517,150.42758604387208,99.91030690511985,99.9832813956396,true,false
500,1.0,150.2071611502302,99.98753688667438,0.48294769039890184,0.07625760615059107,149.99819999717263,150.48114768757154,99.93977262796943,100.01603023412002,true,true
500,1.0,149.6813955244226,100.00425785815418,0.7061192691177496,0.07643516135183859,149.3453323628497,150.05145163196744,99.95675912373044,100.03319428508227,true,true
500,1.0,149.75086231082517,100.02605294969854,0.5038316749423757,0.07139254876393863,149.52003938734947,150.02387106229185,99.98057418321604,100.05196673197997,true,true
500,1.0,150.0251445561077,100.1722495955459,0.5832834927503541,0.07659132468468499,149.76710167255885,150.3503851653092,100.12504211634061,100.2016334410253,true,false
500,1.0,150.02364630327565,99.97313493390871,0.618135108266813,0.06799562723855956,149.73144021230632,150.34957532057314,99.9299101375588,99.99790576479737,true,false
500,1.0,149.28041308079088,99.96981690477523,0.6353883131629345,0.0713014760884505,148.9817943145129,149.61718262767585,99.92517194280198,99.99647341889043,false,false
500,1.0,150.38403236627317,100.16104785277693,0.43623966259585245,0.07613521773789955,150.19186784532658,150.62810750792244,100.11354142463729,100.18967664237519,false,false
500,1.0,149.96310501809654,99.98290611292552,0.5278530537899258,0.07269995934910867,149.7261051126694,150.2539581664593,99.93833953745427,100.01103949680338,true,true
500,1.0,149.9164386173253,100.02928981683517,0.5035491798117562,0.07493579883724522,149.69855184626817,150.20210102607993,99.98076719311682,100.05570299195406,true,true
500,1.0,150.0434368530452,99.9935699774862,0.47920936802606207,0.07004949103354363,149.82682825350943,150.3060376215355,99.94882676474762,100.01887625578117,true,true
500,1.0,149.66197617665705,100.1006344380493,0.5051655504572636,0.068998832403949,149.43763960618003,149.9428051566373,100.05789143412336,100.12689026652731,false,false
500,1.0,150.30093576117946,100.08018467487433,0.5366314360684044,0.07334447949726552,150.05945367666965,150.59608511273805,100.03335837508043,100.10670285457769,false,false
500,1.0,150.25878639358146,100.11918958145066,0.542853665051581,0.06885686477539821,150.015986517401,150.55884018245257,100.0770813328061,100.1459381975815,false,false
500,1.0,149.18214832831734,100.02466037960107,0.6492436779047921,0.06821958453815569,148.88245195533725,149.53169563324204,99.98154679485306,100.04976637939122,false,true
500,1.0,150.10212918458927,99.95533620343573,0.36840273304292737,0.07353922615652664,149.95191112962573,150.32031386266866,99.90958384240014,99.98312306855667,true,false
500,1.0,150.51978998014758,99.98764196575152,0.5095261977155019,0.07111836495488433,150.28610854921644,150.79563474693194,99.94237901554388,100.01349738049876,false,true
500,1.0,149.6495542066555,100.00404260140493,0.6173814123479815,0.0716120466079957,149.36112551392182,149.9785069262698,99.95834116711164,100.02995321371964,false,true
500,1.0,149.97669039264204,100.01259525711328,0.4341799362495067,0.07154314826901498,149.7877118653672,150.22189180161672,99.9666206421839,100.03816379045291,true,true
500,1.0,149.49651496355506,99.96374407287368,0.6710054959693821,0.07060936418297104,149.18242138791803,149.8534268838874,99.9197390148683,99.99034837905127,false,false
500,1.0,150.12890800588713,100.1045131445651,0.39287819363113385,0.0725263279257291,149.9674990725626,150.36037726619372,100.0594527878814,100.13197911580713,true,false
500,1.0,150.0013866777558,100.10734836733025,0.415643742512259,0.07036376846573944,149.81345517392865,150.2290989164409,100.06210238473669,100.13246615320243,true,false
500,1.0,149.57870016481036,100.04423532912381,0.5674589384928765,0.07537626564008804,149.32420945664435,149.89166839513723,99.9960445950947,100.07142086073479,false,true
500,1.0,149.77281870523433,99.9877378529774,0.5011464433949584,0.07248019311253984,149.55009811808978,150.05124456148474,99.94097415186732,100.01345434497986,true,true
500,1.0,149.87921407295067,100.01234191564959,0.565607212437925,0.07379422418608783,149.62470649644777,150.1903137088857,99.96586691482999,100.03966113901608,true,true
500,1.0,149.9704664033166,99.960278136455,0.5596001809167035,0.07569678177071637,149.7124503980822,150.27205057899891,99.9115296462038,99.98722642797452,true,false
500,1.0,149.74684900886507,100.07565221159446,0.4502450871964072,0.0741353708963004,149.55686492486635,150.00711001206275,100.02830054097166,100.10243591186796,true,false
500,1.0,149.77209273988274,99.9596710491513,0.4670219570019185,0.07025354204355949,149.5602435382492,150.02726549525113,99.91608346554959,99.98633700759315,true,false
500,1.0,149.5678047106286,99.98936921951676,0.6884266595132544,0.06906846149702517,149.2474340450167,149.93586070452994,99.94584899088655,100.01491745238357,false,true
500,1.0,149.64989581808572,99.96572661069773,0.6016173054824208,0.06869453378043033,149.37104986475464,149.97266717023706,99.92369531344555,99.99238984722598,false,false
500,1.0,149.68475316639163,100.127031743586,0.5389371598049024,0.07335234081014619,149.44197702871122,149.98091418851612,100.08059499912514,100.15394733993529,false,false
500,1.0,150.19346520831232,99.98828760125342,0.41706232175198465,0.07233904248022327,150.00660997852395,150.42367230027594,99.9432759669426,100.01561500942282,false,true
500,1.0,150.14287325001703,100.14115253141496,0.5870587832377794,0.078522645276351,149.86660094587273,150.4536597291105,100.09233588240271,100.17085852767906,true,false
500,1.0,149.1195383135398,100.12116184086028,0.6381678995175832,0.07301427308105701,148.82631254217156,149.46448044168915,100.075601289104,100.14861556218506,false,false
500,1.0,150.47534019509044,100.01561136179534,0.5371342125301908,0.07149373728067587,150.22470348056544,150.76183769309563,99.97097479249531,100.04246852977599,false,true
500,1.0,150.23189661564174,99.97442536924314,0.49263407222457545,0.07487664340702338,150.02184010462253,150.5144741768471,99.92775999981033,100.00263664321736,false,true
500,1.0,149.47234530230804,99.9603064087776,0.48498252191416213,0.07318300705365743,149.24730470046637,149.73228722238053,99.91429531704537,99.98747832409903,false,false
500,1.0,150.37225249795193,99.97774461037247,0.43812685397256246,0.06791602008733832,150.17540841649398,150.61353527046654,99.93572582788615,100.00364184797348,false,true
500,1.0,150.46728936672878,99.95992663336159,0.6770847475099231,0.07243804430524392,150.14232592890573,150.81941067641566,99.91454641789224,99.98698446219748,false,false
500,1.0,149.6830961870423,100.11927125772657,0.5713987095712696,0.06755867112322278,149.41676874387045,149.98816745344172,100.07641967943931,100.14397835056253,false,false
500,1.0,149.2225805460381,99.978034361214,0.6057432177238127,0.07281018186515098,148.95446977534738,149.5602129930712,99.93263121809859,100.00544139996374,false,true
500,1.0,148.9499107895436,99.98911575775223,0.5682854508059734,0.06871518729394666,148.70137868815644,149.2696641389624,99.94692477983565,100.0156399671296,false,true
500,1.0,149.73870071086526,100.13616849743973,0.5655659083782894,0.07291974344512653,149.494133137677,150.0596990460553,100.09139840699333,100.16431815043846,true,false
500,1.0,150.07374156231066,100.029955822413,0.5104557861821206,0.06966066687672878,149.83978248345315,150.35023826963527,99.9855307667055,100.05519143358222,true,true
500,1.0,150.03014248874095,100.03080920825346,0.45496805362679993,0.07254113886037317,149.82850524292266,150.28347329654946,99.98543990597142,100.05798104483179,true,true
500,1.0,149.81935812403458,99.9605082787029,0.5362492495072502,0.07059254852416075,149.57752959732818,150.11377884683543,99.91580938473825,99.98640193326241,true,false
500,1.0,150.02620010192555,99.95890215542991,0.4916273946165859,0.07061971085198593,149.82046426608997,150.31209166070656,99.9139189026955,99.98453861354749,true,false
500,1.0,150.16738087352059,100.0084912671911,0.6373291342658263,0.07346511639293851,149.85568188727922,150.49301102154504,99.96197253685074,100.03543765324368,true,true
500,1.0,149.48831107400403,99.95661001872624,0.5941182194085002,0.07240071417400884,149.22485643944094,149.81897465884944,99.91023556878386,99.98263628295787,false,false
500,1.0,149.64604182972502,99.98006242807574,0.5812957930323819,0.07190274822697518,149.3817872681441,149.9630830611765,99.93465177743515,100.00655452566212,false,true
500,1.0,149.1779409800385,100.00254538872062,0.6211922940467787,0.06292094092178502,148.90688693010543,149.5280792241522,99.96358998503854,100.02651092596032,false,true
500,1.0,148.84317435536525,99.97380846652925,0.5293860593071429,0.07197383582243333,148.60806080660734,149.13744686591448,99.92802295428453,99.99999679010696,false,false
500,1.0,149.60028883354687,100.10035675077121,0.6556181012581703,0.07120509715889511,149.30330614161215,149.95892424287032,100.05698652515747,100.12819162231636,false,false
500,1.0,149.43193053341545,99.98783213670798,0.686480111423208,0.07616654945448431,149.11919962196407,149.80567973338728,99.93969287839504,100.01585942784952,false,true
500,1.0,149.58473093612935,99.97839863947455,0.6163683632692596,0.07041081377214198,149.29089320145965,149.9072615647289,99.9338038836641,100.00421469743624,false,true
500,1.0,150.2006395432395,100.00336783249438,0.6820958929182837,0.07382787770977473,149.88189523077435,150.56399112369263,99.95553588761751,100.02936376532729,true,true
500,1.0,149.98006022565076,100.00240724857748,0.517104911675716,0.07083740585964904,149.75617318411216,150.27327809578787,99.9576138205099,100.02845122636955,true,true
500,1.0,149.29356762439147,100.02705352648488,0.5349423863273728,0.06925031701152307,149.05128900128756,149.58623138761493,99.98320403699279,100.05245435400431,false,true
500,1.0,150.0040434630973,99.96069133729347,0.5337559454635823,0.07170830194185385,149.7679752733572,150.30173121882078,99.91634316488759,99.98805146682945,true,false
500,1.0,150.12335197063595,100.16445252780764,0.5578242073704587,0.076689080107613,149.87070390600246,150.42852811337292,100.1158832852964,100.19257236540402,true,false
500,1.0,149.02757694789412,99.98733389858774,0.734726387365157,0.07417929522353006,148.6774864675373,149.41221285490246,99.93990070077021,100.01407999599374,false,true
500,1.0,150.11491443839418,99.9686141602366,0.5486368299661137,0.07090688319458138,149.86078676830388,150.40942359827,99.92422258837951,99.99512947157409,true,false
500,1.0,150.16157664584964,99.95219023988994,0.5594940646660973,0.0716048146664292,149.91584942764433,150.47534349231043,99.90767957049978,99.97928438516621,true,false
500,1.0,150.13879807284462,99.98326153854745,0.5593051772981994,0.07628521681944278,149.89354953719646,150.45285471449466,99.934594595889,100.01087981270844,true,true
500,1.0,150.1545445030422,100.03054830246947,0.4891059055349274,0.07473899519433758,149.94143418961124,150.43054009514617,99.9832627083919,100.05800170358624,true,true
500,1.0,149.47343953097433,100.01698105018275,0.5928276280039597,0.073169723253244,149.20469532077735,149.7975229487813,99.97124188633632,100.04441160958956,false,true
500,1.0,150.30006067306803,100.22669615387062,0.3822691075399405,0.07224189524022506,150.13796810826562,150.52023721580557,100.18236351111418,100.2546054063544,false,false
500,1.0,149.7191319155338,100.0664954041564,0.6333485278399849,0.07500805443974912,149.435094979696,150.068443507536,100.01915155415546,100.0941596085952,true,false
500,1.0,149.9324516185697,100.1475216709123,0.41848466038564425,0.07194342692359612,149.75476593751128,150.17325059789692,100.101941429686,100.17388485660959,true,false
500,1.0,149.75042210552652,99.9879034117539,0.4937099732516117,0.07222311217995525,149.52623341235744,150.01994338560905,99.94235198514407,100.01457509732403,true,true
500,1.0,148.97879774703154,100.00506329765969,0.7451256285000909,0.0751715866574898,148.62585475859441,149.3709803870945,99.95700810156502,100.03217968822251,false,true
500,1.0,150.05750097426352,100.03436772618272,0.5039928444768407,0.06672466302890712,149.82890192539884,150.33289476987568,99.99324136642517,100.05996602945407,true,true
500,1.0,150.30601897508444,100.08013322593041,0.449261878131324,0.07404265460179715,150.11048190284117,150.5597437809725,100.03374573118377,100.10778838578557,false,false
500,1.0,149.11918727257085,99.96637068849235,0.5135790206347792,0.07323133435515672,148.89989686429104,149.41347588492582,99.92035318437593,99.99358451873108,false,false
500,1.0,150.34491563382,100.10225164696448,0.48085476916619996,0.07149269236334987,150.12668582601594,150.60754059518214,100.05713760712345,100.1286302994868,false,false
500,1.0,149.84562459010712,99.98931637100083,0.6254741356964075,0.07447082465775168,149.555815707334,150.1812898430304,99.9412014492578,100.01567227391556,true,true
500,1.0,150.26741777679896,99.96332794930197,0.5141611966512016,0.07609765653616307,150.0432593297292,150.5574205263804,99.91418273409504,99.9902803906312,false,false
500,1.0,149.05167788919385,100.07553307158169,0.7171854763280692,0.07396922751306079,148.7016309980318,149.41881647435986,100.0281382417943,100.10210746930736,false,false
500,1.0,149.6864492644034,99.95663657565306,0.5616062686235921,0.07111529648371118,149.43505385762188,149.99666012624547,99.91104124848204,99.98215654496575,false,false
500,1.0,150.08196997221725,99.97109380382548,0.6441100034979854,0.06972531093566658,149.7711013565911,150.41521136008907,99.92738850566292,99.99711381659858,true,false
500,1.0,149.8792879595702,100.02554385822248,0.5564278235103473,0.07007052928921098,149.62966249221316,150.1860903157235,99.98117845537183,100.05124898466104,true,true
500,1.0,150.0641208026779,99.98326970351063,0.49354312673699496,0.0794652209545319,149.84746351833576,150.34100664507275,99.9331008889275,100.01256610988203,true,true
500,1.0,149.5458707266743,99.98638066087022,0.7172910198119098,0.07277807031248074,149.20513349832174,149.92242451813365,99.94107247934969,100.01385054966217,false,true
500,1.0,150.290992935436,99.96555373990074,0.633111029071955,0.07467783077294143,149.9822303454266,150.61534137449854,99.91900293299767,99.99368076377061,true,false
500,1.0,150.21136547494612,99.97041317227597,0.44486654232613887,0.0717406879892053,150.01513426303936,150.4600008053655,99.92460681603544,99.99634750402464,false,false
500,1.0,149.9687259844934,100.0159062977657,0.6157804246453225,0.07393109229897732,149.68790516856046,150.30368559320578,99.96928580309259,100.04321689539157,true,true
500,1.0,149.8720359705473,99.97415247549186,0.555260495762326,0.07490498439362625,149.611082842452,150.16634333821432,99.92654128587631,100.00144627026994,true,true
500,1.0,149.2516754262528,100.00537238709201,0.4353665224845429,0.07265242064326571,149.06847778263145,149.503844305116,99.96006143337141,100.03271385401467,false,true
500,1.0,150.06734125394516,99.95476348976327,0.5711721009374457,0.07146031998341584,149.82138657244386,150.3925586733813,99.91003379675267,99.98149411673609,true,false
500,1.0,150.00808050747744,99.97061616946878,0.4498001625197503,0.07176765362508775,149.81399822538248,150.26379838790223,99.92545531402654,99.99722296765162,true,false
500,1.0,150.03149546840453,100.02918954503545,0.5565673102747724,0.07532742078780075,149.78386629472982,150.3404336050046,99.979322291243,100.0546497120308,true,true
500,1.0,149.81372423925524,100.1075438694383,0.4869069001376829,0.06725081030052138,149.5989741193286,150.08588101946629,100.06543753977482,100.13268835007534,true,false
500,1.0,149.7165982893378,99.95588679603395,0.5913359989012008,0.07305219624433335,149.45836014691957,150.04969614582077,99.90908216268261,99.98213435892694,true,false
500,1.0,149.72743157119154,99.99108374343555,0.5058612268153126,0.07181673444546277,149.50323313317992,150.00909435999523,99.94496917135186,100.01678590579732,true,true
500,1.0,150.02532880896956,100.0128556086247,0.5659713282818188,0.07023528752937125,149.7753021661486,150.34127349443042,99.96903091916492,100.0392662066943,true,true
500,1.0,148.37741105742498,100.03686432254808,0.7235230414904095,0.0726895392633935,148.03820184539168,148.7617248868821,99.9909987334529,100.06368827271629,false,true
500,1.0,149.77426257948116,99.96689083314615,0.4399982354464953,0.06793711568411709,149.58626308747512,150.0262613229216,99.92520217278889,99.993139288473,true,false
500,1.0,149.60946540126892,99.99101879361024,0.3961325497753023,0.07246582068982832,149.4513910508296,149.84752360060492,99.9450579274266,100.01752374811643,false,true
500,1.0,150.07301042679856,100.0173153589925,0.5622997951060711,0.07612871202076121,149.8206169921567,150.38291678726276,99.97014573202682,100.04627444404758,true,true
500,1.0,149.19862277757312,99.99132557927778,0.6500863072327263,0.0744660320467716,148.89613034248163,149.54621664971435,99.94179912267153,100.0162651547183,false,true
500,1.0,149.8270316104695,100.03581448548204,0.5857784571048796,0.07052653644373663,149.55660703530208,150.14238549240696,99.99085479882979,100.06138133527352,true,true
500,1.0,149.34524604991924,99.9839166206113,0.5196455467682028,0.07444318254877658,149.12305330014425,149.64269884691245,99.93798889131024,100.01243207385902,false,true
500,1.0,149.92682223886953,100.0384931168022,0.6267219052300277,0.0737799741590095,149.63300762405012,150.25972952928015,99.99183193482455,100.06561190898356,true,true
500,1.0,149.59522255427083,100.08708703096153,0.5347365067653698,0.06945040751362797,149.3533769581234,149.88811346488876,100.0433526537028,100.11280306121643,false,false
500,1.0,150.02203172531648,100.05195177714452,0.40391912080150405,0.07000312865665137,149.84742205605306,150.25134117685457,100.00790149380131,100.07790462245796,true,false
500,1.0,149.38709533355313,100.0425634483511,0.6576248974747898,0.07296394510785831,149.0824634926618,149.74008839013658,99.99564088293067,100.06860482803853,false,true
500,1.0,150.35676571022418,100.02462569331024,0.6009084788080372,0.0757205558489602,150.07947330499837,150.6803817838064,99.97681720354858,100.05253775939754,false,true
