ndata,sigma,theta1_median,theta2_median,theta1_iqrs,theta2_iqrs,quartiles1_1,quartiles3_1,quartiles1_2,quartiles3_2,theta1_coverage,theta2_coverage
50,20.0,152.16093646531215,101.80995969837218,3.4821016964639853,0.756339797170213,150.6854068519394,154.1675085484034,101.33571300517957,102.09205280234978,false,false
50,20.0,150.08565117857424,100.3240629145812,3.7162641302720942,0.713113241392179,148.52407476794346,152.24033889821555,99.86753687131042,100.5806501127026,true,true
50,20.0,150.04756135275656,102.21332220604796,3.421757434592564,0.6912783093025041,148.5292933840915,151.95105081868405,101.78069217275564,102.47197048205814,true,false
50,20.0,147.09517384720363,100.1271786257569,3.367349382316263,0.715321171750162,145.62001430382227,148.98736368613854,99.65688495162061,100.37220612337077,false,true
50,20.0,151.22766215243365,100.20408005373469,3.2392722561909295,0.7909406314917078,149.85750116109108,153.096773417282,99.71217651454639,100.5031171460381,true,true
50,20.0,153.1218902566025,99.58948688850873,3.4052239173078647,0.8267089705232991,151.67114063084523,155.0763645481531,99.0597801530807,99.886489123604,false,false
50,20.0,145.3135868554224,100.07173206681169,2.4740585725987785,0.6852950632424495,144.32622323288726,146.80028180548604,99.63421726118665,100.3195123244291,false,true
50,20.0,153.52587903487154,99.50903766546114,3.656003190058925,0.7917035851189667,151.94155722929884,155.59756041935776,99.00961518892518,99.80131877404415,false,false
50,20.0,153.09600358594247,99.73614377608308,3.5945583791140336,0.8094042190699042,151.506711939012,155.10127031812604,99.22885354582856,100.03825776489846,false,true
50,20.0,151.93674816268313,99.86894458863878,2.671635869485101,0.8240188341021621,150.79559059962628,153.46722646911138,99.34688626910923,100.1709051032114,false,true
50,20.0,146.8118371392563,100.7241771226023,2.31599616549542,0.6721257072259306,145.8582780839034,148.17427424939882,100.29588353177317,100.9680092389991,false,false
50,20.0,145.9051279747,99.60364424892032,2.5291294067396564,0.6508393759766165,144.88587365000922,147.41500305674887,99.20303998220675,99.85387935818336,false,false
50,20.0,147.04033427161545,99.92682234946062,3.260279488498014,0.6719245979914206,145.6759902850012,148.93626977349922,99.50097207505176,100.17289667304318,false,true
50,20.0,149.1822963342666,99.58292321977206,2.860920655286918,0.7380105780685824,148.00372375739204,150.86464441267896,99.1147218944462,99.85273247251479,true,false
50,20.0,152.17936524013209,99.9609268530528,3.471447894255988,0.8020835667691131,150.69184685960022,154.1632947538562,99.44380374123216,100.24588730800127,false,true
50,20.0,151.27364144699604,99.64118076864719,3.343071924214854,0.7870658167303759,149.8280883117709,153.17116023598575,99.14040516047018,99.92747097720056,true,false
50,20.0,148.10848839822427,100.15738034596814,3.1342369732340387,0.7369911221042003,146.78893803444285,149.9231750076769,99.67800220533258,100.41499332743678,false,true
50,20.0,149.94879850288595,99.76325172751912,3.657359373730941,0.7589910139624152,148.33184338417072,151.98920275790167,99.28720807865767,100.04619909262009,true,true
50,20.0,151.05069572223272,99.80380043524517,3.4381460444839433,0.7619043328892445,149.5962044563355,153.03435050081944,99.31944941675508,100.08135374964432,true,true
50,20.0,150.78430226621987,99.67744377027017,3.5313999060266497,0.7837255266958181,149.2464773474662,152.77787725349285,99.18119758012764,99.96492310682346,true,false
50,20.0,150.116430359541,100.74023383871864,2.734195638149828,0.7302089250898689,148.97909251712244,151.71328815527227,100.28621704892387,101.01642597401374,true,false
50,20.0,152.18739585305386,99.6885964112391,3.1530720487646704,0.7345765072204387,150.85869315164763,154.0117652004123,99.23505102410232,99.96962753132276,false,false
50,20.0,149.8623239653384,99.64678556946654,3.2522946062344147,0.7635195394701242,148.4808770233856,151.73317162962002,99.16527999630047,99.9287995357706,true,false
50,20.0,146.2342504092437,101.82951017074788,2.811288508276675,0.6826157290891359,145.01479226759443,147.8260807758711,101.39763682433882,102.08025255342795,false,false
50,20.0,149.55502096991842,100.65819911410728,2.6599981213517196,0.7501234055367831,148.42188686492685,151.08188498627857,100.17592280451913,100.92604621005592,true,false
50,20.0,149.6630090968685,99.69402468573574,3.616157691455413,0.6995639241349778,148.10309215001513,151.71924984147054,99.25945405943692,99.9590179835719,true,false
50,20.0,152.16737209211854,99.93822860231799,3.454035196728398,0.8031379905723952,150.7652325075686,154.219267704297,99.42442371779428,100.22756170836668,false,true
50,20.0,149.05998114719017,99.90560334773974,2.9156115328162286,0.7014019460862926,147.82990890918094,150.74552044199717,99.4764705254546,100.1778724715409,true,true
50,20.0,152.36497046524693,99.82688008642576,3.094253739660843,0.8073658849366012,151.05316217668312,154.14741591634396,99.3122578405881,100.1196237255247,false,true
50,20.0,151.53763381024697,100.5398395219105,2.9149125150704833,0.8747523201339931,150.31389835395086,153.22881086902134,99.97063598335731,100.8453883034913,false,true
50,20.0,148.37433775197752,101.25171406158796,2.5830050329099947,0.7136425694379369,147.2569533495239,149.8399583824339,100.8094477011068,101.52309027054474,false,false
50,20.0,152.4514552407137,99.97475318990118,3.6328578197993977,0.7494372888167788,150.8315789410262,154.4644367608256,99.48859415070163,100.23803143951841,false,true
50,20.0,145.99757444423636,99.7727077213327,3.3565392408862635,0.7040950971134237,144.55203018358074,147.908569424467,99.32383290552842,100.02792800264184,false,true
50,20.0,148.09868085009668,99.91321668536976,2.3200755768336023,0.7504996944517615,147.13734637719222,149.45742195402582,99.44103666247324,100.191536356925,false,true
50,20.0,148.0831146876128,99.87709581885525,3.3687057543822903,0.7210238242794276,146.65499969774757,150.02370545212986,99.42463793815878,100.14566176243821,true,true
50,20.0,150.9053010670681,99.58055125441098,3.84651255451044,0.7563300858411139,149.2139495703311,153.06046212484154,99.09057106907863,99.84690115491975,true,false
50,20.0,150.5298141065987,102.2078088974855,3.160826567953336,0.6919043240485081,149.15571152436428,152.31653809231761,101.78671907670675,102.47862340075525,true,false
50,20.0,148.9807071831551,99.53368470964125,3.554480933366989,0.7844761153903619,147.45722716994285,151.01170810330984,99.03111811774771,99.81559423313807,true,false
50,20.0,151.4607728103449,100.4302608729695,2.6736767850559886,0.7487300525635305,150.31569628376837,152.98937306882436,99.95687640816409,100.70560646072762,false,true
50,20.0,150.2344172143504,101.15169520791785,2.602180969139141,0.7769514020156834,149.15805854721643,151.76023951635557,100.66759447154328,101.44454587355897,true,false
50,20.0,150.6171766340788,101.60333254434475,2.597758172878031,0.7500348059629118,149.52039338632574,152.11815155920377,101.13070549735467,101.88074030331758,true,false
50,20.0,147.11506542470423,100.65255860121619,3.0618592827248676,0.7142885522589495,145.82162642741972,148.88348571014458,100.19041551703963,100.90470406929857,false,false
50,20.0,149.64844547740418,99.5195024317582,2.1029561978595837,0.7309992603471187,148.82218718685635,150.92514338471594,99.06797134076146,99.79897060110858,true,false
50,20.0,148.84312428969525,99.85156191015096,2.684646929404721,0.6875713523054685,147.70305926302834,150.38770619243306,99.41841691707297,100.10598826937844,true,true
50,20.0,153.8153982143785,99.5359220990452,3.950976982536531,0.7993739174468004,152.05148997909308,156.0024669616296,99.03200888000914,99.83138279745594,false,false
50,20.0,152.62112986675376,101.85569829378831,3.1997132849646164,0.7378011356298515,151.3196766268744,154.51938991183903,101.38408808775611,102.12188922338596,false,false
50,20.0,150.26629942432317,100.50388739185546,2.200825936027428,0.6975716454514469,149.35571906040718,151.5565449964346,100.05328794853064,100.75085959398209,true,false
50,20.0,149.9250734479533,99.69047343440333,2.3499705266361843,0.6981961069541853,148.97882709040888,151.32879761704507,99.24613664055121,99.9443327475054,true,false
50,20.0,147.5798251260814,99.86852383783454,3.0191506063383144,0.7315407192668744,146.28181352494101,149.30096413127933,99.40732495745078,100.13886567671766,false,true
50,20.0,148.98154396744337,100.52676909951938,2.8522509459033643,0.7439095014408963,147.77356980249743,150.6258207484008,100.05250125516638,100.79641075660727,true,false
50,20.0,151.14588930146934,100.20945975086,3.381991680474272,0.7325391585980583,149.65880639457507,153.04079807504934,99.74749533001322,100.48003448861128,true,true
50,20.0,146.43387096939557,100.68894531902902,2.8168368027672273,0.6738227247058433,145.30694440992391,148.12378121269114,100.275489058575,100.94931178328085,false,false
50,20.0,150.64344883275456,101.38358588927991,3.519210884585874,0.7420851157873329,149.1118039250226,152.63101480960847,100.91762535498601,101.65971047077335,true,false
50,20.0,146.59899000726114,100.23851304794107,2.577956655089622,0.7260439976420088,145.54155659428568,148.1195132493753,99.77788002436574,100.50392402200775,false,true
50,20.0,143.75154863286485,100.04437402125316,2.5684740739644667,0.6448564739790328,142.6824156993488,145.25088977331328,99.64498725215282,100.28984372613185,false,true
50,20.0,148.68801617159053,99.79718533362927,2.9520485981312277,0.7947975842630939,147.41259669229123,150.36464529042246,99.2911845801328,100.0859821643959,true,true
50,20.0,149.98091364327172,100.9060699447724,2.5828820555138066,0.754578826018033,148.941220821194,151.52410287670781,100.41887635501743,101.17345518103546,true,false
50,20.0,150.19208996573,99.93543198592775,3.3140313721453936,0.7644686272703325,148.7920026916153,152.1060340637607,99.45028524285182,100.21475387012215,true,true
50,20.0,147.33103701456707,99.90033355529235,2.9353975382169892,0.7368929694531943,146.07389038966267,149.00928792787965,99.4388677171457,100.17576068659889,false,true
50,20.0,149.81443297631677,101.35148522857284,3.140984076132952,0.7509790896832982,148.45135522645143,151.59233930258438,100.87207259788731,101.62305168757061,true,false
50,20.0,148.8740958324148,99.61931115889209,3.1994271623395036,0.7603156376192572,147.48884513975023,150.68827230208973,99.13366122998335,99.8939768676026,true,false
50,20.0,151.2683114914446,99.56023195080036,2.9384534228885855,0.7981793415751355,150.11080376493624,153.04925718782482,99.06718650028769,99.86536584186283,false,false
50,20.0,151.90575214289487,99.92169624175826,3.4435719978882275,0.8113888593484262,150.4346147212671,153.87818671915534,99.3960331698097,100.20742202915812,false,true
50,20.0,149.853359400354,99.65601831564749,2.7842296996825837,0.7437124403079025,148.7000480016206,151.48427770130317,99.18787282326628,99.93158526357418,true,false
50,20.0,150.02747501805027,99.63170894805435,2.7537827122002057,0.8111019097207048,148.95694817146128,151.71073088366148,99.1162063239297,99.92730823365041,true,false
50,20.0,149.74359965161415,99.85644663558261,2.178718905267573,0.7800417602663856,148.85816610224543,151.036885007513,99.36943593179053,100.14947769205692,true,true
50,20.0,149.42041654155278,100.17389309110715,2.509024274285707,0.7846258801402257,148.37883920286038,150.88786347714608,99.67723951134913,100.46186539148935,true,true
50,20.0,148.73709199418585,99.79748672674673,3.3177111795868655,0.6562228263259442,147.29381555905837,150.61152673864524,99.4130914734923,100.06931429981825,true,true
50,20.0,147.93190770827755,100.2469579723824,3.0716827878616755,0.7429907079795726,146.60377130228318,149.67545409014485,99.77283399879443,100.515824706774,false,true
50,20.0,150.62892209044685,99.60284315874841,2.9108513537443628,0.7224334684004106,149.4204592955229,152.33131064926727,99.14398481591304,99.86641828431345,true,false
50,20.0,146.06332945917785,100.46561625766505,3.159314345511234,0.639856199957876,144.69923145758145,147.85854580309268,100.0676195940539,100.70747579401177,false,false
50,20.0,148.06343127675456,101.41900122996492,2.9697055240470718,0.7379789097083886,146.82036304252705,149.79006856657412,100.94678451570408,101.68476342541247,false,false
50,20.0,150.4489418983831,100.2903307004558,3.0549803157022666,0.7923414255499068,149.13433136556668,152.18931168126895,99.78077221037668,100.57311363592659,true,true
50,20.0,146.80364423240854,100.60974869877438,2.3817949525937365,0.6743062854316832,145.8491150148863,148.23090996748004,100.1897012568206,100.86400754225228,false,false
50,20.0,144.56854638617818,100.11820858361375,3.073683296732014,0.6289344186851338,143.19803387392196,146.27171717065397,99.71784181410817,100.3467762327933,false,true
50,20.0,149.5272088413379,101.05183059242273,3.0648636896828236,0.7119392650864853,148.30756682917752,151.37243051886034,100.5939328435774,101.30587210866389,true,false
50,20.0,149.8644947002042,99.93688526600926,3.8546604685724333,0.7296426395317326,148.1355927521159,151.99025322068834,99.46346114678016,100.1931037863119,true,true
50,20.0,150.16866872813574,99.58385820978306,3.3551537251219656,0.7603831276304049,148.70188330255294,152.0570370276749,99.1088023329381,99.8691854605685,true,false
50,20.0,151.4343475517357,100.34392678922141,2.4049350786114587,0.8040601628684669,150.47479955696417,152.87973463557563,99.83034698452757,100.63440714739603,false,true
50,20.0,149.2529750100052,100.0126148088214,2.8512799872244727,0.7138133589122901,148.01063832574513,150.8619183129696,99.55948022444176,100.27329358335405,true,true
50,20.0,151.13559332481364,100.32333031801326,2.7528527857085408,0.7967933823879036,149.96601510532793,152.71886789103647,99.81125904669705,100.60805242908495,true,true
50,20.0,151.65153383964196,100.77683416678862,3.0389726974494806,0.7680410962942403,150.34659885948122,153.3855715569307,100.29267904648495,101.06072014277919,false,false
50,20.0,151.28325468188774,99.77291562611506,3.157676115957912,0.7378661175017669,149.97158545757227,153.1292615735302,99.31677627431043,100.0546423918122,true,true
50,20.0,147.58525527802036,100.41067021147899,2.8396608400911134,0.6819098729784656,146.43910636290693,149.27876720299804,99.97503655442847,100.65694642740694,false,true
50,20.0,145.55370283886595,101.54844945125873,2.606087565470091,0.650628591640654,144.46089014514268,147.06697771061278,101.12957601804735,101.780204609688,false,false
50,20.0,151.08958145187887,99.86783936481709,3.5205874817269773,0.7894123086196458,149.55755082662438,153.07813830835136,99.38865279628085,100.1780651049005,true,true
50,20.0,149.21130483468315,99.95014224964078,3.1316516351110693,0.7134265070770596,147.95890422599453,151.0905558611056,99.49612409143667,100.20955059851373,true,true
50,20.0,147.51854442635965,100.06777498459259,3.695621707026305,0.6922061469415155,145.85854603741893,149.55416774444524,99.62329333433465,100.31549948127616,false,true
50,20.0,147.60776105872372,100.03633885664051,2.979830510342026,0.69454566491072,146.35811812856272,149.33794863890475,99.59408827466645,100.28863393957717,false,true
50,20.0,151.9291100626632,100.37305291854375,3.536324047553336,0.7238096243690961,150.34308822333094,153.87941227088427,99.9104699187245,100.6342795430936,false,true
50,20.0,148.7755890573879,100.58939945708468,2.971375357756358,0.7457975615859596,147.502309901513,150.47368525926936,100.11929318529295,100.8650907468789,true,false
50,20.0,147.05304310113755,99.67299946003529,3.2592449351356265,0.7102053574858616,145.64465800800005,148.90390294313568,99.20912987502538,99.91933523251124,false,false
50,20.0,152.90606130303678,100.5369960485281,3.383961652709104,0.7595013378170137,151.49175386037712,154.87571551308622,100.05413861486595,100.81363995268296,false,false
50,20.0,150.74793375224567,99.64149550825228,2.349251288367782,0.7748947106096864,149.7892620643339,152.1385133527017,99.16541008074879,99.94030479135847,true,false
50,20.0,150.6865268019082,99.59803082644363,2.9632650488153445,0.7369754009959166,149.4830266433467,152.44629169216205,99.14084275342847,99.87781815442439,true,false
50,20.0,151.89130246636608,101.50575208849804,3.03825869229442,0.7031811756636017,150.559884946154,153.59814363844842,101.05828768886177,101.76146886452537,false,false
50,20.0,151.87352939643344,100.49134441843911,3.1610797668175508,0.7676216552193296,150.5164795278923,153.67755929470985,99.99120877600343,100.75883043122276,false,true
50,20.0,148.6529186494995,100.38963557968074,2.7066903578753454,0.7084844722152326,147.53063888897918,150.23732924685453,99.93606211824394,100.64454659045917,true,true
50,20.0,152.3266095882581,100.06597710374379,3.1977371799857224,0.7743821109816764,150.9880811744497,154.1858183544354,99.58491758604258,100.35929969702426,false,true
50,20.0,153.07077943529504,99.72738736466175,3.802293775928092,0.8304464692266578,151.4633237873813,155.2656175633094,99.19090585951817,100.02135232874483,false,true
50,20.0,149.64929219628775,99.95641124210366,2.9069246912669655,0.7460843812486075,148.43240359572866,151.33932828699562,99.49242903601115,100.23851341725975,true,true
50,20.0,150.68088252155889,101.36081353007359,3.0338310464063625,0.7475228133202165,149.371803642221,152.40563468862737,100.88006941889026,101.62759223221047,true,false
50,20.0,146.8049172666353,102.09137846178388,2.3269095660550363,0.6883847487047063,145.84813707543873,148.17504664149376,101.64796926699026,102.33635401569497,false,false
50,20.0,150.56950883665723,99.57937678528066,3.013648883193298,0.7988507342649882,149.3236658843699,152.33731476756319,99.07506849571031,99.8739192299753,true,false
50,20.0,147.8017636300134,99.79168340648359,3.5341654964640554,0.7193219687193277,146.24817790463558,149.78234340109964,99.33476153791601,100.05408350663534,false,true
50,20.0,146.29357518374928,100.16730043877345,2.464945663104885,0.7172755796864578,145.2920890351168,147.75703469822167,99.71035591958388,100.42763149927033,false,true
50,20.0,151.38344559376378,101.10473697849181,3.0761852921299635,0.7838455040761261,150.10145890346132,153.17764419559128,100.60706842183215,101.39091392590828,false,false
50,20.0,150.4063406110561,99.87636163111355,3.0757715974015127,0.7339137072933113,149.07784828517015,152.15361988257166,99.40911500983864,100.14302871713195,true,true
50,20.0,148.63578701849127,99.71076490460631,2.7499395231428423,0.7017077052066583,147.46827154565537,150.2182110687982,99.2733288740578,99.97503657926445,true,false
50,20.0,150.8988151984516,100.75730130269591,3.298865113501421,0.7929219433302706,149.54462670505842,152.84349181855984,100.24294711663481,101.03586905996508,true,false
50,20.0,150.11250541189003,100.75913703990993,3.3928431886226633,0.7490455346867009,148.61030433393813,152.0031475225608,100.28267407810593,101.03171961279263,true,false
50,20.0,150.97722332096743,99.64671104540848,2.9921159356263445,0.7910615380558568,149.7582623416226,152.75037827724896,99.14878513363277,99.93984667168863,true,false
50,20.0,145.74652072297954,100.50050370239062,3.231704792366486,0.6918563167618714,144.3757648076084,147.60746959997488,100.07169618588189,100.76355250264376,false,false
50,20.0,152.04836222215607,100.1642992450443,3.9336654460185514,0.7958230834903048,150.32740419722055,154.2610696432391,99.66246449530823,100.45828757879853,false,true
50,20.0,151.56070241438454,101.95139819410184,3.523806592307011,0.7916917448155232,150.03495636169507,153.55876295400208,101.45404221666476,102.24573396148028,false,false
50,20.0,148.90688984474116,101.53777002292068,2.2848022799343823,0.6935483360305454,147.96697461528274,150.25177689521712,101.10214290294654,101.79569123897708,true,false
50,20.0,149.89969528180228,100.5327877294846,3.0738595071729264,0.6912211986182939,148.53094714217195,151.60480664934488,100.10058817998708,100.79180937860538,true,false
50,20.0,148.37365691592333,101.47548189146778,2.12403333108432,0.7368025114714953,147.50359246574672,149.62762579683104,101.01487005016682,101.75167256163832,false,false
50,20.0,149.8202215299513,100.61904003052015,3.1080305621560456,0.728040342863693,148.5326689713541,151.64069953351014,100.15179128505953,100.87983162792322,true,false
50,20.0,149.6518283163102,101.39201735523315,2.7218520882579753,0.7113481952159759,148.490778184345,151.21263027260298,100.9364148171353,101.64776301235128,true,false
50,20.0,145.97383194948927,100.00541026461593,2.7791979715983643,0.6523087578306104,144.79287864226453,147.5720766138629,99.59569951351912,100.24800827134973,false,true
50,20.0,147.51248018101734,100.87803553523196,2.875192516551323,0.7594430406484634,146.2941394396354,149.1693319561867,100.39063821679044,101.1500812574389,false,false
50,20.0,150.7625956148771,100.19399842299924,3.7330781655061287,0.7466505324616008,149.18059880124736,152.91367696675348,99.72154285386041,100.46819338632201,true,true
50,20.0,150.7018146892413,99.5325561391113,3.5811648922813504,0.7811805152248752,149.06718489227674,152.6483497845581,99.03917712895624,99.82035764418112,true,false
50,20.0,152.61758314995228,100.46453296801221,3.4509543765725823,0.7772461388425853,151.13641670356796,154.58737108014054,99.97535223465182,100.75259837349441,false,true
50,20.0,152.66668471518864,99.9242343524099,3.6381630686425126,0.7840623261214859,151.10077040916855,154.73893347781106,99.42429357233922,100.20835589846071,false,true
50,20.0,149.77905324933442,99.83981601807179,2.8656441233267174,0.728927774601118,148.5126044633715,151.37824858669822,99.37302488325618,100.1019526578573,true,true
50,20.0,149.8793314752142,100.25565239006905,2.7191540822068987,0.7722795116967376,148.76431685965974,151.48347094186664,99.76033645956869,100.53261597126543,true,true
50,20.0,151.2490437949167,101.44770821701466,3.5050249294416744,0.7344317997568197,149.70285813369554,153.20788306313722,100.99034660055361,101.72477840031043,true,false
50,20.0,151.92813917747495,99.74986166177592,3.7787356109616894,0.7768566240327459,150.31496529120636,154.09370090216805,99.2620874244336,100.03894404846635,false,true
50,20.0,150.84589958849062,101.41079735611413,3.927438920278604,0.7169981584553256,149.1048802973001,153.0323192175787,100.95822338421557,101.6752215426709,true,false
50,20.0,150.75371834025594,99.6611089577061,2.462499210636082,0.7410322319846756,149.76738976864524,152.22988897928133,99.18982497000825,99.93085720199292,true,false
50,20.0,151.78629105546906,102.52818235210877,3.232618050922298,0.7477945835316149,150.41186802829407,153.64448607921636,102.05080101227581,102.79859559580743,false,false
50,20.0,151.95588997445998,101.06495045370465,3.1048603774463572,0.7412845054984984,150.6362509088152,153.74111128626157,100.60011582912283,101.34140033462133,false,false
50,20.0,147.65270933324183,99.60182550248862,2.5636634340968385,0.7675289586729122,146.56312633874614,149.12678977284298,99.11650692028361,99.88403587895652,false,false
50,20.0,150.7475873989527,101.38262599809445,3.0878002899934245,0.7009079680911015,149.48231882840614,152.57011911839956,100.94526057817382,101.64616854626492,true,false
50,20.0,153.38040489293255,99.55378447637145,3.4564000066286837,0.8168475998375726,151.87077436418443,155.3271743708131,99.03241477687546,99.84926237671303,false,false
50,20.0,147.78915906847044,100.57221824468016,2.290866576431114,0.7048596358273187,146.8005534639775,149.09142004040862,100.12003564163281,100.82489527746013,false,false
50,20.0,152.283940594453,99.73345241895458,3.0638077577138745,0.7781629283541776,150.94875942540077,154.01256718311464,99.24452742693147,100.02269035528565,false,true
50,20.0,150.21299763329597,99.76153446094271,3.0125121550331357,0.7801221022142073,148.96523498682683,151.97774714185996,99.27334410649853,100.05346620871273,true,true
50,20.0,147.11030096000437,100.44519226500954,3.422189092104219,0.6686383736785757,145.63728601172974,149.05947510383396,100.03125383860092,100.6998922122795,false,false
50,20.0,152.0668403905135,101.59691200200766,2.7401503086359185,0.7710639040257803,150.88644829174336,153.62659860037928,101.11451610015999,101.88558000418577,false,false
50,20.0,152.18018953223537,99.82385576393861,3.4169884564010147,0.7402862147264955,150.71689380363716,154.13388226003818,99.35145467358223,100.09174088830872,false,true
50,20.0,147.6643763998923,99.78849625747034,2.5744625118458657,0.6642990124933448,146.566090151345,149.14055266319087,99.37442633427244,100.03872534676579,false,true
50,20.0,150.87415807090088,100.67802369692083,2.649183388901804,0.7672226159010336,149.77338345955536,152.42256684845717,100.19198625661735,100.95920887251839,true,false
50,20.0,147.31373586849946,100.65106651490183,2.875169946883773,0.7134095338125803,146.07900883321577,148.95417878009954,100.19728521222696,100.91069474603954,false,false
50,20.0,152.56630945224123,99.51912868427895,3.1259577814024624,0.8254994756357945,151.2728429608287,154.39880074223117,99.00111573695939,99.82661521259519,false,false
50,20.0,148.58646370313613,99.94154882234248,2.6461471388489883,0.6929068834731567,147.52124875028295,150.16739588913194,99.50755050531261,100.20045738878576,true,true
50,20.0,150.7638818126003,99.95155629033192,3.5477800284310206,0.7989054495882328,149.22966134720286,152.77744137563388,99.44392075444813,100.24282620403636,true,true
50,20.0,150.6683785991832,99.544890602451,3.5020445587398115,0.7953902739775458,149.19635303208608,152.6983975908259,99.03105623482936,99.82644650880691,true,false
50,20.0,151.41028062036673,100.3374490484711,2.6650535255394345,0.7816736561347142,150.39963932385257,153.064692849392,99.853912058935,100.63558571506971,false,true
50,20.0,145.73381163778072,100.70029692446117,2.8645186084060867,0.6936542914317556,144.51253951530757,147.37705812371365,100.25746996859088,100.95112426002264,false,false
50,20.0,148.0414446568288,100.20826056819823,3.1510452346785485,0.7241400223072958,146.7360756234833,149.88712085816184,99.74311185964098,100.46725188194827,false,true
50,20.0,147.60487169791375,101.10198589155036,3.0244023611926423,0.7107502171007667,146.3749835890157,149.39938595020834,100.66272631229269,101.37347652939346,false,false
50,20.0,145.60795735888712,99.61347557490849,2.85280142451424,0.680431344655176,144.42966863359297,147.2824700581072,99.18982724034298,99.87025858499815,false,false
50,20.0,148.30786854024643,99.57953036540283,3.1764947400042445,0.7173108557577734,146.9856332140288,150.16212795403305,99.13401474831234,99.85132560407011,true,false
50,20.0,151.88668758023402,100.59211062076359,3.0421952789098157,0.7820961098536827,150.5525675878762,153.59476286678603,100.10310188922693,100.88519799908062,false,false
50,20.0,150.24111949610335,100.31959013977108,2.571128636552686,0.7576943959869027,149.20969850913914,151.78082714569183,99.83579838840699,100.59349278439389,true,true
50,20.0,148.71943612305392,99.97260027889038,2.3601174630550474,0.6819459838876867,147.79174607411517,150.15186353717021,99.55317371010393,100.23511969399162,true,true
50,20.0,147.3111906642605,100.06278685243677,3.3010015966789297,0.7391150646959801,145.831508108563,149.13250970524194,99.60080529289672,100.3399203575927,false,true
50,20.0,147.97830571229179,100.82303633439182,3.256750806393029,0.7270520600141452,146.6132875576262,149.87003836401922,100.37154074341828,101.09859280343242,false,false
50,20.0,150.40677676601962,99.86237643752582,3.228175427318746,0.7891042903431895,149.08080571784907,152.30898114516782,99.3654938147587,100.15459810510188,true,true
50,20.0,151.3300300421589,100.71957415428004,3.384104069500694,0.7156838152528167,149.8532170084035,153.2373210779042,100.27736977495677,100.99305359020958,true,false
50,20.0,151.1351144913457,99.77069188421663,2.8679784106013813,0.7676319016072313,149.93733241031083,152.8053108209122,99.28794657333286,100.05557847494009,true,true
50,20.0,148.7399287304831,99.59328627384798,3.170476288159648,0.7222521791948964,147.37787716777748,150.54835345593713,99.13081189546463,99.85306407465953,true,false
50,20.0,145.55184596931372,100.31702146614373,3.215862485258697,0.6638092635901955,144.1480709705121,147.3639334557708,99.89766588151312,100.56147514510332,false,true
50,20.0,150.96373919588962,104.24450299987667,2.492824619462283,0.7050348583213832,149.94350621042616,152.43633082988845,103.79796810330427,104.50300296162565,true,false
50,20.0,147.08499474619936,99.75719952758143,3.209529944781167,0.6844715625808391,145.69731431234177,148.90684425712294,99.31915267740821,100.00362423998905,false,true
50,20.0,153.3460038467844,100.96714465632417,3.656349227329997,0.80824239634957,151.7659377352203,155.4222869625503,100.4575206241678,101.26576302051737,false,false
50,20.0,149.1842269606496,100.5404274843134,2.954324923911429,0.8466371257959793,147.9245565913943,150.87888151530572,99.98068080706162,100.8273179328576,true,true
50,20.0,150.3194274754985,101.11906868700376,2.6976573054836877,0.6699488331463073,149.22144875503398,151.91910606051766,100.69017740683157,101.36012623997787,true,false
50,20.0,148.28819073784777,99.90287209589061,2.7213853196684,0.731341304683383,147.16610002322943,149.88748534289783,99.43994297383989,100.17128427852327,false,true
50,20.0,151.2647605410334,101.13879403166885,2.5568788857181346,0.7986977883479653,150.26393784309144,152.82081672880958,100.6305441702757,101.42924195862366,false,false
50,20.0,146.07574138733477,100.26031372784817,3.2040418107254425,0.660432496195483,144.73391637755665,147.9379581882821,99.83411300307291,100.4945454992684,false,true
50,20.0,150.20025172535492,99.76411751841007,3.048758625397568,0.7652177707879559,148.99889243703308,152.04765106243065,99.28124942744788,100.04646719823583,true,true
50,20.0,141.33983693489444,99.95787651305344,2.7486895840889076,0.6440775513019759,140.16581519458313,142.91450477867204,99.55004993138654,100.19412748268851,false,true
50,20.0,146.09033383575712,101.23893442969563,2.6203803698501815,0.696898771885003,144.9548804924751,147.57526086232528,100.7964994837591,101.49339825564411,false,false
50,20.0,146.57401193705064,100.51372204865137,3.175651733272815,0.6737328185662363,145.19308223323338,148.3687339665062,100.09677168521634,100.77050450378258,false,false
50,20.0,150.56678221692945,100.65802757856623,2.470824444231141,0.756025259767199,149.50080536391698,151.97162980814812,100.17227397389799,100.92829923366519,true,false
50,20.0,151.4665002863344,100.16830572798179,3.051527739417196,0.7122499143538619,150.1224836278825,153.1740113672997,99.72331326508228,100.43556317943614,false,true
50,20.0,151.30668924024292,99.71172573181998,2.9314081795014886,0.7689534395626083,150.07038761033667,153.00179578983816,99.22678383872139,99.995737278284,false,false
50,20.0,151.69443267817576,101.66084774661039,2.3257050365120904,0.7306420422375339,150.7562003536538,153.0819053901659,101.19771690072257,101.9283589429601,false,false
50,20.0,149.71847009494894,99.61356932908353,2.1191968678975286,0.7831713986292357,148.88544952977807,151.0046463976756,99.11953769920208,99.90270909783132,true,false
50,20.0,148.6244091267915,100.4847504478107,2.9185012912427055,0.7043232712706526,147.42832593946062,150.34682723070333,100.03078337360174,100.73510664487239,true,false
50,20.0,146.28394904897914,99.57752812318655,2.2580206790878776,0.7566481420509774,145.38479242369277,147.64281310278065,99.0940215608147,99.85066970286567,false,false
50,20.0,151.22816447180224,99.8900891640059,2.6388289201893826,0.771279796239611,150.19824333988507,152.83707226007445,99.40696469673028,100.1782444929699,false,true
50,20.0,151.74898166646608,99.70722063315395,3.1778736207938323,0.8091978564057882,150.43357664535966,153.6114502661535,99.20107013946246,100.01026799586825,false,true
50,20.0,149.38613005520358,99.80988514606521,2.804139877057196,0.7301071621925956,148.15223128865335,150.95637116571055,99.36173061289053,100.09183777508312,true,true
50,20.0,149.4394050502688,100.98557973293187,3.3205117893331817,0.6825838420439823,147.97716004071285,151.29767183004603,100.55299405050775,101.23557789255173,true,false
50,20.0,147.17364845576742,99.8724101901172,2.7368763471726822,0.7634223237057114,146.02779497492355,148.76467132209623,99.39689340246639,100.1603157261721,false,true
50,20.0,152.4397486206156,99.93727729765163,3.5907348095612974,0.7630438739275718,150.8942000375016,154.4849348470629,99.44644597473203,100.2094898486596,false,true
50,20.0,151.94834361618348,100.05865373127833,2.863992478573124,0.7227400090874312,150.79016045839757,153.6541529369707,99.60386161409434,100.32660162318177,false,true
50,20.0,149.9537257548843,100.47524887215562,3.4251840774688276,0.7498111283646409,148.4716956836994,151.89687976116824,99.99481374004817,100.74462486841281,true,true
50,20.0,150.7819652134529,99.87462818537165,2.9060645936958167,0.7513917903788041,149.5898289227301,152.49589351642592,99.39833039104782,100.14972218142663,true,true
50,20.0,152.46335310876222,99.5353193800191,3.023850232491327,0.7701466189706281,151.17320545348986,154.19705568598118,99.05532018581216,99.82546680478279,false,false
50,20.0,150.507115004865,99.61715708896286,3.319904140601267,0.7453886826584295,149.09493590236903,152.4148400429703,99.14526716349818,99.8906558461566,true,false
50,20.0,150.39397774083724,99.53738289160961,2.703733821443535,0.7893527381347951,149.2679385397371,151.97167236118062,99.03956673375843,99.82891947189323,true,false
50,20.0,145.41143818827447,100.77378468130749,2.472402016349662,0.6506324015378624,144.42684178101453,146.8992437973642,100.3575384869398,101.00817088847766,false,false
50,20.0,152.4111647388691,100.99431350283655,3.109601596071883,0.7643058286313931,151.0873849013362,154.1969864974081,100.50296746460585,101.26727329323724,false,false
50,20.0,147.86844229151825,99.62530509944148,2.6114128048521934,0.7402757693968027,146.7511748548149,149.3625876596671,99.1546334506141,99.8949092200109,false,false
50,20.0,148.77516830558613,99.76771674739916,3.877773943623737,0.7356860734914648,147.05127428962692,150.92904823325065,99.30524159329563,100.0409276667871,true,true
50,20.0,152.93476550881132,100.30476232199894,3.4531330819030472,0.8519268662689683,151.43366122729375,154.8867943091968,99.74583213345642,100.59775899972539,false,true
50,20.0,143.58292297839952,99.84612683644411,2.279362431524447,0.6023243876838649,142.6404383130926,144.91980074461705,99.47444268743101,100.07676707511487,false,true
50,20.0,150.18131221379429,101.07444408171614,2.9840990691815534,0.7357421280093064,148.88152996757879,151.86562903676034,100.60513932188215,101.34088144989146,true,false
50,20.0,148.3504814152252,100.23698225184567,3.243579804509892,0.7313794340772262,146.901051268147,150.1446310726569,99.77734252839963,100.50872196247686,true,true
50,20.0,151.02327888124125,100.20988650262585,2.9781336082629366,0.8108250515452085,149.75429941612617,152.7324330243891,99.70047035063534,100.51129540218055,true,true
50,20.0,151.46009100832066,99.5140244959328,3.3701384138768447,0.7836062051616892,150.0080064664162,153.37814488029304,99.03130130578211,99.8149075109438,false,false
50,20.0,151.75766374599917,99.70937165234201,3.092533621652393,0.7905916488772533,150.45828589759685,153.55081951924925,99.20625351767553,99.99684516655279,false,false
50,20.0,148.20961418185988,100.87707718200426,2.8603440234128357,0.692170717278799,147.02589718773024,149.88624121114307,100.44394910032818,101.13611981760698,false,false
50,20.0,151.15051976759725,99.92979465159655,2.454902570869791,0.7423349095942342,150.1858683286602,152.64077089953,99.46881635199551,100.21115126158975,false,true
50,20.0,150.87912189825917,99.52856618448527,3.0649230956631754,0.800288462922623,149.60406801090792,152.6689911065711,99.02264328470552,99.82293174762815,true,false
50,20.0,144.3398186383464,100.46739245457972,3.5138559808683567,0.6785721831878391,142.80007104293304,146.3139270238014,100.03684741309638,100.71541959628422,false,false
50,20.0,150.7551998933082,99.64416252053917,2.8021666690580957,0.7977899392970045,149.57091371854693,152.37308038760503,99.1255296488009,99.92331958809791,true,false
50,20.0,149.03722463204676,100.88350863911738,3.0453005956629795,0.6624866786184072,147.7587223483427,150.80402294400568,100.46308157505838,101.12556825367679,true,false
50,20.0,148.49300398609088,100.41853885198289,3.3484090544356206,0.7460895420721982,147.0487843997428,150.39719345417842,99.94958388652329,100.69567342859548,true,true
50,20.0,144.44951645889176,100.771199901292,2.6190930033163227,0.6576457194454406,143.3319202363956,145.95101323971193,100.35661781400213,101.01426353344758,false,false
50,20.0,147.60654975571347,100.1284405507592,3.2501425208666603,0.7219534894642265,146.17487538555363,149.4250179064203,99.66704202482441,100.38899551428864,false,true
50,20.0,152.9961747191539,100.49322149911684,3.394671590646624,0.7773519909535196,151.5467967957572,154.9414683864038,99.99473150714033,100.77208349809385,false,true
50,20.0,150.5478307926333,99.59858369356837,3.2351267358864675,0.7902582611809237,149.10739007129683,152.3425168071833,99.09205916385334,99.88231742503426,true,false
50,20.0,151.80629328247392,99.9327243221174,3.519226432242874,0.7614003624490948,150.29581024317932,153.8150366754222,99.44378645967747,100.20518682212656,false,true
50,20.0,150.73259888808963,101.32630169261975,2.1684353632908255,0.7693348921037284,149.83484411770482,152.00327948099564,100.84222494044965,101.61155983255338,true,false
50,20.0,145.61611271135595,99.86399112032947,2.5451878759728004,0.6619167548410019,144.56090118571882,147.10608906169162,99.43551198302234,100.09742873786334,false,true
50,20.0,145.9172110972665,101.41002922239396,3.7809971309754076,0.6735731410650772,144.2819857991733,148.0629829301487,100.9852563297147,101.65882947077978,false,false
50,20.0,151.82499849939447,99.7004964841144,3.173292895836539,0.7538474415847816,150.4580469276881,153.63133982352463,99.21873116126575,99.97257860285053,false,false
50,20.0,151.1143715443879,99.63417899413994,2.482106293343776,0.7372961464240575,150.13942581808712,152.6215321114309,99.16987762824498,99.90717377466903,false,false
50,20.0,151.17778451339558,99.75023332151724,3.1119304042740055,0.7718026912798024,149.870068676451,152.98199908072502,99.26821728015514,100.04001997143494,true,true
50,20.0,149.33702588425734,100.56820661012924,2.493162069267953,0.7208950253102415,148.35802270366946,150.85118477293742,100.12005471123618,100.84094973654642,true,false
50,20.0,148.69795654489934,100.62638596264614,2.778908587561858,0.6633723491061829,147.53579336959203,150.3147019571539,100.21617363614718,100.87954598525336,true,false
50,20.0,150.61960305282665,100.0125664537893,2.726550737711108,0.7843209424524531,149.54974594272082,152.27629668043193,99.50962987416919,100.29395081662165,true,true
50,20.0,149.839651845839,100.59014784220815,3.2921756201863275,0.716615556470515,148.37833177174892,151.67050739193525,100.1344492527224,100.85106480919292,true,false
50,20.0,151.62715254160784,100.22878361145192,2.7436169587978725,0.7219366014303716,150.47361341870587,153.21723037750374,99.78662896151104,100.50856556294141,false,true
50,20.0,150.879350030586,102.60313508080446,2.3599304064359217,0.7188460537728929,149.89427832288106,152.25420872931699,102.14587078189683,102.86471683566973,true,false
50,20.0,148.01852430382306,100.9826371845507,3.1298864762870267,0.6672137546834023,146.7247290184785,149.85461549476554,100.55444086019563,101.22165461487903,false,false
50,20.0,152.0959430977136,99.52179342734523,2.8576409600894976,0.7861380794968937,150.92071006760483,153.77835102769433,99.02827307200243,99.81441115149933,false,false
50,20.0,146.49001253118985,99.57282325011892,2.716980879378724,0.7594853857755339,145.33095970826813,148.04794058764685,99.09774088780257,99.8572262735781,false,false
50,20.0,144.9325650429733,100.04220300515891,2.8301646558970504,0.6885701267532767,143.71108597404148,146.54125062993853,99.61519728455885,100.30376741131212,false,true
50,20.0,149.93922204642809,100.35395819366482,2.9612692137277747,0.7426088701729867,148.7523088398457,151.71357805357349,99.86853733025448,100.61114620042747,true,true
50,20.0,150.19359115832208,100.53171533846974,3.1260205849895897,0.6576828859888622,148.86297019067206,151.98899077566165,100.11764675784156,100.77532964383042,true,false
50,20.0,150.66065926660642,99.67832108346936,3.0618573387994275,0.7200672632165919,149.3013648024541,152.36322214125352,99.22829867375802,99.94836593697461,true,false
50,20.0,152.8228444523021,101.34770027083962,3.982305777040324,0.7985026442133574,151.09884603289186,155.08115180993218,100.84160293126374,101.6401055754771,false,false
50,20.0,151.10686480970585,99.8309613805537,3.018131846290032,0.7564824812959756,149.76229962098188,152.7804314672719,99.34652555035167,100.10300803164765,true,true
50,20.0,146.59690908386176,100.5255866370182,2.757375090749207,0.6543112259535775,145.47651062480065,148.23388571554986,100.10869665923381,100.76300788518739,false,false
50,20.0,150.3851244855686,101.67747436354334,3.1163335936883243,0.7415252827480714,149.15226752404192,152.26860111773024,101.21601143807388,101.95753672082195,true,false
50,20.0,149.97656274791683,99.95119730174494,3.724074460217338,0.8013065537735429,148.3425531874884,152.06662764770573,99.44205902535359,100.24336557912713,true,true
50,20.0,147.19251067081507,99.8981567861473,3.08490325725856,0.6971401872769718,145.8316147500712,148.91651800732976,99.45591681121067,100.15305699848764,false,true
50,20.0,151.58935254341108,100.25285583306794,2.8678889446322273,0.7733387550821789,150.3822449738227,153.25013391845494,99.76146316062949,100.53480191571167,false,true
50,20.0,149.86034035271638,99.57548970214775,3.2158338520637244,0.7313574349732335,148.4536604741876,151.6694943262513,99.10678283799238,99.83814027296562,true,false
50,20.0,148.74580282913632,99.63533538969597,3.177579459666447,0.7534425402093632,147.43161798161952,150.60919744128597,99.16384709392287,99.91728963413223,true,false
50,20.0,150.4866813298356,99.8369548432175,2.534483298710825,0.7735644321992226,149.38931774243298,151.9238010411438,99.3362201475285,100.10978457972772,true,true
50,20.0,147.988324422015,100.08349072042054,2.1482980486433405,0.693267181465643,147.13338229074867,149.281680339392,99.64237620983548,100.33564339130112,false,true
50,20.0,151.86136451492806,99.77544146067683,3.3314432373809666,0.7771008915505746,150.35615263263645,153.68759587001742,99.2738267626483,100.05092765419887,false,true
50,20.0,149.5504923075291,99.83969398702976,3.3071930210703613,0.7420812824904459,148.14929828263536,151.45649130370572,99.37987497681324,100.12195625930369,true,true
50,20.0,149.0942611757724,99.88267604493527,3.192538729925843,0.7327378441532062,147.70352644019334,150.8960651701192,99.41621103349293,100.14894887764613,true,true
50,20.0,152.3413993370671,99.67066959982012,3.5460135521213942,0.8147298069767572,150.8617530817614,154.4077666338828,99.16020767788102,99.97493748485778,false,false
50,20.0,152.25450483342934,99.90602788596203,2.8520553506480155,0.7787729866805222,151.09959958391738,153.9516549345654,99.41632454892532,100.19509753560584,false,true
50,20.0,148.68715905714654,99.794347914566,3.350302978408962,0.7582182511038553,147.1928204363977,150.54312341480667,99.31396029900519,100.07217855010904,true,true
50,20.0,142.4828352062954,100.64820032805699,2.783501451725442,0.6433776419759454,141.3172076641754,144.10070911590086,100.23549796802118,100.87887560999712,false,false
50,20.0,144.69187045238175,100.0152110869312,3.3048545067774455,0.6951169795466683,143.27373499167575,146.5785894984532,99.57895232151915,100.27406930106582,false,true
50,20.0,151.90589197223673,100.27978441155882,3.1220257949919414,0.7484633120210589,150.55308932355825,153.6751151185502,99.79946024472301,100.54792355674407,false,true
50,20.0,152.47564058759207,99.59796050009535,3.1763905829384385,0.8487289868558179,151.14137493781254,154.31776552075098,99.07113197722188,99.9198609640777,false,false
50,20.0,150.2568375181387,99.63235804392598,3.438954035468697,0.8350248229475312,148.82843263848036,152.26738667394906,99.08984334254436,99.92486816549189,true,false
50,20.0,148.05805879724153,101.12511504192318,2.688036786968496,0.6909657122045871,146.94009762088024,149.62813440784873,100.69468759319301,101.3856533053976,false,false
50,20.0,152.01684207130035,99.83422731758807,3.1152265595595736,0.7864594793065294,150.73146321513775,153.84668977469732,99.3303191194989,100.11677859880542,false,true
50,20.0,151.1848297668931,99.62930745104906,3.5219696713238875,0.7539385872176183,149.6884666156231,153.210436286947,99.1561535509945,99.91009213821212,true,false
50,20.0,151.40648749780786,99.96129431518366,3.037233204454367,0.7472970348496517,150.1314413570713,153.16867456152568,99.49313687453136,100.24043390938101,false,true
50,20.0,148.20811604171348,99.61030177826686,2.4438727655775665,0.7517458043946306,147.21749056745998,149.66136333303754,99.12893573388926,99.8806815382839,false,false
50,20.0,148.08398498488384,100.2401701374506,2.6329110853099564,0.721487455774195,146.98065385085243,149.6135649361624,99.78317613651336,100.50466359228756,false,true
50,20.0,141.0492099455583,100.18111023260407,2.9590060012249637,0.6464852220739203,139.7300948591975,142.68910086042246,99.78798787346848,100.4344730955424,false,true
50,20.0,151.99218955777064,101.0470554893437,3.042671608014757,0.7639106081918499,150.75545291679023,153.798124524805,100.56252137077755,101.3264319789694,false,false
50,20.0,149.80365644992128,100.28571210805251,2.471754342094016,0.7209922348487794,148.80636017991844,151.27811452201246,99.83748471347276,100.55847694832154,true,true
50,20.0,150.98596709651324,99.6100293861649,3.7959225533264487,0.7571120993071645,149.30696617833257,153.10288873165902,99.14108565365451,99.89819775296168,true,false
50,20.0,148.49482090785378,99.69806363767333,3.037213498659213,0.758393176640979,147.2210668264038,150.25828032506303,99.2200354940467,99.97842867068768,true,false
50,20.0,145.592316792933,99.5725323000997,2.6459572099786044,0.7172042193308528,144.51482169629634,147.16077890627494,99.12496893579734,99.8421731551282,false,false
50,20.0,146.80915069683584,100.40602753375268,3.117817932335356,0.7433443787884926,145.4034278817713,148.52124581410666,99.9353428177269,100.6786871965154,false,true
50,20.0,148.6412288754761,100.60623007963926,2.636443993518526,0.6997565707852829,147.5460025897244,150.18244658324292,100.16096553481185,100.86072210559713,true,false
50,20.0,150.52328979059425,99.57885090474369,3.5751399138311797,0.783596906209695,149.00208786780877,152.57722778163995,99.08813870702728,99.87173561323698,true,false
50,20.0,152.53160879965606,99.92073310396378,2.9964482111805637,0.7387949079045626,151.25561187805812,154.25206008923868,99.45149774956438,100.19029265746894,false,true
50,20.0,145.54579404676636,99.86627453356226,2.7812358180668184,0.7020945501988933,144.33762105579217,147.118856873859,99.42257360118282,100.12466815138171,false,true
50,20.0,149.64586926238718,99.65243831098212,3.0407115375802505,0.7528124590537146,148.34915553362208,151.38986707120233,99.16098185970438,99.9137943187581,true,false
50,20.0,147.24373181385874,99.79005487295225,2.8551141967909075,0.7123399243400286,146.05456920092337,148.90968339771428,99.33657141135325,100.04891133569328,false,true
50,20.0,147.3149741578892,100.16829368690196,2.3218085406944624,0.6886421903561626,146.42395521600457,148.74576375669903,99.72714371148575,100.41578590184191,false,true
50,20.0,150.26230882012607,99.59025003467784,2.926219975282862,0.7400335639212443,148.99387976955134,151.9200997448342,99.12013070593224,99.86016426985348,true,false
50,20.0,150.11836111890247,100.53358801060864,3.16505550729525,0.7217361997524847,148.73366507018645,151.8987205774817,100.08112513333755,100.80286133309004,true,false
50,20.0,149.96093410726752,99.83861680345304,3.313211178516127,0.7792916698764145,148.53147962345048,151.8446908019666,99.344798138021,100.12408980789742,true,true
50,20.0,150.90746543583055,101.82345381751588,3.791751396001615,0.7369173917474967,149.20261118055544,152.99436257655705,101.34526484498537,102.08218223673286,true,false
50,20.0,151.0578923277098,100.92179898243741,2.650871042096611,0.7711460292014749,150.0372202229727,152.68809126506932,100.42324192487922,101.1943879540807,false,false
50,20.0,146.12550771935508,99.69026674529512,2.902832192839469,0.6589003246327394,144.8932454001636,147.79607759300308,99.27524859829838,99.93414892293112,false,false
50,20.0,148.37462645869846,99.89140999750992,2.5631734121319028,0.7718026569159377,147.3491365649067,149.9123099770386,99.41433212142324,100.18613477833918,false,true
50,20.0,151.51326153567425,99.92968124915707,3.6953421461113294,0.7597362679962885,149.979190708215,153.67453285432632,99.46094542527298,100.22068169326927,true,true
50,20.0,150.09475270757923,100.27490578008849,2.9015467616911508,0.7452247043945448,148.9293388129936,151.83088557468474,99.80632327142597,100.55154797582051,true,true
50,20.0,149.09525800631621,100.23566074933404,2.8656950049855254,0.7339834380356791,147.86052979615772,150.72622480114325,99.76986067104974,100.50384410908542,true,true
50,20.0,151.11702671359737,103.65597024034818,2.693033396878917,0.708703339607851,149.99324524587075,152.68627864274967,103.21175601412304,103.92045935373089,true,false
50,20.0,148.26904258013354,100.18746202000204,2.9762412233856708,0.7928236663570942,146.98037163260187,149.95661285598754,99.70037879059325,100.49320245695034,false,true
50,20.0,151.35750069053154,101.11172654621294,3.0885754298678876,0.7379834141533621,150.00253779476017,153.09111322462806,100.63772657538615,101.37570998953952,false,false
50,20.0,149.79360815795502,99.76645909773768,3.6029091375986013,0.7833298162526177,148.28624123119403,151.88915036879263,99.26794526139487,100.05127507764749,true,true
50,20.0,146.42771669897786,101.09352871584845,3.388530567762956,0.6686676425023279,144.85650916858873,148.24503973635169,100.67293887446458,101.3416065169669,false,false
50,20.0,148.5814895970335,99.64904032503287,3.17896712805171,0.675563874567473,147.22197117999815,150.40093830804986,99.23165439355029,99.90721826811776,true,false
50,20.0,148.23512975799616,100.21342942621004,3.4259459210747707,0.6964179952218359,146.79869878633386,150.22464470740863,99.78113182524856,100.4775498204704,true,true
50,20.0,147.95432895733654,99.95988778366905,2.677756565388478,0.6917596741924115,146.87351102389894,149.55126758928742,99.51654800778381,100.20830768197622,false,true
50,20.0,146.62137764759012,99.86532590296675,2.8574013973653507,0.6775733676419691,145.39034764572872,148.24774904309407,99.43116381855171,100.10873718619368,false,true
50,20.0,146.93684270750555,99.93946818237944,2.8578814475768013,0.7177637295701089,145.74426234014794,148.60214378772474,99.49037449797626,100.20813822754637,false,true
50,20.0,149.88717866367003,99.53852710890638,3.0036428071412615,0.7902801376498729,148.60640696248237,151.61004976962363,99.04161324211479,99.83189337976467,true,false
50,20.0,145.64904027601264,100.62090937676848,2.9202637898334842,0.641910151338223,144.45675312004454,147.37701690987802,100.2275992818883,100.86950943322653,false,false
50,20.0,149.1178441250675,100.02612150297726,3.388510854275495,0.734291984047033,147.6526970535171,151.0412079077926,99.55846918631408,100.29276117036112,true,true
50,20.0,153.19006861704185,101.81734552473662,3.8612360952879783,0.8084584972057485,151.46764484297734,155.3288809382653,101.3035385738983,102.11199707110404,false,false
50,20.0,150.15473059388742,100.06793858409415,3.026748739784182,0.804950992839693,148.87089259037356,151.89764133015774,99.53718187345575,100.34213286629544,true,true
50,20.0,149.54087124480918,100.12717494127412,3.1679749293615487,0.7507269388151343,148.1851897663587,151.35316469572024,99.65102929422451,100.40175623303965,true,true
50,20.0,147.80668195296312,99.65778318177419,2.5717003857907628,0.729632250770905,146.72476368185443,149.2964640676452,99.19367777559489,99.9233100263658,false,false
50,20.0,148.14927792107403,101.54370127989344,2.3775788976656997,0.7018128246712081,147.1521154239582,149.5296943216239,101.08457406877653,101.78638689344774,false,false
50,20.0,146.35089720857883,100.86276715488717,2.6211767549288254,0.6847317093092329,145.280624066591,147.90180082151983,100.4293604116581,101.11409212096733,false,false
50,20.0,150.2481193824006,100.27028256824818,3.2642300629139527,0.746397165152203,148.83632953617422,152.10055959908817,99.7944230834758,100.54082024862801,true,true
50,20.0,152.11519535892373,99.79482978756519,3.0013619570631533,0.7395919970252578,150.849416315835,153.85077827289814,99.31559179932678,100.05518379635204,false,true
50,20.0,147.8179256896756,100.00701847116598,2.2239778572013904,0.6483575280109619,146.88897288719122,149.1129507443926,99.58882346051013,100.23718098852109,false,true
50,20.0,152.54889507624813,99.58804476389926,3.5595843678563597,0.7678158066819805,151.04158491097303,154.6011692788294,99.10196997100628,99.86978577768826,false,false
50,20.0,151.32814888149608,99.7463583176791,2.584782182458923,0.8343037688049293,150.2716868978773,152.8564690803362,99.21712005969074,100.05142382849567,false,true
50,20.0,149.81648856904098,99.67452432925103,2.566216105701585,0.697896062090777,148.80553117004195,151.37174727574353,99.23308251736407,99.93097857945484,true,false
50,20.0,151.6216298847309,100.6805893167867,3.412944459789543,0.7425394942559222,150.15784853704943,153.57079299683897,100.22130406552263,100.96384355977855,false,false
50,20.0,148.65748538051932,99.82765537077799,2.527680447877799,0.7225948736672194,147.60807928595642,150.13575973383422,99.37054445798033,100.09313933164755,true,true
50,20.0,150.92068811708162,99.57033212903849,3.6482188727159723,0.80198399568539,149.33948973716315,152.98770860987912,99.07343753783391,99.8754215335193,true,false
50,20.0,152.50168901663974,100.37811661524586,3.0488590145612875,0.7544807545589833,151.27440557589148,154.32326459045277,99.90549547663062,100.6599762311896,false,true
50,20.0,149.04124993178283,100.22175322363361,3.3154604361902216,0.6723363002999747,147.61057621037634,150.92603664656656,99.80490028242724,100.47723658272722,true,true
50,20.0,150.71578270674087,99.62175496778782,2.965639584274925,0.7086246566544077,149.55865259433196,152.52429217860688,99.1790258896159,99.88765054627031,true,false
50,20.0,150.9731186102909,100.05707076455396,2.7068908849364277,0.7647679148857804,149.85168605067864,152.55857693561506,99.56269834990466,100.32746626479044,true,true
50,20.0,153.18729891860306,99.87703790328902,3.879199903996067,0.7911334387023317,151.48338783903492,155.36258774303099,99.37388153781623,100.16501497651856,false,true
50,20.0,151.41650609237948,101.6099122694987,3.428377392001323,0.7476246748882716,150.00151417642363,153.42989156842495,101.13952876833687,101.88715344322515,false,false
50,20.0,152.1403349067716,99.50888464815975,3.586323845391888,0.7937701837319509,150.55848771345424,154.14481155884613,99.01781698674141,99.81158717047336,false,false
50,20.0,151.29200348246394,99.62548827637852,3.5856637828282203,0.7771758915319964,149.75011260008202,153.33577638291024,99.12403107953706,99.90120697106906,true,false
50,20.0,137.38700327177193,100.11255067266161,2.4731539366631523,0.5792791926026837,136.34384805290688,138.81700198957003,99.75123620467008,100.33051539727276,false,true
50,20.0,149.60492302786605,99.51803029640625,3.1884648042325807,0.7560345805029982,148.23607710527395,151.42454190950653,99.04866881159067,99.80470339209367,true,false
50,20.0,151.27742751133448,100.39112242240232,2.711041387063773,0.7750848080293622,150.17293968493448,152.88398107199825,99.89897650852254,100.6740613165519,false,true
50,20.0,149.34794184353206,99.9924494922368,2.639023701474713,0.7031026582431679,148.2602644802013,150.899288181676,99.56856995085477,100.27167260909793,true,true
50,20.0,146.19551989803688,99.97418640017617,3.341963083816637,0.7066485750876978,144.77207552915823,148.11403861297487,99.51751714862495,100.22416572371264,false,true
50,20.0,150.8874254180381,99.55547101382052,3.860753326105339,0.764547284257759,149.2360420697803,153.09679539588564,99.06800696517244,99.8325542494302,true,false
50,20.0,149.97206565440047,99.72402919917347,2.532363651423509,0.7616268143410991,148.93684985783997,151.46921350926348,99.22985776809395,99.99148458243505,true,false
50,20.0,147.9606574224361,99.7471249406307,2.799887958373148,0.746004419932234,146.81861513275882,149.61850309113197,99.28868164561581,100.03468606554804,false,true
50,20.0,151.08278064939742,99.90004874739549,3.2231697967995387,0.7161294462972307,149.73407019847292,152.95723999527246,99.4540783175565,100.17020776385372,true,true
50,20.0,151.82732945004818,100.04036348230413,3.280516075896344,0.7472845301010267,150.3952988802642,153.67581495616054,99.57126295451035,100.31854748461137,false,true
50,20.0,148.03338432180414,99.59349604283545,2.664550378004577,0.7494818559132312,146.88476373231887,149.54931411032345,99.12189945700315,99.87138131291638,false,false
50,20.0,151.3647387352828,101.4958352308982,3.2154247678963657,0.69527983595097,150.03077834567628,153.24620311357265,101.0552457709104,101.75052560686137,false,false
50,20.0,147.45607588755774,99.77464617217657,3.7154022216213036,0.7527835666019485,145.7777149560817,149.493117177703,99.29420993454909,100.04699350115104,false,true
50,20.0,149.67803461880987,100.90321635724142,2.984783762146378,0.7021929989208218,148.41832927310253,151.4031130352489,100.45556234781263,101.15775534673345,true,false
50,20.0,152.52808033664786,99.94116624830346,3.117907492292062,0.7882111166894674,151.22894159221357,154.34684908450564,99.43258244550123,100.22079356219069,false,true
50,20.0,151.79868895857106,99.53212919598681,2.9653906530169536,0.7831847294664982,150.48740680088366,153.45279745390062,99.03822749177553,99.82141222124203,false,false
50,20.0,152.49706272519757,100.27287366725268,3.062662223933245,0.7779655118904714,151.20426852011857,154.26693074405182,99.78273784007973,100.5607033519702,false,true
50,20.0,148.60060825877258,100.57433344636868,2.899703130611158,0.7121079006103059,147.36073936806696,150.26044249867812,100.13217359532658,100.84428149593688,true,false
50,20.0,151.39343991792978,99.80575613318388,2.7712347408242692,0.7671842023037669,150.22984331264405,153.00107805346832,99.30458392658386,100.07176812888763,false,true
50,20.0,146.95800147381703,100.04042913173797,3.3109058547957773,0.7249115230944199,145.51592686794638,148.82683272274215,99.5854301170524,100.31034164014682,false,true
50,20.0,149.60077065699002,99.56426665219078,3.4458857309640507,0.7290818594292432,148.0429188027596,151.48880453372365,99.10807062098706,99.83715248041631,true,false
50,20.0,147.18041437647378,100.17626223655836,2.949641430158607,0.6874168155906517,145.9297334409807,148.8793748711393,99.74741373613652,100.43483055172717,false,true
50,20.0,151.13527570717955,99.73053472621845,2.953830349576691,0.7780525527639099,149.96448976900416,152.91832011858085,99.24230813372422,100.02036068648813,true,true
50,20.0,150.82718903469552,100.62062660425173,3.285112816921469,0.7421726124924533,149.40610589633246,152.69121871325393,100.15594981651145,100.8981224290039,true,false
50,20.0,148.51424356074776,99.67681052409202,3.348823253909927,0.7112502650067398,147.141157464459,150.48998071836894,99.22837485979605,99.93962512480279,true,false
50,20.0,150.61314719153498,102.21445521943731,2.020330196007052,0.7259893589102546,149.78770977472794,151.808039970735,101.75531679505272,102.48130615396298,true,false
50,20.0,151.39001200922218,99.62927845712532,2.9651039622206667,0.7919005921750255,150.1216410449634,153.08674500718408,99.1277214582525,99.91962205042752,false,false
50,20.0,145.1034361046799,101.06690225094798,3.37846402263645,0.6740247901618801,143.6533991011204,147.03186312375686,100.63790828745749,101.31193307761937,false,false
50,20.0,151.39858548508823,101.79229314926805,2.5671218147743673,0.7764658196084184,150.35168981335087,152.91881162812524,101.29722799542203,102.07369381503045,false,false
50,20.0,148.3584600525429,101.45336768291651,2.2541764311170027,0.7359432347938082,147.44857582435588,149.7027522554729,100.97629317747794,101.71223641227175,false,false
50,20.0,149.11900091915595,100.56678454441325,2.9146241599258076,0.6835341847944107,147.91201620575237,150.82664036567817,100.14423486626372,100.82776905105813,true,false
50,20.0,149.697022822858,99.58610606189092,3.0467462228939723,0.7823782016644145,148.45502789877239,151.50177412166636,99.09148708352885,99.87386528519326,true,false
50,20.0,150.87091097476815,100.13806001036352,3.2908015416432477,0.7827316535775708,149.4350201871688,152.72582172881204,99.64551564736377,100.42824730094134,true,true
50,20.0,148.01373637662692,100.14559666478907,2.5140592786447087,0.6949326224937664,146.97986363427782,149.49392291292253,99.70541226697915,100.40034488947292,false,true
50,20.0,151.2108068916541,99.5250206636421,2.71229047446559,0.7678166735343126,150.0764016514944,152.78869212595998,99.0378509661164,99.80566763965071,false,false
50,20.0,147.80993936141238,99.6270536155023,3.3187115604408177,0.7442086867160782,146.34781293050997,149.6665244909508,99.16685386163253,99.91106254834861,false,false
50,20.0,152.28757696783697,100.28616134670582,3.2106666194853233,0.771873718964585,150.94384628405592,154.15451290354125,99.80130251621878,100.57317623518337,false,true
50,20.0,151.19907644711367,100.06640581849821,3.102820411475051,0.7415139890189124,149.85811660534452,152.96093701681957,99.60052283714087,100.34203682615978,true,true
50,20.0,148.44029512798943,99.70253801369336,2.8769088546819432,0.7008893421758131,147.21508209090157,150.09199094558352,99.26513871587784,99.96602805805365,true,false
50,20.0,151.35203344743283,99.88878753523633,3.7129831832298805,0.7876364489582102,149.66712153986242,153.3801047230923,99.37125324680878,100.15888969576699,true,true
50,20.0,151.21030827633075,99.53757075456295,2.783282942688089,0.7695274877983422,150.04489657510783,152.82817951779592,99.046508016639,99.81603550443734,false,false
50,20.0,149.13120493192017,99.62277433599414,2.5751109021612706,0.7393995565871592,148.10601062156655,150.68112152372782,99.15355171918499,99.89295127577215,true,false
50,20.0,151.96537064382318,100.25282518941262,3.257910962189584,0.783183533634741,150.5960693662695,153.85398032845907,99.76012892416591,100.54331245780065,false,true
50,20.0,151.8557741934856,99.84449550430597,2.487976875560861,0.8171845224535303,150.8208730428445,153.30884991840537,99.32157279780354,100.13875732025707,false,true
50,20.0,149.17450648930586,99.99408981265657,2.873322905710978,0.7194129807291745,148.0039896964762,150.87731260218717,99.53901486196392,100.2584278426931,true,true
50,20.0,153.54159966743748,99.54472674687358,3.5710006736128435,0.7735330855918079,152.03669851508116,155.607699188694,99.05218907332925,99.82572215892105,false,false
50,20.0,148.85639374577997,100.15793205083796,3.25032142511472,0.7198542050873016,147.45959455035634,150.70991597547106,99.69786589623985,100.41772010132715,true,true
50,20.0,150.51892711515768,99.65760938720044,3.5609603328462924,0.7249964144480145,149.01134359397034,152.57230392681663,99.19204239926148,99.9170388137095,true,false
50,20.0,149.32156051340007,99.54474243256651,2.7857840722988954,0.7477906250012296,148.17630279721917,150.96208686951806,99.07529744723527,99.8230880722365,true,false
50,20.0,148.97459832586827,99.67688922031678,2.6238707446464673,0.6993744009488694,147.86167670934836,150.48554745399483,99.23928487482189,99.93865927577076,true,false
50,20.0,150.14059069631935,100.62302219715798,2.7104462267777762,0.7186377768827867,148.97582857881144,151.68627480558922,100.17451170922914,100.89314948611192,true,false
50,20.0,151.12527188807664,99.66049291716291,2.9182279235235455,0.786409696978069,149.9031169484718,152.82134487199534,99.16151657222136,99.94792626919943,true,false
50,20.0,149.2682592795133,99.85656132319869,3.295145091419954,0.7353013062298714,147.84824499102587,151.14339008244582,99.38385755743676,100.11915886366663,true,true
50,20.0,141.2009186638187,99.84784818997886,2.580146722303624,0.6217534602699715,140.13529941269394,142.71544613499756,99.44222297196428,100.06397643223426,false,true
50,20.0,150.55935924988205,99.58630971839804,3.4392335427875196,0.7352917263525001,149.09016169705973,152.52939523984725,99.13203257718396,99.86732430353646,true,false
50,20.0,148.24902744070414,99.68085380813406,3.4526159775101917,0.7585254482264787,146.7433570234149,150.19597300092508,99.20134586357165,99.95987131179812,true,false
50,20.0,151.17221501561977,99.71910318334575,3.253788299459927,0.8409874117920708,149.77160936820738,153.0253976676673,99.18969893811463,100.0306863499067,true,true
50,20.0,146.21046679166935,99.5743423221637,3.1050356061939226,0.7477987552106242,144.97107280147998,148.0761084076739,99.0938228431607,99.84162159837132,false,false
50,20.0,149.63136198337065,100.1018606567196,2.886821522377346,0.7509780675657396,148.43658788547478,151.32340940785213,99.62529727483292,100.37627534239866,true,true
50,20.0,146.96182225624943,99.94684761701053,2.657584309654794,0.7136789399516772,145.84227385807583,148.49985816773062,99.49160255875813,100.20528149870981,false,true
50,20.0,147.84615984537888,99.71196099714591,2.2482147470431073,0.7076465471037778,146.933247142424,149.1814618894671,99.26241141599473,99.97005796309851,false,false
50,20.0,154.40185172192534,100.7701284771874,3.8915698932688088,0.7925310155339247,152.732307225278,156.6238771185468,100.2728865075158,101.06541752304973,false,false
50,20.0,151.1897620297412,99.73303077766114,3.0535593702285837,0.7477265363388454,149.90170875462582,152.9552681248544,99.26739378914564,100.01512032548449,true,true
50,20.0,147.22638351785625,99.80481134457769,3.0160188358391338,0.6658490869767064,145.96538617836194,148.98140501420107,99.38748259839001,100.05333168536671,false,true
50,20.0,148.84038622372412,99.67686730529411,2.6182332630864664,0.7066960518641707,147.85369552177107,150.47192878485754,99.23031970549786,99.93701575736203,true,false
50,20.0,149.8548868125335,99.56319316336986,3.0574741413854554,0.7456260317080421,148.58032155415071,151.63779569553617,99.09806846853782,99.84369450024586,true,false
50,20.0,150.66075218749103,100.30242097862228,2.572291010991364,0.7538270213544251,149.6273434527318,152.19963446372316,99.8237955887575,100.57762261011193,true,true
50,20.0,151.6315030769383,99.80863610685395,2.7020712162455993,0.729740034879029,150.5169764781072,153.2190476943528,99.35226844345263,100.08200847833166,false,true
50,20.0,153.5167236890751,100.15373114250961,3.5342004368775406,0.8486013983406338,152.02390500473743,155.55810544161497,99.61429797967897,100.4628993780196,false,true
50,20.0,150.1298689746767,100.52920966483495,2.4431834126115746,0.7015873088123783,149.14671261383901,151.5898960264506,100.09237852738916,100.79396583620154,true,false
50,20.0,151.42395368395543,100.00167294842434,3.2606318301135673,0.7712837290825689,149.9108344679322,153.17146629804577,99.49578054749333,100.2670642765759,true,true
50,20.0,149.978262685789,99.97381700001179,2.7769626810902253,0.7877231103759499,148.79652875874652,151.57349143983674,99.46353672423584,100.25125983461179,true,true
50,20.0,152.8659268286491,101.39310404893544,3.4032999721382566,0.807084832184799,151.39757436049172,154.80087433262997,100.88687910765475,101.69396393983955,false,false
50,20.0,150.3506202377674,100.6314929891991,3.4170428525397085,0.737677163153208,148.8897251158887,152.3067679684284,100.1660717812685,100.90374894442171,true,false
50,20.0,150.47978595900804,99.72811316276321,2.8110828657080162,0.7706087572994704,149.2545914664209,152.0656743321289,99.23954750749107,100.01015626479054,true,true
50,20.0,151.98654908454006,99.73813038886914,2.891818525901442,0.7755974014718277,150.78005415307535,153.6718726789768,99.24443568721858,100.02003308869041,false,true
50,20.0,146.84454781115335,99.55064369807818,2.998701055937005,0.7241875700048155,145.4963753619926,148.4950764179296,99.09896901197035,99.82315658197517,false,false
50,20.0,151.4539010415767,99.65071503133194,3.708630803297808,0.7712310633729373,149.83872730476907,153.54735810806687,99.16843096730327,99.9396620306762,true,false
50,20.0,150.58668865001152,100.35615524145612,3.102626273329548,0.724692253349474,149.20840902975317,152.31103530308272,99.91063575214443,100.6353280054939,true,true
50,20.0,151.49305085804443,99.90898756008045,2.566718728860053,0.7635467530503774,150.48953394850452,153.05625267736457,99.4299413078815,100.19348806093188,false,true
50,20.0,148.67225783688576,99.88779814830035,3.4005487335011537,0.7567192705817121,147.19103341587794,150.5915821493791,99.4165608748319,100.17328014541361,true,true
50,20.0,152.12571186139868,101.72889457994867,2.8999569666908656,0.7806011234826116,150.9034699060039,153.80342687269476,101.2304124382555,102.01101356173811,false,false
50,20.0,149.43772589089963,99.69323534830599,2.937580966106168,0.7595633117259553,148.1918509822695,151.12943194837567,99.21341914081177,99.97298245253772,true,false
50,20.0,151.06235414380342,100.04550779143862,3.5779715329366297,0.7588226881175757,149.54941154841336,153.12738308135,99.57460245447118,100.33342514258875,true,true
50,20.0,151.64266599143536,102.14969339534524,2.6410865115536524,0.7782361159753179,150.54966913712678,153.19075564868044,101.65037107130448,102.4286071872798,false,false
50,20.0,152.4509513230301,100.3444901382332,2.7920066446617966,0.7926849553940087,151.28917414407272,154.0811807887345,99.84193830613992,100.63462326153393,false,true
50,20.0,152.04991820429922,100.6589059758605,2.773071452734058,0.7363941812610477,150.923969066286,153.69704051902005,100.19563061628958,100.93202479755062,false,false
50,20.0,146.20097770322522,99.81299237138057,2.8128065808827785,0.6947319984690381,145.09210640245183,147.9049129833346,99.38033254924834,100.07506454771737,false,true
50,20.0,145.82393778831434,101.79339658601178,2.7887360256604268,0.6572531949052376,144.63114026688922,147.41987629254965,101.37328628348953,102.03053947839477,false,false
50,20.0,152.11233059766613,102.01274333367708,3.2012893851136255,0.7797245384484199,150.76401494130982,153.96530432642345,101.52657477211704,102.30629931056546,false,false
50,20.0,149.27576980232442,99.74376188209405,2.4831991387850394,0.7476212921998808,148.25999254971128,150.74319168849632,99.27443589444832,100.0220571866482,true,true
50,20.0,153.68431291431727,99.88011001687579,3.574492871978123,0.8304100072690233,152.08662558043537,155.6611184524135,99.35782329667231,100.18823330394133,false,true
50,20.0,149.32979627513126,99.54318191278935,3.0001262904033297,0.7583014406400537,148.1117788641688,151.11190515457213,99.05301687393705,99.81131831457711,true,false
50,20.0,145.9064543264356,100.36749111738531,2.8371888360021273,0.663721773875551,144.7640279369434,147.60121677294552,99.94566737139996,100.60938914527551,false,true
50,20.0,152.33615541713155,100.47074533239575,3.625470856823796,0.7741294673050874,150.73341395499924,154.35888481182303,99.98446543660539,100.75859490391048,false,true
50,20.0,150.61508227984115,100.14005483777723,3.401392910308033,0.787714415752049,149.20064406403168,152.6020369743397,99.6313397426793,100.41905415843135,true,true
50,20.0,153.85049091053793,100.19144192330111,4.150115036470197,0.8421676500811941,152.00194476647937,156.15205980294957,99.66646769507531,100.5086353451565,false,true
50,20.0,146.5903316290924,99.60875554990854,2.7810027072739274,0.7024280647524535,145.4002886604825,148.18129136775642,99.16148396774405,99.8639120324965,false,false
50,20.0,151.65763486852035,100.05942147838033,2.353888296304575,0.8232905260766614,150.69978194325327,153.05367023955785,99.53855601318644,100.3618465392631,false,true
50,20.0,150.07685403667986,100.49022655568866,2.723569565522638,0.7374998670085233,148.90839827091642,151.63196783643906,100.0325026204202,100.77000248742873,true,false
50,20.0,150.20207010153055,99.57088739548426,2.3917094812853463,0.6989012658981437,149.25686196786003,151.64857144914538,99.12980462998298,99.82870589588113,true,false
50,20.0,152.73716307997182,99.85721433365964,3.53995768494093,0.7845246907382659,151.18853538777324,154.72849307271417,99.36501005873558,100.14953474947384,false,true
50,20.0,152.03218156431416,99.87188564928576,3.3675029837759496,0.8207558011191622,150.56520776314832,153.93271074692427,99.33290503433366,100.15366083545283,false,true
50,20.0,151.78051549642456,101.17617224283285,2.8484962677133865,0.7463292724686141,150.59700644110592,153.4455027088193,100.71146000055559,101.4577892730242,false,false
50,20.0,149.81277043518656,99.76963967259694,2.550642457023656,0.7111138771877279,148.7198945366135,151.27053699363717,99.32221141213533,100.03332528932306,true,true
50,20.0,151.13246741579482,99.66190705142265,2.7881718421460846,0.7208184188497881,149.9605239717365,152.7486958138826,99.20574414839577,99.92656256724555,true,false
50,20.0,150.5572140693661,100.94748732325334,3.8097144518617654,0.757670819629439,148.81415385336456,152.62386830522632,100.46901556967013,101.22668638929957,true,false
50,20.0,151.97897415774378,99.9491739592905,3.244616743059936,0.8013006477708444,150.68186775725638,153.92648450031632,99.43783242626978,100.23913307404062,false,true
50,20.0,149.81833490149083,100.51757851584091,2.945415455776441,0.6997844413463099,148.63479028097794,151.58020573675438,100.08921194746372,100.78899638881003,true,false
50,20.0,147.85680020774416,99.65211386043258,2.583363576716067,0.7235320886996703,146.79317790112555,149.3765414778416,99.1928932149736,99.91642530367326,false,false
50,20.0,149.82085952544332,100.03481391997826,3.1308257616154833,0.7110288933447606,148.43789122698834,151.56871698860382,99.59759852752487,100.30862742086963,true,true
50,20.0,145.26815260869856,100.01205244931276,2.83822673077745,0.6371999005471594,144.03489437937722,146.87312111015467,99.6110570441812,100.24825694472835,false,true
50,20.0,143.58878639331928,99.7150979075641,3.064380739153364,0.6414100986288105,142.3216870485429,145.38606778769628,99.30934763360898,99.95075773223779,false,false
50,20.0,151.10316140064253,100.09225199180509,2.5208336168142864,0.821003330149793,150.1009295929916,152.6217632098059,99.58493955637101,100.4059428865208,false,true
50,20.0,151.47390643935637,99.62476126729618,2.737798173774678,0.8145636961921525,150.3758550590613,153.113653232836,99.10295404709146,99.91751774328361,false,false
50,20.0,150.8426944203073,101.09267849064592,3.006442521526594,0.759681512159176,149.5485179650379,152.55496048656448,100.62397236217369,101.38365387433286,true,false
50,20.0,150.983997215073,101.01259834490719,3.961687659111277,0.7552118980950553,149.24766505960696,153.20935271871824,100.52738509618399,101.28259699427905,true,false
50,20.0,150.37847364459688,99.60836790961372,2.92620889898231,0.7591380898459192,149.12268480463123,152.04889370361354,99.12540340205015,99.88454149189607,true,false
50,20.0,151.8284208785546,100.25910262976329,3.1869130018612566,0.7152414054775136,150.50393721149848,153.69085021335974,99.81201631979378,100.5272577252713,false,true
50,20.0,151.84960401796377,99.98709213264684,3.3193016112311113,0.8209325305369362,150.39443072107437,153.71373233230548,99.4611802141427,100.28211274467964,false,true
50,20.0,150.9606999982631,99.98146797164432,2.955194791532307,0.7297389721981062,149.7471733440757,152.702368135608,99.5233991528693,100.25313812506741,true,true
50,20.0,147.70278947050122,99.59680405445333,3.3828885195443945,0.7086270502651644,146.27847879831234,149.66136731785673,99.15219440006602,99.86082145033119,false,false
50,20.0,148.9533307514319,100.5858981504606,2.625273008999301,0.7595564683092562,147.87874507559127,150.50401808459057,100.10773567820902,100.86729214651828,true,false
50,20.0,151.32194280998115,100.07869704942135,3.429040598008868,0.7908740899260778,149.81190228215652,153.2409428801654,99.57381430350871,100.36468839343479,true,true
50,20.0,150.36549063048125,100.62076379115624,2.465231514532519,0.7687761034091238,149.36314290225909,151.8283744167916,100.12294096249255,100.89171706590167,true,false
50,20.0,148.2794504893924,102.0364345132588,2.4304697281304186,0.668164830720869,147.29786286779813,149.72833259592855,101.60627073325391,102.27443556397478,false,false
50,20.0,143.31371046994417,100.51253493055249,2.1939726595283844,0.6682971219731968,142.4855546511962,144.67952731072458,100.09340940125121,100.7617065232244,false,false
50,20.0,148.07484606664974,99.80040497286882,2.865860696759455,0.7044562957878071,146.8607386806754,149.72659937743487,99.35554190313412,100.05999819892193,false,true
50,20.0,151.42913912007305,102.13859175246156,3.0751263227471384,0.7368270628501534,150.12247669736942,153.19760302011656,101.6745698682919,102.41139693114205,false,false
50,20.0,149.40985172353243,99.77196230815665,3.195673184570097,0.75985526785297,148.0261889516792,151.22186213624929,99.29539306806777,100.05524833592074,true,true
50,20.0,151.34925371171508,101.39558233582208,3.0796148822022644,0.7376815396759611,150.07657819716502,153.15619307936728,100.9284113263836,101.66609286605956,false,false
50,20.0,147.30195214594642,99.83688234398906,3.1587836738088697,0.7074923666738329,146.00547313090638,149.16425680471525,99.38899986690127,100.0964922335751,false,true
50,20.0,149.3874086412954,100.46739263212667,3.638001481730612,0.7206091387377995,147.76860023214775,151.40660171387836,100.01338670825442,100.73399584699222,true,false
50,20.0,147.93237884845482,99.84910676713517,2.822432009859881,0.6805740281392332,146.74436080114856,149.56679281100844,99.42196657100185,100.10254059914108,false,true
50,20.0,148.88434770752684,100.38898022409171,3.020989650430465,0.7386170168485648,147.59051369176368,150.61150334219414,99.92509219523049,100.66370921207906,true,true
50,20.0,143.99003830492705,99.93361306666446,3.0618044193953438,0.6908962530506813,142.70762524965326,145.7694296690486,99.49364319771793,100.18453945076861,false,true
50,20.0,151.13679091438604,99.62260307762648,2.485475862651498,0.715686128414859,150.10578873826833,152.59126460091983,99.18541016593714,99.901096294352,false,false
50,20.0,151.87157334724256,99.52809261638706,3.066128629945581,0.8065994078739038,150.54038781597757,153.60651644592315,99.03139331011282,99.83799271798672,false,false
50,20.0,153.4013862414847,99.63398944479107,3.907973618788759,0.8350557455527792,151.68298162731202,155.59095524610078,99.09968766303365,99.93474340858643,false,false
50,20.0,150.81907139254875,99.6307563580487,2.6941692840583755,0.7729090320336809,149.70716506175563,152.401334345814,99.15838062211503,99.93128965414871,true,false
50,20.0,145.8946903735391,101.0453212191652,2.2629672300425057,0.6638589090779448,144.9917289684627,147.2546961985052,100.62948194160423,101.29334085068217,false,false
50,20.0,150.50661028024257,99.54709084445382,3.3722583910762296,0.815847619020289,149.04454092530023,152.41679931637645,99.01748434489146,99.83333196391175,true,false
50,20.0,151.15111023785153,100.19178603690582,3.4306367261197295,0.7250672981407149,149.70458755001758,153.1352242761373,99.72626359034743,100.45133088848814,true,true
50,20.0,151.2619613465209,99.7518358021625,3.5188530521574535,0.7810817061884734,149.71760953803482,153.23646259019228,99.26110670077678,100.04218840696525,true,true
50,20.0,149.91078902691663,99.96598106615207,3.2445972352463173,0.6766803080676453,148.53168523397972,151.77628246922603,99.5317659559137,100.20844626398134,true,true
50,20.0,150.78765571577108,99.91240473510871,2.911172000704596,0.7372538500502941,149.57089453095722,152.48206653166181,99.4479291820971,100.18518303214739,true,true
50,20.0,150.44812777362847,99.56955790716245,2.912268379609003,0.7934986442301692,149.2676510419479,152.1799194215569,99.07352209855772,99.86702074278789,true,false
50,20.0,148.70239791303587,99.57069497454958,3.210199957229065,0.6983911542621115,147.31551579641499,150.52571575364405,99.13594843203967,99.83433958630178,true,false
50,20.0,150.7611711455446,100.64891763127683,3.3583555994559333,0.7704473791156232,149.34887399451634,152.70722959397227,100.16460001334661,100.93504739246224,true,false
50,20.0,151.26811440492042,101.26599438766215,3.5137158565149775,0.7518686282073759,149.68865167064337,153.20236752715834,100.78627038401403,101.53813901222141,true,false
50,20.0,147.56061312685205,100.14009088641161,2.7688628585183324,0.741871203186534,146.4137141897855,149.18257704830384,99.67897812747813,100.42084933066467,false,true
50,20.0,151.87443941961854,100.41295633171737,3.1447835893617366,0.762698287884291,150.59182942855392,153.73661301791566,99.95449438393251,100.7171926718168,false,true
50,20.0,150.8378058156879,99.56235264068133,3.4217925665226687,0.7607859541049322,149.34476844948657,152.76656101600923,99.07072484186688,99.83151079597181,true,false
50,20.0,149.39947672179727,100.27410899712865,3.111110360269663,0.7349813476471923,148.0475059198287,151.15861628009836,99.81827713042955,100.55325847807674,true,true
50,20.0,148.44386469847564,99.80155760070916,3.143660799520376,0.7536335075940741,147.1608703364937,150.30453113601408,99.31116210031652,100.0647956079106,true,true
50,20.0,149.47717440656527,99.82197138725843,3.4969386580842183,0.720874819987273,147.97077129224334,151.46770995032756,99.3611008832543,100.08197570324157,true,true
50,20.0,145.30848501763535,101.30939559765447,2.718899909767856,0.6673939156319761,144.1833897888921,146.90228969865996,100.87676389509532,101.5441578107273,false,false
50,20.0,147.6865905856336,99.825029419618,2.6487959396731924,0.7486508333360149,146.54865936893793,149.19745530861113,99.34673430016797,100.09538513350398,false,true
50,20.0,150.3343086596585,99.73294130685292,2.638476031264389,0.7640403515635512,149.25697238945602,151.8954484207204,99.2494840428316,100.01352439439515,true,true
50,20.0,151.15105546014019,99.80519178637942,2.7650239936337186,0.8470174761861529,150.03035236873396,152.79537636236768,99.25708543100808,100.10410290719423,false,true
50,20.0,152.2586681663751,100.36109665274468,3.003881449531889,0.8220044671411415,150.9583255927788,153.9622070423107,99.84144058248252,100.66344504962366,false,true
50,20.0,151.31132181573906,99.54610223749393,2.4228976791231958,0.7783076010315568,150.34336073604845,152.76625841517165,99.06002614687299,99.83833374790454,false,false
50,20.0,145.43529017451095,99.91833770569812,3.094847158686349,0.6534403729470597,144.15296674820087,147.24781390688722,99.50334769390524,100.1567880668523,false,true
50,20.0,150.99034854206982,100.01020641736835,3.3694785669323437,0.7752750788227587,149.49418841256613,152.86366697949848,99.51353789713936,100.28881297596212,true,true
50,20.0,152.5271734997923,99.715725804898,3.4000832542525075,0.8099526949930436,151.1500960402587,154.5501792945112,99.20305856027838,100.01301125527142,false,true
50,20.0,151.64372554572503,99.81474760323667,3.007022915004427,0.7398472196082508,150.3925214205739,153.39954433557833,99.35982800447582,100.09967522408407,false,true
50,20.0,149.36666196651595,99.67449070142393,3.9099126022589985,0.736281517530486,147.69855059943447,151.60846320169347,99.20657352632554,99.94285504385603,true,false
50,20.0,149.69370035270288,101.0547286999554,2.5109895777749216,0.7152166966639868,148.6353637006825,151.1463532784574,100.59666857792865,101.31188527459264,true,false
50,20.0,151.14065488067604,99.61858757939538,3.7725524294825163,0.7374051159579551,149.40022713858687,153.1727795680694,99.15283875826223,99.89024387422019,true,false
50,20.0,147.24343524194552,100.1801374970394,3.0288799659278993,0.6934517765123758,145.9593792088126,148.9882591747405,99.74049366791927,100.43394544443164,false,true
50,20.0,152.0665793081892,99.97905567681943,3.9389775501067277,0.7406324299853679,150.34885893163758,154.2878364817443,99.51103939216807,100.25167182215344,false,true
50,20.0,151.56358653463326,99.98708575933358,2.7828054110620712,0.7759853860030432,150.4660467870012,153.24885219806328,99.50192408044218,100.27790946644522,false,true
50,20.0,150.94288185773155,99.73831172465208,3.055996628821731,0.7276222562109353,149.57358917114354,152.62958579996527,99.2865263084336,100.01414856464453,true,true
50,20.0,149.11291011126053,100.32771125911489,2.753713580155136,0.6992506941061407,147.9733036199689,150.72701720012404,99.89365561800257,100.59290631210871,true,true
50,20.0,150.57228849038344,100.15095850213653,3.4611633504358394,0.7224278861666136,149.06898046424325,152.5301438146791,99.69010051635438,100.41252840252099,true,true
50,20.0,151.6135168979314,100.85399961833379,3.430472176342164,0.7348236887628161,150.1062941090894,153.53676628543155,100.39912093321922,101.13394462198204,false,false
50,20.0,150.8323099378821,100.7975474932213,2.780095594360347,0.7397365809918028,149.6955530671951,152.47564866155545,100.31393077093708,101.05366735192888,true,false
50,20.0,149.69891843291322,99.91535059749816,3.3330830901953448,0.7671404607916799,148.30404626461078,151.63712935480612,99.42371880830252,100.1908592690942,true,true
50,20.0,149.86456842389453,99.58943389438105,3.3682407749268464,0.6756810311250803,148.42274734173964,151.79098811666648,99.15812940434388,99.83381043546896,true,false
50,20.0,149.65906109957047,100.16106051622276,2.8953657038931624,0.800267239378087,148.43452174959313,151.3298874534863,99.64721675636065,100.44748399573874,true,true
50,20.0,150.4731651035151,99.71245361780743,3.3087109937852404,0.7322953725004311,149.06228703070948,152.37099802449472,99.2484454357809,99.98074080828133,true,false
50,20.0,150.0176505920481,100.60000113614761,2.113711401931141,0.7302967739078667,149.16944482188387,151.283156223815,100.14916675072851,100.87946352463638,true,false
50,20.0,149.26671901155015,100.47674605785782,3.146463087208815,0.7099047201597983,147.99252899468664,151.13899208189545,100.03103869486404,100.74094341502384,true,false
50,20.0,151.04652785461337,100.27528942377111,2.663678740982988,0.7587105506621015,149.9822443586339,152.64592309961688,99.77811716924697,100.53682771990907,true,true
50,20.0,146.6590744178437,99.97972869266779,3.560357302116614,0.7097981569327629,145.05965658915616,148.62001389127278,99.53640060280931,100.24619875974207,false,true
50,20.0,145.000831661555,99.75249233297498,2.428351946702975,0.6829787810126788,144.03060252262128,146.45895446932425,99.3311199454305,100.01409872644318,false,true
50,20.0,151.0151555360274,100.47788961979555,3.6027966813696253,0.7527395671717301,149.4043755219258,153.00717220329543,99.99652027654498,100.74925984371671,true,true
50,20.0,152.5200394348932,99.76321788417461,3.076395401639786,0.7866334505173711,151.14986036601823,154.22625576765802,99.24954690539829,100.03618035591566,false,true
50,20.0,150.27428848958488,99.77034183923263,2.9028982090531485,0.7572342563477008,149.18339875574082,152.08629696479397,99.28354308419954,100.04077734054724,true,true
50,20.0,150.74156251305607,99.9963438867891,3.959372976041095,0.8082242539882287,149.04446065997948,153.00383363602057,99.4903012856807,100.29852553966893,true,true
50,20.0,149.228850727151,101.43353524056086,3.5072001031657862,0.7263659448801718,147.64180490327837,151.14900500644416,100.96642317114231,101.69278911602248,true,false
50,20.0,151.74085847236978,100.78433129620797,2.437803829148976,0.7561577149846528,150.7418196853085,153.1796235144575,100.30376055118082,101.05991826616547,false,false
50,20.0,151.10389032405368,101.00931801438085,3.4426231430981886,0.7241700630177803,149.57821870806015,153.02084185115834,100.56300969598095,101.28717975899873,true,false
50,20.0,149.08530009728128,100.9063828354471,2.5471667422663984,0.7490996848625997,148.02251501228426,150.56968175455066,100.43050139504493,101.17960107990753,true,false
50,20.0,144.55971402019475,99.61877373125698,3.037370076422917,0.667798882183007,143.2364442248159,146.27381430123882,99.19548108182912,99.86327996401212,false,false
50,20.0,150.82906993631968,100.67426975868372,2.937624881505087,0.7372276260602177,149.56803149293583,152.50565637444092,100.21674987393718,100.9539774999974,true,false
50,20.0,150.66341433436267,99.57944609375544,2.9625518371190935,0.7526982157173165,149.38952497557923,152.35207681269833,99.10989261697935,99.86259083269667,true,false
50,20.0,149.23087478569823,99.72628989418266,3.0427955468260564,0.745077483661106,147.87011407464496,150.91290962147102,99.25141161352317,99.99648909718428,true,false
50,20.0,150.30438623220596,99.58105570159108,2.43182020681121,0.7437980768182655,149.25946436833254,151.69128457514375,99.10760725642949,99.85140533324775,true,false
50,20.0,149.69437001056252,99.65877191241121,3.3272974739777226,0.7527855813332422,148.298239758245,151.6255372322227,99.18268823110961,99.93547381244285,true,false
50,20.0,150.6674950343301,99.59320702568908,3.0806118873620676,0.7921419905928957,149.3675817078484,152.44819359521045,99.09370567156247,99.88584766215537,true,false
50,20.0,144.4852379320397,101.1434870156227,2.8105477825147034,0.6817166557207202,143.30028101601386,146.11082879852856,100.71639572553241,101.39811238125313,false,false
50,20.0,145.24332958724932,99.67624487690793,2.3448581832784896,0.7019912948235429,144.2793330371583,146.62419122043678,99.22826632701883,99.93025762184237,false,false
50,20.0,150.73201377402148,100.61210612208451,2.9828610445499066,0.7459269231656123,149.4736562988756,152.4565173434255,100.13111223609077,100.87703915925638,true,false
50,20.0,151.90369555712476,100.43403895348317,2.573829361238978,0.7332077468243767,150.8074741165747,153.38130347781367,99.97665975744704,100.70986750427141,false,true
50,20.0,150.24234217988595,100.09869517070649,2.8695441728547735,0.7811174770601497,149.06367275460633,151.9332169274611,99.61334985237025,100.3944673294304,true,true
50,20.0,152.1572120706395,100.04557348769725,3.5799438819796876,0.785023354170221,150.58586152010278,154.16580540208247,99.53090319702383,100.31592655119405,false,true
50,20.0,148.13505779969907,100.14128241128046,2.5180468044720783,0.7112796817319236,147.09633050411676,149.61437730858884,99.70426858575112,100.41554826748305,false,true
50,20.0,141.22734765994818,99.72324651596685,2.8671683400361587,0.6523490089586517,139.9734078845939,142.84057622463007,99.30487586638472,99.95722487534337,false,false
50,20.0,144.76249126575212,100.20391096020543,2.234627349491177,0.6730851681318484,143.86782552823598,146.10245287772716,99.78354877220593,100.45663394033778,false,true
50,20.0,153.01839395241956,100.02744923037243,3.619285235150784,0.7983593249758627,151.4132696290191,155.0325548641699,99.52014144670434,100.3185007716802,false,true
50,20.0,151.90007681149896,101.38159525393749,3.222146489493582,0.7780806869918422,150.56448665885023,153.7866331483438,100.88523794030785,101.66331862729969,false,false
50,20.0,150.56749554831995,99.93326252813989,2.5573841146173493,0.7659116932352248,149.49397379752583,152.05135791214317,99.46072312570666,100.22663481894189,true,true
50,20.0,150.43360568345716,101.65091399143836,2.9105121303829833,0.7215077642529053,149.18245221519362,152.0929643455766,101.20275200906744,101.92425977332034,true,false
50,20.0,150.97681153925998,100.12205083332994,2.6493855664497516,0.7470399245335386,149.88606068041776,152.5354462468675,99.65337062208683,100.40041054662036,true,true
50,20.0,149.74606509505983,99.72160657916666,2.7270396953897205,0.7452951196735569,148.54378727353054,151.27082696892026,99.25431089838497,99.99960601805853,true,false
50,20.0,151.3886735204242,99.71510789299165,3.0243221510276044,0.7662926890389627,150.12293753372737,153.14725968475497,99.23418925308849,100.00048194212745,false,true
50,20.0,152.4376347090377,100.34818071715026,3.3918535706884825,0.7671620354458639,150.91626780948505,154.30812138017353,99.86488076462483,100.63204280007069,false,true
50,20.0,150.19286597340334,100.05763231840139,2.8718414411933395,0.6825984028730971,149.01189251001972,151.88373395121306,99.62362326815567,100.30622167102877,true,true
50,20.0,147.02826181924166,100.11060359204271,2.784752934517172,0.71372860383633,145.8569247162839,148.64167765080109,99.66583539265017,100.3795639964865,false,true
50,20.0,152.55206170399845,99.66375891844373,3.581595211719929,0.7558461970339181,150.94485790914385,154.52645312086378,99.1814923304687,99.93733852750262,false,false
50,20.0,145.90421248297554,99.9154856565601,2.6932959421867224,0.7016508540962718,144.74144620746983,147.43474214965656,99.47321309595677,100.17486395005304,false,true
50,20.0,150.01564568028067,100.35392229475367,3.6467650287822266,0.7552761331926661,148.35416370515716,152.0009287339394,99.88126899546361,100.63654512865628,true,true
50,20.0,149.89300238605642,101.16871231238181,2.987123067636759,0.725828736185548,148.59950907772793,151.5866321453647,100.71609848591116,101.44192722209671,true,false
50,20.0,149.18734823605905,100.60818744965762,3.7071105682750556,0.7129946430860628,147.58585759900143,151.29296816727648,100.15858897094864,100.8715836140347,true,false
50,20.0,150.78100002303833,100.65385259661392,2.8975182046789882,0.7985987806493711,149.5954505360395,152.49296874071848,100.13589316784574,100.93449194849511,true,false
50,20.0,148.14669224965425,99.64710585998104,2.582967748132603,0.7161901676064844,147.12302810979804,149.70599585793065,99.18958476446987,99.90577493207635,false,false
50,20.0,146.5142371127004,99.97946526039527,3.8110950039505838,0.684840708968423,144.80908097413695,148.62017597808753,99.55420829936605,100.23904900833448,false,true
50,20.0,150.28303994486492,99.92629344884776,2.9063588655863555,0.746760534297934,149.04471803922104,151.9510769048074,99.44194915365429,100.18870968795223,true,true
50,20.0,150.18420126706755,99.91979690681481,2.9289740088218537,0.7204486005513502,148.9476531757856,151.87662718460746,99.46314035352422,100.18358895407557,true,true
50,20.0,151.06833524829773,99.74052478173306,3.510773672660605,0.8048501100589363,149.514104370553,153.02487804321362,99.23262381720393,100.03747392726287,true,true
50,20.0,146.58615883362535,101.68610108302767,2.3371527836417556,0.6696300015090912,145.61504308790782,147.95219587154958,101.2669353999872,101.9365654014963,false,false
50,20.0,151.08970979421093,100.07066049041713,3.6166257876699035,0.7119928073606445,149.5315320110884,153.1481577987583,99.62938474950863,100.34137755686928,true,true
50,20.0,150.22521654191868,101.14805057675594,2.606551260444917,0.7046983026587839,149.1773925880142,151.7839438484591,100.69916655300892,101.4038648556677,true,false
50,20.0,149.58045527879543,99.78527384701736,2.1595763629193527,0.7244315578858362,148.73015985169366,150.889736214613,99.30705269923415,100.03148425711998,true,true
50,20.0,152.30630403779432,100.83260233787408,3.092441014697471,0.7641399856962465,150.97254638683248,154.06498740152995,100.34041214189476,101.104552127591,false,false
50,20.0,150.4729127587636,100.27034124760527,3.206270038638962,0.779994906707671,149.105710102657,152.31198014129598,99.77711765171318,100.55711255842085,true,true
50,20.0,151.86625166607445,99.76779954723472,3.2060287184206686,0.7597735498257521,150.4982191585126,153.70424787693327,99.28839732445333,100.04817087427908,false,true
50,20.0,150.09451676646194,101.03311849710481,3.344110730591609,0.723786478463424,148.61947565822857,151.96358638882018,100.57887093053063,101.30265740899405,true,false
50,20.0,149.1390174311228,100.71646741105702,2.9433091111245915,0.745439278839072,147.89142155579322,150.8347306669178,100.23670539426166,100.98214467310073,true,false
50,20.0,151.96136358093563,99.84822078289801,3.968129378549662,0.7820557538484962,150.2498978986604,154.21802727721007,99.35239807386712,100.13445382771562,false,true
50,20.0,143.73867515650016,100.1806943491934,2.3404228972115675,0.6780880821714845,142.80399888705008,145.14442178426165,99.757363020362,100.43545110253349,false,true
50,20.0,149.98797653194197,99.90996037262508,3.1576065589091513,0.7335337034007097,148.63711366666806,151.7947202255772,99.44590578833221,100.17943949173292,true,true
50,20.0,150.15763503896295,99.9338392891242,3.247241462865844,0.8185128004225248,148.8145350502008,152.06177651306663,99.39865554892876,100.21716834935128,true,true
50,20.0,152.3638644222309,99.6078992852149,4.297559877640936,0.7735640839645583,150.5301009496542,154.82766082729515,99.11873805826356,99.89230214222812,false,false
50,20.0,151.44468210064707,100.60655336879154,2.468277839337617,0.774043178380694,150.49207843379173,152.96035627312935,100.09888057978546,100.87292375816615,false,false
50,20.0,150.32965211912352,99.79351158068832,2.4221989779997273,0.7487899532393385,149.36872625558422,151.79092523358395,99.31954882506881,100.06833877830815,true,true
50,20.0,149.91404431377455,99.73206207680578,2.3476159758423307,0.7050815781472863,148.96586320262995,151.31347917847228,99.29034365105727,99.99542522920456,true,false
50,20.0,146.81230680970813,100.28001675708043,3.2444243767302794,0.6653306469659412,145.4514236107568,148.69584798748707,99.86535019312956,100.5306808400955,false,true
50,20.0,149.6340069025294,100.10846074700298,2.8985994771146864,0.7040937913547793,148.40278829192593,151.30138776904062,99.65703735822484,100.36113114957962,true,true
50,20.0,151.95928081459306,99.60457416705617,2.8844391452615525,0.8089366542940866,150.67884066117227,153.56327980643383,99.09609312930388,99.90502978359797,false,false
50,20.0,151.99037322452278,99.93507287252227,4.007036547358155,0.7878877917828362,150.1992910664799,154.20632761383806,99.45380454394115,100.24169233572398,false,true
50,20.0,148.244424764163,99.85808484507461,3.1913223831259927,0.7143705907916171,146.86197315560028,150.05329553872627,99.40087060416673,100.11524119495834,true,true
50,20.0,149.06754587793816,99.96897690843207,3.0824039099351523,0.7154129701697372,147.7755053652398,150.85790927517496,99.5014247857078,100.21683775587753,true,true
50,20.0,150.10004786205172,100.38981668383414,2.450367717870847,0.7972712254703112,149.1049596350393,151.55532735291015,99.87742810302599,100.6746993284963,true,true
50,20.0,148.55932404930877,99.73920479704866,3.3864483420877036,0.7309451650673822,147.0849592397496,150.4714075818373,99.28764288590604,100.01858805097342,true,true
50,20.0,149.98242380138856,100.35465034634694,2.8802955042568215,0.7445388742842312,148.8154839042076,151.69577940846443,99.89075708476187,100.6352959590461,true,true
50,20.0,151.0207527287409,99.61985138759005,3.7269049826928153,0.7613309313805416,149.43516457431042,153.16206955700324,99.14204493308611,99.90337586446665,true,false
50,20.0,152.7208962113366,99.7448169012128,3.6846942058813,0.8117427946490636,151.13844253774417,154.82313674362547,99.23731522452084,100.0490580191699,false,true
50,20.0,146.4764198694353,100.16540356902425,3.34348813984127,0.7247188505096602,145.04166825150685,148.38515639134812,99.7141599975694,100.43887884807906,false,true
50,20.0,151.67831516723032,99.8118930114579,3.155669652686811,0.7522277391873757,150.307436966776,153.46310661946282,99.3401773450667,100.09240508425408,false,true
50,20.0,144.71237180328563,99.73140096711973,2.5348159706014712,0.6955404340650091,143.68173694253315,146.21655291313462,99.29443588901223,99.98997632307724,false,false
50,20.0,151.60412163178273,100.15841844694684,3.3510979737958166,0.7731764402162185,150.17979912627808,153.5308971000739,99.66920702570897,100.44238346592519,false,true
50,20.0,151.8978400152091,100.7024597150598,3.0509159108126482,0.731539652115643,150.59136660432426,153.6422825151369,100.25130725757009,100.98284690968573,false,false
50,20.0,149.22436979198713,99.55324516316034,2.5605838380116097,0.7402723179696977,148.18843492427084,150.74901876228245,99.08331937028142,99.82359168825111,true,false
50,20.0,150.45419758417864,100.58692909566454,3.2032066417700378,0.7991675489843857,149.09233876014994,152.29554540191998,100.07756453730376,100.87673208628814,true,false
50,20.0,151.22557943650418,99.7336866237763,2.761914827368514,0.7452699790313488,150.06438253263826,152.82629736000678,99.2622004466841,100.00747042571545,false,true
50,20.0,146.80609397205603,99.61984469972623,2.7133321786045315,0.7367681959621706,145.66245263008818,148.3757848086927,99.15803015132806,99.89479834729023,false,false
50,20.0,150.0159837812673,101.06393028891775,3.7600107846479034,0.7352854953794434,148.28468407747758,152.04469486212548,100.60443342130111,101.33971891668055,true,false
50,20.0,152.48305588849146,99.78123665315469,2.9980677794273163,0.8049161408654584,151.1608148822082,154.15888266163552,99.27195625211742,100.07687239298288,false,true
50,20.0,152.10642157702168,99.6151959366468,3.8286006906752164,0.7789745686469445,150.4855076642258,154.314108354901,99.11351411547645,99.89248868412339,false,false
50,20.0,150.64035669534692,99.57668438943803,2.4474483383521033,0.7987692344356532,149.64864216383552,152.09609050218762,99.06638296780149,99.86515220223714,true,false
50,20.0,148.2164888359492,99.79208549265756,2.5986860699226497,0.7499539921661409,147.04605351319213,149.64473958311478,99.31951251935736,100.0694665115235,false,true
50,20.0,152.95031429350774,100.66291221615755,3.8878170395621794,0.7813113027632994,151.26258511252155,155.15040215208373,100.17510658914239,100.95641789190569,false,false
50,20.0,151.95675306859485,99.57159046445223,3.4822350294499245,0.7814213123382956,150.43819094937507,153.920425978825,99.07932333483639,99.86074464717468,false,false
50,20.0,152.18641206853061,100.31116858961818,3.2968398548333084,0.7434444173781429,150.8595419071669,154.15638176200022,99.85419223985049,100.59763665722863,false,true
50,20.0,150.4955002956917,100.04434882906627,3.180445244280577,0.7540058850574667,149.12937118976245,152.30981643404303,99.5531676765047,100.30717356156217,true,true
50,20.0,149.36041430158156,99.69185108561061,2.27575588771154,0.7637140209964741,148.48680174484002,150.76255763255156,99.19914139519551,99.96285541619199,true,false
50,20.0,149.12615542919244,99.86304797631635,2.8457199118925587,0.7298423669346619,147.93830667002666,150.78402658191922,99.40088493290347,100.13072729983813,true,true
50,20.0,151.9465547966692,101.51394001098865,3.1902936677949185,0.735387760050429,150.66151040233737,153.8518040701323,101.04954911651583,101.78493687656626,false,false
50,20.0,149.06686937419994,99.89135418735826,3.3674829523293965,0.7465034857824691,147.6345964651486,151.002079417478,99.41727064780008,100.16377413358255,true,true
50,20.0,150.89801607739372,99.58956569837252,2.490699486127795,0.7972091415703346,149.8205148869792,152.311214373107,99.07681859707964,99.87402773864997,true,false
50,20.0,151.04399576229576,100.17162363032456,2.651577987114166,0.7271208231978363,149.92959168008008,152.58116966719425,99.71122093291632,100.43834175611416,true,true
50,20.0,152.2249736619872,99.86123341380582,4.021283389044896,0.7530795891654236,150.42363400627852,154.44491739532342,99.3884158573874,100.14149544655282,false,true
50,20.0,145.5471505632737,99.63263796995352,2.854844322984917,0.6652683572631446,144.29729704043768,147.1521413634226,99.20209754761831,99.86736590488145,false,false
50,20.0,149.23322290236223,100.12198750815227,3.022015299033683,0.7748061986126089,147.9321852603042,150.9542005593379,99.61939266702834,100.39419886564094,true,true
50,20.0,149.29443808500665,100.2561924369222,2.59714261032741,0.710227430683446,148.23125488319712,150.82839749352453,99.79932944494035,100.5095568756238,true,true
50,20.0,149.63623866016687,99.57777036486603,2.9013367533132737,0.7830999343476606,148.35915356393946,151.26049031725273,99.0557664752333,99.83886640958096,true,false
50,20.0,146.5794949763244,101.49617640549414,2.497527321030418,0.6630021169354876,145.51076226146728,148.0082895824977,101.07598030439847,101.73898242133396,false,false
50,20.0,151.15857660807816,99.75302628942232,3.277856391805045,0.7815337990905249,149.72216828383176,153.0000246756368,99.25332165065937,100.0348554497499,true,true
50,20.0,150.3220613833534,99.62387176873851,3.280954083609231,0.7675268630360392,149.01152745716053,152.29248154076976,99.1315144359287,99.89904129896473,true,false
50,20.0,149.87037703228893,99.52442235332958,2.725361919258887,0.8058857719212824,148.73291400127707,151.45827592053595,99.01417511517596,99.82006088709724,true,false
50,20.0,144.3555383882367,100.85274201833471,2.322434243327592,0.701846818729166,143.41364770740842,145.736081950736,100.4036837628654,101.10553058159456,false,false
50,20.0,149.85262244491474,99.94941337989493,3.363240738463105,0.7358701133431254,148.46249067870798,151.82573141717108,99.48530113774964,100.22117125109277,true,true
50,20.0,150.79059373366815,100.2157187259051,3.502873858199507,0.7239785643462113,149.2501669267509,152.7530407849504,99.7702352193659,100.49421378371211,true,true
50,20.0,148.1446435771826,100.37923772243127,2.416997617183142,0.648173836254287,147.1232939512645,149.54029156844763,99.97429743579887,100.62247127205316,false,true
50,20.0,151.87188063814668,99.89768516332421,3.7675506730963946,0.7379489845747003,150.16222399196408,153.92977466506048,99.42951227431956,100.16746125889426,false,true
50,20.0,151.70653797899865,100.2472444703586,2.618059759212912,0.7697778789053444,150.65026536671908,153.268325125932,99.75434766350949,100.52412554241484,false,true
50,20.0,151.14015246689104,101.59431851493866,2.718238854925829,0.7882049168772909,150.02089416080392,152.73913301572975,101.09400199630909,101.88220691318638,false,false
50,20.0,149.15952835090292,100.0679983760809,3.0679923031725025,0.702107002425123,147.80100315547404,150.86899545864654,99.6237878768381,100.32589487926322,true,true
50,20.0,150.99674652963532,100.16130161777056,2.0477769411914437,0.775508219776853,150.16474736060454,152.21252430179598,99.66013819578353,100.43564641556038,false,true
50,20.0,151.0609800166751,99.9163685770325,2.630482300269165,0.7925717262543799,150.0345885577114,152.66507085798057,99.42424962624037,100.21682135249475,false,true
50,20.0,150.43479688005755,99.95855964237366,2.8629838890186647,0.7921905970287355,149.23897349830315,152.10195738732182,99.46552054722675,100.25771114425548,true,true
50,20.0,150.2424139137361,100.9897427827141,2.427384165559232,0.7485968983966842,149.2502676870578,151.67765185261703,100.50891727179214,101.25751417018883,true,false
50,20.0,148.6244442465029,101.5541863871716,2.678052290258762,0.6750705992155872,147.46644326519214,150.1444955554509,101.11943262536917,101.79450322458476,true,false
50,20.0,150.37721994170295,99.76670081359421,2.676648269746238,0.747275425589919,149.2665440825942,151.94319235234045,99.28680207966042,100.03407750525034,true,true
50,20.0,151.63510217523458,100.49812406602891,3.094073715884548,0.7392501541363714,150.36631265490436,153.4603863707889,100.03927661676367,100.77852677090004,false,false
50,20.0,149.96579440379486,100.14127499554618,2.7358362092368793,0.7619566497073293,148.8329387988193,151.56877500805618,99.6598394769723,100.42179612667962,true,true
50,20.0,149.61600798018992,100.61362533072626,3.5622177835242894,0.7351005702056028,148.0489970418211,151.6112148253454,100.14257287939688,100.87767344960248,true,false
50,20.0,150.6588217097477,100.35241789959557,2.3424869451740165,0.7692024264814421,149.67996910127556,152.02245604644958,99.86846498831166,100.6376674147931,true,true
50,20.0,150.20320067777766,99.79505030978191,3.525136874136791,0.7742764597929579,148.68127957519275,152.20641644932954,99.30698899018259,100.08126544997555,true,true
50,20.0,147.41908276050899,100.22334955630595,2.998674714264979,0.7416993386136141,146.11049371754103,149.109168431806,99.74168478344711,100.48338412206073,false,true
50,20.0,152.0213394954323,101.83307773088939,3.25947948696745,0.7623067769265361,150.64315398024132,153.90263346720877,101.35887824822404,102.12118502515058,false,false
50,20.0,145.5366434079689,99.63656351272047,3.2745369192080034,0.6719625489388221,144.1278310034438,147.4023679226518,99.21673292601615,99.88869547495497,false,false
50,20.0,146.8699490498567,100.73944952153693,3.391722879730935,0.6775647674759142,145.32888983046686,148.7206127101978,100.31252240360523,100.99008717108114,false,false
50,20.0,152.67463545297153,100.57311613948195,3.1167406844429593,0.8007781543080199,151.39694507146996,154.51368575591292,100.07160403877968,100.8723821930877,false,false
50,20.0,151.29705403539026,99.82949290062933,3.27873502761301,0.7050684459051553,149.8506546840253,153.1293897116383,99.38645075007602,100.09151919598118,true,true
50,20.0,152.73491560322685,100.29342913776806,3.34583329573627,0.8392984194778421,151.29108212958693,154.6369154253232,99.77112692389761,100.61042534337545,false,true
50,20.0,152.82028466813335,100.39032323605016,3.809162537553078,0.7892460255695823,151.2044704923907,155.01363302994378,99.90422926066768,100.69347528623726,false,true
50,20.0,152.32636634707288,102.36267425941259,2.9334508741663115,0.6894235820190602,151.07014702200905,154.00359789617536,101.92737396462155,102.61679754664061,false,false
50,20.0,150.67287976797152,99.61533934686207,2.831953917595854,0.7813683963091194,149.4925695185541,152.32452343614995,99.12273115684425,99.90409955315337,true,false
50,20.0,146.44936607386995,100.03372718863767,2.816338276168352,0.7121128782144552,145.34658973926227,148.16292801543062,99.58385420299817,100.29596708121262,false,true
50,20.0,150.441642143759,101.1622956649957,3.068908076299408,0.7472575626097182,149.09081343731188,152.1597215136113,100.69253404143254,101.43979160404226,true,false
50,20.0,146.30709240263877,99.96544406738245,2.9769888225583543,0.7015380527043078,144.95839021899758,147.93537904155593,99.52174973463252,100.22328778733683,false,true
50,20.0,149.04293316747996,100.03877366712062,3.38600220704123,0.8167147775335906,147.6121255548584,150.99812776189964,99.5247990716214,100.34151384915499,true,true
50,20.0,145.499272915623,99.63058449185161,3.2745036350863757,0.702505619630017,144.1095529471333,147.38405658221967,99.18362541352325,99.88613103315326,false,false
50,20.0,151.80231291278835,99.49759840294595,2.525200124963561,0.8169587399415406,150.79129571461118,153.31649583957474,98.99042107951725,99.80737981945879,false,false
50,20.0,152.73847004418056,100.62636619031517,3.3777031873457304,0.7995186411879445,151.29726311225716,154.6749662996029,100.12357396898315,100.9230926101711,false,false
50,20.0,151.67902198764426,100.0947390850888,3.691707630175273,0.7917298842171192,150.07733258127666,153.76904021145194,99.59328274568308,100.3850126299002,false,true
50,20.0,146.16414774071467,100.45119230041844,2.6874573548201965,0.6862092697579101,145.0865954759016,147.77405283072179,100.02109158641034,100.70730085616825,false,false
50,20.0,150.75552325276607,100.17370112673359,3.290828834939333,0.7539077075528411,149.3458976160829,152.63672645102224,99.7029588928587,100.45686660041154,true,true
50,20.0,149.8152500520946,100.15674926385233,2.608695972408981,0.767761204937969,148.7868262639749,151.39552223638387,99.67940077422313,100.4471619791611,true,true
50,20.0,151.19802225002047,100.20320059236403,2.781505308904599,0.7993823663363173,150.08853393520792,152.87003924411252,99.68983242287722,100.48921478921353,false,true
50,20.0,151.2366385638431,101.68297981361113,3.255925937520061,0.7462641500717524,149.8324846490834,153.08841058660346,101.19061363877417,101.93687778884592,true,false
50,20.0,147.89558965739022,99.88156236138443,2.858720098556944,0.7188267173948759,146.70928217678022,149.56800227533716,99.42191428402649,100.14074100142136,false,true
50,20.0,148.74324331663058,99.78795329659067,2.897224181288607,0.7330601452712528,147.5023668316274,150.399591012916,99.33085742807731,100.06391757334856,true,true
50,20.0,152.06189912858682,99.98744396203685,3.547444665712561,0.7738885923861716,150.46270723822028,154.01015190393284,99.50792102083969,100.28180961322586,false,true
50,20.0,150.93243340385686,99.96198706933961,3.765300963324705,0.7532308522162054,149.23854485192845,153.00384581525316,99.48559838130072,100.23882923351692,true,true
50,20.0,145.72565732934078,99.60830454177452,3.6664650204999134,0.6737956529476747,144.08634760825976,147.75281262875967,99.19025697698743,99.8640526299351,false,false
50,20.0,152.2903067373211,100.21396582177435,2.802177257594252,0.7243600901461775,151.1220830200393,153.92426027763355,99.74809765058617,100.47245774073235,false,true
50,20.0,144.85739285080436,99.61780620036548,2.8960326725185155,0.6610629219945992,143.60045864721755,146.49649131973607,99.1914940208192,99.8525569428138,false,false
50,20.0,149.7289573523451,101.14376480902962,2.6081081460638984,0.717589661684471,148.63617551936855,151.24428366543245,100.68736473209685,101.40495439378132,true,false
50,20.0,152.00596041048397,100.02194444693441,2.874815982716882,0.7790760433361186,150.81707612067032,153.6918921033872,99.53086014665568,100.3099361899918,false,true
50,20.0,143.17397547072147,100.99111947129003,2.762547549026891,0.6478817867120057,141.98421384085165,144.74676138987854,100.58902957647116,101.23691136318317,false,false
50,20.0,147.5956472752449,100.1103476651921,2.3576919264209835,0.7040974227092107,146.67007323149392,149.0277651579149,99.6688232466055,100.37292066931471,false,true
50,20.0,149.84565254100946,100.0732869494494,3.3887459288346804,0.695290860364878,148.32800352665566,151.71674945549034,99.64142565354672,100.3367165139116,true,true
50,20.0,152.29278780019632,100.75998175819875,3.203892705264934,0.8284147393496823,150.9411714628112,154.14506416807615,100.23802725419884,101.06644199354852,false,false
50,20.0,150.24875446127555,99.56719135922012,2.8909949936419252,0.723109055545919,149.04670250264965,151.93769749629158,99.10941774702509,99.83252680257101,true,false
50,20.0,147.59196983554756,101.69508035704195,2.7405607873828046,0.6733516504462784,146.4778468573689,149.2184076447517,101.26379864109832,101.9371502915446,false,false
50,20.0,151.88898607100938,99.91810074785924,3.9525959387357545,0.7722181906860897,150.16315540518193,154.11575134391768,99.43152789431817,100.20374608500425,false,true
50,20.0,151.61892957577265,99.84828643308752,3.777223938580647,0.7180905836010112,150.01692445336053,153.79414839194118,99.40112108376033,100.11921166736134,false,true
50,20.0,141.3219443290152,99.68814274984442,2.657696139640308,0.6271310599524327,140.2034140979708,142.86111023761111,99.28621348994362,99.91334454989605,false,false
50,20.0,148.88461358743368,99.55992374468977,3.577468939083161,0.7472469145072864,147.37159594372042,150.94906488280358,99.0826160510312,99.82986296553848,true,false
50,20.0,151.12770194315897,99.68531925055632,2.928638861746151,0.764573495610378,149.90208217312872,152.83072103487487,99.19503241762833,99.9596059132387,true,false
50,20.0,146.36335095794786,100.33776127062549,2.570387756495222,0.6932007294721103,145.23885156361166,147.80923932010688,99.90706851787175,100.60026924734386,false,true
50,20.0,152.49663843658726,101.91095273147086,3.000015696670289,0.7582857565711549,151.20440792713714,154.20442362380743,101.43209410691904,102.1903798634902,false,false
50,20.0,150.89693009985214,99.91956961269662,2.9838885147799203,0.7619796134933097,149.6310352967861,152.61492381156603,99.42313156438132,100.18511117787463,true,true
50,20.0,150.88361356178604,100.1161616022803,2.655846503096427,0.7586818869462917,149.77109004268704,152.42693654578346,99.65662969817498,100.41531158512127,true,true
50,20.0,150.01746041788934,100.46530256299152,3.0985469024087706,0.689255565978911,148.7612203428886,151.85976724529738,100.02663342025575,100.71588898623466,true,false
50,20.0,148.8464603665779,101.08928633150944,3.2006019163612507,0.7590130766687793,147.4312607218815,150.63186263824275,100.60947747158862,101.3684905482574,true,false
50,20.0,150.47246409531235,99.78318980720168,2.175011792780566,0.7361145951180532,149.63545479559778,151.81046658837835,99.31519641325767,100.05131100837572,true,true
50,20.0,147.4639778644524,100.18372529021659,2.6635472385785306,0.6662387488863715,146.33433901741682,148.99788625599535,99.76319519976741,100.42943394865378,false,true
50,20.0,150.56741281324742,100.42499824835797,3.1665476395531584,0.7367865952455759,149.2489903590101,152.41553799856325,99.9601079570273,100.69689455227288,true,true
50,20.0,149.58724872248177,99.77676058817175,3.198317550204905,0.7552160528329779,148.2019063141112,151.4002238643161,99.29392014615014,100.04913619898312,true,true
50,20.0,152.41851578155027,99.59301049898517,2.9450457941022705,0.7980850279964216,151.15370392790447,154.09874972200674,99.09087199505836,99.88895702305479,false,false
50,20.0,151.52890976307356,99.89686715237644,4.1466883613476,0.8047090042767451,149.69108393335756,153.83777229470516,99.3961728507848,100.20088185506154,true,true
50,20.0,147.05338207278743,100.02198785596458,3.7047585429136802,0.698838474616835,145.38954768243798,149.09430622535166,99.5770849158673,100.27592339048414,false,true
50,20.0,151.11209320368528,102.50397781433855,2.185208212364927,0.7360514816738117,150.25198649687553,152.43719470924046,102.04511517769686,102.78116665937067,false,false
50,20.0,145.28461261043276,100.17699312749053,2.757087059209283,0.6714206849845681,144.11561530227024,146.87270236147953,99.75030839738409,100.42172908236866,false,true
50,20.0,148.44852520341647,99.60606984793458,3.2510931203884468,0.7091678166559916,147.10846150638272,150.35955462677117,99.15651273058803,99.86568054724403,true,false
50,20.0,147.26649122874935,99.72016748052857,2.254964242901565,0.7336474513556226,146.303769869133,148.55873411203456,99.26015529536883,99.99380274672446,false,false
50,20.0,151.89309452755924,99.62973548139902,3.3522974687312512,0.729480178229025,150.48276092601037,153.83505839474162,99.17407424904987,99.90355442727889,false,false
50,20.0,151.42607798021737,99.5691497769335,3.1930755308488585,0.7948701952408186,150.03120801916415,153.224283550013,99.07192329901635,99.86679349425717,false,false
50,20.0,149.50351806409174,101.31257725895593,2.40886510793095,0.7320569206978291,148.4787393974971,150.88760450542804,100.84744148759127,101.5794984082891,true,false
50,20.0,148.47074171914005,99.61418635463933,3.140288675410517,0.7437045546717798,147.21429669614537,150.35458537155588,99.13632030243866,99.88002485711044,true,false
50,20.0,151.226977334011,100.21237646154057,2.9953693953981713,0.804679850380154,149.9383127808723,152.93368217627048,99.70493392834925,100.5096137787294,true,true
50,20.0,143.96308220325855,100.14375971851663,2.9617559324453566,0.7194207865890405,142.66403734878608,145.62579328123144,99.67896524555263,100.39838603214167,false,true
50,20.0,146.88163041210993,99.87835184581725,3.216786435592496,0.7388191779345874,145.48046198503292,148.6972484206254,99.39089696332354,100.12971614125813,false,true
50,20.0,152.03773204026223,99.65716978976272,3.3325545391422793,0.8312948471000254,150.62002108926166,153.95257562840393,99.1187671774891,99.95006202458913,false,false
50,20.0,152.93469197954863,100.51157375076701,3.3984981203286395,0.7863493549552487,151.46662855325803,154.86512667358667,100.01862390429005,100.8049732592453,false,false
50,20.0,151.71111848534986,99.65391639340447,2.920205772974043,0.7774920838600679,150.4371861911394,153.35739196411345,99.17531540900762,99.95280749286769,false,false
50,20.0,150.48956259519167,100.94887596576815,3.2706701392389164,0.7387853340867849,149.1445426824294,152.41521282166832,100.48587444011407,101.22465977420086,true,false
50,20.0,150.52182171792373,100.27060720371549,2.9684610095044945,0.7658194509358367,149.236311188596,152.2047721981005,99.7865660851157,100.55238553605153,true,true
50,20.0,150.64262724948804,99.96345294236014,2.5894089629784105,0.7407846483247909,149.54281750293342,152.13222646591183,99.4929456502972,100.23373029862199,true,true
50,20.0,149.9081129270503,99.6904350020627,2.9723041979272296,0.7692952546398857,148.65070347171815,151.62300766964538,99.20505026770995,99.97434552234984,true,false
50,20.0,151.4097023877663,100.96657123861324,3.255427980455181,0.7364444103680654,149.9812642202336,153.2366922006888,100.49093677174594,101.227381182114,true,false
50,20.0,149.89411280778342,99.73936013253694,3.1435500179327676,0.7957751909156201,148.53309145913738,151.67664147707015,99.23066282943053,100.02643802034615,true,true
50,20.0,150.69042542191204,99.60888244594693,3.0383536543394882,0.7609045869615159,149.45532343557218,152.49367708991167,99.12464847967799,99.8855530666395,true,false
50,20.0,147.38181771678433,99.64424274621965,3.5910800227014192,0.7038789698897006,145.79041394420852,149.38149396690994,99.19883269598093,99.90271166587063,false,false
50,20.0,149.10752706174475,100.60013647525491,2.6765739278884553,0.7045078770480302,148.00417793015606,150.68075185804452,100.15738099376398,100.86188887081201,true,false
50,20.0,148.54841043353375,101.53112292317604,2.7597891886241257,0.7211828484384171,147.44018076000873,150.19996994863286,101.07174108149685,101.79292392993527,true,false
50,20.0,151.0970832070075,100.59034595814289,2.85117810176439,0.7145209783695066,149.84683704578578,152.69801514755017,100.12826840127995,100.84278937964946,true,false
50,20.0,148.9722121380435,100.18088017693617,2.992864208806111,0.7428863472845535,147.73176151056097,150.72462571936708,99.7182417334962,100.46112808078075,true,true
50,20.0,152.55213388484594,100.38475437629205,2.7519883325913668,0.7827868645830591,151.43796779488324,154.1899561274746,99.89728875624283,100.68007562082589,false,true
50,20.0,151.39864479317902,100.79124778678442,2.7586604838858193,0.7481097325653678,150.25683292245986,153.01549340634568,100.31219724285187,101.06030697541723,false,false
50,20.0,152.6802958903257,100.34471822490795,3.2063399230538607,0.7690744940856717,151.3248478405005,154.53118776355436,99.86271055321578,100.63178504730145,false,true
50,20.0,151.65969313056485,99.58385153463158,3.1724982871689633,0.8070696357851688,150.3526385833706,153.52513687053957,99.05502439447042,99.86209403025559,false,false
50,20.0,148.47019053325346,100.43977222433705,3.317500377759984,0.7062322233639264,147.01080798243862,150.3283083601986,99.99303321735427,100.6992654407182,true,true
50,20.0,142.6668013689121,100.04791826694651,2.9811983112918483,0.6568152417709427,141.40374868492088,144.38494699621273,99.63652577553259,100.29334101730353,false,true
50,20.0,151.2819985900981,100.5360572522828,2.857913058922122,0.7605384038704699,150.07669806620663,152.93461112512875,100.06268776885912,100.82322617272959,false,false
50,20.0,151.89525754681654,101.47509005729123,2.9062607250407098,0.7260061333935397,150.66797168336174,153.57423240840245,101.02051050914626,101.7465166425398,false,false
50,20.0,151.37027091193494,99.68696647760773,2.6450574523981345,0.8002817703766993,150.23524428628974,152.88030173868788,99.17925087474269,99.97953264511939,false,false
50,20.0,150.07800554486872,100.38983606887808,2.918428074292507,0.7690784242790016,148.87691231918342,151.79534039347593,99.90518176528448,100.67426018956348,true,true
50,20.0,149.9310512629532,99.95348490198515,3.0252304616672063,0.7545049080618895,148.67503536995235,151.70026583161956,99.48215647709239,100.23666138515428,true,true
50,20.0,150.8519727382302,100.12795585071126,2.3610180140576063,0.7731330007423338,149.90155074944974,152.26256876350735,99.63520899454402,100.40834199528635,true,true
50,20.0,152.8805395792747,100.61422123377491,4.167173461976773,0.8201018032519869,151.00040316759652,155.1675766295733,100.1050731706059,100.92517497385789,false,false
50,20.0,148.1498252177325,99.67107819777723,3.6992911586020796,0.7296283199437426,146.5481127151321,150.24740387373419,99.19198957859422,99.92161789853796,true,false
50,20.0,151.0170274996786,99.52109375022496,3.3172123185885027,0.817655797691117,149.58566860535515,152.90288092394366,99.02301193986301,99.84066773755413,true,false
50,20.0,148.08385242488524,99.696261997357,3.0758921994445814,0.6978141611361082,146.77734319172856,149.85323539117314,99.25537117895954,99.95318534009564,false,false
50,20.0,153.21076929426334,99.81121552243205,3.804818721699121,0.7641914852302989,151.6466140413871,155.45143276308622,99.32480384828017,100.08899533351047,false,true
50,20.0,151.2237949069505,99.91443874869464,3.2019013082398544,0.739146050942864,149.8590394319857,153.06094074022556,99.45013801521662,100.18928406615949,true,true
50,20.0,149.8264991925787,99.771572519379,2.718300062450254,0.729044066692552,148.73361860191486,151.4519186643651,99.31876604595438,100.04781011264693,true,true
50,20.0,147.93428084296755,100.73572432972094,2.865831024643427,0.721981295889762,146.65644289100285,149.52227391564628,100.27147615782293,100.9934574537127,false,false
50,20.0,147.27054913444098,100.6610058118618,3.2323369787212926,0.6762344662975011,145.81992862616073,149.05226560488202,100.23249393244615,100.90872839874365,false,false
50,20.0,147.95580886267493,99.73698928205138,3.0956458387225325,0.7461088144077195,146.6089140219786,149.70455986070112,99.26602739829814,100.01213621270585,false,true
50,20.0,151.47435342647475,101.17421519036583,3.559712506541473,0.7526388651033642,149.94901160344057,153.50872410998204,100.6953825359422,101.44802140104557,true,false
50,20.0,151.25677820107632,100.94808916559609,3.204844739984736,0.7290916509625021,149.91452145026673,153.11936619025147,100.48782121807335,101.21691286903585,true,false
50,20.0,147.97176377475049,99.85351030926016,2.315856731971678,0.6578685368469479,147.01106694726462,149.3269236792363,99.45060076484609,100.10846930169303,false,true
50,20.0,148.4508026265948,100.00808889252838,3.023347449737855,0.7210475945399963,147.16237120172403,150.18571865146188,99.54652821031462,100.26757580485462,true,true
50,20.0,150.16075391956429,100.11528258547605,3.652251577745915,0.7325712453743449,148.57336496429338,152.2256165420393,99.64294367095928,100.37551491633363,true,true
50,20.0,148.8335505312116,99.96535384058879,2.8028787404383877,0.7369928998181337,147.62431359998783,150.42719234042622,99.49974763352441,100.23674053334254,true,true
50,20.0,150.2948174337856,101.374837817367,2.3520621090111717,0.765382162069784,149.30667319856832,151.6587353075795,100.90577790932865,101.67116007139843,true,false
50,20.0,151.50574235886802,100.53456688711006,3.1178522823484514,0.7614388176246223,150.15456422538188,153.27241650773033,100.05067077063853,100.81210958826316,false,false
50,20.0,148.91911720267558,100.48909785631265,2.5845177021684833,0.7462780680906462,147.8526921991518,150.43720990132027,100.01069470508997,100.75697277318062,true,false
50,20.0,151.60850981675117,99.67174321855651,3.184513165197785,0.7922546507716248,150.27033855036154,153.45485171555933,99.1631874667275,99.95544211749913,false,false
50,20.0,150.28612524754257,100.88558226007582,3.7456942735779535,0.7295751980106218,148.6257970715399,152.37149134511785,100.43328280054185,101.16285799855247,true,false
50,20.0,152.66461682081626,99.5408316132286,3.3287384008359027,0.8133416813887493,151.26580933014515,154.59454773098105,99.02068493635444,99.83402661774319,false,false
50,20.0,149.36520407754463,100.6567465484759,2.8320121736349506,0.6973234534672201,148.2099590692951,151.04197124293006,100.21828018258893,100.91560363605615,true,false
50,20.0,148.4345697575756,99.87064572145096,3.5394321287073467,0.7529047823842916,146.8585556162848,150.39798774499215,99.40129097166002,100.15419575404431,true,true
50,20.0,149.38577412612017,100.27235260147164,3.0657550817369383,0.7209462221592275,148.1100565194438,151.17581160118073,99.81887008050937,100.5398163026686,true,true
50,20.0,151.09039765376588,100.08798234005883,3.87291233641497,0.7033020951051867,149.37605494863783,153.2489672850528,99.64729271602276,100.35059481112795,true,true
50,20.0,147.78682270811032,100.94488152503538,2.8397443113808265,0.7056016899411901,146.57011367835304,149.40985798973387,100.49620299149873,101.20180468143992,false,false
50,20.0,146.93818153091757,100.12283906089476,3.1219933956331545,0.7044621422077313,145.6403850557949,148.76237845142805,99.65970520504499,100.36416734725272,false,true
50,20.0,150.49087346242743,100.45512288867049,2.5064667409877757,0.7498594659238904,149.47091856138587,151.97738530237365,99.96945935452923,100.71931882045313,true,true
50,20.0,146.780110127642,100.42510159875548,3.5019123419580467,0.7467749906192864,145.16435799267805,148.6662703346361,99.94491162389218,100.69168661451147,false,true
50,20.0,148.961428003131,100.07389690196922,2.757929124991392,0.7538249306010698,147.76455943668446,150.52248856167586,99.58586679504086,100.33969172564193,true,true
50,20.0,149.29144831460016,100.02767164293893,2.6063479176723092,0.759249441965153,148.2672753491365,150.8736232668088,99.54875256485039,100.30800200681554,true,true
50,20.0,144.1938995004226,101.71802510809562,2.61940683462268,0.6761726437779316,143.0861172765963,145.70552411121898,101.29000254695029,101.96617519072822,false,false
50,20.0,150.12734559529898,100.89251784802019,3.235316320581262,0.7118906001628034,148.72539607452106,151.96071239510232,100.44684912190554,101.15873972206835,true,false
50,20.0,146.87520412038725,99.98689373280214,2.5241268754165844,0.7252681892014294,145.83030166065544,148.35442853607202,99.52683907270284,100.25210726190427,false,true
50,20.0,148.61131719938896,101.13548454724452,2.9877802413013512,0.7279744466761002,147.33752667374483,150.32530691504618,100.67875350751238,101.40672795418848,true,false
50,20.0,151.7590295037083,99.53302533940743,3.495564628860876,0.7714168275027475,150.18481637730423,153.6803810061651,99.03394104825088,99.80535787575363,false,false
50,20.0,149.11520714802663,100.05137700348769,3.4720092800801865,0.6837680584749677,147.53119475728894,151.00320403736913,99.63039686831145,100.31416492678642,true,true
50,20.0,151.9891988372902,100.34873760741351,3.1905145532092263,0.7723684458049007,150.68591618177777,153.876430734987,99.84823140527278,100.62059985107769,false,true
50,20.0,150.13125836065174,99.80888675853183,2.381801785993929,0.7886904721190717,149.17478185137708,151.556583637371,99.30366095946695,100.09235143158602,true,true
50,20.0,149.1912914612003,99.71908610599593,3.109396868840264,0.725332746555921,147.80309794216032,150.91249481100058,99.26734080968602,99.99267355624194,true,false
50,20.0,149.10528259000853,100.70579781236256,2.543882217841741,0.7322528379689572,148.00679901357915,150.5506812314209,100.23781059448628,100.97006343245523,true,false
50,20.0,142.65853635943176,100.17432089032064,2.4092258770633066,0.5932066797302866,141.68103070371012,144.09025658077343,99.79415564657813,100.38736232630842,false,true
50,20.0,151.35891850117406,99.88963750470413,2.764021340152908,0.8018081823321523,150.20572532083796,152.96974666099086,99.39073761710624,100.19254579943839,false,true
50,20.0,148.5923843913698,100.26778943865864,2.889865807651148,0.7291100565240356,147.3777043159639,150.26757012361506,99.80058635005304,100.52969640657707,true,true
50,20.0,151.64920683006915,99.94740800193955,2.9745893661217906,0.7379040681056352,150.37721366067206,153.35180302679385,99.48554918052973,100.22345324863537,false,true
50,20.0,149.4370800093102,101.86788201420453,2.9819676738636645,0.7286634676443526,148.19491063488866,151.17687830875232,101.41083734502888,102.13950081267323,true,false
50,20.0,152.27666972706658,100.96080765016481,3.133508366548,0.7750257665182261,150.93689984364212,154.07040821019012,100.48329038769002,101.25831615420825,false,false
50,20.0,151.8196702217228,99.821208696508,3.0020029697722634,0.7522238128043028,150.5023614017949,153.50436437156716,99.3436187385441,100.0958425513484,false,true
50,20.0,149.58531503062753,99.54278397091593,2.8722059364844483,0.77437006830732,148.41236730540598,151.28457324189043,99.04847907941245,99.82284914771977,true,false
50,20.0,148.08565433833084,100.77671138789233,2.786332059275992,0.6988767643724287,146.89028237908826,149.67661443836425,100.3323499098523,101.03122667422473,false,false
50,20.0,151.07163981875388,99.92867284686363,2.9682613047048676,0.7431559482726868,149.84878322599627,152.81704453070114,99.46783186786132,100.21098781613401,true,true
50,20.0,151.50415630307697,100.28137398333155,3.1423284396120152,0.785306046132547,150.195162157653,153.337490597265,99.77611814307599,100.56142418920854,false,true
50,20.0,150.93093847562125,100.00831369031755,3.054806488737711,0.7639277386601435,149.63426533941714,152.68907182815485,99.52930331191723,100.29323105057738,true,true
50,20.0,145.87266918619133,99.67320430422201,3.304678677552573,0.704830861501037,144.4464755370208,147.75115421457338,99.23290624138201,99.93773710288305,false,false
50,20.0,145.13853742254517,100.63472036009793,2.2200877494429108,0.6830679277507983,144.25457629556567,146.47466404500858,100.20444570337422,100.88751363112502,false,false
50,20.0,152.2516933819167,99.82991719333721,2.9880914231349323,0.8528434677098602,150.99468304566207,153.982774468797,99.28762366817206,100.14046713588192,false,true
50,20.0,149.5361091160009,99.78412174658516,2.780834857984132,0.7793982964768418,148.36730186652875,151.14813672451288,99.29719296106148,100.07659125753833,true,true
50,20.0,149.92216750064978,100.18838623496887,3.782163983328644,0.7584888299992514,148.2567964473458,152.03896043067445,99.70832568527662,100.46681451527587,true,true
50,20.0,148.30068719272603,99.90449106504238,2.5137555366576123,0.7239049986529693,147.26797230750157,149.78172784415918,99.44235245782572,100.16625745647869,false,true
50,20.0,151.08463785940285,100.22830148089398,2.3227051153834566,0.773513518425176,150.13514321810453,152.457848333488,99.73280015917807,100.50631367760325,false,true
50,20.0,151.76363085045898,101.32546837927542,3.3093222867158545,0.7998933569276687,150.40204056949293,153.71136285620878,100.8185783960608,101.61847175298847,false,false
50,20.0,150.69776121415623,100.01166405519223,2.853788842049113,0.7873597630422609,149.5135134494527,152.3673022915018,99.50596016978837,100.29331993283063,true,true
50,20.0,145.50665161229585,101.79014795156732,2.443782353012409,0.665603863025396,144.50967608601525,146.95345843902766,101.37020912256517,102.03581298559057,false,false
50,20.0,150.81073241547324,100.24689112217084,2.973882295913114,0.7553582906727314,149.57517654817548,152.5490588440886,99.7632290164124,100.51858730708513,true,true
50,20.0,149.81579138456806,99.53860708398844,2.546690736968401,0.7521425278383589,148.79260012654987,151.33929086351827,99.07241203750313,99.82455456534149,true,false
50,20.0,150.48590774578292,100.18347536934775,2.7642821146225742,0.7707578764765657,149.29372965547998,152.05801177010255,99.69453807530796,100.46529595178453,true,true
50,20.0,150.12164625870548,100.45097277171917,2.9224628806308033,0.7925263462887813,148.93519656332342,151.85765944395422,99.95232802193593,100.74485436822471,true,true
50,20.0,152.44340893664014,101.71063120063843,3.521515380379981,0.7932830435261735,150.98053664711233,154.5020520274923,101.20368287668012,101.99696592020629,false,false
50,20.0,148.1139037812976,100.39420530854018,2.4001558474883495,0.7095678693114849,147.13661706180554,149.5367729092939,99.93614925038221,100.6457171196937,false,true
50,20.0,151.66929579361255,100.07688817313651,2.7659682519732485,0.7814121364993412,150.53492263696225,153.3008908889355,99.58173598364436,100.3631481201437,false,true
50,20.0,149.96743755001825,99.8183771175759,2.3333215723519345,0.7427484678055265,149.00932834486227,151.3426499172142,99.34991994899904,100.09266841680457,true,true
50,20.0,149.20053720574703,99.93772808039684,2.926893711359412,0.7332253987834463,147.92101487765348,150.8479085890129,99.47381712837384,100.20704252715728,true,true
50,20.0,153.0213924822064,100.00610101819981,3.3890316995895375,0.8696054444083217,151.54888328766435,154.9379149872539,99.47194973075227,100.3415551751606,false,true
50,20.0,151.17004075653102,100.3012186245976,3.417672085226002,0.7052453386719009,149.65121889151663,153.06889097674264,99.86940715187015,100.57465249054205,true,true
50,20.0,151.15363569735393,100.1249022120512,3.671522202380544,0.7381956681894053,149.53074283127827,153.20226503365882,99.66004247709972,100.39823814528913,true,true
50,20.0,153.00598501191405,101.891084383476,3.369523295848751,0.7520089147748479,151.54316340867342,154.91268670452217,101.41559023183272,102.16759914660757,false,false
50,20.0,150.30480505424674,99.71312026244533,2.6389265756542386,0.7443278035321725,149.29275459602238,151.93168117167662,99.22349531148649,99.96782311501866,true,false
50,20.0,151.75704779328586,100.5200174931054,3.5415886723175163,0.7400044133585197,150.26674890405735,153.80833757637487,100.05069925939547,100.79070367275399,false,false
50,20.0,143.11589153585317,100.75638039909208,2.6070331617101488,0.6479706376681094,141.9445866581171,144.55161981982724,100.33386303719216,100.98183367486027,false,false
50,20.0,146.82129707044967,99.73516805433097,2.4422032718995865,0.770133689850411,145.84724136803018,148.28944463992977,99.24240685690503,100.01254054675545,false,true
50,20.0,150.76877761759283,100.08131183897942,3.023322452911998,0.714963259031947,149.54396562463327,152.56728807754527,99.62757074626032,100.34253400529226,true,true
50,20.0,151.07457410575967,101.14121287716799,2.317505571948999,0.7572310346572522,150.08595160638504,152.40345717833404,100.66756483308353,101.42479586774078,false,false
50,20.0,150.98962755328188,100.01222109880902,2.880058379614553,0.7827076314117107,149.77700739949805,152.6570657791126,99.50911647686775,100.29182410827946,true,true
50,20.0,150.73001763373563,99.75183760768059,3.1448514021343215,0.715417880645731,149.41768563667134,152.56253703880566,99.30075366699387,100.0161715476396,true,true
50,20.0,147.88029581866752,100.47582048786975,3.0196572645348,0.6210629890752557,146.57250149042468,149.59215875495948,100.09419149550607,100.71525448458132,false,false
50,20.0,152.2463319096728,100.23789388657772,2.733756019586309,0.7928038867928677,151.03969254278223,153.77344856236854,99.73875550206286,100.53155938885573,false,true
50,20.0,150.5383876732895,99.68865541315675,3.104581481035268,0.7296157292481666,149.18822310852215,152.29280458955742,99.22141738521951,99.95103311446768,true,false
50,20.0,151.73091121059355,99.97566666095656,2.9590023705116835,0.8315289263712629,150.54481562080912,153.5038179913208,99.45684799188032,100.28837691825159,false,true
50,20.0,151.38539376254005,99.75609697280962,3.3818034032281616,0.7446769895572345,150.00088943409273,153.3826928373209,99.2777832590641,100.02246024862133,false,true
50,20.0,149.8042892271442,100.94437580485294,3.61165945357979,0.7280521826623811,148.2738710888147,151.8855305423945,100.48023556712499,101.20828774978737,true,false
50,20.0,151.54923625997753,99.86659834136077,2.8935094245528603,0.7840619337877115,150.35610038920245,153.2496098137553,99.3617036644963,100.14576559828402,false,true
50,20.0,150.0161784246783,103.0681518660939,2.9365022665174934,0.6657406284952572,148.77520490145105,151.71170716796854,102.65381786307702,103.31955849157228,true,false
50,20.0,149.1032396788146,101.09155648006782,2.938717390688481,0.742452929247662,147.80440670841688,150.74312409910536,100.61400639843475,101.35645932768242,true,false
50,20.0,150.61447931436533,101.24680507965178,3.2621111082737855,0.727472991168014,149.27479161292186,152.53690272119564,100.78942123571342,101.51689422688143,true,false
50,20.0,149.65083194295943,100.23417314071318,2.9499817478392174,0.7228770202534349,148.48128312585558,151.4312648736948,99.77619577751798,100.49907279777142,true,true
50,20.0,150.41267584377545,100.10238132786672,3.0293968541101606,0.7372250651588246,149.15515121120924,152.1845480653194,99.63331359830141,100.37053866346024,true,true
50,20.0,151.42534401555855,99.7328390426292,3.1970708928196814,0.7315545051272352,150.05306936703164,153.25014025985132,99.26369721233574,99.99525171746298,false,false
50,20.0,151.21789439733405,100.00391496041847,3.5209769188701614,0.8269935937841524,149.66358592533507,153.18456284420523,99.47477520389363,100.30176879767778,true,true
50,20.0,151.29023675971064,100.2686297884716,3.551230275911138,0.7997433176197148,149.73727870469114,153.28850898060227,99.76141181282244,100.56115513044216,true,true
50,20.0,151.62205844492914,99.66975620265558,2.6193417018906757,0.7738878151753141,150.60364895537805,153.22299065726872,99.1825065221108,99.95639433728611,false,false
50,20.0,149.36742086912778,100.01786572332526,2.8970531970238085,0.7310193574699326,148.12355084611718,151.020604043141,99.55701378826237,100.2880331457323,true,true
50,20.0,149.72143896592576,99.97458993721625,2.459086318381509,0.7310826449384962,148.74499712494386,151.20408344332537,99.52901655308426,100.26009919802276,true,true
50,20.0,148.87952122165836,99.77491750883306,1.941591189950202,0.7792732715193154,148.0620750236587,150.0036662136089,99.28285054226603,100.06212381378535,true,true
50,20.0,150.43784738672366,99.79996241861757,2.730112992288525,0.7893220301747448,149.28496975863163,152.01508275092016,99.29103405673072,100.08035608690547,true,true
50,20.0,152.40348419801123,100.38964957571892,3.2275823777818857,0.7356163032807643,151.02610552728646,154.25368790506835,99.90919318881433,100.64480949209509,false,true
50,20.0,150.4393551430892,99.79387384341223,2.5131524182942258,0.8142926077013044,149.38757461593724,151.90072703423147,99.27951795589158,100.09381056359288,true,true
50,20.0,148.37698154205702,99.6912598089387,2.7848521723209387,0.6909690265522812,147.25774447828186,150.0425966506028,99.24705159865835,99.93802062521063,true,false
50,20.0,148.9909971585928,99.5596861469762,2.769785374641458,0.7429610798807715,147.77689626370756,150.546681638349,99.08243642499224,99.82539750487301,true,false
50,20.0,153.2163950092019,99.49646746157512,4.046568177707229,0.7812257212441409,151.4095749745527,155.45614315225993,99.00071072388486,99.781936445129,false,false
50,20.0,152.41270227761134,100.15648891919847,2.9314700526637125,0.7738744005940532,151.17650617850683,154.10797623117054,99.65950443244739,100.43337883304144,false,true
50,20.0,149.52185987835293,99.96748969182838,2.6952321993143755,0.7674191506569059,148.3938921650249,151.08912436433928,99.48136290146688,100.24878205212379,true,true
50,20.0,152.42731630683704,100.08681283825874,3.661122187716245,0.7870364478841196,150.82875237736562,154.48987456508186,99.59860597758714,100.38564242547126,false,true
50,20.0,147.39065447780672,100.86130451199483,3.140599313251073,0.7499660960268244,146.0602695025832,149.20086881583427,100.38114654294961,101.13111263897643,false,false
50,20.0,151.60840440194445,99.98599184696741,3.84840765989145,0.7936716783135722,149.91394905405247,153.76235671394392,99.48076024905093,100.2744319273645,true,true
50,20.0,151.3180313291787,99.50446530151103,3.120115959742236,0.7853996148543274,150.09223616266996,153.2123521224122,99.00398318229824,99.78938279715257,false,false
50,20.0,149.5329221564259,99.77676866116747,2.7600802865039498,0.7098324524820896,148.4086590526907,151.16873933919464,99.31583067228168,100.02566312476377,true,true
50,20.0,152.88204415894194,99.64701454894335,3.7985595564540233,0.8012028154313242,151.31343789306618,155.1119974495202,99.14679146536348,99.9479942807948,false,false
50,20.0,149.9398606034719,100.01207834940848,2.877042803733559,0.6985412191328493,148.7844566302814,151.66149943401496,99.56067030802652,100.25921152715937,true,true
50,20.0,149.83662656794039,99.82453587909973,3.758335979990221,0.7865511047362759,148.21407729022076,151.97241327021098,99.33097914064024,100.11753024537651,true,true
50,20.0,151.61172478558245,99.48089869591232,2.952451309415352,0.8099074349647424,150.354953725576,153.30740503499135,98.97687104384467,99.78677847880941,false,false
50,20.0,153.6498583758712,100.35970504688325,3.884140605254572,0.8366057458572556,151.9861021240988,155.87024272935338,99.81682759590444,100.6534333417617,false,true
50,20.0,152.07320478718705,100.27650498858775,3.003606832144129,0.7640927047433621,150.7816805151688,153.78528734731293,99.77606739955759,100.54016010430095,false,true
50,20.0,152.33370243609477,100.20271259933284,3.5648674546323207,0.7443829819387133,150.78559869598345,154.35046615061577,99.73409322808808,100.4784762100268,false,true
50,20.0,150.45916312001216,100.15687302571536,2.6616951689013604,0.7033257365559393,149.4554163269387,152.11711149584005,99.73080694114012,100.43413267769606,true,true
50,20.0,145.98305003502483,100.0619201733476,3.2876950911395113,0.7197485939572914,144.64346290722915,147.93115799836866,99.60480875520511,100.3245573491624,false,true
50,20.0,146.64153344688498,99.58873511321605,3.1247457369486256,0.6951280327711089,145.33680377974008,148.4615495166887,99.16519923262268,99.86032726539379,false,false
50,20.0,151.7914907622491,100.77593545507719,3.194902303541454,0.7741542457261232,150.422683325278,153.61758562881946,100.27772502090357,101.0518792666297,false,false
50,20.0,151.63701477159475,99.97484604492854,2.6695828227346396,0.799521803992377,150.4894918564578,153.15907467919243,99.45193935814817,100.25146116214054,false,true
50,20.0,148.67984811410702,99.67185147237952,3.1840099275925695,0.7472218188112123,147.3079747211818,150.49198464877438,99.20132829606143,99.94855011487265,true,false
50,20.0,151.27296023880558,100.27364294347797,3.5303358315169078,0.7554477906392663,149.7535097142682,153.2838455457851,99.79279406030562,100.54824185094489,true,true
50,20.0,148.52982456123618,101.16113351026434,2.534020531928462,0.7239511613771725,147.45734168911628,149.99136222104474,100.70480078055459,101.42875194193176,false,false
50,20.0,148.6747427257776,99.90877575512201,3.164371675475593,0.723132871763994,147.3685496341846,150.5329213096602,99.45127082092628,100.17440369269028,true,true
50,20.0,150.77903863325037,100.20856705467007,2.3544194341401976,0.7602459727844462,149.85035455524942,152.20477398938962,99.72403384298805,100.4842798157725,true,true
50,20.0,150.030025835939,99.67891073548512,3.107758033966462,0.7599623306257115,148.67011464342576,151.77787267739222,99.19815716739816,99.95811949802388,true,false
50,20.0,145.53465713917524,99.65270419825947,2.5336521611461933,0.7340574680463305,144.48670456474716,147.02035672589335,99.19477897795997,99.9288364460063,false,false
50,20.0,146.19198070475136,100.63755828929492,3.191865201428982,0.661277647368351,144.76382339040848,147.95568859183746,100.21494900523028,100.87622665259863,false,false
50,20.0,151.17108278977247,99.74045391682569,2.430690894334049,0.8304575192717891,150.1783979086198,152.60908880295383,99.20550989382406,100.03596741309585,false,true
50,20.0,147.6928860795009,100.23158002215996,2.515287996873809,0.7489744864608099,146.6576226765579,149.17291067343172,99.75369881121429,100.5026732976751,false,true
50,20.0,149.6479699854474,100.09477468198138,2.8972272650676416,0.7573495484651573,148.46751443688862,151.36474170195626,99.60820985181489,100.36555940028005,true,true
50,20.0,149.41831476478117,99.93517402865386,2.978305948130185,0.7302253102266576,148.0952022819447,151.07350823007488,99.48220798617805,100.21243329640471,true,true
50,20.0,148.52582663586966,99.61254302093988,3.453050595168378,0.7489112114386103,147.0301427161451,150.48319331131347,99.13430050129472,99.88321171273333,true,false
50,20.0,149.79730643448,101.53554108683963,3.2886822150891817,0.7254786617320548,148.3976022527202,151.68628446780937,101.06791015127266,101.79338881300471,true,false
50,20.0,146.4814048127234,100.33766783215925,3.5097710010298897,0.6705887696473951,144.91338555401197,148.42315655504186,99.91927475258782,100.58986352223522,false,true
50,20.0,145.68288686928042,99.67200614007936,3.04332243919157,0.7074439324949395,144.39183638651946,147.43515882571103,99.22387862309608,99.93132255559102,false,false
50,20.0,147.86473932898195,101.18611343838666,3.2717262997833245,0.6760906205162058,146.45178626302265,149.72351256280598,100.7622472880427,101.4383379085589,false,false
50,20.0,148.90526702859282,99.81569476562916,2.588614687645986,0.7714974281067271,147.81681391664875,150.40542860429474,99.31733445030807,100.0888318784148,true,true
50,20.0,146.23227932289313,99.92496760598749,2.604785593812153,0.6954405144829678,145.12898920707192,147.73377480088408,99.48647707643481,100.18191759091778,false,true
50,20.0,151.78009357917378,100.21389448576492,2.7067709247054665,0.7285397520755055,150.66907251777792,153.3758434424834,99.75214169877285,100.48068145084835,false,true
50,20.0,152.02775711287725,99.48618981302201,3.24515879708963,0.8319960979253551,150.67983876744003,153.92499756452966,98.9579372866549,99.78993338458025,false,false
50,20.0,150.69358939266434,99.58097429660288,3.105359681364291,0.7611637433073639,149.34446554608695,152.44982522745124,99.10107228248293,99.8622360257903,true,false
50,20.0,151.29898995805567,100.79192416019555,2.6506639751200964,0.8006216763721881,150.18789589720464,152.83855987232474,100.28431650029263,101.08493817666482,false,false
50,20.0,152.73819214075206,100.24125175614128,3.350309425243694,0.7252495831738628,151.35099299245118,154.70130241769488,99.78256403775833,100.5078136209322,false,true
50,20.0,147.7330066596224,101.13109019036357,3.8333167877484016,0.6882807118355458,146.0295845702532,149.8629013580016,100.68954836352084,101.37782907535639,false,false
50,20.0,152.25474711828542,99.54025404745951,3.630312645476721,0.7404914820404542,150.73992905347208,154.3702416989488,99.08014445713481,99.82063593917526,false,false
50,20.0,152.57222771571233,99.8661200247702,4.028866995310523,0.7939430382584902,150.74155338049292,154.77042037580344,99.36379772878584,100.15774076704433,false,true
50,20.0,147.5494740623132,99.65233037375707,2.6468345519319882,0.7002505641485186,146.39936980270858,149.04620435464057,99.21761481834746,99.91786538249598,false,false
50,20.0,146.68908683477338,99.65460105332173,3.388288426904836,0.6627563690702516,145.23760524333883,148.62589367024367,99.2347050136529,99.89746138272315,false,false
50,20.0,149.3622106618886,99.91661796815683,2.920052900933257,0.7545899309818935,148.1016109466879,151.02166384762117,99.43811952853466,100.19270945951655,true,true
50,20.0,145.6843545268349,100.12937391323625,2.7776662711796405,0.7098630947512845,144.5039011336873,147.28156740486693,99.68872572147478,100.39858881622607,false,true
50,20.0,151.50080201931945,99.56096907224924,2.8812761400304225,0.7391056035498309,150.28514144168872,153.16641758171914,99.07294656668083,99.81205217023066,false,false
50,20.0,149.76095283063754,100.71912803812084,3.2785216559835533,0.7397435545157123,148.3004786023128,151.57900025829636,100.25047745237335,100.99022100688906,true,false
50,20.0,148.20191049252927,100.50081209599477,3.3909879214810132,0.6546317004047921,146.7259161968205,150.1169041183015,100.09518167874955,100.74981337915435,true,false
50,20.0,147.18391705853261,99.63701019462214,2.5298404932624123,0.7090861917743183,146.15589237361897,148.68573286688138,99.18289350760686,99.89197969938118,false,false
50,20.0,146.91902082042236,99.73304605333982,2.5000923881554513,0.6518516741558784,145.91165036727477,148.41174275543023,99.3238171996628,99.97566887381868,false,false
50,20.0,150.20759478099694,99.92160257889813,3.754846991847188,0.7076310546792399,148.59703407552138,152.35188106736857,99.47856843766758,100.18619949234682,true,true
50,20.0,148.5183665288938,99.69970122756209,3.2560139345416417,0.7077466856784724,147.10079489547604,150.35680883001768,99.2479890683559,99.95573575403438,true,false
50,20.0,151.1462330269953,99.95564579718891,2.904830208015852,0.7766436751410595,149.8835305571601,152.78836076517595,99.4788656667293,100.25550934187036,true,true
50,20.0,147.8154467095473,99.56435244044488,2.997071380718694,0.7364246961172256,146.54753766990376,149.54460905062246,99.09661040420868,99.8330351003259,false,false
50,20.0,151.62316094173391,100.27822307644414,2.694691649220971,0.773751484864178,150.4806049839132,153.17529663313417,99.78403298420578,100.55778446906996,false,true
50,20.0,147.84862855523915,99.94205557538547,3.216324165310823,0.6631212679127572,146.44816371495585,149.66448788026668,99.5224166645817,100.18553793249446,false,true
50,20.0,150.33699688262914,99.53743949299948,3.42712421373011,0.8199742621262232,148.94294318546173,152.37006739919184,99.01302423843079,99.83299850055701,true,false
50,20.0,149.5112161206481,100.56866933259418,2.7672909798097862,0.7122323585419394,148.32676065292247,151.09405163273226,100.11918825268133,100.83142061122327,true,false
50,20.0,153.14177849873667,100.75874579220653,3.5367192944900694,0.729295007973235,151.66706498523325,155.20378427972332,100.30131329967173,101.03060830764497,false,false
50,20.0,148.40869234160732,100.00577654110955,2.5502318277970346,0.7474400225207489,147.37670481646322,149.92693664426025,99.52223720677475,100.2696772292955,false,true
50,20.0,144.83357375905632,99.86111984521439,2.8425393802599785,0.6653624150325896,143.56401322851028,146.40655260877026,99.44735784972255,100.11272026475514,false,true
50,20.0,141.8308507258946,100.05688417187866,3.1024437034814127,0.6330205220246654,140.5026967723212,143.6051404758026,99.65965331584702,100.29267383787169,false,true
50,20.0,148.23714330601467,101.51119208221769,2.82878612687162,0.7222135399779575,146.96003888702813,149.78882501389975,101.06081995315262,101.78303349313057,false,false
50,20.0,149.92070439278478,100.02890292391832,2.7591415280859053,0.7775570215575982,148.76062632287818,151.5197678509641,99.5384043651068,100.3159613866644,true,true
50,20.0,151.28537820478894,99.94952928730032,3.661671004451165,0.7861184806190806,149.66354882352888,153.32521982798005,99.46819990787375,100.25431838849283,true,true
50,20.0,146.66145339416494,100.1349631999876,4.065784774896514,0.6777653911673269,144.8263116004601,148.8920963753566,99.71616490387818,100.39393029504551,false,true
50,20.0,149.2526807458511,99.85406216670947,2.844485290292539,0.7757495991524479,148.02565292471633,150.87013821500886,99.36720297427725,100.1429525734297,true,true
50,20.0,148.269605301326,100.04246072589606,2.8719351016031567,0.696626163640218,147.0846333997474,149.95656850135055,99.607974559778,100.30460072341822,false,true
50,20.0,149.24955841172286,101.34599239339636,2.662863843043766,0.7144286226515391,148.14801860122535,150.8108824442691,100.90381936981456,101.6182479924661,true,false
50,20.0,151.18083714707856,101.31529493973369,3.1041751077910646,0.7324592005457617,149.83523351056533,152.9394086183564,100.8626996984475,101.59515889899326,true,false
50,20.0,150.76886549306926,100.07095303750741,2.945512329302261,0.7998724369711567,149.51844164521668,152.46395397451894,99.56903749384563,100.36890993081678,true,true
50,20.0,150.00813187662405,100.1572284131772,2.4741964727333823,0.8336122753245689,149.0424219480543,151.5166184207877,99.60939669246153,100.4430089677861,true,true
50,20.0,149.51941025276338,99.60899771966515,2.4774432119613436,0.7337128403216866,148.4475704577529,150.92501366971425,99.14140912762181,99.8751219679435,true,false
50,20.0,151.07966309656575,99.7727852550473,3.294234479095394,0.768213502087022,149.68057977223197,152.97481425132736,99.2852582169304,100.05347171901742,true,true
50,20.0,139.70326372690076,99.8259089587338,2.504251295626716,0.6444748791974746,138.67584388901986,141.18009518464658,99.41106623888803,100.0555411180855,false,true
50,20.0,150.78987280892875,99.78741621067888,3.165560528889955,0.7558414492653469,149.39953021718247,152.56509074607243,99.31051094228158,100.06635239154693,true,true
50,20.0,149.0353936462273,99.96048838337084,2.6437201254864817,0.7207161923371217,147.9159014855187,150.55962161100518,99.49463042311403,100.21534661545115,true,true
50,20.0,150.82852937403104,99.53892172974574,2.6965286141142712,0.7824491005704886,149.72200371653932,152.4185323306536,99.04520760065034,99.82765670122083,true,false
50,20.0,151.11177629429048,99.95903429935952,2.51011543161988,0.7999338580480071,150.04294818370008,152.55306361531996,99.44986997594881,100.24980383399682,false,true
50,20.0,151.66718309636624,100.45289709925356,3.591713267596134,0.7704357707962828,150.0613333767684,153.65304664436454,99.96649691251902,100.7369326833153,false,true
50,20.0,150.7047181586793,100.42427946466026,2.966141703718847,0.7603113133533412,149.41891958725395,152.3850612909728,99.937984069497,100.69829538285035,true,true
50,20.0,147.14323710063087,99.68537692666055,2.6494561649649313,0.7051579332813702,146.03626261053617,148.6857187755011,99.24205106983467,99.94720900311604,false,false
50,20.0,146.9940563341675,99.70552986792744,3.1349002634938756,0.7036872888266714,145.6679994108022,148.80289967429607,99.26473158492362,99.9684188737503,false,false
50,20.0,150.87725481405158,99.52790517397531,3.261941134787463,0.7741819386475868,149.50118353560117,152.76312467038863,99.03262372538188,99.80680566402947,true,false
50,20.0,149.4055647415148,99.82101489461117,2.879944495997762,0.7405254502871657,148.18716851269787,151.06711300869563,99.35937680789667,100.09990225818383,true,true
50,20.0,148.83412158116658,100.84302378214487,2.2992214585615045,0.6902952922755077,147.92817267417502,150.22739413273652,100.40827005149318,101.09856534376868,true,false
50,20.0,151.31685945232795,100.00538486665131,2.6946835164081904,0.7144165754611436,150.2391407291838,152.93382424559198,99.55505035869095,100.26946693415209,false,true
50,20.0,149.6016775697527,100.05327664618356,3.0444273711335086,0.7212292243520864,148.22600004684023,151.27042741797374,99.6149781364886,100.33620736084069,true,true
50,20.0,146.96831943481618,99.58064721986602,2.491435012622844,0.6816193378509041,145.93183477607565,148.4232697886985,99.1464341749499,99.8280535128008,false,false
50,20.0,148.27481842066123,99.82056532219869,2.4413445397319435,0.7233366409340078,147.2665841621274,149.70792870185934,99.35839369996265,100.08173034089666,false,true
50,20.0,149.8311979925677,99.92305870821627,3.168827554753449,0.7797987559262651,148.43064434657225,151.5994719013257,99.43560099852161,100.21539975444787,true,true
50,20.0,150.73166490862923,99.83065321126722,3.2310178724196987,0.731530593967264,149.34456404330294,152.57558191572264,99.3617719750968,100.09330256906406,true,true
50,20.0,150.507381051167,100.41613607424279,3.8860783323471253,0.7222301996412597,148.77709895857123,152.66317729091836,99.96042502145333,100.68265522109459,true,true
50,20.0,150.27617446268252,99.57825885277802,2.6966878920986233,0.7749203962861202,149.17721597117037,151.873903863269,99.08371203215832,99.85863242844444,true,false
50,20.0,150.66200776476057,100.28671699339992,2.5291639848621514,0.8011434755777884,149.64198314765252,152.17114713251468,99.77820896238444,100.57935243796223,true,true
50,20.0,147.25876311804012,100.09431095444153,2.4612629421830263,0.7165858856333358,146.25672568794496,148.717988630128,99.64300246645738,100.35958835209071,false,true
50,20.0,149.7748785096222,100.91439149073994,2.4486815635434027,0.7379473924062694,148.77134665147912,151.22002821502252,100.45426140525801,101.19220879766428,true,false
50,20.0,151.1300607948845,99.84485372570768,2.80642400976825,0.7548815579285701,149.95756913571333,152.76399314548158,99.36170227912865,100.11658383705722,true,true
50,20.0,151.02972329521327,100.2276775210293,3.612838914333878,0.7858176114048376,149.54817246005368,153.16101137438756,99.71578887473731,100.50160648614215,true,true
50,20.0,152.96598842487663,100.99506504000374,3.3709804533169176,0.8202708552792188,151.48278994432007,154.853770397637,100.47101819963328,101.2912890549125,false,false
50,20.0,149.71999401261496,100.84306571728447,3.218928709719222,0.8098148561071525,148.35963548935536,151.57856419907458,100.33286909275856,101.14268394886571,true,false
50,20.0,149.24762019688782,99.98171813074406,3.253960738093866,0.7712719569176869,147.90373513930118,151.15769587739504,99.49006442186274,100.26133637878043,true,true
50,20.0,150.79029379450122,99.72459156672961,2.9126550728478264,0.7555879150420992,149.5660610091573,152.47871608200512,99.25056476067054,100.00615267571264,true,true
50,20.0,150.3842862035471,101.17340681253144,2.9047171711924022,0.694038591215346,149.1925113670566,152.097228538249,100.7191343266088,101.41317291782414,true,false
50,20.0,148.69042859679007,100.0029534484569,2.3439891260862,0.7174327022341345,147.75518434941566,150.09917347550186,99.55434884881863,100.27178155105277,true,true
50,20.0,151.3872268949363,100.62443812738869,2.540034981950754,0.7480194844111168,150.2982972763252,152.83833225827595,100.15860323610846,100.90662272051958,false,false
50,20.0,150.87546610170392,101.06995171723477,2.937567605098252,0.7411639975628077,149.65034111409895,152.5879087191972,100.60845425326632,101.34961825082912,true,false
50,20.0,151.5108041902017,100.24333062514157,3.587588737004751,0.801512650848963,149.88805547545223,153.47564421245698,99.7322006614919,100.53371331234086,true,true
50,20.0,149.99419171615273,99.70454887465175,3.1328501783357297,0.7661176316471483,148.67041234388074,151.80326252221647,99.22215618188476,99.9882738135319,true,false
50,20.0,148.6345917427305,100.73744486729751,3.6546917102008365,0.7431727831218069,147.0618690572154,150.71656076741624,100.26648011894709,101.0096529020689,true,false
50,20.0,147.29021358755818,99.99677721132726,3.070624377976827,0.7042402176145401,145.98690655042398,149.0575309284008,99.5355822249298,100.23982244254434,false,true
50,20.0,145.5914563235342,99.62806943631456,3.213042866264658,0.7371340965522677,144.19104550686666,147.40408837313132,99.16262325993976,99.89975735649203,false,false
50,20.0,150.37753785714074,99.62119594537685,3.694371303485184,0.7713172931754144,148.80127062867012,152.4956419321553,99.13278095369108,99.9040982468665,true,false
50,20.0,151.67060218452454,99.63294727904432,3.208241410618598,0.8080595275479112,150.309753470442,153.5179948810606,99.11555481038044,99.92361433792836,false,false
50,20.0,149.85908660891783,99.8722206740812,2.7478242179806784,0.8348213825643427,148.73537093979047,151.48319515777115,99.3299552345274,100.16477661709175,true,true
50,20.0,151.55692620951095,100.1445332383357,2.3010444002198653,0.7212443179743531,150.6334241584297,152.93446855864957,99.67988634561732,100.40113066359167,false,true
50,20.0,152.49631903906715,99.59683418886621,3.6505751831835482,0.8215913398901336,150.91027769457563,154.56085287775917,99.07067001938205,99.89226135927218,false,false
50,20.0,150.71357905545986,101.38634290077914,2.393990707689227,0.806481640647263,149.70848499937586,152.10247570706508,100.87253576353905,101.67901740418631,true,false
50,20.0,145.58194798046276,99.60053719446273,3.5339567034295385,0.6924556200429635,144.04658137425648,147.58053807768601,99.16049914715227,99.85295476719523,false,false
50,20.0,149.47144313999905,100.07220524440584,2.7265213800591255,0.7759492427734926,148.41499287335222,151.14151425341134,99.57973934414794,100.35568858692143,true,true
50,20.0,148.37444503377026,101.01432862644525,2.074617593869249,0.6793913043421043,147.5263656088676,149.60098320273684,100.58788641221342,101.26727771655553,false,false
50,20.0,148.71462213455237,99.54010073955683,2.2620315932516917,0.7647506358605796,147.80678699699936,150.06881859025106,99.06233436418222,99.8270850000428,true,false
50,20.0,149.28421844741837,100.0753518000893,2.7762442051981395,0.7935732539928324,148.186632248139,150.96287645333715,99.5759232179372,100.36949647193003,true,true
50,20.0,149.15980314959575,100.87467571648726,3.2303652172149384,0.6909121362451032,147.7353899208796,150.96575513809455,100.44274389544333,101.13365603168843,true,false
50,20.0,150.06264088712092,99.54940279276603,3.1015477187688987,0.7759005090695581,148.75331049950105,151.85485821826995,99.06015657020572,99.83605707927528,true,false
50,20.0,152.41919738502594,99.80926489150002,3.033005923208208,0.7897276478025645,151.085261049432,154.1182669726402,99.3140179264987,100.10374557430127,false,true
50,20.0,146.28286332054392,100.01320505376029,2.303110214849653,0.7425924664059096,145.32905354719674,147.6321637620464,99.5501137209307,100.2927061873366,false,true
50,20.0,144.65077866230507,99.8131081500451,2.974102591568112,0.6666453450177698,143.37394960793404,146.34805219950215,99.40251899449899,100.06916433951676,false,true
50,20.0,147.7846425489916,99.65583327543916,2.4442480424325765,0.7302943340400248,146.7770423259625,149.22129036839507,99.20504693011355,99.93534126415358,false,false
50,20.0,140.05608655690628,101.07784597419817,2.865999521985117,0.5977547495323705,138.8926741846449,141.75867370663002,100.69159344962357,101.28934819915594,false,false
50,20.0,152.12890664508785,100.90212063514147,3.5323811257698026,0.7671971927869521,150.56867744636494,154.10105857213475,100.40099619246176,101.16819338524871,false,false
50,20.0,148.37403678442152,99.9437302309315,2.7316364728729354,0.7199148023303508,147.21482151777897,149.9464579906519,99.49477278575105,100.2146875880814,false,true
50,20.0,150.55661417638797,100.853470914287,2.931236234066944,0.711810368539048,149.36586417866823,152.29710041273518,100.40612525146906,101.11793562000811,true,false
50,20.0,151.19082430587815,99.76662312069621,2.84733232342208,0.8162833443524562,149.9309042366488,152.77823656007087,99.25834511533762,100.07462845969008,true,true
50,20.0,143.92286566391277,99.65324905506067,2.980005243105154,0.6519302211427487,142.6344908042768,145.61449604738195,99.24601273869021,99.89794295983296,false,false
50,20.0,144.98424741952255,100.66207743774854,3.241633453101201,0.6660808639469451,143.5514945185035,146.7931279716047,100.24077737497835,100.9068582389253,false,false
50,20.0,151.99951622857935,99.9135217557514,3.340714935373626,0.773703427741566,150.5652114669909,153.9059264023645,99.42864738238978,100.20235081013135,false,true
50,20.0,151.5602940762284,100.31972223700356,3.349970042700221,0.7442043757327497,150.11457666025228,153.4645467029525,99.84994249202403,100.59414686775678,false,true
50,20.0,152.81378417645098,99.78908301841756,3.688642187932288,0.8030420414574451,151.18713093859827,154.87577312653056,99.28323962746094,100.08628166891839,false,true
50,20.0,148.5300110947785,99.88873401674138,2.5498187614330163,0.776276311119787,147.4187522397212,149.9685710011542,99.39821105782106,100.17448736894085,false,true
50,20.0,152.02215856299713,100.44377184337716,3.578514583293753,0.7789057832617772,150.42629636789454,154.0048109511883,99.96196577698483,100.7408715602466,false,true
50,20.0,147.54545805494467,100.17781897393444,3.2190310740445796,0.7535710649427187,146.171659124769,149.3906901988136,99.69528577670235,100.44885684164507,false,true
50,20.0,148.52537572683684,99.92407520013856,2.814417899651829,0.7105143868409272,147.3108864587616,150.12530435841342,99.48150371157179,100.19201809841272,true,true
50,20.0,150.14872014922804,100.38133054819357,2.71177957326762,0.7239616138673739,149.00428117363327,151.7160607469009,99.92703412003755,100.65099573390492,true,true
50,20.0,147.9567987355097,99.9631979140207,3.284253122309252,0.7294503306322042,146.56941630716526,149.8536694294745,99.50553453901117,100.23498486964337,false,true
50,20.0,150.62225281767337,99.93264579246097,2.5568819450852516,0.7625998847445175,149.56187966492897,152.11876161001422,99.44582625013854,100.20842613488306,true,true
50,20.0,148.78917921514207,99.89337202417894,3.100379870211839,0.7509441410047799,147.51161285728375,150.6119927274956,99.41516188208823,100.16610602309301,true,true
50,20.0,149.06762150502567,100.45522270991847,3.7041613380250453,0.690292534436594,147.4251877874996,151.12934912552464,100.01127770739103,100.70157024182762,true,false
50,20.0,151.73128685222454,99.54027286517423,3.0885957894156775,0.8121545969077175,150.42678012053477,153.51537590995045,99.02155155227902,99.83370614918674,false,false
50,20.0,150.82162782625124,99.54451413141831,2.6989009701818816,0.7241631157253465,149.7114160248464,152.41031699502827,99.08808727909424,99.81225039481959,true,false
50,20.0,145.54464604311823,99.94411795510203,2.540973160523663,0.6641615344204865,144.51296156092488,147.05393472144854,99.53056545923275,100.19472699365323,false,true
50,20.0,149.09919941290593,99.52909164240867,2.6513218356879804,0.744352064756697,147.98686144052394,150.63818327621192,99.06308141746891,99.8074334822256,true,false
50,20.0,151.24439251902527,100.48163164619558,2.760655319383517,0.7474915310525176,150.1105666423275,152.87122196171103,100.01423971104904,100.76173124210156,false,false
