ndata,sigma,theta1_median,theta2_median,theta1_iqrs,theta2_iqrs,quartiles1_1,quartiles3_1,quartiles1_2,quartiles3_2,theta1_coverage,theta2_coverage
500,20.0,149.99028162283955,99.95888977099827,0.5777818851079246,0.06938669381086982,149.73757350343004,150.31535538853797,99.91426026256369,99.98364695637456,true,false
500,20.0,150.63804005053842,100.07463937035249,0.690862238161742,0.07571920985330394,150.32354975792353,151.01441199608527,100.02870208457726,100.10442129443057,false,false
500,20.0,149.99979739063062,100.02586935631936,0.43588195851373257,0.06956221892619396,149.82413856844403,150.26002052695776,99.98083981703171,100.0504020359579,true,true
500,20.0,149.1766908336944,99.95901183692422,0.702896818882067,0.06932644851404746,148.86456146212038,149.56745828100244,99.91486939738637,99.98419584590042,false,false
500,20.0,150.0864367523476,100.06272172197694,0.44776586553953734,0.07301464280294567,149.90038836722005,150.34815423275958,100.01712217181642,100.09013681461937,true,false
500,20.0,150.08734857211772,99.96416905673685,0.5889987873379425,0.07559011486127076,149.8370501581244,150.42604894546236,99.91743832863489,99.99302844349616,true,false
500,20.0,150.24224389239794,100.09680842067128,0.5624997465953925,0.06740045920695081,149.99972617017363,150.56222591676902,100.05411340547397,100.12151386468092,true,false
500,20.0,150.03854856462138,100.00098688839401,0.7071903087300484,0.07504277069411103,149.72449563256714,150.4316859412972,99.95380477457923,100.02884754527334,true,true
500,20.0,149.25188282410062,99.98817973561074,0.6618293915837228,0.07119858902233034,148.95689005697196,149.61871944855568,99.94217774109087,100.0133763301132,false,true
500,20.0,149.58819877124057,100.04733500900488,0.7051538243897824,0.07237119954433524,149.25201844532103,149.9571722697108,100.00215240691172,100.07452360645605,false,false
500,20.0,149.85883976642242,100.03695515345451,0.8510716714243927,0.07422131168100066,149.45658200726797,150.30765367869236,99.98981566161176,100.06403697329276,true,true
500,20.0,150.1242239292293,99.99614470497644,0.5051422804726258,0.06681267224193732,149.90499366801566,150.4101359484883,99.95517246899132,100.02198514123326,true,true
500,20.0,150.18339994415942,99.99849605344136,0.4944216351842954,0.06883103008597402,149.9662075768421,150.4606292120264,99.95653353128291,100.02536456136889,true,true
500,20.0,149.91037017714638,100.02060326694087,0.6306083623676955,0.0677470232423758,149.6495348655796,150.2801432279473,99.97732777477458,100.04507479801696,true,true
500,20.0,149.18116166218653,99.99673413041064,0.6475881011017748,0.07525647357265086,148.88722089849713,149.5348089995989,99.94905062825883,100.02430710183148,false,true
500,20.0,150.42588293852785,99.9928016945806,0.5514452745111953,0.07539502367284001,150.17713566596308,150.72858094047427,99.94591691633921,100.02131194001205,false,true
500,20.0,149.13342694324385,100.10034602287269,0.677335343246142,0.07466537326827449,148.8368114684693,149.51414681171545,100.05318959559997,100.12785496886825,false,false
500,20.0,150.657503159614,99.97642933732928,0.6976049135880373,0.07003215899158022,150.35075929441015,151.0483642079982,99.9322933617939,100.00232552078548,false,true
500,20.0,150.0397532622265,100.00404647331551,0.7845086292097108,0.07522587416535487,149.68482047555815,150.46932910476787,99.95561690461784,100.0308427787832,true,true
500,20.0,149.33233861070687,99.9835407879417,0.7826583119035035,0.0716556804111832,148.98611761308968,149.76877592499318,99.93861762986658,100.01027331027777,false,true
500,20.0,149.87023892796014,100.16752676772836,0.47811819791246535,0.06897715162182294,149.66582997442242,150.1439481723349,100.1239273657012,100.19290451732303,true,false
500,20.0,149.82195924147072,99.97298005469153,0.6895917139827077,0.0694071639706948,149.50582429962466,150.19541601360737,99.93005850328895,99.99946566725964,true,false
500,20.0,149.50923915570314,99.96030954072499,0.7503422389856951,0.07238623618695783,149.15995424373648,149.91029648272217,99.91336683146565,99.98575306765261,false,false
500,20.0,150.3320183009665,100.48373360603603,0.679143239275561,0.07424076959507886,150.0191380340444,150.69828127331996,100.43701929235948,100.51126006195456,false,false
500,20.0,149.17495902438463,99.98794420925796,0.6133722141195221,0.07448816117437218,148.90508378958845,149.51845600370797,99.94006155873245,100.01454971990682,false,true
500,20.0,148.36948952213274,99.96615680883536,0.5483287175670171,0.06708258676069079,148.13088513499136,148.67921385255838,99.92315237230098,99.99023495906167,false,false
500,20.0,150.10070812443888,100.16288981199037,0.4006527851123849,0.07006440477718456,149.93789865361327,150.33855143872566,100.11854429416837,100.18860869894556,true,false
500,20.0,150.0540821792078,100.10258285988584,0.8808131551543852,0.07503011365137979,149.6326454402928,150.5134585954472,100.05547726828414,100.13050738193552,true,false
500,20.0,149.6946902828152,100.00445661958261,0.676335241040789,0.0720597781290877,149.40319838640696,150.07953362744774,99.9592061119984,100.03126589012749,true,true
500,20.0,150.2390547871281,99.95675777406072,0.4932422299507664,0.07711991118155481,150.025641524293,150.51888375424377,99.90870395402203,99.98582386520359,false,false
500,20.0,149.66315788529073,100.02543255044887,0.5351453381672968,0.06908383145928099,149.44068599719964,149.97583133536693,99.98127342941373,100.05035726087301,false,true
500,20.0,149.4409685754363,99.96899903950039,0.468666989735425,0.07235848637077424,149.24031839663303,149.70898538636845,99.9223185357254,99.99467702209617,false,false
500,20.0,148.80136895036674,100.06949637503513,0.6241869095600237,0.07736824821323296,148.51709223896555,149.14127914852557,100.01993460196152,100.09730285017476,false,false
500,20.0,149.95525994132157,100.01041593607692,0.43099821520826254,0.07708699009268116,149.77747429590352,150.20847251111178,99.96273207180673,100.03981906189941,true,true
500,20.0,149.54844265461148,99.95434713501626,0.6415389655227841,0.07164766960812585,149.25701047095157,149.89854943647435,99.90963775333968,99.9812854229478,false,false
500,20.0,150.4518963945277,100.0210160195639,0.6790051804477457,0.07662357193493108,150.1600695473265,150.83907472777423,99.97370148493812,100.05032505687305,false,true
500,20.0,149.9412731867584,99.98117113073398,0.49548674036924467,0.07099841942567764,149.7364938212735,150.23198056164276,99.93612055189018,100.00711897131586,true,true
500,20.0,150.10005873185258,99.97422129271615,0.6506618448536301,0.07415672259570272,149.81204729016812,150.46270913502175,99.92737356112798,100.00153028372368,true,true
500,20.0,150.34665663802082,100.11140447916765,0.7184802971883073,0.07048538862714793,150.025991421161,150.7444717183493,100.0672184066819,100.13770379530905,false,false
500,20.0,150.04137325634485,100.08574382187186,0.3953073135290026,0.07885635755113185,149.87568829259104,150.27099560612004,100.0344465702697,100.11330292782083,true,false
500,20.0,149.72428744088597,100.08396983456909,0.46442845857174575,0.07514471452964244,149.53228069418077,149.99670915275252,100.03648182796766,100.1116265424973,false,false
500,20.0,150.33579860811506,99.98225405967185,0.5841047938920951,0.074795666157641,150.08017257029348,150.66427736418558,99.93552746518655,100.0103231313442,false,true
500,20.0,148.91019402296297,99.95529345553626,0.6150357828685742,0.07033048358860583,148.6281610339398,149.24319681680836,99.91184085298036,99.98217133656897,false,false
500,20.0,150.18125400480773,99.98607015886606,0.5213367690551252,0.07009862683995038,149.95817829946137,150.4795150685165,99.94170905404522,100.01180768088517,true,true
500,20.0,149.988635976173,100.03372075896552,0.7511673085659822,0.07236161310645173,149.64505455355078,150.39622186211676,99.98964132549854,100.06200293860499,true,true
500,20.0,149.8795810061747,100.05446939573602,0.5598863130167331,0.07208099348331132,149.64167775537348,150.2015640683902,100.00909310927928,100.08117410276259,true,false
500,20.0,150.03977654898512,100.07341840992679,0.6651149094605842,0.07317495027162124,149.74127914900157,150.40639405846215,100.02782855859657,100.10100350886819,true,false
500,20.0,150.22139117900429,99.99272352304695,0.3828114015465758,0.0734209465520479,150.07107506048595,150.45388646203253,99.94702251880713,100.02044346535918,false,true
500,20.0,150.16021806963494,100.00080739041005,0.47580821381211535,0.07058147893717148,149.96468693473497,150.4404951485471,99.9563995737383,100.02698105267547,true,true
500,20.0,150.65616701859668,100.00429547609906,0.8047509390446805,0.07061889890323414,150.28863071247395,151.09338165151863,99.95899635404,100.02961525294323,false,true
500,20.0,150.20720361828978,99.97162671251782,0.5685835159044927,0.07174402757912901,149.9587152945976,150.5272988105021,99.9258708499351,99.99761487751422,true,false
500,20.0,149.54830128249475,100.00102760648716,0.436780629658557,0.06826253279450611,149.36539145829465,149.8021720879532,99.95751977990332,100.02578231269783,false,true
500,20.0,150.08793628718243,100.01471287472,0.7542222854093836,0.07633635341339584,149.74950903039385,150.50373131580324,99.96521563250887,100.04155198592227,true,true
500,20.0,150.15182964354227,100.01185802258829,0.5691946364053422,0.0738775943028287,149.9056140981086,150.47480873451394,99.96560540593751,100.03948300024034,true,true
500,20.0,148.74757498809186,99.98387265638428,0.4721133006723335,0.07267745763662958,148.53987343749066,149.011986738163,99.93855077500073,100.01122823263736,false,true
500,20.0,149.48673929069605,100.06365583241072,0.539839589919552,0.06783938872335682,149.26964294421947,149.80948253413902,100.02230292331056,100.09014231203392,false,false
500,20.0,150.32981081075167,100.06938181662755,0.47796864580502074,0.0789525682648673,150.13804103869708,150.6160096845021,100.02057561646762,100.09952818473249,false,false
500,20.0,150.43522010641777,99.95353251524466,0.5670653285497167,0.07647327956047434,150.18715323312233,150.75421856167205,99.90596875791947,99.98244203747994,false,false
500,20.0,150.22362062047057,100.06895292488005,0.45651538178654505,0.07253369784967845,150.04102804639663,150.49754342818318,100.02297746253507,100.09551116038475,false,false
500,20.0,150.35308176174712,99.95590779368027,0.6468348712483305,0.07772133392320768,150.05547417810752,150.70230904935585,99.90637065545222,99.98409198937543,false,false
500,20.0,149.73609134723569,100.02618894595258,0.43110782374785117,0.06942293358552831,149.56254286687687,149.99365069062472,99.98308457990755,100.05250751349308,false,true
500,20.0,150.17781429769337,100.0525703064009,0.6943489015799855,0.06668233459558337,149.8706884956315,150.56503739721148,100.00955992380031,100.0762422583959,true,false
500,20.0,148.8215461273486,100.04904713653009,0.758865267738912,0.07527592826245666,148.4879747935857,149.2468400613246,100.00197981362307,100.07725574188552,false,false
500,20.0,149.71415636179057,99.95753252707804,0.7634778481740341,0.07531773377851891,149.35947615038845,150.12295399856248,99.90945493087014,99.98477266464866,true,false
500,20.0,149.75136687455074,99.95830551394177,0.6530747463766318,0.07078589158551551,149.44631365411905,150.09938840049568,99.91378189752294,99.98456778910845,true,false
500,20.0,149.9284876803688,100.0018805805249,0.5796268423065101,0.07348954740683666,149.67637420645096,150.25600104875747,99.9546588575041,100.02814840491094,true,true
500,20.0,150.3470344330639,99.95717487162656,0.4938807919165811,0.0695379135695191,150.13819700448315,150.63207779639973,99.91415597657098,99.9836938901405,false,false
500,20.0,150.04441695456427,100.0399387635205,0.6815999102460069,0.07229070854755548,149.74234775131836,150.42394766156437,99.99341655142334,100.06570725997089,true,true
500,20.0,150.00761321501858,99.99479983549023,0.39011089276371536,0.0703549677789681,149.84399093662608,150.2341018293898,99.94897445522957,100.01932942300854,true,true
500,20.0,149.74801269639391,100.12723903222218,0.7174606042542848,0.06942877234463651,149.431428549153,150.14888915340728,100.08452116249397,100.15394993483861,true,false
500,20.0,150.04376783258928,100.17522410116814,0.5503597345263245,0.07438685916476118,149.80801858746827,150.3583783219946,100.12826803789686,100.20265489706162,true,false
500,20.0,150.50779158178773,99.9974548685179,0.5587002630035443,0.07477740459771098,150.27083930350804,150.82953956651158,99.95065413661622,100.02543154121393,false,true
500,20.0,150.03301690919977,99.97996011840627,0.699472954439301,0.0790725989713792,149.7187554049116,150.4182283593509,99.93071902429541,100.00979162326679,true,true
500,20.0,149.81395115244885,100.03221272172479,0.38850350679595635,0.0714241158771074,149.65325090032275,150.0417544071187,99.98740000442464,100.05882412030175,true,true
500,20.0,150.29199901704982,99.96426879914779,0.6320994461455314,0.07556319635301634,150.01919852457712,150.65129797072265,99.9170580264308,99.99262122278381,false,false
500,20.0,150.31935275648155,100.02191179314227,0.4471873498053469,0.0704060421550281,150.13486392925307,150.58205127905842,99.97823882279242,100.04864486494745,false,true
500,20.0,149.3549771844045,99.95577104614102,0.4908364309180797,0.0768904587579442,149.14192950726056,149.63276593817864,99.90712355468158,99.98401401343952,false,false
500,20.0,150.1132881957879,100.01778027916933,0.5741197675933165,0.07845597632928047,149.86137110968156,150.43549087727487,99.96890593161922,100.0473619079485,true,true
500,20.0,150.10178443668315,100.0093639459872,0.49780701255812687,0.07211005725508812,149.89157631183326,150.3893833243914,99.96464482988911,100.0367548871442,true,true
500,20.0,150.19921591178314,100.08823893798566,0.5467106007913571,0.07566983751604539,149.96458632888903,150.51129692968038,100.04015984204224,100.11582967955829,true,false
500,20.0,149.99342678652408,99.96248005400314,0.6172201427072821,0.07629074707038797,149.71932490872464,150.33654505143193,99.91525230212822,99.99154304919861,true,false
500,20.0,150.1275514951974,99.95409033641866,0.6320923460729659,0.07257572820257963,149.85346497054024,150.4855573166132,99.90853155207866,99.98110728028124,true,false
500,20.0,149.66862891659775,99.95367672367209,0.6231946331620293,0.0763310301646527,149.40688568842074,150.03008032158277,99.90630539142492,99.98263642158958,true,false
500,20.0,150.41501417639088,100.09414127158058,0.6433905674017808,0.07575422557276568,150.13349013585642,150.7768807032582,100.04507375129975,100.12082797687252,false,false
500,20.0,150.0976454054229,99.95516663773404,0.39860271265496294,0.07812750530140988,149.9346386954733,150.33324140812826,99.90497427354344,99.98310177884485,true,false
500,20.0,150.00187504067353,100.0247560152336,0.5729674092296193,0.07308895287432904,149.7563169625617,150.32928437179132,99.97930816063294,100.05239711350727,true,true
500,20.0,148.55030516853103,100.00971671878087,0.7778190057623533,0.07180565211801593,148.19732759169906,148.97514659746142,99.96537689520058,100.0371825473186,false,true
500,20.0,149.79789097498744,99.9737703543901,0.4773096577890499,0.0735888043675601,149.59866035771466,150.0759700155037,99.92698959350132,100.00057839786888,true,true
500,20.0,150.31977719760678,99.96092379247014,0.500060110094239,0.07277083069276102,150.09630344969054,150.59636355978478,99.91546138986745,99.9882322205602,false,false
500,20.0,149.9886552515402,100.03555512698884,0.6487219006861267,0.07457581491460985,149.70483926359776,150.3535611642839,99.98775336464192,100.06232917955653,true,true
500,20.0,150.49648688303066,99.95205071798833,0.6697702935521477,0.07442578025438706,150.2090196534167,150.87878994696885,99.90486863289563,99.97929441315001,false,false
500,20.0,148.91741459137677,99.97993665980343,0.6416575565210394,0.06956347060803125,148.62195211754263,149.26360967406367,99.93558793615509,100.00515140676312,false,true
500,20.0,149.57728349595868,99.99033508660435,0.5826898058299435,0.06870995190901397,149.31119189138983,149.89388169721977,99.94737523158344,100.01608518349245,false,true
500,20.0,149.50298401502232,100.06825211079632,0.6520790740699454,0.07390820316670954,149.2240540721758,149.87613314624573,100.02076302838917,100.09467123155588,false,false
500,20.0,149.37745483695625,99.95432276313686,0.48335311609994847,0.07135613990008949,149.16842024197442,149.65177335807437,99.90966003032166,99.98101617022175,false,false
500,20.0,149.51099270423123,99.96534270456478,0.6055446524200363,0.06910460969986332,149.24088038990294,149.84642504232298,99.92223439193936,99.99133900163922,false,false
500,20.0,150.3355082367711,99.96062049939749,0.647045548698685,0.07355682379996153,150.04308317305825,150.69012872175693,99.91459157410065,99.98814839790062,false,false
500,20.0,150.48011076579894,100.06102157002363,0.6211924729988141,0.07152252729545694,150.20532042212926,150.82651289512808,100.01429518124516,100.08581770854062,false,false
500,20.0,150.4300450503528,100.01819949575957,0.6854061755336431,0.07075669073087454,150.12093981951992,150.80634599505356,99.97296163725777,100.04371832798864,false,true
500,20.0,149.9317530068681,99.95730074431205,0.6626876186278423,0.07309122482348585,149.63584993436675,150.2985375529946,99.91180832336437,99.98489954818785,true,false
500,20.0,150.7305724028443,99.95332270434474,0.9369197003512397,0.079888570956129,150.29519701909913,151.23211671945037,99.90207203689431,99.98196060785044,false,false
500,20.0,149.34383430536275,100.00084340057508,0.4220406088759887,0.07592053777250385,149.16596591024074,149.58800651911673,99.95263053895073,100.02855107672323,false,true
500,20.0,150.04266729406464,100.01149790838899,0.7480405964953434,0.07289672078717047,149.7058490408098,150.45388963730514,99.9657254231656,100.03862214395276,true,true
500,20.0,150.5454718580173,100.002702789063,0.6170216053271815,0.07452920879282487,150.2799359535247,150.89695755885188,99.95414036281453,100.02866957160735,false,true
500,20.0,150.40160263125205,100.04418345441186,0.5617779154967195,0.07199603471329397,150.16211583424595,150.72389374974267,99.99714598515476,100.06914201986805,false,true
500,20.0,149.61616076715887,99.95892211399322,0.6005077501251321,0.07091134091848517,149.35474449484988,149.95525224497501,99.91329946074285,99.98421080166133,false,false
500,20.0,149.64176183639003,100.00792058335495,0.5356444013691544,0.0737976779267484,149.40662200031196,149.9422664016811,99.9621011750619,100.03589885298865,false,true
500,20.0,150.24542174598417,99.96634189450337,0.6965956395309831,0.07856146899578675,149.93539535662683,150.6319909961578,99.91771008349838,99.99627155249416,true,false
500,20.0,150.4885360925076,100.01910026916245,0.5427543614613057,0.07125133390165672,150.25397306866188,150.79672743012318,99.97442179194435,100.04567312584601,false,true
500,20.0,149.94635943803098,99.98023853707826,0.5742363552280381,0.07238767513466371,149.7007722438963,150.27500859912433,99.93464052590743,100.00702820104209,true,true
500,20.0,149.5289772215042,99.95698582313547,0.6619578518730407,0.06907188420035482,149.2252044987374,149.88716235061045,99.91327364993873,99.98234553413909,false,false
500,20.0,150.34711077672947,100.02826118856652,0.6475112709692894,0.07248818051004946,150.0585004348003,150.70601170576958,99.98137487801667,100.05386305852672,false,true
500,20.0,149.90282183551847,100.02068440282223,0.6912231072064117,0.07282661301722726,149.5953876142331,150.2866107214395,99.97425377352396,100.04708038654118,true,true
500,20.0,150.12164322378516,99.96483935600808,0.5894490246482462,0.07434668182874304,149.86368147823282,150.45313050288107,99.91797488915469,99.99232157098344,true,false
500,20.0,150.4065160551323,99.96804235174912,0.5711315996124995,0.07772539872219397,150.163297541225,150.7344291408375,99.91956295635899,99.99728835508118,false,false
500,20.0,150.05210395999185,100.01469636929112,0.5640785315803498,0.07109567277090889,149.80264701655142,150.36672554813177,99.96905824854746,100.04015392131836,true,true
500,20.0,150.25074376408372,100.01243566756291,0.6389124026224806,0.07232258930974922,149.97538864383205,150.61430104645453,99.9670359140211,100.03935850333085,true,true
500,20.0,149.91592456117272,99.96621839533933,0.4030619353186182,0.07301369716321915,149.74977097035313,150.15283290567174,99.92023260528836,99.99324630245158,true,false
500,20.0,149.41114827956608,99.9984520124103,0.6347850439960325,0.07181499186579288,149.1284626490262,149.76324769302224,99.9524506219336,100.02426561379939,false,true
500,20.0,149.71620545686406,100.01844292907569,0.5331199183446813,0.07262860088529521,149.48976909648107,150.02288901482575,99.97120838223518,100.04383698312047,true,true
500,20.0,150.4479265414705,100.0669071199506,0.7064570753457531,0.07348201642123797,150.14331295877687,150.84977003412263,100.02064746536087,100.0941294817821,false,false
500,20.0,149.34394661904574,100.02211146167856,0.3896255653112348,0.07531817428602494,149.18096560823346,149.5705911735447,99.97406761092068,100.04938578520671,false,true
500,20.0,150.51041530423376,99.9935924774517,0.6343366247668882,0.07035518751952452,150.23995259329035,150.87428921805724,99.94975859357245,100.02011378109198,false,true
500,20.0,149.81600701877974,100.06956126127142,0.668086669558221,0.07712310502022035,149.52540467188064,150.19349134143886,100.02119574186393,100.09831884688415,true,false
500,20.0,149.8929677578089,100.14858253715963,0.5058287144195219,0.07261418377184725,149.69028650163,150.19611521604952,100.10187766061442,100.17449184438627,true,false
500,20.0,150.0907786607945,100.01423874576093,0.3942411301368338,0.07083880507418883,149.92889221337472,150.32313334351156,99.97080444348026,100.04164324855445,true,true
500,20.0,149.8804305212887,99.97219268806728,0.46424391547205346,0.07457995578155874,149.68120595935562,150.14544987482768,99.92562776420773,100.00020771998929,true,true
500,20.0,150.1115599015314,100.04153049243416,0.6402777258126946,0.07573881216633538,149.83011925767542,150.47039698348811,99.99329466006972,100.06903347223606,true,true
500,20.0,150.21215749739667,100.0057150623024,0.7223447816905662,0.07472070270060271,149.88631808857198,150.60866287026255,99.95752217518083,100.03224287788143,true,true
500,20.0,148.97468648526407,99.98602828891462,0.6565677909260614,0.06929709473874368,148.69803134284948,149.35459913377554,99.94262574796358,100.01192284270232,false,true
500,20.0,149.37291426594876,99.98923617482433,0.5694983736761969,0.07059391870352272,149.12780942338657,149.69730779706276,99.94667565011429,100.01726956881781,false,true
500,20.0,150.44277241091754,100.01853335206434,0.8148632035260164,0.07236604787208023,150.06342300905246,150.87828621257847,99.97315998513605,100.04552603300813,false,true
500,20.0,149.8251587528285,100.02518811759273,0.5395511888386295,0.07080674574008583,149.57618935239555,150.11574054123417,99.98106344826317,100.05187019400326,true,true
500,20.0,150.17239694864884,100.07755754967292,0.6416110224163845,0.07426080849425887,149.89182716139288,150.53343818380927,100.03178813558775,100.106048944082,true,false
500,20.0,150.00340781847586,99.99932600331562,0.5515693821307366,0.07280921890908587,149.76729883887216,150.3188682210029,99.95333994123769,100.02614916014677,true,true
500,20.0,150.42449217842426,100.05395828599123,0.6952956675166888,0.07188452518266786,150.09740681031502,150.7927024778317,100.00763300375985,100.07951752894252,false,false
500,20.0,150.10857459954127,99.97901588065,0.6486459243204479,0.07309876081322386,149.81433517811575,150.4629811024362,99.93374192468474,100.00684068549796,true,true
500,20.0,150.1961952584302,100.00824717602252,0.6462227766177193,0.07612062000784192,149.9092790645874,150.5555018412051,99.96053754344106,100.0366581634489,true,true
500,20.0,149.69533093494974,100.00514140803773,0.4694498624581058,0.07403091766950354,149.49249864304483,149.96194850550293,99.95795973302266,100.03199065069217,false,true
500,20.0,149.81445532160342,100.09558251404067,0.5960610059525209,0.07433393343107753,149.5455408175539,150.14160182350642,100.0477471448948,100.12208107832588,true,false
500,20.0,150.1728082455952,100.11591262274302,0.5236409416708341,0.07052459844982195,149.94529531143536,150.4689362531062,100.07046325937843,100.14098785782825,true,false
500,20.0,150.3220325013125,100.0153243104728,0.559846260874906,0.07558187372872283,150.07366577543897,150.63351203631387,99.96734150980103,100.04292338352975,false,true
500,20.0,149.935634960666,100.10527085824239,0.6766501541134176,0.07592057081987491,149.65100878285259,150.327658936966,100.0572436937678,100.13316426458768,true,false
500,20.0,149.69066256224528,99.99014503315735,0.5603646985313446,0.07339990041617739,149.44866143321454,150.00902613174588,99.94374950219654,100.01714940261272,true,true
500,20.0,149.92278345225483,99.97347503807075,0.6282818408857622,0.07580427026553593,149.64611885069326,150.27440069157902,99.92531028835332,100.00111455861885,true,true
500,20.0,150.4194855511226,100.02618402101511,0.578402229735218,0.07123135293963401,150.17024557564537,150.74864780538059,99.98242937230884,100.05366072524848,false,true
500,20.0,150.34530028415458,99.9749570497072,0.5905846783768993,0.07358610540232746,150.08493063113093,150.67551530950783,99.92778376531417,100.0013698707165,false,true
500,20.0,150.06743510318108,99.9605339181206,0.5823212511763245,0.07430245099097021,149.82592968174154,150.40825093291787,99.91391959235227,99.98822204334324,true,false
500,20.0,149.92626710286584,99.99319420845293,0.5470479071097429,0.0717951417319398,149.68830396858138,150.23535187569112,99.94736967225874,100.01916481399068,true,true
500,20.0,150.23668452323147,99.98074449493633,0.5504742606076434,0.08056462724057667,150.0057159442481,150.55619020485574,99.92895066688116,100.00951529412174,false,true
500,20.0,149.8125038457609,100.06951673261489,0.5908775801779029,0.07160025730250652,149.55830730181736,150.14918488199527,100.02405844500693,100.09565870230944,true,false
500,20.0,150.02444040778113,99.96112224095685,0.662468836875604,0.07035418984594344,149.7476204684077,150.4100893052833,99.91729119415342,99.98764538399936,true,false
500,20.0,150.0257432548624,100.02772470802383,0.5461809980691896,0.07265346992844002,149.78911519610568,150.33529619417487,99.9810288867476,100.05368235667603,true,true
500,20.0,149.85239808608517,100.08224050786819,0.48338337568318934,0.07344829998255875,149.63775823097814,150.12114160666133,100.03539887477109,100.10884717475365,true,false
500,20.0,149.89251348515566,99.96566285358963,0.46989575754585644,0.07674176024731594,149.68610632831783,150.1560020858637,99.91674794137035,99.99348970161766,true,false
500,20.0,150.0105150098324,99.9970113637271,0.7275223741275454,0.07545081804641995,149.6818492515401,150.40937162566763,99.94949161269366,100.02494243074008,true,true
500,20.0,149.9728674321482,99.95452407127347,0.5745362461447883,0.0721327727687111,149.72352111519098,150.29805736133576,99.90878333689068,99.98091610965939,true,false
500,20.0,150.09795013314044,100.00323290595287,0.49843341511524386,0.07517690458176673,149.89676160616952,150.39519502128476,99.95633529484041,100.03151219942218,true,true
500,20.0,149.98057238384706,99.96633264614798,0.47796446071487253,0.07330008461813975,149.77921243634285,150.25717689705772,99.92021310377224,99.99351318839038,true,false
500,20.0,150.71501286931078,99.97814691626385,0.709227439695951,0.07378327914530303,150.3955354533768,151.10476289307275,99.93144332341006,100.00522660255537,false,true
500,20.0,150.32165380281214,100.00536490876446,0.7533153585284822,0.07036866904886097,150.00031244771003,150.7536278062385,99.96186282269319,100.03223149174205,false,true
500,20.0,150.01198248402142,99.97753685059752,0.46643758839371685,0.0795964262414941,149.8139961990591,150.2804337874528,99.92587250170592,100.00546892794742,true,true
500,20.0,149.72735959929622,100.0662247842683,0.3700650212572043,0.07217628354644035,149.57717011788435,149.94723513914155,100.02116942045976,100.0933457040062,false,false
500,20.0,150.32510166694354,99.96132353789528,0.520020454321525,0.07769528103565904,150.09943962334623,150.61946007766775,99.91149748298864,99.9891927640243,false,false
500,20.0,150.38625365130468,100.02751678592885,0.5906519012724232,0.07579394028105924,150.15031213490985,150.74096403618228,99.97914573303187,100.05493967331293,false,true
500,20.0,150.43561820626508,100.08172414462331,0.7890956261343831,0.07330338406386261,150.0610153375148,150.85011096364917,100.0361195167108,100.10942290077466,false,false
500,20.0,150.0074490323529,100.0417427690735,0.565164945281424,0.07820637461145452,149.77233373064144,150.33749867592286,99.99341772912712,100.07162410373857,true,true
500,20.0,150.10765836356842,99.9627617689883,0.3731208856571868,0.07308289229598586,149.95263316294788,150.32575404860506,99.91769314851382,99.9907760408098,true,false
500,20.0,149.43273133674472,99.9795100627137,0.5720412426647101,0.07727677087797247,149.18087098068258,149.7529122233473,99.93073255216308,100.00800932304105,false,true
500,20.0,148.48877705327004,100.00928128794246,0.5160538355111441,0.07074719288223719,148.27567028935636,148.7917241248675,99.96456736446095,100.03531455734318,false,true
500,20.0,149.79938727954604,99.96946701952109,0.6865570708233406,0.0706065670932361,149.5055843157549,150.19214138657824,99.92447696332174,99.99508353041497,true,false
500,20.0,149.92133476158307,100.11278878135758,0.5337124094751573,0.07202222875403663,149.6935699971477,150.22728240662286,100.06640064366793,100.13842287242197,true,false
500,20.0,148.97470019324004,100.01851990633531,0.72612717391047,0.07217044735624256,148.65038561069724,149.3765127846077,99.97294552486326,100.0451159722195,false,true
500,20.0,150.17494030225396,99.9981498000477,0.44800162521988796,0.07165877507931384,149.9873239052997,150.43532553051958,99.9526391466084,100.02429792168772,true,true
500,20.0,147.9515163068948,99.9862777457191,0.5147095529970898,0.07155036305374551,147.73588817129058,148.25059772428767,99.94048834979706,100.01203871285081,false,true
500,20.0,150.05145621703443,99.97605392954749,0.6145043701633881,0.07536316772224438,149.77567410204773,150.39017847221112,99.92808397437884,100.00344714210108,true,true
500,20.0,150.43365172054828,99.95981608374504,0.7081182400922614,0.07086951445168665,150.1194684817729,150.82758672186517,99.91528501654258,99.98615453099427,false,false
500,20.0,149.8631066765531,100.00839138913751,0.590335613377647,0.07610702446382334,149.616785585934,150.20712119931164,99.96097094161286,100.03707796607668,true,true
500,20.0,149.12851531589928,99.95709435239723,0.4983348647347725,0.0754959984087833,148.93151349599142,149.4298483607262,99.90953168473844,99.98502768314722,false,false
500,20.0,148.83013764879078,99.96148672091059,0.5252044407326366,0.07549672590735668,148.6099040226292,149.13510846336183,99.91365668556013,99.98915341146748,false,false
500,20.0,150.24811708225167,100.1447818894382,0.5673654762195213,0.07159157482898593,150.00727526134733,150.57464073756685,100.09840418269532,100.1699957575243,false,false
500,20.0,149.47567039245365,100.1089492340052,0.6008427244012466,0.07409028052711619,149.21404252449298,149.81488524889423,100.06196900387118,100.1360592843983,false,false
500,20.0,149.5897990770738,100.07175800799627,0.5063043729600167,0.07097241330296811,149.3625416025488,149.8688459755088,100.02811987602834,100.09909228933131,false,false
500,20.0,150.33391639132145,99.97776810796165,0.48119173139181726,0.07198201285558525,150.12756927813783,150.60876100952964,99.93183944578848,100.00382145864407,false,true
500,20.0,149.34614358230817,100.0185146464826,0.6896036430635206,0.07350554199175008,149.03551127571686,149.72511491878038,99.97272166383198,100.04622720582373,false,true
500,20.0,150.1049007900808,99.9606008087741,0.4916681795472755,0.0808514773377027,149.89666894631205,150.38833712585932,99.90934510669075,99.99019658402845,true,false
500,20.0,150.4090956458861,99.97385887914848,0.5486658966876803,0.0779642770193476,150.18071900489448,150.72938490158216,99.92489346113193,100.00285773815128,false,true
500,20.0,148.91248624853836,99.97541317911896,0.588202948041868,0.07692873907029707,148.64555478458016,149.23375773262202,99.92571261157201,100.0026413506423,false,true
500,20.0,150.18321607466737,99.96337198025859,0.7038710942309194,0.07128497653020816,149.87099962033668,150.5748707145676,99.91788436407664,99.98916934060685,true,false
500,20.0,150.2612087408123,100.0562304770063,0.5478187690432321,0.06982784626588057,150.03666981470786,150.5844885837511,100.01222473844885,100.08205258471473,false,false
500,20.0,148.93498651213937,99.97133984712437,0.5779095295310128,0.07870343620265885,148.6959312901235,149.2738408196545,99.92158011743713,100.00028355363979,false,true
500,20.0,150.30707600608443,100.16747334986069,0.6250328392565336,0.07234530781467186,150.0359342294319,150.66096706868842,100.1220466863588,100.19439199417347,false,false
500,20.0,149.84156877002667,100.11438728615593,0.6538163223181641,0.0729914984365223,149.54161278481064,150.1954291071288,100.06846471381526,100.14145621225178,true,false
500,20.0,149.28339908167234,99.98611349044556,0.6487140113672183,0.07185562542980506,148.99066921390371,149.63938322527093,99.94144745546316,100.01330308089297,false,true
500,20.0,149.99430655061582,100.0019496864826,0.48780244147951635,0.07146177196003123,149.7872296715388,150.2750321130183,99.95723146135363,100.02869323331366,true,true
500,20.0,149.89982755802785,99.96525276284795,0.6390442028955476,0.07343340768811402,149.61458315516003,150.25362735805558,99.9187793028324,99.99221271052052,true,false
500,20.0,149.6609116094718,99.99024013974677,0.7213950095992345,0.07410476499198637,149.3311372282327,150.05253223783194,99.9425781851109,100.01668295010289,true,true
500,20.0,150.21169779420967,99.98471440151445,0.4914624689444054,0.07595268206752337,150.00584028992046,150.49730275886486,99.93545983116138,100.0114125132289,false,true
500,20.0,150.08526421796293,99.99517806874184,0.6160067248697487,0.07509086673050547,149.80830455162788,150.42431127649763,99.94888958135672,100.02398044808723,true,true
500,20.0,149.4769093456249,99.98166033442726,0.46209453907579245,0.07143955512108846,149.28582203563747,149.74791657471326,99.93719897029447,100.00863852541556,false,true
500,20.0,150.26015922032065,100.00554370538066,0.534927283069095,0.07373901615980571,150.03229679819762,150.56722408126672,99.95935843609746,100.03309745225727,false,true
500,20.0,150.44620190744916,99.96666291687589,0.5386339317459488,0.07462034017467545,150.21191427280291,150.75054820454886,99.91796812052291,99.99258846069759,false,false
500,20.0,150.28351278944277,99.98930676202974,0.682671634782082,0.07393992883679346,149.99488382333783,150.6775554581199,99.94054893763287,100.01448886646966,true,true
500,20.0,150.2819347563911,99.95964994690573,0.7098336004131909,0.07623313116621944,149.96725604777978,150.67708964819298,99.9117229486886,99.98795607985483,true,false
500,20.0,150.1636858068545,99.96614749420621,0.628580754892397,0.0767151622416975,149.8831806776336,150.511761432526,99.91556963194961,99.9922847941913,true,false
500,20.0,150.14390453359943,99.98607169857183,0.5978006089401333,0.07091110188757455,149.88194838093216,150.4797489898723,99.94210723203983,100.0130183339274,true,true
500,20.0,150.13173309718033,99.97288411551042,0.7669693165745741,0.07449537572156828,149.77503277847327,150.54200209504785,99.92500278736668,99.99949816308825,true,false
500,20.0,150.39848129787418,100.06108361587714,0.7340898632785411,0.0787835024566732,150.06597450070865,150.8000643639872,100.01048249657609,100.08926599903276,false,false
500,20.0,149.41957406682843,99.97873271340603,0.5932234672984293,0.061874561327442734,149.15520622942861,149.74842969672704,99.93493786607542,99.99681242740286,false,false
500,20.0,150.01760048404648,100.10879830848472,0.6063897575525914,0.06936932642773286,149.75024006652333,150.35662982407592,100.06499114180157,100.1343604682293,true,false
500,20.0,150.06425429863134,100.05430885850086,0.560195406958627,0.07507734104400754,149.80826588588272,150.36846129284135,100.00745548993855,100.08253283098256,true,false
500,20.0,150.13247803997467,100.08367957871351,0.6714516402940092,0.0740049116288759,149.82677945327052,150.49823109356453,100.03635678513558,100.11036169676446,true,false
500,20.0,150.1372231536708,99.96582133360758,0.3855695114997957,0.07449991618109664,149.97346996443545,150.35903947593525,99.91695201443845,99.99145193061955,true,false
500,20.0,148.81818155415988,100.11104356200255,0.5713435298838192,0.0744659294460348,148.56976684755435,149.14111037743817,100.06343846655474,100.13790439600078,false,false
500,20.0,148.41463928248908,99.96025985543159,0.6499999012037847,0.07704028950942643,148.12823118742284,148.77823108862663,99.91134614411564,99.98838643362507,false,false
500,20.0,149.93985247476843,100.06919017280879,0.6258353462721118,0.07097308720429396,149.66886949941,150.2947048456821,100.02445594818687,100.09542903539116,true,false
500,20.0,150.2644561456928,100.00247844449139,0.6883123164510323,0.0764790709197598,149.95023291624128,150.6385452326923,99.95340241729124,100.029881488211,true,true
500,20.0,150.46019681384158,100.00637068791653,0.7517134225287236,0.07405324158558813,150.11473250821442,150.86644593074314,99.9586274961855,100.03268073777109,false,true
500,20.0,150.11215754846177,99.9785050192093,0.693611445884585,0.07106990758300924,149.8092256329452,150.5028370788298,99.93363310533476,100.00470301291777,true,true
500,20.0,149.25155030710542,100.02783157565143,0.4923644893642063,0.07130448045676019,149.03209616843128,149.5244606577955,99.98256819817107,100.05387267862783,false,true
500,20.0,149.8834322769484,100.03918969711742,0.6258939293708465,0.07278612219566583,149.61652123228018,150.24241516165102,99.9927539911641,100.06554011335976,true,true
500,20.0,149.347325559837,100.04749646813852,0.7099424712439202,0.0779724951888312,149.01998525120123,149.72992772244515,99.99900942537109,100.07698192055992,false,true
500,20.0,150.5848922943518,100.03718108202854,0.5907712276750772,0.07069695685098054,150.324755387327,150.91552661500208,99.9927427250667,100.06343968191769,false,true
500,20.0,150.04351314141715,99.98531159007479,0.589420050459637,0.08195319049062277,149.8000455823498,150.38946563280945,99.93266963871466,100.01462282920528,true,true
500,20.0,150.35112838376511,100.1198836927598,0.5652691950325845,0.06787688782809198,150.09989276674023,150.6651619617728,100.07702331961347,100.14490020744157,false,false
500,20.0,150.691772808069,100.03552213416751,0.8450769231355082,0.07463056722087913,150.29978536439353,151.14486228752904,99.9885290481945,100.06315961541537,false,true
500,20.0,150.54380463238044,100.1047484346396,0.6489551202529356,0.07400528964781472,150.2643245702681,150.91327969052102,100.05757473478246,100.13158002443028,false,false
500,20.0,149.19429675361764,100.12176738096346,0.6179831091776862,0.07730920128574326,148.91525153707798,149.53323464625566,100.07123240639137,100.14854160767712,false,false
500,20.0,149.82934813321526,100.13076643088436,0.6384243608327438,0.07371264889242468,149.55366615201956,150.1920905128523,100.08317023867237,100.15688288756479,true,false
500,20.0,150.54171926214065,100.04671355864568,0.5657118818769504,0.06902612244593342,150.29362113400842,150.85933301588537,100.00146299831226,100.0704891207582,false,false
500,20.0,149.84203135110522,99.98798548182623,0.4901415578596868,0.07474782142591607,149.63712788871,150.1272694465697,99.93907575528831,100.01382357671423,true,true
500,20.0,148.92355235463535,99.95906172853682,0.7578188280185145,0.07137859332517849,148.57223837791122,149.33005720592973,99.91392770451974,99.98530629784491,false,false
500,20.0,149.55826395319949,100.06522887607525,0.6925587292807904,0.07384756722169072,149.25634711983167,149.94890584911246,100.0200835468165,100.09393111403818,false,false
500,20.0,149.7578399132372,99.95823763601162,0.7447538466429648,0.07090737708499262,149.42080790105487,150.16556174769784,99.91411834909565,99.98502572618064,true,false
500,20.0,150.46344058161137,100.0769725716309,0.5174124287264021,0.06795209660478463,150.24835113075227,150.76576355947867,100.03522359377637,100.10317569038115,false,false
500,20.0,149.46924154064908,99.9668131077951,0.5233022267964884,0.07308045145791198,149.2461913856393,149.76949361243578,99.9205476053615,99.99362805681942,false,false
500,20.0,149.4016132871012,100.08707290872138,0.7005684738462605,0.06851935420762345,149.09800613845417,149.79857461230043,100.04314965519335,100.11166900940097,false,false
500,20.0,150.16972119105995,100.07713982449454,0.5021003628562255,0.07212943636206148,149.94838983917631,150.45049020203254,100.03103202227034,100.1031614586324,true,false
500,20.0,150.53597217449234,100.03139576639623,0.7349020542368976,0.0762298017321541,150.19219695537436,150.92709900961125,99.98340131611872,100.05963111785087,false,true
500,20.0,149.8094003526926,99.95431795645962,0.5332265050651301,0.08184307316408024,149.58147985463302,150.11470635969815,99.9030999679895,99.98494304115358,true,false
500,20.0,150.47647040691103,100.02842950793888,0.6269897621763505,0.0797538769915036,150.19545697837168,150.82244674054803,99.97733006066511,100.05708393765661,false,true
500,20.0,149.35438708884476,100.04135721296021,0.4657423647531118,0.07028874744250402,149.16408793133553,149.62983029608864,99.99775409635039,100.0680428437929,false,true
500,20.0,149.4985732670591,100.05485679930416,0.5471956453103246,0.06727459909474476,149.26425442869936,149.81145007400968,100.01207512458042,100.07934972367516,false,false
500,20.0,150.26055276830706,100.13993980919642,0.6113232443652521,0.07830481525961375,149.9951503253572,150.60647356972245,100.0907489115129,100.16905372677252,true,false
500,20.0,149.1812889017431,99.9789634056893,0.4103754552527903,0.07189895762611798,149.01609719558013,149.42647265083292,99.93291365429359,100.0048126119197,false,true
500,20.0,150.22805856026855,100.04306085625734,0.7166438182132993,0.07300842795356743,149.9167667361826,150.6334105543959,99.99654198543925,100.06955041339282,true,true
500,20.0,150.01873225167975,100.1346650097784,0.5834305433222085,0.07433010164140796,149.76667961687286,150.35011016019507,100.086955239043,100.1612853406844,true,false
500,20.0,150.43984572797416,100.01989963253362,0.5921857054139821,0.07200468927796067,150.17419191403533,150.76637761944932,99.97434517668341,100.04634986596137,false,true
500,20.0,150.36020717553328,100.01052762285863,0.64628720684874,0.0758351177412635,150.07904259437387,150.7253298012226,99.96298539113283,100.0388205088741,false,true
500,20.0,150.27377029328383,99.96380119193435,0.5917751975342469,0.07434703244219065,150.02343756210655,150.6152127596408,99.91658116287206,99.99092819531425,false,false
500,20.0,149.9436928156544,99.9891397178273,0.6675925301356358,0.07435049629904711,149.65089724927714,150.31848977941277,99.94259583225568,100.01694632855472,true,true
500,20.0,149.76264746043603,99.96585133966283,0.643804079388758,0.0698203904020005,149.48657117931094,150.1303752586997,99.92103682805788,99.99085721845988,true,false
500,20.0,150.20417711381944,99.95998470854178,0.8272336041451922,0.07546335154329142,149.83758176555068,150.66481536969587,99.91355951965068,99.98902287119397,true,false
500,20.0,150.1118182081358,100.14196109716335,0.5888251300335696,0.06651916833341431,149.86353444265836,150.45235957269193,100.0995180195005,100.16603718783391,true,false
500,20.0,149.6839913020735,99.9667273170764,0.6298911775398608,0.0728894415884156,149.4107563962335,150.04064757377336,99.92063115873057,99.99352060031899,true,false
500,20.0,150.7452880462472,99.97440317323219,0.6947584141181835,0.07860716809734924,150.42329724428217,151.11805565840035,99.92466889218134,100.0032760602787,false,true
500,20.0,150.17388722773345,100.06535284791474,0.604221931811054,0.07134207165415773,149.91647365241704,150.5206955842281,100.02213173693534,100.0934738085895,true,false
500,20.0,150.44825485748203,99.97407311235348,0.5177354413812907,0.07819491446672089,150.2258680292607,150.743603470642,99.9246778703686,100.00287278483532,false,true
500,20.0,150.1465189307657,100.01734396433147,0.6628802675887471,0.07661030416225856,149.85455177283816,150.5174320404269,99.96942827519973,100.04603857936199,true,true
500,20.0,150.34480835276517,100.02645324332971,0.5364884783831201,0.06767293957663867,150.12314736181216,150.65963584019528,99.98471498767364,100.05238792725028,false,true
500,20.0,150.27166158943356,99.9576237526674,0.4488712739924665,0.07430303642290426,150.08389488474867,150.53276615874114,99.91152204529209,99.98582508171499,false,false
500,20.0,149.50079732466648,99.9629193851097,0.514604946511156,0.07007739527925594,149.2828195467449,149.79742449325605,99.91861653781716,99.98869393309641,false,false
500,20.0,149.79887468640453,100.12439882126202,0.6337126581489088,0.0730720049241711,149.51557674579217,150.14928940394108,100.07940786904658,100.15247987397075,true,false
500,20.0,150.30153002353876,99.9632264302878,0.7143591750077292,0.07336132632225656,149.98390660797565,150.69826578298338,99.91763321146715,99.9909945377894,true,false
500,20.0,149.80712576161685,100.00384809773513,0.5228583985565933,0.06798478403197805,149.58294086912127,150.10579926767787,99.9610171062802,100.02900189031217,true,true
500,20.0,150.15387966528215,99.95588700934033,0.5843056768581789,0.07471707867355804,149.89649558073242,150.4808012575906,99.9096009763565,99.98431805503006,true,false
500,20.0,150.4860010715033,100.047092119653,0.6654711567766469,0.07847021610027127,150.1962596385754,150.86173079535206,99.99794049424884,100.07641071034911,false,true
500,20.0,150.08631962875293,99.98040392292214,0.5279061337231497,0.0750847653452098,149.86218525421373,150.39009138793688,99.93323691208205,100.00832167742726,true,true
500,20.0,150.45106433184225,99.95745897048823,0.5966492622173121,0.07440935958443617,150.2025198243894,150.79916908660672,99.91028619275616,99.9846955523406,false,false
500,20.0,150.769598312708,99.9922080528721,0.7327281057789321,0.07860140917208014,150.4452522021564,151.17798030793534,99.94238480407074,100.02098621324282,false,true
500,20.0,150.47673437273968,99.98164808432723,0.8846192635982959,0.07301373450421522,150.0599858183325,150.9446050819308,99.93567528351193,100.00868901801614,false,true
500,20.0,149.7067873026319,99.9777559023945,0.4944737779341324,0.07583927581087835,149.50708414675984,150.00155792469397,99.92960675116392,100.0054460269748,true,true
500,20.0,149.84463502295034,100.08987392542835,0.7476955807312891,0.06792422903473039,149.5056269451567,150.253322525888,100.0479380924094,100.11586232144413,true,false
500,20.0,148.79281349336233,100.02010062586294,0.616910608753301,0.07430364676855561,148.51236188499897,149.12927249375227,99.97344518915557,100.04774883592412,false,true
500,20.0,150.09345522210438,99.97563806140786,0.491361616556361,0.07282531989005747,149.89271174897652,150.38407336553288,99.93039230942915,100.00321762931921,true,true
500,20.0,150.69506202376635,100.08961041920122,0.7647274610798718,0.07119553923503474,150.34904083532695,151.11376829640682,100.04447376455173,100.11566930378676,false,false
500,20.0,149.9876491841136,100.08084246833114,0.6257197470287963,0.07917199733026337,149.71699300951758,150.34271275654638,100.03122954532378,100.11040154265405,true,false
500,20.0,150.02387161798,99.9604239371562,0.562013212472209,0.0717144713782858,149.7759104257904,150.33792363826262,99.91485503677043,99.98656950814872,true,false
500,20.0,150.38789004368056,100.01616562561888,0.5796741723112575,0.07549326479063723,150.14354321498814,150.7232173872994,99.96873222118934,100.04422548597998,false,true
500,20.0,150.40695295050998,99.98612473354748,0.5492766677913323,0.07356743666393584,150.1727948310019,150.72207149879324,99.94074579118214,100.01431322784607,false,true
500,20.0,150.27939002518423,99.98529621682461,0.6642235074832854,0.07647071281763829,149.99625687128926,150.66048037877255,99.93752717063046,100.0139978834481,true,true
500,20.0,149.98516693366213,100.15150915110641,0.5508560857186069,0.07027622755421703,149.7577095281694,150.30856561388802,100.10808501763124,100.17836124518546,true,false
500,20.0,149.9926354441987,99.95483158761897,0.5297907508757191,0.07695069948429989,149.764099783364,150.29389053423972,99.90591809470573,99.98286879419003,true,false
500,20.0,149.97603944814958,100.03513564327153,0.5039190393749777,0.07693229236510035,149.76498834862576,150.26890738800074,99.98501329740533,100.06194558977043,true,true
500,20.0,149.2296288692981,99.9558079318731,0.42698043776562145,0.07251239096569861,149.0574442860099,149.48442472377553,99.90995107071811,99.9824634616838,false,false
500,20.0,150.57935838704557,99.97866241684169,0.7303127330174846,0.07365150578725377,150.24889468860806,150.97920742162555,99.9318138308375,100.00546533662475,false,true
500,20.0,149.35631387855773,100.11135016090302,0.6731984461453067,0.07028123484627713,149.06084733153972,149.73404577768503,100.06671275549446,100.13699399034074,false,false
500,20.0,150.10787440037237,99.97997208860721,0.519830703280519,0.0760551706391226,149.88930291331965,150.40913361660017,99.93215072130637,100.0082058919455,true,true
500,20.0,150.29099663460187,99.97359155513757,0.42385276596627364,0.0725393339238849,150.11425550778753,150.5381082737538,99.92718187819247,99.99972121211636,false,false
500,20.0,150.001303113966,99.98453902682587,0.49224452409842456,0.06676713123526667,149.78698105538214,150.27922557948057,99.94332929242067,100.01009642365594,true,true
500,20.0,150.18580346467922,100.05538786485752,0.5641939207946223,0.07275795929319884,149.93009245526017,150.4942863760548,100.0095406287946,100.0822985880878,true,false
500,20.0,150.06971205846247,100.0716978629078,0.6510593858052687,0.07989549375517413,149.78503287536194,150.4360922611672,100.02155657290194,100.10145206665712,true,false
500,20.0,150.02644817819774,99.98516497141296,0.756090693169341,0.07503502487352876,149.67404614786798,150.43013684103732,99.93572706530672,100.01076209018025,true,true
500,20.0,149.66311546321646,100.35188698116824,0.5403933634212876,0.07006331465839821,149.43637575956677,149.97676912298806,100.30733607142928,100.37739938608767,false,false
500,20.0,150.2897920125421,99.99356822081945,0.5944214243043575,0.07545408356416772,150.0378778664967,150.63229929080106,99.94535468448454,100.02080876804871,false,true
500,20.0,149.93899350239346,100.02229935232768,0.505092797437726,0.07451516974298045,149.71347713686856,150.2185699343063,99.97461131625487,100.04912648599785,true,true
500,20.0,150.13907943201457,99.95498610442432,0.8828009333140869,0.07018236696399072,149.70047605041194,150.58327698372602,99.9114570054139,99.98163937237788,true,false
500,20.0,150.10789362527734,99.96070086127303,0.5924809824693682,0.07381979269642613,149.8458882899353,150.43836927240466,99.91414394011338,99.9879637328098,true,false
500,20.0,150.17668051871289,99.97473273416087,0.5068160667609334,0.0709017346957097,149.95857239230602,150.46538845906696,99.92968863277154,100.00059036746725,true,true
500,20.0,150.30085539707142,99.98893432647917,0.5917159641409171,0.06846807857517945,150.03808014633006,150.62979611047098,99.94524959826553,100.01371767684071,false,true
500,20.0,150.07521306224052,100.05399205449353,0.5568840096378835,0.07769803360393723,149.84534008329533,150.4022240929332,100.00537083598155,100.08306886958549,true,false
500,20.0,149.94818405686846,100.03598710472457,0.5893165041033512,0.07611743221089284,149.69396126525595,150.2832777693593,99.98738739415542,100.06350482636631,true,true
500,20.0,149.45072772513754,99.95297706328583,0.7685904877160112,0.07879830494829321,149.10812624049439,149.8767167282104,99.90358434514366,99.98238265009195,false,false
500,20.0,150.33078968340953,99.99928597391849,0.6052808112865762,0.0769088528110018,150.06905120737986,150.67433201866643,99.95164180288543,100.02855065569644,false,true
500,20.0,150.0950854542761,99.96244668579286,0.646037868035279,0.0747325685061071,149.8083653995546,150.45440326758987,99.91392895399495,99.98866152250106,true,false
500,20.0,149.17676844867455,99.97264810625478,0.59113054954841,0.0762561715555421,148.91915766195638,149.5102882115048,99.9256734944477,100.00192966600324,false,true
500,20.0,150.16014098979528,99.97951394549335,0.40980708720215375,0.07642021248797448,149.99129205457635,150.4010991417785,99.93030836774346,100.00672858023144,true,true
500,20.0,150.04706572782715,100.05096143084079,0.5781628603086233,0.069928495651979,149.80776185209737,150.385924712406,100.0068517570362,100.07678025268818,true,false
500,20.0,149.86404207598213,100.03767835371283,0.6685149391135781,0.07291025110801286,149.5641286748803,150.23264361399387,99.99060792474057,100.06351817584859,true,true
500,20.0,150.5598177050485,99.96269704945145,0.603522744094164,0.0750070999435195,150.2926629932229,150.89618573731707,99.91624973728986,99.99125683723338,false,false
500,20.0,150.05853862914688,100.14276719269547,0.6447982218594461,0.07214512481596103,149.76385246986695,150.4086506917264,100.09722129327673,100.1693664180927,true,false
500,20.0,149.58150440004823,99.96891532619995,0.5807643371270217,0.0786477273014583,149.32225393407145,149.90301827119848,99.91985194739378,99.99849967469524,false,false
500,20.0,150.30198024281714,100.00490841914585,0.5593423012411733,0.0721412286604135,150.07089170484423,150.6302340060854,99.95879493934822,100.03093616800864,false,true
500,20.0,149.49652334570763,100.03891436070377,0.575099637143353,0.07717489106396158,149.2545378030019,149.82963744014526,99.9887259868949,100.06590087795887,false,true
500,20.0,150.30491567056833,100.13446416975637,0.7114408442299975,0.07099818191997542,149.97659762223265,150.68803846646264,100.08906017822525,100.16005836014523,true,false
500,20.0,150.18438056730275,100.06898831146322,0.5587428629543183,0.07633459195254488,149.9359276104518,150.49467047340613,100.02059343675616,100.0969280287087,true,false
500,20.0,150.22275601930056,99.97674891394244,0.6600777816639152,0.07391712786264293,149.93106561392736,150.59114339559127,99.92976117950704,100.00367830736968,true,true
500,20.0,150.1321241873858,100.02746089507816,0.5418103502798033,0.07364814271656428,149.89787604802848,150.43968639830828,99.9810266078931,100.05467475060966,true,true
500,20.0,148.54056167631998,100.07739131295219,0.6681605905990295,0.07010504282447982,148.23827496354795,148.90643555414698,100.03317413867596,100.10327918150044,false,false
500,20.0,148.23856095207233,100.00557025461013,0.6178979190942755,0.06576612452089137,147.96923960122695,148.58713752032122,99.96393553526647,100.02970165978736,false,true
500,20.0,150.1366686454251,100.05066033927167,0.41587032755728615,0.07745539851269712,149.96202844808477,150.37789877564205,100.00143409811855,100.07888949663125,true,false
500,20.0,149.52763754275583,100.05985244045164,0.5730262764867575,0.0691706506552805,149.26343150301926,149.83645777950602,100.0164631326961,100.08563378335138,false,false
500,20.0,150.24618107191765,99.96567749477038,0.5337298936141508,0.07320232214837574,150.01910381288272,150.55283370649687,99.919797255655,99.99299957780337,false,false
500,20.0,150.1690077397672,99.9764044643102,0.38162311884875066,0.07302007735611937,150.01325036360052,150.39487348244927,99.93069288144713,100.00371295880325,false,true
500,20.0,149.99938422901056,100.01261882050734,0.49839770085773694,0.07440424090130193,149.79461633882008,150.29301403967781,99.96476323760682,100.03916747850812,true,true
500,20.0,150.146101857026,99.99361129916659,0.8041080115133923,0.07401398621172461,149.76911053814501,150.5732185496584,99.94592481954575,100.01993880575748,true,true
500,20.0,149.72865365490105,99.99020724433498,0.8086393612074971,0.07162410591911339,149.35036146245488,150.15900082366238,99.94523677643554,100.01686088235465,true,true
500,20.0,149.50589725541187,100.0386451087706,0.5997646932267742,0.07183954660541758,149.24502914068924,149.84479383391601,99.99399664185023,100.06583618845565,false,true
500,20.0,150.36839964105218,99.95675286947193,0.4655045133169722,0.07931217641211674,150.17622777662876,150.64173228994574,99.90697169229179,99.98628386870391,false,false
500,20.0,149.88646963435997,99.95897466201657,0.5241360865477418,0.07044510637814483,149.67159816356832,150.19573425011606,99.91453771421035,99.9849828205885,true,false
500,20.0,150.07383483595854,99.99029492253781,0.4950491229112117,0.07820550767885948,149.86452077020104,150.35956989311225,99.94050753161068,100.01871303928954,true,true
500,20.0,150.4841612231106,99.99868418795242,0.5273181971659255,0.06768733061589671,150.25684326383248,150.7841614609984,99.95667819656616,100.02436552718206,false,true
500,20.0,149.7235063847951,99.99065395501304,0.5436511352355637,0.07588736943625918,149.4811477366047,150.02479887184026,99.94262471060175,100.01851208003801,true,true
500,20.0,150.46580719163367,100.04916844645703,0.6460785049545166,0.07633637035050356,150.17100595064215,150.81708445559667,100.00054687346267,100.07688324381317,false,false
500,20.0,150.51331268758923,100.0009700059982,0.6665216859182976,0.07468962996843231,150.21262592309236,150.87914760901066,99.9538952066101,100.02858483657853,false,true
500,20.0,149.63626497034525,100.00846242731511,0.6531642421707033,0.07365198722247612,149.34406228732186,149.99722652949256,99.96191089637603,100.0355628835985,false,true
500,20.0,149.97626809331047,100.05373515620036,0.4278251496003236,0.07869405419116049,149.80596975290464,150.23379490250497,100.00499727197003,100.08369132616119,true,false
500,20.0,150.26771277381062,99.97001462756182,0.6914809367052612,0.06830557483669963,149.95625943778646,150.64774037449172,99.92698313079421,99.99528870563091,true,false
500,20.0,149.62395510020878,100.33103583483222,0.5962390546767722,0.07042913510089477,149.3626452393639,149.95888429404067,100.28567801174914,100.35610714685004,false,false
500,20.0,150.19479909033345,99.99500637148805,0.6089410759649638,0.0761411798043099,149.93071555465173,150.5396566306167,99.94732661817599,100.0234677979803,true,true
500,20.0,149.53626777977757,100.05534137324969,0.47520258242423097,0.0755421486328487,149.33581915284503,149.81102173526926,100.00711519118164,100.08265733981449,false,false
500,20.0,149.6965223642302,100.0486058918882,0.6620421425970733,0.07752468462830109,149.42280264085127,150.08484478344835,99.9998753978123,100.0774000824406,true,true
500,20.0,150.0428612336786,100.06618795002981,0.6175204902811515,0.07494708466889222,149.7761054794891,150.39362596977026,100.01918139534763,100.09412848001652,true,false
500,20.0,148.78395990690302,99.95959574782772,0.716071103985314,0.0748991555084757,148.46110575650746,149.17717686049278,99.91213875757013,99.98703791307861,false,false
500,20.0,150.03124626904616,99.97896548751794,0.6598181236904281,0.07354481729296936,149.746543322009,150.40636144569942,99.93230600130148,100.00585081859445,true,true
500,20.0,149.1036504571444,99.99318923931948,0.7436076840927512,0.07298598396063483,148.7668814962342,149.51048918032694,99.94634730010053,100.01933328406116,false,true
500,20.0,149.78638826208442,99.9691676375045,0.4922631880415622,0.07363304216266897,149.58275701414203,150.0750202021836,99.9221025187629,99.99573556092557,true,false
500,20.0,149.65577806135158,100.05107632948715,0.39162971320854467,0.06799061806067641,149.49637446963652,149.88800418284507,100.00757823305962,100.0755688511203,false,false
500,20.0,149.8203934589606,100.00366102499444,0.8163018112113036,0.08260717970087228,149.4492803715748,150.2655821827861,99.95036638156057,100.03297356126144,true,true
500,20.0,150.2825776288924,100.02711327184338,0.4373139813220348,0.07391489637700488,150.10238949565152,150.53970347697356,99.98112954939378,100.05504444577079,false,true
500,20.0,150.13722792873335,99.97083557039281,0.4965158912832237,0.07271355577742611,149.94078293917326,150.43729883045648,99.92376221168468,99.9964757674621,true,false
500,20.0,150.09733900355707,100.01896879427973,0.671690838390532,0.07559210098816038,149.80274235865255,150.47443319704308,99.97176020801197,100.04735230900013,true,true
500,20.0,148.68922506201147,100.00672567852459,0.5611793690953277,0.06956502949184085,148.4487200759614,149.00989944505673,99.96198057896642,100.03154560845826,false,true
500,20.0,149.5261848059924,99.96764144775409,0.664780841591579,0.06946344020137474,149.23057345121993,149.8953542928115,99.92383685871398,99.99330029891536,false,false
500,20.0,150.333079678691,99.99251078962536,0.4888890939619728,0.07623250690843975,150.12736445660414,150.6162535505661,99.94463749375593,100.02087000066437,false,true
500,20.0,150.53099130209455,100.07513759449486,0.6072839645526358,0.07865578665678186,150.26227680944436,150.869560773997,100.02448949049813,100.10314527715491,false,false
500,20.0,150.23439852026632,99.96602625419642,0.6391728063594257,0.07638642015004393,149.94702520156613,150.58619800792556,99.91775646924955,99.9941428893996,true,false
500,20.0,149.5744377722845,99.96740776214187,0.6611504346053891,0.07329708123160117,149.26229225641003,149.92344269101542,99.92057347464839,99.99387055588,false,false
500,20.0,149.47707118640966,100.2369989242539,0.5321443230599243,0.07376033215642508,149.25511201539732,149.78725633845724,100.18975911122293,100.26351944337935,false,false
500,20.0,150.2286879995118,99.96656486664688,0.45366412691203095,0.07276333081847497,150.0410232777537,150.49468740466574,99.9212868505922,99.99405018141067,false,false
500,20.0,150.5601893926576,100.0452332720333,0.6364540399576697,0.07342301782476568,150.2683718713815,150.90482591133917,99.99876188601722,100.07218490384199,false,true
500,20.0,149.25172390759877,100.026096460794,0.6350622169206019,0.07165968554124902,148.97977956494822,149.61484178186882,99.97905275051967,100.05071243606092,false,true
500,20.0,150.07515342504215,99.95906162875143,0.5806111511080019,0.07414080326829264,149.83674759162463,150.41735874273263,99.91281952362314,99.98696032689143,true,false
500,20.0,149.9713645748904,99.95549384659529,0.4620288496876981,0.07375389067728122,149.78201088997204,150.24403973965974,99.90868800141092,99.9824418920882,true,false
500,20.0,149.50746312991632,100.02405434188063,0.40011113907917206,0.07625126424947837,149.34320689269921,149.7433180317784,99.97609000706805,100.05234127131753,false,true
500,20.0,150.09274214335375,99.99001793620181,0.5503941524312665,0.07582113389288736,149.85496299751276,150.40535714994402,99.9410779960122,100.01689912990508,true,true
500,20.0,148.96894179968655,99.99181943151274,0.6887440372750007,0.06643805559072291,148.64479470159523,149.33353873887023,99.9501260992767,100.01656415486742,false,true
500,20.0,150.1522586635029,100.0530706703994,0.5834252086975482,0.07623197168156537,149.90270995263535,150.4861351613329,100.00431741732498,100.08054938900655,true,false
500,20.0,150.02666115963518,99.99995586453258,0.5162932694121025,0.07116932147383181,149.80623427721432,150.32252754662642,99.95460965508121,100.02577897655505,true,true
500,20.0,150.51143967656574,100.21825774988041,0.6199069328116593,0.06862709412412471,150.23750522584785,150.8574121586595,100.17507299930575,100.24370009342988,false,false
500,20.0,149.54516430816602,100.03770314172183,0.6457935166711763,0.0725771202329355,149.25284990876887,149.89864342544004,99.9912164441929,100.06379356442584,false,true
500,20.0,149.8416658233721,100.03110063243543,0.4958484591319916,0.07500784159957163,149.63175851465562,150.1276069737876,99.98355023704849,100.05855807864806,true,true
500,20.0,149.5861607164156,99.96420152075265,0.738480774095791,0.06887424561679723,149.2634132766691,150.0018940507649,99.91991098189709,99.98878522751389,true,false
500,20.0,150.2948336885972,99.96890354422428,0.4688581200608155,0.07010961507864977,150.10874267280371,150.57760079286453,99.92521079131609,99.99532040639474,false,false
500,20.0,150.25722236078735,100.15010032316542,0.49078836482524935,0.0746990983217728,150.04505992744433,150.53584829226958,100.1022664840136,100.17696558233537,false,false
500,20.0,150.73013417336642,100.12101529000572,0.6522081248947416,0.07367591305776955,150.43242956338418,151.08463768827892,100.0749240651995,100.14859997825727,false,false
500,20.0,149.33995110164363,99.9742519033037,0.7647735317180206,0.07026111442468164,148.97269563453168,149.7374691662497,99.93044825177563,100.00070936620031,false,true
500,20.0,150.3453948943391,100.03276680390373,0.7387496725872609,0.07269733997753747,150.01680524384759,150.75555491643485,99.98653680987914,100.05923414985668,false,true
500,20.0,150.3858310925419,100.0625023843142,0.6969830474365324,0.07451942800804545,150.0867309797637,150.78371402720023,100.01514798146796,100.08966740947601,false,false
500,20.0,149.7633095444993,100.00291801966559,0.6697882181834416,0.07045430855463053,149.46510092075343,150.13488913893687,99.95869440914834,100.02914871770297,true,true
500,20.0,150.58928085828381,99.96975344655502,0.5867385844202602,0.08091847825581056,150.3213855652295,150.90812414964975,99.91876738736187,99.99968586561768,false,false
500,20.0,149.84228209779187,100.08279620823495,0.3998174644270307,0.07224550668934171,149.67859310094667,150.0784105653737,100.03789746738647,100.11014297407581,true,false
500,20.0,149.73934402189116,100.02257406877987,0.5904474951951499,0.0679865285716943,149.4833426135937,150.07379010878884,99.98107240471879,100.04905893329048,true,true
500,20.0,150.02991925690918,99.99322111710451,0.6405928335287001,0.07516907971300668,149.74751026504023,150.38810309856893,99.94458701712267,100.01975609683568,true,true
500,20.0,149.84533299927168,99.95941615153764,0.564167321820662,0.06990970622646842,149.60884194735775,150.1730092691784,99.91580120094889,99.98571090717536,true,false
500,20.0,150.15783719352737,99.98249497486931,0.4530567460681425,0.07051353964578766,149.9656845301689,150.41874127623703,99.93754757840598,100.00806111805177,true,true
500,20.0,150.19242714517898,99.98548684805465,0.513261001061494,0.07506844679666358,149.9725251735121,150.4857861745736,99.93775159752425,100.01282004432092,true,true
500,20.0,150.09060801555376,100.04474893794007,0.571972309372569,0.07523133585962682,149.8316173175457,150.40358962691826,99.99742577760733,100.07265711346696,true,true
500,20.0,149.762154573084,100.0245704532239,0.5517733967477625,0.07199833935399624,149.51107304468434,150.0628464414321,99.97862626801451,100.0506246073685,true,true
500,20.0,149.5706070244795,100.01313820388035,0.5822804120942919,0.07025419252271092,149.32906332516225,149.91134373725654,99.96916527836149,100.0394194708842,false,true
500,20.0,149.52222748156163,100.01412258920016,0.6677933933146392,0.06586198766798645,149.22721460317808,149.89500799649272,99.97241801751736,100.03828000518534,false,true
500,20.0,150.30023114712372,99.98137027121285,0.6455381441536474,0.07534870428622753,150.00000123671055,150.6455393808642,99.93313949652675,100.00848820081298,false,true
500,20.0,150.3284815296946,100.03392441308236,0.5847014437532891,0.07636989072230449,150.06644932494663,150.65115076869992,99.9848670086995,100.0612368994218,false,true
500,20.0,149.43535152948266,100.02848313155079,0.4118071508063963,0.07620433060213827,149.26187853463543,149.67368568544182,99.98005503919455,100.05625936979669,false,true
500,20.0,150.0680839134257,100.00038259674406,0.5271057386922848,0.07639280560968587,149.8382601107981,150.3653658494904,99.95226599314084,100.02865879875053,true,true
500,20.0,149.8577825748559,99.98102305060397,0.5152756324243626,0.0735984750559453,149.63456281469922,150.14983844712359,99.93520819387109,100.00880666892704,true,true
500,20.0,150.2162318765827,99.99319093551301,0.5213402225684263,0.07918968622048794,150.00690089738828,150.5282411199567,99.9435257965565,100.02271548277699,false,true
500,20.0,150.33215750736366,99.97002599229015,0.7768455205891485,0.07060274340244632,149.97668620018095,150.7535317207701,99.9258286067692,99.99643135017165,true,false
500,20.0,150.24535731118712,100.12337652615264,0.5891075952886524,0.07137608478831226,149.99901199164958,150.58811958693823,100.07754753499367,100.14892361978198,true,false
500,20.0,150.34227506750784,100.00637391950013,0.5171415887516275,0.07297136267268911,150.12020187246245,150.63734346121407,99.96104784712746,100.03401920980015,false,true
500,20.0,150.09810000744716,99.97325043454086,0.5424667141684267,0.07574422534965208,149.86861983161117,150.4110865457796,99.92415443309932,99.99989865844897,true,false
500,20.0,149.41931136746322,100.12348250907954,0.560867884548486,0.06674687924208911,149.17882046759763,149.73968835214612,100.08046340492314,100.14721028416523,false,false
500,20.0,150.212747420279,100.10028152064672,0.6111378003143386,0.07509563218356163,149.9437897133579,150.55492751367223,100.05253658463083,100.12763221681439,true,false
500,20.0,149.99363195480794,99.95950733610798,0.5829788989581459,0.07526386244317962,149.74520303459056,150.3281819335487,99.91243414772751,99.98769801017069,true,false
500,20.0,149.38059318146247,100.0590605199805,0.6471970472522344,0.07305416518234154,149.07774744187154,149.72494448912377,100.01414136424368,100.08719552942603,false,false
500,20.0,149.83388690160888,100.0794125170708,0.7561534012934317,0.07209276080212135,149.48452251477772,150.24067591607115,100.03318235304633,100.10527511384845,true,false
500,20.0,150.20880012179586,99.96107031553666,0.46152054679566845,0.07059749759989131,150.01291861433515,150.47443916113082,99.91647211878225,99.98706961638214,false,false
500,20.0,150.3146690158505,99.96297947463447,0.577658623258543,0.0778329278165728,150.08559953181245,150.663258155071,99.91418926348621,99.99202219130278,false,false
500,20.0,150.22753124713046,100.0495207016343,0.6780296218229864,0.07273260486985578,149.94125036486537,150.61927998668835,100.00381418113263,100.07654678600248,true,false
500,20.0,150.09051557434884,100.29818737187558,0.5410455408438111,0.07298182156611688,149.86385709991572,150.40490264075953,100.25270156586868,100.3256833874348,true,false
500,20.0,150.34791200266218,99.96404167361833,0.6934851945096909,0.07266644112796428,150.0343654732065,150.72785066771618,99.91700568555794,99.9896721266859,false,false
500,20.0,150.12363436398635,100.02921890797685,0.6801113031379202,0.06865703887741859,149.829396365729,150.50950766886692,99.98593699314394,100.05459403202136,true,true
500,20.0,150.25356198047191,100.05198782348768,0.6061734024077623,0.07226789421845581,149.98193032791056,150.58810373031832,100.00624289307775,100.07851078729621,true,false
500,20.0,150.1511721103769,99.97786849711332,0.5231973707401494,0.07031191114390367,149.9259589274896,150.44915629822975,99.93420307893115,100.00451499007505,true,true
500,20.0,149.64461065642786,100.16127542008657,0.4677625794132041,0.07403208574631037,149.4469333338952,149.9146959133084,100.1140166668657,100.188048752612,false,false
500,20.0,150.45995938323202,100.10083052185881,0.6749591436956734,0.06854437570369498,150.1660160517299,150.84097519542559,100.05901710254825,100.12756147825195,false,false
500,20.0,150.6110703536379,99.96809405925171,0.6734825207053063,0.07544319527254117,150.3200194620367,150.993501982742,99.92191103309393,99.99735422836648,false,false
500,20.0,150.24636372864418,100.13541679786522,0.5718125151605307,0.07494149459691357,149.99880446810093,150.57061698326146,100.08767785515855,100.16261934975546,true,false
500,20.0,148.730087855489,99.96929021362737,0.5567899819131128,0.07282564529103297,148.50242552099422,149.05921550290734,99.92392540766801,99.99675105295904,false,false
500,20.0,150.13992931187158,99.99904153263142,0.466918551922447,0.07539817238276214,149.94475334308555,150.411671895008,99.95024202769066,100.02564020007343,true,true
500,20.0,150.42140662509476,99.98728332823777,0.5314494495819133,0.06996715281658794,150.20896319387091,150.74041264345283,99.94415834626191,100.0141254990785,false,true
500,20.0,149.45773408612826,100.06910431911982,0.7882079231372359,0.07058685631982087,149.08739412401872,149.87560204715595,100.02450670389796,100.09509356021778,false,false
500,20.0,149.47918207616743,100.00638270585463,0.6414598294066423,0.06879256707027537,149.1879881596082,149.82944798901485,99.9631060948451,100.03189866191538,false,true
500,20.0,149.1927019057241,100.0574219836619,0.6951010786312679,0.07126958932153116,148.87172424439507,149.56682532302634,100.01213728768603,100.08340687700756,false,false
500,20.0,150.24239807088054,99.98304208992754,0.5372061126411438,0.07150844155471248,150.00817698681834,150.54538309945949,99.93830361675958,100.0098120583143,false,true
500,20.0,149.52069544657434,100.1996441020244,0.559478175801928,0.0705216455512101,149.28419343499388,149.8436716107958,100.15486342679539,100.2253850723466,false,false
500,20.0,149.77614266330374,99.98791934554248,0.6886863620606789,0.07481871523356176,149.46265200075575,150.15133836281643,99.94081262335752,100.01563133859108,true,true
500,20.0,150.04777602331052,100.00499013429176,0.4679770536377248,0.07230552382874578,149.8515597230348,150.31953677667252,99.9598078502437,100.03211337407245,true,true
500,20.0,148.82522837879466,99.96565902861052,0.7968159939917427,0.0690887490755756,148.4619029488352,149.25871894282693,99.92180213606389,99.99089088513946,false,false
500,20.0,149.30984610919649,99.98765256387672,0.5890468945116254,0.07546919132789753,149.05853634982446,149.6475832443361,99.94075089733562,100.01622008866352,false,true
500,20.0,150.2800361907698,99.98157428974966,0.5593650425693966,0.07753884012389278,150.0418174620942,150.6011825046636,99.93234121870299,100.00988005882688,false,true
500,20.0,150.04332584982444,100.07151688391542,0.616421250316904,0.07346852878835364,149.77539918597566,150.39182043629256,100.02544951762341,100.09891804641177,true,false
500,20.0,149.82058876200708,99.95509058142855,0.5737484510132731,0.07743866240117825,149.56783936588016,150.14158781689343,99.90501934827101,99.98245801067219,true,false
500,20.0,148.74339330298326,100.00976881712981,0.5220001641268084,0.07147196955995128,148.52550791746614,149.04750808159295,99.96436090584245,100.0358328754024,false,true
500,20.0,149.86183303486447,99.98754360920404,0.4374903042825622,0.07577181465444482,149.67765594615526,150.11514625043782,99.94007465052505,100.0158464651795,true,true
500,20.0,149.20685055655935,100.08858770327348,0.5408994469974857,0.0717611218704377,148.97670577247433,149.51760521947182,100.04301252711701,100.11477364898745,false,false
500,20.0,149.52082553519452,99.97399131692637,0.6231437263281521,0.0745356629527123,149.23721438850941,149.86035811483757,99.92628977699954,100.00082543995225,false,true
500,20.0,150.33095778834655,100.07583862282411,0.6308221931966216,0.06755892808561725,150.0449548080925,150.67577700128913,100.03360955906166,100.10116848714728,false,false
500,20.0,149.51105748809528,99.99006682667923,0.5224013053839656,0.07405831424789255,149.29112494901565,149.81352625439962,99.94324528445338,100.01730359870128,false,true
500,20.0,149.9334394228948,99.99534442830378,0.4234474046098171,0.07512279922315201,149.7585825910376,150.1820299956474,99.9465183809206,100.02164118014375,true,true
500,20.0,150.33698420118645,100.05984884590467,0.5094754929868941,0.06359893908424397,150.116775510422,150.6262510034089,100.02014978519153,100.08374872427578,false,false
500,20.0,149.2437009023263,99.96647145128333,0.6018486781030958,0.07105909783085451,148.97608119373822,149.57792987184132,99.92136139111476,99.99242048894561,false,false
500,20.0,150.2933613759251,100.33471900056998,0.5009358254644383,0.0758975399937043,150.0894204614698,150.59035628693425,100.28617511224655,100.36207265224026,false,false
500,20.0,149.89910792021166,99.9591717729274,0.6676385841479373,0.07250312078427612,149.60821476417777,150.2758533483257,99.91490728794074,99.98741040872501,true,false
500,20.0,149.9150513926551,99.99746869185492,0.6753746234414564,0.07362093126486968,149.6078258180521,150.28320044149356,99.95133649271366,100.02495742397853,true,true
500,20.0,149.64066093346224,100.01984521210585,0.5902756484223346,0.07473834333808327,149.38372282867684,149.97399847709917,99.97244434837833,100.04718269171642,false,true
500,20.0,150.38503885524116,99.97375068098145,0.4564314022721305,0.07564526535657023,150.2024981132957,150.65892951556782,99.92619880356138,100.00184406891795,false,true
500,20.0,150.09967410370177,99.9668405589782,0.48985420702140914,0.07168823959872839,149.90607116099378,150.39592536801518,99.92091576795401,99.99260400755274,true,false
500,20.0,150.10397732984075,100.03310603465894,0.8169557141742985,0.07760535533887492,149.73528713813766,150.55224285231196,99.98445926600611,100.06206462134499,true,true
500,20.0,149.8742015223039,100.03471315961983,0.5993214087725107,0.07037806657436363,149.62800549904745,150.22732690781996,99.98962469903017,100.06000276560454,true,true
500,20.0,150.28641051618325,100.12609815299739,0.438284317169888,0.07620943866156438,150.10597315677674,150.54425747394663,100.07733319307091,100.15354263173248,false,false
500,20.0,150.28046791407814,100.0177467076542,0.42694303503105857,0.07609352506275968,150.10307950828275,150.5300225433138,99.97006196218754,100.0461554872503,false,true
500,20.0,150.03371131462157,100.05297329154014,0.5195760029981784,0.07407098169380788,149.81180499260745,150.33138099560563,100.00699306259197,100.08106404428578,true,false
500,20.0,149.45244271761007,99.96153287799099,0.5491996065627518,0.075505880111848,149.21660870623344,149.7658083127962,99.91358826136545,99.9890941414773,false,false
500,20.0,149.15764838212786,100.01937268726782,0.7208694976946219,0.07221018573888216,148.8345793364704,149.55544883416502,99.9740275598684,100.04623774560729,false,true
500,20.0,149.79383316239907,100.11511268320854,0.636635390019137,0.07267745075887433,149.51217685588296,150.1488122459021,100.07019200584179,100.14286945660066,true,false
500,20.0,150.1144250999481,99.98365140208008,0.4853579682664986,0.06997137602080272,149.90280896820917,150.38816693647567,99.9388708305936,100.0088422066144,true,true
500,20.0,150.2308591898286,99.9636967056854,0.48875452758534266,0.07017910502986524,150.01920403934292,150.50795856692827,99.92040764323858,99.99058674826844,false,false
500,20.0,150.34457688693576,99.95810944314972,0.6667651671567398,0.07059271443476689,150.052611384838,150.71937655199474,99.91403985051703,99.9846325649518,false,false
500,20.0,149.1014373203932,99.97282036090957,0.6043625836048818,0.07623467152062346,148.83963985337047,149.44400243697535,99.92417198343455,100.00040665495517,false,true
500,20.0,150.29334500619086,99.97142426402438,0.5847701314434062,0.07914382697049405,150.0434034535147,150.62817358495812,99.92137601783195,100.00051984480244,false,true
500,20.0,149.98565169140787,99.97621018075971,0.5928408511794885,0.07779373621562513,149.72496453665246,150.31780538783195,99.92597582639132,100.00376956260695,true,true
500,20.0,149.342166634225,100.10511690284898,0.4758545621928363,0.068906986861478,149.1442560464485,149.62011060864134,100.06189427546133,100.1308012623228,false,false
500,20.0,149.72963168226494,100.04489289552723,0.5623586812326096,0.07269826126361068,149.47729611973088,150.0396548009635,99.9975927403939,100.07029100165751,true,true
500,20.0,150.48030675425622,99.95910345322827,0.5711613360671208,0.07747451579059828,150.24523845939666,150.81639979546378,99.90951382242275,99.98698833821335,false,false
500,20.0,150.1798809078162,100.08009602650003,0.48804408118937204,0.07209930227320172,149.98102822359124,150.4690723047806,100.03456345393785,100.10666275621105,true,false
500,20.0,150.22016778908207,100.03465082998466,0.39524614897393917,0.07201838338170319,150.06093427544423,150.45618042441816,99.98923867816683,100.06125706154853,false,true
500,20.0,150.37276447900382,100.09755458457005,0.4761210814573644,0.07213805682803809,150.17596494587443,150.6520860273318,100.05181344294684,100.12395149977488,false,false
500,20.0,150.52892563268782,100.06381723109372,0.6284131851546135,0.07353234691365174,150.2475209743256,150.8759341594802,100.01716016112033,100.09069250803398,false,false
500,20.0,150.36669678227338,99.95923749383469,0.7157836153503183,0.06963440459323067,150.0518318901279,150.7676155054782,99.91540668182704,99.98504108642027,false,false
500,20.0,150.32848212002196,100.00279585564569,0.6229786369142118,0.0766457583763156,150.04280131178442,150.66577994869863,99.95355499454377,100.03020075292008,false,true
500,20.0,150.26135675890424,100.00894471187124,0.48312012594854536,0.07399055028277246,150.061563237923,150.54468336387154,99.96290342251963,100.0368939728024,false,true
500,20.0,150.13730093101586,100.09513177387308,0.6023675832387028,0.07029339736355666,149.88225044627862,150.48461802951732,100.0519611645492,100.12225456191275,true,false
500,20.0,149.9228522578241,100.0133478974968,0.6579207211942162,0.0750540642194153,149.63156915055757,150.28948987175178,99.96657607484991,100.04163013906933,true,true
500,20.0,150.2299293744207,99.97038236433846,0.4858317958595819,0.07517936165730532,150.02447137562334,150.51030317148292,99.92323688837979,99.9984162500371,false,false
500,20.0,149.79017250996918,100.0412256323084,0.44451976966524853,0.07171181046457775,149.60327450805218,150.04779427771743,99.99598044525354,100.06769225571811,true,true
500,20.0,150.1252052018574,100.17677911065644,0.5014510984556466,0.07442368703821955,149.9074806938729,150.40893179232856,100.12933370553175,100.20375739256997,true,false
500,20.0,149.94600840181627,99.98128248086326,0.4218388804799247,0.06790305547193043,149.77659802902042,150.19843690950034,99.9379122482321,100.00581530370403,true,true
500,20.0,149.97409054744813,100.07687660184799,0.4829211487552527,0.07481676660782455,149.77398445599428,150.25690560474953,100.03028261392592,100.10509938053374,true,false
500,20.0,149.99687361408778,99.95938440709526,0.5218551371952742,0.0730047770877178,149.768297547863,150.29015268505827,99.91275623753278,99.9857610146205,true,false
500,20.0,150.57625538754485,100.08286703888484,0.6037209543816573,0.07075701226403908,150.30969204643705,150.9134130008187,100.03802938692127,100.1087863991853,false,false
500,20.0,149.6257700635912,99.96135941036718,0.5343080992744262,0.07668488960493391,149.39516071394095,149.92946881321538,99.91266100629173,99.98934589589666,false,false
500,20.0,150.12980974850643,99.98066728077558,0.5856050572278377,0.06917641284846354,149.87052953973267,150.4561345969605,99.93651005304908,100.00568646589754,true,true
500,20.0,149.70370636866716,99.97197772357137,0.45524937242797137,0.0776184685699377,149.52539990048217,149.98064927291014,99.92446162588391,100.00208009445385,false,true
500,20.0,150.35140640695408,100.15262759095903,0.5272748621554513,0.06668757722205498,150.13234497349325,150.6596198356487,100.11013747129778,100.17682504851983,false,false
500,20.0,150.35241828619806,99.97570958612144,0.5814230109452865,0.07612948528286267,150.09675511023033,150.67817812117562,99.92798388257515,100.00411336785801,false,true
500,20.0,150.1252861066941,99.99811004804907,0.5577458181644772,0.07180072950973226,149.88439568656952,150.442141504734,99.95293172838294,100.02473245789267,true,true
500,20.0,150.18334840545643,99.9925247206736,0.6856726556291619,0.07248115356112805,149.8598150755789,150.54548773120806,99.9475404312232,100.02002158478433,true,true
500,20.0,149.5619108947233,100.02253105705717,0.8227497807635302,0.07365005742117603,149.19364214899343,150.01639192975696,99.97676653828506,100.05041659570624,true,true
500,20.0,150.12383429224116,100.02542556042744,0.4912271258105534,0.0756201317309575,149.9211592137705,150.41238633958105,99.97783946378206,100.05345959551302,true,true
500,20.0,149.39920084726572,100.07688846055166,0.7338384546727923,0.07227580364364883,149.05447209564443,149.78831055031722,100.03150563354886,100.10378143719251,false,false
500,20.0,150.2816117397026,100.02967363724268,0.46198465327904614,0.07394470157690591,150.09095892145567,150.5529435747347,99.98307254181981,100.05701724339671,false,true
500,20.0,150.47107993385893,99.97261003580323,0.5045770380721706,0.07427500419869659,150.25627855442136,150.76085559249353,99.92546367345574,99.99973867765443,false,false
500,20.0,150.14446339643507,100.075134106578,0.5738101795221553,0.06945838476808319,149.89652428801045,150.4703344675326,100.03251784585436,100.10197623062244,true,false
500,20.0,149.23826006772904,99.97262264675167,0.6391383956834318,0.07138189192357913,148.9500915938204,149.58922998950382,99.92779096326058,99.99917285518416,false,false
500,20.0,150.15460570429354,100.22083638224564,0.7049743174578111,0.07444084579485377,149.8340056997213,150.5389800171791,100.17279681699925,100.2472376627941,true,false
500,20.0,150.25568006368047,99.96744859298661,0.5644533472444664,0.07265022299966972,150.00822588671008,150.57267923395455,99.92131983734225,99.99397006034192,false,false
500,20.0,149.53734982548474,99.97222485117256,0.6230102218900413,0.06935586797362703,149.25625764526836,149.8792678671584,99.92797192374256,99.99732779171619,false,false
500,20.0,149.9515424469015,100.00943316041658,0.515466746814468,0.07337074248641784,149.73022563814544,150.2456923849599,99.96257809416682,100.03594883665323,true,true
500,20.0,149.98289660714198,100.09252421279024,0.5358821087055787,0.075372914208657,149.743514771203,150.27939687990857,100.04463968313706,100.12001259734572,true,false
500,20.0,149.21102647692703,99.97698316604797,0.7025720256941383,0.07130976747313866,148.904617065471,149.60718909116514,99.93253187386748,100.00384164134061,false,true
500,20.0,150.22139937473102,100.04452376802483,0.5026303398537664,0.07815552603270248,150.00349892844247,150.50612926829623,99.99535881183445,100.07351433786715,false,true
500,20.0,149.99685368331507,99.95783437606362,0.6516786313853515,0.07384701399034554,149.72167938896516,150.3733580203505,99.91084542821098,99.98469244220132,true,false
500,20.0,149.84054186781822,100.047498740543,0.5959890756374762,0.07516586471371056,149.58577549936075,150.18176457499823,99.99938094534083,100.07454681005454,true,true
500,20.0,149.17597127202941,100.07618533238384,0.7024938498406641,0.07263676927864537,148.86243222970853,149.5649260795492,100.02962754905452,100.10226431833317,false,false
500,20.0,150.52323905066856,100.03545891420535,0.7831420878297308,0.07733315423242004,150.17141293040012,150.95455501822985,99.98534665509669,100.06267980932911,false,true
500,20.0,150.14849545074844,99.99512967805475,0.4977398072359449,0.07154459106754985,149.93490082298052,150.43264063021647,99.95054718256688,100.02209177363443,true,true
500,20.0,149.87113799069644,100.03404570149635,0.6452016915961281,0.07101122698119866,149.5871978571351,150.23239954873122,99.98852201964179,100.05953324662299,true,true
500,20.0,150.321788185538,100.0721385925556,0.5739051033217208,0.07888139162716357,150.07720959341435,150.65111469673607,100.02187421757276,100.10075560919992,false,false
500,20.0,149.41304293979346,99.96468816832032,0.612018861465458,0.07277776255408241,149.16030704958496,149.77232591105042,99.91809210438014,99.99086986693422,false,false
500,20.0,149.757659174546,100.04844621381943,0.48577379205534044,0.07378566805124365,149.54885663089266,150.034630422948,100.00324836010509,100.07703402815633,true,false
500,20.0,149.4969042358642,100.26726244906793,0.7338270431864373,0.06779641230933464,149.14380374926117,149.8776307924476,100.22387000247934,100.29166641478868,false,false
500,20.0,150.28472646612278,100.02122542634308,0.46051705538113197,0.07768978268256888,150.09930554733103,150.55982260271216,99.97223586740984,100.0499256500924,false,true
500,20.0,149.56310932790996,100.11558267444639,0.540103751923823,0.06433741421886907,149.33236771415852,149.87247146608235,100.07465543617596,100.13899285039483,false,false
500,20.0,150.3529499405882,100.1282224246726,0.7215750855887109,0.07332196382634493,150.01867456076104,150.74024964634975,100.08160920447253,100.15493116829887,false,false
500,20.0,150.03010896959609,100.00087388575226,0.6512754195430546,0.07154681396789897,149.73255482946593,150.38383024900898,99.95604372108485,100.02759053505275,true,true
500,20.0,149.98816568122032,100.38311235118638,0.5380852815858077,0.0712992660370162,149.75617758825473,150.29426286984054,100.33973402556438,100.4110332916014,true,false
500,20.0,150.3722878438025,99.97058286656042,0.5373775037260202,0.07975545545033924,150.1380422238077,150.67541972753372,99.9209975960191,100.00075305146945,false,true
500,20.0,150.45295956850708,100.01113143265849,0.5183299260679064,0.07075656124560226,150.23124577246398,150.74957569853188,99.967112420474,100.0378689817196,false,true
500,20.0,148.9948766717219,100.055257923913,0.5079403489122001,0.07516567734133162,148.77183519135468,149.27977554026688,100.00814762616312,100.08331330350445,false,false
500,20.0,150.21030833288862,100.01503900954027,0.7150822167358228,0.07506251428242194,149.89950009775882,150.61458231449464,99.96900127392658,100.044063788209,true,true
500,20.0,150.28035251073288,99.97982695669049,0.6865662505428531,0.0710175748305204,149.96160353803444,150.6481697885773,99.93436979229574,100.00538736712626,true,true
500,20.0,149.92655660387,100.0367200397169,0.6318143542590633,0.0680501620265801,149.65278907629715,150.28460343055622,99.99310773553415,100.06115789756073,true,true
500,20.0,149.79791648816914,99.98159986355563,0.46302087175351403,0.06888065635854446,149.6047230280151,150.0677438997686,99.93793260184458,100.00681325820312,true,true
500,20.0,150.07430687503557,100.0785089101461,0.5400504907313746,0.07300529234143482,149.8424896902778,150.38254018100918,100.0323121996482,100.10531749198964,true,false
500,20.0,150.14979433342336,100.11654096983901,0.7017591827543299,0.0751389282537076,149.83043666411172,150.53219584686605,100.06980099723582,100.14493992548952,true,false
500,20.0,150.29318131684477,100.03298038502594,0.839746184521033,0.0723765912900376,149.90429153983223,150.74403772435326,99.98713020134805,100.05950679263809,true,true
500,20.0,150.06185038225567,100.05082335405908,0.6391993378841505,0.07223705466255126,149.78190265030497,150.42110198818912,100.00521805235603,100.07745510701858,true,false
500,20.0,149.98841607128534,100.04645102834863,0.4443368628234339,0.08445543278062928,149.81004885434015,150.2543857171636,99.99384343135881,100.07829886413944,true,true
500,20.0,150.0644196801788,99.99356985720443,0.6893870577699204,0.0717341839569201,149.75420940401517,150.4435964617851,99.9488652400121,100.02059942396902,true,true
500,20.0,150.7035632528445,99.95224526555143,0.680263104070292,0.07728665727354667,150.39830013660503,151.07856324067532,99.90426774735951,99.98155440463306,false,false
500,20.0,149.4119958202046,99.9662018950767,0.7300407737090211,0.07252082943819005,149.0856823943248,149.81572316803383,99.9205956592525,99.99311648869069,false,false
500,20.0,150.20787799819834,100.04040105273171,0.5618626019043802,0.07172052685820063,149.95894980610421,150.5208124080086,99.99480235629932,100.06652288315752,true,true
500,20.0,150.24010085620102,100.05483152722098,0.6185063145861989,0.07496087209987934,149.97541007737226,150.59391639195846,100.00811825136147,100.08307912346135,true,false
500,20.0,149.7382875162951,100.10796370699293,0.4182963309725949,0.07341703592402382,149.56630070453798,149.98459703551057,100.06059565646254,100.13401269238656,false,false
500,20.0,149.5063350482297,99.9995928902062,0.6757122377886731,0.0708397736587898,149.1924765705843,149.86818880837296,99.95333110281788,100.02417087647667,false,true
500,20.0,149.52487137609336,99.95168917638293,0.48955944194679546,0.0775632127841277,149.32952959025286,149.81908903219966,99.90319839245373,99.98076160523786,false,false
500,20.0,149.99073643419223,100.01274814827315,0.4848538914999665,0.07191355610518713,149.7898126884921,150.27466657999207,99.96679790604301,100.0387114621482,true,true
500,20.0,150.28345826058415,100.13363280055071,0.5498495480866268,0.07409071306406645,150.05479192839604,150.60464147648267,100.08765523420547,100.16174594726954,false,false
500,20.0,150.1933854064312,99.9557784551719,0.8280679279921799,0.06843869923557122,149.81766925083818,150.64573717883036,99.91229966743704,99.98073836667261,true,false
500,20.0,150.20947947946456,99.98743653106999,0.5409961160372916,0.0703241176499887,149.97059884881455,150.51159496485184,99.94343281953553,100.01375693718552,true,true
500,20.0,150.23037316721164,99.96952981597929,0.5960009040004763,0.07784528984286965,149.974854537798,150.57085544179847,99.91961655270238,99.99746184254525,true,false
500,20.0,148.78772518247604,100.03377241334013,0.6910265683470129,0.06820165479376783,148.47947701204336,149.17050358039037,99.99084326022276,100.05904491501653,false,true
500,20.0,149.93149676992755,99.9929676252377,0.6902673656055356,0.07831203711951673,149.63064067335577,150.3209080389613,99.94225558919312,100.02056762631264,true,true
500,20.0,150.28935393079553,99.97094639085037,0.7339267443801134,0.07657374397034289,149.94436715548633,150.67829389986645,99.92138090757317,99.99795465154351,true,false
500,20.0,150.10848952857157,99.9576663178579,0.5299763582928563,0.0753093763739372,149.88041606052585,150.4103924188187,99.91045179510006,99.985761171474,true,false
500,20.0,150.53124940079783,99.95475578000736,0.5594128133143954,0.07337165366915599,150.28859299982645,150.84800581314084,99.90849423754553,99.98186589121468,false,false
500,20.0,148.99714814844856,100.03992378906624,0.6379082391483166,0.07384894571231371,148.69729085340325,149.33519909255156,99.9934767483397,100.06732569405202,false,true
500,20.0,149.0160750483122,100.04066658972309,0.6140116884136546,0.07004276644595109,148.73649146921036,149.35050315762402,99.99693904609283,100.06698181253878,false,true
500,20.0,150.2208408040627,99.9961028583503,0.47403464946850704,0.07344437475499888,150.02442061152595,150.49845526099446,99.94896302044953,100.02240739520452,false,true
500,20.0,150.32717283833628,100.0013262790887,0.62871470509441,0.0771513484792763,150.05233418182905,150.68104888692346,99.9526695989306,100.02982094740987,false,true
500,20.0,148.9861369831,100.10151161037393,0.6631402107097983,0.07795733999294896,148.6974474519289,149.3605876626387,100.05146822910832,100.12942556910127,false,false
500,20.0,150.53247208100024,100.02753399431163,0.579175658996661,0.07219105438174722,150.26271032774073,150.8418859867374,99.9816948286401,100.05388588302185,false,true
500,20.0,150.352073102296,100.05135610907405,0.644492422992414,0.07612315848041362,150.06206902239336,150.70656144538577,100.00324896231686,100.07937212079727,false,false
500,20.0,149.8023203876237,100.00622282248412,0.618959785669432,0.0712916147962801,149.52869264348573,150.14765242915516,99.96091362991385,100.03220524471013,true,true
500,20.0,150.10509014084784,99.97877692541232,0.8191149827580375,0.07335349253794732,149.7310107504633,150.55012573322134,99.9322485691007,100.00560206163864,true,true
500,20.0,150.16662321825194,99.96752649921484,0.5504291363789093,0.06787523639725634,149.9300006300794,150.48042976645831,99.92497155900523,99.99284679540249,true,false
500,20.0,150.17051597980517,100.04107890471477,0.5518639783780088,0.07556179899884796,149.92502316342203,150.47688714180003,99.99396367587711,100.06952547487596,true,true
500,20.0,149.3741479151547,99.9957831316982,0.5264055707241084,0.07371133264084051,149.155860992195,149.6822665629191,99.94828530460703,100.02199663724787,false,true
500,20.0,149.3310171117273,99.9593168286986,0.7739992395216859,0.07401301269649707,148.98030304952215,149.75430228904384,99.91295131622411,99.9869643289206,false,false
500,20.0,150.00402854669736,99.96180681303407,0.5168717635737607,0.06622080069956837,149.79117479726946,150.30804656084322,99.91995874628196,99.98617954698153,true,false
500,20.0,150.1838621748519,99.9918349920267,0.5748827453387548,0.07194421771883697,149.9435096749713,150.51839242031005,99.94638645508319,100.01833067280202,true,true
500,20.0,150.3807691659436,100.02519767959139,0.6250407640614526,0.07528203929298627,150.10749459670598,150.73253536076743,99.97806300849301,100.053345047786,false,true
500,20.0,150.37657300821263,99.95805268737276,0.4812829238265408,0.07756082886461968,150.18565260769634,150.66693553152288,99.90881636943321,99.98637719829783,false,false
500,20.0,149.8898252293503,99.98794519916683,0.6946296217466852,0.07247697167466072,149.57953859307764,150.27416821482433,99.94337135733797,100.01584832901263,true,true
500,20.0,150.08684967452535,100.07082772969267,0.5271554191727432,0.07137690980246703,149.8574985176689,150.38465393684163,100.02655887824393,100.0979357880464,true,false
500,20.0,149.7119086060626,99.9976892820833,0.6552403418202175,0.07069059268900446,149.419052552486,150.0742928943062,99.95374621822745,100.02443681091646,true,true
500,20.0,150.07112474594277,99.99826648443334,0.5412201296443868,0.07377128725678972,149.84221001787233,150.38343014751672,99.95373782866676,100.02750911592355,true,true
500,20.0,149.59640379568344,100.02578900778263,0.503660477458709,0.06608155430754437,149.37588679490148,149.87954727236018,99.98432318781848,100.05040474212602,false,true
500,20.0,150.37652743688832,99.95964450674609,0.6522006954929225,0.07517219432962463,150.09499563890762,150.74719633440054,99.91224179411128,99.9874139884409,false,false
500,20.0,149.07893846668856,100.06029889006183,0.6670607554208345,0.07115908420001915,148.77688283538623,149.44394359080707,100.0146354589412,100.08579454314122,false,false
500,20.0,149.24504239569063,100.10545924865971,0.6108378520353881,0.07237938889757345,148.99453509520973,149.60537294724512,100.05979480772531,100.13217419662288,false,false
500,20.0,150.07766339686486,100.01328851166429,0.6861362955772563,0.07915621817461727,149.76979862930438,150.45593492488163,99.9634566740797,100.04261289225431,true,true
500,20.0,149.73343653098453,100.03750897164142,0.6117829862569124,0.07907381549740933,149.46831215423532,150.08009514049223,99.98735256415408,100.06642637965149,true,true
500,20.0,149.5769513973023,100.10688479382185,0.5095081346519805,0.07199095566745939,149.3691188310508,149.87862696570278,100.06149178613363,100.13348274180109,false,false
500,20.0,149.991574904605,99.95396539962354,0.4881368013630265,0.07324009911219775,149.78482208466374,150.27295888602677,99.90889933711163,99.98213943622383,true,false
500,20.0,150.11884048158885,100.03447277148902,0.6847644954738996,0.07294254203721096,149.81186341127324,150.49662790674714,99.98696580663297,100.05990834867018,true,true
500,20.0,150.28945090018507,100.06159088907248,0.6632583899085773,0.07743566677562796,150.00335923649598,150.66661762640456,100.01375213257835,100.09118779935397,false,false
500,20.0,149.59594103925144,100.23935414385889,0.5289291178780218,0.07662589618288962,149.37658041524233,149.90550953312035,100.19290100245985,100.26952689864274,false,false
500,20.0,149.97087733314737,100.10222060190144,0.6292117143815972,0.07019685012842558,149.6973161769668,150.3265278913484,100.05771470120992,100.12791155133834,true,false
500,20.0,149.37090688196912,99.96256872676456,0.5888469585756013,0.07119031304398504,149.11321289016612,149.70205984874173,99.91708265827019,99.98827297131417,false,false
500,20.0,150.06138259986272,100.09632865061026,0.5883361505370601,0.07373251038893613,149.80614526022487,150.39448141076193,100.04962609116704,100.12335860155598,true,false
500,20.0,148.30977083620775,100.07545371790872,0.5984384967642882,0.07140942782528725,148.03277319525148,148.63121169201577,100.03013559672391,100.1015450245492,false,false
500,20.0,149.41884360720525,99.97948920871369,0.6170526724650642,0.07224669644278947,149.14698616484836,149.76403883731342,99.93436039733935,100.00660709378214,false,true
500,20.0,150.20428036418724,100.0264992253448,0.5309605531691943,0.07566035332104093,149.97430339636404,150.50526394953323,99.9799836549875,100.05564400830855,true,true
500,20.0,150.31856101438058,100.00235867483946,0.6333624237111337,0.0761564710905418,150.03276674237006,150.6661291660812,99.95362696240369,100.02978343349423,false,true
500,20.0,150.2568955127091,100.05349589586184,0.6153705602939681,0.0752412339595594,149.9920567669666,150.60742732726058,100.00608050656321,100.08132174052277,true,false
500,20.0,149.6674727043303,99.97880267127516,0.4556796356134214,0.07320405368258776,149.48038502797638,149.9360646635898,99.9330006145681,100.00620466825069,false,true
500,20.0,150.21127047558406,99.95858595244673,0.5250780887490123,0.07507205004232276,149.98449248516874,150.50957057391776,99.91105929039195,99.98613134043427,true,false
500,20.0,149.96563306048924,100.03463570575855,0.7393240936970642,0.07271912201606767,149.62429731365114,150.3636214073482,99.988692144004,100.06141126602007,true,true
500,20.0,149.7012612189954,100.14149471620095,0.8813138150241002,0.0740909363341018,149.27990170193968,150.16121551696378,100.09422720269987,100.16831813903397,true,false
500,20.0,149.30299251940045,99.98878329735226,0.7493598162992896,0.07206826146124001,148.95674443529387,149.70610425159316,99.94416213152353,100.01623039298477,false,true
500,20.0,150.23660573412323,100.16804091598253,0.46439692535454924,0.07129900905425757,150.0428422035626,150.50723912891715,100.12402559585746,100.19532460491172,false,false
500,20.0,149.35253534798963,99.9932234676625,0.6717351272745589,0.07334502489753447,149.05070779505408,149.72244292232864,99.94720797900727,100.02055300390481,false,true
500,20.0,150.43106604718545,100.11711563931331,0.7820177986489227,0.07148664033618957,150.07498904669984,150.85700684534876,100.0721512487564,100.14363788909259,false,false
500,20.0,149.63693657583673,99.97356942012058,0.4351759970517719,0.07796172867703888,149.45643654542636,149.89161254247813,99.92440587090326,100.0023675995803,false,true
500,20.0,149.25948345857853,100.0009839576494,0.7459796254286459,0.06812372368966635,148.92434945918288,149.67032908461152,99.95946467439987,100.02758839808953,false,true
500,20.0,150.3346125034775,100.02428881324118,0.69008356563495,0.07321288686493688,150.02499380404277,150.71507736967772,99.97662338174865,100.04983626861359,false,true
500,20.0,150.30605015570677,99.96051831915652,0.5275417051282432,0.07021589286688368,150.08122208835616,150.6087637934844,99.91485010657777,99.98506599944466,false,false
500,20.0,150.68478395025608,99.96817900199834,0.795198319686989,0.07776295517979293,150.32087066661953,151.11606898630652,99.91766909595773,99.99543205113753,false,false
500,20.0,149.4834230501292,100.10614469689662,0.6288422159902609,0.0722047177599876,149.1996155861855,149.82845780217576,100.06055375338164,100.13275847114163,false,false
500,20.0,149.48121741252305,99.99468151997962,0.7547733054843775,0.07178027808240017,149.14245744739316,149.89723075287753,99.94941015487483,100.02119043295723,false,true
500,20.0,149.9018506796798,99.97577181467888,0.4676884737631042,0.0747854361589475,149.7046046168747,150.1722930906378,99.9281934109109,100.00297884706984,true,true
500,20.0,150.22899952024622,99.95499387530495,0.7104089136150549,0.07675525714813602,149.9137748988311,150.62418381244615,99.90619447718079,99.98294973432893,true,false
500,20.0,149.58527807494107,100.12287845451348,0.5647548358193433,0.07787292018063852,149.34204703932224,149.90680187514158,100.0729576528681,100.15083057304874,false,false
500,20.0,150.43774758961678,99.97468546807289,0.6026295535519921,0.07275937869992788,150.19038775369097,150.79301730724296,99.92845432669253,100.00121370539246,false,true
500,20.0,149.50296710206405,100.08448108595726,0.5150814650003213,0.07264041150325795,149.28266102681226,149.79774249181258,100.03776588140045,100.1104062929037,false,false
500,20.0,149.65597735067232,100.06411348379862,0.5456806682354056,0.07285442933812192,149.42917079566553,149.97485146390093,100.01796141382243,100.09081584316056,false,false
500,20.0,150.43295123031527,100.03698442004409,0.7331493512826341,0.07297115378939623,150.1128875934396,150.84603694472224,99.98996393791052,100.06293509169991,false,true
500,20.0,149.82548106911526,100.01564174363057,0.5198027261594689,0.0733812067731634,149.627194486174,150.14699721233347,99.96955586035385,100.04293706712701,true,true
500,20.0,150.4609465983406,100.1014925588062,0.7701617711433926,0.0727866770084944,150.1184398638241,150.8886016349675,100.05451517460482,100.12730185161331,false,false
500,20.0,150.10333944646283,100.00541252869158,0.4923908199909306,0.07452871865922361,149.90017725543407,150.392568075425,99.95784095776916,100.03236967642839,true,true
500,20.0,150.28940947826985,100.05466634406248,0.6109444193326965,0.06812078584167125,150.01697539656104,150.62791981589373,100.01054910535686,100.07866989119853,false,false
500,20.0,150.16074421363302,99.9772301753937,0.5807750341568862,0.07394055956771695,149.9192755793618,150.50005061351868,99.93082843177669,100.0047689913444,true,true
500,20.0,149.93582316577073,100.09517221442958,0.5059776308881396,0.0743187635590914,149.72520933783727,150.2311869687254,100.0477765480752,100.1220953116343,true,false
500,20.0,150.400660801315,100.12678799077835,0.5384315182575108,0.07581435018974503,150.15582485597972,150.69425637423723,100.07782089004195,100.1536352402317,false,false
500,20.0,149.65777477320069,100.00977588719286,0.5892415740690637,0.07331240204888445,149.40236478580715,149.99160635987622,99.96317264582558,100.03648504787446,false,true
500,20.0,149.82307576764788,99.96290052480947,0.47906868249381773,0.06813466378768851,149.62598780658118,150.105056489075,99.91960039799814,99.98773506178583,true,false
500,20.0,150.14029582140427,100.0416513692974,0.6234180142905075,0.07061578328112716,149.8705255700963,150.4939435843868,99.99785747444673,100.06847325772786,true,true
500,20.0,149.90072025368795,100.0871316346378,0.460825877247828,0.0716529760695721,149.70749124000466,150.16831711725249,100.04144450994603,100.1130974860156,true,false
500,20.0,150.02025666520137,99.9812916406562,0.42472204639815914,0.07450980864236101,149.84331742054073,150.2680394669389,99.93287769630211,100.00738750494448,true,true
500,20.0,150.33349380706872,100.16977194316463,0.5762438756809729,0.07503277867708391,150.07963336547596,150.65587724115693,100.12256663680412,100.1975994154812,false,false
500,20.0,150.0402476719113,100.0279263980101,0.5402265586148189,0.07366095110258186,149.8107386725142,150.350965231129,99.98185102063059,100.05551197173317,true,true
500,20.0,149.14075571691998,100.14242405969884,0.6927933379373883,0.07264729501656575,148.8420685129306,149.534861850868,100.09640411428427,100.16905140930083,false,false
500,20.0,149.74892274215404,99.9852486198543,0.4840773260714286,0.07913896349946015,149.54623309528824,150.03031042135967,99.9359322176602,100.01507118115966,true,true
500,20.0,148.5907733950806,100.08586518737219,0.7832600400586216,0.07145652735833607,148.2418419902355,149.02510203029414,100.04048093134648,100.11193745870482,false,false
500,20.0,150.38288932906352,99.96989299528366,0.5584744042572538,0.07833478781495273,150.13642863457486,150.6949030388321,99.92034495902371,99.99867974683866,false,false
500,20.0,149.7325240701408,99.95420049556307,0.5513460197662994,0.07792964226636911,149.49652389253058,150.04786991229687,99.90590302167995,99.98383266394632,true,false
500,20.0,150.30225231978966,100.01480699000254,0.63621812947747,0.07412922807141342,150.02760257531378,150.66382070479125,99.96832560609658,100.042454834168,false,true
500,20.0,150.30334881989842,100.00998680235308,0.6657858892927493,0.07572114515686224,150.02099662694644,150.6867825162392,99.96144585454255,100.03716699969941,false,true
500,20.0,150.00723912560846,100.12767354699659,0.5946463667103785,0.07219248927519573,149.74957464498456,150.34422101169494,100.08231294635581,100.15450543563101,true,false
500,20.0,150.3192841814707,99.98992574359777,0.5052749370974823,0.07612718296475407,150.10620633977317,150.61148127687065,99.94318539028218,100.01931257324694,false,true
500,20.0,150.06844654734095,100.02464436321725,0.5615555369786307,0.07340550915061783,149.82501620978297,150.3865717467616,99.97857550335986,100.05198101251048,true,true
500,20.0,150.16895635886334,100.02965981127281,0.6491673316391768,0.07738280743335224,149.90041929567278,150.54958662731195,99.98047854537931,100.05786135281267,true,true
500,20.0,150.0850342550826,100.0794467541755,0.522242086210241,0.0752832613151071,149.86093504971254,150.38317713592278,100.03098416460637,100.10626742592147,true,false
500,20.0,150.11350343490386,99.98970511433774,0.6493221283365642,0.07282497820909839,149.81690109374108,150.46622322207764,99.94399935337161,100.01682433158071,true,true
500,20.0,150.70257391201142,100.03683761452572,0.7429247110941901,0.07425590198951681,150.36640178544934,151.10932649654353,99.98945394289188,100.0637098448814,false,true
500,20.0,149.42886375312182,99.96361715336342,0.7397974034954302,0.07362063566222332,149.0923480409333,149.83214544442873,99.91654810287096,99.99016873853319,false,false
500,20.0,149.57396843313728,100.09538896789095,0.4774552271675532,0.07167883880086379,149.3577823278339,149.83523755500144,100.05113329779451,100.12281213659537,false,false
500,20.0,148.6962164195401,99.99126002963932,0.5173637005769933,0.07455751846202929,148.48266130807446,149.00002500865145,99.94295541681336,100.01751293527539,false,true
500,20.0,149.31912495332057,99.97313740609943,0.5323760579896089,0.07329134643347857,149.09623042009122,149.62860647808083,99.92699223702323,100.0002835834567,false,true
500,20.0,150.35769590771275,100.22984214594482,0.5915655948523977,0.07521184441132789,150.0898316870744,150.6813972819268,100.18193691623661,100.25714876064794,false,false
500,20.0,150.20372222074968,99.95419344490503,0.5527186907637258,0.07090792007277003,149.96745822416597,150.5201769149297,99.90993800522811,99.98084592530088,true,false
500,20.0,149.794397266877,100.04820539522841,0.5749497164966897,0.07600993371576692,149.5491418577757,150.1240915742724,100.0008635056596,100.07687343937536,true,false
500,20.0,149.97191540149544,100.20956570593466,0.5695601440052371,0.0727117151669745,149.73863836064373,150.30819850464897,100.16348667230075,100.23619838746772,true,false
500,20.0,150.40174372112418,99.96486322605583,0.5085592612748258,0.07797816612840336,150.18256095763135,150.69112021890618,99.91549367849038,99.99347184461878,false,false
500,20.0,149.99308055326884,99.95636023805147,0.5391665366846894,0.07425735501286113,149.76603395568094,150.30520049236563,99.9081664895225,99.98242384453536,true,false
500,20.0,148.8674621556164,99.99984510504834,0.7990757166729736,0.07254911673493325,148.49149225516425,149.29056797183722,99.95332463366698,100.02587375040191,false,true
500,20.0,149.60986361025516,99.95316331199618,0.5915850417761419,0.07681741550459265,149.34837563417554,149.93996067595168,99.90465685506956,99.98147427057415,false,false
500,20.0,149.60045669814076,100.00833538404126,0.6942755727159806,0.07142595293161946,149.30377216959874,149.99804774231472,99.9618058099001,100.03323176283172,false,true
500,20.0,149.76357510181776,99.98782832366788,0.5775193893694848,0.07598901659503099,149.52830354233416,150.10582293170364,99.93875775423403,100.01474677082906,true,true
500,20.0,150.53388959748338,100.04144299307603,0.7453397194057345,0.07167141891726203,150.18701199779076,150.9323517171965,99.99621635456403,100.06788777348129,false,true
500,20.0,150.2007622376605,99.96710278857609,0.5133766982552572,0.07467266051250476,149.9837922880653,150.49716898632056,99.92013416262611,99.99480682313862,true,false
500,20.0,149.54663812764122,100.00488495019997,0.5090550346862983,0.07281240489255936,149.33201811521855,149.84107314990484,99.9596025566972,100.03241496158977,false,true
500,20.0,149.1611731772589,99.95819384286222,0.6614158670722361,0.07155097993953063,148.85790461809336,149.5193204851656,99.91288776749127,99.9844387474308,false,false
500,20.0,150.0398066777204,99.98489311596387,0.9081175948273312,0.07426285055862536,149.61207941254946,150.5201970073768,99.93778928845204,100.01205213901066,true,true
500,20.0,149.90294556561787,100.19685281647631,0.4379829682589218,0.07591054233105865,149.71542305207979,150.1534060203387,100.15037256791025,100.22628311024131,true,false
500,20.0,150.17706973941313,99.96621331377779,0.8273717014062356,0.07412079692564078,149.78253418254832,150.60990588395455,99.91852172064237,99.99264251756802,true,false
500,20.0,149.42490275091342,99.96350395413788,0.5902372848018445,0.07115060373681104,149.1634708244194,149.75370810922124,99.91908144845709,99.9902320521939,false,false
500,20.0,150.3393390131335,100.03019897618863,0.6774340022166427,0.07166629350903975,150.02833544957758,150.70576945179423,99.98505522551324,100.05672151902228,false,true
500,20.0,150.4009866538331,99.99214386008727,0.6152291534268954,0.07690833573228417,150.14034465824747,150.75557381167437,99.94470603120075,100.02161436693304,false,true
500,20.0,150.00576534891042,99.9581390964156,0.6094414592948851,0.06975145511644598,149.74339610843282,150.3528375677277,99.91377442827996,99.98352588339641,true,false
500,20.0,149.90334148294994,100.03175830642465,0.5840777125392265,0.07380616028355291,149.6453971355829,150.22947484812212,99.98622080302869,100.06002696331224,true,true
500,20.0,150.6378407875238,100.0308523179628,0.7920050861641244,0.07444945453006824,150.26328855243912,151.05529363860325,99.98351880863449,100.05796826316455,false,true
500,20.0,150.05497381723973,100.14372597879375,0.5990271482260425,0.07460773797014042,149.78571361120478,150.38474075943083,100.0968684197959,100.17147615776604,true,false
500,20.0,150.1842935658271,100.04855317191848,0.5215382376239575,0.07301305134183167,149.96807970083782,150.48961793846178,100.00243152075431,100.07544457209615,true,false
500,20.0,149.90510401823053,100.02718319344174,0.7819287941876212,0.07686569711988511,149.5513103182401,150.33323911242772,99.98073512615515,100.05760082327504,true,true
500,20.0,149.7247142373452,99.95832478251248,0.5759175482764647,0.07567865276193686,149.4555093544317,150.03142690270818,99.91128614849086,99.9869648012528,true,false
500,20.0,150.06090079093093,100.06877372340689,0.5297103817230777,0.07122094375563393,149.8321691023579,150.361879484081,100.0244594740273,100.09568041778293,true,false
500,20.0,150.11815671248087,100.01194916701586,0.4912673056133485,0.07496492942316024,149.9126774905888,150.40394479620215,99.96557001947818,100.04053494890134,true,true
500,20.0,150.15914290482488,100.0310631875873,0.5481847587652453,0.07571534875251018,149.9243526174284,150.47253737619366,99.98319743204233,100.05891278079484,true,true
500,20.0,149.2277472024128,99.97050767477504,0.5988610958293634,0.07537523635340904,148.96005804906935,149.5589191448987,99.92257975967117,99.99795499602457,false,false
500,20.0,149.71901790548122,100.2496516033244,0.6298387130578931,0.0731525344209416,149.44000172747832,150.0698404405362,100.20351184868012,100.27666438310106,true,false
500,20.0,148.55992505807785,99.95666040600742,0.6011327763494876,0.07347051674850036,148.2978057563066,148.89893853265608,99.9115159369436,99.9849864536921,false,false
500,20.0,150.09491274984043,99.97458464069237,0.7480240496746262,0.07601664977688927,149.75597575191296,150.50399980158758,99.92677351071008,100.00279016048697,true,true
500,20.0,150.5363423706057,99.99293798106726,0.8025092360006738,0.07533953506329283,150.17069535087444,150.9732045868751,99.94460303645882,100.01994257152211,false,true
500,20.0,150.58441083425407,99.98307396583687,0.7075457003992653,0.07416104776930865,150.28124688604942,150.98879258644868,99.9354918634038,100.0096529111731,false,true
500,20.0,150.20701376259143,99.9706438897419,0.5049107874571064,0.07125115986190167,149.98184628820184,150.48675707565894,99.92597316610258,99.99722432596448,true,false
500,20.0,149.39515282760937,100.03754906493924,0.539662485647824,0.07298644840923885,149.16518355450515,149.70484604015297,99.9909198352916,100.06390628370085,false,true
500,20.0,149.90516947752246,99.96426939750992,0.605697045734729,0.07599902070390385,149.62684691210708,150.2325439578418,99.91594334939859,99.99194237010249,true,false
500,20.0,149.98118922732633,99.99820955251118,0.6832341357616656,0.0743403248394543,149.6781846812608,150.36141881702247,99.95164142064779,100.02598174548724,true,true
500,20.0,150.04428797001998,99.96076620888215,0.602710219867987,0.07772672633127797,149.7886232449159,150.39133346478388,99.91110291299933,99.9888296393306,true,false
500,20.0,150.15797157031102,99.99316173956487,0.4655643711711832,0.07649345054015555,149.96711666004956,150.43268103122074,99.94560162183993,100.02209507238008,true,true
500,20.0,150.28952087558199,99.96113121932086,0.43036623223972015,0.07197802527744557,150.10957716484424,150.53994339708396,99.91488649522941,99.98686452050686,false,false
500,20.0,150.37097752419584,99.97251432311474,0.745429754684011,0.07098230705167907,150.03570910346878,150.7811388581528,99.92776100347909,99.99874331053077,false,false
500,20.0,150.3497747974171,100.0349794361045,0.5838331172605535,0.0796876571032783,150.09700604450478,150.68083916176533,99.98567295475932,100.0653606118626,false,true
500,20.0,149.86445137144875,100.00103132502232,0.5923175631882032,0.07566857892388157,149.61151031027794,150.20382787346614,99.95323227347879,100.02890085240267,true,true
500,20.0,150.13610538468717,100.2455842015731,0.5825049094864028,0.06834191406329637,149.8801067048662,150.4626116143526,100.20271367552388,100.27105558958718,true,false
500,20.0,150.49740986174788,100.11212851315535,0.7033386174047394,0.07921504970848048,150.1804081427699,150.88374676017463,100.06309213825341,100.14230718796189,false,false
500,20.0,150.41989126406082,99.97857127546854,0.47991646622628537,0.07231967797095251,150.2212035670287,150.701120033255,99.93209622905734,100.00441590702829,false,true
500,20.0,150.30304509564098,100.01088636065367,0.7032695921623144,0.0751205089288618,149.98333271481584,150.68660230697816,99.9614050992576,100.03652560818647,true,true
500,20.0,148.95765841868092,100.11153226814193,0.6981673908281607,0.07261911338346749,148.63813609027395,149.3363034811021,100.06532907871456,100.13794819209802,false,false
500,20.0,150.18343203267676,99.98853655284267,0.49610989897530544,0.07207476565044146,149.97551421946042,150.47162411843573,99.94268378472734,100.01475855037778,true,true
500,20.0,150.41179386405685,100.0173945155075,0.5063255674720324,0.07387402042847668,150.20688385206788,150.7132094195399,99.97067961463009,100.04455363505856,false,true
500,20.0,149.5739301024461,100.14882265806597,0.4691006357352592,0.0751711201817784,149.37608575210018,149.84518638783544,100.09885115010627,100.17402227028805,false,false
500,20.0,150.35396480406553,99.97947941930467,0.48806049169152743,0.07739692511403007,150.14458173665392,150.63264222834545,99.93126101740718,100.00865794252121,false,true
500,20.0,150.53764894342336,100.24745711709645,0.7704020804576714,0.07760781022467711,150.20362425285785,150.97402633331552,100.19821990398401,100.27582771420869,false,false
500,20.0,150.3784944026449,100.13124671991324,0.7213014779174785,0.07139499678271477,150.0389539663008,150.76025544421827,100.0863693976834,100.15776439446611,false,false
500,20.0,150.49642100741863,100.06810689397176,0.7163088956458523,0.0755269725571992,150.160077647992,150.87638654363786,100.0196900171552,100.0952169897124,false,false
500,20.0,150.62323958784515,100.0173149311156,0.6621128086662225,0.07421558008454099,150.3255089620232,150.98762177068943,99.97106103497266,100.0452766150572,false,true
500,20.0,150.5366406309372,99.97921678006159,0.5967418878477702,0.0789535627422282,150.28799574463696,150.88473763248473,99.92867457305982,100.00762813580205,false,true
500,20.0,150.20908790374645,99.96156376319026,0.6413288021930725,0.07065985460131685,149.93377658045793,150.575105382651,99.91634121521697,99.98700106981829,true,false
500,20.0,149.89584715163556,100.02207704304111,0.7432882664861324,0.073656324214042,149.54415876852508,150.2874470350112,99.97560490260872,100.04926122682276,true,true
500,20.0,149.7923619523896,100.05150499305881,0.5270321097430042,0.07201644480520031,149.56844838616033,150.09548049590333,100.00562847870893,100.07764492351413,true,false
500,20.0,150.19938175967656,100.15666148069113,0.6235567877378116,0.0825780443995967,149.93678337257944,150.56034016031725,100.10434420569632,100.18692225009592,true,false
500,20.0,150.24859937850132,99.99416760100257,0.6790619373663276,0.076328275552342,149.95334248269575,150.63240442006207,99.94552265807886,100.0218509336312,true,true
500,20.0,150.27973012854835,99.96175339751602,0.5152638180666429,0.0725095384722323,150.06155707552267,150.5768208935893,99.91678611825608,99.98929565672832,false,false
500,20.0,149.6927368422006,99.9957306066103,0.40228701637727227,0.07394736248990341,149.53203406360444,149.93432107998171,99.94898692255748,100.02293428504738,false,true
500,20.0,149.48945454393998,100.04087288846105,0.6107559328073648,0.07291310829120334,149.2218854185715,149.83264135137887,99.99376176211713,100.06667487040833,false,true
500,20.0,150.40040517406743,100.01580598621743,0.8132677155589363,0.07043745944399404,150.0201786401429,150.83344635570182,99.97102439992968,100.04146185937367,false,true
500,20.0,149.63712796110926,99.99877939916962,0.6129960365183535,0.08000671795852554,149.35995003245148,149.97294606896983,99.94922024877835,100.02922696673687,false,true
500,20.0,149.36177307872498,99.95859877832024,0.7294298430960566,0.07297696305741397,149.04664833291707,149.77607817601313,99.91241324507693,99.98539020813435,false,false
500,20.0,149.2407854603951,99.97364758147498,0.7028724532596868,0.07151228248773123,148.927269806401,149.6301422596607,99.92861854298152,100.00013082546926,false,true
500,20.0,149.84525891833536,99.97808120914803,0.792374870484764,0.07622841405327563,149.4810218493383,150.27339671982307,99.9304928047903,100.00672121884358,true,true
500,20.0,150.00206076421804,99.95866468746974,0.5168271948115262,0.08450627977082092,149.7856928796333,150.30252007444483,99.90519393550821,99.98970021527903,true,false
500,20.0,148.84431593353548,100.04372750782187,0.4999851041014267,0.06727195838838895,148.64169425266687,149.1416793567683,100.00125074243944,100.06852270082783,false,false
500,20.0,150.10951473842414,99.97875179257845,0.5524725065970983,0.07290011931108609,149.86540326110762,150.41787576770471,99.93214529220357,100.00504541151466,true,true
500,20.0,150.37349923600732,99.95769255050857,0.5126103453364124,0.07165118913871993,150.1511850273795,150.66379537271592,99.91251833858647,99.98416952772519,false,false
500,20.0,148.17416758681998,99.98628656260408,0.4905968465697299,0.07464467240710349,147.9690263756107,148.45962322218043,99.94022782620078,100.01487249860789,false,true
500,20.0,149.976137152673,99.96170998380683,0.4991592457178058,0.07993489403300202,149.76696039000282,150.26611963572063,99.91046566174975,99.99040055578276,true,false
500,20.0,150.55225821989458,100.04349095595853,0.7114114479954026,0.07278057649341463,150.22955864970112,150.94097009769652,99.99865531671587,100.07143589320928,false,true
500,20.0,149.8479657617894,99.981998113202,0.6192333409697426,0.07303703823991725,149.58396845160607,150.2032017925758,99.93722238267026,100.01025942091017,true,true
500,20.0,150.18312058415128,100.01418405578059,0.45297887680510485,0.07535693429359469,149.9881050227646,150.44108389956972,99.96658685671808,100.04194379101168,true,true
500,20.0,149.81275622091118,99.98164371462161,0.6308019987588409,0.07628018180569995,149.5429887764951,150.17379077525393,99.93537589899202,100.01165608079772,true,true
500,20.0,150.16884747687988,99.95974497770175,0.7255990894573756,0.07319319641065647,149.84301816246864,150.568617251926,99.91436043779201,99.98755363420267,true,false
500,20.0,150.06255598833303,99.96388201795614,0.6042130434637443,0.0740632105442387,149.8008832416067,150.40509628507044,99.91596705513024,99.99003026567448,true,false
500,20.0,150.3500939625556,99.99061045567765,0.5365624321041196,0.07662619588874975,150.12402062301922,150.66058305512334,99.94102390372933,100.01765009961808,false,true
500,20.0,149.41227120756594,99.96967068108182,0.45135271954745804,0.06735982261493234,149.22130962931226,149.67266234885972,99.92762561314618,99.99498543576111,false,false
500,20.0,150.22758255892347,99.99479358405452,0.5279089513062445,0.07458560627162569,150.00987001667846,150.5377789679847,99.94638576057147,100.0209713668431,false,true
500,20.0,150.2913552118698,99.97723454323975,0.49826983916591416,0.06705644673901645,150.07936060544006,150.57763044460597,99.93527593698255,100.00233238372157,false,true
500,20.0,150.24242072099182,99.96060827453536,0.58336263350526,0.07115340552661564,149.98314428497594,150.5665069184812,99.91590308722056,99.98705649274717,true,false
500,20.0,149.30539920531476,100.12581599712914,0.464034952591561,0.07280218584804743,149.1089337473698,149.57296869996136,100.07913471336676,100.1519368992148,false,false
500,20.0,149.8174965097403,100.11118770468634,0.7096692942234029,0.07110949364829366,149.49487545027606,150.20454474449946,100.06578612286131,100.1368956165096,true,false
500,20.0,150.1355437915216,100.1112775555729,0.5783233433033672,0.07744132670217141,149.88721032858908,150.46553367189244,100.0624970479056,100.13993837460777,true,false
500,20.0,149.9708874281072,99.95876799489855,0.4896242622046145,0.07264826815510617,149.76131127039957,150.2509355326042,99.91334058639751,99.98598885455262,true,false
500,20.0,150.40371125103246,100.009965599175,0.7864810684692145,0.07382619615663089,150.05112687329216,150.83760794176138,99.96275435439722,100.03658055055385,false,true
500,20.0,149.8925753904536,100.00573361633491,0.6959315051364854,0.07172869044539709,149.58185848706893,150.2777899922054,99.95990562793143,100.03163431837683,true,true
500,20.0,150.31108079881716,99.95578358595463,0.5776057930325464,0.07297732692437364,150.04751155564156,150.6251173486741,99.90964218517507,99.98261951209945,false,false
500,20.0,150.8950128871708,99.96021532440037,0.7344173933100819,0.07932129990962267,150.55934418700525,151.29376158031533,99.90950490835334,99.98882620826296,false,false
500,20.0,150.107176411587,99.99622201071287,0.7566450000575173,0.07045761915658488,149.77264139941371,150.52928639947123,99.95377478541688,100.02423240457347,true,true
500,20.0,150.19554074806587,100.01312649240819,0.6462378559210435,0.0733469408614269,149.91926789811922,150.56550575404026,99.9662427839668,100.03958972482823,true,true
500,20.0,150.22931106050981,99.96477452769771,0.507132970973089,0.06987579517806353,150.0249779240624,150.5321108950355,99.91939279042187,99.98926858559993,false,false
500,20.0,150.06862239421446,99.95815851770777,0.49800127491965895,0.07252373444514149,149.8685721833231,150.36657345824275,99.91292088968284,99.98544462412798,true,false
500,20.0,150.4747132375761,99.99179390115336,0.7324647076355575,0.07415860703305555,150.13635761136254,150.8688223189981,99.94499192898553,100.01915053601859,false,true
500,20.0,150.02775945228706,100.13486385809202,0.5232180566931959,0.0735006891573704,149.8046800829657,150.32789813965888,100.08767412579101,100.16117481494838,true,false
500,20.0,149.35698936068553,100.05468004681441,0.541800940447672,0.0752500686731139,149.13047129620094,149.6722722366486,100.00648866494551,100.08173873361862,false,false
500,20.0,149.9234714987633,99.95758073593205,0.5597817603058957,0.07671668663873277,149.6828621136225,150.2426438739284,99.91037963178611,99.98709631842485,true,false
500,20.0,150.49863911298078,100.05515578770577,0.7024795661444614,0.0768368039528724,150.1654928554595,150.86797242160395,100.00644151015541,100.08327831410828,false,false
500,20.0,149.98735897906022,100.04614413610733,0.5079409838322704,0.0728954705924707,149.77290282801494,150.2808438118472,100.00098250232318,100.07387797291565,true,false
500,20.0,149.94161448814754,100.0366819537748,0.550373963802258,0.07239591611390495,149.70006200370267,150.25043596750493,99.99068327196235,100.06307918807626,true,true
500,20.0,150.45141907380892,99.95926203115408,0.7276089272872355,0.0728076988099815,150.1317454263185,150.85935435360574,99.9120701970172,99.98487789582718,false,false
500,20.0,150.65684161673346,99.975497753338,0.696768947915416,0.07751164666781563,150.34665294431392,151.04342189222933,99.9259979709806,100.00350961764842,false,true
500,20.0,149.67706625073123,100.11010866808155,0.5109227420018385,0.07495667634316305,149.45521732753542,149.96614006953726,100.06255609878633,100.1375127751295,false,false
500,20.0,150.38921924990177,99.97770880307574,0.52191797175999,0.07653181886648497,150.15456352770101,150.676481499461,99.92888573266363,100.00541755153012,false,true
500,20.0,149.60137964673783,100.05260563556813,0.6141076604915838,0.07410509567137069,149.32739412399943,149.941501784491,100.00651117060592,100.08061626627729,false,false
500,20.0,150.24535160788167,100.04941655997456,0.6135301877845052,0.07238727101481857,149.97986771615024,150.59339790393474,100.0043959548351,100.07678322584992,true,false
500,20.0,150.18490069231993,100.07165604834334,0.71688458459397,0.07372153267506576,149.87287841220362,150.5897629967976,100.02551283698853,100.09923436966359,true,false
500,20.0,150.05893082268165,100.0615985878652,0.575747164516855,0.07135115535784564,149.8178801427849,150.39362730730176,100.01717372090287,100.08852487626072,true,false
500,20.0,149.94545932937822,99.96641600483159,0.6232143844443385,0.06982773913854601,149.67777259672042,150.30098698116475,99.92267495365017,99.99250269278872,true,false
500,20.0,149.70331463450447,100.13048996505906,0.5235495445503489,0.07585356659490117,149.4713453162882,149.99489486083854,100.08243714892367,100.15829071551858,false,false
500,20.0,150.1952013794326,99.96990208824417,0.45500026986320563,0.0684136287849384,150.00306783353184,150.45806810339505,99.9269247935474,99.99533842233234,false,false
500,20.0,149.27075857603623,99.96015039026652,0.5804073960037783,0.0731859342723169,149.0240978813869,149.60450527739067,99.91538104351777,99.98856697779009,false,false
500,20.0,150.45714436460815,100.01153837085046,0.6931901192640737,0.07451553930260957,150.15629574045246,150.84948585971654,99.96336813689098,100.03788367619359,false,true
500,20.0,150.01677990606223,100.0009722891173,0.7150197619520782,0.07536602166076989,149.68984502821604,150.40486479016812,99.95316074880257,100.02852677046334,true,true
500,20.0,150.2882409921787,100.09543214367565,0.733237335582487,0.07489355599658154,149.94971974854462,150.6829570841271,100.046948040658,100.12184159665458,true,false
500,20.0,149.75187480221553,100.08754097523997,0.5542786091338598,0.07373451396455266,149.51645126893402,150.07072987806788,100.03939943581364,100.11313394977819,true,false
500,20.0,150.4993639095099,100.01872505001478,0.6699194347493744,0.07472707892041797,150.2069163017888,150.87683573653817,99.97113312539085,100.04586020431127,false,true
500,20.0,150.0015363639639,100.08521955474856,0.6105655803352761,0.0749535491719513,149.7395752574888,150.35014083782409,100.03654609758145,100.1114996467534,true,false
500,20.0,149.68050516193955,100.05572434797433,0.6002211455163149,0.07515229919745536,149.41007016340694,150.01029130892326,100.00771836470129,100.08287066389875,true,false
500,20.0,149.260806250648,100.007633020892,0.4828322323270129,0.0720698141504954,149.0596750985098,149.54250733083683,99.96263199578387,100.03470180993436,false,true
500,20.0,150.26006013531835,99.98890737383277,0.6514653140571909,0.0730643194234517,149.98983878454862,150.64130409860581,99.94189750543197,100.01496182485542,true,true
500,20.0,150.26965724695162,100.0772185418399,0.5009216682406077,0.06724759650747103,150.0436162476265,150.5445379158671,100.0353985771674,100.10264617367487,false,false
500,20.0,149.43154665790715,100.01584641327085,0.6810082575010767,0.06853900925109713,149.12318626277224,149.8041945202733,99.97374142565903,100.04228043491013,false,true
500,20.0,149.8691392477182,100.12943468289883,0.7829275126889854,0.07883967744611198,149.52032960838588,150.30325712107486,100.07919391447224,100.15803359191835,true,false
500,20.0,150.2265909610295,99.97503323218668,0.8095348250404584,0.0726739648180228,149.86509210081,150.67462692585045,99.92950708939492,100.00218105421294,true,true
500,20.0,149.9084805553365,99.98708479059721,0.4737571022913869,0.0757159158347065,149.69815141245962,150.171908514751,99.9389561327086,100.0146720485433,true,true
500,20.0,149.72968355055787,100.00825314072797,0.4468340812341296,0.07423670973859942,149.53653987841304,149.98337395964717,99.96172014940369,100.03595685914229,false,true
500,20.0,150.30659475729317,100.02808005234124,0.4968980066190909,0.07460317733459476,150.0893676983904,150.58626570500948,99.98243597492586,100.05703915226046,false,true
500,20.0,150.17063386302806,99.9848152144234,0.5145899354700703,0.06833124069211749,149.9553840622537,150.46997399772377,99.94108621123148,100.0094174519236,true,true
500,20.0,150.39334417422282,100.03573117124881,0.7778846117292915,0.0723013242323276,150.0242796155667,150.802164227296,99.9904279908415,100.06272931507382,false,true
500,20.0,149.98991857928235,100.00296884587925,0.49921092017262936,0.06966939451190513,149.776197728496,150.27540864866862,99.9600323647018,100.02970175921371,true,true
500,20.0,150.06663785929078,99.97664034303193,0.6436094375445407,0.06838334781467381,149.77963094192884,150.42324037947338,99.93341316247488,100.00179651028955,true,true
500,20.0,150.51818870423924,100.015606338499,0.6160531099466482,0.07950974658241705,150.24559252746872,150.86164563741536,99.96585732542633,100.04536707200874,false,true
500,20.0,150.0579718603888,99.97395075565292,0.7589819245130798,0.07734715775902146,149.71222033654735,150.47120226106043,99.92381278011108,100.0011599378701,true,true
500,20.0,149.92622985000804,99.9737424491816,0.7097862420012007,0.07057672161199946,149.61398874901846,150.32377499101966,99.92855155414152,99.99912827575352,true,false
500,20.0,150.0245525183007,99.98473997974581,0.47450709734093266,0.08103525752784435,149.81489968115034,150.28940677849127,99.93305027486585,100.0140855323937,true,true
500,20.0,150.06712980533405,100.07154269470065,0.4981905668095976,0.07125945135558709,149.86117368978023,150.35936425658983,100.02575295227071,100.0970124036263,true,false
500,20.0,149.84212637569053,99.96661916736403,0.7242361353494573,0.07233788254541196,149.4978586595303,150.22209479487975,99.92054203461544,99.99287991716085,true,false
500,20.0,150.05971180802374,100.04169405561734,0.7155495913690686,0.07794361378756776,149.7395207356404,150.45507032700948,99.99278786375272,100.07073147754029,true,true
500,20.0,149.71883699208786,100.0153238746753,0.5830951019175643,0.06993083862359128,149.45768527182645,150.040780373744,99.97038437214019,100.04031521076378,true,true
500,20.0,149.4733482163185,100.01702184467638,0.6163939995644512,0.07604829899196375,149.20342756036982,149.81982155993427,99.96790598392352,100.04395428291548,false,true
500,20.0,150.33816850030553,100.02434096732433,0.6315059052466268,0.07165480711570638,150.0572119395962,150.6887178448428,99.97933103194241,100.05098583905811,false,true
500,20.0,148.86393768633116,100.01028305675894,0.6262271938261961,0.07021604231307776,148.59117027105378,149.21739746487998,99.96678894335142,100.0370049856645,false,true
500,20.0,150.13845796724445,100.01023160882558,0.877333054584426,0.07461307957645147,149.72635249607703,150.60368555066145,99.96358462753727,100.03819770711372,true,true
500,20.0,150.43322462476442,100.00226247149664,0.6138362078412456,0.07519995637709087,150.1705255878889,150.78436179573015,99.95518993686443,100.03038989324152,false,true
500,20.0,150.0593260778085,100.09029445177812,0.49199566258974414,0.07088875850462273,149.84340296914374,150.33539863173348,100.0465376638191,100.11742642232372,true,false
500,20.0,150.22630759763717,99.97146823965798,0.6553728860802721,0.070240503002438,149.94681301848584,150.6021859045661,99.92694019262316,99.9971806956256,true,false
500,20.0,149.95097595930247,100.02248982914713,0.5058556136672507,0.07035078814509177,149.74811081815943,150.25396643182668,99.97846556034837,100.04881634849346,true,true
500,20.0,149.04988788691568,99.96332945202948,0.6296595572036665,0.07612207080980227,148.76847389778433,149.398133454988,99.91688383275113,99.99300590356093,false,false
500,20.0,150.03643177435663,100.03276529681912,0.6625058874268177,0.07572162690503603,149.73814437600376,150.40065026343058,99.98544174011062,100.06116336701565,true,true
500,20.0,150.20112382152323,100.0153088447747,0.49881952756200576,0.0782249528586334,149.98930081863045,150.48812034619246,99.96743304596376,100.04565799882239,true,true
500,20.0,150.44823633748416,99.97061404122013,0.737776677914951,0.06702825747534291,150.12011901478036,150.8578956926953,99.9287637179759,99.99579197545124,false,false
500,20.0,149.53591043001245,100.27364874857656,0.4583282779778983,0.06347684009516286,149.3428284989372,149.8011567769151,100.23394664405524,100.2974234841504,false,false
500,20.0,150.53770048640206,100.1011477030307,0.7003905093669118,0.07365274808965694,150.21692903863305,150.91731954799997,100.05362555310083,100.12727830119049,false,false
500,20.0,149.03090132119888,100.04111544987416,0.6117885592416314,0.07068232494422944,148.7569276682358,149.36871622747742,99.99696411141129,100.06764643635552,false,true
500,20.0,149.96643702252138,100.0355096438299,0.7486211250817405,0.07727691063954012,149.62669668831222,150.37531781339396,99.98559089670835,100.06286780734789,true,true
500,20.0,150.2118950114694,99.98131517652803,0.5775417921745145,0.07411291226532057,149.95931695593094,150.53685874810546,99.93503589579274,100.00914880805806,true,true
500,20.0,150.40307384139786,100.00123487560333,0.5498218807038882,0.07607545316834319,150.16632540828098,150.71614728898487,99.95414059919125,100.03021605235959,false,true
500,20.0,149.77166595816175,100.0100845568628,0.5014501670628988,0.06734735830430338,149.5663343672827,150.0677845343456,99.96737643541205,100.03472379371635,true,true
500,20.0,150.64678517218562,100.00036385291608,0.6521446517881486,0.07125703278956053,150.34596052318994,150.9981051749781,99.95551481278494,100.0267718455745,false,true
500,20.0,149.65579790777196,100.00955711390444,0.6176943121680551,0.07630828218060515,149.38479279832444,150.0024871104925,99.96326259376758,100.03957087594819,true,true
500,20.0,150.14535833926513,100.18742206906705,0.7405032288253892,0.07580353822923769,149.81054312715474,150.55104635598013,100.138907716547,100.21471125477623,true,false
500,20.0,150.11735505733657,100.00876882035212,0.7151545471599263,0.07439826653848058,149.7917613341098,150.50691588126972,99.96140846942599,100.03580673596447,true,true
500,20.0,149.5660658041059,99.99064682011377,0.6263128362845123,0.06961594681847316,149.28476365666103,149.91107649294554,99.94770276415979,100.01731871097826,false,true
500,20.0,149.664949345393,99.99074894454537,0.4120785955541635,0.0730505915049946,149.49972156625313,149.9118001618073,99.94560597659526,100.01865656810025,false,true
500,20.0,149.98289468075984,99.97789338108336,0.6840307020736702,0.07536885066318177,149.6569784794431,150.34100918151677,99.93084338516452,100.0062122358277,true,true
500,20.0,149.96279618069607,99.98840783574919,0.5281285066316457,0.07056257409102784,149.74762251386252,150.27575102049417,99.94388258365628,100.0144451577473,true,true
500,20.0,150.11985196122737,99.95682087447048,0.7028899365492123,0.07007377757810218,149.8052799964159,150.5081699329651,99.91188821499549,99.98196199257359,true,false
500,20.0,150.5310821696611,99.9704499993019,0.7368019459087236,0.07470628439705251,150.18825607869715,150.92505802460587,99.92188583164574,99.99659211604279,false,false
500,20.0,149.36720383030305,100.02548552656927,0.6740806592897286,0.06969875035325401,149.0615348711351,149.73561553042484,99.9819748795951,100.05167362994835,false,true
500,20.0,149.75119265363617,99.98726725410884,0.6216130664832349,0.07221228936860768,149.4794992651054,150.10111233158864,99.94147317105043,100.01368546041904,true,true
500,20.0,149.95953071694296,99.98700860339594,0.4314428077555874,0.07434320253983628,149.773710015767,150.20515282352258,99.93915843475494,100.01350163729478,true,true
500,20.0,150.27104599151374,99.98193169582714,0.5209992368372411,0.07441435963899323,150.05195071439886,150.5729499512361,99.93424594243113,100.00866030207013,false,true
500,20.0,150.01199712483867,100.01472249288219,0.6447005017240599,0.07370199895410678,149.72406568084233,150.3687661825664,99.96793180777973,100.04163380673384,true,true
500,20.0,150.25627896717282,99.9601022181235,0.775019813942265,0.06786671644292142,149.89082986180517,150.66584967574744,99.9180565096272,99.98592322607013,true,false
500,20.0,150.55543828877376,100.05399744386621,0.84942416873659,0.07757023027177468,150.15908595401007,151.00851012274666,100.00571199380887,100.08328222408065,false,false
500,20.0,150.31074376026385,99.99905708254077,0.46257821271157695,0.06948562249262125,150.1168654684675,150.57944368117907,99.95522307068792,100.02470869318054,false,true
500,20.0,149.79850765052268,99.95873152171396,0.4939977941112659,0.07336122643559406,149.58002401281598,150.07402180692725,99.91138403784588,99.98474526428147,true,false
500,20.0,149.72688738485147,99.98257135585628,0.5264326670240393,0.06976325734912336,149.5045989486119,150.03103161563595,99.938814250228,100.00857750757713,true,true
500,20.0,149.95400428388731,100.00678164000925,0.4468332052794892,0.07014027790711452,149.75802542174864,150.20485862702813,99.96299569477281,100.03313597267993,true,true
500,20.0,150.31069693936595,100.01924299508772,0.6830098459759029,0.0733366808823348,150.01394618711765,150.69695603309356,99.97271409185807,100.0460507727404,false,true
500,20.0,148.99819888155116,100.01610107525997,0.6771260505471162,0.07405301105460182,148.6912914667996,149.36841751734673,99.9702565250359,100.0443095360905,false,true
500,20.0,149.44951305586767,99.95637006746823,0.5756349776185345,0.0726051588981278,149.1926591741846,149.76829415180313,99.90955263141693,99.98215779031506,false,false
500,20.0,149.95104761558497,99.99929404823341,0.6553141739662465,0.07406113793435054,149.65351270291347,150.30882687687972,99.95388350857408,100.02794464650843,true,true
500,20.0,149.59801089728538,99.95412079905675,0.64682072619226,0.07122339072307682,149.31549073397105,149.9623114601633,99.91006023848348,99.98128362920656,false,false
500,20.0,150.56696102692507,100.0268288418887,0.6618663025428759,0.07641990549450384,150.2832916510178,150.94515795356068,99.97865603533387,100.05507594082837,false,true
500,20.0,149.48795571106794,100.06423354465254,0.6232218644743739,0.07045053290239878,149.2188234820069,149.84204534648129,100.02114676157922,100.09159729448162,false,false
500,20.0,150.27428143505244,100.21811610997932,0.6305294494619318,0.07117846117671434,149.99863082592455,150.62916027538648,100.17321831903668,100.24439678021339,true,false
500,20.0,150.32008168768007,99.97710511619363,0.6315269020861365,0.07121684000306061,150.03018168236645,150.66170858445258,99.93246775800588,100.00368459800895,false,true
500,20.0,150.35993079345042,100.07568058791752,0.4888264273616585,0.07176233127137266,150.14849792247236,150.63732434983402,100.03036134917949,100.10212368045086,false,false
500,20.0,150.69342251890725,100.04882574549919,0.6744653313117794,0.07503250296230135,150.40691084482998,151.08137617614176,100.00179203987433,100.07682454283663,false,false
500,20.0,150.29847059191,100.32015156968069,0.6530450174253417,0.07352729550646586,150.01155510392394,150.66460012134928,100.27401747961545,100.34754477512192,false,false
500,20.0,149.01614708144217,100.13743068216787,0.7613047314179084,0.07085552529319727,148.66110406609835,149.42240879751625,100.09267990490729,100.16353543020048,false,false
500,20.0,150.62872013203773,99.98724826966748,0.7304049952761034,0.07133222121362337,150.29178485710182,151.02218985237792,99.94217004818005,100.01350226939367,false,true
500,20.0,149.6160004599513,99.96809164119895,0.6175522865699179,0.07610679364456985,149.3506354142602,149.96818770083013,99.92073671207386,99.99684350571843,false,false
500,20.0,149.64870225989293,100.1946515881531,0.654619911719692,0.07191203266322077,149.36523411389757,150.01985402561726,100.149206057008,100.22111808967122,true,false
500,20.0,150.05969282324344,100.00736659061772,0.4201908652578368,0.07239152431925788,149.88717571422936,150.3073665794872,99.96156621003341,100.03395773435267,true,true
500,20.0,149.70368177828124,100.11737752502052,0.5809677356864995,0.0712728923828223,149.44292021489406,150.02388795058056,100.07144945018989,100.14272234257271,true,false
500,20.0,150.4028968057291,99.97635663156079,0.6164752564249341,0.06959536030473146,150.13552953832908,150.75200479475401,99.93379703269603,100.00339239300077,false,true
500,20.0,149.96969831374633,100.09927500049483,0.7305963923257366,0.07262823940769181,149.65029531319772,150.38089170552345,100.05506095151287,100.12768919092056,true,false
500,20.0,150.23737220889717,100.01418713058443,0.606493823665744,0.07563460027527924,149.97152628630448,150.57802010997023,99.96598843047519,100.04162303075047,true,true
500,20.0,150.3708769052936,100.1526027913116,0.6251262867656919,0.07553213009268234,150.09433734482144,150.71946363158713,100.10527157162284,100.18080370171552,false,false
500,20.0,149.9135549374712,99.95767089472946,0.49430615449111315,0.07364626606285185,149.70257781673928,150.1968839712304,99.9111210818007,99.98476734786355,true,false
500,20.0,150.32682661668167,100.05067147730455,0.5623539856921695,0.07829642146467108,150.07899579831414,150.6413497840063,100.00125156667559,100.07954798814026,false,false
500,20.0,150.45908377733133,99.96133975613417,0.6306141889068613,0.07023662178730206,150.18905667975505,150.81967086866192,99.91686375622962,99.98710037801692,false,false
500,20.0,150.28979777022153,99.96937843686923,0.5653356972544543,0.07289724949434628,150.05348567724036,150.61882137449481,99.92249366377025,99.9953909132646,false,false
500,20.0,150.21274236765112,99.96157042314327,0.6144623273071943,0.07793484852466293,149.94352703627914,150.55798936358633,99.91091208981283,99.98884693833749,true,false
500,20.0,149.9093901398478,100.04907313955533,0.525732824232108,0.07333921913460983,149.6883943274525,150.2141271516846,100.00226752203818,100.07560674117279,true,false
500,20.0,149.96179812128784,99.96485164721335,0.6251189126527947,0.07096333957683498,149.69422083361286,150.31933974626565,99.91982109287758,99.99078443245442,true,false
500,20.0,150.27660798419475,100.08470162072513,0.6795185398818546,0.07408183552540493,149.97632797896838,150.65584651885024,100.0396639379398,100.11374577346521,true,false
500,20.0,149.60455720857368,100.05857884436023,0.8415375775984444,0.06885893081054917,149.22431401695,150.06585159454843,100.0159465941379,100.08480552494845,true,false
500,20.0,149.873321376687,99.96146570933892,0.6438630508941685,0.07140265946262048,149.58847682974223,150.2323398806364,99.91661018899,99.98801284845263,true,false
500,20.0,150.4619229218199,99.99462803252027,0.6046229848884082,0.0749849448145028,150.20962688370435,150.81424986859275,99.94783590518858,100.02282085000309,false,true
500,20.0,150.0234680907732,99.95636930261787,0.5462677579013757,0.08130786867914708,149.7961502703561,150.34241802825747,99.90502119762529,99.98632906630444,true,false
500,20.0,150.20479647278046,100.05681595150259,0.5005169818785191,0.07420179713653852,149.99877180479774,150.49928878667626,100.01023174730214,100.08443354443868,true,false
500,20.0,150.3859478914793,99.99292207683678,0.7709410696640475,0.07475958329956711,150.02109585445973,150.79203692412378,99.94585010926758,100.02060969256715,false,true
500,20.0,150.32635986563633,99.97872272649757,0.6147554142249874,0.0780598103997363,150.06331944283318,150.67807485705816,99.9289355127664,100.00699532316614,false,true
500,20.0,149.7814189754921,100.05268895884629,0.6231139358188784,0.07195631435980943,149.51300581619174,150.13611975201061,100.006220337112,100.07817665147181,true,false
500,20.0,149.62397476277397,99.95313801495053,0.5827288376891318,0.07233015649640606,149.3658800824324,149.94860892012153,99.90743688889323,99.97976704538964,false,false
500,20.0,149.67986330148597,99.9972188147344,0.5613151537961301,0.07084487970961106,149.43837980230379,149.99969495609992,99.95300498720367,100.02384986691328,false,true
500,20.0,149.75295750562645,99.98874966633245,0.565680086266326,0.07250601632530618,149.51380165527596,150.07948174154228,99.9421780209281,100.0146840372534,true,true
500,20.0,150.30487183998144,99.95926790093618,0.7647473717329945,0.07483738581414912,149.9586098723625,150.7233572440955,99.91156289687123,99.98640028268538,true,false
500,20.0,149.5084587142424,99.95965483774586,0.6464105268944422,0.06959779179726411,149.21600547026253,149.86241599715697,99.91577755667045,99.98537534846771,false,false
500,20.0,149.9804033322681,100.05482425547027,0.6306722117707579,0.06847634151543502,149.6928737676293,150.32354597940005,100.01309991975461,100.08157626127004,true,false
500,20.0,149.91672901127825,100.02538394816735,0.5069262927546845,0.06869411280931104,149.70171526542498,150.20864155817966,99.98316509440315,100.05185920721246,true,true
500,20.0,150.25572979068954,99.96539516225604,0.708657780243982,0.0710076381410687,149.94675242280465,150.65541020304863,99.92051957277121,99.99152721091228,true,false
500,20.0,150.46306563778424,100.11884712109807,0.649135261284215,0.07252957833486562,150.17697832634252,150.82611358762674,100.07310386333067,100.14563344166554,false,false
500,20.0,150.28736208278002,100.04644138437934,0.5765347649680734,0.07190491662757381,150.0393452548277,150.61588001979578,100.00213107652644,100.07403599315401,false,false
500,20.0,150.2941099206442,99.99788352462971,0.6819523776415224,0.07726811136063816,149.9817845390692,150.66373691671072,99.94922774091972,100.02649585228036,true,true
500,20.0,149.95408644077236,100.0007568432533,0.6157350324548361,0.07145093753672427,149.68536656469678,150.30110159715161,99.95664780834477,100.0280987458815,true,true
500,20.0,149.6712204131719,100.05841845486844,0.6738457548858037,0.07310093422462671,149.36698163842095,150.04082739330676,100.01116012458394,100.08426105880856,true,false
500,20.0,150.29599690502994,100.0578099470666,0.6085599662528409,0.0703216797417241,150.0458036347269,150.65436360097974,100.01258942337599,100.08291110311771,false,false
500,20.0,149.03397518508316,100.20537064705832,0.6303655636200745,0.07274183052571459,148.74361094457,149.37397650819008,100.1597227881302,100.23246461865591,false,false
500,20.0,150.30425276754863,100.01233093338513,0.48500206973878335,0.07508999225480295,150.11958132969644,150.60458339943523,99.96527584096322,100.04036583321802,false,true
500,20.0,149.74467351769056,99.98342363159398,0.35125869856381087,0.07900394500161667,149.595219434728,149.9464781332918,99.93440646318183,100.01341040818345,false,true
500,20.0,150.2469408164549,99.95582082677622,0.5310133337124796,0.07084144788386482,150.03444948541647,150.56546281912895,99.91227014316601,99.98311159104988,false,false
500,20.0,148.69267692466605,100.00596854815532,0.7187995516219132,0.0679939804689127,148.36219166993033,149.08099122155224,99.96184228254573,100.02983626301464,false,true
500,20.0,150.09726359158088,99.96497569254304,0.7981540918696624,0.0748513408438356,149.72034402928813,150.5184981211578,99.91880065385169,99.99365199469553,true,false
500,20.0,149.65496033498874,100.0253910661589,0.5693017860934901,0.07315180736571847,149.40583578697,149.97513757306348,99.97953827556591,100.05269008293163,false,true
500,20.0,150.0179597890724,100.14938816095,0.6720608250231521,0.07207024795533812,149.7261031891045,150.39816401412764,100.10348704019813,100.17555728815347,true,false
500,20.0,150.3379084415478,99.9948112668316,0.6110340509577554,0.0739947665517775,150.07134349037932,150.68237754133708,99.94810053704208,100.02209530359386,false,true
500,20.0,150.2610609175637,100.02157597208611,0.5976443568004299,0.07583588186814438,149.9980598904067,150.59570424720712,99.97400447144734,100.04984035331549,true,true
500,20.0,149.81391000329694,100.1274336988493,0.7013641894079115,0.07476201653001624,149.5041992506878,150.20556344009572,100.08018489041497,100.15494690694499,true,false
500,20.0,149.554105918157,99.96123823138596,0.6683193078324337,0.07415788252430389,149.2703565273436,149.93867583517604,99.9134801263967,99.98763800892101,false,false
500,20.0,150.20763314528438,99.97640012065085,0.5733876046066655,0.07719829433646908,149.96611001538832,150.539497619995,99.92858659137718,100.00578488571365,true,true
500,20.0,149.83508341758366,100.12064038293443,0.638434627256629,0.07210717040467784,149.54956606256002,150.18800068981665,100.07464829868209,100.14675546908677,true,false
500,20.0,149.73378310074338,100.01060993032604,0.5769556053145379,0.07249699249723562,149.48964116777796,150.0665967730925,99.96379570037661,100.03629269287384,true,true
500,20.0,149.38675566113494,100.00095405335733,0.6113887432464651,0.0761222068222196,149.1244936378847,149.73588238113118,99.95151754451292,100.02763975133514,false,true
500,20.0,150.0441573813752,100.09583460715245,0.544248332791625,0.06974939529092694,149.819299158286,150.3635474910776,100.05102801012868,100.1207774054196,true,false
500,20.0,150.06780260529018,99.95922381937655,0.44096549082431125,0.0689818908464872,149.88898786309585,150.32995335392016,99.91537619813312,99.9843580889796,true,false
500,20.0,150.1165018008893,100.05582683329357,0.5664943805578275,0.07402818481118345,149.87533186805206,150.44182624860989,100.00957190662506,100.08360009143624,true,false
500,20.0,149.5491896329812,99.9579280061599,0.5919278983805611,0.07220376211041923,149.29362626901067,149.88555416739123,99.91382709935658,99.986030861467,false,false
500,20.0,150.65241770967503,100.00325319921681,0.8534555978489493,0.0799235197539474,150.2638777802581,151.11733337810705,99.95284030763366,100.03276382738761,false,true
500,20.0,149.75848691128675,100.2278974411168,0.7094723956679445,0.07320900363031058,149.45106487310125,150.1605372687692,100.18116992201503,100.25437892564534,true,false
500,20.0,149.9426081888868,100.1218539591971,0.5451248292645801,0.07507054438977434,149.7200442177915,150.26516904705608,100.07459022085897,100.14966076524874,true,false
500,20.0,149.93419293222007,100.0593005903367,0.565491127973587,0.07563233016472282,149.69506141801503,150.26055254598862,100.01220518670056,100.08783751686528,true,false
500,20.0,149.52437430894634,100.02761545560043,0.6491657593356877,0.07248340372478879,149.24402313082484,149.89318889016053,99.9824120182974,100.05489542202218,false,true
500,20.0,149.1357036480167,100.00600440916688,0.45265651385670935,0.07278445424707058,148.94567169913316,149.39832821298987,99.9603255420333,100.03310999628037,false,true
500,20.0,150.2129913286954,99.98468628161402,0.6819593537885567,0.07495193194846195,149.9114768460345,150.59343619982306,99.9381392024707,100.01309113441916,true,true
500,20.0,149.90291084013262,100.00071176772433,0.5035713570633789,0.07105142086768979,149.6944431322104,150.1980144892738,99.95712914118859,100.02818056205628,true,true
500,20.0,150.86539192897465,99.95826526924554,0.8470307035232167,0.07352670675356876,150.47521358643016,151.32224428995337,99.91259552304322,99.98612222979679,false,false
500,20.0,149.3767939018845,100.04354123156324,0.6089185032162163,0.07556755393109427,149.10985507555688,149.7187735787731,99.99461631357477,100.07018386750586,false,true
500,20.0,150.47174337783923,100.00393176642491,0.802099127532216,0.07262056120397631,150.10587066792178,150.907969795454,99.95837456801425,100.03099512921823,false,true
500,20.0,149.07617323331027,99.95563918743593,0.3957369579998158,0.07073124443591894,148.90377912682402,149.29951608482384,99.91184514872145,99.98257639315737,false,false
500,20.0,150.16885608756505,99.9742116212827,0.648004583515899,0.07335342451278848,149.8862520711835,150.5342566546994,99.92647279306014,99.99982621757293,true,false
500,20.0,149.98919764059508,100.05259020712074,0.5313528187485588,0.0752731785982661,149.77404347443914,150.3053962931877,100.00415816273348,100.07943134133174,true,false
500,20.0,150.37365387407488,99.96368027522477,0.5093553540682478,0.07385886489421978,150.1485217672174,150.65787712128565,99.91781356739855,99.99167243229277,false,false
500,20.0,149.86017146529258,100.07071338782787,0.7604443476498375,0.07171663988124521,149.5172842850448,150.27772863269465,100.02462783729604,100.09634447717728,true,false
500,20.0,150.2662053458522,100.0619215841653,0.431075641287066,0.07155003244866975,150.08987115095712,150.5209467922442,100.01768951513165,100.08923954758032,false,false
500,20.0,150.2024389866433,99.96575264742413,0.6935421459697864,0.07190609748681709,149.8901624455424,150.58370459151217,99.92165871684098,99.9935648143278,true,false
500,20.0,149.90168207210527,99.96873827929547,0.5274102145100414,0.07354113475253143,149.672805180397,150.20021539490705,99.92148708565773,99.99502822041026,true,false
500,20.0,150.1116574838743,99.98875365511012,0.45033192429346514,0.07017237505756668,149.9171223001781,150.36745422447157,99.94499861957327,100.01517099463084,true,true
500,20.0,149.42775520496804,100.02671617579489,0.5289843537543106,0.07227598367687449,149.20627554161948,149.7352598953738,99.980462608749,100.05273859242587,false,true
500,20.0,149.9047016551649,99.98817173181013,0.44115701935064067,0.07921905877969948,149.71957396085654,150.16073098020718,99.93732476219009,100.01654382096979,true,true
500,20.0,150.10723361498975,99.96623785154699,0.510924674312065,0.0673954977402218,149.8930360006017,150.40396067491378,99.92441208860333,99.99180758634355,true,false
500,20.0,149.6533652704149,100.05249438444454,0.6114721618868089,0.07003727728520914,149.38440531166665,149.99587747355346,100.00837458630879,100.078411863594,false,false
500,20.0,149.9794772897642,99.95908090064643,0.6645277047415448,0.07455584197457199,149.69285215072227,150.35737985546382,99.91281299802445,99.98736883999902,true,false
500,20.0,148.2547387068647,99.967548803991,0.7736989945148878,0.07278270413711141,147.90681403628437,148.68051303079926,99.92203233052653,99.99481503466365,false,false
500,20.0,149.9620798868422,99.95968194138325,0.7299112118564324,0.07102541370055349,149.64033752732473,150.37024873918116,99.9142352129256,99.98526062662616,true,false
500,20.0,149.05385254706994,100.14425362450427,0.6184577575661478,0.0672814211144015,148.78494183245954,149.40339959002569,100.10250320435205,100.16978462546645,false,false
500,20.0,149.28392513848706,100.04830807370195,0.6734630900299408,0.06956111600818815,148.98183562793952,149.65529871796946,100.00427341713348,100.07383453314166,false,false
500,20.0,150.26925536694046,100.00976587792854,0.4582383866570865,0.07239890455880982,150.08107655681445,150.53931494347154,99.96439860033189,100.0367975048907,false,true
500,20.0,150.08077367133478,100.11925920232213,0.42881091764934354,0.07116764644041496,149.9090934038466,150.33790432149596,100.07436476601322,100.14553241245363,true,false
500,20.0,150.46039267834828,100.28627718391729,0.5302538972196942,0.06955399149323682,150.23743581258586,150.76768970980555,100.2432506185449,100.31280461003814,false,false
500,20.0,150.58417902375484,100.01247400865584,0.8045653217827748,0.07079217676627536,150.21931406916025,151.02387939094302,99.96894519466528,100.03973737143156,false,true
500,20.0,150.60839820019407,99.98050929480532,0.7514091175775377,0.07314623385681784,150.27354867977516,151.0249577973527,99.93451353168115,100.00765976553797,false,true
500,20.0,149.82277730824882,99.99025844163009,0.6612561605303426,0.07112995625301721,149.5291528746016,150.19040903513195,99.94484989542342,100.01597985167643,true,true
500,20.0,150.208942003291,99.99918181505089,0.5231127598479475,0.07211943941837262,149.9862734377579,150.50938619760583,99.9541950507027,100.02631449012107,true,true
500,20.0,150.64936906223494,100.07343027902202,0.6428813451092878,0.07293879725902741,150.34893418946677,150.99181553457606,100.02724406190583,100.10018285916486,false,false
500,20.0,150.32633219435655,99.99555510040969,0.6801166128560681,0.07510957423532716,150.02931546103218,150.70943207388825,99.94812969085874,100.02323926509406,false,true
500,20.0,149.81379467789685,99.980138851891,0.6500203631755994,0.07200771619010027,149.5092456744746,150.1592660376502,99.93638094428975,100.00838866047985,true,true
500,20.0,150.26609299996056,100.00417662026658,0.7395698591520556,0.07607154159002505,149.92551553318415,150.6650853923362,99.9553418513962,100.03141339298622,true,true
500,20.0,149.90182670871366,99.97785006961041,0.6203466894376106,0.07460087922386549,149.6314361908369,150.2517828802745,99.92891878565523,100.0035196648791,true,true
500,20.0,150.27807612765923,99.98644576981206,0.601231048946687,0.07438360267666155,150.01339412705153,150.6146251759982,99.93982144317991,100.01420504585657,false,true
500,20.0,149.84757968329245,99.96896767212067,0.4936645792379295,0.07425115933480697,149.640738515126,150.13440309436393,99.92248475949428,99.99673591882909,true,false
500,20.0,149.9076891390307,100.01713075839722,0.6878916251766043,0.07309598848283372,149.61515927567265,150.30305090084926,99.97123673350947,100.0443327219923,true,true
500,20.0,149.35589660400578,100.12062257033345,0.8213244588115458,0.07640160976333732,148.97257908384222,149.79390354265377,100.07299741851352,100.14939902827686,false,false
500,20.0,150.70631155243817,100.09633706354364,0.6434016295107199,0.0753149286828716,150.42112829956127,151.064529929072,100.04855942874048,100.12387435742335,false,false
500,20.0,149.65682855992264,100.0731614180691,0.4814089330930642,0.0742761100479612,149.45060512683082,149.9320140599239,100.02461772271546,100.09889383276342,false,false
500,20.0,149.77460395858037,100.01720726950893,0.6125633042028369,0.07931488574867274,149.5103541634119,150.12291746761474,99.9686457870377,100.04796067278637,true,true
500,20.0,149.3504500686664,99.98005964588253,0.5969468861629821,0.06914101506275472,149.09548305655193,149.6924299427149,99.93667504282269,100.00581605788544,false,true
500,20.0,149.8104050690044,99.98310880474467,0.5816849761062599,0.07648937310476356,149.55606239984712,150.13774737595338,99.93476397307676,100.01125334618152,true,true
500,20.0,149.44944169025905,99.98473993017535,0.7077515831251731,0.07513280671038558,149.1374617433698,149.84521332649499,99.93814974022446,100.01328254693485,false,true
500,20.0,150.0422900869915,100.29691438534549,0.42618939976350134,0.07227179924214511,149.8647746964722,150.2909640962357,100.25166743303674,100.32393923227889,true,false
500,20.0,149.52513534507187,99.9750469737956,0.5736269232560574,0.06899302590809953,149.27185875009604,149.8454856733521,99.9325425326845,100.0015355585926,false,true
500,20.0,149.6317477375341,100.04994634482777,0.6017827813348333,0.06963123314037034,149.36758300436932,149.96936578570416,100.00469654358459,100.07432777672496,false,false
500,20.0,150.39377855744283,99.99516992902042,0.6418604361433609,0.07582327017811963,150.11604924992318,150.75790968606654,99.94751211051225,100.02333538069037,false,true
500,20.0,150.25775355271492,99.98419171298762,0.6206647054885934,0.07358010563646644,149.9833440937603,150.6040087992489,99.93766566353018,100.01124576916665,true,true
500,20.0,150.21282200440595,100.01231542005259,0.610870214980622,0.0682947729718677,149.93735340192472,150.54822361690535,99.96953940865255,100.03783418162442,true,true
500,20.0,149.9441883289106,100.09445216086937,0.42177114501717483,0.07706247350027695,149.76938876993307,150.19115991495025,100.04594359080214,100.12300606430242,true,false
500,20.0,150.191390300635,100.06563749069761,0.6379947699092838,0.07241410737150034,149.90747204588197,150.54546681579126,100.0213677514431,100.0937818588146,true,false
500,20.0,149.6303500335071,100.04521808974812,0.7927275079780998,0.07387686763620138,149.26337501988257,150.05610252786067,99.9989444451152,100.0728213127514,true,true
500,20.0,150.14284740860109,99.95698015155634,0.6817341227397833,0.07490626014879354,149.83831388803355,150.52004801077334,99.90967051013763,99.98457677028642,true,false
500,20.0,149.7379727067712,99.96791042140785,0.6287965976037526,0.06562537976775218,149.47017791955776,150.0989745171615,99.92566805134345,99.9912934311112,true,false
500,20.0,149.08376462470721,100.06811132974553,0.6541078622690009,0.06680595835038616,148.7701058970116,149.4242137592806,100.02647550115402,100.09328145950441,false,false
500,20.0,150.2433226702826,100.08891388708062,0.503460233756897,0.07203406260832423,150.04003470565894,150.54349493941584,100.04392232059692,100.11595638320524,false,false
500,20.0,150.14992255580046,100.06939314715356,0.6385713117517753,0.07345098879733314,149.8699202511807,150.50849156293248,100.02383169500195,100.09728268379928,true,false
500,20.0,149.86988542933045,99.96878141011692,0.6587091031371131,0.07404409291680736,149.59035138178635,150.24906048492346,99.92214526895927,99.99618936187608,true,false
500,20.0,149.8302764348835,99.9943389858444,0.7651795660735274,0.07826645182369418,149.4911127053004,150.25629227137392,99.94677169214259,100.02503814396628,true,true
500,20.0,150.08490494760207,100.03800319209319,0.5557327723378478,0.07266980780065069,149.85931283727558,150.41504560961343,99.99226010940873,100.06492991720938,true,true
500,20.0,149.63712093938875,99.99257514004933,0.605773290244116,0.07133540621913426,149.37687176345807,149.98264505370219,99.94766644966693,100.01900185588606,false,true
500,20.0,150.2449543206119,99.96914978894299,0.7610767482127585,0.07144933562668143,149.88787966954507,150.64895641775783,99.92325033190515,99.99469966753183,true,false
500,20.0,150.1552195630659,99.95920720241743,0.5404360836801061,0.07137548681106409,149.920488003471,150.4609240871511,99.9144267844371,99.98580227124816,true,false
500,20.0,150.50759270873203,99.96861871958853,0.6393338875091956,0.07363029996285775,150.2369778170256,150.8763117045348,99.92219762204238,99.99582792200523,false,false
500,20.0,150.53003848160506,99.9675591255776,0.6310210684394804,0.07310924426289489,150.26610783581512,150.8971289042546,99.91933688242014,99.99244612668303,false,false
500,20.0,150.17663021782857,99.97278262281046,0.5971019959961268,0.07230606318144339,149.92050926842165,150.51761126441778,99.926712530495,99.99901859367644,true,false
500,20.0,150.2331323202321,100.04713167165539,0.49044943150522613,0.07567971370804116,150.02963580217096,150.52008523367618,99.99881489502945,100.0744946087375,false,true
500,20.0,150.31559841937786,100.00116271033642,0.584373768579951,0.07304052461506672,150.06439310067503,150.64876686925498,99.95450200124345,100.02754252585852,false,true
500,20.0,150.40409866219147,100.23579140799256,0.4737676736932315,0.06952883683491962,150.20313768153997,150.6769053552332,100.19203698828645,100.26156582512137,false,false
500,20.0,150.30081067040214,100.02636287649156,0.6852125932939543,0.07571366454222073,149.99209450256936,150.6773070958633,99.97907458796826,100.05478825251048,true,true
500,20.0,149.66533748598872,99.98766757164543,0.48397683216256837,0.07374741537186935,149.46036435304273,149.9443411852053,99.94181370075634,100.01556111612821,false,true
500,20.0,150.66645959976594,100.03987071166793,0.7276539969337819,0.07515904150534425,150.32651492812334,151.05416892505713,99.99162460775142,100.06678364925676,false,true
500,20.0,149.759361046062,100.0095625742239,0.6108522593090981,0.07234756093234296,149.4935274113597,150.1043796706688,99.96483517101743,100.03718273194977,true,true
500,20.0,149.6162132214953,100.04973312214864,0.4549062638786836,0.07253269853229938,149.43608109525837,149.89098735913706,100.00386952766266,100.07640222619496,false,false
500,20.0,149.83169180171296,99.99130940817983,0.6939293214456086,0.07080366804245841,149.51416484648198,150.20809416792758,99.94635846016506,100.01716212820752,true,true
500,20.0,149.16423639098554,100.02129745040264,0.6716070355609816,0.07288302285083148,148.87247710745348,149.54408414301446,99.97618814176874,100.04907116461958,false,true
500,20.0,149.37879473359592,99.99249250399649,0.6925654190793296,0.07150788457862234,149.0842968902946,149.77686230937394,99.94771517969822,100.01922306427684,false,true
500,20.0,149.01360542790164,100.09958990342632,0.6538517564467554,0.07231688444805684,148.72767128070248,149.38152303714924,100.05286266526733,100.12517954971538,false,false
500,20.0,149.51552500904768,100.05637901017708,0.4794552492951425,0.06995096179950622,149.31437541820452,149.79383066749966,100.0111658454742,100.0811168072737,false,false
500,20.0,149.73547076546345,99.96621982108793,0.5689688211379291,0.06957426395736377,149.49698106592774,150.06594988706567,99.92308163729592,99.99265590125329,true,false
500,20.0,149.4351489071923,100.09546017539826,0.573431470818349,0.07159132071821261,149.19736022530262,149.77079169612097,100.04952676913547,100.12111808985368,false,false
500,20.0,150.34754884057253,100.00697917949293,0.5838685419140006,0.07408938878178617,150.09873666503762,150.68260520695162,99.95949991101718,100.03358929979896,false,true
500,20.0,149.04961306979837,100.05424115282756,0.5917162449143518,0.07416186407861858,148.7981087729645,149.38982501787885,100.00810422220603,100.08226608628465,false,false
500,20.0,148.98965828041344,100.07726135788327,0.5677929094871388,0.0726503677559549,148.74307783951656,149.3108707490037,100.03133537368355,100.1039857414395,false,false
500,20.0,150.34910579356006,99.98037538110987,0.6424544154765499,0.07392421248695769,150.0732303596435,150.71568477512005,99.93416290191075,100.00808711439771,false,true
500,20.0,150.45811742287822,100.02986599083124,0.7998793863503408,0.06881430591934645,150.08729498010078,150.88717436645112,99.98743884428684,100.05625315020619,false,true
500,20.0,149.98435695157636,99.97743867205986,0.5186199978461445,0.0720503696746988,149.76482915307537,150.2834491509215,99.93291205717635,100.00496242685105,true,true
500,20.0,150.02843009478164,99.97039774302345,0.576986740163278,0.07009114359371438,149.7876006565993,150.36458739676257,99.9259336448187,99.99602478841241,true,false
500,20.0,149.5249473082166,100.12171644180042,0.43693632657542025,0.06990906112719131,149.33619951285692,149.77313583943234,100.07709493168254,100.14700399280973,false,false
500,20.0,149.99651415076283,100.12773625077959,0.45985649706068443,0.07490630127681186,149.81371144639735,150.27356794345803,100.0803208416123,100.15522714288912,true,false
