ndata,sigma,theta1_median,theta2_median,theta1_iqrs,theta2_iqrs,quartiles1_1,quartiles3_1,quartiles1_2,quartiles3_2,theta1_coverage,theta2_coverage
10,20.0,143.13173312709677,99.18840471278047,9.368654855730853,3.30220179778766,139.16226356697766,148.5309184227085,97.129926358179,100.43212815596667,false,true
10,20.0,148.7710249381319,98.51994725304193,9.471826978176665,3.7326343295136155,144.80104220746912,154.2728691856458,96.15524861303126,99.88788294254488,true,false
10,20.0,148.96111665323585,103.32504430047135,7.522193671486747,3.5869697184666762,145.9843764273833,153.50657009887004,101.00353332307003,104.5905030415367,true,false
10,20.0,151.49734108685857,99.33669633748158,8.788192412384177,4.18835833169166,148.1274726633101,156.91566507569428,96.65108684670852,100.83944517840018,true,true
10,20.0,156.18399015174924,97.85253672130298,8.378119707206025,3.919799400965502,152.74005764714545,161.11817735435147,95.42178568624868,99.34158508721418,false,false
10,20.0,138.7987321457922,101.0369615695011,9.07914211141832,2.914107055347486,135.10993510490772,144.18907721632604,99.23739739430455,102.15150444965204,false,true
10,20.0,133.7028260758562,100.2263855345399,7.406880342015228,2.673120072503309,130.7470638338519,138.15394417586714,98.52756134130536,101.20068141380867,false,true
10,20.0,139.59792177568207,107.91407733418256,8.422537649190133,2.6299881808927665,136.25529461585484,144.67783226504497,106.21957230517083,108.8495604860636,false,false
10,20.0,149.98168700640272,99.57505001570065,9.199713253764855,4.01612100697136,146.1943168075222,155.39403006128705,96.98211637237378,100.99823737934514,true,true
10,20.0,148.362946070519,99.32588187456696,9.55775784959772,3.970076412420866,144.34860951708535,153.90636736668307,96.78525448889455,100.75533090131542,true,true
10,20.0,155.83519689278316,99.80957705628933,8.928532489564901,4.301687080503569,152.08569498022013,161.01422746978503,97.14763192371421,101.44931900421778,false,true
10,20.0,152.08056811213973,99.1407646061765,8.485008258984493,4.0976847513144605,148.73604510147902,157.22105336046351,96.54450215217626,100.64218690349072,true,true
10,20.0,151.02543522936557,97.59114080797892,10.061359581874967,3.9261250251637847,146.83987519765705,156.90123477953202,95.10969693139707,99.03582195656085,true,false
10,20.0,156.04649232853933,102.51468462510343,8.973346308444803,4.533107135594776,152.32807599978648,161.30142230823128,99.71235291283851,104.24546004843329,false,true
10,20.0,149.7637363431005,100.0064124436554,9.516198980014224,3.570333711958952,145.8577096608192,155.37390864083343,97.73862018519512,101.30895389715407,true,true
10,20.0,149.47490287664692,106.72273908362399,8.671043556725294,3.681621079880287,145.92879774219227,154.59984129891757,104.38317566299834,108.06479674287863,true,false
10,20.0,147.06404284242734,100.84241180328276,9.310071367091922,3.4335065514148226,143.30035502636633,152.61042639345825,98.61562744668485,102.04913399809968,true,true
10,20.0,149.70437391003207,99.17403574295413,8.524777848025792,3.8982764695047365,146.2102841463496,154.7350619943754,96.70115777179959,100.59943424130432,true,true
10,20.0,148.49176990233886,109.3191665882218,9.06674941563648,3.4289569559154387,144.79289633234941,153.8596457479859,107.12013909974655,110.54909605566199,true,false
10,20.0,153.91282801596617,97.48572017457839,8.685931940834251,4.375903148641839,150.2057720413256,158.89170398215984,94.6879010288064,99.06380417744823,false,false
10,20.0,142.12192672249415,99.35902765595097,9.068074087193196,3.4207944650553657,138.6085643306461,147.67663841783929,97.13502048617411,100.55581495122948,false,true
10,20.0,156.53106095923732,99.40737777312413,9.333002814785658,4.384730632942549,152.64991085098555,161.9829136657712,96.71182622754384,101.09655686048639,false,true
10,20.0,155.30880650448682,98.10313648946908,9.620587672844408,3.941677053145739,151.30674578024923,160.92733345309364,95.65103418361244,99.59271123675818,false,false
10,20.0,144.13481129550343,99.25356371652856,9.703789962938032,3.632648679277196,140.2116217443814,149.91541170731944,96.97499253087503,100.60764121015222,false,true
10,20.0,151.0635899660762,99.34709732079091,8.607294897267963,3.9044696214339183,147.59598716435366,156.20328206162162,96.86997409532279,100.7744437167567,true,true
10,20.0,147.07260271385724,100.36228823896278,10.053444875940386,3.9098206669186197,143.01533281370124,153.06877768964162,97.87580219484396,101.78562286176258,true,true
10,20.0,149.01319015665058,99.04223591472083,10.028017701936761,3.811748016455624,144.76376424529835,154.7917819472351,96.63527783370101,100.44702585015663,true,true
10,20.0,156.5700458894254,102.66305786772062,8.671294949026048,4.211940496528399,153.1246874935061,161.79598244253214,100.07986270390184,104.29180320043024,false,false
10,20.0,150.25676831236137,98.76263618751024,8.768853378435352,3.8522533574506355,146.68637147562438,155.45522485405974,96.28947457976906,100.1417279372197,true,true
10,20.0,151.12597717795782,99.30635035775235,10.945212435782253,4.149397179256866,146.55923005042948,157.50444248621173,96.63479662929618,100.78419380855304,true,true
10,20.0,153.7897041987498,104.43933148005922,9.421183003882817,4.053394566021083,149.85126749725458,159.2724505011374,101.82406876562757,105.87746333164866,true,false
10,20.0,155.84616161007395,98.93473156986664,9.301885702063203,4.22449710188782,152.26017005753306,161.56205575959626,96.31854388186942,100.54304098375724,false,true
10,20.0,152.1310125817522,98.75522632708838,9.549599416004014,4.001788573211371,148.07818420896228,157.6277836249663,96.23205029319287,100.23383886640424,true,true
10,20.0,149.16288780465698,102.75725531549355,9.760089285458548,3.7054042097453106,145.09636661833332,154.85645590379187,100.33419002318536,104.03959423293067,true,false
10,20.0,146.8604237750681,106.9008035517721,9.339566303724155,3.251213104715376,142.95523405851708,152.29480036224123,104.84978790218966,108.10100100690504,true,false
10,20.0,156.44227248793322,97.87132525734182,9.657910987788028,4.370518442096042,152.5212127610807,162.17912374886873,95.12683872260521,99.49735716470126,false,false
10,20.0,150.2715199422271,103.67050768314944,8.17846882311727,4.182002429642125,146.7867060088473,154.96517483196456,101.01986823520357,105.2018706648457,true,false
10,20.0,150.92772644272623,120.74598990038888,6.746331678801056,2.6299849111350966,148.14644019555428,154.89277187435533,119.0797921985166,121.7097771096517,true,false
10,20.0,158.38237182483613,102.66650459728527,10.14903243527229,4.372249369902278,154.14754968665704,164.29658212192933,99.8275464387298,104.19979580863208,false,true
10,20.0,151.9426542337198,107.61727819250942,9.002471646783476,3.7480754311823574,148.1594901824767,157.16196182926018,105.28138273290284,109.0294581640852,true,false
10,20.0,147.53585434446128,100.91582950243229,10.02931620894384,3.5893170675682455,143.23672388620975,153.26604009515358,98.6352804473395,102.22459751490774,true,true
10,20.0,149.56505751514345,101.00613769203481,11.394983760949856,3.8761353497177424,144.78115984733887,156.17614360828873,98.51023849295972,102.38637384267746,true,true
10,20.0,154.0506616049837,109.26150044877426,9.88044128777699,3.653089520859922,149.94176612179263,159.82220740956961,107.01612606705913,110.66921558791906,true,false
10,20.0,149.21778560459785,101.7510620846997,8.67902073334551,4.040352680889768,145.6428429002251,154.32186363357062,99.14521036145692,103.18556304234669,true,true
10,20.0,152.9115652834455,104.64956549460253,9.692199062406047,3.913075307404597,148.8556480885123,158.54784715091836,102.24327645711924,106.15635176452383,true,false
10,20.0,148.1152090451892,103.10451303972937,7.876594453619447,3.4050555029269844,144.84934264702537,152.7259371006448,100.95938298107203,104.36443848399901,true,false
10,20.0,154.39979333872796,98.412368828442,8.608551636339968,4.347586903545164,150.93789410241882,159.5464457387588,95.56291539064802,99.91050229419318,false,false
10,20.0,146.37722393539087,98.86197648139469,9.709378005158271,3.434532570554211,142.50339354335048,152.21277154850875,96.70256593151075,100.13709850206496,true,true
10,20.0,148.61729406746085,101.21903571681746,9.311774097834075,3.843037666663875,144.790704541823,154.10247863965708,98.77264189220764,102.61567955887152,true,true
10,20.0,148.43064452025584,102.29110207070876,9.929870633708049,3.706594494226465,144.1888341649647,154.11870479867275,99.88378360386163,103.5903780980881,true,true
10,20.0,146.95000956354616,109.08775103340983,8.76034930354146,3.1541253468845696,143.3894376964597,152.14978700000117,107.05522873938047,110.20935408626504,true,false
10,20.0,149.01168819179208,99.59977553786138,9.286896487322167,3.926285117103589,145.2278321591217,154.51472864644387,97.13179162582546,101.05807674292905,true,true
10,20.0,142.145097298924,102.63253986856878,8.391916470216415,3.0942214185279937,138.79753861405922,147.18945508427564,100.62191265023522,103.71613406876321,false,false
10,20.0,144.26102247041422,98.53449621934061,10.26876456082664,3.8178888252063103,139.9917850955859,150.26054965641254,96.12833870405088,99.94622752925719,true,false
10,20.0,148.30232827575944,97.91990494361613,9.722721630304875,3.9945429791502107,144.27916125713554,154.00188288744042,95.34238828970328,99.33693126885349,true,false
10,20.0,130.71458602785262,101.80818616878135,9.156591249392008,2.3977276944572594,126.96434903872652,136.12094028811853,100.23998568916613,102.63771338362339,false,false
10,20.0,138.79609676198928,100.21971494533202,10.255413246002917,3.128823467721375,134.48115946763062,144.73657271363354,98.23932648247171,101.36814995019309,false,true
10,20.0,140.58247886568722,105.07834427795424,8.380149352303704,2.852909951428231,137.19537658064507,145.57552593294878,103.20600200309558,106.05891195452381,false,false
10,20.0,143.41432503116175,98.64087580714028,9.961449394889826,3.5048619119551745,139.3486214464279,149.31007084131772,96.32479654042065,99.82965845237582,false,false
10,20.0,153.98376734682307,103.3097308915423,8.55239165570768,3.998669028608319,150.53568775943322,159.0880794151409,100.76026910682123,104.75893813542955,false,false
10,20.0,155.2478512350861,98.84150929212691,10.597809022962224,4.142671880295907,150.86900202616323,161.46681104912545,96.19193459689748,100.33460647719339,false,true
10,20.0,140.0906163807574,101.42507387534772,7.263362450467525,3.017198398127263,137.18844144229058,144.4518038927581,99.47646788993076,102.49366628805802,false,true
10,20.0,148.8479021183813,98.1810599693355,9.683235933722727,3.724411476345054,144.89933456923814,154.58257050296086,95.79212969973295,99.51654117607801,true,false
10,20.0,149.00658511375497,101.69918893029796,8.855708059397529,3.9830424603500774,145.37401397511746,154.229722034515,99.1422483114695,103.12529077181958,true,true
10,20.0,142.10522206603198,102.01561962302938,8.027039022547541,3.287533098098848,138.8587691331817,146.88580815572925,99.90837760949272,103.19591070759157,false,true
10,20.0,153.55594422433225,102.12132665184714,8.732468256252304,4.097327722269753,150.05817363026176,158.79064188651407,99.50008038908584,103.59740811135559,false,true
10,20.0,158.15726186346046,97.61929704432556,9.636818492565254,4.216273922830993,154.11321285368192,163.75003134624717,95.05819895003874,99.27447287286974,false,false
10,20.0,157.2906948382361,100.63433960544766,9.876150801829453,4.374428350225571,153.21495658841678,163.09110739024624,97.81700568655326,102.19143403677883,false,true
10,20.0,153.61983994855854,97.70498363728296,10.804887462131774,4.385940601126109,149.1173671847232,159.92225464685498,94.9833108636775,99.36925146480361,true,false
10,20.0,156.88376827210345,98.61921333806679,9.851229934927431,4.164012953081382,152.7676091579919,162.61883909291933,95.94501227149857,100.10902522457995,false,true
10,20.0,145.60557213133052,105.55229481969057,8.691881849081511,3.0722619503106614,142.00734016121874,150.69922201030025,103.6536953320292,106.72595728233986,true,false
10,20.0,148.7086577325345,103.28458130207558,8.64189771082198,3.640923549225576,145.2496096620418,153.89150737286377,100.92464362540181,104.56556717462739,true,false
10,20.0,148.9940105101128,99.150012802271,9.660294291556966,3.920199814101238,145.0469799054617,154.70727419701868,96.62259091283758,100.54279072693882,true,true
10,20.0,154.10896076383065,98.11891429916979,10.152302993197964,4.202478330448855,149.88389441731317,160.03619741051114,95.45730578625441,99.65978411670326,true,false
10,20.0,143.51970540149583,101.98051409186093,9.529307942428062,3.106248576032243,139.63008625409927,149.15939419652733,100.06265195677847,103.16890053281071,false,false
10,20.0,144.10725549898788,99.34814252389549,10.308699677562743,3.6270641059454363,139.9819194526351,150.29061913019785,97.10576887087863,100.73283297682407,true,true
10,20.0,150.99555167986261,107.66788143616714,7.98897423188393,3.696376017447676,147.60432209627825,155.59329632816218,105.26982597549572,108.9662019929434,true,false
10,20.0,144.50956034297502,99.8084476414385,7.778793449289623,3.860121579893388,141.34019925491165,149.11899270420128,97.32661535291889,101.18673693281228,false,true
10,20.0,133.56565041406608,99.89842893743557,7.21939383869281,2.939922997102258,130.7321456148296,137.9515394535224,98.02871265397553,100.96863565107779,false,true
10,20.0,148.722571725794,101.83668251576955,9.859468734276533,3.636123350343894,144.62258547958064,154.48205421385717,99.49184063012589,103.12796398046979,true,true
10,20.0,145.29186564243628,110.54786310185216,7.283356842003798,2.889609293624744,142.48088295790853,149.76423979991233,108.71858374909485,111.60819304271959,false,false
10,20.0,153.7770098327435,104.11466152967769,8.720418856918258,4.191688513745149,150.02934314395273,158.749762000871,101.39640282015245,105.5880913338976,false,false
10,20.0,155.3628953242818,98.57939250655376,8.697481266430628,4.1880883791358485,151.9103929248931,160.60787419132373,95.86385117532627,100.05193955446212,false,true
10,20.0,153.56581622336324,105.86828395762251,8.096476623431528,4.026480718988893,150.31196669698812,158.40844332041965,103.3031382130207,107.3296189320096,false,false
10,20.0,146.01369300010617,98.72265332378225,9.463393427070116,3.7164055643580554,142.30358458074596,151.76697800781608,96.29138326683115,100.0077888311892,true,true
10,20.0,155.1527698810704,98.03635932573111,8.285082241352796,4.351181463332054,151.7902618760663,160.0753441174191,95.33044316235157,99.68162462568363,false,false
10,20.0,155.31357510271295,98.2697049833082,10.400630381129872,4.6007569156274855,150.89686809158303,161.2974984727129,95.2877654692564,99.88852238488388,false,false
10,20.0,128.64673836919937,102.95961529393234,7.186843085568427,2.218666587884954,125.86386765346109,133.0507107390295,101.54725555909398,103.76592214697894,false,false
10,20.0,153.7068119125148,97.47082690621363,9.336167115012017,4.382696390216225,149.75888312704137,159.0950502420534,94.65976630884155,99.04246269905778,true,false
10,20.0,149.91562112813892,102.64727530372795,8.980073923384253,3.813621126934507,146.15836294548285,155.1384368688671,100.2734826838748,104.08710381080931,true,false
10,20.0,151.6455052146911,99.47726465760289,10.544027416269188,3.9663579116173366,147.39023654241652,157.9342639586857,96.97231197278015,100.93866988439748,true,true
10,20.0,148.6863477345267,98.47087017943237,10.19048342377826,3.7996099178469223,144.64558692653705,154.8360703503153,96.11283852131278,99.9124484391597,true,false
10,20.0,156.18672409543595,97.88891117169985,9.80000063112675,4.7034867068321375,152.09010522732268,161.89010585844943,94.89468775060666,99.5981744574388,false,false
10,20.0,153.3694416709817,101.76376719468895,9.99880354769536,4.617054489739857,149.2201154694212,159.21891901711655,98.74868923692135,103.36574372666121,true,true
10,20.0,145.11581126060867,98.12643575221726,9.643329407507139,3.5022693868344987,141.30520657377596,150.9485359812831,95.8798792732244,99.3821486600589,true,false
10,20.0,150.43543187266127,99.82461807556169,8.353161526587911,3.9147025424138775,147.07838435457083,155.43154588115874,97.26345018798791,101.17815273040179,true,true
10,20.0,146.1528687189907,107.18833140650909,8.188420846922014,3.2831307005906183,142.90349353302543,151.09191437994744,105.06819230560005,108.35132300619067,true,false
10,20.0,138.8146798646576,100.23518529182505,10.59060749579379,3.016798451979085,134.49112712323546,145.08173461902925,98.28835619060963,101.30515464258872,false,true
10,20.0,156.5115191274727,98.1176264880277,9.167761119133587,4.191699642203773,152.7507216479968,161.9184827671304,95.45760118045477,99.64930082265855,false,false
10,20.0,150.6478529416343,97.85040295144611,9.7931922200043,4.080511692924688,146.61017333912793,156.40336555913223,95.30490686171458,99.38541855463927,true,false
10,20.0,147.91028449132637,102.84511367571196,8.810773413881805,3.506204163966089,144.33223162242405,153.14300503630585,100.65006469982227,104.15626886378836,true,false
10,20.0,151.65454955064615,101.69689229256404,10.603716115535974,4.34149797545966,147.1280638806321,157.7317799961681,98.89695653926546,103.23845451472512,true,true
10,20.0,147.71016860354055,99.07955571168966,9.662567911253916,3.8449235303927622,143.62853092029997,153.29109883155388,96.63515754316133,100.48008107355409,true,true
10,20.0,137.89553188214987,103.12532618450294,8.396761224774849,2.9091139605970824,134.40117098811444,142.7979322128893,101.2282040985547,104.13731805915178,false,false
10,20.0,139.20129136508814,106.67183217863511,7.5329097947026185,2.6145805841093903,136.1240104405852,143.65692023528783,105.0273629982696,107.64194358237899,false,false
10,20.0,152.66465820851695,97.58226945106,10.049909021216195,4.171157371169926,148.38615758927455,158.43606661049074,95.00167810275667,99.1728354739266,true,false
10,20.0,155.6887939171547,97.74201462748604,9.935710483458536,4.301857935821417,151.71240508298402,161.64811556644256,95.01073117566004,99.31258911148146,false,false
10,20.0,150.519277956748,100.2179529660485,10.078572815697754,4.027267031641657,146.42505809175452,156.50363090745228,97.71754595465629,101.74481298629794,true,true
10,20.0,151.87895120297736,98.25468092206076,8.41938644733412,4.301454105066739,148.29139731356483,156.71078376089895,95.44328872225111,99.74474282731785,true,false
10,20.0,146.5804216717319,104.76436333274532,9.215661421570928,3.6220828100400837,142.73166811354878,151.9473295351197,102.42200747142252,106.0440902814626,true,false
10,20.0,151.11784546199362,101.40462241583359,10.087197369008805,4.0594584911126645,146.86741542007056,156.95461278907936,98.7921343788549,102.85159286996756,true,true
10,20.0,149.96255409312093,98.78363402236685,9.261134771704889,4.0681577883865145,146.22671524884214,155.48785002054703,96.1653605547355,100.23351834312201,true,true
10,20.0,156.0462742350487,97.66925997275823,9.788632516019817,4.125390566922945,151.74494121407918,161.533573730099,95.0579380339671,99.18332860089005,false,false
10,20.0,157.07293574310404,106.34097356897561,10.20654973887892,4.369386925972009,152.8569384330536,163.06348817193253,103.58422348126157,107.95361040723358,false,false
10,20.0,148.6292443953175,98.82809615227946,8.543530778632629,3.6699633415512807,145.2592213201314,153.80275209876402,96.49514803937453,100.16511138092581,true,true
10,20.0,148.11958091581562,97.60558605080132,9.921686912081583,4.19845736414598,143.7652879132241,153.6869748253057,94.86365963714462,99.0621170012906,true,false
10,20.0,146.64369246621416,99.52156357409747,8.87011979158342,3.738636091049898,143.09307107766887,151.9631908692523,97.10112569620557,100.83976178725547,true,true
10,20.0,148.85901989772026,101.50982278173635,9.536574336057157,3.7951135486100043,144.88587978432798,154.42245412038514,99.07126078122117,102.86637432983117,true,true
10,20.0,148.60511541708212,99.01564628775438,10.160924033592266,4.158963833876683,144.42351965671855,154.58444369031082,96.32134439873829,100.48030823261497,true,true
10,20.0,149.82622076435467,99.44971055798055,10.22086705977489,4.169967281836108,145.27092386451824,155.49179092429313,96.87105450492746,101.04102178676357,true,true
10,20.0,152.87633155110075,97.35216233593503,10.962908893570955,4.247688766995125,148.1759172621518,159.13882615572277,94.675767111386,98.92345587838112,true,false
10,20.0,153.15876141544106,99.84505593776149,9.407068084441534,3.931539613014465,149.15899408020516,158.5660621646467,97.38806975508126,101.31960936809573,true,true
10,20.0,143.40340446512928,99.48440491904019,9.60438272364064,3.2770903651262984,139.36578910942305,148.9701718330637,97.34754306314032,100.62463342826662,false,true
10,20.0,144.32129006675868,102.9382977481137,8.312375082943362,3.3316383034357955,141.0220174659556,149.33439254889896,100.81135504617635,104.14299334961214,false,false
10,20.0,154.11344865489318,99.49957622473329,9.469859247195956,4.3145020334684006,150.1722195382247,159.64207878542067,96.69761074103138,101.01211277449978,false,true
10,20.0,148.86392115886497,101.05818786585212,8.177600632747755,3.7419884689984713,145.44394842579004,153.6215490585378,98.67413577689885,102.41612424589732,true,true
10,20.0,150.23764468630515,97.67843822173532,9.951387508883613,3.8295461136591626,145.89188812447645,155.84327563336007,95.24538510495266,99.07493121861182,true,false
10,20.0,151.77569375745145,100.60041987540674,9.346673129295908,4.072289804551502,147.6109713737786,156.9576445030745,97.99956111827672,102.07185092282822,true,true
10,20.0,156.87075796816603,97.85109213153132,10.387191802678757,4.403879581087779,152.63051655954365,163.0177083622224,95.00080856373316,99.40468814482094,false,false
10,20.0,149.66257511806398,98.09375669818928,8.933426084528577,3.6762169276695857,145.88976615870624,154.82319224323481,95.79557439315504,99.47179132082462,true,false
10,20.0,153.76724218868407,99.82137677060922,10.54555272551346,4.094700875400974,149.35726286296034,159.9028155884738,97.25356478125401,101.34826565665499,true,true
10,20.0,155.10076339870466,111.04372432391708,8.373306645061263,3.4215630314853627,151.72981655733028,160.10312320239154,108.89565531350524,112.31721834499061,false,false
10,20.0,152.97194167554784,100.92612966704365,7.632434408237941,3.9047425461087073,149.8577702307134,157.49020463895135,98.51550583394027,102.42024838004897,true,true
10,20.0,145.76014805675598,108.92550533498348,8.35660862561923,3.0339840850807462,142.34207742370808,150.6986860493273,106.98261653942428,110.01660062450503,true,false
10,20.0,148.5076610730145,101.50036158463325,9.59658559556624,3.699043673544125,144.48710282150836,154.0836884170746,99.10383299110711,102.80287666465124,true,true
10,20.0,157.0273834094039,98.56815096538668,8.70450377356741,4.503801145028817,153.47530538742666,162.17980916099407,95.67008361691214,100.17388476194095,false,true
10,20.0,152.1849393003916,99.15014408452399,9.41707681808009,4.0558176755673685,148.5693021706053,157.9863789886854,96.56832859287974,100.6241462684471,true,true
10,20.0,128.32126458872148,103.79222329218756,7.060193255276246,2.093017282501009,125.44120420774415,132.5013974630204,102.41794662814372,104.51096391064473,false,false
10,20.0,154.9692921889973,101.02155917700676,8.397134509992355,4.219003824350025,151.48617182753486,159.88330633752722,98.2835999945736,102.50260381892363,false,true
10,20.0,149.63762864401443,98.1068522092012,10.481905493055507,3.940917667286442,145.4633736013715,155.945279094427,95.60424545201184,99.54516311929828,true,false
10,20.0,140.50838874619555,98.50635962013392,9.014505593782786,3.2711586065697986,136.74475794035646,145.75926353413925,96.45134139426314,99.72250000083294,false,false
10,20.0,144.28353170311556,99.81899056942964,9.962442129333681,3.270810593463821,140.2689198411984,150.23136197053208,97.69039901485138,100.9612096083152,true,true
10,20.0,150.05893873179312,101.21148931259258,10.337228042627487,3.927949049862775,145.41351537243767,155.75074341506516,98.73645511498307,102.66440416484585,true,true
10,20.0,152.04512089226392,100.0496210738834,9.835350624443237,4.147939242539536,148.12647380842236,157.9618244328656,97.39371293460724,101.54165217714677,true,true
10,20.0,147.45897024183736,104.3270453686436,8.856453995035537,3.715930557610079,143.90130293755095,152.7577569325865,101.9617180219804,105.67764857959048,true,false
10,20.0,147.40987430264101,100.36662867176437,8.642015543129105,4.062246724781829,143.93059758501295,152.57261312814205,97.77733811808,101.83958484286183,true,true
10,20.0,144.07944311447451,111.33221385254781,6.074156557281981,2.7107034247462565,141.63343124686156,147.70758780414354,109.62617475196649,112.33687817671274,false,false
10,20.0,146.76944089621287,98.74990511113168,9.444763184619404,3.630709871687003,142.87169415521103,152.31645733983044,96.42280024280204,100.05351011448904,true,true
10,20.0,144.62624094596435,105.85035933849264,8.288602825346402,3.0749649267375077,141.36238695161776,149.65098977696417,103.90274791762958,106.97771284436709,false,false
10,20.0,153.95536743659906,97.52853807507339,9.745811061284655,4.185656325033904,149.97346036890963,159.71927143019428,94.84984943014517,99.03550575517907,true,false
10,20.0,153.36291327352782,104.7107395127018,8.780660135435056,4.194287237003564,149.72681682599335,158.5074769614284,102.01453185328504,106.2088190902886,true,false
10,20.0,143.94316646368782,111.1906801728102,7.167479218085049,2.917639282406185,140.98602278789676,148.1535020059818,109.30095865634812,112.2185979387543,false,false
10,20.0,148.77442750836903,99.3241092879864,9.001058401832978,3.840545861388634,145.04796628296876,154.04902468480174,96.80799841520871,100.64854427659735,true,true
10,20.0,148.8302073942158,98.36370399984635,9.587142710485836,3.8554853591554945,144.93737887419368,154.52452158467952,95.91847819002118,99.77396354917667,true,false
10,20.0,155.0471904635692,98.76311428391347,9.347311329797321,4.265671604585151,151.2124471311867,160.55975846098403,96.07309184299729,100.33876344758244,false,true
10,20.0,134.05422504266818,99.30250303132331,8.385959319661225,2.8607200521618097,130.76921544165134,139.15517476131257,97.47477945051426,100.33549950267607,false,true
10,20.0,151.64027808722378,100.30502412038317,8.376851748001883,3.9858394529527885,148.3146239141571,156.69147566215898,97.74730106558934,101.73314051854213,true,true
10,20.0,156.66698636088915,102.19863032653554,8.746392296772768,4.317167476008009,153.17109220665,161.91748450342277,99.3976914563281,103.71485893233611,false,true
10,20.0,150.40899422922706,99.45662039083187,7.8453193539576205,4.026978112615453,147.31655877537662,155.16187812933424,96.92340366397755,100.950381776593,true,true
10,20.0,148.417787270171,99.1723106360908,9.4887014515879,4.002661328854458,144.5387089089146,154.0274103605025,96.56813882833016,100.57080015718462,true,true
10,20.0,154.467587362259,102.30195643079585,9.831421129063955,4.118795869229103,150.31440506356992,160.14582619263388,99.71225393567136,103.83104980490046,false,true
10,20.0,142.11258014908333,103.49091220850582,8.95697476623414,3.248589569038927,138.31696239933243,147.27393716556656,101.4059077630838,104.65449733212273,false,false
10,20.0,148.16105360824082,103.93487946727547,9.18504965414499,3.7151660493714473,144.45113953743146,153.63618919157645,101.44098998745687,105.15615603682832,true,false
10,20.0,155.96665533134507,104.99484791486407,9.691852531617144,4.30758549669946,151.8132942007516,161.50514673236876,102.26219335741274,106.5697788541122,false,false
10,20.0,145.53620855299232,99.99376420673474,10.44110190337446,3.6381939247009,140.92155408261294,151.3626559859874,97.65956027244715,101.29775419714805,true,true
10,20.0,143.82732541361938,106.48681791248305,8.276942394893297,3.0575382295961333,140.4412545196876,148.7181969145809,104.53218438662,107.58972261621614,false,false
10,20.0,151.36181053807633,99.7429580071859,8.961481716227155,4.320487556760341,147.68996946364433,156.6514511798715,96.95261784744227,101.27310540420261,true,true
10,20.0,146.20447439626258,98.94592559705168,8.558381674699973,3.588006278090134,142.61265146252262,151.1710331372226,96.67284216625508,100.26084844434521,true,true
10,20.0,148.0373011663608,98.53480857732687,10.074067191967856,3.825176597673618,143.99293258515524,154.0669997771231,96.08743384495831,99.91261044263193,true,false
10,20.0,142.82087655700724,99.26303972671401,10.106399472295635,3.4578063070071323,138.62157643735657,148.7279759096522,97.07746596252413,100.53527226953126,false,true
10,20.0,148.42072345509683,109.12593984357858,8.06852004512885,3.4593970763060184,145.17087567747078,153.23939572259962,106.91161953178846,110.37101660809448,true,false
10,20.0,143.60267698158287,99.95134158559904,9.45153642557463,3.571034068742833,139.73246629024504,149.18400271581967,97.65115925440523,101.22219332314806,false,true
10,20.0,155.73523283828527,100.48390620196867,11.317375356467608,4.30227612441854,150.98585316366467,162.30322852013228,97.79985038773953,102.10212651215807,false,true
10,20.0,153.79053772817264,100.54213161266637,9.755492623683523,4.279012871934398,149.5555011398577,159.31099376354123,97.86534781009294,102.14436068202734,true,true
10,20.0,154.32893732509746,98.76147037856435,10.437200235801413,4.175490332781209,150.0785215142256,160.515721750027,96.15289923467401,100.32838956745522,false,true
10,20.0,155.25398005287894,97.69617188738634,9.305272962532342,4.108435505225103,151.65164681355398,160.95691977608632,95.10867592003248,99.21711142525758,false,false
10,20.0,153.41814770948108,101.24096429778966,10.89309817271797,4.087929252141407,148.85479694087127,159.74789511358924,98.59893042985655,102.68685968199796,true,true
10,20.0,156.67958712182573,100.66475333796424,9.605273032858122,4.582982524716229,152.65241456565764,162.25768759851576,97.71618070027391,102.29916322499014,false,true
10,20.0,146.74887072167726,100.67807132119546,9.08518753085437,3.79697384130192,142.9247940704531,152.00998160130746,98.36659912145738,102.1635729627593,true,true
10,20.0,155.298939870865,102.91250430179663,9.412812227667928,3.960388173386832,151.42520578277228,160.8380180104402,100.44888620402708,104.40927437741391,false,false
10,20.0,142.30125300834771,101.72572116550513,9.255659261177897,3.363263465143419,138.56905832126125,147.82471758243915,99.58528247870787,102.94854594385129,false,true
10,20.0,149.12820819806086,104.70752933911629,9.512423704599655,3.592872752644567,145.07105870794535,154.583482412545,102.4574531951579,106.05032594780246,true,false
10,20.0,146.06815358517696,100.78652730772367,8.112391175425273,3.7187725641139195,142.81332385447166,150.92571502989693,98.35468129644434,102.07345386055826,true,true
10,20.0,152.38959359236551,98.29352741589663,8.430470141859132,4.344533474199494,148.85119155725064,157.28166169910978,95.49996846086452,99.84450193506402,true,false
10,20.0,146.40293835424592,99.05050969031308,9.93529677741742,3.6505480000223116,142.38945059079532,152.32474736821274,96.67306235288238,100.3236103529047,true,true
10,20.0,147.34346618621535,102.12508529682918,8.70232073257489,4.075403344547254,143.84138943304305,152.54371016561794,99.56356650259933,103.63896984714658,true,true
10,20.0,155.7066231558535,100.87596346635118,9.190627288056305,4.2207285007516475,151.9936957789842,161.1843230670405,98.20919547111674,102.42992397186839,false,true
10,20.0,136.73390892726948,102.05904725947056,7.724031996959951,3.2022491239064266,133.68639382945523,141.41042582641518,99.95743654172442,103.15968566563085,false,true
10,20.0,143.33345487240467,100.91756518350421,8.495744207306103,3.4223369060651123,139.730963237048,148.2267074443541,98.76212603241393,102.18446293847904,false,true
10,20.0,145.07047781797309,101.29898059065408,9.466807817289066,3.409313483940352,141.33334422763514,150.8001520449242,99.13143984359333,102.54075332753368,true,true
10,20.0,152.4658589260242,100.97409840938758,11.004339246492634,3.706949616687851,147.81161002257093,158.81594926906357,98.53363167791744,102.24058129460529,true,true
10,20.0,155.166840067164,99.17844170305972,10.802180921501787,4.20379812224887,150.50195054730375,161.30413146880554,96.55940584238802,100.76320396463689,false,true
10,20.0,147.29004564102536,98.61491415798648,10.238105163549136,3.5448937738367903,142.9931855776205,153.23129074116963,96.40153382838866,99.94642760222546,true,false
10,20.0,150.09342305131395,98.59046261142534,10.411108523665433,4.101113427529384,145.628620848969,156.03972937263444,95.98802920463774,100.08914263216712,true,true
10,20.0,145.651372933593,104.48129558490474,8.750020709062682,3.444911885382723,142.12066606154877,150.87068677061146,102.33496151887505,105.77987340425777,true,false
10,20.0,144.4784727479954,97.89816524515427,9.964499840276687,3.3472800903783195,140.3989671180674,150.36346695834408,95.78600240655639,99.13328249693471,true,false
10,20.0,153.63720878488027,100.7563524626531,10.183397926487089,3.9057022916658752,149.29105754649925,159.47445547298634,98.28582062719592,102.19152291886179,true,true
10,20.0,142.92235392993976,98.43645451890063,11.37069378723126,3.4499997850235076,138.1569237898195,149.52761757705076,96.26724113342512,99.71724091844862,false,false
10,20.0,151.30709139002641,103.48806577083536,9.66484982593903,3.7491229751168618,147.36377883455202,157.02862866049105,101.14351399573664,104.8926369708535,true,false
10,20.0,151.36980854526013,104.65110619047357,8.483794965686826,3.7341002980036393,147.64768164097183,156.13147660665865,102.23007203722841,105.96417233523205,true,false
10,20.0,152.3758052985605,97.75767131939992,11.50380951043337,4.167010918227561,147.50231074375813,159.0061202541915,95.11629983673242,99.28331075495998,true,false
10,20.0,135.87905479663254,99.09474817993521,7.782894216874837,2.7744177444094618,132.789516837621,140.57241105449583,97.29985698145047,100.07427472585994,false,true
10,20.0,145.5696046704288,101.77438925570489,9.521532644648488,3.4693531629034453,141.59376286674194,151.11529551139043,99.5570903375988,103.02644350050224,true,true
10,20.0,146.38559164779494,98.05875400782658,11.277746987342027,3.760873038781142,141.74651529067316,153.0242622780152,95.65046579973021,99.41133883851136,true,false
10,20.0,154.90739482298602,98.08149728578651,9.478317225459904,4.062972095840763,151.06063270025447,160.53894992571438,95.5799481154671,99.64292021130787,false,false
10,20.0,157.6941975763615,100.64596773626573,9.3512222272563,4.456115930845442,154.0030953494907,163.354317576747,97.8412026652106,102.29731859605604,false,true
10,20.0,143.39809212461745,97.92430020484397,9.839158115677634,3.3323508959870622,139.3154806040878,149.15463871976544,95.85593049444167,99.18828139042873,false,false
10,20.0,152.9516994486287,102.20928400011798,9.720971449486399,4.0212212836601395,148.94099274622582,158.66196419571222,99.70461112395608,103.72583240761622,true,true
10,20.0,148.45716883649698,98.07315596390495,10.78951705651366,4.044133373757802,143.9974632445093,154.78698030102296,95.55092998749461,99.59506336125241,true,false
10,20.0,138.98806796417227,109.56330261798792,7.408869695799723,2.6602998866874685,135.94145412329726,143.35032381909699,107.87385948596297,110.53415937265044,false,false
10,20.0,136.65560251357306,107.1608523501489,5.732394773353178,2.4493514833910695,134.40265237899413,140.1350471523473,105.53614951972934,107.9855010031204,false,false
10,20.0,156.2759697926316,97.29248305917557,9.727271320605382,4.623650556288638,152.1222890576641,161.84956037826947,94.29424627780152,98.91789683409016,false,false
10,20.0,144.29437485147912,107.62526309619072,7.878634656785607,3.0164616799561514,140.99501007523907,148.87364473202467,105.74752148941852,108.76398316937467,false,false
10,20.0,153.4523358992156,99.52571041776221,11.185590054518514,3.9214259100081676,148.637373890341,159.8229639448595,97.0542781189458,100.97570402895397,true,true
10,20.0,155.9877184915544,97.90903085621866,9.521921927808194,4.378550157592571,151.90043647615667,161.42235840396486,95.15605426507838,99.53460442267095,false,false
10,20.0,154.1616779898799,102.99406584546247,10.50314136832327,4.110615207874105,149.51680602841813,160.0199473967414,100.37355996976524,104.48417517763934,true,false
10,20.0,151.62138010638864,103.31314325035353,10.11450895661946,3.768242807874813,147.3909000988524,157.50540905547186,100.84821208313087,104.61645489100569,true,false
10,20.0,148.91564917204724,101.04342620088667,10.331807696914524,3.552783669289923,144.4193774023391,154.75118509925363,98.81697587589649,102.36975954518641,true,true
10,20.0,151.1613122054175,97.45683628698158,10.05607142351056,4.306449170308213,146.92325951679504,156.9793309403056,94.7162221468083,99.02267131711652,true,false
10,20.0,154.35363348795818,98.41265699535282,9.591320123102179,4.323098366637268,150.19823729849745,159.78955742159962,95.5764064545644,99.89950482120167,false,false
10,20.0,150.9450345278875,99.54160375678832,9.98282857170122,4.001999412821931,147.0338687085734,157.01669728027463,96.92388020031059,100.92587961313252,true,true
10,20.0,151.8254062660015,100.99188167680708,9.41257293957375,3.792793716869298,147.79510492972963,157.20767786930338,98.56818796707338,102.36098168394268,true,true
10,20.0,152.58819053731702,97.86132229975941,11.514986828830956,3.918670955521108,147.62732607382767,159.14231290265863,95.42928998228504,99.34796093780615,true,false
10,20.0,154.09369908603347,99.17779124239517,10.437717163786942,3.983809212693032,149.6145379570553,160.05225512084223,96.74751790620607,100.7313271188991,true,true
10,20.0,140.32775775230348,100.46337342152218,7.818352492271487,3.2432819671133046,137.29751767126103,145.11587016353252,98.35516167199873,101.59844363911203,false,true
10,20.0,148.07986954612554,98.566227152306,10.434349522331672,3.9229058646403274,143.9763528381037,154.41070236043538,96.12206517163982,100.04497103628015,true,true
10,20.0,157.70771102326324,97.47219779328236,10.809028955691133,4.608532621489914,153.32429917891335,164.13332813460448,94.52001654978757,99.12854917127748,false,false
10,20.0,149.79858007868916,100.55881919236923,11.330473928019899,3.96855656866704,145.09326173045793,156.42373565847782,98.0405532061226,102.00910977478964,true,true
10,20.0,156.20123195029805,99.5629821742424,8.614191218454067,4.500242061971235,152.73196149051833,161.3461527089724,96.71753998794004,101.21778204991128,false,true
10,20.0,153.39786247336448,97.6139502538979,8.750313576425896,4.349711836203937,149.75046873373188,158.50078231015777,94.88076853842253,99.23048037462647,true,false
10,20.0,154.96803055146182,98.0674951215754,9.519520616361888,4.373487036882011,151.2153233535604,160.73484396992228,95.3015317010985,99.67501873798051,false,false
10,20.0,148.69828375045097,101.74858538958416,10.35061516987929,4.1010165490523605,144.28918149989616,154.63979666977545,99.14863442861895,103.24965097767131,true,true
10,20.0,138.94549966834307,99.43368528902884,10.243085115246004,3.205816675962609,134.80403930628682,145.04712442153283,97.42715406162611,100.63297073758872,false,true
10,20.0,154.37465664506814,114.09894627141546,9.02816190517575,3.667130713398109,150.45514870600587,159.48331061118162,111.73594842638838,115.40307913978648,false,false
10,20.0,155.86165857012978,103.8227579059714,9.169449709733584,4.144253791698446,152.0303986079676,161.1998483177012,101.25305247764143,105.39730626933988,false,false
10,20.0,141.85916693388288,98.0361573536056,10.504090211368606,3.4285586555263166,137.29923647946458,147.8033266908332,95.84542032276133,99.27397897828764,false,false
10,20.0,149.21827717125643,104.68837717897463,10.189409521713316,3.6563015038911004,144.8073492121531,154.99675873386641,102.34605984960731,106.00236135349842,true,false
10,20.0,152.81195468400193,101.5471525888491,8.772152136403406,4.093683058197016,149.37120496116435,158.14335709756776,98.94909456549205,103.04277762368906,true,true
10,20.0,152.40777793467618,98.09784632925354,8.690991791162986,3.9217867664637396,148.76005902163462,157.4510508127976,95.65226435443185,99.57405112089559,true,false
10,20.0,153.7067518814303,104.5916104520484,9.258906464748861,3.951680336360397,149.9336193961155,159.19252586086435,102.0710075879935,106.0226879243539,true,false
10,20.0,151.88603571746793,98.49125899881965,9.96719534758563,4.366372097768732,147.72097424374206,157.6881695913277,95.6789850856928,100.04535718346153,true,true
10,20.0,147.98045075522066,105.99583016651887,8.660476540007295,3.560124488554351,144.36707516973573,153.02755170974302,103.76380646519911,107.32393095375346,true,false
10,20.0,149.47498267599232,103.7956915626408,9.222542181169558,3.7766445762932648,145.57004698430973,154.79258916547928,101.39955577253377,105.17620034882704,true,false
10,20.0,142.95701125168358,98.49274544900203,9.56805666836047,3.5235268533237303,139.21413320021625,148.78218986857672,96.17504488626682,99.69857173959055,false,false
10,20.0,154.4338766989951,97.98769507276451,9.253684509258477,4.190017497043186,150.60690969175383,159.8605942010123,95.37928627139907,99.56930376844225,false,false
10,20.0,153.65251206767397,97.99295199014745,8.744961612539726,3.999960290668895,150.09559037731316,158.84055198985288,95.50414254963157,99.50410284030046,false,false
10,20.0,151.44779348541687,111.9268449546981,7.227866325157095,3.498571093762422,148.65693425875034,155.88480058390743,109.64146663849647,113.14003773225889,true,false
10,20.0,154.85698541798587,102.00102957455813,8.629402283080566,4.320296691725403,151.30942894594475,159.9388312290253,99.20773379977875,103.52803049150415,false,true
10,20.0,146.03788003588755,103.44542739200871,8.360368538432311,3.40774957819373,142.59245890880095,150.95282744723326,101.26129749125053,104.66904706944426,true,false
10,20.0,140.3852100627712,100.8836293865114,9.387550189886525,3.0270754105130635,136.44019140070588,145.8277415905924,98.96048343489193,101.98755884540499,false,true
10,20.0,149.3018880213121,98.84912472038616,8.6402127920949,4.101846133996716,145.87908620593737,154.51929899803227,96.1828674308897,100.28471356488642,true,true
10,20.0,137.99231886437707,98.05750580996212,8.073209337322481,3.4588235106973997,134.74263941572775,142.81584875305023,95.83254599756218,99.29136950825958,false,false
10,20.0,146.89284813494726,99.79033374067407,9.022920984800464,3.7368379142519643,143.36678294005736,152.38970392485783,97.34150301747528,101.07834093172724,true,true
10,20.0,148.49569401443014,98.93637108527528,8.42250592479914,3.6192563024515323,145.16557144186336,153.5880773666625,96.65065893174148,100.26991523419301,true,true
10,20.0,158.30446427166828,101.48639961296684,10.225150903950748,4.691123915500924,154.02565758358608,164.25080848753683,98.46772971505786,103.15885363055878,false,true
10,20.0,156.13050685216314,99.23478143941952,8.468744153865003,4.401175531975497,152.54781273326822,161.01655688713322,96.44200417583465,100.84317970781015,false,true
10,20.0,150.2492313818807,105.34600177268884,9.4900246116255,3.6015296526242935,146.3301556966111,155.8201803082366,103.04998601906259,106.65151567168688,true,false
10,20.0,149.10527353775507,97.73189724318489,9.391953800706574,4.127363769443633,145.4468107432098,154.83876454391637,95.11710212740752,99.24446589685115,true,false
10,20.0,143.29890837728067,98.71198944846786,10.260760686910032,3.28211129935967,138.90287132956263,149.16363201647266,96.6603610169042,99.94247231626387,false,false
10,20.0,152.39235780862904,100.79418372230235,7.988294401465083,3.8012890227201837,149.29290664199854,157.28120104346362,98.3593548371363,102.16064385985648,true,true
10,20.0,150.9654519132551,98.39400645690715,10.111974354314981,3.755185746398965,146.54278099680914,156.65475535112412,95.9914803004835,99.74666604688247,true,false
10,20.0,154.88804946935508,99.66915592551824,9.248114326205268,3.9828489155034674,151.2315368092536,160.47965113545888,97.17816306740797,101.16101198291143,false,true
10,20.0,152.545140108737,100.9845158004817,9.352918052178495,4.303501389839454,148.76944199738935,158.12236004956785,98.26086237731492,102.56436376715438,true,true
10,20.0,154.30608510671067,108.04182660287317,9.018543159210736,3.85963802283014,150.6164702749687,159.63501343417943,105.60862650419179,109.46826452702193,false,false
10,20.0,145.008554892449,98.85382781241606,8.950552829594898,3.4581532530371533,141.40124543708473,150.35179826667962,96.65086926218152,100.10902251521867,true,true
10,20.0,147.06141346451435,104.59061913035733,9.342681422913586,3.424693529243669,143.4010690577043,152.74375048061788,102.33453568095547,105.75922921019914,true,false
10,20.0,143.283512442732,106.14769036750106,6.940161777020677,3.130585554298321,140.5500351277859,147.49019690480657,104.20519045327204,107.33577600757036,false,false
10,20.0,147.49585451970466,97.9492947673609,9.662183463880211,3.562106506182019,143.56892057765475,153.23110404153496,95.69261598501348,99.2547224911955,true,false
10,20.0,149.095327893771,100.17044616830916,9.374245345125189,3.7065090796033076,144.9908117494669,154.3650570945921,97.80444387470448,101.51095295430778,true,true
10,20.0,156.77544755768412,101.5832178208986,9.082135253134851,4.547571241740329,152.97872810600606,162.0608633591409,98.61576637365047,103.1633376153908,false,true
10,20.0,151.9015141731208,97.95608652115013,9.511877676597464,4.2336554150358126,148.1132299413127,157.62510761791017,95.21389002180112,99.44754543683693,true,false
10,20.0,157.4044446387264,97.22549341494475,8.994428792137143,4.587681787435855,153.68078445707908,162.67521324921623,94.32232106014926,98.91000284758512,false,false
10,20.0,148.7687285544547,97.72265385934914,10.697367431321908,3.8100941032239035,144.18402669681424,154.88139412813615,95.35998096276077,99.17007506598468,true,false
10,20.0,137.73728899176314,99.83130222370256,9.437615865680982,2.8630208596555633,133.8211825085505,143.25879837423147,98.0563168375414,100.91933769719697,false,true
10,20.0,155.67331259594644,98.40969990906613,9.32591489268728,4.6875339289615,151.8543936482266,161.18030854091387,95.37409485820925,100.06162878717075,false,true
10,20.0,145.5267160048165,98.2883779910271,9.980792080268003,3.5333109349351446,141.56249346234597,151.54328554261397,96.05885249705776,99.5921634319929,true,false
10,20.0,154.91019732817608,101.17921270066873,8.631372096479026,4.061384864551897,151.51741630145398,160.148788397933,98.61896005754583,102.68034492209773,false,true
10,20.0,152.09492561125484,99.02386083222562,9.232464988559087,4.0298368929974515,148.2415009363176,157.4739659248767,96.48554928487695,100.5153861778744,true,true
10,20.0,153.279023063258,104.6694938212095,8.312259299315173,4.22389074024106,149.75905563195744,158.0713149312726,102.04794535644042,106.27183609668148,true,false
10,20.0,151.87282694738354,98.82150208976626,9.647806504474119,4.149903643587365,147.93035336850917,157.5781598729833,96.1738763461335,100.32377998972086,true,true
10,20.0,146.9689309587032,98.06740883027928,10.01726831902792,3.5020206154144375,142.92190689835581,152.93917521738373,95.84438972075685,99.34641033617129,true,false
10,20.0,150.2054211453696,103.74589141356729,8.0991682972315,3.7922065070745674,146.95266040698843,155.05182870421993,101.30250729152446,105.09471379859903,true,false
10,20.0,150.38554167660516,99.51700136693333,9.698523088537513,3.9453698404280857,146.23351240625382,155.93203549479134,97.04221720584667,100.98758704627475,true,true
10,20.0,156.15950927364594,100.26515590837101,9.491484263714966,4.354176782485212,152.22818971287637,161.71967397659134,97.47540965392056,101.82958643640578,false,true
10,20.0,152.66468938974276,99.67686881498429,10.532662800787648,3.892802050107491,148.1703127117111,158.70297551249874,97.17396934729183,101.06677139739932,true,true
10,20.0,149.07707369058477,99.74809272514369,9.40508819229936,3.910879912920109,145.26623259427043,154.6713207865698,97.32246630078433,101.23334621370444,true,true
10,20.0,149.6332032772365,97.83100973986923,8.19524064920256,3.757160790783445,146.25171427557456,154.44695492477712,95.4616268289629,99.21878761974635,true,false
10,20.0,153.87660637702876,105.44049493267185,10.058038266724367,3.8659749645208876,149.6297920485813,159.68783031530566,102.97798164790117,106.84395661242206,true,false
10,20.0,140.6928253379624,97.86414156800744,8.834706442626526,3.65317830052534,137.08499366947962,145.91970011210614,95.53758242573497,99.19076072626031,false,false
10,20.0,149.82111952858722,101.67760115214898,9.208972478850825,3.7321259419069435,145.9735630526528,155.18253553150362,99.29352823843489,103.02565418034183,true,true
10,20.0,154.66755372419868,110.0362517149304,8.409757359763375,3.9266617299006157,151.18850247508567,159.59825983484905,107.52848849569716,111.45515022559778,false,false
10,20.0,148.51490921031126,110.2566291285863,7.824078169951491,3.2478238293178094,145.25816211941336,153.08224028936485,108.19838912395358,111.44621295327138,true,false
10,20.0,152.156115825122,97.87769847192985,10.914501911285498,3.9297507891654675,147.55145246571269,158.46595437699818,95.34419378972692,99.27394457889238,true,false
10,20.0,148.22150779564157,101.53881523065996,9.459517925852907,3.4028222749643646,144.42740490766144,153.88692283351435,99.32802491056626,102.73084718553062,true,true
10,20.0,142.3005252563199,98.03273655522267,9.611547750902929,3.370060897378522,138.28756669046555,147.89911444136848,95.88685393338122,99.25691483075974,false,false
10,20.0,156.43898802225044,100.92711707594586,10.468724703477534,4.364174898032388,151.8214539309424,162.29017863441993,98.09472439906139,102.45889929709378,false,true
10,20.0,150.85431772008593,99.52003322921281,9.715545952566686,3.8526789958465315,146.94435408214608,156.65990003471276,97.06465390928031,100.91733290512684,true,true
10,20.0,148.02213144378084,99.80170828414813,10.970434936552863,3.6315876700113705,143.36485216110847,154.33528709766134,97.51479730994873,101.1463849799601,true,true
10,20.0,154.96049229056013,99.24042311015262,9.888865614700052,4.427529457845864,150.84212329991936,160.73098891461942,96.40816050065831,100.83568995850418,false,true
10,20.0,155.60538901305455,97.19866319772703,10.385630158520996,4.8203697497081635,151.5013203939945,161.8869505525155,94.09532955473878,98.91569930444695,false,false
10,20.0,153.87424937925667,99.84109549215546,8.59925679456964,4.134838088001416,150.38013840562675,158.9793952001964,97.22412427364397,101.35896236164538,false,true
10,20.0,155.21673831521437,98.22794396900186,10.055482008246145,4.5452809220870165,150.96827349537384,161.02375550361998,95.2598187015534,99.80509962364042,false,false
10,20.0,152.88791428159124,105.54703011355238,9.156814255322985,3.538448775298235,148.95826999092097,158.11508424624395,103.34569208840941,106.88414086370764,true,false
10,20.0,143.27745735445137,104.99444065051811,7.770868620892685,3.272308311615774,140.30555660151035,148.07642522240303,102.93836352694103,106.2106718385568,false,false
10,20.0,150.6344620839602,102.13954486336948,8.155677333248804,4.098256192916196,147.2543033425518,155.4099806758006,99.48265912937836,103.58091532229456,true,true
10,20.0,156.62988646493613,99.32173776288411,10.221172756185695,4.44213277459815,152.2527660295429,162.4739387857286,96.44982653212749,100.89195930672564,false,true
10,20.0,152.609097925664,101.92200083253772,10.009690606887574,3.748333436199175,148.38482768262347,158.39451828951104,99.57484611091093,103.3231795471101,true,true
10,20.0,130.92837376776254,100.1468165860709,7.449323484383996,2.703628840804896,127.90161373543992,135.35093721982392,98.42271719410562,101.12634603491051,false,true
10,20.0,155.17127835841876,104.30544140282822,9.031713385624045,4.0286826212288815,151.5473741243196,160.57908750994363,101.7741533758681,105.80283599709698,false,false
10,20.0,152.75955196264994,98.9981128069455,9.278684119661989,4.300030268123635,148.90338533793755,158.18206945759954,96.25188318592873,100.55191345405237,true,true
10,20.0,151.64303808298126,106.51201175307634,7.963084244176912,3.843690616003215,148.3336253012972,156.2967095454741,104.13733630950381,107.98102692550702,true,false
10,20.0,154.03219151225187,100.39238446984348,9.628080647589798,4.166183713672353,150.0432795510307,159.6713601986205,97.75735554659082,101.92353926026317,false,true
10,20.0,149.4425054284302,105.06043610835277,8.369468020078557,3.6735125840973097,146.0131915113239,154.38265953140245,102.75261486129968,106.42612744539699,true,false
10,20.0,156.64365436393274,99.51026252573577,10.313088925829817,4.331942110047137,152.33423413948836,162.64732306531818,96.79131473219186,101.123256842239,false,true
10,20.0,144.84003088249105,104.3078682504221,8.536319155067815,3.2238398803025063,141.45448191496197,149.9908010700298,102.22200189648596,105.44584177678847,false,false
10,20.0,145.1219058613782,101.83877389104202,9.614600376341258,3.590370173521478,141.04948361268325,150.6640839890245,99.59252306616175,103.18289323968322,true,true
10,20.0,147.29331324582984,101.55882106136292,9.153680670003752,3.6492824730872826,143.6656377842688,152.81931845427255,99.23328858360787,102.88257105669516,true,true
10,20.0,149.23354259117005,97.8405106770261,9.349496430080308,4.0863732480639925,145.4470251042298,154.7965215343101,95.27657884941098,99.36295209747497,true,false
10,20.0,149.83519396323845,97.81298116057297,9.745248586142623,3.9796500299811726,145.7055516858842,155.4508002720268,95.2683059892795,99.24795601926067,true,false
10,20.0,157.30292206439995,98.68924706710683,10.631130321136396,4.259713268809165,152.93961972373293,163.57075004486933,95.998856245405,100.25856951421416,false,true
10,20.0,149.27396648628135,100.50718720226743,8.914639458180034,4.119066445672686,145.5922440012401,154.50688345942012,97.83824418693851,101.9573106326112,true,true
10,20.0,148.85602709063778,98.13422182971715,10.433968681210473,3.963984797998876,144.46051595553456,154.89448463674503,95.54816308618085,99.51214788417973,true,false
10,20.0,150.82087136329528,101.78987053908926,8.668709588050774,4.07624130799293,147.28179011616032,155.9504997042111,99.11377550165638,103.19001680964931,true,true
10,20.0,150.73966521051392,103.93342325451141,8.13650825864977,3.5583401681315934,147.33054961197763,155.4670578706274,101.66511095844618,105.22345112657777,true,false
10,20.0,155.17377935891395,99.80628314494109,11.19226466793691,4.5030605440329765,150.32708688186602,161.51935154980293,96.8698827101466,101.37294325417957,false,true
10,20.0,153.73431935895275,104.03416452157713,7.936390011737757,4.007092141364737,150.5679120904491,158.50430210218687,101.50964521037483,105.51673735173956,false,false
10,20.0,131.0543762001547,99.57573294501822,8.499056489383022,2.582963420852508,127.67610747128343,136.17516396066645,97.88644982289165,100.46941324374416,false,true
10,20.0,156.81841705664013,103.57968194730188,8.907866996891386,3.983398854347328,153.31887473054377,162.22674172743515,101.02058223633826,105.00398109068558,false,false
10,20.0,151.96498389030938,97.60965216226055,9.594574120279589,3.7223773957150854,147.9624981425646,157.5570722628442,95.2843107224248,99.00668811813989,true,false
10,20.0,149.03451086352516,102.72783246603854,9.204144842183581,3.9867050455375903,145.23656004710327,154.44070488928685,100.1060760806281,104.09278112616569,true,false
10,20.0,152.5331732253774,98.63157175422626,11.065846987182852,4.299543582255055,147.8319059530729,158.89775294025574,95.92536714392371,100.22491072617876,true,true
10,20.0,144.827749037427,98.27002289687348,10.043416739419882,3.6909700249498485,140.45030224584931,150.4937189852692,95.90154020492818,99.59251022987803,true,false
10,20.0,148.52482994641326,99.31973752258163,7.550615996418287,3.848565136909329,145.60144759442153,153.15206359083982,96.8396870137968,100.68825215070613,true,true
10,20.0,149.61787849491148,98.62541298005667,9.359197760636448,3.83973629852764,145.86407989414383,155.22327765478028,96.23854846687377,100.0782847654014,true,true
10,20.0,156.54802337712644,98.29558712191363,9.733491392784003,4.632613223794962,152.41410273283327,162.14759412561727,95.36293276581793,99.99554598961289,false,false
10,20.0,145.9433479714685,98.84001746306095,8.927094128595542,3.7141029006389488,142.4737451158485,151.40083924444403,96.439128493737,100.15323139437595,true,true
10,20.0,153.17916728127602,99.1773559500972,10.292480468741644,4.1198218320332245,148.77838013181713,159.07086060055877,96.59555951172268,100.71538134375591,true,true
10,20.0,143.66312601345717,98.85825466524847,9.98310429395815,3.4425156596471425,139.4710459360353,149.45415022999345,96.6693747810473,100.11189044069444,false,true
10,20.0,150.47191114102796,99.06309331832718,9.832463695771736,4.053440829335486,146.55138683351296,156.3838505292847,96.50302642855216,100.55646725788765,true,true
10,20.0,153.91608831161233,97.66602720526083,10.18698489089789,4.065025978877813,149.56352814762974,159.75051303852763,95.08102771171603,99.14605369059385,true,false
10,20.0,135.97551936423315,98.94438864015953,9.292191281861363,2.823281339885881,132.1185758987658,141.41076718062718,97.17766955173133,100.00095089161721,false,true
10,20.0,158.13930259770714,99.35678239633305,10.078838865848581,4.630814955583972,153.7920753539614,163.87091421980998,96.39579114621807,101.02660610180205,false,true
10,20.0,152.73647248064216,98.83574223037972,9.531737565984713,4.272863200757698,148.80083265666457,158.33257022264928,96.16828747694052,100.44115067769822,true,true
10,20.0,149.63466395727698,100.97965206153603,9.33576951626955,3.9343456712538796,145.9308652566341,155.26663477290364,98.43070450814791,102.36505017940179,true,true
10,20.0,142.84890307282632,98.36483941004042,8.976407060593004,3.692919894554862,139.14073875742798,148.117145818021,96.04574514869036,99.73866504324522,false,false
10,20.0,144.9932968616398,105.53946088571675,8.840449500011289,3.3271979061284753,141.42086115578223,150.26131065579352,103.38355750992432,106.71075541605279,true,false
10,20.0,146.54353523930047,103.920715100763,8.321854176979656,3.321109416836066,143.32560280448376,151.64745698146342,101.86925275605799,105.19036217289405,true,false
10,20.0,144.07874363806815,106.28357155981574,8.367584142081398,3.0427615279080698,140.66976606439985,149.03735020648125,104.3751340908443,107.41789561875237,false,false
10,20.0,143.82407112777395,99.67130427744686,8.29604236932127,3.466055745045111,140.50693168141845,148.80297405073972,97.4739760043988,100.94003174944392,false,true
10,20.0,149.0262126866548,104.4984948011773,9.94312261878818,3.8543511063151925,144.9927182706328,154.93584088942097,101.9509601400774,105.80531124639259,true,false
10,20.0,157.38557067146758,97.48626178400093,10.140735927369377,4.769544707633472,153.29979269090978,163.44052861827916,94.35236278653363,99.1219074941671,false,false
10,20.0,151.03472702189984,98.37879440648825,10.67070580516463,4.093577026553206,146.45953582724536,157.13024163241,95.77801567161008,99.87159269816328,true,false
10,20.0,157.80448298227134,103.27861216700117,8.9271307085005,4.259410414623986,154.0801645852324,163.0072952937329,100.60602631576155,104.86543673038554,false,false
10,20.0,150.80329189721712,102.43972181488553,8.951491601581807,3.5746502026345723,146.97371156078282,155.92520316236462,100.18259855102724,103.75724875366181,true,false
10,20.0,148.51680134235758,97.92446224600283,10.92832191062027,3.813426042812864,143.85642841863708,154.78475032925735,95.51606620107987,99.32949224389273,true,false
10,20.0,157.18799432823587,99.07230523783775,9.435443999519748,4.735618732626222,153.32951248403793,162.76495648355768,96.01306938182461,100.74868811445083,false,true
10,20.0,157.19849918105092,99.45513999471595,9.480977462153021,4.178426060690185,153.19967698814634,162.68065445029936,96.90084561911937,101.07927167980955,false,true
10,20.0,151.7019811671434,99.17031877248138,10.704042760826326,3.9879263571072983,147.0780610815114,157.78210384233773,96.61799165590041,100.60591801300771,true,true
10,20.0,146.24742809262892,98.00459046481296,10.251572061320445,3.6309122314843165,141.81497338421178,152.06654544553223,95.66630208517638,99.2972143166607,true,false
10,20.0,151.71663560825834,102.75002726766327,9.542282459993572,3.758973349165487,147.7624952514868,157.30477771148037,100.35287015827781,104.1118435074433,true,false
10,20.0,146.42111531408682,103.87199919472863,9.189537236260293,3.205955573119084,142.67208012115424,151.86161735741453,101.8699078642877,105.07586343740678,true,false
10,20.0,155.4890855794742,97.50918530644807,10.085232655548651,4.494194997800079,151.0728381194888,161.15807077503746,94.66457952642976,99.15877452422984,false,false
10,20.0,157.92251065667662,97.65087799920869,10.292527210825995,4.387948308924052,153.6238509452363,163.9163781560623,94.81669877637849,99.20464708530254,false,false
10,20.0,155.8066260760657,106.99943955827878,8.253677975898057,3.903658544686891,152.53142132862357,160.78509930452162,104.43960999270705,108.34326853739394,false,false
10,20.0,147.2626510642697,99.09366397607593,10.058578142786388,4.037587197609767,143.27193026184545,153.33050840463184,96.50915901687148,100.54674621448125,true,true
10,20.0,149.65549111509836,100.03532039253372,10.294554617408323,3.9679622212952097,145.09960439497218,155.3941590123805,97.46596412018704,101.43392634148225,true,true
10,20.0,147.27696795419126,99.07726586402241,9.227643659909688,3.4919605410824204,143.24641753298786,152.47406119289755,96.81244207218643,100.30440261326885,true,true
10,20.0,150.961998690459,99.66726946524372,10.349641379944416,4.054847530967109,146.65249881733345,157.00214019727787,97.05986171919905,101.11470925016616,true,true
10,20.0,143.47813282103448,98.15870153929944,9.636374594974939,3.6322675381614005,139.71981834615084,149.35619294112578,95.88232053690581,99.51458807506721,false,false
10,20.0,155.61372521394833,99.86667095188866,8.788508549933226,4.170675623277091,152.07403593779298,160.8625444877262,97.14264376478562,101.31331938806271,false,true
10,20.0,141.40551468484247,99.21361183125303,10.143979890423225,3.138606596289094,137.33500394835932,147.47898383878254,97.23955483612275,100.37816143241184,false,true
10,20.0,153.90219141588764,105.20859769778801,8.316049145764254,4.191971431502324,150.45003591974594,158.7660850655102,102.45946565787156,106.65143708937389,false,false
10,20.0,141.22373060370984,99.91437926967852,7.9293519483377395,3.368015703921941,138.0756698467662,146.00502179510394,97.81605639228935,101.1840720962113,false,true
10,20.0,155.24047846944046,102.33603239524517,9.266678710108238,3.8388257703529547,151.67581750090184,160.94249621101008,99.8672650587848,103.70609082913775,false,true
10,20.0,151.77226164421572,97.98081903562885,10.796917047722559,4.206477538190768,147.2169346148008,158.01385166252336,95.25730563821007,99.46378317640084,true,false
10,20.0,151.96433626707534,101.37520591635243,10.789946693882513,4.13513525365434,147.4334766034162,158.22342329729872,98.70595717155553,102.84109242520987,true,true
10,20.0,157.59472306031688,97.60304522428751,11.071107618680259,4.36073404305904,152.862587629442,163.93369524812226,94.81877239894686,99.1795064420059,false,false
10,20.0,153.19984953457174,98.9341925498747,9.720358063394485,4.046147538949484,149.14991098965982,158.8702690530543,96.41332874632712,100.45947628527661,true,true
10,20.0,141.28175389409495,105.99948252807677,7.518156486953899,3.1152585440543135,138.3360055663768,145.8541620533307,103.98258228933817,107.09784083339248,false,false
10,20.0,153.1771795821978,100.93153482080811,9.831372649671522,4.210176580598159,149.2244319687325,159.055804618404,98.29657850019468,102.50675508079284,true,true
10,20.0,139.7450956771897,98.59710901204518,9.378211290435729,3.572624753382385,135.88289009407953,145.26110138451526,96.33574872761919,99.90837348100158,false,false
10,20.0,151.30371343976398,105.46949066214276,8.601425932607214,3.91396643477961,147.44400729619946,156.04543322880667,102.98356511665521,106.89753155143482,true,false
10,20.0,149.99877223228629,99.809096440557,9.602078014971397,3.791716840774498,146.11532409260585,155.71740210757724,97.40630793208264,101.19802477285714,true,true
10,20.0,153.22452756310048,103.23669500411987,8.319488231681305,4.18511749863157,149.90004044105888,158.21952867274018,100.56774667881382,104.75286417744539,true,false
10,20.0,149.38884153597604,103.73186520670318,8.9871354139635,3.601122828792839,145.75456070627837,154.74169612024187,101.47791670350425,105.07903953229709,true,false
10,20.0,155.68640556467324,98.72444216810783,8.287106045415044,4.2823736680563655,152.2753884270528,160.56249447246785,96.02165204978955,100.30402571784592,false,true
10,20.0,154.33786366168812,102.57867355523753,9.40491100366961,4.177957357556252,150.23260032692474,159.63751133059435,99.91423537488146,104.09219273243771,false,true
10,20.0,150.26639637863173,99.36726451806135,8.292650252898397,3.6660966807612994,146.86312573286256,155.15577598576095,97.01735136905545,100.68344804981675,true,true
10,20.0,155.96318746727587,99.35878562879833,9.642493915152386,4.434765778710187,152.08389032583392,161.7263842409863,96.55655114513988,100.99131692385006,false,true
10,20.0,151.19625490371655,100.764739904364,9.837923391086406,4.069116116623448,146.85684423333566,156.69476762442207,98.17264965275989,102.24176576938333,true,true
10,20.0,141.77257602523193,107.42451304198183,7.689163443379613,3.053844105338399,138.603958361523,146.29312180490263,105.4331715113582,108.4870156166966,false,false
10,20.0,145.48164258671767,98.560213336276,9.81245386530972,3.6693081805280343,141.26547771967816,151.07793158498788,96.20283096249736,99.8721391430254,true,false
10,20.0,138.4119624700199,98.11045818551372,9.086207226629625,3.2017727525605437,134.85074588580147,143.9369531124311,96.04929982596735,99.2510725785279,false,false
10,20.0,151.0718227703813,101.99503620382646,9.832217364698693,3.9189772135864303,146.99919783758475,156.83141520228344,99.52436651828111,103.44334373186754,true,true
10,20.0,149.39648691386554,105.40662210911401,9.126523522736932,3.8706712650624695,145.7642451806245,154.89076870336143,102.93066523382272,106.80133649888519,true,false
10,20.0,154.80377087246944,97.83455256273103,9.769581088747714,3.996222575651373,150.62428126489925,160.39386235364697,95.33204205264603,99.3282646282974,false,false
10,20.0,142.4587508847598,98.81632579316533,9.693093382325259,3.476981292138859,138.6286159809233,148.32170936324857,96.57445882765913,100.05144011979799,false,true
10,20.0,154.8100420191023,100.4756801287222,9.67483937037008,4.209447032273232,150.75885911778923,160.4336984881593,97.8340652519677,102.04351228424093,false,true
10,20.0,148.0922682542838,99.44722185176605,9.537545731923359,3.75539903713198,144.08980295883185,153.6273486907552,97.15362991661465,100.90902895374663,true,true
10,20.0,155.37673391583056,98.27076884548937,9.963374562816341,4.356769710095094,151.1304598844874,161.09383444730375,95.47684981147466,99.83361952156976,false,false
10,20.0,151.57952374874813,97.49358847121621,9.630032883623329,4.376164291107926,147.65535755496288,157.2853904385862,94.71784065443408,99.09400494554201,true,false
10,20.0,153.97681355413738,101.81117107886593,8.134235480384575,4.088086942063839,150.78543846053205,158.91967394091662,99.2086592718159,103.29674621387974,false,true
10,20.0,143.70709301542598,98.29334792827296,10.72659571617271,3.6213744143814495,139.27651646993218,150.0031121861049,96.01050008842522,99.63187450280667,true,false
10,20.0,151.33939984396577,98.07076640616953,9.695056658382725,4.163171622566651,147.24127426397132,156.93633092235405,95.41621505084726,99.57938667341391,true,false
10,20.0,153.99497151388567,97.77161958973701,8.478757124554761,4.342466870028389,150.55383029138133,159.0325874159361,94.95700408326314,99.29947095329153,false,false
10,20.0,151.5070237450615,98.1730667704779,9.69681968222693,4.060340975686202,147.52790476873804,157.22472445096497,95.61891998062195,99.67926095630816,true,false
10,20.0,152.76981858481992,105.01592446036545,9.235828604613943,4.019214789046373,149.10156547747846,158.3373940820924,102.38769074172271,106.40690553076908,true,false
10,20.0,145.07062589152324,99.85971143547539,10.042909360673065,3.4974489086205836,140.87892151714874,150.9218308778218,97.62608762112647,101.12353652974706,true,true
10,20.0,149.85230318653458,102.99713175258671,9.86020880068105,4.038548291439142,145.75765515838128,155.61786395906233,100.35290352029703,104.39145181173618,true,false
10,20.0,154.33981454826352,98.6563995818803,9.129379490640105,3.9572997885757246,150.63727047892695,159.76664996956706,96.1152074927962,100.07250728137193,false,true
10,20.0,154.1806050751238,102.6951726838493,8.895892093037617,3.955653377140095,150.58040811962923,159.47630021266684,100.2029426712586,104.15859604839869,false,false
10,20.0,149.0232033726717,97.99059022807504,10.201528981060108,3.7892589424606626,144.71366560931884,154.91519459037895,95.57492056273233,99.364179505193,true,false
10,20.0,143.68068911471443,99.37516347868281,9.57178893050201,3.5198272603844885,139.9013578523466,149.4731467828486,97.10490183493906,100.62472909532354,false,true
10,20.0,152.0474026722334,107.53105581581246,8.546361843922227,3.5583556513321923,148.45481479841024,157.00117664233247,105.24943742393005,108.80779307526224,true,false
10,20.0,153.93313499788758,106.56815724828117,9.038150658394812,3.8733466355926396,150.11458594309835,159.15273660149316,104.07822493540976,107.9515715710024,false,false
10,20.0,146.61446387126225,102.08287297876917,8.87660843867323,3.2139598085631462,142.87481365693645,151.75142209560968,100.03449463864156,103.24845444720471,true,false
10,20.0,156.30297874880128,101.79902424056421,8.20735373702999,4.118453528618403,153.04178164541364,161.24913538244363,99.23450651692079,103.35296004553919,false,true
10,20.0,151.5130336191515,99.15730410117189,8.94245528790566,3.9584377338819223,147.87395489653855,156.8164101844442,96.66475319943028,100.6231909333122,true,true
10,20.0,155.24856482421256,99.38261843514078,9.531685096111431,4.518477215516839,151.3634656819866,160.89515077809804,96.45250588775052,100.97098310326736,false,true
10,20.0,153.04657912817981,101.45615970053929,9.72121460021367,4.291137883226156,149.0942829797914,158.81549758000506,98.68972264089585,102.98086052412201,true,true
10,20.0,146.19511709087206,98.00048633093657,10.029860628930066,3.697931353976287,141.8636442289061,151.89350485783618,95.67385938645899,99.37179074043527,true,false
10,20.0,151.35059990266632,100.68845753504412,8.470312265653632,4.171512374973375,148.01297644520008,156.4832887108537,98.02946587447474,102.20097824944811,true,true
10,20.0,137.4432318528323,99.97348813964228,8.606872723184637,2.943854519851982,133.97820300038862,142.58507572357325,98.07436326453836,101.01821778439034,false,true
10,20.0,149.06956084721367,107.4292611345152,8.13689570375658,3.508716666486862,145.71385581570084,153.85075151945742,105.23730702593505,108.74602369242191,true,false
10,20.0,147.47208990998303,100.7613852261962,9.155072782002264,3.7379592954362835,143.63402981070027,152.78910259270253,98.41761336020762,102.15557265564391,true,true
10,20.0,152.39685224848222,99.88306039523388,9.428290157136217,4.110709003972687,148.62890803859523,158.05719819573144,97.30911001036537,101.41981901433806,true,true
10,20.0,149.1648277270902,108.94254950040494,8.669145228981392,3.453491280905993,145.6428183701026,154.31196359908398,106.75733925793143,110.21083053883743,true,false
10,20.0,154.88706689524776,98.2980068632348,9.103333573241912,4.350445745897289,151.29504047600255,160.39837404924447,95.52868822275997,99.87913396865726,false,false
10,20.0,152.30303784029658,104.89498876490943,8.634452113183443,3.8365918437075948,148.81880862058796,157.4532607337714,102.42135333474027,106.25794517844787,true,false
10,20.0,129.51620571773373,102.16668107851729,6.279555973362108,2.302920120365684,127.01736261458689,133.296918587949,100.73302111294525,103.03594123331094,false,false
10,20.0,156.4829190991509,99.74603507199143,10.083309885924223,4.62119962229913,152.30451508917218,162.3878249750964,96.81439257984992,101.43559220214905,false,true
10,20.0,145.83695376303245,100.37649284899439,9.436559169796169,3.3932873096932212,141.99907918940153,151.4356383591977,98.20345896262097,101.59674627231419,true,true
10,20.0,142.34160418238474,100.98192391637,9.494483679863663,3.3905331727907537,138.44899732177805,147.94348100164171,98.78805184596231,102.17858501875307,false,true
10,20.0,145.94331082696422,100.00836943272222,9.288792955818792,3.681370621352414,142.19488706365686,151.48368001947566,97.62547926874079,101.3068498900932,true,true
10,20.0,149.60220463243724,100.63891037949074,9.582530230851603,3.7190707286871003,145.5936162511839,155.1761464820355,98.3407757110769,102.059846439764,true,true
10,20.0,149.12975908431702,102.74588687293382,10.11369683692746,3.6716356013882603,145.07980786585804,155.1935047027855,100.40603990945391,104.07767551084217,true,false
10,20.0,153.49849210384818,111.6640208226298,8.240069874239452,3.61017339615708,150.1595052513082,158.39957512554764,109.36008246183272,112.9702558579898,false,false
10,20.0,153.62671356251604,98.19176970023065,9.85262697225835,4.140101914862498,149.55063371447045,159.4032606867288,95.55771712005009,99.69781903491258,true,false
10,20.0,152.69419426923116,99.92428980829766,9.952789290588896,4.205809867394876,148.50214629345464,158.45493558404354,97.21277698495405,101.41858685234892,true,true
10,20.0,146.76025457937155,103.71724926340237,8.7838971331974,3.4371994283063145,143.29012827827884,152.07402541147624,101.49900135040954,104.93620077871586,true,false
10,20.0,141.7606015866729,99.49790523810088,9.392438054780001,3.4868934585232694,137.94134278856865,147.33378084334865,97.29927144439264,100.78616490291591,false,true
10,20.0,151.9143245269395,103.72492814955845,9.450310992500988,3.8481840994555085,148.04643885126927,157.49674984377026,101.24248718969172,105.09067128914722,true,false
10,20.0,147.37009326987496,100.62987367917427,8.743114811266281,3.7528500330585075,143.72377740734834,152.46689221861462,98.240132391866,101.9929824249245,true,true
10,20.0,155.1772743129959,98.0243603899687,9.83110582121924,4.291144394408548,151.01323854519606,160.8443443664153,95.26644873140482,99.55759312581337,false,false
10,20.0,157.0630018416104,100.46807327680057,8.584017265536517,4.470744542106374,153.42240699714426,162.00642426268078,97.55180951139866,102.02255405350503,false,true
10,20.0,151.95635932583193,100.22432650119501,10.369340825166404,3.9611946422154034,147.55068640201986,157.92002722718627,97.72516977384335,101.68636441605875,true,true
10,20.0,141.8813166214806,98.69188905614786,9.322814140063997,3.4442561482035643,137.9022734275148,147.2250875675788,96.45075993783684,99.8950160860404,false,false
10,20.0,147.89964205973425,100.78447086235636,11.239754410031878,3.8226576029676096,143.1920031438197,154.43175755385158,98.35812886532476,102.18078646829237,true,true
10,20.0,137.73310607932535,100.77294187077582,8.944709469851631,3.225199575474221,134.35574565795127,143.3004551278029,98.76152412251501,101.98672369798923,false,true
10,20.0,151.15581224800042,101.02650211056373,11.535908229695025,3.6439333555467357,146.35997539922954,157.89588362892457,98.68707142269633,102.33100477824307,true,true
10,20.0,128.85974451260302,101.57687007315613,7.729892388186187,2.3007274729793323,125.67018300062767,133.40007538881386,100.09497487787445,102.39570235085378,false,false
10,20.0,153.15624374727744,103.8375602122719,9.088951018646384,3.8563311849215154,149.2377204228276,158.326671441474,101.37632101754036,105.23265220246188,true,false
10,20.0,154.2237936578892,97.87035753354945,9.935262694191891,4.357386918270237,149.94736691405447,159.88262960824636,95.12609026683842,99.48347718510865,true,false
10,20.0,157.74381533408732,97.64340916918229,9.81829551681227,4.264664076779766,153.68927396624105,163.50756948305332,94.90946297738587,99.17412705416564,false,false
10,20.0,150.53912853558313,98.10302611255298,9.6239493695156,4.062782515323931,146.70717725847464,156.33112662799024,95.46151595257507,99.524298467899,true,false
10,20.0,127.3510706783863,103.86541027658535,6.947935949816738,1.9248303887313511,124.55142121440322,131.49935716421996,102.58747568111313,104.51230606984448,false,false
10,20.0,150.81525373714004,98.0122577428574,9.840958008753177,4.033511388996914,146.71759329431117,156.55855130306435,95.48322923426792,99.51674062326484,true,false
10,20.0,155.64773726148405,103.1623439634671,9.198885111426733,4.404216910222459,152.00972638076115,161.20861149218788,100.26215204354865,104.66636895377111,false,false
10,20.0,146.82422224827712,99.44968355620269,10.480065778751225,3.6750069579700835,142.58406279094223,153.06412856969345,97.03221801072317,100.70722496869325,true,true
10,20.0,143.47090924016925,100.37974322388806,9.70572165327286,3.231236699277275,139.2886890135743,148.99441066684716,98.33060914784477,101.56184584712204,false,true
10,20.0,157.77933383308667,97.41817647782912,9.812031511309812,4.534720989105779,153.5230161984139,163.3350477097237,94.59690708105425,99.13162807016003,false,false
10,20.0,143.0234229488409,104.45015086779992,8.006582357421024,3.125962641116274,139.8101439232247,147.81672628064572,102.47890041717912,105.6048630582954,false,false
10,20.0,147.66546940937013,98.16530644933192,8.595537399274122,3.5945876385643203,144.15894586209845,152.75448326137257,95.86860173781662,99.46318937638094,true,false
10,20.0,147.855268058469,102.03080657290138,9.696623906859656,3.452364466758084,143.901806217339,153.59843012419864,99.85208231306912,103.3044467798272,true,true
10,20.0,152.35111497264808,103.53316818541599,7.973818920899191,3.9900602164610888,149.07641979876365,157.05023871966284,100.98534195265675,104.97540216911784,true,false
10,20.0,151.0739414753156,99.59975782530307,9.246231871489783,4.001204089751795,147.4271751330314,156.67340700452118,97.06563928832247,101.06684337807427,true,true
10,20.0,154.47653991822148,99.29751458752759,10.387194957763654,4.049261434323242,150.09748243845846,160.4846773962221,96.66508182551671,100.71434325983995,false,true
10,20.0,143.59095941641544,99.56410092768523,9.347003253431978,3.506227178191409,139.7715710305941,149.11857428402607,97.32309242397088,100.82931960216229,false,true
10,20.0,152.06640334897548,98.79421038509146,9.343956053329208,4.112915500105657,148.23841443495274,157.58237048828195,96.19774286690244,100.3106583670081,true,true
10,20.0,145.7431098478241,99.22251377318514,9.269162408638891,3.645564085954746,141.93858118159199,151.20774359023088,96.89037329220311,100.53593737815785,true,true
10,20.0,151.74687243534066,97.66451077892027,9.256124163467376,4.24381422582951,147.95636928697138,157.21249345043876,94.94409659969932,99.18791082552883,true,false
10,20.0,147.16188989606331,101.24172556771717,9.752282845724181,3.825085089799842,143.22931439359567,152.98159723931985,98.77073727854565,102.5958223683455,true,true
10,20.0,141.96088917241735,98.04384291248887,10.649536493477143,3.6002264565017867,137.5879415323315,148.23747802580866,95.7584339286897,99.35866038519148,false,false
10,20.0,150.90659818318187,100.58135629765395,9.390094941625591,4.222914230193254,146.9996229385954,156.38971788022099,97.9128737665938,102.13578799678706,true,true
10,20.0,146.8816207865833,105.87837460394437,9.342331346856014,3.4522810789790697,143.36212620671014,152.70445755356616,103.66821040666943,107.1204914856485,true,false
10,20.0,149.40069180731734,101.9992086130872,9.322050367230105,3.7176703855540723,145.55865465071273,154.88070501794283,99.64734038231487,103.36501076786894,true,true
10,20.0,149.49008653894384,98.33771648468723,9.128207048675222,3.720795518730455,145.80982772919927,154.9380347778745,95.95083625891886,99.67163177764931,true,false
10,20.0,140.36263277643934,98.64965311473372,9.106350919667477,3.168860746586418,136.62060698996783,145.7269579096353,96.56860631189149,99.7374670584779,false,false
10,20.0,149.79823693185347,105.62838373035605,8.387662442543672,3.735376459501907,146.26861827544053,154.6562807179842,103.28105109098404,107.01642755048594,true,false
10,20.0,141.6518278242143,100.68115973824308,10.166672265503138,3.409576530557402,137.50030968541026,147.6669819509134,98.5127490799929,101.9223256105503,false,true
10,20.0,159.05468394921937,100.56287461060535,10.034625031014286,4.439861496878493,154.9043176825505,164.93894271356478,97.76029293748188,102.20015443436037,false,true
10,20.0,156.38564127446256,102.34694310482034,9.362084731000152,4.381109256759146,152.36461070422249,161.72669543522264,99.54547688642322,103.92658614318236,false,true
10,20.0,153.2012647325243,97.68327471220343,9.064546362049725,4.03780244251044,149.50906479439493,158.57361115644466,95.12998289670035,99.1677853392108,true,false
10,20.0,144.30045756106296,101.22309146511184,9.156584741342812,3.759329635710685,140.48194716725425,149.63853190859706,98.84892711490707,102.60825675061776,false,true
10,20.0,152.26592465330043,98.40242929320871,10.95620457684251,4.094125164969157,147.68762224384918,158.6438268206917,95.80111917645934,99.8952443414285,true,false
10,20.0,156.82149685979925,97.87522887158656,8.93417819504623,4.079523812128585,153.06859119430732,162.00276938935355,95.1997606573881,99.27928446951668,false,false
10,20.0,151.71947860806918,97.85160530207254,9.383626905041837,3.723323068728348,147.73280777239503,157.11643467743687,95.5596648763684,99.28298794509675,true,false
10,20.0,134.57472378405527,99.21029775501884,8.26634598640942,2.663817783466982,131.34426387297955,139.61060985938897,97.51387744800996,100.17769523147695,false,true
10,20.0,153.57008026749588,100.98374451389972,8.765054186011213,4.155483957749709,149.80845075167161,158.57350493768283,98.33701718341264,102.49250114116235,true,true
10,20.0,153.26211220877641,98.0338808460124,9.714102841748684,4.237920023752125,149.2027009545252,158.91680379627388,95.33212284087982,99.57004286463194,true,false
10,20.0,150.5383134654537,100.01536881265673,9.68784583279762,3.823920230754794,146.69474295201246,156.38258878481008,97.59188357560978,101.41580380636458,true,true
10,20.0,154.52898928516777,101.15682030931256,8.871569632946915,4.166300067685427,151.01421010403922,159.88577973698614,98.48014926412918,102.64644933181461,false,true
10,20.0,153.17501593930922,100.51309270220817,8.86591853293703,4.084274174891718,149.66537211336117,158.5312906462982,97.87373408974311,101.95800826463483,true,true
10,20.0,144.29647405494865,101.48120404791442,7.862281147063527,3.2130900611749524,141.13045160912594,148.99273275618947,99.42189318739143,102.63498324856639,false,true
10,20.0,150.92991169142832,104.8625486491596,8.050924054000859,3.788799929045922,147.63086875065716,155.68179280465802,102.48964700668239,106.27844693572831,true,false
10,20.0,151.77647313531878,98.05149356351144,9.215868274701336,4.1944974327336695,148.00618195880133,157.22205023350267,95.40575586636777,99.60025329910144,true,false
10,20.0,153.55248603267498,97.36078964535056,9.428417695657458,4.345590947510729,149.53963354556652,158.96805124122398,94.56212189965755,98.90771284716828,true,false
10,20.0,145.5076258314002,103.66335824740524,7.894121904312129,3.2142970975219924,142.30252002736486,150.196641931677,101.59923753716467,104.81353463468666,true,false
10,20.0,153.42215093563755,100.2903038245226,10.22796125790444,4.215336483653161,149.20493032379053,159.43289158169497,97.61728547341764,101.8326219570708,true,true
10,20.0,151.2022385596374,98.60199336437805,8.441589287224048,3.917056082869294,147.63934689038211,156.08093617760616,96.0305811465746,99.9476372294439,true,false
10,20.0,149.19983152312614,99.83282134311858,9.40178167516342,3.9767358530236976,145.21484277584432,154.61662445100774,97.30460101268676,101.28133686571046,true,true
10,20.0,150.10508723858902,100.59779553640826,9.624908614614526,3.926034246196167,146.07979716762594,155.70470578224047,98.13797792524574,102.0640121714419,true,true
10,20.0,154.57892774225166,97.5509684077684,10.899444529214378,4.53604801579894,150.04398752428608,160.94343205350046,94.78659378059308,99.32264179639202,false,false
10,20.0,151.29331418372766,101.79611852561376,9.186432138143232,3.900918214911627,147.54517771316262,156.73160985130585,99.29313730242885,103.19405551734047,true,true
10,20.0,155.11446596657385,103.40152799459632,8.871918235423863,4.142488811402288,151.51279305721076,160.38471129263462,100.74337380274439,104.88586261414667,false,false
10,20.0,147.50107158436649,98.42715762291411,9.326570951394189,3.658299201859762,143.71822673307403,153.04479768446822,96.08808416057298,99.74638336243274,true,false
10,20.0,153.9974896359115,102.57593858141078,9.931179921723583,4.063075791529158,149.9120116231928,159.84319154491638,99.95446295686114,104.0175387483903,true,true
10,20.0,143.66839179180968,110.49107030213472,8.149505300816259,2.8261806041764572,140.41764009206855,148.5671453928848,108.67448450951917,111.50066511369563,false,false
10,20.0,151.13693611634275,100.61770920863722,8.507813735530704,4.135879297017894,147.75066014994655,156.25847388547726,98.01988926054331,102.1557685575612,true,true
10,20.0,150.11915932705875,98.44199898412586,8.54082551921249,3.8161939112304992,146.76469908713977,155.30552460635226,96.0310752238311,99.8472691350616,true,false
10,20.0,146.28245043432116,101.82041863903794,9.045530371534682,3.65959212552886,142.59067047040355,151.63620084193823,99.44813008179355,103.10772220732241,true,true
10,20.0,151.89681703594536,98.17832145837136,10.70698483698726,3.7656205453503873,147.45531352906033,158.1622983660476,95.76063412053662,99.52625466588701,true,false
10,20.0,144.4303583963108,105.31488943146942,7.611046042472907,3.2940620525698563,141.37238828760522,148.98343433007813,103.1889635705261,106.48302562309595,false,false
10,20.0,151.7630901376211,98.68724644336228,8.908019185404584,4.235833173966853,148.17543379069215,157.08345297609674,95.984377812773,100.22021098673986,true,true
10,20.0,154.49565023799346,101.01545983315465,9.818691492532224,4.249565371528945,150.24378772513856,160.06247921767078,98.26194228907626,102.5115076606052,false,true
10,20.0,148.55512244961716,103.00577581619953,8.81988459835486,3.705588334905002,144.90659376570642,153.72647836406128,100.57236125747333,104.27794959237833,true,false
10,20.0,152.91244080048114,98.99643389472888,8.997197154217929,4.259539690750017,149.23661365279813,158.23381080701606,96.37152336390086,100.63106305465088,true,true
10,20.0,155.92352035368216,99.04514992963246,8.1902460948356,4.191954625258759,152.51663501208736,160.70688110692296,96.37606430896388,100.56801893422264,false,true
10,20.0,147.4064238878462,105.78301933240033,8.39335831258515,3.9067772411815866,143.99896795548304,152.3923262680682,103.29329063928814,107.20006788046973,true,false
10,20.0,156.30322469134973,102.91830675042482,9.97652329515742,4.339384083841907,152.17130066283806,162.14782395799548,100.12900941525328,104.46839349909519,false,false
10,20.0,153.90454285865525,98.0481045387058,9.446993010452502,4.4693757393065425,150.0969374039044,159.5439304143569,95.22129770406187,99.69067344336841,false,false
10,20.0,155.7266005138984,97.5184761974403,10.646117619648663,4.221531797007017,151.23372992424424,161.8798475438929,94.79408182304606,99.01561362005307,false,false
10,20.0,154.16975276752186,101.8971830059774,9.967568612838164,4.030375131618285,150.07950809248857,160.04707670532673,99.32158878674221,103.3519639183605,false,true
10,20.0,155.99986503680213,109.06563581908713,8.413139941339864,3.8398084216444204,152.55853191222064,160.9716718535605,106.67430144696381,110.51410986860823,false,false
10,20.0,153.73433411977558,100.63048896589339,9.637061173279136,4.103949771683148,149.861610982042,159.49867215532115,98.11448310462109,102.21843287630423,true,true
10,20.0,159.06072880150157,102.65128519258616,10.409901242921421,4.5096064057508585,154.58808562106503,164.99798686398645,99.79596735233466,104.30557375808552,false,true
10,20.0,149.7879987343983,101.04892493178502,9.655019284477646,4.213163795127272,145.87640654083458,155.53142582531223,98.31062159412909,102.52378538925636,true,true
10,20.0,152.39673664839114,99.69651330035029,9.888091110086805,3.973197204765796,148.36551609073615,158.25360720082296,97.3744172303416,101.3476144351074,true,true
10,20.0,151.3437619758301,100.3242778242778,9.177911019700531,4.139673927591005,147.75029665860475,156.92820767830528,97.69551068262084,101.83518461021184,true,true
10,20.0,144.4425491734866,105.46703826291763,8.656641970779049,3.2665328301893766,141.00074086825373,149.65738283903278,103.36244663268928,106.62897946287866,false,false
10,20.0,133.17755810973114,99.55383249610367,8.308316647615271,2.8364540420204634,129.83251944860692,138.1408360962222,97.7086188327347,100.54507287475516,false,true
10,20.0,154.13442747433263,97.43935710588377,10.023994192204242,4.311587670444084,150.35590863965027,160.3799028318545,94.67529961554905,98.98688728599313,false,false
10,20.0,149.08208694111886,99.49266724844536,9.561892309027712,3.8587801085914606,145.11773697458364,154.67962928361135,97.09687140624057,100.95565151483203,true,true
10,20.0,153.39727513582096,103.9501516832307,8.40145630198873,3.803047159728038,150.01006146182664,158.41151776381537,101.56013709986777,105.36318425959581,false,false
10,20.0,136.85622619146278,98.84288101877144,8.09432825288539,3.1010760633648857,133.6118898882637,141.7062181411491,96.88001459144765,99.98109065481253,false,false
10,20.0,139.0107555028649,102.39311706646038,8.910672697967158,2.8870856538388523,135.25601987223212,144.16669257019927,100.52287090701256,103.40995656085141,false,false
10,20.0,153.59841788711566,98.14429742374827,9.292920465682187,3.908702373115446,149.52465016360236,158.81757062928455,95.661235411638,99.56993778475345,true,false
10,20.0,150.98030014807543,98.661261314526,9.558794753000939,4.028255820943443,146.92741611495518,156.48621086795612,96.1047508476621,100.13300666860555,true,true
10,20.0,151.0731942954223,100.54543667720463,9.03226060056565,3.857205306256347,147.4561185035255,156.48837910409114,98.1318537206996,101.98905902695594,true,true
10,20.0,155.52196028666634,100.66969135455912,8.077618673807905,3.907617063022485,152.23201452399522,160.30963319780312,98.25664202398423,102.16425908700671,false,true
10,20.0,154.2162745755777,100.53331648558483,10.003688050297256,4.044548066585534,150.12666220390534,160.1303502542026,98.00512318425196,102.04967125083749,false,true
10,20.0,156.7022866402773,97.63619943901027,8.59604548186502,4.414328342741001,153.09983636056688,161.6958818424319,94.87016996166655,99.28449830440755,false,false
10,20.0,157.11893003589887,99.50921271669236,9.569010891813093,4.748224952908217,153.15060465094717,162.71961554276027,96.42574632837587,101.17397128128408,false,true
10,20.0,155.21962291636785,105.40920252904549,8.803894893045452,4.031200322131738,151.66849534005627,160.47239023310172,102.83236458537073,106.86356490750246,false,false
10,20.0,158.06097480539114,101.41009738953312,9.64653430525371,4.752882581969132,154.05138560514067,163.69791991039438,98.35026793829599,103.10315052026512,false,true
10,20.0,144.10148253770444,98.26951755972688,10.887896116488434,3.4681519692511387,139.23144279979638,150.11933891628482,96.06655892451238,99.53471089376352,true,false
10,20.0,147.63972110439647,99.15299019558474,9.221955583838366,3.8541314435216094,143.9310033799561,153.15295896379448,96.70189316205366,100.55602460557527,true,true
10,20.0,156.99918713087848,97.40834767708951,9.143669479488494,4.264346018293793,153.1682797650632,162.3119492445517,94.75113988338703,99.01548590168082,false,false
10,20.0,156.80062167671946,100.9617259352041,9.547748454444104,4.581538439466939,152.96820011353012,162.51594856797422,98.02214338981202,102.60368182927895,false,true
10,20.0,154.081273727769,101.17645301050541,9.217503319692582,4.203186296140672,150.2704626936985,159.4879660133911,98.4833074704899,102.68649376663058,false,true
10,20.0,153.0024023236155,99.43979845908467,10.240083903802315,4.225922840383845,148.81545597157458,159.0555398753769,96.8150744041518,101.04099724453565,true,true
10,20.0,153.3511349570391,97.57744593324509,11.035661204858457,4.042070464766951,148.5477586041533,159.58341980901176,94.94572331403228,98.98779377879923,true,false
10,20.0,138.36238975051788,106.76196452081439,6.950898969325095,2.8601935636571056,135.68572628203245,142.63662525135754,104.89141103245416,107.75160459611126,false,false
10,20.0,147.58130425354065,101.56878613701596,8.906665864408978,3.603492156401103,143.84634115867303,152.753007023082,99.26010111193123,102.86359326833234,true,true
10,20.0,155.42799685064,100.24587363441722,9.18580731260451,4.148924865740739,151.71913840572748,160.904945718332,97.63157009524153,101.78049496098227,false,true
10,20.0,152.25716025901153,103.85761483318208,9.135810663778159,3.9432951272310532,148.36208961710793,157.49790028088609,101.38024160827158,105.32353673550263,true,false
10,20.0,150.57715034953134,97.39791333465178,8.228606521042337,4.142545286319034,147.34043944953066,155.569045970573,94.75478377993352,98.89732906625255,true,false
10,20.0,142.55857928717288,97.90387158188784,10.388769873459438,3.607163683018072,138.4287091232474,148.81747899670683,95.57087633061153,99.1780400136296,false,false
10,20.0,134.47066449747746,99.99953543712184,7.651417180364689,3.0143166998723245,131.49017170997305,139.14158889033774,98.04637801779239,101.06069471766472,false,true
10,20.0,155.6772026688548,102.30298610165417,10.550909237393853,4.229406511292055,151.40844266569547,161.95935190308933,99.57070124474302,103.80010775603508,false,true
10,20.0,153.62162594790763,99.28240692778013,9.589930680976295,4.1414788819675294,149.61063415782155,159.20056483879785,96.60432914177284,100.74580802374037,true,true
10,20.0,145.6908070288173,108.73477591721074,7.881371669226979,2.99516740588777,142.5017890137922,150.38316068301918,106.82758769243685,109.82275509832462,true,false
10,20.0,147.36729922760767,100.59481742514109,8.145977774288724,3.835856788174425,144.09382300827397,152.2398007825627,98.15690638134866,101.99276316952309,true,true
10,20.0,154.60543339163743,97.48734931798447,8.896276826770332,4.313631269066192,150.8447644278225,159.74104125459283,94.8340304547272,99.14766172379339,false,false
10,20.0,151.36829497516948,99.73313251157572,8.419979018573827,4.354257822119152,147.88874953191984,156.30872855049367,96.95743489577707,101.31169271789622,true,true
10,20.0,156.01372811775354,106.51288926720765,8.282003084854296,4.01956634656878,152.57888947437266,160.86089255922695,103.93988733125059,107.95945367781937,false,false
10,20.0,156.10142774848066,98.82871255847999,10.124528815028981,4.038398298628877,151.73161213602248,161.85614095105146,96.31163360620141,100.35003190483029,false,true
10,20.0,150.93403085956248,97.64973187035906,10.446387114735757,3.977500213304481,146.52972363026026,156.97611074499602,95.19661551191251,99.17411572521699,true,false
10,20.0,153.57324433680603,100.69760072431785,11.052626238461045,4.337365616663831,148.8129051696037,159.86553140806475,97.87179960103416,102.20916521769799,true,true
10,20.0,140.24934693291914,101.24314809096839,9.405285469514808,2.9832855544662067,136.4305646956187,145.8358501651335,99.33270600682427,102.31599156129047,false,true
10,20.0,153.5454844353988,105.20479562097933,8.900416128136953,4.127481409463769,149.89470616030167,158.79512228843862,102.61486264216205,106.74234405162582,true,false
10,20.0,151.46604302641555,100.90780922000201,9.483258980355004,4.134853550365364,147.57584906769833,157.05910804805333,98.28062839541141,102.41548194577678,true,true
10,20.0,146.0997635555703,101.42297235495218,10.28680961683321,3.4896206764523185,142.04699982336078,152.333809440194,99.19863859141603,102.68825926786835,true,true
10,20.0,154.88316213459677,98.46846729166452,9.770752074391652,4.061247507831297,150.69895572203095,160.4697077964226,95.88688245753598,99.94812996536727,false,false
10,20.0,135.75579061723573,100.42977325960709,8.78226052424344,2.903024843727195,132.03582306395126,140.8180835881947,98.58007581713339,101.48310066086059,false,true
10,20.0,148.74626325292303,99.97992078906478,9.748779083129648,3.9937340146902613,144.63001118772303,154.37879027085268,97.40522941730424,101.3989634319945,true,true
10,20.0,140.06549900012078,104.58221952302793,9.229749783147042,3.265477673712894,136.2988065523449,145.52855633549194,102.45810696667142,105.72358464038432,false,false
10,20.0,150.70974012032627,101.27208159439266,9.601560556485424,4.044296460574756,146.76173202246622,156.36329257895164,98.67493444543095,102.7192309060057,true,true
10,20.0,147.22966897185432,97.78666488293437,10.37154646200824,4.170575129548467,142.85325480159744,153.22480126360568,95.13619741557376,99.30677254512223,true,false
10,20.0,148.7411679929257,99.17375837111089,8.611429777519135,4.019587852252371,145.17930223067125,153.7907320081904,96.61535491442531,100.63494276667768,true,true
10,20.0,141.05719245589978,101.33710317779924,8.53010666168558,3.273059579496447,137.6684446719077,146.1985513335933,99.27901876718266,102.55207834667911,false,true
10,20.0,155.6928224616986,98.0054385241321,9.742118711926906,4.495029985623688,151.66199610150193,161.40411481342883,95.08752449359025,99.58255447921394,false,false
10,20.0,140.55739877817868,99.1676869074713,8.643736975931176,3.541870157152971,137.0124071809589,145.65614415689006,96.86446301559303,100.406333172746,false,true
10,20.0,152.89356527373218,99.97673733286703,8.589574039076354,3.907143882113317,149.328716962353,157.91829100142937,97.5176159850035,101.42475986711682,true,true
10,20.0,150.98554197724906,99.37987208886854,8.679998410754052,4.3054943329087365,147.47421613529266,156.15421454604672,96.63848143846778,100.94397577137651,true,true
10,20.0,145.12071362238896,99.67574788255781,11.29066320973547,3.3761535128024036,140.24164142405155,151.53230463378702,97.51947027280305,100.89562378560545,true,true
10,20.0,149.11621995521023,97.89647163904337,10.038763939775379,3.709656014748788,144.94358859263224,154.98235253240762,95.45132107743233,99.16097709218111,true,false
10,20.0,139.3944516641238,102.44966201397327,8.366996206493553,2.847711609029929,135.86415672668494,144.2311529331785,100.64981291890413,103.49752452793406,false,false
10,20.0,139.24252578329595,98.4364366533976,8.43870837316561,3.072646559073675,135.9115375801741,144.3502459533397,96.46366453597648,99.53631109505015,false,false
10,20.0,147.63118927278148,98.62585222831103,9.454180470260269,3.6257462404623197,143.60997563521522,153.0641561054755,96.31331018922148,99.9390564296838,true,false
10,20.0,146.1528288620336,99.36542313758807,11.11631477422398,3.6746259988837267,141.3244256087481,152.44074038297208,97.02313289734032,100.69775889622404,true,true
10,20.0,149.39898488778843,100.937034677599,9.375699753839513,3.7889976413081428,145.60255350745314,154.97825326129265,98.47072000368311,102.25971764499126,true,true
10,20.0,146.5004783604017,100.06697497038752,9.985209683645792,3.582752881093171,142.27730313993902,152.2625128235848,97.7901818893906,101.37293477048377,true,true
10,20.0,138.79911706136477,101.81781168047684,8.844749110574355,3.01961537974789,135.52976140337915,144.3745105139535,99.90757059247696,102.92718597222485,false,true
10,20.0,154.27824878528236,100.71002467580209,9.097865519327115,3.937678195828326,150.45272740931102,159.55059292863814,98.17775674666402,102.11543494249234,false,true
10,20.0,137.41622300263055,98.16322066424677,9.291792340893437,3.286497790264974,133.6743805128877,142.96617285378113,96.01437821252692,99.3008760027919,false,false
10,20.0,137.4875546336235,104.21914547554775,7.5916566975010085,2.6446353711703665,134.53302940921503,142.12468610671604,102.51497123703315,105.15960660820352,false,false
10,20.0,144.68011446489777,97.88411647513482,9.321019385615699,3.4718303441364924,140.9247700204845,150.2457894061002,95.65157849331845,99.12340883745495,true,false
10,20.0,153.41355821449937,99.80150896614178,10.922653026101756,3.9418707721421953,148.8937840783627,159.81643710446446,97.18347137323592,101.12534214537811,true,true
10,20.0,144.93308782513216,100.75414392311737,9.444176018691564,3.486700743879581,141.1842830067535,150.62845902544507,98.48646822557247,101.97316896945205,true,true
10,20.0,146.48765105618037,98.71836663057499,8.782226042327295,3.560022225280605,142.84085649047194,151.62308253279923,96.49556916777867,100.05559139305927,true,true
10,20.0,154.15616549460003,100.08443352538895,9.855482246599564,4.262322349225741,150.0609893450879,159.91647159168747,97.34231614567608,101.60463849490182,false,true
10,20.0,149.26089526069683,103.5970766495187,8.194205962415623,3.485112150762049,145.99219753281142,154.18640349522704,101.41785278759691,104.90296493835896,true,false
10,20.0,141.42955999413175,100.35049291577232,9.764977075130645,3.191443367523462,137.56763817327706,147.3326152484077,98.30954080495017,101.50098417247364,false,true
10,20.0,154.00166303186847,97.54578449056153,8.644807513676966,4.36106526132636,150.31005689765234,158.9548644113293,94.73675811925001,99.09782338057637,false,false
10,20.0,159.69866057933018,97.53268576420868,10.893281548524811,4.612436793711069,154.98109080425164,165.87437235277645,94.6185134679921,99.23095026170317,false,false
10,20.0,152.37382875656536,97.62995826562944,10.952140852577969,4.157772811017949,147.78789598841198,158.74003684098994,94.92319792297104,99.08097073398899,true,false
10,20.0,156.31996905399495,107.74776590338982,8.163188732168038,4.202724209973752,152.98561783719214,161.14880656936018,105.03329385714669,109.23601806712044,false,false
10,20.0,157.00293907878728,98.66825699423026,10.024147042073906,4.682240790154623,152.87152887696956,162.89567591904347,95.69635886685695,100.37859965701158,false,true
10,20.0,159.54679290384826,98.69096996765558,11.231040435610197,4.876136435632205,154.82741709509804,166.05845753070824,95.53461279262892,100.41074922826112,false,true
10,20.0,151.42701829866905,100.60472509203514,8.858389305505028,4.250737035786329,147.72846435109867,156.5868536566037,97.82289463977294,102.07363167555927,true,true
10,20.0,144.8889457872762,104.51464548457875,8.68055805205708,3.2024634602567232,141.4091922487467,150.0897503008038,102.48780086987621,105.69026433013293,true,false
10,20.0,151.44759256332406,100.16839955632707,8.863527253444289,3.7681238949008105,147.88923655867723,156.75276381212151,97.75389035874494,101.52201425364575,true,true
10,20.0,154.03485942649172,100.06609155036486,10.093547778559667,4.166844498562213,149.84569082140993,159.9392385999696,97.29456914182275,101.46141364038496,true,true
10,20.0,136.6366825252955,99.62426282315798,9.822008144975513,3.0156793410636595,132.40170867598556,142.22371682096107,97.72468676170196,100.74036610276562,false,true
10,20.0,131.89491162162477,103.87962090953901,7.998114628164842,2.4067266295070056,128.66489351672038,136.66300814488523,102.32118409025904,104.72791071976604,false,false
10,20.0,154.04910869278396,113.45140733936634,7.567988540690834,3.6455741761489264,151.00501281456917,158.57300135526,111.12360259518316,114.76917677133208,false,false
10,20.0,150.33327637069212,98.29007122774146,9.451637589429794,3.7324367661622233,146.39169796005257,155.84333554948236,95.9074242219165,99.63986098807872,true,false
10,20.0,153.52711610301125,97.50403284319,9.230853438190195,4.167771580752458,149.59413217112808,158.82498560931828,94.8695474943286,99.03731907508106,true,false
10,20.0,152.99205322900056,105.82836142153963,9.834795692570822,4.105271340966283,148.84751163647513,158.68230732904595,103.23194179832915,107.33721313929543,true,false
10,20.0,144.34637721331427,98.06264664513816,11.15720213429563,3.600690607248268,139.46331585758264,150.62051799187827,95.74676744977316,99.34745805702143,true,false
10,20.0,150.06859487931467,104.27096154664284,8.69446090384099,4.092270460171932,146.62999221949423,155.32445312333522,101.5772777552495,105.66954821542143,true,false
10,20.0,151.25580834223965,103.48030608842393,8.962925046896544,3.522048503026113,147.42998948188537,156.39291452878192,101.22787068378058,104.7499191868067,true,false
10,20.0,138.9615062438778,101.46623220738647,9.350643693883143,2.9249329688870915,135.25685668587678,144.60750037975993,99.60523322486075,102.53016619374785,false,true
10,20.0,151.2641055298164,101.38028032822314,9.03825393198619,3.5938904438568215,147.636298820854,156.67455275284019,99.09437309975438,102.6882635436112,true,true
10,20.0,137.80042136659864,100.51490854571489,8.893687037711175,2.967558383310106,133.99353739422168,142.88722443193285,98.56996333846534,101.53752172177545,false,true
10,20.0,155.70634062172383,99.59588537613116,9.725504893637805,4.307502382566099,151.6548492406892,161.380354134327,96.82050608193138,101.12800846449748,false,true
10,20.0,151.4311214242856,97.90854949769654,9.69372332077225,4.400402817764245,147.55706392212738,157.25078724289963,95.0901774942828,99.49058031204704,true,false
10,20.0,146.14059276891328,100.14582104485834,9.515851444356002,3.4471311183897058,141.95830924348698,151.47416068784298,97.98988698107165,101.43701809946135,true,true
10,20.0,145.2236222646995,97.8731650209333,9.395963447982325,3.8448563950831556,141.2969946369147,150.69295808489701,95.38051800954523,99.22537440462838,true,false
10,20.0,150.2156021091401,100.16597624433626,10.291751287019821,3.91632758180819,146.1039224602812,156.39567374730103,97.67556904637553,101.59189662818372,true,true
10,20.0,146.45945219302584,98.97560357913952,11.462133333080914,3.410723740905013,141.46284029242122,152.92497362550213,96.79743535036413,100.20815909126914,true,true
10,20.0,143.9494816960081,97.81010616340798,10.103370073784703,3.770514632581367,139.62988342088914,149.73325349467385,95.42232735515417,99.19284198773553,false,false
10,20.0,158.41429586418838,98.69509835242465,9.59593003731456,4.775818498730629,154.2901015678384,163.88603160515297,95.72931404154643,100.50513254027706,false,true
10,20.0,146.85413900638602,101.38125714616764,8.836964555906576,3.950696459588684,143.17667400759146,152.01363856349803,98.8379343954269,102.78863085501558,true,true
10,20.0,153.02388583621573,100.51272108291326,10.621180527118526,4.274074963444832,148.40196391016121,159.02314443727974,97.81364347880032,102.08771844224515,true,true
10,20.0,154.37709325649922,99.80248730771326,9.208289406075068,3.98862353982166,150.39223790371034,159.6005273097854,97.31751263193473,101.30613617175639,false,true
10,20.0,156.9576998682133,97.81547199575365,9.031613889828208,4.493165593805415,153.1953861181379,162.2270000079661,94.95797898143402,99.45114457523944,false,false
10,20.0,137.1971069033201,105.37787490268019,6.9692918480721175,2.608284091583826,134.45127082157933,141.42056266965145,103.72768858664024,106.33597267822407,false,false
10,20.0,145.57050981541974,98.91026211917614,10.874875420867369,3.4954221807650043,140.81518356222037,151.69005898308774,96.68592911328763,100.18135129405263,true,true
10,20.0,156.85563767614934,103.58432004342555,9.53963304996131,4.361105963298144,153.0616500364551,162.6012830864164,100.80947100089921,105.17057696419735,false,false
10,20.0,154.10468110925646,98.48042983758609,8.94851209900176,4.14245046384606,150.36117947799093,159.3096915769927,95.87015083598521,100.01260129983127,false,true
10,20.0,154.956682516964,106.17015906028278,9.836810159934544,4.0014646453468,150.9424776684613,160.77928782839584,103.64999008995267,107.65145473529947,false,false
10,20.0,154.6988736367012,97.44846490465731,9.91620805480133,4.24280457157478,150.3322003060806,160.24840836088194,94.81124596873632,99.0540505403111,false,false
10,20.0,143.44700587721235,99.50934565257526,8.710988075945608,3.2603815672925123,139.9511434174,148.6621314933456,97.46764361220008,100.72802517949259,false,true
10,20.0,153.27493886157993,101.81689590233839,9.161881598813466,3.9136077398046325,149.37057076526537,158.53245236407884,99.33533098599136,103.248938725796,true,true
10,20.0,144.92889941894236,98.31673823627592,8.784483703218342,3.6301667490417913,141.12157610155066,149.906059804769,96.04510559413714,99.67527234317893,false,false
10,20.0,154.35146779911548,99.69803082500732,9.60339706127371,4.090932046493151,150.4254105866461,160.02880764791982,97.06440568936104,101.15533773585419,false,true
10,20.0,151.15985252063786,99.15389265434179,9.121435530740456,3.905668490881041,147.44031556952038,156.56175110026084,96.69140329291098,100.59707178379202,true,true
10,20.0,148.18946853192318,103.82407208637765,10.50256499964118,3.6302491021566254,143.75777528145034,154.26034028109152,101.53183475828942,105.16208386044605,true,false
10,20.0,148.80506212421776,102.11538736965876,7.860581122475622,3.713171037412195,145.66705754169894,153.52763866417456,99.72725048216861,103.44042151958081,true,true
10,20.0,152.0417067190807,100.08982193511739,9.242335942178443,4.0373358738002025,147.9364402601272,157.17877620230564,97.50285869555665,101.54019456935686,true,true
10,20.0,153.7299548967708,104.23028380906288,9.016127572126408,4.0129573080771195,150.0345279596406,159.050655531767,101.65022373154953,105.66318103962665,false,false
10,20.0,152.15564792566698,98.88253145129774,10.577001349641705,4.024325903466803,147.655462247526,158.2324635971677,96.4153769017034,100.4397028051702,true,true
10,20.0,153.88223638357124,98.40214915815105,9.72983776924579,4.483688066429153,149.60298607449923,159.33282384374502,95.5782483121238,100.06193637855296,true,true
10,20.0,147.75803099309593,97.71009339991154,9.571633001740906,3.6629499419562705,143.71176795814645,153.28340095988736,95.41495134738949,99.07790128934576,true,false
10,20.0,153.2021669748469,99.13763638039615,10.339325993549977,4.096984416601444,148.72809369259636,159.06741968614634,96.49061643251163,100.58760084911307,true,true
10,20.0,154.40175152180598,97.74906685209956,10.09988512445969,4.457104052424484,150.22677365521608,160.32665877967577,94.90537915343779,99.36248320586228,false,false
10,20.0,154.26160533168982,98.9342365238424,9.690068553476124,4.106637567735348,150.29016975280837,159.9802383062845,96.34892376406546,100.45556133180081,false,true
10,20.0,146.4127752794987,100.11085391364404,9.102338953305008,3.6545798390829987,142.87069522657458,151.9730341798796,97.74061717052486,101.39519700960786,true,true
10,20.0,138.429801691029,98.50306095263825,9.747440600419736,2.9957283158922365,134.57208442694917,144.3195250273689,96.61610079328314,99.61182910917537,false,false
10,20.0,147.38636410210077,100.06027387980373,9.37806029551291,3.5904763393311327,143.46190701086795,152.83996730638086,97.71851224054083,101.30898857987196,true,true
10,20.0,150.00836278090372,101.47194032204048,8.34077236589178,3.787023257251505,146.5325677246741,154.87334009056588,99.04167143134777,102.82869468859927,true,true
10,20.0,145.49362078285782,99.2916770084774,10.557291010581736,3.4815711849115303,140.9879514466706,151.54524245725233,97.0432487108273,100.52481989573883,true,true
10,20.0,153.6550424590474,100.25876056995219,8.996028392896761,4.1780020218260745,149.90303751493997,158.89906590783673,97.51426620898701,101.69226823081308,true,true
10,20.0,152.729930014716,98.48015004130374,9.633360059947876,4.278636429841455,148.52857160045144,158.16193166039932,95.74956017576014,100.0281966056016,true,true
10,20.0,133.89729826723323,101.65460790166097,8.355360286943693,2.376916753233232,130.42215134998327,138.77751163692696,100.12546054453813,102.50237729777136,false,false
10,20.0,153.91489598807686,102.26394307557408,8.221412192911146,3.844971342729181,150.65478449109904,158.87619668401018,99.83017607753858,103.67514742026776,false,true
10,20.0,141.23156832463957,105.49908204189104,7.255646395239836,2.765556888907085,138.35274151623443,145.60838791147427,103.7787586095032,106.54431549841028,false,false
10,20.0,151.0834571639694,99.5176600593872,10.691617138317042,4.101130225246266,146.35205275486337,157.0436698931804,96.83161560013687,100.93274582538314,true,true
10,20.0,146.33709575668368,101.31401378184333,10.26241691993539,3.572764369147251,142.19217080550382,152.4545877254392,99.03923295526651,102.61199732441376,true,true
10,20.0,161.47971770788598,97.57586641785741,11.278326805263788,4.69870105297629,156.60924804682986,167.88757485209365,94.52676521492815,99.22546626790444,false,false
10,20.0,150.46718129187397,98.29129175836013,11.3295176203915,3.9501808656432758,145.68668302685356,157.01620064724506,95.76674522417828,99.71692608982156,true,false
10,20.0,148.7235226962132,99.19131805425464,10.63982999235148,3.9310406817313606,144.25310951963067,154.89293951198215,96.67687331879483,100.6079140005262,true,true
10,20.0,138.72900363252296,100.233769544094,9.193042315840984,3.0688780285947814,135.1302279430237,144.32327025886468,98.27678947333982,101.3456675019346,false,true
10,20.0,146.86644477696285,99.90342982373997,9.388068424218545,3.7046708403084523,142.93831283384313,152.32638125806167,97.54317199468761,101.24784283499606,true,true
10,20.0,152.2609137459239,106.41442743267835,10.090736838901535,3.680327409299082,147.86151434315633,157.95225118205786,104.06679496559106,107.74712237489014,true,false
10,20.0,149.67613116857254,98.34871799857461,9.302869645119586,3.8244769979725817,145.6892742105151,154.99214385563468,95.91103117139279,99.73550816936537,true,false
10,20.0,152.69551750539688,99.9579583153576,9.755908364187775,4.266681464696418,148.78955992711596,158.54546829130373,97.23041018635219,101.4970916510486,true,true
10,20.0,147.89469297438643,97.96438076336943,8.913285510006688,3.7098950964050488,144.32940686010915,153.24269237011583,95.68069477644242,99.39058987284747,true,false
10,20.0,157.26525248710632,98.7659682719206,9.773761872972017,4.477096512488757,153.18047790191895,162.95423977489097,95.85218934567392,100.32928585816268,false,true
10,20.0,149.33465422958926,104.80593559606635,9.31056091563292,3.8677971861116447,145.75296016520198,155.0635210808349,102.35359003555206,106.2213872216637,true,false
10,20.0,149.3015920609672,104.26541482521398,7.628748500119542,3.7822337779666952,146.3369235762307,153.96567207635024,101.87406961878557,105.65630339675226,true,false
10,20.0,149.2996262827245,99.24280174783485,10.27407841880435,3.8538143642945073,145.09852116001417,155.37259957881852,96.74742291215708,100.60123727645158,true,true
10,20.0,148.45675735687735,98.67858707231565,9.731443109934133,4.031181132087795,144.38871728634402,154.12016039627815,96.10241761380999,100.13359874589779,true,true
10,20.0,156.15147889974375,97.48444586125606,9.417931010340368,4.346940997337782,152.18001313684098,161.59794414718135,94.74663226249311,99.09357325983089,false,false
10,20.0,153.76080049234034,98.61952446065432,10.137487079269278,4.321468859802394,149.5529432684855,159.69043034775478,95.82808911846243,100.14955797826482,true,true
10,20.0,150.92724967831037,111.04330174716976,8.105433057383834,3.258710732878754,147.76665833196114,155.87209138934497,108.97465163738421,112.23336237026297,true,false
10,20.0,151.67495586786583,97.92740572829686,11.953871707676143,4.061790209048937,146.6049524838403,158.55882419151644,95.34939049855518,99.41118070760412,true,false
10,20.0,154.01879255375695,98.05278464930079,10.688150186197902,4.368447504508552,149.6099235593968,160.2980737455947,95.25721615800413,99.62566366251268,true,false
10,20.0,156.64423552081445,100.61396935260935,9.892071796430002,4.262090406745401,152.46727168419463,162.35934348062463,97.97691633365929,102.23900674040469,false,true
10,20.0,142.08944145238894,99.14483064987897,9.440068748726276,3.3338681586380687,138.12779778117732,147.5678665299036,96.99797398552633,100.3318421441644,false,true
10,20.0,142.86280056631892,100.25698746038564,10.342500562572354,3.444660470346264,138.6612196665156,149.00372022908795,98.01556890560758,101.46022937595384,false,true
10,20.0,153.16511545953983,111.88715203702611,8.001555116280002,3.7296467067262427,149.91988070446075,157.92143582074075,109.49944511787962,113.22909182460586,true,false
10,20.0,156.95759606998882,97.94711768907909,10.410413835847748,4.464816389931698,152.32992169601494,162.74033553186268,95.15066628863664,99.61548267856834,false,false
10,20.0,137.61423879888383,104.37091781464378,8.294179746637525,2.838140527092179,134.02352030983073,142.31770005646825,102.54901674366386,105.38715727075603,false,false
10,20.0,154.8617542711559,99.38113071044387,10.713856121887602,4.353029011982031,150.5140359831397,161.2278921050273,96.62762109284314,100.98065010482517,false,true
10,20.0,147.50101710825095,105.77347296747196,9.196639404730263,3.5977819625312577,143.60368698369177,152.80032638842204,103.54590203942894,107.1436840019602,true,false
10,20.0,151.92699244849757,98.10634482258239,8.621109350245689,4.151254239119453,148.3746282246562,156.99573757490188,95.49229041074929,99.64354464986874,true,false
10,20.0,154.10401717428113,97.8575967913699,11.01850569367923,4.663430495203414,149.26580984596484,160.28431553964407,94.86279281174993,99.52622330695334,true,false
10,20.0,143.98280556358387,105.12049178276243,7.884232119064222,3.3638842127159876,140.82699965367118,148.7112317727354,102.99774803776256,106.36163225047855,false,false
10,20.0,151.2938531764128,101.77419232834495,8.695235574310402,3.88241801908498,147.7319512106225,156.4271867849329,99.31172109026295,103.19413910934793,true,true
10,20.0,147.9527681447825,104.74177788906468,8.274631513757356,3.496076201458237,144.49651780792473,152.7711493216821,102.57587209724137,106.07194829869961,true,false
10,20.0,136.2726878584617,107.75296028432453,7.299466823223753,2.3953645303356694,133.17771445020824,140.477181273432,106.21901153316705,108.61437606350272,false,false
10,20.0,149.25459012259478,98.84527706997739,9.330765474616754,3.643920462115858,145.2189307950609,154.54969626967767,96.60851607622651,100.25243653834237,true,true
10,20.0,135.96834548495764,100.68617917115348,8.732598520282437,2.7721468572766383,132.34633484962134,141.07893336990378,98.95745674598176,101.7296036032584,false,true
10,20.0,154.98047719601934,98.59096773704287,9.558512905648428,4.681532719518685,150.9630048665979,160.52151777224634,95.68187594444342,100.3634086639621,false,true
10,20.0,153.98738587498138,99.49038953774283,9.249300220081267,4.30232939174401,150.22419105237023,159.4734912724515,96.76213248490464,101.06446187664865,false,true
10,20.0,137.21125712528743,101.55189303022777,8.31820359663189,3.0645002683555873,134.12268811426907,142.44089171090096,99.56724910980085,102.63174937815644,false,true
10,20.0,150.4824006102911,114.21084459985386,7.703409125624091,3.2824192641151626,147.2005200943924,154.9039292200165,112.05827213830017,115.34069140241533,true,false
10,20.0,145.83710505590773,99.66357724784402,8.574315547296663,3.6061006846452273,142.4235941222155,150.99790966951215,97.33846934602532,100.94457003067055,true,true
10,20.0,143.6125692609058,102.91492291915715,8.784897017659006,3.2267173692162032,139.9309445849632,148.71584160262222,100.91566238530328,104.14237975451948,false,false
10,20.0,146.0102682692218,100.62287012116573,9.852086585264061,3.553014568518364,141.91452242048206,151.76660900574612,98.35228348937794,101.9052980578963,true,true
10,20.0,142.19162952407532,105.56062323066715,7.534498860027469,3.0454660150213755,139.38509922040868,146.91959808043615,103.56932104933891,106.61478706436029,false,false
10,20.0,159.77523958586602,100.2539399894089,10.096313041384349,4.566632220420047,155.42277968815307,165.51909272953742,97.33905668351218,101.90568890393223,false,true
10,20.0,150.66268638321202,103.08938719743824,9.836032849457638,3.818384119033283,146.47168451415726,156.3077173636149,100.66997063965339,104.48835475868667,true,false
10,20.0,148.98889330753394,98.7969970683979,9.324164495172425,3.55101061632935,145.1439623161096,154.46812681128202,96.4911876664165,100.04219828274584,true,true
10,20.0,153.82886960770077,100.84846576328194,9.86068814741094,4.084261710984663,149.65364018970047,159.5143283371114,98.28776818635983,102.37202989734449,true,true
10,20.0,153.28237939397337,98.0493295459051,8.549027855688621,4.399367829021557,149.84473906007548,158.3937669157641,95.2714399986875,99.67080782770906,true,false
10,20.0,150.1004573502263,99.6665039959151,9.385404838373887,3.798148229557029,146.2303561673305,155.6157610057044,97.31601435759723,101.11416258715425,true,true
10,20.0,148.41281304597067,105.14525437432337,10.26798242327692,3.5128343736550676,144.21376687711845,154.48174930039536,102.85426053678532,106.36709491044039,true,false
10,20.0,156.80203892504707,97.98673552526998,10.214465877049008,4.325586628349214,152.69194177213146,162.90640764918047,95.24951187276992,99.57509850111913,false,false
10,20.0,150.86549672154754,99.64939564588254,8.490767301040108,3.8978412435724294,147.41354561175012,155.90431291279023,97.09403262506744,100.99187386863987,true,true
10,20.0,147.39730268275588,107.04315585839905,7.726150911546455,3.7550638777872365,144.39003393048893,152.11618484203538,104.56730985933555,108.32237373712279,true,false
10,20.0,154.061686275361,101.04627598844877,9.589945809811752,4.4920966248469085,150.1153472609792,159.70529307079096,98.11596041257462,102.60805703742153,false,true
10,20.0,150.2921522377361,101.5472037352223,9.322246111440904,3.915956642608478,146.6040665055697,155.9263126170106,98.99064957648896,102.90660621909744,true,true
10,20.0,142.35524049235897,98.88780095023873,9.216827697758362,3.338540037985794,138.5316494892779,147.74847718703626,96.7164780846684,100.05501812265419,false,true
10,20.0,156.03564439028207,98.085034603151,11.402922110062491,4.277040085761087,150.95474761142387,162.35766972148636,95.36484351399385,99.64188359975493,false,false
10,20.0,156.47002271469154,100.94031254020653,10.841801653435368,4.542425334350625,151.85626738837425,162.69806904180962,98.0177151995348,102.56014053388543,false,true
10,20.0,152.04372476661362,100.47740485871839,8.780978198143117,3.8279570530672657,148.4046280843666,157.18560628250972,97.9926907557865,101.82064780885376,true,true
10,20.0,140.08875928038654,112.11983204676334,5.758788653507509,2.306738136613049,137.77714537756054,143.53593403106805,110.71032672174597,113.01706485835902,false,false
10,20.0,151.16808484286304,104.32943109826542,9.715520408018222,3.810522364415931,147.20591390991626,156.92143431793448,101.86099476290943,105.67151712732536,true,false
10,20.0,137.0547209117886,108.03913967165388,6.984408829740005,2.69170421536856,134.30762058604466,141.29202941578467,106.26305390951899,108.95475812488755,false,false
10,20.0,146.82421782062957,107.41855284235979,8.55718265262496,3.6028227589049777,143.4085245841953,151.96570723682026,105.05606876927294,108.65889152817792,true,false
10,20.0,152.2765591863905,106.17291994203585,8.510218990796375,3.6667791113129056,148.8484022643138,157.35862125511017,103.82985497556325,107.49663408687616,true,false
10,20.0,142.3751326406226,99.87831498701198,8.044012166909624,3.260524143977605,139.22208520223796,147.2660973691476,97.80556928660243,101.06609343058004,false,true
10,20.0,141.2660206555152,98.5862376180556,9.768789377711641,3.0284991676691533,137.19770027568117,146.9664896533928,96.6304534896872,99.65895265735635,false,false
10,20.0,142.00162577996133,102.41042391757973,8.307048592958068,3.1628984416088173,138.734201629918,147.04125022287607,100.41693074723291,103.57982918884173,false,false
10,20.0,157.06847706966252,99.96599023480792,10.568416339987323,4.384305805810911,152.5418942135368,163.11031055352413,97.19868537942102,101.58299118523193,false,true
10,20.0,155.85298756079368,99.07563571456282,10.313657262456786,4.080063492972201,151.48429768931734,161.79795495177413,96.51759066399912,100.59765415697132,false,true
10,20.0,154.8073589616315,100.90029489749512,9.870277836230088,4.056315640253402,150.5723829301802,160.44266076641028,98.25203688985289,102.30835253010629,false,true
10,20.0,156.5197980552072,101.68443244415928,8.595366649626612,4.704523180741774,153.14083468136516,161.73620133099178,98.70535737405042,103.4098805547922,false,true
10,20.0,155.30662163126993,99.34526650763662,10.154955755684767,4.27231089715346,150.8934846263303,161.04844038201506,96.58070352336674,100.8530144205202,false,true
10,20.0,149.71817518975553,99.04944476744416,9.617501574347472,3.824541644289795,145.76277061633633,155.3802721906838,96.65742284928855,100.48196449357835,true,true
10,20.0,138.92500044288852,98.80508367531817,9.037437367160692,3.436198042948604,135.4465256345241,144.4839630016848,96.5142599257408,99.9504579686894,false,false
10,20.0,145.1472669052915,100.42773405280892,9.2478254547527,3.539770691955198,141.34099727030332,150.58882272505602,98.19562912109684,101.73539981305204,true,true
10,20.0,154.80808914844778,97.88436280732034,9.437695879464172,4.2695706790463674,151.04804363968935,160.48573951915353,95.23879632234193,99.5083670013883,false,false
10,20.0,155.5174143148642,98.66291193071208,10.13984843382903,4.218661831106701,151.3244297602896,161.46427819411863,95.95072921440291,100.16939104550961,false,true
10,20.0,142.927480226454,99.70741757300041,10.426128474764937,3.586934237013182,138.4843269868071,148.91045546157204,97.36248056961183,100.94941480662501,false,true
10,20.0,154.0113008663331,98.3190997985556,9.149468585448545,4.286412812251783,150.23328890977572,159.38275749522427,95.5829852429322,99.86939805518398,false,false
10,20.0,160.32243577250813,98.27897830681681,11.460929025561228,4.348143445931086,155.40273453805153,166.86366356361276,95.61515822565701,99.9633016715881,false,false
10,20.0,151.37551396675988,105.16989947772684,8.545984818876036,4.02393929009331,147.73301994211738,156.27900476099342,102.60238601157778,106.62632530167109,true,false
10,20.0,141.04239632132692,98.09088324938489,10.506016242548668,3.6290924094087558,136.73582021848713,147.2418364610358,95.80157264801036,99.43066505741912,false,false
10,20.0,157.12263322598227,98.28114149755768,9.250188238632177,4.305060358947472,153.37557491857677,162.62576315720895,95.53875308646343,99.8438134454109,false,false
10,20.0,155.2884460439239,98.29283827630664,10.50750325945532,4.418983579159658,150.50002362670418,161.0075268861595,95.46091479811898,99.87989837727864,false,false
10,20.0,149.22197256863709,106.46295849536176,7.666030866944169,3.7340774022040506,146.06301682539294,153.7290476923371,104.03698336398273,107.77106076618678,true,false
10,20.0,153.81113426045135,108.80549880173615,8.29046744913029,3.83773696351264,150.42095375563116,158.71142120476145,106.31955053731872,110.15728750083136,false,false
10,20.0,141.54545137717716,101.53441819812123,8.314132413386034,3.7353383992049345,138.0644681572928,146.37860057067883,99.08163096965521,102.81696936886014,false,true
10,20.0,145.75191125037918,100.48397374933523,9.924509890832752,3.4560131263803413,141.72138582042655,151.6458957112593,98.28756106414423,101.74357419052457,true,true
10,20.0,141.8115594056648,107.60948776130806,6.548197763939129,2.8325540584124838,139.09171700783276,145.63991477177188,105.7885617605269,108.62111581893939,false,false
10,20.0,158.28802537625484,99.99381998888947,10.258575965118581,4.72137258307194,153.8070869835873,164.0656629487059,96.9895115776609,101.71088416073285,false,true
10,20.0,141.2239307933746,100.09792216665045,8.05184821613625,3.200380737351452,138.05438747798345,146.1062356941197,98.0991435473052,101.29952428465666,false,true
10,20.0,150.23195705427034,98.94371168032117,9.097458263214207,4.1660955632717105,146.58033289963117,155.67779116284538,96.30257270963055,100.46866827290226,true,true
10,20.0,143.26402916445016,98.1065106946445,10.412945422354227,3.707365940215581,138.83753568251362,149.25048110486784,95.74228755649517,99.44965349671075,false,false
10,20.0,153.82363105384246,103.40123030622057,8.698898311000221,4.067632874080445,150.17992156325624,158.87881987425646,100.8310869483535,104.89871982243395,false,false
10,20.0,145.97035285199755,98.28857102083714,9.910831756519059,3.6058622816379824,142.0580095481897,151.96884130470875,95.96203029350714,99.56789257514512,true,false
10,20.0,146.75034062966043,98.80504291976914,10.379964967293034,3.9971609625666673,142.60411986004132,152.98408482733436,96.23405460483205,100.23121556739872,true,true
10,20.0,144.63718308039824,98.30919501191781,8.86392455873795,3.5436107805640376,141.0632453743113,149.92716993304924,96.05937275506656,99.6029835356306,false,false
10,20.0,149.49253677817242,101.70863241875665,8.975086255846776,3.6041553720776562,145.978955679562,154.95404193540878,99.42056341437022,103.02471878644788,true,true
10,20.0,156.5256328386377,103.14100153548165,8.817094125933664,4.423941284043096,152.75731937756169,161.57441350349535,100.34772374758501,104.7716650316281,false,false
10,20.0,154.8299509800979,100.72424027272203,8.96025227632552,4.247901444049688,151.1827001097017,160.14295238602722,98.02066336124568,102.26856480529537,false,true
10,20.0,154.52606917316066,99.90252796374192,9.530889416788227,4.074782441896133,150.48343622566608,160.0143256424543,97.34818854678275,101.42297098867888,false,true
10,20.0,150.91864710429215,99.85090373840373,9.10647926028949,3.895859722456734,146.98537111005407,156.09185037034356,97.38385734143222,101.27971706388895,true,true
10,20.0,142.58984201709563,102.23834472904204,7.508827441016848,3.1568850960364045,139.54969510390924,147.0585225449261,100.22874487197777,103.38562996801417,false,false
10,20.0,148.10680416990402,100.00663436401645,9.519759299638878,3.9135903103247216,144.30140110927348,153.82116040891236,97.48829874247485,101.40188905279958,true,true
10,20.0,146.35454869049602,100.70640391506436,8.83117267984494,3.6919926896482735,142.75716037564212,151.58833305548706,98.35849228632082,102.0504849759691,true,true
10,20.0,152.3212684645435,98.45914974533116,9.868929680298237,4.096227825632198,148.1348233709033,158.00375305120153,95.88219998112241,99.97842780675461,true,false
10,20.0,144.4739892120971,98.08454876702248,11.403003892464767,3.479192097918798,139.62604116263827,151.02904505510304,95.86397353953845,99.34316563745725,true,false
10,20.0,152.92363064700052,100.06327923844302,8.459680704341764,4.334404452780888,149.5477061197571,158.00738682409886,97.31729458127245,101.65169903405334,true,true
10,20.0,150.82344160725015,102.23891051577831,9.856068922176462,3.7959640574089235,146.45480925857157,156.31087818074803,99.7967283399263,103.59269239733523,true,true
10,20.0,150.10504400389368,103.67810009206363,10.290568865788998,3.591944054509213,145.84858500427154,156.13915387006054,101.36558438916374,104.95752844367296,true,false
10,20.0,155.3817092773952,102.54168372938645,8.578076145989712,4.346067587168548,151.89476288058535,160.47283902657506,99.79452113111668,104.14058871828523,false,true
10,20.0,147.778932809161,99.5969675045441,9.33492046910223,3.6490533822400693,143.79627940065419,153.13119986975641,97.27381653554795,100.92286991778802,true,true
10,20.0,148.1474466983857,101.69195127351526,9.217357985953583,3.640762377203856,144.47695044838542,153.694308434339,99.38637377638102,103.02713615358488,true,true
10,20.0,152.96055979372366,98.37088761120951,9.459039672046288,4.172769108331892,149.11174170584746,158.57078137789375,95.67053196915268,99.84330107748457,true,false
10,20.0,153.25513589670396,97.55202312208955,10.832851825313412,4.2680131883734305,148.66304784806087,159.49589967337428,94.79756396208244,99.06557715045587,true,false
10,20.0,154.6290277600765,97.4263311649832,8.853597631192798,4.2799084246858285,150.9093818367075,159.7629794679003,94.77004473457387,99.0499531592597,false,false
10,20.0,124.74537652043801,101.25313055103871,6.613175255900771,1.7656612662061377,122.183566993106,128.79674224900677,100.11903461906856,101.8846958852747,false,false
10,20.0,146.2615295997345,97.7413854634525,9.641022819164732,3.8029825062493643,142.50689624926596,152.1479190684307,95.34141289135164,99.144395397601,true,false
10,20.0,146.75370486488563,99.62156810300034,9.616425730183721,3.7067225918346907,142.73411423294573,152.35053996312945,97.29031731065325,100.99703990248794,true,true
10,20.0,141.35085719893684,111.32906624774334,6.2681404266890866,2.517906142790423,139.05073133766487,145.31887176435396,109.6774311761868,112.19533731897722,false,false
10,20.0,143.01357041922498,104.91818745137299,6.807743345100022,3.1608641305796397,140.32954051718497,147.137283862285,102.91278347555316,106.0736476061328,false,false
10,20.0,152.20523132658204,102.26665144630206,10.011023116944955,3.8613760609229786,148.2278015965372,158.23882471348216,99.77997752153657,103.64135358245954,true,true
10,20.0,155.34889402282477,97.9060190630429,9.242766569116242,4.230704429656626,151.6361514374522,160.87891800656845,95.20289763757862,99.43360206723524,false,false
10,20.0,135.78244442873643,98.614665794225,7.607796050830871,2.88639762544085,132.84119727297775,140.44899332380862,96.79748564438205,99.6838832698229,false,false
10,20.0,156.6042203430425,101.62660302687638,8.05981779990509,4.299092927865374,153.26562363612646,161.32544143603155,98.8568130748268,103.15590600269218,false,true
10,20.0,146.77183461410465,97.89275191057347,8.37740350629548,3.949065003639433,143.28400307021928,151.66140657651476,95.34027350363851,99.28933850727795,true,false
10,20.0,154.23573503054607,102.49181806204963,9.952899534366395,3.9918748507830486,150.19178980281583,160.14468933718223,99.96735971009338,103.95923456087642,false,true
10,20.0,147.01455449183777,100.66178065933744,8.777996637332706,3.6185074245508986,143.3330834612376,152.1110800985703,98.38479111494993,102.00329853950083,true,true
10,20.0,156.71797021715238,105.4691913283465,9.205775912709782,3.908939817739906,152.85809996903635,162.06387588174613,102.96743009487497,106.87636991261488,false,false
10,20.0,153.5993890902707,98.2080752487964,9.401253716655447,4.151063142652831,149.60377901876234,159.00503273541779,95.51624747923385,99.66731062188668,true,false
10,20.0,148.22656878070336,101.80286714858275,9.711554816296683,3.4744421662160505,144.34090058469866,154.05245540099534,99.61539078032897,103.08983294654502,true,true
10,20.0,143.67771796033122,108.80864033737052,7.306085753952004,3.181287689082609,140.8432562874797,148.1493420414317,106.71349340416104,109.89478109324365,false,false
10,20.0,147.78643135407304,104.70370355922081,8.210079380029015,3.5699024715727745,144.57327109264307,152.78335047267208,102.48354262616735,106.05344509774012,true,false
10,20.0,146.4595253271769,98.71358200680993,9.038324250986449,3.5729530620663184,143.12321434736205,152.1615385983485,96.39660027124091,99.96955333330723,true,false
10,20.0,141.61597880129926,100.21554273578431,8.487233232374024,3.043212666407584,138.2480000255624,146.73523325793641,98.24528917633936,101.28850184274694,false,true
10,20.0,148.74062590194995,107.8637364278178,8.886068935416915,3.4535944675869814,145.07404300373494,153.96011193915186,105.65518209652876,109.10877656411574,true,false
10,20.0,158.35857082906193,100.40429345142948,9.611020979633935,4.890919345242281,154.1549902097108,163.76601118934474,97.24876237722525,102.13968172246753,false,true
10,20.0,156.07968132590253,98.13184675749427,10.945177126147371,4.264796777749098,151.3712948174974,162.31647194364476,95.37807967425603,99.64287645200513,false,false
10,20.0,150.69440491365233,104.46757364056634,9.254452890970953,3.9643145771979533,147.00731137532844,156.2617642662994,101.8676010886865,105.83191566588445,true,false
10,20.0,153.22435447025978,98.17978093381134,10.93180882506158,3.8552955377533493,148.48872447481864,159.42053329988022,95.76858968920584,99.62388522695919,true,false
10,20.0,156.9581645626233,102.99519629233467,8.278549489583952,3.863922435737038,153.5873822952595,161.86593178484344,100.53375413985897,104.39767657559601,false,false
10,20.0,146.1176258848428,99.9316531402174,8.02633157434687,3.793687263672865,142.9012582216564,150.92758979600328,97.48116350144994,101.2748507651228,true,true
10,20.0,146.55786207249707,97.80319704539161,9.032622012687938,3.7542659924507404,142.8754952800689,151.90811729275683,95.42896966773287,99.18323566018361,true,false
10,20.0,137.72045696425153,101.61984081008272,8.71349878471537,2.7957283654037894,134.12504001299172,142.8385387977071,99.83487833154769,102.63060669695147,false,true
10,20.0,138.4246316068265,101.26385692615477,8.681453853428707,2.9517916466930387,135.02585029826963,143.70730415169834,99.40605397589961,102.35784562259265,false,true
10,20.0,158.74329171612564,100.88887253243537,10.51791816955182,4.1039520101679585,154.3230238682088,164.8409420377606,98.23161414337454,102.3355661535425,false,true
10,20.0,157.21013561137886,97.80561388846978,9.190363258828398,4.462657950843379,153.35546164746572,162.54582490629411,94.91499590589623,99.37765385673961,false,false
10,20.0,155.95556185189915,97.61077861944506,9.231759061970479,4.519664008761495,151.81942325965002,161.0511823216205,94.78591770916464,99.30558171792613,false,false
10,20.0,150.9303502250911,102.74688766195064,8.65503373423843,3.885174188120743,147.46408553257314,156.11911926681157,100.2407571144364,104.12593130255715,true,false
10,20.0,150.03709426348735,98.61943627032026,11.05515612275795,3.7201478265401136,145.44519876526977,156.50035488802772,96.21380662259142,99.93395444913153,true,false
10,20.0,134.78560490060522,99.4617279979765,9.408905258672547,2.704433231466737,131.23531200757475,140.6442172662473,97.73289164034081,100.43732487180755,false,true
10,20.0,156.43353537591508,102.75964487324751,9.259879335805806,4.457064856638908,152.70439780051717,161.96427713632298,99.9268242802764,104.38388913691531,false,true
10,20.0,143.97266959671737,101.23491203814021,8.039557744082117,3.409648067313043,140.7883102252435,148.8278679693256,99.10198779870288,102.51163586601592,false,true
10,20.0,144.78059709072227,98.78861288957967,10.230412526272318,3.370072726403805,140.51887476581683,150.74928729208915,96.68084041317941,100.05091313958322,true,true
10,20.0,152.7619939226625,102.58196859038227,10.966025432102555,4.029062520912532,148.10275401574106,159.0687794478436,99.98158465669988,104.01064717761241,true,true
10,20.0,153.23139275535829,99.15198832734038,9.179117136330973,4.313735073286523,149.7394142234922,158.91853135982316,96.43646325988651,100.75019833317303,true,true
10,20.0,148.92790540888387,101.63179894446033,9.791397562528743,3.522499231168794,144.7598570475798,154.55125461010854,99.4474692428038,102.9699684739726,true,true
10,20.0,134.14665290108047,101.72985041143471,7.717686954170318,2.698463609051416,131.01832867735757,138.7360156315279,99.98441856883841,102.68288217788982,false,true
10,20.0,148.93513234350968,97.84579253939387,10.010509267263473,3.7574778337570933,144.79486647005342,154.8053757373169,95.49339002938164,99.25086786313874,true,false
10,20.0,148.90870372569884,99.89695416566514,9.612526064413885,3.6463423018310124,144.69837137310424,154.31089743751812,97.59103713857381,101.23737944040482,true,true
10,20.0,143.90173358782818,99.50384805486632,10.60841998035471,3.5053094943507546,139.6622611752979,150.27068115565262,97.30472432168317,100.81003381603392,true,true
10,20.0,137.29310342512318,104.72509180949942,7.923548738110725,2.8157742099540997,133.90135817165822,141.82490690976894,102.95429144538764,105.77006565534174,false,false
10,20.0,158.05475255256817,98.45884482751,10.477662272129777,4.680774836886599,153.6281309496887,164.1057932218185,95.45645070835644,100.13722554524304,false,true
10,20.0,139.5497960765872,98.71913416675633,9.789023930972292,3.2204915597105526,135.38305719167363,145.17208112264592,96.71414031927152,99.93463187898207,false,false
10,20.0,149.7714156605505,104.20884690521471,8.593644740040475,3.665256581217065,146.08935626966368,154.68300100970416,101.88057082108239,105.54582740229945,true,false
10,20.0,154.7766169034832,106.15099923380333,8.342952721231825,3.9659122133401468,151.2887982237097,159.63175094494153,103.61816477275552,107.58407698609567,false,false
10,20.0,146.88321408673485,99.19467663663386,8.880050569288954,3.7179525216512133,143.3109798696582,152.19103043894717,96.84633250880734,100.56428503045855,true,true
10,20.0,155.55519126908393,97.73165689231358,9.230083629139756,4.5569825833742215,151.77865176159008,161.00873539072984,94.78372758640914,99.34071016978336,false,false
10,20.0,147.26594838484212,108.04087314887994,7.327248049204769,3.385966246256473,144.363800843666,151.69104889287078,105.91836419115585,109.30433043741232,true,false
10,20.0,145.49539663344405,97.79253166937214,9.520778526753759,3.754989870774338,141.55819185689063,151.0789703836444,95.39900662599887,99.1539964967732,true,false
10,20.0,155.11171977276086,99.42020474909619,9.366837060986,3.865064139940614,151.33306475829454,160.69990181928054,96.97437143538673,100.83943557532734,false,true
10,20.0,152.92649431041914,108.860485373459,9.062538614907112,3.7710002622161483,149.2057349118982,158.2682735268053,106.48191568005839,110.25291594227454,true,false
10,20.0,152.25970226660138,102.25656311190697,7.9870857909996005,4.117775644267184,149.14300363257124,157.13008942357084,99.61029405093296,103.72806969520015,true,true
10,20.0,151.4595087707882,104.29902181035263,9.27667348147284,3.9038409238769987,147.68017541298565,156.9568488944585,101.71460517456575,105.61844609844275,true,false
10,20.0,148.13774780676587,101.58101412933186,9.11813632637589,3.7181843019592407,144.39764680006348,153.51578312643937,99.2296365389681,102.94782084092733,true,true
10,20.0,151.12425602659647,100.33097508028908,9.389145498657513,3.858506792531557,147.26470229256125,156.65384779121877,97.89845827779367,101.75696507032522,true,true
10,20.0,143.80400439910863,110.75766292514322,6.437622958295378,2.8025151407581745,141.32249129551417,147.76011425380955,108.97549839184366,111.77801353260183,false,false
10,20.0,151.62364432222714,99.22387971125715,9.628418582777584,4.057898349031319,147.7073299917643,157.3357485745419,96.64182216167595,100.69972051070727,true,true
10,20.0,147.97564775074343,100.96494763987026,7.994872729953443,3.5580156516388683,144.8717259807658,152.86659871071924,98.65233205548694,102.2103477071258,true,true
10,20.0,154.08175580441775,102.69966446083649,9.672378745527965,4.019996392023984,150.2200847144212,159.89246345994917,100.13283014993688,104.15282654196086,false,false
10,20.0,138.08599656872445,99.30705161014941,9.390857437497601,3.217231482510556,134.291262307173,143.68211974467062,97.26252104037987,100.47975252289042,false,true
10,20.0,146.66602057160404,105.03481179732545,10.013248703430918,3.364923452070542,142.48239272626273,152.49564142969365,102.89166187667703,106.25658532874758,true,false
10,20.0,118.32481039561684,99.44841055812095,5.05267793841935,1.6280477569079608,116.41531339732866,121.46799133574801,98.37631104975594,100.0043588066639,false,true
10,20.0,144.47729212387827,101.2301972840354,8.99986950020076,3.3929711585400213,140.8433294724248,149.84319897262557,99.0198937984716,102.41286495701162,false,true
10,20.0,149.4958843161985,99.98002902986762,10.069760176915025,3.7011095096195845,145.24552106398983,155.31528124090485,97.68060322704247,101.38171273666205,true,true
10,20.0,148.50103095289535,103.07366070837143,9.578312504113939,3.641733110645305,144.50574171568576,154.0840542197997,100.74713233696458,104.38886544760989,true,false
10,20.0,147.11079666458357,99.21874347315406,10.000830518427335,3.762589976711695,143.0844809163164,153.08531143474374,96.7612793469135,100.52386932362519,true,true
10,20.0,155.79064754998987,100.19255877195361,9.670400159766217,4.471108429375846,151.9486274734504,161.6190276332166,97.30477435268028,101.77588278205613,false,true
10,20.0,153.96523738746268,101.94814609234058,8.011479479699574,4.189319638269723,150.640198908803,158.65167838850257,99.2755584873976,103.46487812566733,false,true
10,20.0,155.13174504606616,103.55907235938001,9.371087851660945,4.155022986758695,151.40431292042678,160.77540077208772,100.89208266534649,105.04710565210519,false,false
10,20.0,151.48530304364698,99.36604191356761,10.45053676901739,4.176205186254023,147.04358055115043,157.49411732016782,96.68649222867732,100.86269741493135,true,true
10,20.0,147.50050386866934,100.10001572698343,9.585676382385913,3.5558527748040802,143.64588670700434,153.23156308939025,97.7894965848099,101.34534935961398,true,true
10,20.0,160.63217833739105,100.2688919365897,11.324912356493968,4.594670559424657,155.71471639139352,167.0396287478875,97.32039664208945,101.9150672015141,false,true
10,20.0,160.4706803841421,99.36412345305952,11.654712747007295,4.290964274395833,155.41934924494726,167.07406199195455,96.61270647177616,100.903670746172,false,true
10,20.0,142.1905328666411,100.97824188593499,9.62841070338871,3.451652682954517,138.15745895540587,147.78586965879458,98.7593805636105,102.21103324656502,false,true
10,20.0,150.85032418011605,97.99627695599649,10.51620788886629,4.305896587962252,146.4588678789856,156.97507576785188,95.21994169265088,99.52583828061313,true,false
10,20.0,157.29173446134226,104.60232798221661,9.297473567841735,4.436027738175241,153.4898654684027,162.78733903624445,101.75900751909394,106.19503525726918,false,false
10,20.0,140.48286139127538,99.14368474138723,10.141189037183437,3.2130969391767366,136.29118447223067,146.4323735094141,97.09055721567141,100.30365415484815,false,true
10,20.0,154.26265217522084,97.47117806742898,9.723077510297372,4.245318754177177,150.26924112182132,159.9923186321187,94.73440888174906,98.97972763592624,false,false
10,20.0,138.69209061308447,99.16268276166682,8.549940079788257,3.086302189352864,135.2571901000873,143.80713017987557,97.20971709486054,100.2960192842134,false,true
10,20.0,138.0447501175813,98.99087784441085,9.132436604033927,3.3400875653691315,134.22693657467738,143.3593731787113,96.87645816973797,100.2165457351071,false,true
10,20.0,156.54465889330623,99.51232057018474,10.397687128614791,4.207300648426667,152.12643814789868,162.52412527651347,96.8683973201284,101.07569796855506,false,true
10,20.0,155.2433117115115,97.63967996759322,10.133200523011965,4.249002571524045,150.90598609303868,161.03918661605064,94.96235566624856,99.2113582377726,false,false
10,20.0,151.8859323551366,97.57106757885981,10.607250109615052,4.014784995527975,147.37635417267884,157.9836042822939,95.01129272355728,99.02607771908525,true,false
10,20.0,152.51648972354474,98.07241659999171,9.017532159361593,4.130323871936028,148.68707231704747,157.70460447640906,95.44146744197717,99.5717913139132,true,false
10,20.0,152.37353250848193,98.37382547362651,11.269651355521574,4.165812092308144,147.51188371917314,158.78153507469472,95.75697389483291,99.92278598714105,true,false
10,20.0,149.3710081178038,100.86742036858766,9.06275545554584,4.017007000814331,145.53317836623924,154.59593382178508,98.3024220149108,102.31942901572513,true,true
10,20.0,134.07626743282842,101.6561736282583,7.696018487473225,2.5328179948942875,130.95368981199928,138.6497082994725,100.04986062999768,102.58267862489197,false,false
10,20.0,147.49279636051637,100.05187952358327,10.69715207731906,3.4263722184579137,143.17865390376906,153.87580598108812,97.89553537456455,101.32190759302246,true,true
10,20.0,139.8223858783267,99.32253987233963,8.322634591801005,2.9881069190122957,136.30552945982558,144.62816405162658,97.39018716397962,100.37829408299191,false,true
10,20.0,148.97989154437516,103.1257287052547,10.170603356653174,3.5111170293711496,144.6663867920578,154.83699014871098,100.87054560649163,104.38166263586278,true,false
10,20.0,139.75560749419088,100.58693151973277,8.899168423487254,3.055913326177375,136.0995981133742,144.99876653686147,98.60381469107355,101.65972801725093,false,true
10,20.0,152.96936189483506,100.01561178418058,9.53171967280565,4.002474248463841,149.003295228764,158.53501490156964,97.44957068065858,101.45204492912242,true,true
10,20.0,149.8171169813989,98.33047404868023,8.752381946961407,3.9074397924013056,146.24491236207018,154.9972943090316,95.89986978667679,99.8073095790781,true,false
10,20.0,155.55995558430573,102.49638192993129,10.393322894038533,4.059157821929389,151.15717476254153,161.55049765658006,99.8967089772382,103.9558667991676,false,true
10,20.0,155.81245169126538,99.75749699124638,9.756335236898195,4.369494783697576,151.65649646964843,161.41283170654663,97.05595424175104,101.42544902544861,false,true
10,20.0,155.5309621070749,107.50413441022121,10.162854120032137,4.379654217434691,151.0504659353357,161.21332005536783,104.76092239841962,109.14057661585431,false,false
10,20.0,153.87430466952532,102.51886894776497,9.56644811405181,4.042069456296119,149.9378690460414,159.50431716009322,99.96114964872162,104.00321910501773,true,true
10,20.0,152.23697438222644,98.71524698705797,10.858912736369973,4.121785117434001,147.63777178505882,158.4966845214288,96.04176932137757,100.16355443881157,true,true
10,20.0,146.82901159472812,98.97377025852977,9.056283961733328,3.6610268055312076,143.2705292405585,152.32681320229182,96.69240232330576,100.35342912883696,true,true
10,20.0,144.92045448348546,101.03095807910879,10.31617983577172,3.593998951740147,140.56314201534133,150.87932185111305,98.70150882371289,102.29550777545303,true,true
10,20.0,150.96315243616013,97.5724512404557,8.839124005725779,4.173016101904992,147.31612504108392,156.1552490468097,94.93201999802098,99.10503609992597,true,false
10,20.0,152.24169519895804,106.23670865809743,8.856530342702058,3.8027365904036543,148.5983610192609,157.45489136196295,103.89247793937272,107.69521452977638,true,false
10,20.0,157.04074206805834,100.07200360778904,9.283891297625473,4.283068132448008,153.10218499636244,162.3860762939879,97.33129993867541,101.61436807112342,false,true
10,20.0,145.54577702100335,100.56886469620963,7.943215361586283,3.7259501978040817,142.3653572015914,150.30857256317768,98.2381838536836,101.96413405148768,true,true
10,20.0,142.42400919277833,103.13627367358343,8.445049096872737,3.225321058599377,138.9905164685993,147.43556556547205,101.07004929266103,104.2953703512604,false,false
10,20.0,153.49583758227982,99.38300390363412,9.142150832102004,4.4128106210635565,149.6836870215508,158.8258378536528,96.54263875531561,100.95544937637916,true,true
10,20.0,139.4204225804261,99.69844745024598,9.459897186072595,3.5099357386626764,135.62941528974275,145.08931247581535,97.47357003447566,100.98350577313833,false,true
10,20.0,154.57100221903355,105.25083114282535,8.583055840530534,4.205629325049642,151.0222936786947,159.60534951922523,102.56610268725046,106.7717320123001,false,false
10,20.0,152.68885850437772,103.69856908416513,9.09817699609468,3.9227318163568157,148.9471424294594,158.04531942555408,101.2384897264163,105.16122154277312,true,false
10,20.0,156.05217910160303,103.70311127478436,8.544811224544446,3.8719389042515218,152.60649294749658,161.15130417204102,101.242764010788,105.11470291503952,false,false
10,20.0,145.7540877831874,98.83680718553393,8.702871166840879,3.6528613231555624,142.4375864264001,151.14045759324097,96.5124619029893,100.16532322614486,true,true
10,20.0,153.1219947172475,99.27686855587181,8.25944837117595,4.099871397140944,149.62346667830644,157.8829150494824,96.68162185278668,100.78149324992762,true,true
10,20.0,149.2276892375798,100.05704920504647,10.534210358778068,3.793806592446259,144.93984881623305,155.47405917501112,97.64489276854826,101.43869936099452,true,true
10,20.0,156.45722214873405,98.00483535076393,11.044145706270058,4.281388426796525,151.74847311264602,162.79261881891608,95.35596243296149,99.63735085975802,false,false
10,20.0,158.22150847845415,100.28129663128126,10.385496060272857,4.295646302412209,153.78349837145353,164.1689944317264,97.52436812582127,101.82001442823348,false,true
10,20.0,149.02143544183252,106.08766040999922,7.892027455649355,3.731099923817709,145.92146412079413,153.81349157644348,103.68543694601377,107.41653686983148,true,false
10,20.0,148.3933150744545,100.47850481486489,10.467870430199554,3.7823375091716542,144.0358877759322,154.50375820613175,98.09456079156381,101.87689830073546,true,true
10,20.0,157.39127182860676,99.7192693785141,8.942575541022592,4.451577180792071,153.6308324635164,162.573408004539,96.91752330395404,101.36910048474611,false,true
10,20.0,147.672277982948,100.15712226717905,10.170684280252487,3.500847387028415,143.45060959658102,153.6212938768335,97.85001626530132,101.35086365232974,true,true
10,20.0,147.75426562111886,100.5504715931178,9.085299571073676,3.9113937289602347,143.90869662371784,152.99399619479152,98.041868612042,101.95326234100223,true,true
10,20.0,154.66667971838342,99.91908224477851,10.53048035471312,4.148176621061609,150.14487251002186,160.67535286473498,97.30988843414657,101.45806505520818,false,true
10,20.0,154.17578922688816,100.21003409493596,10.368179435531573,4.004961380376443,149.80895858316663,160.1771380186982,97.62905147995544,101.63401286033188,true,true
10,20.0,150.07164369504017,100.19500884518058,10.088170292202761,3.9795934619851323,146.05124810384683,156.1394183960496,97.57129290307624,101.55088636506137,true,true
10,20.0,157.81134849922955,97.34199101297585,10.939133380401785,4.820770340343614,153.2524771292786,164.19161050968037,94.26165269870911,99.08242303905273,false,false
10,20.0,141.34992296781914,100.61231580628808,8.886675548840998,3.220036325014334,137.78418118171993,146.67085673056093,98.52375591821452,101.74379224322885,false,true
10,20.0,149.46007301587923,100.08627855291681,8.401966966913164,3.891118749615572,146.06547782262376,154.46744478953693,97.62155797803874,101.51267672765431,true,true
10,20.0,145.93492646965768,104.44079773067503,8.528566896486808,3.444754108608379,142.43028762196124,150.95885451844805,102.20578548634239,105.65053959495077,true,false
10,20.0,145.35275805021388,100.17213017231435,9.845479560373349,3.580622702427931,141.2771746551997,151.12265421557305,97.94994865002309,101.53057135245102,true,true
10,20.0,137.56506803214424,98.40903582231225,9.78310916070484,3.2888370343103475,133.45034437481843,143.23345353552327,96.30676930989213,99.59560634420248,false,false
10,20.0,159.97591801398443,100.2720442735395,10.629616246997585,4.211783572231695,155.43796890922164,166.06758515621922,97.53267011691,101.7444536891417,false,true
10,20.0,150.41513768270065,103.12224695055251,7.803852708591592,3.931756673247378,147.24666950396522,155.0505222125568,100.58869892525985,104.52045559850723,true,false
10,20.0,152.85452031424427,97.381607536124,10.775950386952502,4.444993085019746,148.51427043893958,159.29022082589208,94.56449538016062,99.00948846518037,true,false
10,20.0,146.0327200375276,100.22177990577825,9.652025061490889,3.416810906095975,142.08854361287786,151.74056867436875,98.02163196199554,101.43844286809151,true,true
10,20.0,152.59690871241173,108.61213622245981,8.450915984529644,3.530787332930629,149.39075803428275,157.8416740188124,106.35085586433794,109.88164319726857,true,false
10,20.0,147.24865151157888,99.3865624082903,9.37410179162859,3.93973158970644,143.19632445080072,152.5704262424293,96.84303743227156,100.782769021978,true,true
10,20.0,152.20691095439875,107.32021692234872,9.875190593290029,3.6402706364487187,147.84562354621588,157.7208141395059,104.96260024388025,108.60287088032896,true,false
10,20.0,142.6771888544976,102.63470483914277,8.355998635885783,3.128828451671069,139.2555773271732,147.61157596305898,100.61031729877462,103.73914575044569,false,false
10,20.0,138.7496377041952,100.57524203392632,7.712085861649882,2.717573222498771,135.67010524199634,143.38219110364622,98.86341435364417,101.58098757614295,false,true
10,20.0,141.66649091880868,98.54459297536879,10.067550134176997,3.2645123253309123,137.55055616831856,147.61810630249556,96.41572388022962,99.68023620556053,false,false
10,20.0,150.18864050560796,97.64675085399489,9.80025161294651,4.019886503935126,146.1507678521678,155.9510194651143,95.07075369401612,99.09064019795125,true,false
10,20.0,154.5450434865041,100.17756826057948,9.763225436011908,4.18471035589053,150.44202576025853,160.20525119627044,97.48934159576392,101.67405195165445,false,true
10,20.0,145.2355178254608,99.16321552794031,10.197321415946789,3.531074545710382,141.0218936112107,151.21921502715747,96.91004024206144,100.44111478777182,true,true
10,20.0,156.2055475247014,98.07508763053762,9.612829596434551,4.666283310796857,152.10080837403095,161.7136379704655,95.02560518456168,99.69188849535854,false,false
10,20.0,146.52195070625876,98.08663229916917,8.333199978144478,3.817741322122515,143.33132709835394,151.66452707649842,95.65636173204503,99.47410305416754,true,false
10,20.0,151.344252867226,101.69726761879242,9.343429986061238,3.9467569116945924,147.35145588015055,156.6948858662118,99.19474053961815,103.14149745131274,true,true
10,20.0,156.7751149550576,101.64193996509836,8.575248493489653,4.1500008967288835,153.2173822865828,161.79263078007244,99.06626956990681,103.21627046663569,false,true
10,20.0,139.63974029194617,98.63330435800769,9.315399417238183,3.1975940926262467,135.82991650846864,145.14531592570683,96.62416499382827,99.82175908645452,false,false
10,20.0,155.83216298638519,98.80642461588877,9.96677185008025,4.0376836760361385,151.73155722695438,161.69832907703463,96.22586829647717,100.26355197251331,false,true
10,20.0,152.82622779632788,108.40571305021601,8.72261911442456,3.7814383721732696,149.19245923149617,157.91507834592073,106.01469239137758,109.79613076355085,true,false
10,20.0,154.23714340165054,105.64577795017583,8.218167914028385,3.713849363639298,150.86329839590985,159.08146630993824,103.26465554434884,106.97850490798814,false,false
10,20.0,151.79740311546232,98.32470530521469,8.886528500931604,4.237741731105942,148.24544885116984,157.13197735210144,95.6243080118879,99.86204974299385,true,false
10,20.0,156.3701727710761,105.11193554815917,9.18127950023188,4.305781649319002,152.5608589644218,161.7421384646537,102.34582938014178,106.65161102946078,false,false
10,20.0,143.47301174734702,98.87532423229578,8.601411251391966,3.3054949409751515,139.9271662057233,148.52857745711526,96.73976053326466,100.04525547423981,false,true
10,20.0,145.4193840708079,98.1149928379541,10.22032914352289,3.572220783949902,140.9267170439311,151.14704618745398,95.84092176233567,99.41314254628557,true,false
10,20.0,150.09641908759494,98.2136558198028,10.569191945373234,3.799136577496327,145.43035517679021,155.99954712216345,95.87313322591609,99.67226980341242,true,false
10,20.0,151.21807387908322,100.49647793191994,9.621735287247532,3.802944870699932,147.24763051910787,156.8693658063554,98.07376016108,101.87670503177993,true,true
10,20.0,137.68629276188102,102.071743971659,8.394787008397401,2.9659175676408154,134.26066109366442,142.65544810206183,100.21467625070322,103.18059381834404,false,false
10,20.0,158.81543659292436,100.50230258066789,10.116628582817157,4.544173373833516,154.53850061979767,164.65512920261483,97.64805763657608,102.1922310104096,false,true
10,20.0,147.85245479462532,98.98166323463522,8.63280064577097,3.692561258023119,144.3665118535482,152.99931249931916,96.60907720370435,100.30163846172746,true,true
10,20.0,148.78520965927117,113.11430907887866,7.067688065346346,3.1830014159065314,145.97838128546692,153.04606935081327,111.07465925485201,114.25766067075854,true,false
10,20.0,152.6935622149647,101.22715643059807,10.576907004301745,3.8635150885107805,148.1706585095624,158.74756551386415,98.84437598711997,102.70789107563076,true,true
10,20.0,138.55467236078553,103.1937823759526,8.02989849413001,2.8944584113417022,135.17037649801762,143.20027499214763,101.34719455060252,104.24165296194423,false,false
10,20.0,150.83018292785232,101.14056364143133,9.926226163588666,3.9580733667887387,146.84594404696688,156.77217021055554,98.62452032853102,102.58259369531976,true,true
10,20.0,158.98178185123294,100.70595426343064,10.553722181601643,4.158931310431555,154.67461589685666,165.2283380784583,98.11919157773274,102.27812288816429,false,true
10,20.0,155.49734229617866,101.0283637346752,9.061358284103619,4.061757139108735,151.70486384345912,160.76622212756274,98.47232735312934,102.53408449223808,false,true
10,20.0,156.79801652579306,107.68075505870388,9.006634644872747,4.101891516232442,152.9871722600064,161.99380690487914,105.02570039186067,109.12759190809311,false,false
10,20.0,143.44507627141468,99.52612050642301,9.231887595733667,3.4146172802612256,139.75351492217544,148.9854025179091,97.38427796791771,100.79889524817894,false,true
10,20.0,138.8394761975958,101.3908560501115,9.121223978913775,3.3322783296748213,135.2884595817239,144.4096835606377,99.26042223475594,102.59270056443076,false,true
10,20.0,141.79805925770518,98.58204405365828,9.243156629148444,3.2626888259832185,138.0902385193721,147.33339514852054,96.53929593657698,99.8019847625602,false,false
10,20.0,154.08689443464755,102.4767993264436,8.684226669247153,4.0116033244513005,150.64278664787227,159.32701331711942,99.96347282064215,103.97507614509345,false,true
10,20.0,146.14185750125517,103.29472011648541,10.808547178115589,3.410692171136958,141.57309038724605,152.38163756536164,101.09801399574152,104.50870616687848,true,false
10,20.0,143.6130290290439,105.30973744262948,8.233329567597508,3.519814628689886,140.16572794647988,148.39905751407738,103.0063033023794,106.52611793106928,false,false
10,20.0,151.64291322878478,101.78826265722108,8.599567929755807,3.9913497351731593,148.12976110533506,156.72932903509087,99.27383468756754,103.2651844227407,true,true
10,20.0,146.67651742011685,98.54515674198883,9.217214689713359,3.78603830641741,143.13817783303418,152.35539252274754,96.14892934036705,99.93496764678446,true,false
10,20.0,155.04204219384712,97.89958531676967,9.212580828369227,4.401078843636654,151.32654126279806,160.5391220911673,95.1212609791984,99.52233982283505,false,false
10,20.0,155.01983886861154,107.07634086322355,8.367573144332198,4.036223873837571,151.56305637277762,159.93062951710982,104.50130493910933,108.5375288129469,false,false
10,20.0,153.39941271135262,97.7375405365112,9.709192784721978,4.410589633862628,149.38193472882855,159.09112751355053,94.90310983488493,99.31369946874756,true,false
10,20.0,145.6116517901428,98.31309476544206,8.9426242906153,3.519006609724741,141.99346300698767,150.93608729760297,96.07978645492287,99.59879306464761,true,false
10,20.0,145.53148915447878,98.45273319630883,9.171132281575893,3.7848844183581605,141.68791093941772,150.8590432209936,96.04385964766948,99.82874406602764,true,false
10,20.0,147.7471304080944,99.65438969427922,9.08759187341758,3.9493407908408074,143.92252998640416,153.01012185982174,97.05311400201919,101.00245479286,true,true
10,20.0,151.8309740484911,99.97317718906561,10.309183951697861,3.903108558029899,147.3134441332378,157.62262808493566,97.51343923286426,101.41654779089416,true,true
10,20.0,155.62721351834804,101.41471904260479,8.161573331302861,3.9145134652359417,152.32987127394108,160.49144460524394,98.92103092396258,102.83554438919852,false,true
10,20.0,151.3725141118137,98.25056449075039,10.215627117396991,3.9504290846990244,147.04603922920808,157.26166634660507,95.74266942004704,99.69309850474606,true,false
10,20.0,151.0694575162358,99.03989584928834,8.496678136602526,4.062727374419936,147.58558275999405,156.08226089659658,96.51262983243525,100.57535720685519,true,true
10,20.0,138.81674406617128,104.53882986506056,7.781701623481609,2.6162196545482885,135.78679764674155,143.56849927022316,102.88564753014575,105.50186718469404,false,false
10,20.0,141.54787158319576,102.35909969117805,7.611432834335687,3.177443531425922,138.43661844867,146.0480512830057,100.32422099632463,103.50166452775055,false,false
10,20.0,146.63143565275334,98.21130581617062,10.086552621668119,3.4997020990639527,142.44531771471307,152.5318703363812,95.97365234348457,99.47335444254853,true,false
10,20.0,147.2095586023798,101.66058785249515,9.082698157599822,3.8351752676295803,143.60950071067805,152.69219886827787,99.24484429122367,103.08001955885325,true,true
10,20.0,149.49935574172156,98.56483625754362,9.701495784890483,3.974898219805027,145.4376707622044,155.13916654709487,96.09019621636386,100.06509443616889,true,true
10,20.0,153.97769681255528,97.5069428032711,9.825409005747389,4.147466018319335,149.68154266432762,159.506951670075,94.84127019399307,98.9887362123124,true,false
10,20.0,140.29893185337966,99.91380853786495,9.275619296237522,3.3126950426484143,136.50732782373723,145.78294711997475,97.80858584871771,101.12128089136613,false,true
10,20.0,147.96941368300241,98.391433275302,7.690583024685793,4.022007136282696,145.0548662199851,152.74544924467088,95.81740647049155,99.83941360677424,true,false
10,20.0,147.17070723608205,102.17789948209175,9.793844418205111,3.37834502869228,143.1761619995544,152.97000641775952,100.07186543090465,103.45021045959693,true,false
10,20.0,153.09195058810155,100.90680810344702,10.069384757258632,4.1997831570110264,148.85417919979653,158.92356395705517,98.19641952797036,102.39620268498139,true,true
10,20.0,148.36417528743755,97.75523970084187,10.368759512999617,3.731374207624782,143.81231561052726,154.18107512352688,95.38081689717458,99.11219110479936,true,false
10,20.0,143.05171861906422,101.02164327218293,9.415028115542725,3.359139666448044,139.21728761510798,148.6323157306507,98.84164407582202,102.20078374227006,false,true
10,20.0,146.22681055010287,103.0452154365392,9.15701604459673,3.4221212603783897,142.58297760101232,151.73999364560905,100.83109206713479,104.25321332751318,true,false
10,20.0,156.04474867013045,109.7544482536384,8.651120757842364,3.930226180486855,152.4473420065426,161.09846276438498,107.27321286562233,111.20343904610918,false,false
10,20.0,143.56298897742104,109.96149197703508,7.1807349541175824,2.7577732410508133,140.62658406348092,147.8073190175985,108.17649243670652,110.93426567775734,false,false
10,20.0,153.81675593278553,101.57790371684644,8.57408318819094,4.284540098395709,150.20892052961443,158.78300371780537,98.77233941234412,103.05687951073983,false,true
10,20.0,146.1132292747497,111.62390122743044,8.147965368880989,3.0606952173096005,142.68324111233716,150.83120648121815,109.61301878521068,112.67371400252028,true,false
10,20.0,145.5686630274704,101.68043545943209,9.144058868162915,3.5890250497368896,141.63388263956193,150.77794150772485,99.32751031629977,102.91653536603665,true,true
10,20.0,148.37197328427393,107.49635887903324,9.793247944560761,3.6230673067222625,144.2146938674576,154.00794181201837,105.14174635201266,108.76481365873492,true,false
10,20.0,145.87581853034447,99.75356181077959,11.146293645544233,3.1374734174311385,141.14769298547134,152.29398663101557,97.52887839681233,100.66635181424347,true,true
10,20.0,154.30430745582757,106.89042963820226,8.481339770514182,3.7751403337282596,150.99172853404954,159.47306830456372,104.5203227154256,108.29546304915387,false,false
10,20.0,149.06553545197977,98.20824925637649,10.285135123402739,3.826689332697299,144.61407064008569,154.89920576348842,95.74215562466708,99.56884495736438,true,false
10,20.0,154.89323910760302,99.32189429674929,10.416614445577977,4.542525309761672,150.5079000323753,160.92451447795327,96.37468149306555,100.91720680282722,false,true
10,20.0,137.3393859776196,99.59942529708843,10.454997139272479,2.9640302613944414,132.92794586092137,143.38294300019385,97.72256291865708,100.68659318005152,false,true
