ndata,sigma,theta1_median,theta2_median,theta1_iqrs,theta2_iqrs,quartiles1_1,quartiles3_1,quartiles1_2,quartiles3_2,theta1_coverage,theta2_coverage
200,20.0,148.03602453122505,99.9642419744499,1.1219491464914597,0.18175706405710912,147.54409505404388,148.66604420053534,99.8510771931554,100.03283425721251,false,true
200,20.0,149.37371213764519,99.91508499543957,0.8349665080550039,0.176236496963881,149.0238403170482,149.85880682510322,99.80348057394671,99.9797170709106,false,false
200,20.0,147.81831805122948,99.92532781322345,1.0320947931687385,0.18151746366100951,147.3803551128708,148.41244990603954,99.81263813980253,99.99415560346354,false,false
200,20.0,150.25504161482462,100.0978159139132,1.3894974814256216,0.18643848242932393,149.62436968544492,151.01386716687054,99.97783039805503,100.16426888048436,true,true
200,20.0,149.91885238423936,100.92421496624235,1.096024899575525,0.18585665976729615,149.45820642099812,150.55423132057365,100.80660995492323,100.99246661469053,true,false
200,20.0,148.23965668997374,100.04960756595551,1.1549493849082353,0.18329308708574388,147.72085252890997,148.8758019138182,99.93388908484573,100.11718217193147,false,true
200,20.0,149.22072804893463,99.92614811181505,1.5286232792618648,0.18528317982010378,148.54768276263297,150.07630604189484,99.81084009689823,99.99612327671834,true,false
200,20.0,149.2436375810991,100.12628156605588,1.00324939014169,0.17953517481322478,148.827286768244,149.83053615838568,100.0125829117839,100.19211808659712,false,false
200,20.0,149.06332212950525,100.27202796736259,1.31466255404996,0.1782315637084082,148.46730408613575,149.78196664018571,100.15831638044776,100.33654794415617,false,false
200,20.0,149.76293835108692,99.886304544854,1.3639287012162526,0.20430877156940142,149.15218930116083,150.51611800237708,99.75783549431978,99.96214426588918,true,false
200,20.0,150.59026386527802,99.96025261258124,0.9607209859092052,0.19744102539779362,150.1896469735753,151.1503679594845,99.83647222248821,100.033913247886,false,true
200,20.0,148.0067165865965,99.9631575251281,1.4738855248268692,0.1764602188411004,147.37138051555067,148.84526604037754,99.84992471622998,100.02638493507108,false,true
200,20.0,150.47522196080615,99.90188008030215,1.2051177516141252,0.18207107561001123,149.93783426737377,151.1429520189879,99.78692387497084,99.96899495058085,true,false
200,20.0,149.29678801810078,100.03250178023058,1.033137501516336,0.19622797892050414,148.8524236602539,149.88556116177023,99.90856717903166,100.10479515795217,false,true
200,20.0,150.71026514979104,100.03487947873703,1.202791351445228,0.17872670131700374,150.18519460452086,151.3879859559661,99.9207022091214,100.0994289104384,false,true
200,20.0,150.08661455287609,99.93434020618734,1.2740346283321173,0.18627279618372938,149.53115176380788,150.80518639214,99.81630045729848,100.00257325348221,true,true
200,20.0,150.00337017498464,100.3056246782393,1.0280940407262733,0.19479596991985204,149.55900943482675,150.58710347555302,100.17995729477991,100.37475326469976,true,false
200,20.0,149.89982334139978,99.91273349095097,1.0096040410600722,0.19616712455879792,149.4819034932953,150.49150753435538,99.78603715652665,99.98220428108544,true,false
200,20.0,150.50547543932743,100.75673556929215,1.264964363461388,0.18380964063091199,149.96060083694073,151.22556520040212,100.64054548819063,100.82435512882154,true,false
200,20.0,150.17199312457564,99.88725980425366,1.4565889162305723,0.18859748290874734,149.5130259277683,150.96961484399887,99.76977198889332,99.95836947180207,true,false
200,20.0,148.44298267411534,99.90902650574984,1.2615466384421836,0.19116972603279692,147.86127948521064,149.12282612365283,99.7890347515405,99.9802044775733,false,false
200,20.0,150.02087208950866,99.9630750819175,1.061122772547833,0.1769617640229626,149.58547616066542,150.64659893321326,99.84821343164239,100.02517519566535,true,true
200,20.0,150.27953462337433,99.90757490831032,1.0433193043608924,0.1894592434648814,149.851286399706,150.8946057040669,99.78765936297717,99.97711860644205,true,false
200,20.0,150.2138629578776,100.1726814399355,1.0845812594929214,0.18927360630806334,149.77145515683873,150.85603641633165,100.05295849100753,100.2422320973156,true,false
200,20.0,149.3549871245048,100.23036669806723,1.1293759423622873,0.1795081275087682,148.88521297598362,150.0145889183459,100.11453348985377,100.29404161736254,true,false
200,20.0,150.77456202516464,99.9348643921794,1.187307250182812,0.18810222108488972,150.25196527109108,151.4392725212739,99.81610231043797,100.00420453152286,false,true
200,20.0,150.04349386091593,100.24620783573538,0.8780306729296115,0.18187808339575895,149.6870683046919,150.56509897762152,100.12795639416615,100.3098344775619,true,false
200,20.0,147.76495523335882,100.10395304507867,1.4096750186510008,0.1699107387887011,147.11318812860975,148.52286314726075,99.99709579936967,100.16700653815838,false,true
200,20.0,150.7654223359582,99.9089334617747,0.8983786580016044,0.17725100024360074,150.38918737349383,151.28756603149543,99.79933626614606,99.97658726638966,false,false
200,20.0,149.00973920234563,100.27383931655172,1.1030130346982787,0.18262219007979752,148.54437118491234,149.64738421961061,100.15865389814334,100.34127608822314,false,false
200,20.0,149.2265292545576,99.89985698949901,1.3409916438196774,0.172215396450639,148.6104315191845,149.95142316300416,99.79454996652976,99.9667653629804,false,false
200,20.0,150.7776211496065,99.93265083135104,1.1104533253452757,0.1830871336862998,150.29398317740208,151.40443650274736,99.81889370634568,100.00198084003198,false,true
200,20.0,149.772803531046,100.0019803565122,1.3194870258647882,0.1922690496569004,149.17242171099093,150.49190873685572,99.88037087555885,100.07263992521575,true,true
200,20.0,149.1646732464808,100.59511587853922,0.6792722299316551,0.18083127691735967,148.88326212065158,149.56253435058323,100.48361294519806,100.66444422211542,false,false
200,20.0,148.7169705638505,99.8946885265146,1.0616017690150272,0.17145643688344592,148.251808843664,149.31341061267904,99.786928749512,99.95838518639545,false,false
200,20.0,150.03034709853904,99.9651675157036,1.1614484402884386,0.18769861382642716,149.51525068004582,150.67669912033426,99.84527290527984,100.03297151910627,true,true
200,20.0,150.03224762101803,100.05948772877929,1.1538180597252676,0.1951654118984294,149.52455356487238,150.67837162459764,99.93280695887344,100.12797237077187,true,true
200,20.0,150.43438653741788,100.10505989785688,1.146624193858969,0.18422973359554362,149.93288816829852,151.0795123621575,99.9910062754279,100.17523600902345,true,true
200,20.0,149.08597301975936,100.01468843068061,1.2088851767024948,0.18799853826533308,148.559384035665,149.7682692123675,99.89683820386459,100.08483674212992,false,true
200,20.0,149.09442550636672,99.93376504384658,1.19145834293397,0.16923892314738964,148.5773537916237,149.76881213455766,99.82857134782942,99.99781027097681,false,false
200,20.0,149.54739769642958,99.92045676905077,1.1454300364810592,0.1926971774118016,149.05713415250412,150.20256418898518,99.8011880051007,99.9938851825125,true,false
200,20.0,149.66503333350846,100.21021457073314,0.8832067735165765,0.189193526237176,149.2831710323755,150.16637780589207,100.09136989072022,100.28056341695739,true,false
200,20.0,150.31352619554787,100.02850659874935,0.9744348712463591,0.1936981748288389,149.89665401253572,150.87108888378208,99.9053066460669,100.09900482089574,true,true
200,20.0,150.659841258079,100.02271316122273,1.1018474407495944,0.18446317579194726,150.17982148178572,151.28166892253532,99.90722086469418,100.09168404048613,false,true
200,20.0,150.1972818702035,100.27440157802997,1.3409706707205657,0.18083180612866556,149.6139736524801,150.95494432320066,100.16050738167496,100.34133918780363,true,false
200,20.0,150.78639281724645,100.01084471641602,1.418648720921908,0.19495501836568963,150.13311644433958,151.5517651652615,99.88751037841878,100.08246539678447,false,true
200,20.0,150.95590756580276,100.03922057289583,1.3337614369711446,0.19110200491920182,150.34871745369196,151.6824788906631,99.91658228952457,100.10768429444377,false,true
200,20.0,149.65813649502036,100.1868559162832,1.098410796684533,0.18145201323872584,149.18654606257945,150.28495685926399,100.0714061870593,100.25285820029802,true,false
200,20.0,149.87472806514415,100.36687983446828,0.9745222433434719,0.17371265804786162,149.4900262293795,150.46454847272298,100.25628456971353,100.42999722776139,true,false
200,20.0,147.31591979867613,100.12478359458848,1.4462862607734053,0.18355838121956936,146.65113496841244,148.09742122918584,100.00900702620982,100.19256540742938,false,false
200,20.0,150.39870814866802,100.07927431346245,1.134595363467099,0.1812329138344353,149.9052094493949,151.039804812862,99.96305528563074,100.14428819946518,true,true
200,20.0,149.30417389353778,100.07269625549047,0.9088026505722269,0.19249488282224547,148.91835984766163,149.82716249823386,99.95068663368195,100.1431815165042,false,true
200,20.0,149.55029386676784,99.89748173511114,1.1446851196559464,0.17937032356481097,149.07355085567684,150.2182359753328,99.78448990625289,99.9638602298177,true,false
200,20.0,149.43180962569932,100.10098269986459,0.7710212960372189,0.17110090852418125,149.1299672504257,149.9009885464629,99.99275451844338,100.16385542696756,false,true
200,20.0,149.15868535595465,99.91489098986523,1.2691303315884,0.1829818914865058,148.56930123695497,149.83843156854337,99.80129021678793,99.98427210827444,false,false
200,20.0,150.22682884821717,99.89954810510218,1.1619803012196996,0.17421415371592275,149.72570656236576,150.88768686358546,99.79114806441197,99.9653622181279,true,false
200,20.0,149.11890647676805,99.9618582986879,1.150264963331523,0.16828721457729046,148.63410865678304,149.78437362011456,99.85884980246485,100.02713701704214,false,true
200,20.0,150.63655645532273,100.5073055634537,1.2741541856741492,0.18078686046770542,150.0905027267848,151.36465691245894,100.39349140161012,100.57427826207783,false,false
200,20.0,150.19572083093973,100.04506658800813,1.0168753665629708,0.1814888498600311,149.7776860185685,150.79456138513146,99.92976059703629,100.11124944689632,true,true
200,20.0,149.3415629142055,99.97521996712845,1.365207204616155,0.1887498424150209,148.70217912967027,150.06738633428643,99.85479416182739,100.0435440042424,true,true
200,20.0,150.38046352826154,99.95941784333414,1.041888095924321,0.19121319409606485,149.92567985087317,150.9675679467975,99.83768722379826,100.02890041789432,true,true
200,20.0,149.97021137449968,100.26413174665612,1.279708363794839,0.1888177468004244,149.38977581721127,150.6694841810061,100.1463095080264,100.33512725482683,true,false
200,20.0,150.03507245516582,99.88975412745202,1.1870395888167877,0.18710662481126406,149.5305110954916,150.71755068430838,99.77357549557678,99.96068212038804,true,false
200,20.0,149.734335825193,100.023704158912,1.3346517874344102,0.18992756370387553,149.1238469025768,150.4584986900112,99.90292809451795,100.09285565822182,true,true
200,20.0,150.31825001188292,100.10571275942945,1.1263820034112086,0.19291927719157798,149.82203017583947,150.94841217925068,99.9830700044876,100.17598928167918,true,true
200,20.0,151.00548711497737,99.88167641822078,1.1138781577027146,0.1987877107560081,150.5423241022862,151.6562022599889,99.75801208871741,99.95679979947342,false,false
200,20.0,150.18133274267853,100.04761512649443,0.9830435089816376,0.18046910114104264,149.7753729137579,150.75841642273954,99.93596279957356,100.1164319007146,true,true
200,20.0,149.80251317064435,99.97488563098796,1.0757614264649078,0.19351053866398615,149.3414648168867,150.41722624335162,99.85447006010651,100.0479805987705,true,true
200,20.0,150.84701773426517,100.10606801645154,1.13716094772181,0.18243648633796283,150.36584521386703,151.50300616158884,99.99124187786572,100.17367836420368,false,true
200,20.0,149.98872884042976,99.91896824450514,1.0772876217937721,0.18757677026502506,149.52749422315094,150.6047818449447,99.80109828092468,99.9886750511897,true,false
200,20.0,149.8611753062607,100.12655094349273,1.321786037711945,0.17310919383105272,149.26556329104503,150.58734932875697,100.01542662341856,100.18853581724962,true,false
200,20.0,149.10034699329995,99.94051249233638,1.1917240429863227,0.17608209823535503,148.6135025985195,149.8052266415058,99.83102937813342,100.00711147636878,false,true
200,20.0,149.86158563905343,99.90524101252163,1.2057801079821218,0.18873435181342302,149.37283454753575,150.57861465551787,99.78929058790386,99.97802493971729,true,false
200,20.0,150.28378590221152,99.90992721191097,1.1459185670947818,0.18706548801227996,149.7935762538233,150.93949482091807,99.7903258967329,99.97739138474518,true,false
200,20.0,147.65788303266896,99.92005014364025,0.852509476849491,0.16880859120396963,147.32026432958202,148.1727738064315,99.81281072259392,99.98161931379789,false,false
200,20.0,151.07335109876206,100.40364507477763,1.378857193041199,0.19358533965912272,150.49151360236044,151.87037079540164,100.27982299840956,100.47340833806868,false,false
200,20.0,150.23002548189012,100.71446253069462,1.1847187628360132,0.18408724116636677,149.7122184597724,150.89693722260841,100.60005735308093,100.7841445942473,true,false
200,20.0,150.03175594483446,100.34024668052771,1.5283384002026708,0.17909660662242288,149.35026308699443,150.8786014871971,100.22871776924124,100.40781437586367,true,false
200,20.0,148.2102826076516,100.47938302902688,1.2111019605686693,0.1868139169001921,147.66268057351667,148.87378253408534,100.36156738800992,100.54838130491011,false,false
200,20.0,150.9938505100929,99.89468625219985,1.209508708351052,0.17691696701832882,150.4747153021415,151.68422401049256,99.78306108752703,99.95997805454536,false,false
200,20.0,148.56060945430528,99.95380787888473,1.2866135117483566,0.18068146972919408,148.0010967857481,149.28771029749646,99.83852764697126,100.01920911670045,false,true
200,20.0,150.46973989750745,100.03824377923627,0.9996102718273221,0.1957849534593521,150.0528995435668,151.05250981539413,99.91775557014087,100.11354052360022,false,true
200,20.0,149.32064745967068,100.03722838213699,0.8269065904193269,0.20487191562962437,148.97646939336633,149.80337598378566,99.90460855925622,100.10948047488584,false,true
200,20.0,150.09246654278343,100.39367567742033,1.1308623647513514,0.1890497759569172,149.61327934810376,150.7441417128551,100.27251889989437,100.46156867585128,true,false
200,20.0,150.87080969483895,99.89623826360861,1.0281421546289948,0.19734016979001012,150.43486699835967,151.46300915298866,99.77481640968088,99.97215657947089,false,false
200,20.0,149.1661074556835,100.0320978069406,1.4551649448117132,0.18440541805880173,148.51638000865086,149.97154495346257,99.91828159660274,100.10268701466154,false,true
200,20.0,149.2565279106141,100.19211566950906,1.2933084203490068,0.18099081242039006,148.68312665679446,149.97643507714346,100.0788444024812,100.25983521490159,false,false
200,20.0,149.3171540051951,100.11598684226044,1.2349321166674372,0.17582085869335629,148.77687510166402,150.01180721833146,100.00346241089493,100.17928326958828,true,false
200,20.0,150.22582106094052,99.9081879186183,1.3546133105610636,0.1958629877197211,149.61579342897593,150.970406739537,99.78280197178358,99.9786649595033,true,false
200,20.0,150.8935498608127,99.91101332260351,1.4401538959429843,0.17433961800534803,150.27524014624709,151.71539404219007,99.8021686900999,99.97650830810525,false,false
200,20.0,149.8221543012213,100.39303964480175,1.2114699213619247,0.17867306454064646,149.3019662306005,150.51343615196242,100.28024263802217,100.45891570256282,true,false
200,20.0,149.92431168257127,99.90647654715332,1.3794339534133826,0.18630143484978134,149.31663902536607,150.69607297877945,99.78714060018656,99.97344203503634,true,false
200,20.0,149.83697908703107,100.08118584511108,0.8333807233330219,0.1795469631713189,149.49129311243018,150.3246738357632,99.97152332613474,100.15107028930606,true,true
200,20.0,150.34963714392904,100.9171334593029,1.088694455386559,0.20145456129270656,149.89490205800212,150.98359651338868,100.78981079760442,100.99126535889712,true,false
200,20.0,149.5248403584436,100.02223890177395,1.1389005996379638,0.1919305254708661,149.0164701177067,150.15537071734465,99.90102797182514,100.09295849729601,true,true
200,20.0,151.34818778761633,100.37878846256714,1.2870154141440935,0.18682521402973862,150.77095177122143,152.05796718536553,100.26309909441237,100.4499243084421,false,false
200,20.0,148.36237362887354,100.0967631668246,1.027310438746838,0.1791627644424807,147.92466022843263,148.95197066717947,99.9821353720333,100.16129813647578,false,true
200,20.0,150.82366664495558,99.98269493558082,1.1596092650530352,0.1823393159666722,150.31809335720362,151.47770262225666,99.86932947283582,100.05166878880249,false,true
200,20.0,150.87757192533786,99.94907694392717,1.0579064739690125,0.19828783353298718,150.42634683286116,151.48425330683017,99.82346625177918,100.02175408531217,false,true
200,20.0,150.29315986391123,100.1895990666337,0.9804514658605399,0.1849901033139787,149.88626888619785,150.8667203520584,100.07540240149368,100.26039250480765,true,false
200,20.0,149.78658937057457,99.96116142449256,1.1581234816113692,0.17791550376573184,149.2933662639194,150.45148974553078,99.84785598913143,100.02577149289716,true,true
200,20.0,149.9490897212724,100.1252222999095,0.8327079042282719,0.17810920060853164,149.5953024818129,150.42801038604117,100.01387973029148,100.19198893090001,true,false
200,20.0,150.62411723631152,99.94661220759525,1.3647254922792058,0.1783025211468754,150.00718191409334,151.37190740637254,99.8334367505959,100.01173927174277,false,true
200,20.0,150.7812447605907,100.0964955874498,1.2128344038422654,0.18363730832494696,150.247362102465,151.46019650630726,99.98364394865584,100.16728125698079,false,true
200,20.0,150.70274274433126,99.90231704002355,1.1099468773874719,0.1736372005850768,150.22753220667997,151.33747908406744,99.79354078639237,99.96717798697745,false,false
200,20.0,150.2521840837102,99.99427996398558,1.3024936849917026,0.19026300193975487,149.68938370989048,150.99187739488218,99.87353578623647,100.06379878817623,true,true
200,20.0,149.06962094049322,100.34256732764271,1.2137786480996908,0.17196399750496028,148.5293126696414,149.7430913177411,100.23552279089,100.40748678839496,false,false
200,20.0,150.4266563526666,100.02611744675795,1.0159848939819938,0.19493222373446883,150.00122657359162,151.01721146757362,99.90509332607766,100.10002554981213,false,true
200,20.0,148.48883035175822,100.0751523104639,0.9138803005155864,0.1793918701013979,148.11585051378984,149.02973081430542,99.96376274138026,100.14315461148166,false,true
200,20.0,147.57965686530315,99.97194625176036,1.3727855805755667,0.17940604747238353,146.97927321081488,148.35205879139045,99.8587170277429,100.03812307521528,false,true
200,20.0,151.30724715446928,100.32126026088062,1.492562375006969,0.19996882941815386,150.60722634380193,152.0997887188089,100.1930998966237,100.39306872604186,false,false
200,20.0,150.24617023493664,99.92059648167785,1.3497192698619926,0.1924843657872941,149.6537301077347,151.0034493775967,99.79852807382488,99.99101243961218,true,false
200,20.0,150.5369401039904,99.89284788746227,1.0720923695880629,0.1949641175952337,150.08580232334796,151.15789469293603,99.77003001607008,99.96499413366531,false,false
200,20.0,149.43705628791164,100.35233637529322,1.1747305167467914,0.18482679404225166,148.94425947640775,150.11898999315454,100.23532227015043,100.42014906419269,true,false
200,20.0,149.176458305736,100.1099522104889,1.1257318853251377,0.16458291114201984,148.68899291357974,149.81472479890488,100.00430797301678,100.1688908841588,false,false
200,20.0,149.53749520430117,99.99066809005467,1.052233072268109,0.1718378675837755,149.0720731685784,150.12430624084652,99.87764499142641,100.04948285901018,true,true
200,20.0,149.65004436665208,100.09009055951157,1.0753461881904514,0.182792955008793,149.18443724849345,150.2597834366839,99.97538763879807,100.15818059380686,true,true
200,20.0,149.42442028266493,99.91179514512763,1.3110811415040757,0.1836481417505098,148.84100538978,150.15208653128408,99.7977730591378,99.9814212008883,true,false
200,20.0,150.0001924022684,100.07467730850348,1.287584786548564,0.17314658749199907,149.4398251658029,150.72740995235145,99.964469493396,100.137616080888,true,true
200,20.0,150.40859536285052,100.12701277328813,1.187365782833922,0.18843595543503966,149.88617146596886,151.07353724880278,100.0079441381907,100.19638009362573,true,false
200,20.0,149.93317635058088,100.16156825443039,1.0812575820937127,0.19389714306420558,149.4718420073073,150.553099589401,100.03864408256574,100.23254122562994,true,false
200,20.0,148.6369303756967,99.91588194068134,1.0324690711181006,0.17956512222390586,148.2108938016047,149.2433628727228,99.80167697501673,99.98124209724064,false,false
200,20.0,151.14210776097218,99.95955920653344,1.3467329598861397,0.1890711758259016,150.5523757872302,151.89910874711634,99.84112451392625,100.03019568975215,false,true
200,20.0,150.2961469402498,100.13326206618183,1.4332463098802464,0.1762474994842762,149.66172403708174,151.094970346962,100.02279057427728,100.19903807376156,true,false
200,20.0,148.73422557028988,99.90516698423336,1.4485437592625203,0.18820913086824476,148.0630982221495,149.51164198141203,99.78672555172051,99.97493468258875,false,false
200,20.0,149.75063697990782,100.06509450662156,0.8621791697592585,0.1819290726081988,149.37283016722648,150.23500933698574,99.94993449222366,100.13186356483186,true,true
200,20.0,150.56781232649064,100.10712733354642,1.208926553036548,0.17561793805484172,150.04087030486593,151.24979685790248,99.9980516757352,100.17366961379004,false,true
200,20.0,149.38462433764641,100.12271448131659,1.359148472421282,0.1952143402893114,148.79131910345106,150.15046757587234,99.9997507594851,100.19496509977441,true,true
200,20.0,150.13600615098687,100.01016455755335,0.6646989294662831,0.1801983427015159,149.87057241799153,150.5352713474578,99.89774241142848,100.07794075413,true,true
200,20.0,149.9080655790544,99.91884077049805,1.007982582376485,0.18532676757389765,149.4814652275925,150.489447809969,99.80272116894338,99.98804793651728,true,false
200,20.0,150.51604918579744,99.90628043173265,1.228477220495023,0.19680273213447208,149.96657733355804,151.19505455405306,99.77982667938053,99.976629411515,true,false
200,20.0,149.99910896466747,100.30526306058356,1.3660811420740515,0.19120385028344344,149.42529571176863,150.79137685384268,100.18264903435211,100.37385288463555,true,false
200,20.0,150.24530958835174,99.9423685833523,1.231253304754432,0.17967689927341723,149.7336305065968,150.96488381135123,99.82820023384397,100.00787713311739,true,true
200,20.0,150.60022338522182,100.01215652309003,1.0080388886792946,0.18624897604196633,150.1643583439728,151.1723972326521,99.89440966929845,100.08065864534042,false,true
200,20.0,150.85358764361195,100.0542412822031,0.9830812853728617,0.1879132678492823,150.44221043645436,151.42529172182722,99.93421717233475,100.12213044018404,false,true
200,20.0,150.4634167981489,99.96394888048685,1.178784475380155,0.19827998112775447,149.95016043590522,151.12894491128537,99.83667335937118,100.03495334049893,true,true
200,20.0,151.2410135147503,100.03991457402353,1.4280399487851128,0.20084518395329098,150.62872462086565,152.05676456965077,99.91436084930679,100.11520603326008,false,true
200,20.0,149.57030606532004,99.93022211175467,1.4129942352687408,0.17978279874040481,148.96005006052656,150.3730442957953,99.81568495263109,99.99546775137149,true,false
200,20.0,149.85343088367568,99.95307881640687,1.3638078296111757,0.1734681314210178,149.23660509441385,150.60041292402502,99.84430532092398,100.017773452345,true,true
200,20.0,146.34963244524536,99.89797634073412,1.295616898798869,0.1664230941126732,145.7703335044182,147.06595040321707,99.79550435508227,99.96192744919495,false,false
200,20.0,150.10049323491023,99.94377633864605,1.3809693813972217,0.20007971932314206,149.4840592896445,150.86502867104173,99.81855945285501,100.01863917217815,true,true
200,20.0,149.9147446160763,99.97316502269062,1.0622334123014525,0.17766588684662565,149.45811961629724,150.5203530285987,99.86120671397816,100.03887260082479,true,true
200,20.0,150.13483597102484,100.13405328007653,0.8065108006543937,0.17614930701134313,149.7953337933412,150.6018445939956,100.02366100362067,100.19981031063202,true,false
200,20.0,149.52827368612316,100.09089883745469,1.049318764650792,0.19225220169825263,149.06412254958403,150.11344131423482,99.96811230789476,100.16036450959301,true,true
200,20.0,149.1581083491339,99.97845726825582,0.9938669757227956,0.186596375092563,148.7428940153087,149.7367609910315,99.85742147631028,100.04401785140284,false,true
200,20.0,150.77439057065683,99.93770412542023,1.1513620874008836,0.18360690513316058,150.28061166805193,151.43197375545282,99.82163503560261,100.00524194073577,false,true
200,20.0,150.26052240767058,99.99019598801152,1.4622389797485766,0.18016598181816335,149.58748910875505,151.04972808850363,99.87726422738302,100.05743020920119,true,true
200,20.0,150.09557556815378,100.01001461430675,0.8791315595496201,0.1965810948021698,149.73096182882082,150.61009338837044,99.88693792893166,100.08351902373383,true,true
200,20.0,148.61419277515648,99.96379251280253,1.055675475832686,0.1954709756434596,148.17865799724393,149.23433347307662,99.84051759330549,100.03598856894895,false,true
200,20.0,150.08327146905643,100.03354990696766,1.130937255697944,0.17743355656045878,149.60695259545818,150.73788985115613,99.92036057899563,100.09779413555609,true,true
200,20.0,150.64923525802794,100.00679820241203,1.1919502357440024,0.18466334709000876,150.12998765171284,151.32193788745684,99.89275889833593,100.07742224542594,false,true
200,20.0,150.37877605453357,100.63303973137397,0.9518404706484489,0.19538326237092463,149.9995259991992,150.95136646984764,100.50735249128334,100.70273575365427,true,false
200,20.0,149.41826232324033,99.97390168737071,0.922627640782423,0.18884227290560318,149.03513270213315,149.95776034291558,99.85001298168409,100.03885525458969,false,true
200,20.0,150.30163978261015,100.41909454488263,1.1276844470525589,0.19176393078518572,149.82354574011254,150.9512301871651,100.29809205205682,100.489855982842,true,false
200,20.0,150.6637000623641,99.92538797792875,0.9214467632648109,0.17551569821200985,150.2739908574487,151.1954376207135,99.81449248742133,99.99000818563334,false,false
200,20.0,149.76473602197598,99.89610391485081,1.129005228994373,0.17214351581237963,149.29597937419533,150.4249846031897,99.78774178796554,99.95988530377792,true,false
200,20.0,150.14485532827734,99.96278781460964,1.2823709653764013,0.18118305380467348,149.58436970868974,150.86674067406614,99.85117352350944,100.03235657731412,true,true
200,20.0,150.45635427486621,99.96432723387237,0.9083763504146987,0.18512951771985797,150.0676928142931,150.9760691647078,99.84840654557749,100.03353606329735,false,true
200,20.0,149.67903731485762,100.07243496665771,0.7970602136188347,0.18298567493779672,149.35914870238096,150.1562089159998,99.95757831621724,100.14056399115503,true,true
200,20.0,148.97704338077455,99.9013597020142,1.2508879975322316,0.17148928628084548,148.40945540694315,149.66034340447538,99.79181089661252,99.96330018289336,false,false
200,20.0,150.89606669473898,99.89880050210256,1.3019132222445364,0.1951732623050475,150.33391195590545,151.63582517815,99.77512669130378,99.97029995360883,false,false
200,20.0,149.42139799389582,99.96463552214755,1.3758040763058546,0.18041589132835156,148.80344398408093,150.17924806038678,99.8534183621998,100.03383425352816,true,true
200,20.0,150.61415459955808,100.0710670612394,1.0195189498219577,0.1793473185829697,150.17683996877534,151.1963589185973,99.9562696390244,100.13561695760737,false,true
200,20.0,149.53791425904888,100.8178594948356,1.1354014431751693,0.1863450042621082,149.04267746359463,150.1780789067698,100.69980293243071,100.88614793669282,true,false
200,20.0,148.71617227465995,100.1777997867442,0.9942510042378387,0.17204187921180392,148.27662591401162,149.27087691824946,100.07019743284874,100.24223931206055,false,false
200,20.0,148.25212298085452,100.02299880494344,1.4349581429200384,0.1655203960418561,147.58243075248538,149.01738889540542,99.91723357802071,100.08275397406257,false,true
200,20.0,150.26752905213266,99.98935673613619,1.0945810254295054,0.18801101289786004,149.79767455656705,150.89225558199655,99.87425213768395,100.06226315058181,true,true
200,20.0,150.1135349283061,99.97128736094196,1.066689420587636,0.1797985593406679,149.65697425043555,150.7236636710232,99.85527821864949,100.03507677799016,true,true
200,20.0,150.00510427045455,100.12264717566205,1.1694782916723625,0.18133675312992636,149.49278024662715,150.6622585382995,100.00818385673486,100.18952060986479,true,false
200,20.0,149.97178619465353,100.11759830133047,1.2792772527070895,0.1756312532111366,149.41125355999196,150.69053081269905,100.00547961348204,100.18111086669317,true,false
200,20.0,150.44497663027954,99.9901600140067,0.8641774282792198,0.1885140610567504,150.08930901543494,150.95348644371416,99.86951359563245,100.0580276566892,false,true
200,20.0,150.6675655068309,100.13422695739314,1.4532734328425931,0.18131156615366706,150.04360750789408,151.49688094073667,100.01864681844779,100.19995838460146,false,false
200,20.0,148.365151858326,99.9280463613154,1.0609390264797582,0.1949020174323408,147.91211976771504,148.9730587941948,99.80497797397727,99.99987999140961,false,false
200,20.0,149.63417577177955,100.05382197815116,1.06833596528935,0.17973974858581698,149.17314704603157,150.24148301132092,99.94126179703025,100.12100154561607,true,true
200,20.0,150.09292360663648,99.99909651607302,1.473968365151876,0.18029797355542598,149.42560995601033,150.8995783211622,99.88638881648313,100.06668679003856,true,true
200,20.0,150.58134938794103,99.9770167112515,1.295382480783985,0.18980343443239178,150.0080930364067,151.3034755171907,99.85430716508122,100.04411059951362,false,true
200,20.0,150.06299208031788,100.20939125459336,1.1581115131762942,0.18940116132411333,149.53791521479442,150.69602672797072,100.09317081552257,100.28257197684668,true,false
200,20.0,150.12782009860848,99.95482311086268,1.4020264318772888,0.1877398094172804,149.4940735177285,150.8960999496058,99.83574432117896,100.02348413059624,true,true
200,20.0,149.32306089681092,99.91736282815444,1.3714838108413403,0.18476623174439055,148.69926446329998,150.07074827414132,99.79831058438822,99.98307681613261,true,false
200,20.0,149.95856997892466,99.95937519555298,1.255720422219099,0.17999261965819358,149.42588366133717,150.68160408355627,99.84250441140598,100.02249703106418,true,true
200,20.0,151.0323938951826,99.89129219856666,1.1500805752402243,0.19999374869715325,150.54426947614206,151.6943500513823,99.77016139366097,99.97015514235812,false,false
200,20.0,151.34585179489147,99.95500517907658,1.2422819940422585,0.1988092715414922,150.78933777560246,152.03161976964472,99.82593032043255,100.02473959197404,false,true
200,20.0,150.07405501107775,100.49849898996445,0.915568077073317,0.19065498538563475,149.679245293498,150.59481337057133,100.37874275319254,100.56939773857817,true,false
200,20.0,149.96708265181064,99.92484898932048,1.3337511682187255,0.18207592485704538,149.36641851362077,150.7001696818395,99.8067738684306,99.98884979328764,true,false
200,20.0,149.94544172086745,100.11901422995079,1.1313716906819877,0.1866009866372167,149.4819606697631,150.6133323604451,100.00150326315493,100.18810424979215,true,false
200,20.0,150.57396190946704,100.08017772067657,1.0373927599300714,0.19073731179972242,150.13388197673538,151.17127473666545,99.95954471536442,100.15028202716414,false,true
200,20.0,149.97132899851155,100.00881735829302,1.450687350616164,0.1902383221218713,149.3375876739036,150.78827502451978,99.88860452402722,100.07884284614909,true,true
200,20.0,150.38236391647723,100.5637909434216,1.0598584596565956,0.18733570929417453,149.93993880788554,150.99979726754214,100.44402129379988,100.63135700309405,true,false
200,20.0,148.58342469487422,99.94903813528862,1.0498755030353664,0.17219973003263078,148.14416510989946,149.19404061293483,99.84010294573723,100.01230267576986,false,true
200,20.0,149.5777320305237,100.0490841877093,1.5635424883616054,0.1949739460260531,148.89020016222204,150.45374265058365,99.92533788374364,100.12031182976969,true,true
200,20.0,150.42630157875112,99.91348203451022,1.0736261815484909,0.20578310326270355,149.9648080089288,151.0384341904773,99.78085366047736,99.98663676374007,true,false
200,20.0,150.64449265647477,100.29540471229298,0.9747958069931997,0.19586873785151226,150.25780354357238,151.23259935056558,100.17336026579117,100.36922900364269,false,false
200,20.0,150.0004588252108,99.95640134792806,1.2624456746514738,0.18304064908163298,149.42888117295058,150.69132684760206,99.84119480048265,100.02423544956429,true,true
200,20.0,150.06052830536382,99.91657924199109,1.2575506337267939,0.19362655438068543,149.50711237469505,150.76466300842185,99.79363345566344,99.98726001004412,true,false
200,20.0,150.37454591098106,99.94555914481532,1.1252617808871719,0.1986393227599308,149.90555758225176,151.03081936313893,99.82285526673091,100.02149458949084,true,true
200,20.0,150.99629641668074,99.89279990709409,1.217424387691409,0.2034391722707909,150.4550684104457,151.6724927981371,99.76239720960841,99.9658363818792,false,false
200,20.0,150.53023294238614,100.04071423935164,1.0859475780692378,0.19419327933370312,150.048428300505,151.13437587857425,99.92041153734476,100.11460481667847,false,true
200,20.0,150.8627996263259,99.94600057116878,1.0955948326127896,0.188483930864507,150.3951416159278,151.4907364485406,99.82713728925442,100.01562122011893,false,true
200,20.0,148.6903921696391,99.90053392663076,1.3844025980461083,0.1848751707687768,148.07264049634045,149.45704309438656,99.78428669352137,99.96916186429014,false,false
200,20.0,149.94253848895016,100.1501522166326,1.037369163945641,0.1808308185643881,149.51139284301772,150.54876200696336,100.03494960416877,100.21578042273316,true,false
200,20.0,148.5134717208069,99.90388289408992,1.2949790640569745,0.18773828885160526,147.91480295975387,149.20978202381085,99.78534319829924,99.97308148715085,false,false
200,20.0,148.62561076219532,99.92051920923404,1.2401561840064232,0.1802978829035311,148.05643534267602,149.29659152668245,99.80292565176836,99.9832235346719,false,false
200,20.0,149.70336366157449,100.39960456964334,1.087545341713934,0.1891304941510441,149.23951596787322,150.32706130958715,100.28249646065694,100.47162695480799,true,false
200,20.0,150.1641206428635,99.94216878334672,1.319252889473745,0.18405873592347177,149.58583146559587,150.90508435506962,99.8298235664505,100.01388230237397,true,true
200,20.0,150.4249271644662,100.22608356601307,1.1730477643777988,0.18221366206903156,149.92406789157005,151.09711565594785,100.11392368740474,100.29613734947377,true,false
200,20.0,146.67469125691227,100.14336575326595,1.341037536760325,0.16252262460304223,146.05375379387897,147.3947913306393,100.0397661734001,100.20228879800314,false,false
200,20.0,150.93908307251954,100.19666682136068,1.5027003426038164,0.1920642467873961,150.26728532893284,151.76998567153666,100.07471969476605,100.26678394155344,false,false
200,20.0,149.90402459688525,99.92871768441344,1.0589034588388415,0.19035682052908953,149.42933931013218,150.48824276897102,99.80952680339523,99.99988362392432,true,false
200,20.0,150.70703006243272,99.89420581329617,1.4052581216324427,0.17512282443965432,150.06897702569088,151.47423514732333,99.78325027985525,99.9583731042949,false,false
200,20.0,150.39602709573575,99.88426953048449,1.3631552591997433,0.1872463342465096,149.78380638981585,151.1469616490156,99.7670234223648,99.95426975661131,true,false
200,20.0,150.4457992943637,100.12964064805334,1.2595929647139315,0.18875931403249524,149.8817123139892,151.14130527870313,100.01098540223228,100.19974471626477,true,false
200,20.0,149.33340687040055,100.53274802101949,1.240868730209769,0.19115830791224653,148.79824460381582,150.0391133340256,100.40955699837723,100.60071530628947,true,false
200,20.0,149.6763579931033,99.99250252202387,1.3503358481935663,0.1876055423504539,149.07681085363586,150.42714670182943,99.87582456724849,100.06343010959894,true,true
200,20.0,150.20433046862175,99.90998689644633,1.5639339596536956,0.18973880562595014,149.50182410852386,151.06575806817756,99.79052781007175,99.9802666156977,true,false
200,20.0,148.04099350306876,100.1484090850261,0.9889689063643345,0.18147338834323534,147.6084058535001,148.59737475986444,100.03554159153781,100.21701497988104,false,false
200,20.0,149.75622178815536,100.12273466268687,1.143542139897903,0.1788329110371194,149.23312351390342,150.37666565380133,100.00818415091126,100.18701706194838,true,false
200,20.0,150.62009579007378,99.95229467028037,1.4537619239309834,0.18768316887934589,149.97203271430612,151.4257946382371,99.8316387970314,100.01932196591075,true,true
200,20.0,149.49542973382228,99.90498045211189,1.068907815205165,0.18042756968758056,149.0212808639053,150.09018867911047,99.79038806751208,99.97081563719966,true,false
200,20.0,149.26612884690408,99.94800275989563,1.3587862962858708,0.18035115109559285,148.67831573111903,150.0371020274049,99.83179631543274,100.01214746652833,true,true
200,20.0,149.5261256355875,99.9666352596629,1.306310841092568,0.16144764052255312,148.95495840606628,150.26126924715885,99.86625191824929,100.02769955877184,true,true
200,20.0,150.35891929837578,100.1688350080251,0.9832818183350014,0.17411085597484544,149.94057908663677,150.92386090497178,100.05806705999575,100.2321779159706,true,false
200,20.0,150.75274284117344,100.23431957703667,1.1907944630111729,0.19172107313937659,150.22444690687436,151.41524136988554,100.1125698693986,100.30429094253797,false,false
200,20.0,148.99622298393706,100.39259681520386,1.2039770919822104,0.18251789130688678,148.47868761967857,149.68266471166078,100.27911253868274,100.46163042998963,false,false
200,20.0,150.66739861654253,99.92423105167137,1.4429127177755277,0.1853630916820066,150.02147452511554,151.46438724289106,99.80896330641183,99.99432639809383,false,false
200,20.0,150.72318272175323,100.03047887201417,1.153362774760467,0.18827396533932017,150.22847106094898,151.38183383570944,99.91129830171778,100.0995722670571,false,true
200,20.0,150.8220430390352,99.8807669920518,1.2845919979847622,0.1879856932080628,150.25715827226898,151.54175027025374,99.76285767441988,99.95084336762794,false,false
200,20.0,149.3970459988251,99.91146423651183,1.105605824473571,0.17653449893477102,148.90741390448852,150.0130197289621,99.79816051915247,99.97469501808725,true,false
200,20.0,150.3730857854087,100.1694354780146,1.2122485012165214,0.17882155656270982,149.82625087960747,151.038499380824,100.05956722390063,100.23838878046334,true,false
200,20.0,149.48384743612894,100.05273338104419,1.4752602270026216,0.18121746005520833,148.8110566752333,150.2863169022359,99.93590980528246,100.11712726533767,true,true
200,20.0,148.6250090647424,100.30917900800046,1.3969596030531477,0.1812620399640963,148.02712195879278,149.42408156184592,100.19363836038842,100.37490040035252,false,false
200,20.0,149.22069290221782,100.20024001111827,1.1049028409471475,0.18207052433827187,148.75200062166647,149.85690346261362,100.08340710158387,100.26547762592214,false,false
200,20.0,149.97457017214302,100.0028760491485,1.234096972456257,0.17901289011254562,149.3963195005977,150.63041647305397,99.89081642733761,100.06982931745016,true,true
200,20.0,150.09218806127222,99.97014368663181,1.5059088407018635,0.1867060975540369,149.39374665441923,150.8996554951211,99.85531902888098,100.04202512643502,true,true
200,20.0,150.17311142197292,100.59078491850832,0.8888419542098518,0.19667294031791016,149.79567224491342,150.68451419912327,100.46872179414306,100.66539473446097,true,false
200,20.0,149.7568123217691,99.9542848056945,1.098226455921008,0.20313870720877958,149.28725274567967,150.38547920160067,99.82759101090116,100.03072971810994,true,true
200,20.0,149.8136324627703,100.13619408651482,0.8374631434087689,0.17356153254910112,149.4529917071991,150.29045485060786,100.02781670510103,100.20137823765013,true,false
200,20.0,150.7223959387852,99.9244333423468,1.0841789433787596,0.19708796277681984,150.27055086449212,151.35472980787088,99.80080219696009,99.99789015973691,false,false
200,20.0,149.6296020052879,100.25146110090142,1.258569907051708,0.17970430800228598,149.09266322184033,150.35123312889203,100.13763207069636,100.31733637869864,true,false
200,20.0,150.1586352023956,100.91749267056505,0.8180520816142121,0.18909253497483292,149.82085214849013,150.63890423010434,100.79642789053416,100.985520425509,true,false
200,20.0,150.9651743653588,99.99150448909484,1.3407188788465874,0.19108738478422538,150.3821110283028,151.7228299071494,99.87149224518842,100.06257962997265,false,true
200,20.0,150.495655961843,100.5328187299456,0.7609942837040649,0.18454965120611178,150.1929649115137,150.95395919521778,100.4180384660468,100.6025881172529,false,false
200,20.0,148.88269799200134,99.90218995533789,1.230998219315552,0.1812798495669341,148.33258011296078,149.56357833227634,99.79018779610448,99.97146764567141,false,false
200,20.0,150.12623487060193,99.89931697257077,1.3052335951629175,0.19720947219781237,149.54564444982242,150.85087804498534,99.77198420752671,99.96919367972453,true,false
200,20.0,150.38391686820432,100.15108030303657,0.9075582707963576,0.18399713176337684,150.0170011384704,150.92455940926675,100.03360087354064,100.21759800530401,false,false
200,20.0,149.33244867705577,99.98718539128208,0.7868068750157136,0.1799256475255362,149.0027609575295,149.7895678325452,99.87488952810342,100.05481517562896,false,true
200,20.0,148.97265367114403,99.94479995348675,1.0296342103122242,0.1988392556031897,148.53365169561116,149.56328590592338,99.81806233578999,100.01690159139318,false,true
200,20.0,150.61180023264856,99.92627370844696,1.2746500773423293,0.17892796097292774,150.09776831614386,151.37241839348619,99.8147888317717,99.99371679274462,false,false
200,20.0,148.9602699705709,100.30675928187401,1.3347312567203744,0.1870885326192706,148.3686374598071,149.70336871652748,100.18549106110805,100.37257959372732,false,false
200,20.0,149.69756885751409,100.00496308772438,1.137005202950121,0.18195587206960795,149.2004601847402,150.33746538769032,99.89087196380693,100.07282783587654,true,true
200,20.0,150.25134988819354,100.04188392772664,1.218928113438352,0.18453546619826966,149.69098666424514,150.9099147776835,99.92735754763612,100.11189301383439,true,true
200,20.0,149.86206967295863,100.00178895404088,1.0122041939751227,0.1832375382060718,149.42786410815913,150.44006830213425,99.88584267600086,100.06908021420693,true,true
200,20.0,150.44046522944808,99.89981511063698,1.54062461005023,0.1796233587000131,149.74247880541813,151.28310341546836,99.78721040269355,99.96683376139356,true,false
200,20.0,151.10039574463275,100.41237660893275,1.3551639087540366,0.20026451811303048,150.52357997079753,151.87874387955156,100.28616577755074,100.48643029566377,false,false
200,20.0,149.70710116798,99.90367129386394,1.2472672965871539,0.1828125014252322,149.17938041572302,150.42664771231017,99.78787589844515,99.97068839987038,true,false
200,20.0,150.33954393809472,99.89100145971241,0.8770572589083372,0.19047876274143505,150.0056819870877,150.88273924599605,99.76988674706851,99.96036550980995,false,false
200,20.0,150.12194380962887,100.25266640628108,0.8926425753181491,0.19147932882751206,149.75821632530568,150.65085890062383,100.13331764317039,100.3247969719979,true,false
200,20.0,150.02428758767326,99.98738540678052,1.0097496428536488,0.18202537930996243,149.6092021011779,150.61895174403156,99.87174987850034,100.0537752578103,true,true
200,20.0,150.3499569070318,99.97620247549429,1.2205998895870778,0.1834671707351987,149.81801511205612,151.0386150016432,99.85815671332914,100.04162388406434,true,true
200,20.0,150.83557828131632,99.92369750986326,0.9439151231351559,0.1864167054909842,150.4338137162026,151.37772883933775,99.80310087457946,99.98951758007044,false,false
200,20.0,150.31211580918273,100.63837219153373,1.2393612287130793,0.1768541476546801,149.77011131048243,151.0094725391955,100.52839288172355,100.70524702937823,true,false
200,20.0,148.946867269804,99.94906714537441,1.1526950996902485,0.17976571630516958,148.4679566755618,149.62065177525204,99.83713129638289,100.01689701268806,false,true
200,20.0,150.0646115714111,99.91690471500462,1.2056453713670123,0.19112418900540717,149.55130680695825,150.75695217832526,99.79694923331493,99.98807342232034,true,false
200,20.0,148.27357693318737,99.89694619655948,0.9327831213252864,0.17598030826378874,147.8683834331178,148.80116655444309,99.78833649325435,99.96431680151814,false,false
200,20.0,147.90731389820493,100.15157383595843,0.9939677054611593,0.16845031554015577,147.4937889357584,148.48775664121956,100.0468482375952,100.21529855313536,false,false
200,20.0,150.4504535290042,100.13848675954954,1.1546308721460719,0.18078357141735069,149.97039125927284,151.12502213141892,100.02473443296253,100.20551800437988,true,false
200,20.0,149.5013868542831,99.90113497810765,1.3290134042189266,0.18302660932204162,148.9111889092166,150.24020231343553,99.7872498338997,99.97027644322174,true,false
200,20.0,149.92953857435003,99.89153047237919,1.0105825541779438,0.18359981588116625,149.47711011236763,150.48769266654557,99.77647465782255,99.96007447370371,true,false
200,20.0,150.45246953785187,99.9172243845353,0.8730678045336617,0.19227246136738074,150.08953625446432,150.96260405899798,99.79545357185448,99.98772603322186,false,false
200,20.0,148.57542498223353,99.91694555566573,1.3767688994148841,0.18878388998487594,147.93179910618568,149.30856800560056,99.79728814261529,99.98607203260016,false,false
200,20.0,148.97083920877157,99.94328210948714,1.2949545987368367,0.18022449901026505,148.37777726123358,149.6727318599704,99.82900397350626,100.00922847251653,false,true
200,20.0,150.37735351517807,99.87195251045043,0.8627252502750196,0.20307941633437565,150.02776521778162,150.89049046805664,99.74547449013446,99.94855390646883,false,false
200,20.0,148.9110093650828,99.99969553194597,1.0799525069976994,0.1703371509026539,148.452883049187,149.5328355561847,99.89220747285943,100.06254462376208,false,true
200,20.0,149.45046722742018,100.3151476567727,1.05792411110329,0.1895100659264699,149.00660967139189,150.06453378249518,100.19457654852698,100.38408661445345,true,false
200,20.0,148.74722304716278,99.92841563665004,0.9950959844466922,0.1767284550180932,148.33569403457332,149.33079001902001,99.81673633191077,99.99346478692887,false,false
200,20.0,148.6329836107682,100.01687474536847,1.1533035663863984,0.17657036438153284,148.14023523559823,149.29353880198462,99.90620585966742,100.08277622404896,false,true
200,20.0,148.64342316827077,100.02232457080785,1.270546245773886,0.1744052037771553,148.09347925078615,149.36402549656003,99.91119783593493,100.08560303971208,false,true
200,20.0,148.94838412518783,100.11937494126083,1.0547232356801146,0.18257889540817018,148.5029569628157,149.5576801984958,100.00056803986458,100.18314693527275,false,false
200,20.0,150.30099506697096,99.95612542877441,1.0851070925258455,0.17486261867769315,149.81793685978784,150.90304395231368,99.84512587504021,100.0199884937179,true,true
200,20.0,150.4282154370921,100.2338832643353,1.0118845762131343,0.18284041213431124,149.99316794113048,151.00505251734361,100.12218146898036,100.30502188111467,true,false
200,20.0,148.1477119457651,100.3009751919289,1.3496780574542697,0.16801126657310306,147.53994874671847,148.88962680417274,100.19723681929113,100.36524808586424,false,false
200,20.0,151.41648232280886,100.00169533050554,1.2447788115483434,0.19049193035232292,150.86333051700308,152.10810932855142,99.88544054509367,100.075932475446,false,true
200,20.0,149.29582284476658,100.12003085134239,0.8666975547967013,0.18398675222749716,148.9272928786026,149.7939904333993,100.0056732838845,100.189660036112,false,false
200,20.0,150.11586000192077,100.52625428672,0.8791302015075928,0.17149983292179627,149.75619211175717,150.63532231326477,100.41553087059134,100.58703070351314,true,false
200,20.0,149.90001997630625,99.94826805086679,1.0667600522274654,0.17627767690284202,149.43811275165604,150.5048728038835,99.83508613818445,100.0113638150873,true,true
200,20.0,150.47357452104842,100.06445137746641,1.1683468966549526,0.1841808166378911,149.95991314726,151.12826004391496,99.946776188588,100.1309570052259,true,true
200,20.0,149.5513486723152,99.91512548719024,1.256199214785454,0.18741420669378783,148.99317494504277,150.24937415982822,99.79454509539242,99.98195930208621,true,false
200,20.0,150.25760129578669,100.13681646862534,1.3881439297156533,0.17426666685193481,149.6652140845674,151.05335801428305,100.0293391988834,100.20360586573534,true,false
200,20.0,149.13023107122763,99.89012296264085,1.2135846453002728,0.17326881969138697,148.60141382587977,149.81499847118005,99.78214035576696,99.95540917545834,false,false
200,20.0,149.2985450782964,99.9976575436818,0.8810151188836812,0.18093292934828753,148.94749836748343,149.82851348636711,99.8816285056735,100.06256143502179,false,true
200,20.0,149.1039261881045,99.9034324936598,0.9085791535524379,0.18914746576048458,148.7311976539845,149.63977680753695,99.78421135278472,99.97335881854521,false,false
200,20.0,149.6503562027773,99.92514149205576,1.1247001007220376,0.1901254777149859,149.1803421473772,150.30504224809923,99.80376333370717,99.99388881142215,true,false
200,20.0,149.4550249987157,99.9585247136684,0.9758017171185998,0.18226265380297946,149.02284404394493,149.99864576106353,99.84348038840378,100.02574304220676,false,true
200,20.0,150.93798261847047,99.9621123826732,1.2238676094064544,0.18920863174426472,150.4183520428341,151.64221965224056,99.8438857702143,100.03309440195856,false,true
200,20.0,150.36953166781691,99.91811520477772,1.2215948445580125,0.18402803917570054,149.8349141643281,151.0565090088861,99.80522661739947,99.98925465657517,true,false
200,20.0,150.565769552966,100.17295238080573,0.994237900212994,0.18857661265391812,150.17002695805115,151.16426485826415,100.05497015199789,100.24354676465181,false,false
200,20.0,149.35410971950574,100.05680520790392,1.0792847050765317,0.17812949248755672,148.88829330799,149.96757801306654,99.94487543260902,100.12300492509658,false,true
200,20.0,149.34421165054357,99.9476533770455,0.9951198521622757,0.1863178194648185,148.93840302789013,149.9335228800524,99.82921763032107,100.01553544978589,false,true
200,20.0,149.85156528907595,100.29574614930951,1.3809840123618073,0.17709400582290868,149.24251555881273,150.62349957117453,100.18455186940922,100.36164587523213,true,false
200,20.0,149.54526693181674,99.9059809375772,1.2276466502144388,0.17481175778361546,149.0023764776905,150.23002312790493,99.79360500194149,99.9684167597251,true,false
200,20.0,150.0409264040224,99.90058524830877,1.166565406356284,0.19556734494830152,149.530082292777,150.69664769913328,99.77639326161636,99.97196060656466,true,false
200,20.0,149.89552688831975,100.10017718604303,1.2852575634371135,0.18350386056815182,149.32696346408267,150.61222102751978,99.98654415698215,100.1700480175503,true,true
200,20.0,148.47007642801955,100.25554685729345,1.054361292821369,0.18305231120545784,148.0161982681849,149.07055956100626,100.14062634683836,100.32367865804382,false,false
200,20.0,148.89787876779369,100.00108745948489,1.4311058300211528,0.19228641303500638,148.26708416648466,149.69818999650582,99.87621664953458,100.06850306256959,false,true
200,20.0,149.64439436476715,99.90552634936444,0.9914187927526257,0.18352871606147403,149.22391021811853,150.21532901087116,99.79078938159584,99.97431809765732,true,false
200,20.0,150.2336172402462,100.07991051252925,1.388016980344247,0.18387309486102765,149.61212405082608,151.00014103117033,99.96388548410442,100.14775857896545,true,true
200,20.0,149.95662526357705,99.89749983565623,1.1774388591124705,0.19025671414445355,149.46916826859447,150.64660712770694,99.77731547185537,99.96757218599983,true,false
200,20.0,150.61359355662955,99.91567750391829,1.2854707008633284,0.17544048814123414,150.0313520922836,151.31682279314694,99.80560847733574,99.98104896547697,false,false
200,20.0,150.9036920774643,99.88588500187292,1.2891341986222642,0.200001022772625,150.35039217685073,151.639526375473,99.76265003977541,99.96265106254803,false,false
200,20.0,149.21837800522522,99.9058728479408,1.1640242458908574,0.18480789244780738,148.71901136869639,149.88303561458724,99.78601426438347,99.97082215683128,false,false
200,20.0,150.65775339409578,100.07792288867955,1.0132029625842165,0.19482051830625835,150.24473479155768,151.2579377541419,99.95635010925386,100.15117062756012,false,true
200,20.0,151.09163938637974,99.90772990044336,1.3993166657063512,0.18450189827751728,150.46892949146576,151.8682461571721,99.79356729225036,99.97806919052788,false,false
200,20.0,150.99739727893294,99.91386637450725,1.320946228691298,0.19102827989600257,150.39175065956883,151.71269688826013,99.79203031299178,99.98305859288779,false,false
200,20.0,147.31271332176397,99.94709208403003,1.434711467849155,0.16370355237458512,146.68001462716313,148.1147260950123,99.84606292664063,100.00976647901521,false,true
200,20.0,149.76358763368071,100.31405439061258,1.2425014884009329,0.17592794345605967,149.22273846121317,150.4652399496141,100.2000642751242,100.37599221858027,true,false
200,20.0,149.645219613826,99.92147802972943,1.082491399937993,0.1735842773826164,149.17484125913336,150.25733265907135,99.81382144216855,99.98740571955116,true,false
200,20.0,150.34565540160412,100.31963005691603,1.5289224882873498,0.19096518328116474,149.6559092809492,151.18483176923655,100.19980368325076,100.39076886653193,true,false
200,20.0,150.03205880677228,99.96351920380924,1.2715720336028937,0.19065544328981332,149.4731123762226,150.74468440982548,99.84097231706562,100.03162776035543,true,true
200,20.0,150.49653574096192,100.32754014007101,0.9123893531279634,0.1970767813488976,150.1386023103971,151.05099166352505,100.2022780533825,100.3993548347314,false,false
200,20.0,149.7865371077675,99.92328448928248,1.2277106645369713,0.1766578014483997,149.24169043823574,150.4694011027727,99.81260841445192,99.98926621590032,true,false
200,20.0,149.19062381045245,99.93085221253628,1.1847911089160732,0.17510001187496016,148.69931183486256,149.88410294377863,99.82085663537335,99.9959566472483,false,false
200,20.0,149.79078247753205,100.18701985127488,1.002355408236724,0.18808015056384875,149.34864973143698,150.3510051396737,100.06706788579743,100.25514803636128,true,false
200,20.0,150.07084354421508,100.01415275921458,0.8615013219101684,0.1894617206754532,149.70355045293397,150.56505177484414,99.89731667289114,100.08677839356659,true,true
200,20.0,148.7425692003231,100.32359911245362,1.3092258808518693,0.19114283112432418,148.13501618295217,149.44424206380404,100.20536563891396,100.39650847003828,false,false
200,20.0,150.18151439588266,99.92124071369582,1.0068094511482286,0.17942399506202378,149.75904812778833,150.76585757893656,99.80683480149449,99.98625879655651,true,false
200,20.0,150.56705490616952,100.30250921506973,1.0775573588046257,0.17326501897119329,150.13015689715056,151.20771425595518,100.19408328982225,100.36734830879344,false,false
200,20.0,150.42128707620267,100.13232365952683,1.2817166826440882,0.22276697065447593,149.8251235080164,151.10684019066048,99.98461901966505,100.20738599031952,true,true
200,20.0,149.8149714845497,99.98212331859148,1.3251255803440927,0.1687363016358745,149.21516212613142,150.5402877064755,99.8743994679313,100.04313576956717,true,true
200,20.0,150.21118531821122,100.12511926239468,0.8798393925391963,0.17677675021307948,149.84534083199352,150.72518022453272,100.01231726603817,100.18909401625125,true,false
200,20.0,149.86319304342908,99.90304382629631,1.5695674123016374,0.18233978997358236,149.17934637008184,150.74891378238348,99.78676333347711,99.9691031234507,true,false
200,20.0,149.37759535037065,100.06455916658165,1.0372777140691198,0.17316174023488884,148.9576666977582,149.99494441182733,99.95637805510934,100.12953979534423,false,true
200,20.0,150.1084772899076,99.94126828328356,1.1022969251237953,0.1778966045886392,149.6297310129523,150.7320279380761,99.82885345704773,100.00675006163637,true,true
200,20.0,148.51114290682708,100.27567973842027,1.376473843150137,0.1775451086980837,147.87673908188407,149.2532129250342,100.16571687255748,100.34326198125557,false,false
200,20.0,150.72614036620618,99.92993275844671,1.2472932335725204,0.18339281018639042,150.18278194676108,151.4300751803336,99.81536408932436,99.99875689951075,false,false
200,20.0,149.37189276680556,100.37215061334868,1.564472695789135,0.17858248154354328,148.67360886866132,150.23808156445045,100.25725831688483,100.43584079842837,true,false
200,20.0,150.90246157142786,100.08035371348245,1.1747717686326666,0.1918211369167011,150.40938085478072,151.5841526234134,99.95964141093773,100.15146254785444,false,true
200,20.0,149.87104280556932,99.90905920319634,1.0170277393039555,0.20015997111026707,149.46375814285724,150.4807858821612,99.77983816099379,99.97999813210406,true,false
200,20.0,149.998889554921,100.0307911542433,0.9819028862912376,0.18401048907635698,149.5917331160274,150.57363600231864,99.91530513980311,100.09931562887947,true,true
200,20.0,150.84369476718246,100.00702214798386,0.9736097027444544,0.19398303081533186,150.42734276417022,151.40095246691467,99.88482538320969,100.07880841402502,false,true
200,20.0,151.39473421854504,99.88265190106878,1.4313696721277154,0.20145974698831992,150.7604393054703,152.19180897759801,99.75688965233898,99.9583493993273,false,false
200,20.0,151.23027649617433,99.91018131325029,1.2421144808486133,0.18985968990047297,150.69132652007264,151.93344100092125,99.78992513473294,99.97978482463341,false,false
200,20.0,150.56260336087718,100.08224222155727,0.955629328049298,0.18792108098014637,150.16720276067093,151.12283208872023,99.96232863564288,100.15024971662302,false,true
200,20.0,150.19349030334877,100.13791870489499,1.4260019512975646,0.17650885071341804,149.55788060442117,150.98388255571874,100.02779464705682,100.20430349777024,true,false
200,20.0,150.86805534286037,100.20095537001444,1.3813134744339663,0.17958925312800034,150.24039362194665,151.62170709638062,100.08725281456327,100.26684206769127,false,false
200,20.0,150.11363013363413,99.9406567455724,0.9338540150694428,0.17830580083514747,149.72498137144336,150.6588353865128,99.82730652530877,100.00561232614392,true,true
200,20.0,149.3989314034216,100.08221107448085,1.1813326333250416,0.1868071753464875,148.86976052090935,150.0510931542344,99.96886258201368,100.15566975736017,true,true
200,20.0,149.72541490518307,100.11375894402943,1.1218033408175359,0.18256997931683827,149.23709949515984,150.35890283597737,99.99758185992738,100.18015183924422,true,true
200,20.0,149.74481742972415,100.07069010921315,1.1041268861948481,0.18933395768604555,149.27489429690664,150.3790211831015,99.95349178751957,100.14282574520561,true,true
200,20.0,149.11086197354047,100.1244506821566,1.1771394671468443,0.18101905944131147,148.59609539654,149.77323486368684,100.01224482620152,100.19326388564284,false,false
200,20.0,149.7937860367705,100.15768257903568,0.975216715378707,0.1777460831033295,149.38003614229868,150.35525285767739,100.0462079017459,100.22395398484923,true,false
200,20.0,148.1391933406444,100.36973252365206,1.0817153112907079,0.17634555642226246,147.67838832495977,148.76010363625048,100.25847037392026,100.43481593034252,false,false
200,20.0,149.52347082222317,100.08667320554149,1.0405772986878787,0.1984580244997005,149.06863463056231,150.1092119292502,99.96081138166201,100.15926940616171,true,true
200,20.0,149.56013283508236,100.35855403165289,0.9664215560534046,0.18407925848443085,149.15587618202198,150.1222977380754,100.24344507500314,100.42752433348757,true,false
200,20.0,150.044211273308,99.9748822560849,0.8453517641149233,0.19422732525434583,149.70442309260636,150.54977485672129,99.85239234817176,100.04661967342611,true,true
200,20.0,150.31883822155464,100.06714718937113,1.40468327818175,0.18057148516784594,149.70602980314692,151.11071308132867,99.9526380265873,100.13320951175514,true,true
200,20.0,149.63325535269786,99.98600984454157,1.2780518899548383,0.18656653550641522,149.05511214323442,150.33316403318926,99.8684081210454,100.05497465655182,true,true
200,20.0,149.80280116056872,99.94163700331913,1.0699572902315992,0.17699562604931884,149.35096124658963,150.42091853682123,99.83063768128068,100.00763330733,true,true
200,20.0,150.3109037843765,99.91264382596219,1.404741398763548,0.18765992942262244,149.68974753204535,151.0944889308089,99.79306835407132,99.98072828349395,true,false
200,20.0,150.47402256435504,99.8985613717303,1.1245372176742308,0.19258701187445126,150.00323276954612,151.12776998722035,99.77376045347681,99.96634746535126,false,false
200,20.0,150.10656121264327,99.93857260092639,1.0408816357293063,0.1950555658194446,149.65984408579726,150.70072572152657,99.81596047179741,100.01101603761686,true,true
200,20.0,148.33870706251446,100.07624155222886,1.2652148659435625,0.17960286747974408,147.80703090709375,149.0722457730373,99.9631819643118,100.14278483179154,false,true
200,20.0,150.32200439822478,100.31323060100968,0.9452512931801209,0.1907377043103935,149.91137542648892,150.85662671966904,100.19059880213189,100.38133650644228,true,false
200,20.0,150.5620465140715,100.3640919303764,1.2850449942868636,0.18949274245595404,150.00429365127172,151.2893386455586,100.24280758770331,100.43230033015926,false,false
200,20.0,150.9160289788636,99.98436933103176,1.3521226719869333,0.17752036704646912,150.31982544973056,151.6719481217175,99.87081850786345,100.04833887490992,false,true
200,20.0,150.4924382519413,100.01560766605542,1.288118653344867,0.19442785046858546,149.92984726073675,151.21796591408162,99.89133469059014,100.08576254105873,true,true
200,20.0,148.24821002860045,99.98724874957138,1.156586387467911,0.18052593280276596,147.78274541555203,148.93933180301994,99.87393959004694,100.05446552284971,false,true
200,20.0,149.75393338360578,99.92332531507421,1.2041716069587096,0.19381852345954087,149.23702773951584,150.44119934647455,99.80414625181099,99.99796477527053,true,false
200,20.0,150.6670193959082,100.0800857222645,1.1850625361930156,0.1850205429264804,150.15139524732635,151.33645778351936,99.96444682223954,100.14946736516602,false,true
200,20.0,151.00375908100807,99.98490783414867,1.291226558091239,0.17568877466818833,150.45457642992662,151.74580298801786,99.87191213065142,100.04760090531961,false,true
200,20.0,149.4849209056128,99.88530576271302,1.164656306450354,0.19383369910771364,148.99597293107024,150.1606292375206,99.76244659447126,99.95628029357897,true,false
200,20.0,149.08786404718677,99.9249114955372,0.982196804930993,0.18610498435009504,148.67501816682912,149.6572149717601,99.80538776078185,99.99149274513195,false,false
200,20.0,150.6950146212372,99.9259375663613,0.9805442076922475,0.19862331736237593,150.29000241177584,151.2705466194681,99.79763159035105,99.99625490771342,false,false
200,20.0,150.25269498286892,100.12519845338242,1.3999022106727352,0.17768105124487477,149.60780682134407,151.0077090320168,100.01391462902625,100.19159568027112,true,false
200,20.0,150.1447066342472,99.97500240634506,1.1374995737923541,0.19265238309876054,149.64767308197816,150.7851726557705,99.84981068717371,100.04246307027248,true,true
200,20.0,148.44642911737589,100.12420708886145,1.242547364834678,0.18187019552863148,147.86926525706517,149.11181262189984,100.00791216652327,100.1897823620519,false,false
200,20.0,149.99050962778665,100.03395803328524,0.827601716035673,0.1959240681051142,149.6509255320103,150.47852724804596,99.91012502278019,100.1060490908853,true,true
200,20.0,149.8218517059562,100.00042899294205,1.4541665275325215,0.18626038840085357,149.16872344874994,150.62288997628247,99.88517879960287,100.07143918800372,true,true
200,20.0,151.27143664948957,99.93482899569184,1.2631268429275337,0.17933486700613344,150.67118725121608,151.93431409414362,99.82065436204866,99.99998922905479,false,false
200,20.0,149.03090468191465,100.04941052175116,1.1584692683570665,0.18495343443217394,148.510082806112,149.66855207446906,99.93080405979342,100.11575749422559,false,true
200,20.0,150.5597163155762,100.2735191403407,1.1825700959892345,0.19686863538463228,150.02539966130877,151.207969757298,100.14939756834255,100.34626620372718,false,false
200,20.0,149.3945380511026,100.03003571904966,1.384027198843853,0.17147747251522105,148.772220058417,150.15624725726084,99.92274923978073,100.09422671229595,true,true
200,20.0,148.67530238341683,99.9527372658685,0.9852618923031855,0.17305631114777498,148.26068213896704,149.24594403127023,99.84353325429639,100.01658956544416,false,true
200,20.0,148.81204264709703,100.14347142561004,1.219634668146,0.17423025826587946,148.2630720091373,149.4827066772833,100.03319799015748,100.20742824842335,false,false
200,20.0,148.0497591920319,99.91246448672183,1.2406567640125274,0.19188288027154954,147.51820967411908,148.7588664381316,99.79217679681787,99.98405967708942,false,false
200,20.0,148.16310953598844,100.04787857726089,0.7570100891146012,0.17529239216747783,147.85049085308788,148.60750094220248,99.93556323444525,100.11085562661273,false,true
200,20.0,150.58983241256345,99.9138829654859,1.245629442316016,0.19458430381730807,150.0618706735685,151.30750011588452,99.79153459036081,99.98611889417812,false,false
200,20.0,149.0940854636184,100.07939670243556,1.1406647122528568,0.1805327020613987,148.60350765940728,149.74417237166014,99.96640012454145,100.14693282660285,false,true
200,20.0,148.9681001043055,99.98161213592789,1.1902124682754618,0.18063598123310953,148.46872622276433,149.6589386910398,99.86694384713023,100.04757982836334,false,true
200,20.0,151.03118231666014,99.90496288907885,1.2495431722409194,0.19345147178380273,150.47996397308086,151.72950714532178,99.7802024984311,99.9736539702149,false,false
200,20.0,150.0951877747617,99.91432869144826,1.1877309913341207,0.18278592989943832,149.59875355998096,150.78648455131508,99.79900866815355,99.98179459805299,true,false
200,20.0,148.60171491294534,99.93196571676165,1.1210738170102843,0.17965397864193733,148.11138246507656,149.23245628208684,99.8190902394592,99.99874421810114,false,false
200,20.0,149.89127915593923,99.94139464539751,1.5864787418107085,0.1860374568317127,149.17128921792354,150.75776795973425,99.82047406100949,100.0065115178412,true,true
200,20.0,150.62076074217788,100.10231356718865,1.2573162353303076,0.17783282339830464,150.08454347030485,151.34185970563516,99.99083862188789,100.1686714452862,false,true
200,20.0,150.85793119244323,100.19995148832703,1.249879246220189,0.18636092269242965,150.33234945295877,151.58222869917896,100.08303252652406,100.2693934492165,false,false
200,20.0,149.50960227805905,100.03384861638833,0.9426959609554046,0.1733660691693757,149.1036049311781,150.0463008921335,99.9229751233279,100.09634119249728,true,true
200,20.0,150.8394733972376,100.14891724549595,1.3684490135929082,0.1884387734849895,150.21782209465152,151.58627110824443,100.0294622018495,100.21790097533449,false,false
200,20.0,149.9602848210601,100.285617488013,1.3425215944969864,0.1774721516833324,149.36159826667745,150.70411986117443,100.17295607696876,100.35042822865209,true,false
200,20.0,149.684824458585,100.14870941791807,1.1757673650233187,0.1914368248202294,149.15471773779603,150.33048510281935,100.02689282205363,100.21832964687385,true,false
200,20.0,150.4865401483217,99.98541416468831,1.3392956284848765,0.19105946063267254,149.90607747289394,151.24537310137882,99.86617053341111,100.05722999404378,true,true
200,20.0,150.4960859382208,100.13720068965186,1.1524370825008816,0.1883157701982867,150.0258660158317,151.17830309833258,100.01747695104585,100.20579272124414,false,false
200,20.0,150.02615566071725,100.02170670073441,0.8952337725827135,0.18554094770391316,149.64509930644428,150.540333079027,99.90695894020686,100.09249988791078,true,true
200,20.0,150.83690089678657,100.46091382849633,1.0856585535090915,0.18450566587259232,150.36884073870033,151.45449929220942,100.34654353225633,100.53104919812893,false,false
200,20.0,149.7175032722281,99.9201012973545,1.1977439996111627,0.17952888161185854,149.20362420808002,150.40136820769118,99.8080698206023,99.98759870221416,true,false
200,20.0,150.29860613018332,100.29021314448421,1.6314806712658196,0.19054180029353063,149.52662498660706,151.15810565787288,100.16955691187255,100.36009871216608,true,false
200,20.0,150.40924448838365,99.90108438232949,1.0467440083702115,0.18905628341572367,149.96358197553113,151.01032598390134,99.78442370661416,99.97347999002989,true,false
200,20.0,148.75325918940524,100.05296017655337,1.2047637964955413,0.18780996898777857,148.20531354399407,149.4100773404896,99.9301208223626,100.11793079135037,false,true
200,20.0,150.97026396985734,99.97656972494225,1.1707291236882895,0.19672956942491737,150.46873145506942,151.6394605787577,99.84830267039294,100.04503223981786,false,true
200,20.0,149.47388916337133,100.06911803418538,1.1951873686888916,0.1902043122019279,148.96562734509837,150.16081471378726,99.94753605592808,100.13774036813001,true,true
200,20.0,149.97243310371027,99.89467741798481,0.9606840448759044,0.17235108175376013,149.57564831464077,150.53633235951668,99.78684101431907,99.95919209607283,true,false
200,20.0,149.9877960339182,99.89000135135066,1.2773293821677782,0.18357541225958585,149.44338027988115,150.72070966204893,99.77412153206662,99.9576969443262,true,false
200,20.0,149.82190272395204,100.64346647291367,1.3533824653912063,0.18574755414465471,149.24255648418867,150.59593894957987,100.52975424518665,100.7155017993313,true,false
200,20.0,149.67719850376037,99.95778691960126,1.0421736383468954,0.18698169960519806,149.22914679333203,150.27132043167893,99.8389204313278,100.02590213093299,true,true
200,20.0,150.35010049036305,100.0674835745678,1.3635122594143922,0.17985415562134222,149.76792101347502,151.1314332728894,99.95492202149187,100.13477617711321,true,true
200,20.0,148.90664871164535,100.05022105865237,1.1085950791726589,0.17221633556904692,148.42296673967317,149.53156181884583,99.9421416478259,100.11435798339495,false,true
200,20.0,148.8394888486344,100.04345073620948,1.2373716370466923,0.19074086608233642,148.32392216071202,149.5612937977587,99.92268311532337,100.1134239814057,false,true
200,20.0,148.7698944889768,100.19880578614233,1.2774867741919422,0.17474296779256804,148.19685086907947,149.4743376432714,100.08768230554958,100.26242527334215,false,false
200,20.0,150.43099594615347,99.90149333783906,0.8659195488158105,0.19234575147278576,150.08016888262367,150.94608843143948,99.7793982742794,99.97174402575219,false,false
200,20.0,150.25666836070633,99.9090559971826,1.2319475634856758,0.18593372777267803,149.72656782273287,150.95851538621855,99.79393970851105,99.97987343628373,true,false
200,20.0,150.52882934878795,99.96498659489043,1.1234719343911763,0.18179847725632214,150.02746980472554,151.15094173911672,99.85404257876672,100.03584105602305,false,true
200,20.0,148.79523041996447,99.92772995777173,1.5223962521502017,0.1772605183771674,148.09071146191354,149.61310771406374,99.81319018870485,99.99045070708202,false,false
200,20.0,150.62217347777656,99.9508457424918,1.4513196218957205,0.19701519662203282,149.98854836113713,151.43986798303285,99.82745078915511,100.02446598577714,true,true
200,20.0,149.39141113195876,100.00398286941814,1.233946269823349,0.20121915709674454,148.86256582055418,150.09651209037753,99.88051054724744,100.08172970434418,true,true
200,20.0,150.52879221621595,100.04155942781138,1.009913804160874,0.18130376393085612,150.09300240228941,151.1029162064503,99.92513666955247,100.10644043348333,false,true
200,20.0,150.73214569484412,100.11168413102271,1.1417920502258596,0.19223845542434503,150.26165101326583,151.4034430634917,99.99045880442274,100.18269725984709,false,true
200,20.0,151.14901823168142,100.22861053946272,1.2247740214585292,0.19428181901351138,150.58454209426378,151.8093161157223,100.10698742999168,100.30126924900519,false,false
200,20.0,150.7754550452932,100.22146551125627,1.1365616268927,0.18681506580514906,150.2921621312337,151.4287237581264,100.10129484143502,100.28810990724017,false,false
200,20.0,150.70094251903362,99.99553164764114,1.0318612316735027,0.19515593998266922,150.26596536586362,151.29782659753712,99.86886282537532,100.06401876535799,false,true
200,20.0,150.98966412204175,99.95424903440762,1.0112501739471895,0.18534047242521012,150.55973139893348,151.57098157288067,99.83805280916616,100.02339328159137,false,true
200,20.0,148.7605637322136,99.93186180803023,0.9464726011275673,0.18184138006749606,148.38335842009815,149.32983102122571,99.816777061694,99.9986184417615,false,false
200,20.0,149.73206211924992,99.89188395248244,1.0484048375734574,0.17713713110367735,149.29803278019048,150.34643761776394,99.77892941022574,99.95606654132942,true,false
200,20.0,149.60775848290638,99.93799078550805,1.3185911634845127,0.17571989574371116,149.01405493093523,150.33264609441974,99.8261251125818,100.00184500832552,true,true
200,20.0,148.1179245539871,100.00326299102817,1.2481080332653107,0.17348395886835988,147.5621387273502,148.8102467606155,99.8961857234892,100.06966968235756,false,true
200,20.0,150.3018121293931,100.01136048250366,0.9649374282624024,0.18876408187931304,149.9009759276649,150.8659133559273,99.89223682664131,100.08100090852062,true,true
200,20.0,147.83158627419667,99.8918080527346,0.978705452684494,0.17400303041962673,147.40226870119926,148.38097415388376,99.78167886656303,99.95568189698265,false,false
200,20.0,149.72071888649336,100.01745943232018,0.8598520533425642,0.19126304782442105,149.36163950895272,150.22149156229528,99.89778187560036,100.08904492342478,true,true
200,20.0,149.4982037765184,100.50951411147345,0.9116616086694194,0.18408193424038188,149.1316540912049,150.0433156998743,100.39602733886008,100.58010927310046,true,false
200,20.0,148.6872341971429,99.92077074136134,0.9357640129892388,0.1934413825759833,148.29277744881142,149.22854146180066,99.79744365992619,99.99088504250217,false,false
200,20.0,150.16644113409353,100.40236023128737,0.9005525838212236,0.1840846517318795,149.79965111303395,150.70020369685517,100.28805078718874,100.47213543892062,true,false
200,20.0,147.76698025406296,100.02154422823307,1.1007305589241412,0.176485429803364,147.2915178711582,148.39224843008233,99.90720077268182,100.08368620248518,false,true
200,20.0,150.34555403478714,99.89909429700452,1.243933367177732,0.1976419035691066,149.80056537276397,151.0444987399417,99.7721159581371,99.96975786170621,true,false
200,20.0,149.2301778077782,99.97872080148753,1.3171404491135092,0.18973840593552893,148.6353353510963,149.9524758002098,99.85904307913401,100.04878148506954,false,true
200,20.0,149.64478357455704,100.16470522079872,1.3376184337006407,0.18452586938610693,149.04962709801916,150.3872455317198,100.05003273847277,100.23455860785887,true,false
200,20.0,149.3433735276365,99.91380664830649,1.4120062306998022,0.1749146900740186,148.7046841822921,150.11669041299191,99.80231420072336,99.97722889079738,true,false
200,20.0,150.03093306771413,99.87939670075977,1.3145878328761285,0.20136967538491035,149.48746386122724,150.80205169410337,99.75065115739929,99.9520208327842,true,false
200,20.0,150.37963766139598,100.1658089542398,0.9872446328524518,0.18951676804340423,149.94795400144105,150.9351986342935,100.04659504998978,100.23611181803318,true,false
200,20.0,150.36491735880645,99.97305793626958,1.304017806257093,0.18739662805487,149.7775191039796,151.0815369102367,99.85438863385005,100.04178526190492,true,true
200,20.0,148.63755179130436,99.95802614796298,1.0868156224102279,0.17575817008119543,148.1738909960506,149.26070661846083,99.84593749225672,100.02169566233792,false,true
200,20.0,150.41407356407586,100.01056872846453,1.0901913065669078,0.19396366383564612,149.94443037880325,151.03462168537015,99.88817602247084,100.08213968630649,true,true
200,20.0,150.30412440377887,99.87796292314081,1.046109338511286,0.20445157795111868,149.87727609385615,150.92338543236744,99.75167828953249,99.95612986748361,true,false
200,20.0,148.5847336973562,100.16678282628001,1.2922761672324725,0.17749687760201027,148.00408220076045,149.29635836799292,100.05413589597984,100.23163277358185,false,false
200,20.0,149.6000327759346,100.00658055827564,1.0376295558718311,0.1807820822100581,149.1777340973608,150.21536365323263,99.89599694206366,100.07677902427372,true,true
200,20.0,149.01485248539288,100.26903413006129,1.036896843752345,0.18004399912469182,148.56700434188082,149.60390118563316,100.15558683624312,100.33563083536781,false,false
200,20.0,150.64693344882662,100.36803017131224,0.9687150398943345,0.1817348828295593,150.23209649248835,151.2008115323827,100.25443327810588,100.43616816093544,false,false
200,20.0,149.82421340072534,99.91369413117798,0.863731444690643,0.18937010393685227,149.48499932674855,150.3487307714392,99.79475446605048,99.98412456998733,true,false
200,20.0,149.69395084617088,99.97668235675374,0.8120845689944929,0.19526650607380702,149.3552943811186,150.1673789501131,99.85437770626606,100.04964421233987,true,true
200,20.0,149.79352020324373,99.95723662464059,1.2706997977186631,0.18193509228342464,149.23484273247448,150.50554253019314,99.84201700884302,100.02395210112644,true,true
200,20.0,151.07393988460706,99.9192710765499,1.1197715042367804,0.19819496975985373,150.57924930606563,151.69902081030241,99.79352560776938,99.99172057752924,false,false
200,20.0,148.4156377786523,99.91212554921944,1.14194208213587,0.17647224285877883,147.92766142052903,149.0696035026649,99.79824255262602,99.9747147954848,false,false
200,20.0,149.9087373887312,100.03091419527102,1.3445748783187241,0.19073675253090983,149.33332710162858,150.6779019799473,99.91073853457283,100.10147528710374,true,true
200,20.0,149.8915886663217,100.00138250401591,1.1907552777899184,0.1780147179916156,149.40279200407267,150.59354728186258,99.88869894834998,100.0667136663416,true,true
200,20.0,150.16481584583082,99.93455226713822,1.055105147012057,0.19919656127483165,149.71506138373303,150.7701665307451,99.81027956303514,100.00947612430997,true,true
200,20.0,150.52446747706506,99.88490747281185,1.1321314612190179,0.1840745882110042,150.02754763972067,151.15967910093968,99.7713840988034,99.9554586870144,false,false
200,20.0,150.08042301425024,100.00815006872195,1.1084063894269605,0.18822087926646702,149.62040449055655,150.7288108799835,99.88681649814139,100.07503737740785,true,true
200,20.0,148.89820062097107,100.02464298161314,1.2516482408035472,0.18256244607138683,148.32955641500666,149.5812046558102,99.91083851186892,100.0934009579403,false,true
200,20.0,149.22570717302585,99.93779590132692,1.0215469766289402,0.17750624253253022,148.78509113604994,149.80663811267888,99.82999864608978,100.00750488862231,false,true
200,20.0,150.4473452743606,99.8882813983146,1.0845720743293157,0.1873701398810539,149.98348550407616,151.06805757840547,99.76998732892817,99.95735746880922,true,false
200,20.0,148.30318344459118,99.88973718052476,1.408055624695976,0.18477434958414563,147.67092246832385,149.07897809301983,99.77542950852035,99.96020385810449,false,false
200,20.0,149.77814811604316,99.9794614774392,1.2976157129409955,0.17392453834213484,149.18695597761769,150.48457169055868,99.87088733254902,100.04481187089115,true,true
200,20.0,149.36604559112638,100.06079898399743,1.506146798052498,0.18972597588104634,148.65161736059872,150.15776415865122,99.94224211683981,100.13196809272085,true,true
200,20.0,150.3298294278398,100.07825378265093,1.0899852360919624,0.19294183708888113,149.87364302799168,150.96362826408364,99.9554493241858,100.14839116127469,true,true
200,20.0,150.31892941770775,99.93432627690783,1.2593377675451904,0.17558647156425877,149.7836086214364,151.0429463889816,99.8257552667921,100.00134173835636,true,true
200,20.0,149.89662664928147,100.02500009067344,1.0946794416889816,0.18750980103362735,149.42006053479744,150.51473997648642,99.90832539695315,100.09583519798677,true,true
200,20.0,150.18842913060635,100.24414553938234,1.2030037585203672,0.19969080125218852,149.6337266118293,150.83673037034967,100.11776616845603,100.31745696970822,true,false
200,20.0,149.3392107222116,100.10533048940475,1.2840492366451883,0.18808819445030167,148.76607001520992,150.0501192518551,99.98471732702119,100.17280552147149,true,true
200,20.0,150.02138452327262,99.99657325341505,1.0848954442535614,0.1787536185411227,149.56855341359017,150.65344885784373,99.88055811242029,100.05931173096141,true,true
200,20.0,150.19910729084853,100.06913825131386,1.0902333977739431,0.17716028040648268,149.7557254482016,150.84595884597553,99.95409089525097,100.13125117565745,true,true
200,20.0,150.2653669606114,100.01616669200047,1.4173310809244128,0.18117530547483796,149.60152798946334,151.01885907038775,99.90101289645193,100.08218820192677,true,true
200,20.0,149.95110136330592,99.89002464136524,0.9304798447658413,0.1843290069185315,149.5842385455684,150.51471839033425,99.77564589443985,99.95997490135838,true,false
200,20.0,149.66157022246063,99.93216425874785,1.238958886095844,0.18863333251896108,149.10844534239078,150.34740422848662,99.81317637705374,100.0018097095727,true,true
200,20.0,150.0142608657519,100.06451497246707,1.1622635279713904,0.18352269799665066,149.49278540423666,150.65504893220805,99.95070335759554,100.1342260555922,true,true
200,20.0,150.4411027300611,100.11500698190738,0.9578425546075948,0.18685147381498268,150.04635914659323,151.00420170120083,99.99784239965219,100.18469387346717,false,true
200,20.0,149.21283466769756,100.42203870154458,0.9765715813599343,0.17712463548198798,148.79318577259656,149.7697573539565,100.31056257961293,100.48768721509492,false,false
200,20.0,148.62861248835662,99.96093623884767,1.0547616482327555,0.1746349755540848,148.16806977781619,149.22283142604894,99.85404596095677,100.02868093651085,false,true
200,20.0,149.76048597688293,99.8981201696234,1.2248151916151926,0.19878650958126798,149.23831245933602,150.4631276509512,99.77265653487572,99.97144304445699,true,false
200,20.0,150.66721785481081,99.94057796033384,1.105436582116937,0.18493540430414157,150.18236402357718,151.28780060569412,99.82739489954747,100.01233030385161,false,true
200,20.0,149.90593584165163,100.18158643713235,1.2287843452225218,0.18560977360144193,149.3549442427232,150.58372858794573,100.06523246048864,100.25084223409009,true,false
200,20.0,148.9177547297847,99.9464425891436,1.1365482558382496,0.19572092094490756,148.42186115432997,149.55840941016822,99.81839135979295,100.01411228073786,false,true
200,20.0,150.29709981100234,100.12497800405126,1.1142605297420118,0.18337809413701223,149.83134987607858,150.9456104058206,100.00963242659444,100.19301052073145,true,false
200,20.0,149.09828654981112,99.89041707646774,1.105170811272643,0.17858479684994677,148.63907512186478,149.74424593313742,99.77650457872736,99.9550893755773,false,false
200,20.0,150.8751367024876,99.95415849218641,1.1221283653173089,0.19911111654784008,150.37574852066797,151.49787688598528,99.82512486888015,100.02423598542799,false,true
200,20.0,150.45845084722072,99.9545831100645,1.1141743903996826,0.19816643989118177,149.9867022718385,151.1008766622382,99.82757585004873,100.02574228993991,true,true
200,20.0,150.78590999473175,99.98105860028802,1.17296909057805,0.18677844037215152,150.297727527741,151.47069661831904,99.86443674338548,100.05121518375763,false,true
200,20.0,149.86524330270186,100.05420531244513,1.0559200045397859,0.19611306581688837,149.40348846831603,150.4594084728558,99.93070056718767,100.12681363300456,true,true
200,20.0,150.95819151424266,99.87934839064627,1.3868303661756727,0.20084255434056786,150.3492169855867,151.73604735176238,99.75290339505455,99.95374594939511,false,false
200,20.0,149.69378048752003,99.9192826574544,1.3004503899838937,0.19797563806994845,149.12130115434857,150.42175154433247,99.793706512732,99.99168215080195,true,false
200,20.0,149.95971664209267,99.92006270831389,1.0341464483597917,0.1937823711403439,149.51764797230481,150.5517944206646,99.79527276768269,99.98905513882303,true,false
200,20.0,151.12942881977006,100.59185767170109,1.1746570276596628,0.17165082863046166,150.63234259495619,151.80699962261585,100.48518492302975,100.65683575166021,false,false
200,20.0,150.76341742842658,99.90475490508365,1.2464715406690061,0.1879093542422936,150.21454679622713,151.46101833689613,99.78557365406937,99.97348300831166,false,false
200,20.0,148.63054273946037,100.0295199602634,1.2250940876971868,0.18998909383920193,148.07475985711153,149.29985394480872,99.90677743601914,100.09676652985834,false,true
200,20.0,150.293673619824,99.89619606029663,0.9740181358928908,0.1866040380437255,149.87664445413662,150.85066259002951,99.77715840760645,99.96376244565018,true,false
200,20.0,149.46223800619137,100.06958063785893,1.1753474004424334,0.17301893647440636,148.95354746589777,150.1288948663402,99.95931568431519,100.13233462078959,true,true
200,20.0,149.94085591594705,100.01814358478997,1.0127311822105867,0.18073386218759424,149.5243799741274,150.537111156338,99.90608936031938,100.08682322250698,true,true
200,20.0,150.2959987940909,100.02804022767037,1.2842185820387897,0.1761298289535631,149.71054831910516,150.99476690114395,99.91678988054984,100.0929197095034,true,true
200,20.0,149.14712904343017,100.0686632425199,1.4088176055706185,0.18477828079331005,148.5268687634116,149.93568636898223,99.95046991060005,100.13524819139336,false,true
200,20.0,149.14658886441754,100.16439907755554,1.1987075364715736,0.1804612155359564,148.6052216066561,149.80392914312768,100.04883533963732,100.22929655517328,false,false
200,20.0,149.66040165773137,99.96668205698916,1.0452026064029667,0.18004981994303648,149.2092449790879,150.25444758549088,99.85227880783806,100.0323286277811,true,true
200,20.0,150.85004038352736,99.99295382573355,1.3594656964483818,0.19238032963664864,150.24991019974618,151.60937589619456,99.8683535101525,100.06073383978915,false,true
200,20.0,151.14346460627002,99.91546048302803,1.2233349833223883,0.19660903718448708,150.59158934507883,151.81492432840122,99.78970296544735,99.98631200263183,false,false
200,20.0,150.53135937423002,99.89157645587082,1.171972739669087,0.18984517447375993,150.0235521819419,151.195524921611,99.77172183224735,99.96156700672111,false,false
200,20.0,150.250700588506,100.09720021747277,1.3740875944340587,0.18138813596156922,149.63597690691688,151.01006450135094,99.9830023699086,100.16439050587017,true,true
200,20.0,150.06967234127237,100.1841136654188,0.9456540237181912,0.1807889012847994,149.6716836958479,150.61733771956608,100.07201741526727,100.25280631655207,true,false
200,20.0,149.0584690488854,99.89178755136643,1.28635429586069,0.17961939567516083,148.47583889298505,149.76219318884574,99.78276257212342,99.96238196779858,false,false
200,20.0,149.68159206682185,99.90418948089334,1.0919451195929355,0.1882741816991711,149.2058438173601,150.29778893695303,99.78543121486938,99.97370539656855,true,false
200,20.0,149.63113260249662,100.28624000859782,0.8995005779423764,0.19102601248866335,149.26168300065683,150.1611835785992,100.16387140756771,100.35489742005637,true,false
200,20.0,148.67353178225233,99.92025971773579,1.3398225896127371,0.17993580109528295,148.06558208775402,149.40540467736676,99.80791379880147,99.98784959989675,false,false
200,20.0,150.28702443103407,99.88689886916993,0.8480977646678411,0.18123407635538058,149.94243403083667,150.7905317955045,99.7745575124717,99.95579158882708,true,false
200,20.0,150.75695754248807,99.90662229881706,1.2464411820649275,0.1792839338589971,150.21375768922158,151.4601988712865,99.79307201719958,99.97235595105857,false,false
200,20.0,150.08683234333773,100.11248199240652,1.1523509791373954,0.1939730263044055,149.61368920614956,150.76604018528695,99.9894401734611,100.18341319976551,true,true
200,20.0,150.63704561695468,100.2218342630631,1.006625775133216,0.19158346255728986,150.22155877017633,151.22818454530955,100.10137807211588,100.29296153467317,false,false
200,20.0,149.59347248550188,99.97917073154422,1.0872887262024165,0.17491092229880678,149.13384332880617,150.22113205500858,99.86889377529648,100.04380469759529,true,true
200,20.0,149.09416592180156,99.92987939916303,1.2169267724860902,0.19014437096946324,148.5656998871928,149.7826266596789,99.81023393312047,100.00037830408993,false,true
200,20.0,150.47135958601248,100.06338217606685,0.8694491768119121,0.18617784362226075,150.1246536018713,150.9941027786832,99.94470841393937,100.13088625756163,false,true
200,20.0,150.43022250858792,99.89997794960732,1.0557040744091921,0.19815699415823929,149.97175117600563,151.02745525041482,99.77333571475795,99.97149270891619,true,false
200,20.0,150.66107136083227,99.93545798063514,0.9909799294653112,0.19447588139391314,150.24946643101836,151.24044636048367,99.81337309977553,100.00784898116945,false,true
200,20.0,150.54043191521572,100.15354080702141,1.1511557375480095,0.1808044064113119,150.07541776541552,151.22657350296353,100.03980339740811,100.22060780381942,false,false
200,20.0,150.31142296427652,100.04584908267987,0.8269617263667612,0.18060656781553064,149.9589691294099,150.78593085577666,99.93182606143498,100.1124326292505,true,true
200,20.0,149.74249451779883,99.95008689269446,1.128205061477189,0.18320488329744933,149.24993011061426,150.37813517209145,99.833947929396,100.01715281269345,true,true
200,20.0,150.37648349843124,99.89150056745103,1.0896639345839105,0.19272401249541815,149.91063739266366,151.00030132724757,99.76787931275899,99.96060332525441,true,false
200,20.0,149.4535380921517,100.33468282766519,1.1210365921234313,0.18315498550505538,148.9983306567837,150.11936724890714,100.21881902592872,100.40197401143378,true,false
200,20.0,149.8143962049918,100.05663412809872,1.0974550236084895,0.18517505659677624,149.34203623045764,150.43949125406613,99.93857086353415,100.12374592013093,true,true
200,20.0,150.66283736113414,100.36265257643788,0.8756170471042424,0.1847817005986201,150.3062480753348,151.18186512243904,100.24737178314415,100.43215348374277,false,false
200,20.0,150.7230487945749,99.96734119801725,1.2072040143151526,0.1976635852169295,150.21946102674116,151.4266650410563,99.84058966865673,100.03825325387366,false,true
200,20.0,149.5776972100686,100.08571763661018,1.0732824197829132,0.18226132646158533,149.09313702871071,150.16641944849363,99.97243119912319,100.15469252558478,true,true
200,20.0,149.57217116706363,100.00153578975787,1.1528330996534066,0.1889284909218958,149.0859913094242,150.2388244090776,99.88055976634615,100.06948825726805,true,true
200,20.0,150.74125869234683,100.04811738660331,1.0635313581190076,0.1776558604764915,150.30361401017433,151.36714536829334,99.93798660554657,100.11564246602306,false,true
200,20.0,148.8046101698939,99.91431216525689,1.0941107027187797,0.16888524668132732,148.3389140425186,149.4330247452374,99.80606455773342,99.97494980441475,false,false
200,20.0,149.97850631765277,100.47099168567823,1.1174549085952492,0.1690097453887347,149.53008080762385,150.6475357162191,100.36445738484937,100.53346713023811,true,false
200,20.0,149.691120577349,99.89369869950457,0.8354397605584154,0.18150166024116743,149.3341647355095,150.1696044960679,99.78108997658205,99.96259163682322,true,false
200,20.0,148.97458797168724,100.0428664473198,1.1869439400882698,0.1835265011768854,148.45165652253206,149.63860046262033,99.92592993789086,100.10945643906774,false,true
200,20.0,151.1986382141243,99.91608276610637,1.6006898275688854,0.1871014967301079,150.46991789996707,152.07060772753596,99.79956813170934,99.98666962843944,false,false
200,20.0,150.94493840225442,99.89348599173533,1.1172505829604518,0.1756598005279102,150.4824578538726,151.59970843683305,99.78209622129228,99.95775602182019,false,false
200,20.0,151.38068090964117,100.0124700277214,1.3380175860408485,0.20487225632373907,150.76594840168192,152.10396598772277,99.88579414453338,100.09066640085712,false,true
200,20.0,151.13264815530607,100.08516713773359,1.2407985908613455,0.19147013853397254,150.5936612420686,151.83445983292995,99.96390164226544,100.15537178079941,false,true
200,20.0,150.25062166128436,100.03868100555385,1.315250584285934,0.18764200375818518,149.67904955215116,150.9943001364371,99.92187033361066,100.10951233736884,true,true
200,20.0,150.84651836412766,99.96055246425733,1.2699008669052034,0.18580991830951632,150.28318458210597,151.55308544901118,99.84500405858591,100.03081397689543,false,true
200,20.0,150.37383907025261,100.10874638874162,1.3091809410681492,0.18476846316184492,149.7864406689186,151.09562160998675,99.99193907847842,100.17670754164027,true,true
200,20.0,145.70613886247185,99.90480879342755,1.2818890791506306,0.17413379479918945,145.13880364913138,146.420692728282,99.79338447548099,99.96751827028018,false,false
200,20.0,149.6878208787263,99.87929943124743,0.8893476218395335,0.19139077858153541,149.33617378365898,150.2255214054985,99.75995604833413,99.95134682691567,true,false
200,20.0,150.03883945760646,100.02045673268688,1.1989703713660447,0.18982563025444676,149.50325160532753,150.70222197669358,99.90191223846011,100.09173786871456,true,true
200,20.0,150.26756008084584,99.94809389062814,1.2679556456982084,0.19112057242419667,149.70988666136242,150.97784230706063,99.8272209610586,100.0183415334828,true,true
200,20.0,150.39357459863527,99.97885098814844,1.2856054870329388,0.20271782958262463,149.841745422959,151.12735090999195,99.84885277522164,100.05157060480427,true,true
200,20.0,149.6745273547287,100.13045496646693,1.2911090184707632,0.18529693458704344,149.10863046505068,150.39973948352144,100.01724287670203,100.20253981128907,true,false
200,20.0,149.82980489913348,99.92865260693648,1.1207451568971862,0.17779278220655215,149.34246132150392,150.4632064784011,99.81734449139034,99.9951372735969,true,false
200,20.0,149.34881223417295,100.00031040395066,1.0961184110489057,0.17292747299332234,148.8733864078219,149.9695048188708,99.89071484813135,100.06364232112468,false,true
200,20.0,149.42580324053918,99.92619035238928,0.9785707009767464,0.18283841735365058,148.9996426150042,149.97821331598095,99.81200495193016,99.99484336928381,false,false
200,20.0,149.99583133727717,100.1961063791052,1.3617022719885767,0.19011286057219934,149.36614800310784,150.72785027509642,100.0752706767915,100.2653835373637,true,false
200,20.0,149.94567105616107,99.97113809699985,1.1936977566085147,0.18488799719793292,149.44193036304017,150.6356281196487,99.8559062061104,100.04079420330834,true,true
200,20.0,148.7928298880642,100.07622197108543,1.0800931672082754,0.1771818878456628,148.31658226595613,149.3966754331644,99.96232169988716,100.13950358773282,false,true
200,20.0,150.98719092665533,100.18135460984337,1.2824070960158167,0.18277663458738402,150.43364722599543,151.71605432201125,100.06629206557315,100.24906870016054,false,false
200,20.0,149.6010343023023,100.06125021802062,0.9811331185462393,0.17377632992337055,149.15494874890751,150.13608186745375,99.95191627923867,100.12569260916204,true,true
200,20.0,150.24250489199267,99.98253401354746,0.9979815215855581,0.18302415269569394,149.83278499946573,150.8307665210513,99.86422135516496,100.04724550786065,true,true
200,20.0,148.87530688981047,100.07529750291638,1.1741268654645296,0.17476612066890596,148.3721428975587,149.54626976302322,99.96331716971078,100.13808329037968,false,true
200,20.0,150.98995030421702,100.16948416666864,1.4082909712085439,0.18281549202070835,150.36764114923548,151.77593212044403,100.05211292432169,100.2349284163424,false,false
200,20.0,151.03876950069508,100.51903295370971,1.6718932295186448,0.19733806343899118,150.2290842532254,151.90097748274405,100.39131265904842,100.58865072248742,false,false
200,20.0,150.2639222029128,99.90416720399071,0.9008112475487451,0.19099314965566805,149.88215929244396,150.7829705399927,99.780991582324,99.97198473197967,true,false
200,20.0,149.17289754843682,100.24644883916585,1.1368347434347754,0.17893380790384583,148.68740830068464,149.8242430441194,100.13536053626594,100.31429434416978,false,false
200,20.0,147.37935629534888,99.99102701950322,0.8776974194437628,0.18000104652900006,147.00945601396523,147.887153433409,99.8814861974687,100.0614872439977,false,true
200,20.0,149.45812029347601,100.21700795537163,1.0325491261701814,0.18201898663555482,149.03215577261815,150.06470489878834,100.10395154015393,100.28597052678948,true,false
200,20.0,149.5595195177593,99.88833631107076,1.4177051225758248,0.18298756533619098,148.95341139999965,150.37111652257548,99.77288159668595,99.95586916202214,true,false
200,20.0,151.05043937205016,99.8905186673895,1.1322422946445272,0.18847272467554887,150.54251961135492,151.67476190599945,99.77530048842607,99.96377321310162,false,false
200,20.0,149.07700962497478,99.99050326340374,1.3197968726479985,0.1825218639037871,148.4995449410692,149.8193418137172,99.87620302093839,100.05872488484218,false,true
200,20.0,149.19526386607936,100.166418023459,1.0056435920360798,0.1809435258574723,148.7772029611088,149.78284655314488,100.05407436689887,100.23501789275635,false,false
200,20.0,148.43839304336473,99.88868882208475,1.2171712776159325,0.17350397476712942,147.90376158580386,149.1209328634198,99.78060473368957,99.9541087084567,false,false
200,20.0,149.87555692297838,100.06072620643477,0.889085365669672,0.17801765252886526,149.49560310480152,150.3846884704712,99.9452281105412,100.12324576307006,true,true
200,20.0,149.45411239236626,99.99296985037726,1.2199547349792965,0.17664145910688944,148.91170108881914,150.13165582379844,99.88100314094977,100.05764460005666,true,true
200,20.0,150.34797406798074,100.04595461140748,1.0763926425721877,0.17956516693422486,149.89550052273177,150.97189316530395,99.93470526899523,100.11427043592946,true,true
200,20.0,150.02098954184243,100.0729435141687,1.1363937501328962,0.17870510848170795,149.52912415720175,150.66551790733465,99.96174382275832,100.14044893124003,true,true
200,20.0,150.48573116313827,100.03812948618206,1.3613779150916514,0.19003635899478866,149.8792170911755,151.24059500626714,99.91855071368946,100.10858707268424,true,true
200,20.0,151.22395146284333,100.05694193601505,1.4414701815986177,0.18194528203275695,150.5648111368168,152.0062813184154,99.94240082531188,100.12434610734464,false,true
200,20.0,150.80204166654647,99.94512374724005,1.1014210817865262,0.1828264439925391,150.32477780538963,151.42619888717616,99.83273777262204,100.01556421661458,false,true
200,20.0,150.09487940345127,99.95955447046302,1.3205756261262422,0.1908553072969994,149.50386241733983,150.82443804346607,99.84022332714191,100.03107863443891,true,true
200,20.0,149.99727545314585,100.01734027131042,1.2173570505713371,0.1962229295652662,149.47004622534365,150.687403275915,99.89251664154523,100.0887395711105,true,true
200,20.0,149.3724307107148,100.02544572499775,1.178136577995076,0.18886922099916603,148.8557157002076,150.0338522782027,99.90655345037791,100.09542267137708,true,true
200,20.0,150.24235795465762,100.04354987314234,1.0277642316335687,0.18832017321064143,149.7953580180361,150.82312224966967,99.92559684347825,100.11391701668889,true,true
200,20.0,149.8496813473772,100.16409799630017,1.039913680435916,0.18566822961916785,149.39234920502497,150.4322628854609,100.04679800612789,100.23246623574705,true,false
200,20.0,150.6590388423441,99.89683682711724,0.9294192041979557,0.19435527224092652,150.29069302362785,151.2201122278258,99.77334519862501,99.96770047086594,false,false
200,20.0,150.50047235941526,100.30430927610429,1.2318662959441156,0.18393795036575966,149.95348263576855,151.18534893171267,100.18622122417354,100.3701591745393,true,false
200,20.0,149.23193316035974,100.72439162385376,0.9343068233008864,0.20009662029083586,148.8324236293725,149.7667304526734,100.59571762247708,100.79581424276792,false,false
200,20.0,150.15107100409935,99.9816152789607,0.882453453715982,0.18260082615184103,149.77974748364034,150.66220093735632,99.86581665064736,100.0484174767992,true,true
200,20.0,149.48389226538077,100.11023723386316,1.2522751833363657,0.20027185161204386,148.94579903049618,150.19807421383254,99.9845969133916,100.18486876500364,true,true
200,20.0,151.19271064553658,99.89857300927596,1.3463216055115197,0.18218787097023892,150.58441124380377,151.9307328493153,99.78253035474344,99.96471822571368,false,false
200,20.0,149.775842739078,99.96183939005942,1.189869638903474,0.17700807061238777,149.26615594881474,150.45602558771822,99.84936894212075,100.02637701273314,true,true
200,20.0,149.6399680931935,99.89442208189223,1.222831189474931,0.18996397976910373,149.11650776156083,150.33933895103576,99.77385288435754,99.96381686412664,true,false
200,20.0,150.77609975433717,99.88988419022701,1.1239306315025885,0.17772985407223985,150.29139259998206,151.41532323148465,99.77586595082464,99.95359580489688,false,false
200,20.0,149.2560061590924,99.93165532622689,1.0439516703143852,0.18535962335087675,148.81628241622465,149.86023408653904,99.81110788585394,99.99646750920482,false,false
200,20.0,150.27097859712555,99.94284774091196,1.1356950764231897,0.18105187222583652,149.77592071811665,150.91161579453984,99.82707262033495,100.00812449256078,true,true
200,20.0,151.47573229756503,99.94468669728337,1.3750792073755633,0.19750296186039407,150.86366104968525,152.2387402570608,99.81961348374737,100.01711644560777,false,true
200,20.0,149.56467579090588,99.99484210748678,1.1858886946446319,0.1825395774642402,149.05299577609733,150.23888447074197,99.88069172380807,100.06323130127231,true,true
200,20.0,149.61661886030282,100.24743552374558,1.1845427224920684,0.188996616354828,149.10705534926532,150.2915980717574,100.12778549567258,100.31678211202741,true,false
200,20.0,150.57455544795002,100.30282782576371,1.3787125037750911,0.19188046980703177,149.9579898558776,151.3367023596527,100.1820387895739,100.37391925938093,true,false
200,20.0,150.12453459478252,100.05373411607474,0.7886566485216235,0.18532233642370954,149.80255884967488,150.5912154981965,99.9363688376339,100.12169117405762,true,true
200,20.0,148.47215988035708,99.94239250051749,1.2513570576778932,0.16341493325147383,147.89245950706106,149.14381656473896,99.84087901871257,100.00429395196404,false,true
200,20.0,150.30088698958124,100.15171058186021,1.109267038091474,0.1844286289964998,149.84145091252424,150.9507179506157,100.03639828397905,100.22082691297555,true,false
200,20.0,150.71100825977865,99.99061653601422,1.4146534084678706,0.18350739833708474,150.05597948054313,151.470632889011,99.87479836446592,100.058305762803,false,true
200,20.0,150.86612693572192,100.12962711486998,1.5708864548678036,0.19186861102581076,150.15309527475924,151.72398172962704,100.0131578317351,100.20502644276091,false,false
200,20.0,150.71572648602648,99.91231392472406,1.3709149451725011,0.1984005100156736,150.1062184395718,151.4771333847443,99.78628461187147,99.98468512188714,false,false
200,20.0,150.27978553462208,99.90121968632508,1.123114762070685,0.1846716599881546,149.81850508569352,150.9416198477642,99.78420277227077,99.96887443225893,true,false
200,20.0,150.55186171242474,100.01655502570965,1.4572328330685025,0.17293653827124444,149.8875594076778,151.3447922407463,99.91040247033884,100.08333900861008,true,true
200,20.0,149.96258774927242,100.33419778791729,1.2537751868061946,0.17436892228964496,149.40706463822107,150.66083982502727,100.22394827599517,100.39831719828481,true,false
200,20.0,150.86795265013916,100.16905307652236,1.1103930915326714,0.18703436960004183,150.37434721932533,151.484740310858,100.05177680657519,100.23881117617523,false,false
200,20.0,150.59938316816903,99.92679638946112,1.303215722680875,0.18623102558619564,150.0265404516431,151.32975617432396,99.81094007065819,99.99717109624439,false,false
200,20.0,148.967834188255,99.91777591357187,1.4325259464845317,0.19333298514285957,148.31842283508695,149.75094878157148,99.79441960774412,99.98775259288698,false,false
200,20.0,150.0300462976995,100.0157674723762,1.4832623035645156,0.20157442406623716,149.3638727516277,150.8471350551922,99.88867537911568,100.09024980318192,true,true
200,20.0,150.60556904591775,100.21280740147219,1.1892864263799936,0.18171219884725076,150.08542842391452,151.27471485029452,100.09602896108635,100.2777411599336,false,false
200,20.0,149.88836102407322,99.99627701938394,1.362811628588986,0.18997714666551246,149.28399368351384,150.64680531210283,99.87712700342567,100.06710415009118,true,true
200,20.0,148.00901873364785,99.89546196301215,0.9721600654123961,0.18872390065915567,147.59876669153232,148.57092675694471,99.77509638544156,99.96382028610071,false,false
200,20.0,150.49297192244757,100.38532606211788,0.7674167964073035,0.18789316143094936,150.17594561776966,150.94336241417696,100.26844615243806,100.45633931386901,false,false
200,20.0,147.78798909911097,100.04055106329548,1.2371791851907972,0.17023200632273472,147.23463257011466,148.47181175530545,99.93460121575905,100.10483322208178,false,true
200,20.0,150.42950790203807,100.20797729816674,0.9667103947676026,0.20281176551176827,150.0269920495961,150.9937024443637,100.07876088505951,100.28157265057128,false,false
200,20.0,149.23462248671538,100.21825305274467,0.9316292660019201,0.18017961745279365,148.8366107816944,149.7682400476963,100.1042996075219,100.28447922497469,false,false
200,20.0,150.11951946249172,100.53002342879138,1.1046688553917932,0.1888865935026729,149.6793283948871,150.7839972502789,100.40870199580641,100.59758858930908,true,false
200,20.0,149.80058250714538,99.9165716775305,1.2735482504427296,0.18805655613194006,149.24716820726056,150.5207164577033,99.7955337329646,99.98359028909654,true,false
200,20.0,150.6644186690271,100.23901346679628,1.0530927707181093,0.18525819642022157,150.22831636078706,151.28140913150517,100.12114011868553,100.30639831510575,false,false
200,20.0,150.72290218639074,100.00277565813504,1.2587942457713837,0.19090917222226267,150.18903653766452,151.4478307834359,99.88318632383736,100.07409549605963,false,true
200,20.0,150.06485830870952,99.97834422067439,0.9049504941678777,0.1809888074733692,149.68733855833517,150.59228905250305,99.86907064205863,100.050059449532,true,true
200,20.0,149.90725201359024,100.07603575217603,0.8211915547481681,0.18835024791178512,149.57316796898843,150.3943595237366,99.95762731029896,100.14597755821075,true,true
200,20.0,150.2372747832718,100.08287975289028,0.9970036120994905,0.17189730255034874,149.81775963013962,150.8147632422391,99.97324008881007,100.14513739136042,true,true
200,20.0,150.81379482503792,99.90902341417541,1.5455989105177537,0.20771402317240018,150.1164971832044,151.66209609372214,99.77644208111067,99.98415610428307,false,false
200,20.0,149.48325736295766,100.1312564613396,1.1711767043408372,0.17639108598685027,148.94444111796287,150.1156178223037,100.01864566852124,100.1950367545081,true,false
200,20.0,150.91024869328322,100.10011857938403,1.3710679340587717,0.1943584532310183,150.2984632068293,151.66953114088807,99.9773570037112,100.17171545694222,false,true
200,20.0,150.04199783540074,100.07006013782774,1.2282746570168968,0.19717654615840274,149.5107247723979,150.7389994294148,99.94532423635094,100.14250078250934,true,true
200,20.0,150.3154099955767,99.97101331485055,1.009638819549508,0.17764941568080417,149.86252351722413,150.87216233677364,99.8571670435707,100.0348164592515,true,true
200,20.0,150.42402432188226,100.50413772753001,1.390919371789039,0.19631637981329675,149.80218436605327,151.1931037378423,100.37925261904302,100.57556899885631,true,false
200,20.0,150.89555239143777,99.93929802335728,1.1476262608052252,0.18423882086652554,150.40749149946302,151.55511776026825,99.82423431669778,100.00847313756431,false,true
200,20.0,150.73492575506413,100.05072088878018,0.9300589806609878,0.17733439109304072,150.32919080967912,151.2592497903401,99.93988524314983,100.11721963424287,false,true
200,20.0,150.2761089160049,100.04074280710043,1.2055177322746715,0.18647646621997183,149.7567689203279,150.96228665260256,99.92313367612653,100.1096101423465,true,true
200,20.0,149.41143918768933,100.04325807924161,1.4403675278604169,0.18722835355197276,148.75970065441533,150.20006818227574,99.92487860951232,100.11210696306429,true,true
200,20.0,148.90830056062558,99.94634730222427,0.992117735102056,0.1779995337099507,148.4633564707191,149.45547420582116,99.83222564107288,100.01022517478283,false,true
200,20.0,151.28607348379094,100.50555968222983,1.3471144485144748,0.18632312366811732,150.7011350103941,152.04824945890857,100.38762759697022,100.57395072063834,false,false
200,20.0,149.95389351048146,100.08825512494354,1.0078967916602153,0.1872384037342414,149.53491496095515,150.54281175261536,99.97039472704373,100.15763313077797,true,true
200,20.0,150.67625428004942,99.9299322935511,1.340630974476369,0.17625748280765663,150.07803298956168,151.41866396403805,99.81816437275864,99.9944218555663,false,false
200,20.0,149.24491559461737,99.99634379304806,1.2616438333664632,0.18164083510484375,148.6782877695972,149.93993160296367,99.88301248410923,100.06465331921407,false,true
200,20.0,150.9559298472368,100.39199647463066,1.341972160004957,0.19504139607009563,150.35964642676757,151.70161858677253,100.26671567015688,100.46175706622698,false,false
200,20.0,149.87120893031693,99.88131719920122,1.2450675880240851,0.19181078939809026,149.3267102051405,150.57177779316459,99.7602969200623,99.95210770946039,true,false
200,20.0,151.1360820232284,99.88804237155037,1.5842972097975974,0.182546488747505,150.43402636112702,152.01832357092462,99.77248561537091,99.95503210411842,false,false
200,20.0,150.32610920842603,99.97808011849318,1.2228534328496323,0.18792822341168858,149.820260839621,151.04311427247063,99.85794003751532,100.04586826092701,true,true
200,20.0,148.3163900798919,100.70293191822532,1.3104418392497053,0.16934942909446704,147.7511216906257,149.0615635298754,100.59410796236708,100.76345739146154,false,false
200,20.0,149.95541102738105,99.87937849997192,0.8705007903408557,0.1949970404979524,149.5948315124308,150.46533230277166,99.75738128091183,99.95237832140978,true,false
200,20.0,149.52373657200712,99.94663706862718,1.4505513017906537,0.18576063068435644,148.8726825623737,150.32323386416437,99.83085112051667,100.01661175120103,true,true
200,20.0,148.98234739890728,99.91901177972531,0.9532006241349791,0.19586206326748368,148.58158597915437,149.53478660328935,99.79755170381867,99.99341376708615,false,false
200,20.0,151.03580176543147,99.9023615990782,1.6129229789563908,0.19220592008466042,150.30755211741138,151.92047509636777,99.77865513614597,99.97086105623063,false,false
200,20.0,149.67732036586665,99.92600272140045,0.9431721229199184,0.18425285423971616,149.26680294148784,150.20997506440776,99.80727996519776,99.99153281943748,true,false
200,20.0,148.33327188853704,99.95657368172112,1.4832962907816807,0.1749331538498069,147.65563423162806,149.13893052240974,99.84803784699776,100.02297100084756,false,true
200,20.0,149.88786030428807,100.00959070052096,1.2760544208107376,0.18273577285576437,149.34809735436696,150.6241517751777,99.89184649378875,100.07458226664451,true,true
200,20.0,149.4432746219049,99.936689298601,0.9280185536237298,0.1862798068695497,149.06196338891576,149.9899819425395,99.81483934926695,100.0011191561365,false,true
200,20.0,149.2277569386915,100.17216125551565,1.0641832779388665,0.20150396525592384,148.7698666147004,149.83404989263926,100.04650978498154,100.24801375023746,false,false
200,20.0,147.8986324720853,99.90430221265956,1.4458352279417,0.18871696049545506,147.24845689787475,148.69429212581645,99.78306727974899,99.97178424024445,false,false
200,20.0,149.00184535285922,100.13939509295525,0.9421363938938612,0.18639368611528084,148.58856790073722,149.53070429463108,100.01817167008934,100.20456535620463,false,false
200,20.0,149.66685612272147,99.89881234018915,0.8689873374129604,0.1818064794031784,149.31073457095218,150.17972190836514,99.784771546809,99.96657802621218,true,false
200,20.0,149.8677311832418,99.97414467120127,0.6899731062567014,0.18305981109595848,149.59038146901068,150.28035457526738,99.86074704496245,100.04380685605841,true,true
200,20.0,150.7353028573957,100.03531331308884,1.0447225912451756,0.1948419191426325,150.297876535368,151.34259912661318,99.91631237428446,100.11115429342709,false,true
200,20.0,150.5241092719247,99.99438926931484,0.9742366515936851,0.18128867972940554,150.12271086870007,151.09694752029375,99.87853887953399,100.0598275592634,false,true
200,20.0,149.113284162269,99.97514080346983,1.522339532025967,0.17809689422853126,148.43123584217574,149.9535753742017,99.86252478602967,100.0406216802582,false,true
200,20.0,150.13021095466877,100.04240104593029,1.0396165809599722,0.19494165172078226,149.68921804657225,150.72883462753222,99.91805283171442,100.1129944834352,true,true
200,20.0,150.53818324922116,100.07622651759871,1.100589633012504,0.18213610116731616,150.0586617246676,151.1592513576801,99.95875799449041,100.14089409565773,false,true
200,20.0,150.35020701843155,99.95120611338982,1.2007619754656957,0.1789396287140903,149.81975326861027,151.02051524407597,99.83554939393443,100.01448902264852,true,true
200,20.0,149.99608773982342,99.92785000698973,0.8367238829523842,0.1847483160956216,149.6445532571675,150.4812771401199,99.81217179729019,99.99692011338581,true,false
200,20.0,148.3325202420923,100.06022778563364,1.2636474485885003,0.1780944684253143,147.78780801061706,149.05145545920556,99.94589351125637,100.12398797968169,false,true
200,20.0,150.91623432661558,99.94831410421486,1.3271632289467732,0.19386785065839263,150.3634078533486,151.69057108229538,99.82477431039564,100.01864216105403,false,true
200,20.0,151.78371858167625,99.89727494034108,1.5036423068865474,0.19289312399814662,151.077475096194,152.58111740308055,99.77637295821103,99.96926608220917,false,false
200,20.0,150.78932090970125,100.43940434138977,0.952108205883377,0.18449108640602674,150.3918482363599,151.34395644224327,100.32254391605397,100.50703500246,false,false
200,20.0,149.36897383514122,99.9825868862859,0.9481219567734627,0.17598564491112256,148.97044385806376,149.91856581483722,99.86854060779811,100.04452625270923,false,true
200,20.0,149.01533359855472,99.94894861911607,1.1496105115537887,0.1819437149509895,148.51282686700262,149.6624373785564,99.82966596267048,100.01160967762146,false,true
200,20.0,150.85647686894868,99.8923095658807,1.2374696280765818,0.20521671768152316,150.33380914524992,151.5712787733265,99.76269988152448,99.967916599206,false,false
200,20.0,149.46319310348343,99.90666622547184,1.3089099202612147,0.1798912762366598,148.89596671670222,150.20487663696343,99.79401924819797,99.97391052443463,true,false
200,20.0,149.42403214867085,100.0667148458586,0.8054813563077801,0.19307065985772454,149.08063662040286,149.88611797671064,99.94489168224763,100.13796234210535,false,true
200,20.0,150.64009557392785,100.00151569238642,1.6283546182069415,0.18621249319325273,149.91185605228395,151.5402106704909,99.88828626340347,100.07449875659673,true,true
200,20.0,150.58599660848822,100.04723724980627,1.0765971735997937,0.1984098187386394,150.12936267269828,151.20595984629807,99.92133520766373,100.11974502640237,false,true
200,20.0,147.54573480668054,99.92791756332454,1.3779868214945168,0.1772957684145382,146.9163171842182,148.29430400571272,99.81735372023586,99.9946494886504,false,false
200,20.0,148.8897643565158,100.10438455436173,1.0224284533071852,0.1827784094623155,148.46019777753938,149.48262623084656,99.99017166856517,100.17295007802748,false,true
200,20.0,150.90378503954713,99.8876161696966,1.2384597134357591,0.19686652119246162,150.37275135835094,151.6112110717867,99.76210593735952,99.95897245855198,false,false
200,20.0,149.69437717303035,99.90093068692107,1.2651291539763463,0.18642479777992094,149.14735608976312,150.41248524373947,99.78388642497433,99.97031122275425,true,false
200,20.0,151.3948319686346,100.18955928019899,1.6857354810289849,0.18277476322086272,150.61766730738756,152.30340278841655,100.07363672813875,100.25641149135961,false,false
200,20.0,150.52992152327823,100.4925396679516,1.1405522160614794,0.18167827998388475,150.04397432248518,151.18452653854666,100.37946274719381,100.5611410271777,false,false
200,20.0,149.9362701974477,100.008399230351,1.6777456112810682,0.18330517904549026,149.1642516801731,150.84199729145416,99.89435748665477,100.07766266570026,true,true
200,20.0,150.2359004582409,100.24814962724327,0.8678609239259458,0.17846770125856892,149.8759068279345,150.74376775186045,100.13487515314785,100.31334285440641,true,false
200,20.0,149.88940180327359,99.90036029340357,1.1199454486631737,0.1704021084217402,149.4034648330759,150.52341028173907,99.7891511402821,99.95955324870384,true,false
200,20.0,150.3063716630047,99.90987166612553,0.9819618175772575,0.17951381646656728,149.92076130545138,150.90272312302864,99.79803532031171,99.97754913677828,true,false
200,20.0,148.23937930576136,100.16299057963214,1.46291758937312,0.18051777129853974,147.57671564201,149.0396332313831,100.04772623868966,100.2282440099882,false,false
200,20.0,149.62749703722835,99.94205550881429,0.9010029255578615,0.18691558048328716,149.2668571871121,150.16786011266996,99.82658491034749,100.01350049083078,true,true
200,20.0,150.4564146070585,100.06815649403228,1.2473546189794718,0.18525770224120208,149.91795169403198,151.16530631301146,99.95076704693673,100.13602474917793,true,true
200,20.0,150.18726986764682,99.89274188090437,1.0512762251711933,0.18351184136631105,149.76254291879792,150.8138191439691,99.77867518515652,99.96218702652283,true,false
200,20.0,150.3520621982586,100.11445074835896,1.1223751525739658,0.20105723257272246,149.85897872324077,150.98135387581473,99.98705921666848,100.1881164492412,true,true
200,20.0,151.28746262955315,99.90261222732474,1.6015454196397343,0.1904535612157474,150.5664978779658,152.16804329760552,99.78480760089383,99.97526116210958,false,false
200,20.0,148.4061922320987,99.99613625173272,0.9699373967860652,0.18131291241959957,148.00682950305293,148.976766899839,99.87965964329098,100.06097255571058,false,true
200,20.0,149.55630835411563,99.97725318070319,0.7122557382668333,0.18482877105141426,149.261658446976,149.97391418524285,99.86202434266866,100.04685311372008,false,true
200,20.0,149.7244774197689,99.98750062323305,0.9493167788457413,0.18919194912021453,149.31333662101105,150.2626533998568,99.86650690382197,100.05569885294219,true,true
200,20.0,149.91653001015334,99.95921440165927,1.058059842849758,0.1818969201291054,149.4842681378797,150.54232798072945,99.84285716908195,100.02475408921106,true,true
200,20.0,149.67498893212422,99.99900462024186,1.0936218261989268,0.18473810855114436,149.20896730683293,150.30258913303186,99.88073098605923,100.06546909461038,true,true
200,20.0,150.39086264401436,100.06970172288129,1.1494303337691463,0.18994830617805292,149.88352949207905,151.0329598258482,99.95014614490434,100.14009445108239,true,true
200,20.0,150.47549924324255,100.07913325475121,0.9643492994111966,0.18778481323026597,150.06231809359934,151.02666739301054,99.95625723518059,100.14404204841085,false,true
200,20.0,149.3338203237543,99.91097425196747,0.9256578483778526,0.188795176746126,148.96405056707255,149.8897084154504,99.79268966343037,99.98148484017649,false,false
200,20.0,150.7893257590136,100.07051031076801,1.1754154559371273,0.18226892703199837,150.27672591689793,151.45214137283506,99.95433565613678,100.13660458316878,false,true
200,20.0,150.08938086672663,100.08459466373307,1.1359887065877956,0.1791807130567662,149.59699353378676,150.73298224037455,99.97226572284767,100.15144643590443,true,true
200,20.0,149.40157185842122,99.93971018055254,1.4918052019055779,0.18689480531502056,148.7339667057323,150.2257719076379,99.82167055914027,100.0085653644553,true,true
200,20.0,150.58897824747783,100.2169724864064,0.9956927680343028,0.19120452473075034,150.15343078662818,151.14912355466248,100.09740256556626,100.288607090297,false,false
200,20.0,150.7718364102463,99.9739247883684,1.1136475068408629,0.18439184692144295,150.27910902199844,151.3927565288393,99.85605306056385,100.0404449074853,false,true
200,20.0,150.5500018476937,100.10622242472144,1.067900576020179,0.18616924813136393,150.10084072433915,151.16874130035933,99.98460917212364,100.170778420255,false,true
200,20.0,150.53570150031845,99.91817118884109,1.0263880849869906,0.17843915379195607,150.10194398629284,151.12833207127983,99.80297542199295,99.98141457578491,false,false
200,20.0,147.37028916183078,100.01163367923886,1.1557620340871892,0.17345921214752025,146.87683157406786,148.03259360815505,99.90412301972339,100.0775822318709,false,true
200,20.0,149.84507787418772,100.05310476737465,1.203865149457954,0.18103021268612451,149.33160426661848,150.53546941607644,99.93940978595312,100.12043999863924,true,true
200,20.0,149.87305995193384,100.3935570521501,1.1580348244009997,0.19041405959352176,149.368040801887,150.526075626288,100.27471695873453,100.46513101832805,true,false
200,20.0,149.93848128666832,99.88164452651715,1.0985515017761713,0.19522187448542638,149.46403074779965,150.56258224957583,99.76432499865022,99.95954687313565,true,false
200,20.0,149.6005423389483,100.31671780569414,1.2199445332846324,0.17213360187139415,149.04695831585505,150.26690284913968,100.2075903329011,100.3797239347725,true,false
200,20.0,150.43893720267192,99.87977995551988,1.0524607831216315,0.20621212437251302,149.96256489697254,151.01502568009417,99.75105533595882,99.95726746033134,true,false
200,20.0,151.14986331447778,99.93582735569055,1.3019647359895998,0.19465336956410795,150.56875392615657,151.87071866214617,99.81557483574632,100.01022820531043,false,true
200,20.0,150.22984861899113,100.32496984605709,1.1283517739200306,0.17757337844622612,149.7633042509364,150.89165602485642,100.2132384542349,100.39081183268112,true,false
200,20.0,149.44627974819863,100.05541821049421,0.97255938821624,0.19117493864996504,149.0540689585971,150.02662834681334,99.93176753711266,100.12294247576263,true,true
200,20.0,148.73455240250632,99.905088129,1.0470438643625073,0.16788724122862675,148.29246828526726,149.33951214962977,99.79874972266796,99.96663696389659,false,false
200,20.0,149.22016231094324,100.155046497457,0.8273835962109217,0.171004000742343,148.87109118298946,149.69847477920038,100.04707012099209,100.21807412173443,false,false
200,20.0,149.9995747330625,99.94933630387432,0.8899228310897058,0.191292298100052,149.6267059778206,150.5166288089103,99.82490886863798,100.01620116673803,true,true
200,20.0,149.8732329749294,100.06212070728677,1.47442216826758,0.18558727061235913,149.1765349706221,150.65095713888968,99.94595864058951,100.13154591120187,true,true
200,20.0,150.5271304055228,99.97501086393301,1.1613951397394544,0.19364206970256248,150.00193432349363,151.16332946323308,99.85482451404204,100.0484665837446,false,true
200,20.0,149.6884490065315,99.97816759214655,0.9882545977480106,0.18291209336474878,149.27304634413585,150.26130094188386,99.8625367854685,100.04544887883326,true,true
200,20.0,149.4349905419116,99.93592223518266,1.3901042989791108,0.1757570776874644,148.80248118196437,150.19258548094348,99.82420320996162,99.99996028764909,true,false
200,20.0,149.19175366854728,99.96586661694414,1.09241636811106,0.1751088729783703,148.71680768688248,149.80922405499354,99.85338645319318,100.02849532617155,false,true
200,20.0,150.4852150670792,99.88599599573266,1.2186137438339415,0.20157189834411327,149.9635359909912,151.18214973482515,99.7586770160187,99.96024891436281,true,false
200,20.0,149.88850315733055,99.95809201720428,0.9455217206967177,0.1808950158248166,149.50563902188406,150.45116074258078,99.84577446451479,100.0266694803396,true,true
200,20.0,150.12856792496123,99.90470885170573,1.1924441906620302,0.1833619483065405,149.60396258306258,150.7964067737246,99.78880851240066,99.9721704607072,true,false
200,20.0,151.07671906275914,99.92712296239517,1.104183558873018,0.1743816909927176,150.5988410803871,151.70302463926012,99.81538406283052,99.98976575382324,false,false
200,20.0,150.58597849000034,100.2202420399056,1.2079089852209108,0.20259554859643458,150.06603527701134,151.27394426223225,100.08812503204626,100.2907205806427,false,false
200,20.0,150.45035073979585,99.97994748174926,1.2116570987162163,0.19699764189212488,149.92378631898623,151.13544341770245,99.85714749841186,100.05414514030399,true,true
200,20.0,149.67197080590466,100.06276363876894,1.108116191259512,0.17989707782489006,149.1955143081799,150.3036304994394,99.95246437925634,100.13236145708123,true,true
200,20.0,150.83040205944258,100.13749505704055,1.0414990481752682,0.1824144965082013,150.40658210916646,151.44808115734173,100.02287868628586,100.20529318279407,false,false
200,20.0,150.42208314428984,100.11592706653863,0.8817081872413155,0.1819197812269806,150.06958691507913,150.95129510232044,100.0014790801333,100.18339886136027,false,false
200,20.0,149.03474186807682,99.98296527346935,1.008813154069486,0.18977032621970125,148.58338759260025,149.59220074666973,99.86295726295316,100.05272758917286,false,true
200,20.0,149.44260325670294,100.00651990657676,1.0503376960533615,0.18049856658355168,149.02041528360434,150.0707529796577,99.89345211164353,100.07395067822708,true,true
200,20.0,150.3658063803765,99.91959181002224,1.0705487003189091,0.19008430401281373,149.91067458356957,150.98122328388848,99.79974211378725,99.98982641780006,true,false
200,20.0,150.6278471413392,100.19380874333964,1.0314235991268674,0.18071622367777707,150.1797321289184,151.21115572804527,100.07880226108713,100.25951848476491,false,false
200,20.0,149.75060153815642,100.10410956282867,1.1592433552651187,0.1711523863660318,149.2548397552761,150.4140831105412,99.9972011666469,100.16835355301293,true,true
200,20.0,146.6435392329056,100.03940987456767,1.3161501357729435,0.1669288113457128,146.06819285301225,147.3843429887852,99.9370461477905,100.10397495913621,false,true
200,20.0,150.37679396901035,100.17468917913999,1.2977010502725932,0.18789768435252086,149.82100883335497,151.11870988362756,100.05651562532952,100.24441330968205,true,false
200,20.0,149.49367145808174,99.8911860198708,1.1005538679177675,0.1775368543878244,149.03760958902038,150.13816345693814,99.77725397009334,99.95479082448117,true,false
200,20.0,149.29883282400004,100.08270965746769,1.1217872102906767,0.17919353046134745,148.81620935864817,149.93799656893884,99.97044402393936,100.14963755440071,false,true
200,20.0,148.95800182446334,100.21702720231067,1.2418739694164174,0.17709162749204665,148.43391422259194,149.67578819200835,100.10687748698874,100.28396911448078,false,false
200,20.0,150.1244829229051,100.12833871541946,0.9105123536328392,0.18404939730481829,149.7607365157798,150.67124886941264,100.01127960721695,100.19532900452177,true,false
200,20.0,150.31530803224513,99.94763837579198,0.9783265004647035,0.17542225215353824,149.91568278382292,150.89400928428762,99.83707487448822,100.01249712664176,true,true
200,20.0,150.52431759789283,99.97767358773262,1.2548306129670266,0.19141488645936988,150.00028490097606,151.25511551394308,99.85639033874162,100.04780522520099,false,true
200,20.0,149.1896744843026,100.0381021248512,1.1812531215403794,0.1827251223173647,148.70556833838532,149.8868214599257,99.92645567755233,100.10918079986969,false,true
200,20.0,151.2198271319558,100.02020469083777,1.1688580216498679,0.1802429516077808,150.70991003796382,151.8787680596137,99.9046590286138,100.08490198022159,false,true
200,20.0,149.77985213581087,99.8860770219361,1.1520617647414895,0.18556876073843398,149.27943468331839,150.43149644805987,99.76813177504138,99.95370053577982,true,false
200,20.0,149.59413267831025,100.00206891927536,1.31453291809882,0.17865874600738607,149.00730448832016,150.32183740641898,99.88881847493357,100.06747722094096,true,true
200,20.0,149.04563187993242,100.32279519747217,0.8818559046703456,0.18953747387024578,148.68874971668296,149.5706056213533,100.19988006114573,100.38941753501598,false,false
200,20.0,150.01901369679786,99.96177277812211,1.3101303689101655,0.1782671736406627,149.44111368317198,150.75124405208214,99.8480431078018,100.02631028144246,true,true
200,20.0,150.80382945753536,100.13182443309131,1.1732901679832537,0.1827954596955692,150.31618995371792,151.48948012170118,100.0163372076978,100.19913266739337,false,false
200,20.0,149.642304813537,99.93231825391126,1.1039728540262388,0.19082647157070198,149.14648143044528,150.25045428447152,99.809241691056,100.0000681626267,true,true
200,20.0,148.56694265131506,99.9063994534813,1.4034910289488778,0.18116045816636017,147.95139047088202,149.3548814998309,99.79226186906715,99.97342232723351,false,false
200,20.0,150.86995787021652,99.95239239204477,1.1878786821637561,0.18595874376374866,150.35086951757262,151.53874819973637,99.83405476337876,100.02001350714251,false,true
200,20.0,148.8987950890741,99.89417200205239,1.140842198427407,0.17732894714308145,148.4123202134349,149.5531624118623,99.78361619309078,99.96094514023386,false,false
200,20.0,149.78053413541699,100.13573610710586,0.9814654390560236,0.17662759914765047,149.38499382740068,150.3664592664567,100.02708399314508,100.20371159229273,true,false
200,20.0,149.10148608125203,99.9554057219139,1.0927668064690579,0.18168415338500665,148.62212031176642,149.71488711823548,99.84128749494707,100.02297164833207,false,true
200,20.0,150.55928352518663,100.1138529441723,1.3321335036763742,0.18966812756239904,149.96202693994792,151.2941604436243,99.99624081220277,100.18590893976517,true,true
200,20.0,149.3808714591484,100.18977639889218,1.261296929704912,0.19355490945628162,148.81731712428208,150.078614053987,100.0677447590446,100.26129966850088,true,false
200,20.0,149.6459859614199,100.02003624573072,1.0193263911946815,0.18392205331413436,149.20615691605738,150.22548330725206,99.9043433891551,100.08826544246924,true,true
200,20.0,149.52700916018742,100.14951316863251,1.233112187612818,0.1771716709174882,148.9628138910224,150.1959260786352,100.03750954484724,100.21468121576473,true,false
200,20.0,150.89772953701268,99.97658040145015,1.5649378154449778,0.18940801090738546,150.2036133694524,151.76855118489738,99.85772032519836,100.04712833610574,false,true
200,20.0,151.21451195515812,100.02822679703253,1.3208754654372115,0.19963734605890693,150.61445338229032,151.93532884772753,99.90001811622504,100.09965546228395,false,true
200,20.0,150.05661067492687,99.91619198159106,0.8926627693619196,0.18002792590793604,149.69112326988116,150.58378603924308,99.80481452780438,99.98484245371232,true,false
200,20.0,149.2422066965859,99.89451589536637,1.4823261252714985,0.19034987918590218,148.60960066699536,150.09192679226686,99.7706452608592,99.9609951400451,true,false
200,20.0,151.23831393907477,100.01412206689645,1.4100719729165974,0.1873520270670639,150.62848668597923,152.03855865889582,99.8962427817916,100.08359480885866,false,true
200,20.0,150.56937758009678,100.19195199461629,1.053512648886226,0.17905297680120213,150.11325479356555,151.16676744245177,100.0818706112701,100.26092358807131,false,false
200,20.0,150.54210629294155,100.00985617585079,0.9336800204355882,0.1852794538623499,150.1505165346143,151.08419655504989,99.89518481084696,100.0804642647093,false,true
200,20.0,146.75226038761244,99.90677245954762,0.9557666213677294,0.17622963353996113,146.36396257778603,147.31972919915376,99.79417172039868,99.97040135393864,false,false
200,20.0,151.34438647041173,100.13547213663753,1.5680969677102325,0.18866222816744482,150.62606982661768,152.1941667943279,100.01543245766163,100.20409468582908,false,false
200,20.0,150.0591597511128,100.20190988871633,1.43859659526089,0.19782997002282343,149.39076002807428,150.82935662333517,100.07780875401468,100.2756387240375,true,false
200,20.0,148.80165585521513,100.1164795852994,1.3142343683794309,0.16552037002053055,148.21332652975042,149.52756089812985,100.01269116933955,100.17821153936008,false,false
200,20.0,148.88460829846602,100.02905894672723,0.8881733023543461,0.17875207838834228,148.51567254381598,149.40384584617033,99.91347065011217,100.09222272850052,false,true
200,20.0,150.6278785410143,99.8814009902683,1.3440392074237764,0.19799738914805687,149.99831411859057,151.34235332601435,99.75462102461726,99.95261841376532,true,false
200,20.0,148.4689483086746,99.90277357710347,1.1964195937969748,0.17550647358017102,147.9479869189304,149.1444065127274,99.78870046500172,99.9642069385819,false,false
200,20.0,150.08684791561552,100.0267522782627,1.2344131043970492,0.1911973740468511,149.5619263524094,150.79633945680644,99.90652749937186,100.09772487341871,true,true
200,20.0,150.45549767568073,100.13038138102567,0.8259076879079714,0.18500068394779134,150.10084006858247,150.92674775649044,100.01400360878498,100.19900429273277,false,false
200,20.0,149.87766762994255,99.90543010122119,1.3007177579571874,0.1952585557079658,149.31301156018841,150.6137293181456,99.78208667857014,99.9773452342781,true,false
200,20.0,149.69574724959546,100.04313282663028,1.0879883480830301,0.18376402337221975,149.24136052802393,150.32934887610696,99.92724663047005,100.11101065384227,true,true
200,20.0,150.61022065378677,99.91504732155869,1.0597676282861244,0.18461632331228373,150.15909650663997,151.2188641349261,99.79837634897542,99.98299267228771,false,false
200,20.0,150.86094317785654,99.95474940141062,1.157955999121583,0.19476884579806608,150.3426101141413,151.5005661132629,99.83089869261799,100.02566753841606,false,true
200,20.0,149.9454788829421,99.91199045169428,0.9698344067624305,0.1928004643082062,149.52797264840694,150.49780705516937,99.79048016264201,99.98328062695022,true,false
200,20.0,149.42418423265391,100.37815180939214,1.2439600156849906,0.17919296977812849,148.85968634510533,150.10364636079032,100.26657506031786,100.44576803009599,true,false
200,20.0,150.5773052215445,100.11359074656121,1.33388174616303,0.18636543553785145,149.9829028082182,151.31678455438123,99.99849839815795,100.1848638336958,true,true
200,20.0,150.6566174587835,100.04314257989091,1.0732159493364861,0.18924406688437045,150.2041949178642,151.2774108672007,99.92429361267618,100.11353767956055,false,true
200,20.0,149.52005817711722,100.09038152117824,1.2327085752468747,0.17983032057351522,148.9865793604809,150.21928793572778,99.97673659978784,100.15656692036136,true,true
200,20.0,150.61608473252966,99.92243567153156,1.2078954915318434,0.19773151295989067,150.1268011197439,151.33469661127575,99.80029706017172,99.9980285731316,false,false
200,20.0,149.7435706567994,99.92611317395733,1.2005952146761842,0.18927307767474133,149.22896501659787,150.42956023127405,99.80550887287025,99.99478195054499,true,false
200,20.0,148.59678264084138,99.91601391120781,1.212035663694735,0.17559415665547817,148.0526327709772,149.26466843467193,99.8054234032268,99.98101755988228,false,false
200,20.0,149.03169157980096,100.22421570336604,1.321135863225578,0.174228870104713,148.45727210384376,149.77840796706934,100.11521542004918,100.2894442901539,false,false
200,20.0,150.09450454767585,100.02247588662686,0.9952779322651111,0.18287553127694878,149.6897074989749,150.68498543124002,99.90732248739116,100.0901980186681,true,true
200,20.0,150.7000614076494,99.89153805570561,0.9885614297368761,0.18695853182624944,150.28032733792804,151.26888876766492,99.77385450451712,99.96081303634337,false,false
200,20.0,150.73834366548982,100.3386672708834,1.461545827669795,0.18072350265423154,150.0828232157003,151.5443690433701,100.22531192445558,100.40603542710981,false,false
200,20.0,150.05824796565418,99.88326426198111,1.076934060224687,0.19681828607200202,149.60423941992218,150.68117348014687,99.76008338596301,99.95690167203502,true,false
200,20.0,151.09997717330185,99.94857527864085,1.1305682359116247,0.20142352228357652,150.6042864275582,151.73485466346983,99.82296425937218,100.02438778165576,false,true
200,20.0,149.83219283210505,99.95903746657605,1.1498721197919508,0.18644398869393797,149.32300419827274,150.4728763180647,99.83981788885811,100.02626187755205,true,true
200,20.0,151.0494054377926,99.9316575511655,1.2003865058890426,0.19046473382158524,150.53435437787837,151.73474088376742,99.81210139487229,100.00256612869387,false,true
200,20.0,148.5475166493721,100.05525920720058,1.1441622950039516,0.17245245523773178,148.0571774340223,149.20133972902624,99.94626669220884,100.11871914744657,false,true
200,20.0,149.42795165298918,100.13260013370362,1.0339246380885072,0.1772382511746713,148.988025368472,150.0219500065605,100.02246881449035,100.19970706566502,true,false
200,20.0,150.36600804601198,99.90464641573439,1.4461693635082895,0.18938641600288975,149.72302045623303,151.16918981974132,99.78489989409896,99.97428631010185,true,false
200,20.0,149.95706873688223,99.93760291829119,1.1184060307856214,0.18280539948311514,149.46712797518094,150.58553400596657,99.82165252688839,100.0044579263715,true,true
200,20.0,149.8760247871412,99.96105792410444,1.3117531802057272,0.1755711170039973,149.31702407958454,150.62877725979027,99.85008200284452,100.02565311984851,true,true
200,20.0,150.05504722796886,100.08079321595,1.589100103481769,0.18321777706005093,149.34394859727718,150.93304870075895,99.9660850063117,100.14930278337175,true,true
200,20.0,150.20839380736666,100.06004134908802,1.5888330817017504,0.17566773113433953,149.4797695308261,151.06860261252785,99.94675922211302,100.12242695324736,true,true
200,20.0,149.60112053130058,99.98499715070224,1.366951858703061,0.19138649866688695,148.9862234471499,150.35317530585297,99.86432865993572,100.05571515860261,true,true
200,20.0,149.746714208876,100.75045376650559,0.8082001523156919,0.17397849816192945,149.4181334067918,150.2263335591075,100.63877583501647,100.8127543331784,true,false
200,20.0,150.04136359605423,100.0499374530593,1.1296696297802953,0.1788415672071011,149.5387881745915,150.6684578043718,99.93578562598238,100.11462719318948,true,true
200,20.0,150.70339709900855,99.95311059678097,1.2559893695899689,0.2020968436218169,150.15038285609202,151.406372225682,99.82343649284937,100.02553333647118,false,true
200,20.0,148.2691222392997,100.04754166488172,1.267550808849478,0.18010659677672436,147.7145544135549,148.98210522240439,99.93271861849058,100.1128252152673,false,true
200,20.0,150.7981046564883,99.95930764976066,1.0210437453954455,0.18906889272881244,150.37836787844643,151.39941162384187,99.84060494515622,100.02967383788503,false,true
200,20.0,149.00794382863194,99.93041139256613,1.3540707373134069,0.17965780454228764,148.39112172179296,149.74519245910636,99.81745395600103,99.99711176054332,false,false
200,20.0,149.8137239896344,100.59249057532061,1.436269750721607,0.18405931858485758,149.17930066740394,150.61557041812554,100.47728846203705,100.66134778062191,true,false
200,20.0,150.2584463726246,99.89649441810373,1.0586224735066025,0.20077833832513647,149.78785290158035,150.84647537508695,99.76977964101837,99.97055797934351,true,false
200,20.0,145.6357572344407,100.13618890729039,1.36683237368743,0.1701827474446418,145.03888807848745,146.40572045217488,100.02963000166004,100.19981274910468,false,false
200,20.0,150.13578776960867,99.95714124805465,1.212751453423408,0.18235570326680772,149.59580458947462,150.80855604289803,99.83874522803356,100.02110093130037,true,true
200,20.0,149.49377878491163,100.03720628320889,1.138258713838212,0.18506268946883608,149.027908514979,150.16616722881722,99.91855475832924,100.10361744779807,true,true
200,20.0,150.46507612345104,100.10737794938547,0.8699404056166031,0.17769644518848793,150.11638751892255,150.98632792453915,99.9968662162937,100.17456266148218,false,true
200,20.0,149.82084312390552,99.93151337858447,1.5319725993726934,0.18938853462253746,149.13298208793714,150.66495468730983,99.81032929935064,99.99971783397318,true,false
200,20.0,151.07964990663496,99.99869836920432,1.2310048620993257,0.1993994386649689,150.54014137443437,151.7711462365337,99.86963380069548,100.06903323936045,false,true
200,20.0,150.52084664342146,100.75926293625075,0.8882678087958027,0.18702415640164816,150.15588400571886,151.04415181451466,100.64312075099103,100.83014490739268,false,false
200,20.0,150.1212529517294,100.41880295933686,1.283196702283874,0.19476833401331817,149.5413583999457,150.82455510222957,100.29672509517198,100.4914934291853,true,false
200,20.0,151.01410157773847,99.95291313356489,1.302310516894977,0.19016464667578248,150.43941788755245,151.74172840444743,99.83332847271575,100.02349311939153,false,true
200,20.0,149.36059571000237,99.90040687124844,1.336091648297412,0.19141623406062536,148.7687215089471,150.1048131572445,99.77744360855425,99.96885984261488,true,false
200,20.0,150.01304108344053,100.86143181916496,0.9181210125605901,0.17948889523354694,149.62588646819677,150.54400748075736,100.74744565589982,100.92693455113337,true,false
200,20.0,150.53797805323495,100.04820320294587,0.9946220985526111,0.17142719758048486,150.11184124913126,151.10646334768387,99.94232140066839,100.11374859824888,false,true
200,20.0,150.4521556698486,99.94040123204822,1.3121592951241325,0.17652514037411038,149.87783084387226,151.1899901389964,99.82989960783847,100.00642474821258,true,true
200,20.0,150.58804191336336,99.87226888293323,0.938735432959561,0.19510595809738618,150.1956981752068,151.13443360816635,99.7523721555711,99.94747811366848,false,false
200,20.0,150.0832289837941,100.06248678144284,1.2859048305888052,0.18946881927064396,149.49514438824895,150.78104921883775,99.94316978418598,100.13263860345663,true,true
200,20.0,149.58927178505303,99.95534095194975,0.9578745289268227,0.18443203211367631,149.18747256483425,150.14534709376107,99.84019488960512,100.02462692171879,true,true
200,20.0,149.27506228454294,99.88704781015318,0.9051856284524433,0.18420599559028972,148.88820795919716,149.7933935876496,99.76977813139355,99.95398412698384,false,false
200,20.0,150.63089679233377,100.02600147356448,1.259113340902303,0.17606001000595484,150.0617015551163,151.3208148960186,99.91813828849456,100.09419829850052,false,true
200,20.0,148.96668495375528,99.98979304574937,1.3460389779335458,0.18497871686570022,148.3698060340601,149.71584501199365,99.87206756547933,100.05704628234503,false,true
200,20.0,151.03775619031248,100.02319305796614,1.2046013734168923,0.18139142759993376,150.51936130357808,151.72396267699497,99.90669884665955,100.08809027425949,false,true
200,20.0,150.11181848196884,100.13125807260573,1.0701045027736313,0.1831007726700733,149.64944924231855,150.71955374509218,100.0159791849885,100.19907995765857,true,false
200,20.0,149.13398883064386,99.92297822917848,1.1964149335925072,0.1908893140692669,148.62387397331952,149.82028890691203,99.80168494567594,99.99257425974521,false,false
200,20.0,150.35220148316694,100.02722827189766,1.4635727310579796,0.18724728793505108,149.70332007436298,151.16689280542096,99.90748853971313,100.09473582764818,true,true
200,20.0,148.5214482339897,99.98965634403044,1.0096398484220686,0.1833529751011298,148.10807532516236,149.11771517358443,99.87116655372701,100.05451952882814,false,true
200,20.0,148.75573176646523,99.88383778294632,1.2263344408501382,0.18194955784315425,148.2207595343556,149.44709397520575,99.77012877464931,99.95207833249246,false,false
200,20.0,150.2444696356314,100.00599394823195,1.1506772403810146,0.19346363971048675,149.77078051939492,150.92145775977593,99.88265288451117,100.07611652422166,true,true
200,20.0,150.0859940980961,99.92104952648454,0.8885022703225047,0.1981478302270574,149.71689168112533,150.60539395144784,99.792802415077,99.99095024530406,true,false
200,20.0,149.74485749425554,100.02850663970415,1.036612931295167,0.18492003732161777,149.28396825999192,150.3205811912871,99.91417667957816,100.09909671689978,true,true
200,20.0,150.2488556730376,100.04238560742809,1.0993730019568204,0.19558516871788356,149.7747104789641,150.87408348092092,99.9191698863515,100.11475505506938,true,true
200,20.0,150.21522913273972,99.93107792180628,0.9652158348397961,0.18891060813180616,149.82154575409322,150.78676158893302,99.81106673777437,99.99997734590617,true,false
200,20.0,150.34059939480107,99.96766946592636,0.9492574273447758,0.18951540522662924,149.9397603913926,150.8890178187374,99.84679342420205,100.03630882942868,true,true
200,20.0,147.5496704818659,99.90388797850221,1.2575056508330817,0.16903408982892643,146.9939171299307,148.2514227807638,99.79762960909544,99.96666369892436,false,false
200,20.0,148.5685145734115,100.22813614661915,1.015705022457439,0.19551469527790744,148.12950278724992,149.14520780970736,100.10436175947574,100.29987645475364,false,false
200,20.0,150.8766683705593,99.88651407847325,1.347252837444472,0.1901970219795004,150.2940065409371,151.64125937838156,99.76654143713698,99.95673845911648,false,false
200,20.0,150.22662530599456,100.308520035605,1.3961966685277503,0.17624741331114535,149.5694851052267,150.96568177375445,100.19753789513933,100.37378530845048,true,false
200,20.0,150.54841959255992,100.21558389592363,1.342909670234036,0.1960497406960826,149.95561886263633,151.29852853287036,100.09070457580827,100.28675431650436,true,false
200,20.0,150.31796245370674,100.10929131084849,0.8787454267998669,0.19791536323366188,149.9601624827871,150.83890790958696,99.98590752410288,100.18382288733655,true,true
200,20.0,150.42846350462486,99.93395646323177,1.2462208099836403,0.1971001899696887,149.86703482077115,151.1132556307548,99.8085655308948,100.00566572086449,true,true
200,20.0,149.31329670450236,100.04722783629316,1.0851718949410554,0.18193387805941086,148.8283217350789,149.91349363001996,99.93303153890425,100.11496541696366,false,true
200,20.0,150.46070168557918,99.91085559553844,0.9120691848739568,0.1897574381374909,150.09114318712886,151.00321237200282,99.78819807195819,99.97795551009568,false,false
200,20.0,150.57255281101985,99.91211486706845,1.2908290280429355,0.19318049905777457,149.99186630289006,151.282695330933,99.79057588236877,99.98375638142655,true,false
200,20.0,149.40831503072343,100.26464645105698,0.9208395242553991,0.1908296728688299,149.02979002416873,149.95062954842413,100.14124224793343,100.33207192080226,false,false
200,20.0,150.54999810962926,99.9628578118226,1.1738840586025958,0.18375870922719173,150.02040716889684,151.19429122749943,99.84415795426435,100.02791666349154,false,true
200,20.0,151.84469794899684,99.93563037538269,1.5518939456218845,0.19383771886373324,151.1321194185186,152.6840133641405,99.81561299087036,100.0094507097341,false,true
200,20.0,151.50594252458023,99.8969265554691,1.3723396921218978,0.18638162198740815,150.89763085743198,152.26997054955388,99.77971885610854,99.96610047809595,false,false
200,20.0,149.26710883751696,99.92403485211082,0.8977645193880051,0.18386785379421156,148.88701181051627,149.78477632990428,99.8087789332099,99.9926467870041,false,false
200,20.0,150.30039771225267,99.89565056665526,1.1446328350108104,0.18032558132455279,149.8208274759921,150.96546031100291,99.78542612702222,99.96575170834677,true,false
200,20.0,150.5607407349541,99.89624167171118,1.1595884712098155,0.20168026210352252,150.05711906687912,151.21670753808894,99.76990350756844,99.97158376967197,false,false
200,20.0,150.6473319186947,100.14923145147571,0.9463968262331264,0.18486316936619573,150.25085784758727,151.1972546738204,100.0361650184057,100.22102818777189,false,false
200,20.0,151.23162314133575,100.20000379861912,1.3244423715961773,0.18292493280560507,150.64746910524212,151.9719114768383,100.08196795513061,100.26489288793621,false,false
200,20.0,150.6789463884684,99.93904946922578,1.1101950411547534,0.18538577125136158,150.20873210568257,151.31892714683732,99.82445907503485,100.00984484628621,false,true
200,20.0,149.95385990911984,100.06345520291919,1.1954234335566127,0.17520555962562412,149.42936348739667,150.62478692095328,99.94789847703545,100.12310403666108,true,true
200,20.0,150.1210043703633,100.09744025419087,1.0658242278350087,0.1914342098769879,149.66351538635064,150.72933961418565,99.97420821546238,100.16564242533937,true,true
200,20.0,147.8461848796931,100.0334133664809,1.0151603648028527,0.18160753676380637,147.41747059669,148.43263096149286,99.91831837098573,100.09992590774954,false,true
200,20.0,150.02195875696341,100.0213823166047,1.0739866210386992,0.17004809661534637,149.57741637453904,150.65140299557774,99.9152972511171,100.08534534773244,true,true
200,20.0,150.48302375933375,99.95852855884075,1.1775081393705307,0.18218977995358898,149.96132502294725,151.13883316231778,99.84477532018255,100.02696510013614,true,true
200,20.0,150.5300638692953,99.94547802794222,1.5023121828800186,0.18361898524712217,149.8499974905962,151.3523096734762,99.82884439492916,100.01246338017629,true,true
200,20.0,150.5054768475322,99.90562866452566,1.1106973164809801,0.1909633196312086,150.00742621147077,151.11812352795175,99.78543724347875,99.97640056310996,false,false
200,20.0,148.1265379240267,99.88297688256998,1.0922406942998748,0.18707982493977227,147.659318735557,148.75155942985688,99.765500892584,99.95258071752377,false,false
200,20.0,150.2123225293049,100.4981844038071,1.3575724021480085,0.1891706739124288,149.61027704351318,150.9678494456612,100.38042009190045,100.56959076581288,true,false
200,20.0,149.34985903724635,100.19166372516526,1.3218398229199693,0.18942948220045253,148.78385453342375,150.10569435634372,100.07018057952737,100.25961006172783,true,false
200,20.0,148.86503474312678,99.92269068549595,1.1917771615813706,0.17986109919577586,148.35859527078213,149.5503724323635,99.8094222473321,99.98928334652787,false,false
200,20.0,149.53534791552192,100.01147274702862,1.2581597706229388,0.18502930585907507,148.99226058314198,150.25042035376492,99.89408674848288,100.07911605434195,true,true
200,20.0,150.586175416476,100.10334064588093,1.2296463567278977,0.18732776231220782,150.05565921778702,151.28530557451492,99.98487400739378,100.17220176970599,false,true
200,20.0,150.48275046971256,99.94169084056047,1.0711831832023222,0.1940190611322663,150.02279650098836,151.09397968419069,99.82294864164578,100.01696770277805,false,true
200,20.0,150.2530189901747,99.91406161154401,1.0320288150803094,0.1836181561559158,149.84025851934757,150.87228733442788,99.79696650672007,99.98058466287598,true,false
200,20.0,149.73358349814808,100.25998690099416,1.4325687202774304,0.17865140290093962,149.07602678006924,150.50859550034667,100.14873863314244,100.32739003604338,true,false
200,20.0,148.5824716854943,99.95671788817945,1.388260778705046,0.18932810504105646,147.9630316663197,149.35129244502474,99.83693500367244,100.0262631087135,false,true
200,20.0,148.95418117002123,99.88845901980554,0.965207052701345,0.18111277658843505,148.53874446877234,149.50395152147368,99.77413628322613,99.95524905981456,false,false
200,20.0,151.2820609318359,99.91551686907002,1.3498931319234657,0.19489445797471205,150.6932611559682,152.04315428789167,99.79011979459304,99.98501425256775,false,false
200,20.0,150.59918163361985,99.95338763784312,1.406870300009075,0.1797862745322618,149.96328164845096,151.37015194846003,99.83805637953726,100.01784265406953,true,true
200,20.0,150.20074342946106,99.98732440109723,1.1540790928778506,0.1838047311385651,149.70144669108396,150.8555257839618,99.8736107754444,100.05741550658297,true,true
200,20.0,150.83756948089626,100.28632755630892,0.9841823040857776,0.18827574994401175,150.41345690799477,151.39763921208055,100.16810680158383,100.35638255152784,false,false
200,20.0,149.93203680119308,100.06985231523349,1.3147086473732372,0.18521498834398642,149.33076605240817,150.6454746997814,99.95450015856969,100.13971514691367,true,true
200,20.0,150.76479224132913,99.91152584678045,1.1643685230546907,0.1969616536713943,150.24600704182672,151.4103755648814,99.79036838057124,99.98733003424263,false,false
200,20.0,149.34762790316697,99.94041711519476,1.0057402121403243,0.18709934524966343,148.90986039693067,149.915600609071,99.82328429446531,100.01038363971497,false,true
200,20.0,151.3775224064612,99.98721104230563,1.48833668128745,0.20575546859515725,150.7119751241028,152.20031180539024,99.8573324759875,100.06308794458266,false,true
200,20.0,150.59491753061752,100.16405667663946,1.06180083194252,0.17848524673355826,150.14601160147348,151.207812433416,100.05298287983399,100.23146812656755,false,false
200,20.0,150.4985967152058,100.0066087116574,0.9456808584174325,0.1888203108342168,150.08971979391237,151.0354006523298,99.885158403518,100.07397871435222,false,true
200,20.0,150.13004536894425,100.08961618789122,1.1889418428617375,0.17552813236649456,149.6106640993218,150.79960594218355,99.97890018720037,100.15442831956686,true,true
200,20.0,150.88242215630785,99.96934134737417,1.1359687838105685,0.17927315692304546,150.39347024958644,151.529439033397,99.85351401853092,100.03278717545396,false,true
200,20.0,151.1446546088958,99.88802640667954,1.3329552072809463,0.18333365022186854,150.54865465036627,151.88160985764722,99.77018190600175,99.95351555622362,false,false
200,20.0,151.10078422957827,99.93219562414274,1.3733343217249683,0.20018142123915084,150.49504609434297,151.86838041606794,99.80861801613769,100.00879943737684,false,true
200,20.0,151.0467470557651,99.95848479473376,1.3540374192773186,0.1971692504678657,150.4558593496288,151.80989676890613,99.8370315894116,100.03420083987946,false,true
200,20.0,150.3189855889716,99.92497631663775,1.1377630450729725,0.1923521273798201,149.81466501332795,150.95242805840093,99.80179045584475,99.99414258322457,true,false
200,20.0,150.53533493507342,99.97176539155917,1.0699536310109465,0.18984042613358554,150.09036706219524,151.1603206932062,99.84848944672027,100.03832987285385,false,true
200,20.0,150.7514393186202,99.93618091874686,1.4674220064224244,0.19413591987282075,150.07385285907077,151.5412748654932,99.81318097409675,100.00731689396957,false,true
200,20.0,150.95060295996734,100.01709361516289,1.3688480369692115,0.18705685206579403,150.30852817435596,151.67737621132517,99.9019105601647,100.08896741223049,false,true
200,20.0,149.0580410799553,100.06939352850775,1.227432095393084,0.17283889244859552,148.50011459643977,149.72754669183286,99.9632956692447,100.1361345616933,false,true
200,20.0,149.30258526848087,100.31967242845884,1.3034223190966543,0.18388310478300696,148.72888858795764,150.0323109070543,100.2049807348836,100.38886383966661,true,false
200,20.0,150.45193382831334,100.24521349516596,1.3486450947231674,0.18979673911088923,149.85100979643997,151.19965489116314,100.12571214017767,100.31550887928856,true,false
200,20.0,151.2547649473854,99.97100407071488,1.3662221768627205,0.18497458719569693,150.66394760775543,152.03016978461815,99.85423336547109,100.03920795266679,false,true
200,20.0,148.9819808708238,100.08125131106729,0.9840513694610422,0.17653537408916975,148.5756682220379,149.55971959149895,99.96857574061342,100.14511111470259,false,true
200,20.0,150.83909853026898,100.01730689127612,1.3790884570641424,0.18504685214608685,150.21494891274114,151.59403736980528,99.90182659830387,100.08687345044996,false,true
200,20.0,150.2276882410523,99.93732398416344,1.1816704559568052,0.17926665340507952,149.72460683031426,150.90627728627106,99.82493600782684,100.00420266123191,true,true
200,20.0,150.91285892569732,100.00959525361212,1.2497252307882718,0.188455419303466,150.36484702996347,151.61457226075174,99.89163543609322,100.08009085539669,false,true
200,20.0,149.48133489299533,99.94306154351375,1.4885214843884285,0.18756518906118913,148.8160546631827,150.30457614757114,99.82545929664889,100.01302448571008,true,true
200,20.0,150.41685911024365,100.06300829728266,1.2170086858430125,0.18547501972520308,149.92865169642153,151.14566038226454,99.94767733099647,100.13315235072167,true,true
200,20.0,150.79628732460492,100.2961274327993,1.2412294670577637,0.1818664183855958,150.25685913069242,151.49808859775018,100.18203366826542,100.36390008665101,false,false
200,20.0,148.30268514243957,100.05331590372288,1.4540422596732867,0.18174019520327533,147.64487252168527,149.09891478135856,99.93993032002834,100.12167051523161,false,true
200,20.0,148.5787383969539,100.01899324027147,1.0732304763330376,0.17980013671142103,148.121076651477,149.19430712781005,99.90335629278293,100.08315642949435,false,true
200,20.0,150.2522312691499,100.01923088234844,1.0853267084837626,0.17930897193831186,149.79040564654164,150.8757323550254,99.90676515639335,100.08607412833166,true,true
200,20.0,150.00653157649032,99.9924691938585,0.9474056173267513,0.19331042981266933,149.6279552058399,150.57536082316665,99.86613370663856,100.05944413645123,true,true
200,20.0,150.64808815421992,99.89179042223503,1.4161458463300391,0.20293013123851722,150.01563670636395,151.431782552694,99.76414976786103,99.96707989909955,false,false
200,20.0,151.2148631435606,100.11019081292397,1.3197010132762443,0.18483510569910777,150.6628028346653,151.98250384794156,99.99239208931425,100.17722719501336,false,true
200,20.0,150.4572960214017,99.96290771263267,1.4282071102212797,0.18141331883462897,149.83022027411673,151.258427384338,99.84752677649291,100.02894009532754,true,true
200,20.0,150.12616230552652,99.9002918848796,1.5821276487146463,0.18971856322970382,149.3854037500999,150.96753139881454,99.78181548253379,99.97153404576349,true,false
200,20.0,150.19322838179863,99.90091558456393,1.0071403449106526,0.19127301511949213,149.76417567819882,150.77131602310948,99.78200027528332,99.97327329040282,true,false
200,20.0,148.86634847123116,99.97664589265057,0.8324730166890788,0.1816783105246884,148.52497655744014,149.35744957412922,99.8606166391848,100.04229494970949,false,true
200,20.0,149.82058655665747,100.2873494470121,1.0062812527452536,0.19133170465889293,149.40980918946045,150.4160904422057,100.16672138989207,100.35805309455097,true,false
200,20.0,150.50917157779935,99.92278742678337,1.2442894645351998,0.18846054370217757,149.9447224127727,151.1890118773079,99.8034322635909,99.99189280729308,true,false
200,20.0,150.95710773395194,100.31718230743726,1.152013950624223,0.18778649743445897,150.46621505446672,151.61822900509094,100.19781443421711,100.38560093165157,false,false
200,20.0,150.70999484030563,99.88196277008373,1.2999923092310723,0.2007253487315097,150.16421234360283,151.4642046528339,99.75501069731723,99.95573604604874,false,false
200,20.0,148.06600651947474,100.35944921238357,1.2367922572601913,0.178893601095524,147.52144729498121,148.7582395522414,100.24495530079095,100.42384890188647,false,false
200,20.0,149.50318967166683,99.99459273024459,1.2723879520110017,0.1861028988587634,148.95291081113555,150.22529876314655,99.87576617650447,100.06186907536323,true,true
200,20.0,150.2901766245093,99.94386261515594,1.2490810725760468,0.18567607955799303,149.7329753371712,150.98205640974726,99.82637221677726,100.01204829633525,true,true
200,20.0,150.33041067056683,99.9645244457814,1.1662707326048576,0.179251421692058,149.83710575692183,151.0033764895267,99.85196242206385,100.0312138437559,true,true
200,20.0,150.24952554043546,99.89862903353765,1.0970033093877873,0.1806794412852355,149.76535999325722,150.862363302645,99.78369198165882,99.96437142294405,true,false
200,20.0,151.01124098463583,100.05090912708809,1.345498465838233,0.18360425177375816,150.40193326337345,151.74743172921168,99.93453023059483,100.11813448236859,false,true
200,20.0,149.10628989601554,99.90506419887407,1.406112001121187,0.17387806292339292,148.45642174302844,149.86253374414963,99.79328641700727,99.96716447993066,false,false
200,20.0,150.05451403561784,99.88582612514045,1.226973148047307,0.19724522081425278,149.49721865405797,150.72419180210528,99.760735953755,99.95798117456926,true,false
200,20.0,150.71905708731964,100.02538280753922,0.9533252455787817,0.19625008991259563,150.31508316344463,151.2684084090234,99.89899270780514,100.09524279771773,false,true
200,20.0,151.06172547601966,100.53936706716341,1.3438853572829714,0.20083105312325245,150.47781067645323,151.8216960337362,100.41118928499667,100.61202033811992,false,false
200,20.0,149.18005498472763,99.94434427414735,1.1722328017581276,0.1844836992211185,148.69491123454497,149.8671440363031,99.82878629860268,100.0132699978238,false,true
200,20.0,150.408413997416,99.98890292735754,1.0300589201282833,0.20087668931638802,149.99839852507492,151.0284574452032,99.86277370463594,100.06365039395233,true,true
200,20.0,151.22777209306884,100.10173057370173,1.6232531179698526,0.18012025998032755,150.4706898806628,152.09394299863266,99.98763833796309,100.16775859794342,false,true
200,20.0,150.57377524184793,99.91388739305549,1.3738721828062523,0.1787869042963024,149.97590313511859,151.34977531792484,99.80258362403922,99.98137052833552,true,false
200,20.0,150.86411182840385,100.30873452309797,1.4543338345067127,0.18413788573644752,150.1919108401904,151.6462446746971,100.19117875172418,100.37531663746063,false,false
200,20.0,149.11934440147581,99.91627143194516,1.3330885187272372,0.18569773052439587,148.527184639565,149.86027315829224,99.80229709856185,99.98799482908625,false,false
200,20.0,150.01363360189333,99.96925475731203,1.2940568368309755,0.1992858581225505,149.44650919087405,150.74056602770503,99.8410855566492,100.04037141477176,true,true
200,20.0,150.5541379582724,100.17454257703349,0.7718583585557326,0.18847943643655185,150.2497844888192,151.02164284737492,100.05506021848512,100.24353965492168,false,false
200,20.0,146.64423165371014,99.96339560524724,0.9217850313204963,0.18807937658874607,146.2447432390724,147.1665282703929,99.84531173774133,100.03339111433007,false,true
200,20.0,150.2594721197674,100.10232793837804,1.0791323063666596,0.18688353993979945,149.8085558870335,150.88768819340015,99.98555530725795,100.17243884719775,true,true
200,20.0,149.41468000246007,99.9266850787531,1.0327840763895608,0.18085837250283987,148.9725969358307,150.00538101222025,99.81331256043785,99.99417093294069,true,false
200,20.0,150.75891800904145,100.10569490668288,0.9925080143235903,0.18712839278724402,150.36651222062272,151.3590202349463,99.98821578345414,100.17534417624138,false,true
200,20.0,149.4433785743832,100.10496292920223,1.263782283426309,0.18666113977668886,148.8886470828023,150.1524293662286,99.98615801533568,100.17281915511236,true,true
200,20.0,151.04535226600035,100.3831787004885,1.255501614701899,0.19721039650610805,150.5083660465299,151.76386766123179,100.26207566613608,100.45928606264219,false,false
200,20.0,149.41514405850938,100.11340400005524,0.8718080401841917,0.1810975082876496,149.0446253640503,149.91643340423448,99.99842412377073,100.17952163205838,false,true
200,20.0,150.88042443889697,100.8386790394926,1.60919894397054,0.1921183401381228,150.15987194232338,151.76907088629392,100.72042398646104,100.91254232659917,false,false
200,20.0,144.76105703612956,100.0390197858311,1.082232800149427,0.1677341407771138,144.27421427958177,145.3564470797312,99.93603603693609,100.1037701777132,false,true
200,20.0,149.28551483466748,99.95693145106151,0.8715426765714938,0.18989982733108945,148.94315683968702,149.81469951625851,99.83930634124653,100.02920616857762,false,true
200,20.0,149.698604381331,99.91009476613887,1.234611831764994,0.18841691801443972,149.1550393144397,150.3896511462047,99.78794033737131,99.97635725538575,true,false
200,20.0,150.9392561643042,99.98992674919835,1.4046933698214161,0.18587197144204026,150.31835014252243,151.72304351234385,99.87207217250044,100.05794414394248,false,true
200,20.0,150.96609177359522,99.97324488847926,1.7815721904099178,0.17453620322568497,150.14965135211298,151.9312235425229,99.8652055598877,100.03974176311338,false,true
200,20.0,151.07092126532558,99.94378849950314,1.1667265917016607,0.18325889666405715,150.55848157603205,151.7252081677337,99.83571371670058,100.01897261336464,false,true
200,20.0,150.0443803515076,99.96449034614689,1.3270026054730977,0.18394148208319905,149.47482824620275,150.80183085167585,99.84860813116686,100.03254961325005,true,true
200,20.0,149.87895915778012,100.30915675618499,1.0345186694529502,0.1977252608444644,149.43478444163088,150.46930311108383,100.18438172310093,100.38210698394539,true,false
200,20.0,149.49710718689488,99.92649568144245,0.8199449245570349,0.17497111422861167,149.16751272203388,149.9874576465909,99.81371774149196,99.98868885572057,false,false
200,20.0,150.18440120492073,99.94533826860706,1.3110923625245334,0.1971125974335166,149.6273030940407,150.93839545656525,99.8211220387906,100.01823463622412,true,true
200,20.0,147.97338339992865,99.90435789494099,1.111565104513545,0.17972081806374263,147.5098560344847,148.62142113899824,99.79034751361341,99.97006833167715,false,false
200,20.0,150.39641893666146,99.89164919967048,1.0138715613305465,0.1753734181824882,149.98071243493894,150.99458399626948,99.7817254426154,99.95709886079788,true,false
200,20.0,147.6994290900464,99.92165845726073,1.0904982082924732,0.17867711099938788,147.22200865940127,148.31250686769374,99.80557777527987,99.98425488627926,false,false
200,20.0,150.97142981544363,100.07368300675842,1.1676397073540272,0.187921423793469,150.45952456725664,151.62716427461066,99.95359254203755,100.14151396583102,false,true
200,20.0,150.3654843856515,100.16510514267455,1.3303578789129915,0.1764685593009716,149.77597063351243,151.10632851242542,100.05380619806245,100.23027475736342,true,false
200,20.0,150.14572114253758,100.01648689079434,1.1210869301417858,0.1926950251091597,149.6767108512149,150.79779778135668,99.89294358308271,100.08563860819187,true,true
200,20.0,150.95425694619098,99.91533787056505,1.2680337423502692,0.19350298579233538,150.41395463337466,151.68198837572493,99.79212047582914,99.98562346162147,false,false
200,20.0,149.99560423366768,100.37428518061103,1.087524665281535,0.17116996717760458,149.51901180831808,150.60653647359962,100.26801175235536,100.43918171953297,true,false
200,20.0,149.1788277510263,100.23803828780908,0.926736156177526,0.17531238231944712,148.80775218518923,149.73448834136676,100.12448691150051,100.29979929381996,false,false
200,20.0,150.30912356848424,99.98293867391962,0.9433253027957562,0.1776069696888527,149.92982166336006,150.87314696615582,99.87198208212772,100.04958905181657,true,true
200,20.0,148.66097228987616,99.89105483970097,1.2307002940063967,0.17544246223278037,148.10836961739932,149.33906991140572,99.77855551975773,99.95399798199051,false,false
200,20.0,148.73420960022838,100.00003998095093,1.2906852928782655,0.175057394636994,148.17539137526546,149.46607666814373,99.89186941269409,100.06692680733109,false,true
200,20.0,150.20333481821825,100.01074022980293,1.434861305884624,0.18723175195422925,149.55950165458682,150.99436296047145,99.89438171108331,100.08161346303754,true,true
200,20.0,149.13457723282295,99.89533795659537,0.9436109710006235,0.17789107782202507,148.7260157256386,149.66962669663923,99.78305405420846,99.96094513203049,false,false
200,20.0,149.40692557237645,100.03236448826135,1.40921856961873,0.18529165099458567,148.76744905418462,150.17666762380335,99.91415111922072,100.0994427702153,true,true
200,20.0,148.68715279165357,99.91789439133045,0.8840369056170232,0.18373595946061982,148.31682611957285,149.20086302518988,99.8027221552911,99.98645811475171,false,false
200,20.0,151.05395697941208,99.99659681270668,1.1917389404135577,0.19359137475495913,150.5416668634517,151.73340580386525,99.87323039821393,100.0668217729689,false,true
200,20.0,150.91159067896547,100.39990906829375,1.0708536129086212,0.1701392724040005,150.44679401412276,151.51764762703138,100.2946115322383,100.4647508046423,false,false
200,20.0,150.5402358642677,100.10959305727725,0.9700105774777512,0.19146258342695432,150.1307775158535,151.10078809333126,99.9866863451438,100.17814892857075,false,true
200,20.0,150.57594386182708,99.91314684553497,1.2343356859704215,0.1857505598716216,150.07570354202778,151.3100392279982,99.79790497823899,99.98365553811061,false,false
200,20.0,150.26713007632796,99.91396333658221,1.3765112363642231,0.17730155399212322,149.65147853184638,151.0279897682106,99.80106099589554,99.97836254988766,true,false
200,20.0,147.3941992238901,100.23902335304192,1.049070779712224,0.16544165914105236,146.9297113208302,147.97878210054242,100.13483974459814,100.30028140373919,false,false
200,20.0,150.40487986172758,99.92242417073194,1.5998318368082494,0.18728236824303224,149.66712662765448,151.26695846446273,99.80201786941596,99.989300237659,true,false
200,20.0,150.45222640144516,99.9743873823744,0.9895304438342691,0.18892191189958396,150.01871010045804,151.0082405442923,99.85566676615062,100.0445886780502,false,true
200,20.0,149.55323028611753,100.24529552508577,1.4670417163630987,0.16004554389544978,148.886894153607,150.3539358699701,100.14832747207349,100.30837301596894,true,false
200,20.0,148.8853943721906,100.04175760866472,0.9374247878350559,0.18611059769744998,148.47673206194705,149.4141568497821,99.92421956027604,100.1103301579735,false,true
200,20.0,148.91292120460406,99.89144427348761,1.449573443178565,0.18919402693067866,148.2339749559264,149.68354839910498,99.77013849409052,99.9593325210212,false,false
200,20.0,149.5631068672186,99.97671100866955,1.3731810767926902,0.19421858873056408,148.9668855096288,150.3400665864215,99.85699948524737,100.05121807397794,true,true
200,20.0,150.47692479284854,99.91012060547197,1.6158952041959935,0.18615748681904165,149.75036779761714,151.36626300181314,99.79231858404304,99.97847607086209,true,false
200,20.0,148.1661930419419,99.95131178583458,1.1543992765748783,0.18520353111519228,147.68252159878062,148.8369208753555,99.83394627152572,100.01914980264091,false,true
200,20.0,150.3859783962906,100.08146015014378,0.9906015298180932,0.18373590458763545,149.94364478697793,150.93424631679602,99.96782222928489,100.15155813387253,true,true
200,20.0,150.92594695835442,99.96756244718759,1.288201027712745,0.19623029286050553,150.35089135431957,151.63909238203232,99.84499584060036,100.04122613346087,false,true
200,20.0,150.92691010246728,99.93300131501812,1.4036335551324441,0.19590221281706022,150.31092422848621,151.71455778361866,99.80706858835299,100.00297080117005,false,true
200,20.0,150.6968914929821,99.89776893838055,1.1477553670611087,0.18647718781720357,150.1951246382966,151.3428800053577,99.77708895088618,99.96356613870338,false,false
200,20.0,150.39938869526316,100.642811983406,1.1526776064325759,0.19469351786976574,149.90144487231896,151.05412247875154,100.51895083794366,100.71364435581343,true,false
