ndata,sigma,theta1_median,theta2_median,theta1_iqrs,theta2_iqrs,quartiles1_1,quartiles3_1,quartiles1_2,quartiles3_2,theta1_coverage,theta2_coverage
50,1.0,169.71280408438378,80.86795157169986,1.3479647610106724,1.334882990609941,169.0332931436026,170.38125790461328,80.18524096716898,81.52012395777892,false,false
50,1.0,169.6488114188033,80.84587542138786,1.3580396519193982,1.3811919695153847,168.98204501414796,170.34008466606736,80.15595373977607,81.53714570929145,false,false
50,1.0,169.70858448498035,80.85840367958633,1.3446853601473094,1.3695066010297978,169.04389197653234,170.38857733667965,80.1709285374277,81.5404351384575,false,false
50,1.0,169.70703761665942,80.82966525132346,1.3789890361929906,1.3505056468851677,169.00836731164128,170.38735634783427,80.16197942980118,81.51248507668635,false,false
50,1.0,169.76428854166852,80.87475940298825,1.3285083153483015,1.3400705658522867,169.08572453959607,170.41423285494437,80.19126863891222,81.5313392047645,false,false
50,1.0,169.68571173464284,80.85052350284738,1.3634666784041656,1.331490821244401,169.00272982966646,170.36619650807063,80.16632744786821,81.49781826911261,false,false
50,1.0,169.67735051318905,80.8458764391516,1.3555490413206428,1.3774742330198961,169.00259246348554,170.35814150480618,80.16789629766821,81.5453705306881,false,false
50,1.0,169.6472087309654,80.82889245185967,1.3610404345416498,1.3437404894505818,168.96570803453474,170.3267484690764,80.16362375166572,81.5073642411163,false,false
50,1.0,169.7614286588179,80.84807787000773,1.3773110936597561,1.3324473052109198,169.07292290258792,170.45023399624768,80.16696544475447,81.49941274996539,false,false
50,1.0,169.73528630514704,80.86671550579834,1.3970250553988706,1.3693477026622105,169.04879426538085,170.44581932077972,80.1534749746203,81.5228226772825,false,false
50,1.0,169.7492308654762,80.84349889128623,1.3438229298741646,1.359820321591556,169.06576788731715,170.40959081719132,80.1559356738243,81.51575599541586,false,false
50,1.0,169.6992856364679,80.85973931928898,1.4008733819427732,1.3389366890819616,168.9738611620566,170.37473454399938,80.1726441275295,81.51158081661146,false,false
50,1.0,169.66742136086975,80.84233949810951,1.3458990174504777,1.3526958227335513,168.9839268143658,170.32982583181627,80.16462196351307,81.51731778624662,false,false
50,1.0,169.6885347904686,80.85264193217986,1.3494852941244062,1.3444882359987105,169.02505885440553,170.37454414852994,80.1830135963753,81.52750183237401,false,false
50,1.0,169.6713229208649,80.84128868234399,1.3772762340300062,1.3361581342247177,169.00382767317802,170.38110390720803,80.19135636140568,81.5275144956304,false,false
50,1.0,169.69409271442993,80.86938232694456,1.3167699659688878,1.3405599661391534,169.03053406674246,170.34730403271135,80.1735250049719,81.51408497111106,false,false
50,1.0,169.72125051489405,80.8328206932465,1.3274527677726269,1.3571220563910629,169.06862188742824,170.39607465520086,80.14226761809687,81.49938967448793,false,false
50,1.0,169.6566378008521,80.83940290046635,1.3346075803270026,1.3299522708196037,168.99539987340074,170.33000745372775,80.16581423141398,81.49576650223358,false,false
50,1.0,169.69875126613385,80.83486140203729,1.3537471352841237,1.3817455325444428,169.02686524657088,170.380612381855,80.14318930813353,81.52493484067797,false,false
50,1.0,169.6536552252992,80.85299283710647,1.3594684423744354,1.393486743598018,168.98252109682352,170.34198953919795,80.1511801709578,81.54466691455582,false,false
50,1.0,169.72947602830885,80.85150131854112,1.3811249786401447,1.3637585169748832,169.0540348331231,170.43515981176324,80.16409533355576,81.52785385053065,false,false
50,1.0,169.72764773321535,80.82650865483902,1.3704189665315027,1.32564128349064,169.03512463460217,170.40554360113367,80.16870035793674,81.49434164142738,false,false
50,1.0,169.72907291376345,80.84942706178282,1.3462077969275583,1.3384024763293922,169.05219234182186,170.39840013874942,80.16966484107851,81.5080673174079,false,false
50,1.0,169.70906125605467,80.83773858569674,1.3694732206471372,1.3510068723748532,169.02615781973728,170.39563104038442,80.15882878225867,81.50983565463352,false,false
50,1.0,169.69191519913784,80.83007318899772,1.3380025622655012,1.3639371505968398,169.04410089654579,170.3821034588113,80.1557266010002,81.51966375159704,false,false
50,1.0,169.67323987292838,80.86217217065249,1.3103426549809,1.3407903064404536,169.02182051232222,170.33216316730312,80.1851553570089,81.52594566344935,false,false
50,1.0,169.66303688106314,80.84345180707069,1.3498955409407358,1.3376787878095655,169.00481109672188,170.35470663766262,80.18456955398513,81.5222483417947,false,false
50,1.0,169.73046982740976,80.8344742204255,1.3121797978346308,1.444378057981055,169.06481445909782,170.37699425693245,80.11395269821676,81.55833075619782,false,false
50,1.0,169.69411936248588,80.84218774449438,1.3197556965011188,1.4052877173880631,169.04259822280974,170.36235391931086,80.14132429767324,81.5466120150613,false,false
50,1.0,169.69464271092573,80.81745577342647,1.3555120490451031,1.3884410105584237,169.00441624331805,170.35992829236315,80.14726169904064,81.53570270959906,false,false
50,1.0,169.71513682983948,80.857691905761,1.3432513847162966,1.3409706472459249,169.04647316291857,170.38972454763487,80.1815846453797,81.52255529262563,false,false
50,1.0,169.67911902827373,80.84475886603113,1.322148488708251,1.3928620632204058,169.01838052704505,170.3405290157533,80.16305240012274,81.55591446334314,false,false
50,1.0,169.70443826864036,80.84820219058207,1.3435506095518406,1.3402584128504316,169.045400584838,170.38895119438985,80.16724771959727,81.5075061324477,false,false
50,1.0,169.73112668560435,80.85015408493805,1.3732133663932586,1.401571067562159,169.03898288653056,170.41219625292382,80.14790752856824,81.5494785961304,false,false
50,1.0,169.73997047836502,80.8361184321526,1.338492433675441,1.3678655895864296,169.04375506100752,170.38224749468296,80.14492979098968,81.51279538057611,false,false
50,1.0,169.70789401109064,80.86940318343801,1.3655660012931605,1.3335140506789998,169.02906171827198,170.39462771956514,80.1902273845532,81.5237414352322,false,false
50,1.0,169.66640635958004,80.8525048530854,1.3416855183494363,1.3527515514411448,168.9909178435568,170.33260336190622,80.17485345336547,81.52760500480662,false,false
50,1.0,169.72418803756824,80.84431961051067,1.3365654344931386,1.3194810072100438,169.0352015823406,170.37176701683373,80.17410246375641,81.49358347096646,false,false
50,1.0,169.65244653272663,80.85519613569335,1.3589843003166493,1.3747310991129922,168.9805844599155,170.33956876023214,80.16226502973609,81.53699612884908,false,false
50,1.0,169.72798977052022,80.85194478524576,1.3591600754874378,1.3545002592350244,169.05080618314082,170.40996625862826,80.18061808390408,81.5351183431391,false,false
50,1.0,169.6844684734694,80.8508673590602,1.3388609186256701,1.3611887189266838,169.01799531620847,170.35685623483414,80.17583375077825,81.53702246970494,false,false
50,1.0,169.71072377515637,80.86263099857557,1.3164010343313635,1.3371671991059912,169.05180583745232,170.36820687178368,80.18365336443595,81.52082056354195,false,false
50,1.0,169.6832980868025,80.87045019133606,1.3403010682812067,1.3425575489788173,169.0058093656172,170.34611043389842,80.19571854269509,81.53827609167391,false,false
50,1.0,169.74409026591286,80.85407932450406,1.4233702419872714,1.3580752002624763,169.03853562548792,170.4619058674752,80.17876879435704,81.53684399461952,false,false
50,1.0,169.72785071874915,80.85153436769671,1.3765151640729698,1.3783771936832352,169.03323030657822,170.4097454706512,80.1495948193283,81.52797201301154,false,false
50,1.0,169.72370918642855,80.83788163178588,1.338796246326723,1.3179859157802412,169.0493985363665,170.38819478269323,80.17596457369592,81.49395048947616,false,false
50,1.0,169.71644179976678,80.83823958640806,1.345929152088928,1.3352044827419576,169.04042236319157,170.3863515152805,80.1731981684108,81.50840265115276,false,false
50,1.0,169.71848794967724,80.86466343126705,1.3571144636016754,1.3810654904778943,169.0250779974846,170.38219246108628,80.19000349173294,81.57106898221083,false,false
50,1.0,169.70866337672254,80.82998040567897,1.3471127454314455,1.3669083897588337,169.02906777114066,170.3761805165721,80.16796901891189,81.53487740867072,false,false
50,1.0,169.71555990474775,80.84572267434137,1.3605801484115148,1.358897945239704,169.02322881993751,170.38380896834903,80.16067528485144,81.51957323009114,false,false
50,1.0,169.70370683556416,80.8544027030581,1.3340241146094343,1.3667222777552865,169.03673702571604,170.37076114032547,80.15111762787421,81.5178399056295,false,false
50,1.0,169.72697548954807,80.85053627279117,1.3206586045123458,1.3562153052870656,169.08947522922853,170.41013383374087,80.16899224103261,81.52520754631968,false,false
50,1.0,169.68746914256656,80.83785987375545,1.3504660636560004,1.3273399086517657,169.02321703628317,170.37368309993917,80.1710352008119,81.49837510946367,false,false
50,1.0,169.69493065525046,80.83689004726236,1.389105253762466,1.3679319368032878,168.98787794458627,170.37698319834874,80.14732488194109,81.51525681874438,false,false
50,1.0,169.6684033372739,80.85663620306907,1.3680305147276783,1.356081118067209,168.98884431645442,170.3568748311821,80.17785702629263,81.53393814435984,false,false
50,1.0,169.7135980359094,80.8561326543061,1.3485202521123085,1.3472906619268485,169.03178193464612,170.38030218675843,80.19017180249158,81.53746246441843,false,false
50,1.0,169.7118815892759,80.8604044429276,1.355730745571094,1.3463505152495259,169.0285895161464,170.3843202617175,80.17836774512185,81.52471826037137,false,false
50,1.0,169.6905359004895,80.84274320605131,1.322927110745809,1.3768954247047134,169.01701758926598,170.33994470001178,80.16565063749707,81.54254606220178,false,false
50,1.0,169.6977960855519,80.85279611344514,1.3571187393435764,1.3366008993576344,169.01744617929901,170.3745649186426,80.17846411998224,81.51506501933987,false,false
50,1.0,169.66069699480812,80.82898167915094,1.3438935057174888,1.3645108284368774,169.0116638403456,170.35555734606308,80.15482203395366,81.51933286239054,false,false
50,1.0,169.69047751962705,80.84111860099706,1.3947108259235108,1.35693718939865,168.9889864553873,170.38369728131082,80.14885339117228,81.50579058057093,false,false
50,1.0,169.69979867511535,80.85762280466136,1.3384586248570827,1.3477154452421445,169.0298363239067,170.36829494876378,80.17993279289247,81.52764823813462,false,false
50,1.0,169.70667078396548,80.81965530185077,1.352724352118173,1.3659676665688352,169.03572876187835,170.38845311399652,80.14600249931058,81.51197016587942,false,false
50,1.0,169.74953987386215,80.85964952855274,1.3580328488622229,1.3472838952212527,169.0617380552127,170.4197709040749,80.17656752533746,81.52385142055871,false,false
50,1.0,169.72277742885956,80.85213475196757,1.3503453015699165,1.337627442877647,169.0505755615357,170.40092086310563,80.180312454935,81.51793989781265,false,false
50,1.0,169.69560571408044,80.83228787344261,1.338512840255106,1.388139103911982,169.0202019908091,170.35871483106422,80.14058553336497,81.52872463727695,false,false
50,1.0,169.69636516210477,80.83469442798392,1.3376618814783114,1.3295854157412208,169.02611239310653,170.36377427458484,80.1706263676118,81.50021178335302,false,false
50,1.0,169.70306482241952,80.82352862471598,1.36625377017711,1.3155600214507785,169.01453710707304,170.38079087725015,80.17967812771971,81.49523814917049,false,false
50,1.0,169.7024173971954,80.82505449541526,1.3525094786879492,1.378186550503699,169.03281271351355,170.3853221922015,80.14009417997545,81.51828073047915,false,false
50,1.0,169.7276280802676,80.84685200792578,1.3503234436367961,1.346790008574743,169.05304014360118,170.40336358723798,80.17508780837085,81.52187781694559,false,false
50,1.0,169.7009327898921,80.84484766207575,1.3390270760989722,1.360325679351888,169.0390485634124,170.37807563951137,80.17374720245493,81.53407288180682,false,false
50,1.0,169.76057535616536,80.83396132511331,1.3342404109200174,1.3275611751338232,169.0895033610857,170.4237437720057,80.18389415524577,81.51145533037959,false,false
50,1.0,169.70412873053905,80.84712293894421,1.3485327721227236,1.3311567284081889,169.04834031201352,170.39687308413625,80.1745536366771,81.50571036508529,false,false
50,1.0,169.71467237722976,80.83584843751142,1.3141355890764146,1.3675491710232137,169.05517663801967,170.3693122270961,80.15206580325463,81.51961497427784,false,false
50,1.0,169.69634088126992,80.86072527912667,1.3626734856926532,1.333427108110783,169.0258952104198,170.38856869611246,80.20121512543605,81.53464223354683,false,false
50,1.0,169.72298708771686,80.84753135399869,1.3560842336279961,1.3910539676305973,169.04396044032578,170.40004467395377,80.15302631506876,81.54408028269935,false,false
50,1.0,169.71340431047287,80.8524043178114,1.3463109727371716,1.3926684806124854,169.01745556904274,170.3637665417799,80.1430620034941,81.53573048410658,false,false
50,1.0,169.67237677586633,80.83470671039974,1.32575297013733,1.3739818102433219,169.0143537569591,170.34010672709644,80.14673672154349,81.52071853178681,false,false
50,1.0,169.69819545169915,80.8443351895787,1.3552715837066103,1.3491657985609038,169.02321021250438,170.378481796211,80.17966540966964,81.52883120823054,false,false
50,1.0,169.70155956816683,80.83912147109092,1.3850018564249638,1.3533994995587904,168.99564617706633,170.3806480334913,80.15341814110955,81.50681764066834,false,false
50,1.0,169.6705648421852,80.84314913186981,1.3717000613621622,1.3927028270220632,168.9892378682394,170.36093792960156,80.14821584365225,81.54091867067432,false,false
50,1.0,169.69181554777077,80.84869190685691,1.3331430518920229,1.2993842397313529,169.00639449728823,170.33953754918025,80.1912244530907,81.49060869282205,false,false
50,1.0,169.7314702021643,80.83266298987982,1.3211675665287146,1.3570472779109792,169.06409039556314,170.38525796209186,80.15962024445483,81.51666752236581,false,false
50,1.0,169.65538706383128,80.85037966619845,1.3411092800476752,1.3651120262355079,168.9846538330852,170.32576311313287,80.16305438883107,81.52816641506658,false,false
50,1.0,169.71736388753618,80.8401815909308,1.330455388973661,1.3407500510980412,169.04453490368414,170.3749902926578,80.17299303547719,81.51374308657523,false,false
50,1.0,169.67384121842332,80.8529211255877,1.3246356603232243,1.329196450334365,169.0300998466354,170.35473550695863,80.18420800640519,81.51340445673955,false,false
50,1.0,169.76297810427624,80.87197230622651,1.3108714787827296,1.3507522421081148,169.10499357288919,170.41586505167191,80.18528388821167,81.53603613031979,false,false
50,1.0,169.69460053648464,80.84350061726676,1.3696751832293046,1.3651983661767133,169.00116707769314,170.37084226092244,80.14460546563637,81.50980383181309,false,false
50,1.0,169.70751178161197,80.84413860955493,1.3420026978430997,1.3228719629067456,169.03389070265322,170.37589340049632,80.1774638285869,81.50033579149364,false,false
50,1.0,169.73071577216288,80.88276008281761,1.3271141218228308,1.3524553560123564,169.0656845186794,170.39279864050224,80.22265589824048,81.57511125425283,false,false
50,1.0,169.69009892941847,80.83525466466422,1.3436623917512804,1.3569180209102285,169.00021982617355,170.34388221792483,80.15168359048035,81.50860161139057,false,false
50,1.0,169.70690770907407,80.8616614780577,1.3471178777163004,1.370537104564491,169.04390155135064,170.39101942906694,80.1756121928381,81.5461492974026,false,false
50,1.0,169.67390659324295,80.86789322077496,1.385639860669869,1.3533402472366305,168.98182669474377,170.36746655541364,80.18736525992979,81.54070550716642,false,false
50,1.0,169.7273978831949,80.8401035048711,1.3185773938234604,1.355737548878892,169.06256958961282,170.38114698343628,80.1542949208733,81.51003246975219,false,false
50,1.0,169.6876105426711,80.84934528756027,1.3226400013507202,1.3623662170653148,169.04227714070777,170.3649171420585,80.14086357488772,81.50322979195303,false,false
50,1.0,169.72945843339716,80.8281279628752,1.3643562058470877,1.377313962870062,169.05051848230835,170.41487468815544,80.1496164982984,81.52693046116846,false,false
50,1.0,169.71821224610488,80.8391719844804,1.3372921977093881,1.3499006614448632,169.0622204028228,170.39951260053218,80.17436127329951,81.52426193474437,false,false
50,1.0,169.68383995158678,80.86681552065345,1.3467957687702494,1.3682489637471917,168.9872781771471,170.33407394591734,80.17639244969926,81.54464141344646,false,false
50,1.0,169.72299739547725,80.83494194372392,1.3390851790686327,1.3389408175520288,169.0448407612632,170.38392594033184,80.1582916791945,81.49723249674653,false,false
50,1.0,169.73879895887285,80.83828911593724,1.3376742107123505,1.3470404348062743,169.0588335851507,170.39650779586304,80.18057789726687,81.52761833207315,false,false
50,1.0,169.67790576249308,80.83489590260866,1.3592960424483067,1.3735599163117342,169.01540493124412,170.37470097369243,80.15897428210215,81.53253419841388,false,false
50,1.0,169.65851170615915,80.86389788552458,1.346204680357971,1.3619110476562781,168.98744979065947,170.33365447101744,80.1732595632596,81.53517061091588,false,false
50,1.0,169.79509153648337,80.84715371820435,1.3701780697344361,1.3333054516845237,169.10051296630098,170.47069103603542,80.19538822437468,81.5286936760592,false,false
50,1.0,169.6898043112549,80.85090183658707,1.3982815009770775,1.3233004489910627,169.0082176796591,170.4064991806362,80.1759894808553,81.49928992984637,false,false
50,1.0,169.65463895289946,80.84251174745981,1.3064179810893108,1.3540732883559343,168.99638049173726,170.30279847282657,80.1594589146401,81.51353220299603,false,false
50,1.0,169.71791999195898,80.85260772296868,1.339683775389517,1.3587661539047389,169.05840247069713,170.39808624608665,80.16685050003673,81.52561665394147,false,false
50,1.0,169.6916624524431,80.83772584679909,1.3589026247096,1.3752479333558512,169.01284909302422,170.37175171773382,80.15467086110655,81.5299187944624,false,false
50,1.0,169.71508353008926,80.85508697020038,1.3167268131031165,1.3651938971270852,169.06302965715506,170.37975647025817,80.17877953453342,81.5439734316605,false,false
50,1.0,169.70294085297053,80.86755493413743,1.3390243590521322,1.365724648079265,169.02402994529703,170.36305430434916,80.17280504138316,81.53852968946242,false,false
50,1.0,169.68956607532164,80.84929696223053,1.3307364163833029,1.364378622796167,169.0414591803439,170.3721955967272,80.16900798226088,81.53338660505705,false,false
50,1.0,169.72404004937675,80.85728854592779,1.3345154955235046,1.3355347911803506,169.04749674999215,170.38201224551565,80.17495463329922,81.51048942447957,false,false
50,1.0,169.75757233471847,80.82883228036773,1.341380523877291,1.3749522245496166,169.09769448573195,170.43907500960924,80.14832048697463,81.52327271152424,false,false
50,1.0,169.68440120484308,80.83476761253706,1.3602841659943579,1.358100347634121,169.00110646031615,170.3613906263105,80.1659058747636,81.52400622239772,false,false
50,1.0,169.71272480681995,80.8384141231007,1.332073144998418,1.3666692184851854,169.0407828003707,170.3728559453691,80.15837647909835,81.52504569758354,false,false
50,1.0,169.77458444015315,80.83685793695231,1.3278269917702517,1.3410583782348056,169.10122279832953,170.42904979009978,80.17646307985692,81.51752145809172,false,false
50,1.0,169.6625240319878,80.81770615436415,1.3716916064614963,1.3553654685852479,168.95248144926813,170.32417305572963,80.13940414562542,81.49476961421067,false,false
50,1.0,169.71626152331947,80.85805429475211,1.3356148980818432,1.3989434789663022,169.02903816829505,170.3646530663769,80.13236541550502,81.53130889447132,false,false
50,1.0,169.64913534161326,80.85728347015949,1.3236013151327768,1.3531534269101684,168.99014937074747,170.31375068588025,80.18054259052407,81.53369601743424,false,false
50,1.0,169.69775621608113,80.83268704070656,1.334337364871601,1.3674878902582748,169.032401856426,170.3667392212976,80.15945815795209,81.52694604821036,false,false
50,1.0,169.6878652321506,80.84318030127383,1.3267409297521056,1.3602483862338488,169.03695281640324,170.36369374615535,80.1495265336297,81.50977491986355,false,false
50,1.0,169.72154080528185,80.84200636120849,1.3092243874347105,1.3718309059716631,169.05145014982514,170.36067453725985,80.14661197666608,81.51844288263774,false,false
50,1.0,169.73471084872156,80.82460048492125,1.3453283622400818,1.375174349438666,169.0553019193313,170.40063028157138,80.15284901296944,81.5280233624081,false,false
50,1.0,169.71713507596434,80.83750184519637,1.31104606083872,1.3526310020478718,169.06314794017922,170.37419400101794,80.17009323128966,81.52272423333753,false,false
50,1.0,169.6957050342644,80.83219980040909,1.32727979022593,1.4084614942121192,169.05309727761272,170.38037706783865,80.13727028419669,81.54573177840881,false,false
50,1.0,169.7193866640846,80.84180319929382,1.3577990584220458,1.394583180742785,169.02883691436955,170.3866359727916,80.15538344204246,81.54996662278525,false,false
50,1.0,169.7137325368012,80.8323277318859,1.3430015970358795,1.3672231386616005,169.05210934805223,170.3951109450881,80.15539055167316,81.52261369033477,false,false
50,1.0,169.71565492056692,80.85427941968372,1.372477220221441,1.354184999904291,169.02970449840564,170.40218171862708,80.17452060945435,81.52870560935864,false,false
50,1.0,169.66875808863927,80.83680363184428,1.3371773131044336,1.3438636893234985,168.9985319216547,170.33570923475912,80.18091921432311,81.52478290364661,false,false
50,1.0,169.72081391971375,80.84661757412378,1.3502733545136607,1.3872249286121558,169.05620592194165,170.40647927645531,80.15529372640182,81.54251865501398,false,false
50,1.0,169.69180632502827,80.8465229244458,1.3377470498620028,1.3519659414876344,169.0353929334261,170.3731399832881,80.17207909575217,81.5240450372398,false,false
50,1.0,169.71140637946772,80.8521628020539,1.38895549031227,1.3677469449983164,169.01130162550075,170.40025711581302,80.15682368124604,81.52457062624435,false,false
50,1.0,169.69465619541762,80.85251081599753,1.361191333567433,1.3511784760345478,169.00300580425704,170.36419713782448,80.18570081899092,81.53687929502547,false,false
50,1.0,169.70881047936007,80.85045481999705,1.324865729414114,1.356238322152663,169.03350162006114,170.35836734947526,80.16227390398612,81.51851222613878,false,false
50,1.0,169.69259800875778,80.83569119399104,1.3494517331696159,1.3716163493814975,169.02000656971273,170.36945830288235,80.15969734612699,81.53131369550849,false,false
50,1.0,169.68554362563722,80.84617667327306,1.310767080450546,1.378410927271048,169.02728757298544,170.338054653436,80.18155097250441,81.55996189977546,false,false
50,1.0,169.72565100563878,80.84534525540414,1.3255502080758959,1.358826490760066,169.0618237569937,170.3873739650696,80.18060276069,81.53942925145006,false,false
50,1.0,169.71907521254087,80.84092058998819,1.3273290594649154,1.3427468151185593,169.05637397570757,170.3837030351725,80.17215158343852,81.51489839855708,false,false
50,1.0,169.7393951818883,80.8492674897554,1.299911837863334,1.3701712680510951,169.0953509087299,170.39526274659323,80.1741688467898,81.54434011484089,false,false
50,1.0,169.76065262390875,80.85888848973248,1.3883133359341286,1.3714389437827919,169.0703651269007,170.45867846283483,80.17983873060307,81.55127767438586,false,false
50,1.0,169.69397553086534,80.8257176749429,1.347750220087761,1.3497852490325073,169.01595897541165,170.3637091954994,80.14475478290764,81.49454003194015,false,false
50,1.0,169.70697363091736,80.8605821790966,1.3445162425215358,1.4017098199911402,169.03693481762835,170.38145106014989,80.15875209086971,81.56046191086085,false,false
50,1.0,169.71172495350072,80.83779495971116,1.360991372082566,1.3642475601174908,169.03530898507313,170.3963003571557,80.17255020235412,81.53679776247161,false,false
50,1.0,169.70806796545526,80.85399871058831,1.3532859184179244,1.3163257231288696,169.02462137194217,170.3779072903601,80.19405881855766,81.51038454168653,false,false
50,1.0,169.73730407284677,80.86167731537253,1.3550244876642523,1.3531389336772435,169.05704910700018,170.41207359466443,80.1824104238859,81.53554935756314,false,false
50,1.0,169.73166238042785,80.86198150618813,1.3526214005158579,1.3571163925902425,169.03655785253943,170.3891792530553,80.18342851699329,81.54054490958353,false,false
50,1.0,169.73179962571535,80.84444288990738,1.3305202369940048,1.3943588772430786,169.06367240976078,170.3941926467548,80.15890425413897,81.55326313138205,false,false
50,1.0,169.70940207869376,80.84161373011996,1.3433278309683487,1.3816385748700526,169.04027024053352,170.38359807150186,80.13474141032013,81.51637998519018,false,false
50,1.0,169.6783804241486,80.85973500723274,1.3677056065086788,1.3976178434675575,168.99915306202342,170.3668586685321,80.14803570498768,81.54565354845523,false,false
50,1.0,169.70125954006335,80.83589906195758,1.324325179710769,1.3614073199481425,169.03496634603957,170.35929152575034,80.15312502581594,81.51453234576408,false,false
50,1.0,169.6701413511659,80.8437790807294,1.365661625458614,1.3226457759340775,168.98520055765056,170.35086218310917,80.19751414104033,81.52015991697441,false,false
50,1.0,169.70564815169683,80.8613127963292,1.335856433166839,1.3533942665478378,169.03040842942693,170.36626486259377,80.17778104545161,81.53117531199945,false,false
50,1.0,169.6942134480928,80.85669926088886,1.358808488495015,1.34194396391986,169.00754612976385,170.36635461825887,80.1865902394176,81.52853420333746,false,false
50,1.0,169.6959839307689,80.87004327792258,1.3182496393845042,1.3435403994593713,169.0210112284894,170.33926086787392,80.1912606887289,81.53480108818827,false,false
50,1.0,169.71266616763074,80.85035311145658,1.3559744253615236,1.2970753386977378,169.03227618957303,170.38825061493455,80.18249092487521,81.47956626357295,false,false
50,1.0,169.7130537699532,80.85059499145743,1.340956436360898,1.3567438735713324,169.0242422634851,170.365198699846,80.14976688381779,81.50651075738912,false,false
50,1.0,169.70170341697565,80.84976460190644,1.3256286451208723,1.3770349056182312,169.04302224118794,170.3686508863088,80.15803149616855,81.53506640178678,false,false
50,1.0,169.70925748977703,80.82259276297603,1.3851416754600336,1.3628503128555565,169.01409022584767,170.3992319013077,80.15112707150371,81.51397738435926,false,false
50,1.0,169.74818855812174,80.8639349824887,1.3239177827578317,1.3505904665963158,169.08070012346465,170.40461790622248,80.1678809663158,81.51847143291212,false,false
50,1.0,169.7038715898717,80.83190761832498,1.3564245446529526,1.3486031604598452,169.02684691653727,170.38327146119022,80.15711590838559,81.50571906884544,false,false
50,1.0,169.68065998291183,80.83904506788565,1.3589105882939805,1.3479039389793854,169.0269626927012,170.38587328099518,80.15960119457424,81.50750513355362,false,false
50,1.0,169.72396919606584,80.84838438386255,1.3748789911891208,1.390514350374275,169.02055161805515,170.39543060924427,80.15694827214995,81.54746262252422,false,false
50,1.0,169.6794139046686,80.85036913183224,1.3700196075947133,1.3633289940750188,168.99525198250876,170.36527159010348,80.16403138441908,81.5273603784941,false,false
50,1.0,169.68888658212228,80.83739059338833,1.3592366644485878,1.3259878128271794,169.00831857168848,170.36755523613706,80.16993421583462,81.4959220286618,false,false
50,1.0,169.67245398427485,80.8385527064778,1.3460555380267465,1.3323722581067443,169.00951881321043,170.35557435123718,80.17824575171832,81.51061800982507,false,false
50,1.0,169.7304769055549,80.82529352415845,1.314747794322443,1.366603123864138,169.0766992290475,170.39144702336995,80.1676501603192,81.53425328418334,false,false
50,1.0,169.67140791492307,80.83128209098638,1.3316628589729191,1.355956970158843,169.0064615862807,170.3381244452536,80.14066649300403,81.49662346316288,false,false
50,1.0,169.73342758557635,80.86413450797262,1.3829106537584153,1.353933112205297,169.0327689457696,170.415679599528,80.1807097201607,81.534642832366,false,false
50,1.0,169.68131250469753,80.85120777338267,1.3571292156254344,1.3587456015047934,168.99430139193578,170.3514306075612,80.1724002248705,81.5311458263753,false,false
50,1.0,169.68510304001936,80.86101529450941,1.34480037389514,1.3734959006499707,169.01241575726985,170.357216131165,80.17551319776295,81.54900909841292,false,false
50,1.0,169.73690868917052,80.84021992586369,1.3709674709427588,1.3621212569258745,169.02758871854988,170.39855618949264,80.16552382232588,81.52764507925176,false,false
50,1.0,169.6929280796112,80.83211730400063,1.3213512467371231,1.32611862582975,169.04569918845425,170.36705043519137,80.17824723515116,81.50436586098091,false,false
50,1.0,169.6886002406884,80.82784629339838,1.3418337869234165,1.3663897710047053,169.04365022902044,170.38548401594386,80.17180691617926,81.53819668718397,false,false
50,1.0,169.69957913480633,80.84981099947173,1.3190343280821537,1.3386579198543984,169.03869965944176,170.35773398752391,80.1825845210321,81.5212424408865,false,false
50,1.0,169.72622666792336,80.83395460831359,1.357009810707467,1.3625944900592941,169.0312426240061,170.38825243471356,80.1571541691448,81.5197486592041,false,false
50,1.0,169.71876151509693,80.8394349917026,1.3556214631198031,1.3656006976138002,169.0464708329082,170.402092296028,80.17188131149128,81.53748200910508,false,false
50,1.0,169.72130783524443,80.8607070177363,1.3486365618736045,1.3369677798552857,169.05039570793895,170.39903226981255,80.19051983431842,81.52748761417371,false,false
50,1.0,169.72926673014308,80.87937137928822,1.3584723515979817,1.3369533537762806,169.04241615286907,170.40088850446705,80.1905501027089,81.52750345648518,false,false
50,1.0,169.72626779017781,80.83859742200399,1.3306652428762504,1.367715884536409,169.0629577672866,170.39362301016286,80.15236416611876,81.52008005065517,false,false
50,1.0,169.7303883140391,80.84254894837258,1.3056748154779712,1.3376583980194852,169.07486672307672,170.3805415385547,80.18257411418595,81.52023251220544,false,false
50,1.0,169.6677947546988,80.8395623997059,1.3541091113590937,1.3861608937895227,168.99239150812133,170.34650061948042,80.14020331886938,81.5263642126589,false,false
50,1.0,169.71667242254915,80.85382424511126,1.2953673048608891,1.358702788006525,169.06750771148,170.3628750163409,80.17444958710162,81.53315237510814,false,false
50,1.0,169.68735659756436,80.84482745504567,1.3545351326931439,1.3053737354641584,169.0169032468698,170.37143837956293,80.19257709623189,81.49795083169604,false,false
50,1.0,169.75673899263055,80.84261756447808,1.3595988658885005,1.3839563761708433,169.07627148693967,170.43587035282818,80.13747424223827,81.52143061840911,false,false
50,1.0,169.7379912788674,80.85918790545321,1.3409658523532073,1.4016241404249854,169.0743029339318,170.415268786285,80.14397187948165,81.54559601990664,false,false
50,1.0,169.70203155589087,80.83390917869173,1.384697797445881,1.3465384134194949,169.02244841075102,170.4071462081969,80.16135313220612,81.50789154562561,false,false
50,1.0,169.68741502116,80.83679869174219,1.3422664168909648,1.3528517136966798,169.01448714551267,170.35675356240364,80.16779435615416,81.52064606985084,false,false
50,1.0,169.703938224719,80.8416789985576,1.3877003853799579,1.3468033313762078,169.0042166681735,170.39191705355347,80.17621607378071,81.52301940515692,false,false
50,1.0,169.7429151842877,80.85869269000764,1.3815666896576317,1.38300902652216,169.0620192566355,170.44358594629313,80.15039732963317,81.53340635615533,false,false
50,1.0,169.66743934167474,80.86043339372759,1.340432838365956,1.3845465672668809,169.00551247541773,170.3459453137837,80.15250436367539,81.53705093094227,false,false
50,1.0,169.69605767077735,80.85606136030849,1.371461168620698,1.4036025385734803,169.02172032075785,170.39318148937855,80.14489359402863,81.54849613260211,false,false
50,1.0,169.6530490224293,80.84831121201358,1.3711725610851602,1.3044353892498606,168.98415724596634,170.3553298070515,80.18958434721364,81.4940197364635,false,false
50,1.0,169.71947825309013,80.85025639394235,1.3387839741027676,1.361398605843135,169.06339348999245,170.40217746409522,80.17265195299356,81.5340505588367,false,false
50,1.0,169.66899880135884,80.83382109924851,1.3522777591561237,1.388590233168884,169.00701741285363,170.35929517200975,80.15708495550629,81.54567518867518,false,false
50,1.0,169.7244972060837,80.8374214231188,1.3082806393059343,1.353646526730671,169.06892650774662,170.37720714705256,80.16747407108734,81.52112059781801,false,false
50,1.0,169.7317365225759,80.82657834979804,1.3336068892654112,1.3122766891096802,169.06568802738997,170.39929491665538,80.16915679280899,81.48143348191867,false,false
50,1.0,169.68896379987666,80.86234705354951,1.325502688277453,1.3662579939812645,169.018422421123,170.34392510940046,80.18637185870426,81.55262985268553,false,false
50,1.0,169.69459733608537,80.82732211559988,1.3795802246767437,1.351781452727181,169.0156396165724,170.39521984124914,80.1426062842726,81.49438773699978,false,false
50,1.0,169.67864038723636,80.84953594999455,1.330441636856591,1.3462164943172894,169.00479463578188,170.33523627263847,80.18820721705154,81.53442371136883,false,false
50,1.0,169.72568667684942,80.83684811568746,1.3340329204743568,1.320956546814088,169.0745819444342,170.40861486490854,80.19492028117253,81.51587682798662,false,false
50,1.0,169.68385042580402,80.84104740536239,1.3613176635902562,1.3840219422654059,169.00811552603642,170.36943318962668,80.15961487472588,81.54363681699128,false,false
50,1.0,169.70991646910943,80.86471216106992,1.356334013419712,1.346890266106712,169.022376064422,170.3787100778417,80.17300725962883,81.51989752573554,false,false
50,1.0,169.69736197382548,80.85036807954435,1.3971572130924983,1.3630620569728222,168.99561395954146,170.39277117263396,80.1650991742261,81.52816123119892,false,false
50,1.0,169.68714089899458,80.84014081952367,1.3228887046706745,1.3888109177083123,169.01707971964098,170.33996842431165,80.15385169499743,81.54266261270574,false,false
50,1.0,169.6957738591874,80.8433185302317,1.3269358831170734,1.3369101070359193,169.0416026958997,170.36853857901679,80.17164457009774,81.50855467713366,false,false
50,1.0,169.75194842505385,80.84852171149521,1.3367473237684635,1.3319607398806284,169.07197799624515,170.40872532001362,80.17277863973447,81.5047393796151,false,false
50,1.0,169.67680463363678,80.83840676394348,1.3712981540073486,1.3201770874345016,168.98764135596312,170.35893950997047,80.18417845107099,81.5043555385055,false,false
50,1.0,169.72386640454573,80.81886159388444,1.3349844345028714,1.3694895658383217,169.0621530821369,170.39713751663976,80.12602071816708,81.4955102840054,false,false
50,1.0,169.72513840173264,80.83233882522143,1.3435788485337241,1.3552208566311208,169.0402721845889,170.38385103312262,80.16596890870308,81.5211897653342,false,false
50,1.0,169.69683702549463,80.83985322403956,1.330802310862083,1.3605458164788473,169.02397051804783,170.35477282890992,80.16175468539576,81.52230050187461,false,false
50,1.0,169.7103145161478,80.83289866424525,1.3272098075378551,1.3610782853569248,169.05863598197476,170.38584578951262,80.17253016260166,81.53360844795858,false,false
50,1.0,169.71080293558288,80.84519303191084,1.340036558440886,1.3200584512378555,169.03252223619052,170.3725587946314,80.18499062708682,81.50504907832467,false,false
50,1.0,169.70376878222737,80.82771673738911,1.3365601008027852,1.344356575534377,169.03647662582569,170.37303672662847,80.14557167866168,81.48992825419606,false,false
50,1.0,169.6594011780134,80.84531667931776,1.3277837737029188,1.3429832645767874,168.9947447501507,170.3225285238536,80.18250371912555,81.52548698370234,false,false
50,1.0,169.7309608912558,80.821395615658,1.3437874835004209,1.3502403954818334,169.0678490249101,170.4116365084105,80.17056873526937,81.5208091307512,false,false
50,1.0,169.68513556705688,80.86678871861508,1.3391969161160944,1.3578044347628406,169.0255688683551,170.3647657844712,80.17598003233698,81.53378446709982,false,false
50,1.0,169.69734210343506,80.84329349066354,1.3806468751494378,1.3394482996820614,168.9849269775532,170.36557385270262,80.17612783386502,81.51557613354709,false,false
50,1.0,169.6418828703768,80.84713433859298,1.3861241862356053,1.3621920602532782,168.97335064292207,170.35947482915768,80.17576738519364,81.53795944544692,false,false
50,1.0,169.70535611502532,80.85416288785673,1.3415627872564357,1.363065554368518,169.04626628135037,170.3878290686068,80.16411519490211,81.52718074927063,false,false
50,1.0,169.7434010228612,80.84794429813877,1.3626679687744172,1.3862429594693424,169.05554012069422,170.41820808946864,80.1567780389441,81.54302099841344,false,false
50,1.0,169.7175998326934,80.83077102021366,1.3677809589990773,1.3340869189005389,169.02865337354783,170.3964343325469,80.17993723561538,81.51402415451592,false,false
50,1.0,169.74639945764054,80.82605639168695,1.3442304955177349,1.3614168560638404,169.09012968581268,170.43436018133042,80.1601858953611,81.52160275142494,false,false
50,1.0,169.7645581603873,80.85536849352579,1.3385035552695967,1.3479131721323228,169.09446210354574,170.43296565881533,80.17631262475383,81.52422579688616,false,false
50,1.0,169.65235108233767,80.86090931818576,1.3224067972559794,1.3165675265749996,168.98558049147186,170.30798728872784,80.20210958160295,81.51867710817795,false,false
50,1.0,169.75508274291565,80.8503429109777,1.3412154920918056,1.3726175967354095,169.08894946279878,170.43016495489059,80.15350214866504,81.52611974540045,false,false
50,1.0,169.70750975032405,80.85076578976377,1.373101552858543,1.404591734117247,169.02506865918372,170.39817021204226,80.14382953214857,81.54842126626582,false,false
50,1.0,169.67927923458308,80.8306338677206,1.3199637231949737,1.3408967478827094,169.00981738416684,170.3297811073618,80.1727830910531,81.51367983893581,false,false
50,1.0,169.73144651186806,80.84369010020643,1.3093381264798154,1.3322723033489723,169.0730383160473,170.38237644252712,80.1731396737166,81.50541197706558,false,false
50,1.0,169.74361485255264,80.83654075489318,1.3484896464138956,1.3619238999213508,169.07243575987442,170.42092540628832,80.16847158364187,81.53039548356323,false,false
50,1.0,169.7174851202387,80.85854359033044,1.3481524685501824,1.3700407355533457,169.06076889776173,170.40892136631192,80.16496329605809,81.53500403161144,false,false
50,1.0,169.68391977294274,80.84399424419726,1.3658428320023575,1.3443757633330478,169.00809203823164,170.373934870234,80.18069993658891,81.52507569992196,false,false
50,1.0,169.74208820979015,80.83211149741253,1.3351259206922634,1.3619904933710814,169.08149370413545,170.41661962482772,80.1589631149543,81.52095360832539,false,false
50,1.0,169.64759991842882,80.83551093121932,1.3393436237344076,1.3894795477841342,168.98485582420568,170.3241994479401,80.1574174929192,81.54689704070333,false,false
50,1.0,169.72102638199334,80.85248847772546,1.2866824739494689,1.3334713312532074,169.0801609594225,170.36684343337197,80.18757639504969,81.5210477263029,false,false
50,1.0,169.6954595959093,80.85088537666664,1.32966438302509,1.329587444272022,169.0305246163835,170.3601889994086,80.18975078717979,81.51933823145181,false,false
50,1.0,169.66118887125475,80.85068084561766,1.3030747572263692,1.3454124544897894,169.01858014380792,170.3216549010343,80.17317407055504,81.51858652504482,false,false
50,1.0,169.70510444125316,80.85077712829889,1.3755710460663977,1.3600534373411932,169.02705182246189,170.40262286852828,80.15409552388192,81.51414896122311,false,false
50,1.0,169.75254816278888,80.859672613773,1.327924101821253,1.350996517983944,169.0639110992457,170.39183520106695,80.18164426605065,81.5326407840346,false,false
50,1.0,169.7216989609306,80.82061792075903,1.34610606702239,1.3487769035879325,169.04640122990634,170.39250729692873,80.15653698443411,81.50531388802204,false,false
50,1.0,169.7121560487143,80.81571013520032,1.3679966927545877,1.3693853669998077,169.04047916413188,170.40847585688647,80.12817994381803,81.49756531081783,false,false
50,1.0,169.7374046017989,80.8384278051112,1.3344406943036233,1.3390740955818359,169.05548666335073,170.38992735765436,80.16218635517892,81.50126045076075,false,false
50,1.0,169.74352255840796,80.86766740771867,1.3297398570560972,1.3394884122650552,169.05923857584725,170.38897843290334,80.18927081581528,81.52875922808033,false,false
50,1.0,169.69910670437133,80.86026531774124,1.3798047704813712,1.3994026726144142,169.0189333473279,170.39873811780927,80.14990406455672,81.54930673717114,false,false
50,1.0,169.70802925569524,80.84304493397838,1.3444959834666577,1.3574524294130157,169.02836115413513,170.37285713760178,80.17506381517555,81.53251624458856,false,false
50,1.0,169.70546975187324,80.8460133615038,1.3589161095463282,1.415735783348964,169.0301099211992,170.38902603074553,80.1329170648586,81.54865284820757,false,false
50,1.0,169.73031694369945,80.85077371823397,1.3220846250243312,1.345693859932453,169.0804712844214,170.40255590944574,80.17400927441408,81.51970313434653,false,false
50,1.0,169.66104678919436,80.85373876333726,1.3336592779328384,1.365931093430035,168.99887793920192,170.33253721713476,80.1610506543457,81.52698174777574,false,false
50,1.0,169.68855552416392,80.84394443987415,1.301336300586371,1.3600197750618577,169.04209573144414,170.3434320320305,80.16645870405824,81.5264784791201,false,false
50,1.0,169.7301521069258,80.83989857179245,1.3364677966004024,1.3622647747527026,169.05127015293257,170.38773794953298,80.17447756125645,81.53674233600915,false,false
50,1.0,169.6780576673579,80.83889241255423,1.3625376427642948,1.3590905472380541,168.98017132002178,170.34270896278608,80.15771029611676,81.51680084335482,false,false
50,1.0,169.700209185806,80.84230652058166,1.3273990780440101,1.349808427419518,169.03156984582722,170.35896892387123,80.16969264504357,81.51950107246309,false,false
50,1.0,169.67629957375635,80.83908322743326,1.3417642052471876,1.3580074866331415,168.99810247697243,170.33986668221962,80.160068570019,81.51807605665215,false,false
50,1.0,169.68164223193762,80.82543574703612,1.3406157591673775,1.3795845416666026,169.003457760578,170.34407351974536,80.1388211283376,81.5184056700042,false,false
50,1.0,169.70875380262584,80.83640514815116,1.3581834113599882,1.3465791943714578,169.04256105529376,170.40074446665375,80.17699785834031,81.52357705271177,false,false
50,1.0,169.6846750548071,80.84349221552442,1.3548541066538746,1.371815202268678,169.0082280928818,170.36308219953568,80.16944298503174,81.54125818730041,false,false
50,1.0,169.72275446140867,80.84292033732258,1.351731050821229,1.3502905881080949,169.03351963006992,170.38525068089115,80.16535474362354,81.51564533173163,false,false
50,1.0,169.72468568243062,80.8514544644038,1.3306878196266325,1.3500133439253972,169.0672126790273,170.39790049865394,80.16968150149188,81.51969484541728,false,false
50,1.0,169.70939579076276,80.86403892755591,1.3560542985219968,1.33350664417965,169.01571868696396,170.37177298548596,80.18749760164026,81.52100424581991,false,false
50,1.0,169.72631132622507,80.85339798951287,1.3297089510191427,1.3967089364285243,169.07793607182663,170.40764502284577,80.13670729330568,81.5334162297342,false,false
50,1.0,169.70133848837838,80.8597235015574,1.319034303616803,1.3203607218757014,169.0505801596763,170.3696144632931,80.20353355628353,81.52389427815923,false,false
50,1.0,169.71049610230565,80.84176076473716,1.3570116381312403,1.341270755191772,169.03251464574396,170.3895262838752,80.16727909654159,81.50854985173336,false,false
50,1.0,169.69043399878734,80.83665603046796,1.3045571697606135,1.3548498227295624,169.03238024296598,170.3369374127266,80.15132893377057,81.50617875650013,false,false
50,1.0,169.67324900840413,80.84079162781444,1.3257175068463596,1.3515858300189905,168.9912160617609,170.31693356860725,80.17237974988109,81.52396557990008,false,false
50,1.0,169.73792212217634,80.8487105024108,1.3031925956323391,1.3499596187397032,169.07723630947848,170.38042890511082,80.17221093404426,81.52217055278396,false,false
50,1.0,169.70503533921203,80.8501324882792,1.3424452278688364,1.3456924842327567,169.04385315118566,170.3862983790545,80.18882964782445,81.5345221320572,false,false
50,1.0,169.70936670523258,80.83462583841344,1.3306558747094073,1.3601801758947545,169.03510614891104,170.36576202362045,80.15215200656961,81.51233218246436,false,false
50,1.0,169.73026497127722,80.86162501301405,1.3098678614631751,1.3605974593591839,169.07516753565125,170.38503539711442,80.17940273915391,81.5400001985131,false,false
50,1.0,169.75271317186233,80.83245526807193,1.3386353785146525,1.3867317378689705,169.07769938885718,170.41633476737184,80.13826478915507,81.52499652702404,false,false
50,1.0,169.68823640106814,80.87102139736331,1.342209370540644,1.3439625443331238,169.00659245208723,170.34880182262788,80.17984381724641,81.52380636157953,false,false
50,1.0,169.6140283374485,80.87063286834126,1.3315807844843732,1.3271359940033705,168.9580808995366,170.28966168402098,80.19648576991848,81.52362176392185,false,false
50,1.0,169.71525601905813,80.8449379620128,1.3377809422982523,1.3587506929145832,169.05732642736376,170.395107369662,80.15007297963119,81.50882367254577,false,false
50,1.0,169.73744983777576,80.84312517510563,1.3366209783150964,1.380992704847415,169.07655571361153,170.41317669192662,80.15721512925585,81.53820783410326,false,false
50,1.0,169.71294028222096,80.85741554572478,1.3141343193457828,1.3579731998368345,169.06658589851395,170.38072021785973,80.16117766987715,81.51915086971398,false,false
50,1.0,169.74648591197314,80.81367545356818,1.3356171515753772,1.3455934069678648,169.08014261745507,170.41575976903044,80.14485043468989,81.49044384165775,false,false
50,1.0,169.63798940332072,80.85041650785233,1.357993484740831,1.3516782758603654,168.97342212445312,170.33141560919395,80.16785030469921,81.51952858055958,false,false
50,1.0,169.70691275822875,80.83728056324684,1.3463005319685521,1.3680744048318871,169.02678929958688,170.37308983155543,80.16125695343416,81.52933135826605,false,false
50,1.0,169.7263614106542,80.84083153524267,1.3429780672995832,1.367523239868774,169.06400352192253,170.4069815892221,80.15296680838485,81.52049004825362,false,false
50,1.0,169.69428256909822,80.83444399477446,1.329193346178414,1.3442147297670033,169.02167725087983,170.35087059705825,80.16923508833314,81.51344981810014,false,false
50,1.0,169.717003965885,80.84438607580782,1.3527958902239163,1.3204382780823778,169.03735051367417,170.3901464038981,80.18502424115539,81.50546251923777,false,false
50,1.0,169.703924992945,80.86429009430091,1.3613103970305929,1.3537412393059896,169.0414045408905,170.4027149379211,80.16492267917366,81.51866391847965,false,false
50,1.0,169.66315759872023,80.85645244192727,1.3739286269509705,1.3933250490121338,168.98446897219694,170.3583975991479,80.15195879273074,81.54528384174287,false,false
50,1.0,169.69009653847286,80.84599267635653,1.2943115620988692,1.3677648835221135,169.05022327779267,170.34453483989154,80.15679203912266,81.52455692264478,false,false
50,1.0,169.68771945703915,80.8357989562405,1.3751854585765955,1.3729307113537317,169.00041141330314,170.37559687187974,80.15243164277527,81.525362354129,false,false
50,1.0,169.73921251252582,80.88421653723574,1.3989125034005383,1.3980608484385613,169.04925232949967,170.4481648329002,80.17047087627641,81.56853172471497,false,false
50,1.0,169.72484749052882,80.8602685646053,1.3501778686204773,1.3479819770750652,169.06318741375017,170.41336528237065,80.16697313834248,81.51495511541755,false,false
50,1.0,169.72707015345242,80.84264674844201,1.3368610702131036,1.3439680846662014,169.05246665123457,170.38932772144767,80.17428620969623,81.51825429436244,false,false
50,1.0,169.70033708994566,80.8358583627888,1.3318933042955905,1.3477097404684173,169.0388503966161,170.3707437009117,80.17343470309052,81.52114444355894,false,false
50,1.0,169.7029992392053,80.82312060861634,1.3585756939949931,1.3586992775802997,169.00429630258571,170.3628719965807,80.1529366347663,81.5116359123466,false,false
50,1.0,169.70632035151334,80.85679701120569,1.35140933257793,1.3320337626341967,169.037815058672,170.38922439124994,80.19808951759259,81.53012328022679,false,false
50,1.0,169.72026211881695,80.85263161104794,1.3397747970130922,1.3701585407328878,169.049765983027,170.38954078004008,80.1565825245382,81.52674106527108,false,false
50,1.0,169.70529232711272,80.86404457024244,1.34845488784012,1.330474443680572,169.02797198194887,170.376426869789,80.19469496733745,81.52516941101803,false,false
50,1.0,169.68354531703983,80.84435091346552,1.3169019605603864,1.346637801483979,169.0341724845428,170.3510744451032,80.1814955928101,81.52813339429407,false,false
50,1.0,169.71811516007187,80.8310323615555,1.371052968619722,1.385296373477928,169.04459466894153,170.41564763756125,80.13991551926713,81.52521189274506,false,false
50,1.0,169.71635404595736,80.83584343699883,1.3345004180737305,1.3762328657295626,169.06318230099993,170.39768271907366,80.14896935831938,81.52520222404894,false,false
50,1.0,169.69071845333337,80.83574079728656,1.371457039008419,1.3196362137115756,169.01305548524488,170.3845125242533,80.18195048160273,81.5015866953143,false,false
50,1.0,169.7237325416101,80.86105731238541,1.3440702350139304,1.313363570638927,169.05210871502356,170.3961789500375,80.19901384173008,81.512377412369,false,false
50,1.0,169.74470609582062,80.84006587336128,1.3563565389485177,1.3505052338299492,169.03562011385785,170.39197665280636,80.17763009039055,81.5281353242205,false,false
50,1.0,169.7141902605232,80.85859270188766,1.3493524411821625,1.3431377660342747,169.0364728899807,170.38582533116286,80.18264598207969,81.52578374811397,false,false
50,1.0,169.69388177184322,80.82735081245004,1.3617089833363138,1.3286458247826687,169.01932036066162,170.38102934399794,80.17433511058299,81.50298093536566,false,false
50,1.0,169.7416046178678,80.83257131412425,1.3478993675721256,1.3672371724024686,169.05175586849757,170.3996552360697,80.16121560034824,81.52845277275071,false,false
50,1.0,169.76620460705314,80.8608120113835,1.3770688749932845,1.3667781869197597,169.06636239513736,170.44343127013065,80.1693109167565,81.53608910367626,false,false
50,1.0,169.72274147366983,80.84366632435453,1.3435799207323953,1.3560742062395548,169.0452174452402,170.3887973659726,80.1468456559447,81.50291986218426,false,false
50,1.0,169.69352012804802,80.807502049682,1.3175420919298801,1.3373705929349597,169.0249005045136,170.34244259644348,80.15959664023923,81.49696723317419,false,false
50,1.0,169.73194886041736,80.857799286342,1.3342416828642456,1.3827767700900466,169.0832282718093,170.41746995467355,80.16443568781487,81.54721245790492,false,false
50,1.0,169.6637859250227,80.84426691150027,1.3724234945181593,1.3539128323368317,168.98119141895015,170.3536149134683,80.1602555487046,81.51416838104143,false,false
50,1.0,169.68399479599844,80.8628045904892,1.350757124755603,1.3610407311801964,169.00794615434853,170.35870327910413,80.1764908833226,81.5375316145028,false,false
50,1.0,169.77090325154592,80.84611596189983,1.3617235360627262,1.3398387402503005,169.06785006174493,170.42957359780766,80.18076333896133,81.52060207921163,false,false
50,1.0,169.69143409648984,80.85244686021454,1.3459540465582052,1.3296989623133584,169.03681241337495,170.38276645993315,80.18602129832205,81.5157202606354,false,false
50,1.0,169.6923347799977,80.8478585676479,1.3475015303941689,1.3622032363728493,169.0090470656174,170.35654859601158,80.16152069648624,81.52372393285908,false,false
50,1.0,169.7019428144469,80.84393402312874,1.3355946708419708,1.3273561236687499,169.0341903068383,170.36978497768027,80.17477290662859,81.50212903029734,false,false
50,1.0,169.69935651746007,80.8495039687341,1.3403482512619576,1.3854530470746198,169.02245042521164,170.3627986764736,80.16962982231864,81.55508286939326,false,false
50,1.0,169.73007029973382,80.85570213023863,1.3710690048711456,1.3615165493733912,169.05626468582295,170.4273336906941,80.17305955503272,81.53457610440611,false,false
50,1.0,169.70156501116196,80.8536566326811,1.3147050444267165,1.3453219885591068,169.02569312463368,170.3403981690604,80.16563542863099,81.5109574171901,false,false
50,1.0,169.6760190176949,80.84390480324666,1.3227541552319337,1.3338317627220562,169.0295368390202,170.35229099425214,80.18598216182696,81.51981392454901,false,false
50,1.0,169.7006739947612,80.83650215125634,1.3480856076674286,1.3446170849157966,169.01211031545574,170.36019592312317,80.1574450832629,81.5020621681787,false,false
50,1.0,169.73077332680637,80.85233143096946,1.3554012891550258,1.3294636223415779,169.05102681079237,170.4064280999474,80.19896220609078,81.52842582843236,false,false
50,1.0,169.7471842845938,80.85517274613693,1.3697062030478264,1.3280451100112032,169.0407274952367,170.41043369828452,80.16777349373741,81.49581860374862,false,false
50,1.0,169.68961961543226,80.85256976772018,1.3290703703757174,1.3524841868163975,169.02259232175575,170.35166269213147,80.17860194801618,81.53108613483258,false,false
50,1.0,169.7019599102927,80.86207005779622,1.3379489088735,1.3192218575809704,169.03285097644402,170.37079988531752,80.19761707971537,81.51683893729634,false,false
50,1.0,169.70266953286767,80.86679496581158,1.3006853395389442,1.3524703193029524,169.0663211186483,170.36700645818723,80.1820999448802,81.53457026418316,false,false
50,1.0,169.69278965688534,80.83674087112578,1.3410987385845203,1.330741796236964,169.02670746897542,170.36780620755994,80.18793918165879,81.51868097789576,false,false
50,1.0,169.70351012297132,80.84135472414113,1.3344881649664728,1.361827916966476,169.02868610470134,170.3631742696678,80.16772262504215,81.52955054200862,false,false
50,1.0,169.6701242499297,80.83842760091713,1.3476669482184604,1.3202208360898169,168.9921739097945,170.33984085801296,80.18124314251297,81.50146397860279,false,false
50,1.0,169.70411673144227,80.8429740674018,1.369239370167037,1.3155184373231776,169.00248954006742,170.37172891023445,80.18719809421015,81.50271653153332,false,false
50,1.0,169.7505815571896,80.84514541561268,1.3505742618746126,1.3766753679993968,169.07520601620837,170.42578027808298,80.15979617214124,81.53647154014064,false,false
50,1.0,169.65871739971072,80.84910507017395,1.3434866805845331,1.3818077478989323,169.00792458329587,170.3514112638804,80.1650572205904,81.54686496848933,false,false
50,1.0,169.75264991861758,80.84289402753303,1.3556566687278178,1.3438641204070336,169.06898564866162,170.42464231738944,80.1630810001856,81.50694512059263,false,false
50,1.0,169.76467607485304,80.82329818525064,1.332580654122495,1.3854537586066158,169.09388903206772,170.42646968619022,80.13997286659935,81.52542662520597,false,false
50,1.0,169.71688947079753,80.83200172207566,1.3617410011166555,1.3472184494915211,169.0309473152145,170.39268831633115,80.15826003071793,81.50547848020945,false,false
50,1.0,169.6829118344095,80.83012728396804,1.3668606683679059,1.342783626298683,169.01251839029635,170.37937905866426,80.14927506296928,81.49205868926796,false,false
50,1.0,169.68337800856915,80.87853293077308,1.346208372042895,1.3571071138247532,169.0086834513724,170.3548918234153,80.17952149866896,81.53662861249371,false,false
50,1.0,169.69210347285477,80.840828393728,1.4037923823569542,1.3596636542062441,169.00357899728064,170.4073713796376,80.15693085920961,81.51659451341585,false,false
50,1.0,169.68936469001045,80.88315871415784,1.331285633235268,1.3445452658891668,169.01188495985036,170.34317059308563,80.18176350686507,81.52630877275423,false,false
50,1.0,169.68879396880797,80.82609868187845,1.3515126377772049,1.3153839194891361,169.01299336868908,170.36450600646629,80.17720790438719,81.49259182387632,false,false
50,1.0,169.74702308488523,80.859917755457,1.3651403121012038,1.3456687891028025,169.06725193513475,170.43239224723595,80.18945432849478,81.53512311759758,false,false
50,1.0,169.74471892070056,80.82557036737384,1.363250476627286,1.350196858721418,169.04277375478705,170.40602423141434,80.15987241903623,81.51006927775765,false,false
50,1.0,169.67438699834418,80.84218337010947,1.4008904570024185,1.3752162598486137,168.98147536320263,170.38236582020505,80.16011547791022,81.53533173775884,false,false
50,1.0,169.69083174402425,80.8386316707761,1.4032998237044012,1.3208658079932007,168.98318754899395,170.38648737269835,80.16942059101756,81.49028639901076,false,false
50,1.0,169.70023928993828,80.85561381356,1.3367000008256866,1.3503036483724316,169.03448543637472,170.3711854372004,80.17733566268447,81.5276393110569,false,false
50,1.0,169.70991884143973,80.85675567204477,1.3284245326587723,1.3751975936854706,169.0317466436144,170.36017117627318,80.1477151316304,81.52291272531588,false,false
50,1.0,169.70552183480353,80.8501759545171,1.3221641992947468,1.3392910897399588,169.0505256666748,170.37268986596953,80.16303656240913,81.50232765214909,false,false
50,1.0,169.72348366034117,80.85850956237726,1.3228985405036155,1.348784770567363,169.06206923959218,170.3849677800958,80.16772623555397,81.51651100612133,false,false
50,1.0,169.7152575024199,80.84102268877109,1.3476905409299889,1.3545343064046165,169.0227172753338,170.3704078162638,80.18750148148317,81.54203578788778,false,false
50,1.0,169.6729675393803,80.845309903513,1.3329832642039605,1.3325499613471834,169.01833182999647,170.35131509420043,80.18177521469676,81.51432517604394,false,false
50,1.0,169.68092298801616,80.84533024739866,1.3265997294502654,1.367018648361423,169.02210926582734,170.3487089952776,80.14776924272691,81.51478789108833,false,false
50,1.0,169.7172775215475,80.85498655370353,1.2979357836348981,1.3758624283659628,169.07482978156554,170.37276556520044,80.15925666855053,81.53511909691649,false,false
50,1.0,169.68858396990638,80.83282297947608,1.3292857284751847,1.3422758339799543,169.0111724488234,170.3404581772986,80.15708618107644,81.49936201505639,false,false
50,1.0,169.718257809053,80.86182647808619,1.3355740305642883,1.3513334429880786,169.03672277024054,170.37229680080483,80.16779746897552,81.5191309119636,false,false
50,1.0,169.71584239663343,80.84563626625811,1.35909152234305,1.3371502592932245,169.02066896007133,170.37976048241438,80.18533499471921,81.52248525401244,false,false
50,1.0,169.73123116461022,80.8318571748305,1.3620008643258075,1.3464780547886477,169.02045595746415,170.38245682178996,80.16383107807974,81.51030913286839,false,false
50,1.0,169.69867679823736,80.83672747018724,1.3207800797787002,1.3754989179517452,169.03650136839164,170.35728144817034,80.14800289852234,81.52350181647408,false,false
50,1.0,169.66837503703158,80.85878527266811,1.3682010700965463,1.3707588154270383,169.00021668289654,170.36841775299308,80.1506997368613,81.52145855228834,false,false
50,1.0,169.74073112686744,80.84864940725866,1.3211236084904954,1.3392590102696857,169.08775285882936,170.40887646731986,80.17522244259122,81.5144814528609,false,false
50,1.0,169.73372439698863,80.8219578945874,1.3239932690577803,1.3635863165788464,169.07455695072161,170.3985502197794,80.1590895259549,81.52267584253374,false,false
50,1.0,169.71197122249012,80.82582407579362,1.3548594701070158,1.3452999541930666,169.0288495154378,170.3837089855448,80.14322708123488,81.48852703542795,false,false
50,1.0,169.70083255792883,80.8591657382852,1.3532703249556732,1.3313525928685692,169.0204704429492,170.37374076790488,80.18207896606785,81.51343155893642,false,false
50,1.0,169.69195118991274,80.837175581991,1.332719852976453,1.357714488779905,169.0391038124867,170.37182366546315,80.14814851531864,81.50586300409854,false,false
50,1.0,169.745450375926,80.84573808822057,1.353037476167401,1.323488345382998,169.06745707529262,170.42049455146002,80.18130305122932,81.50479139661232,false,false
50,1.0,169.71603037707484,80.84759316916296,1.3550364180589725,1.3648441085165501,169.0379783291282,170.39301474718718,80.16106499722163,81.52590910573818,false,false
50,1.0,169.71362852979976,80.82937874169377,1.3621631713392617,1.3141201716060635,169.01588180240444,170.3780449737437,80.18073179140153,81.49485196300759,false,false
50,1.0,169.75300907770588,80.83968815369047,1.3329175850141155,1.3693929237648064,169.08254319416966,170.41546077918377,80.147310515497,81.5167034392618,false,false
50,1.0,169.72089220244789,80.86452385329741,1.3492056370663192,1.370257709097885,169.03264039162167,170.381846028688,80.15525811098381,81.5255158200817,false,false
50,1.0,169.72207381875467,80.84873178500033,1.3345358666855702,1.3145534250910202,169.03785330370556,170.37238917039113,80.19014522863978,81.5046986537308,false,false
50,1.0,169.6888060658735,80.8599053387872,1.3774869009585586,1.380113611228694,169.0013961283168,170.37888302927536,80.16168547022879,81.54179908145748,false,false
50,1.0,169.71123063245318,80.84726608585026,1.349470488570745,1.3343160142613755,169.03382758340226,170.383298071973,80.17068429607156,81.50500031033293,false,false
50,1.0,169.76146465344237,80.85537450254964,1.3850502279984482,1.3411113460002895,169.06030332996076,170.4453535579592,80.18091811899437,81.52202946499466,false,false
50,1.0,169.7137168617173,80.85687974594592,1.3551126403967828,1.354122242445598,169.0261047926275,170.3812174330243,80.17447000004444,81.52859224249003,false,false
50,1.0,169.68590877983934,80.84217592891903,1.3738943263723513,1.3340451212617381,169.00175596087368,170.37565028724603,80.18484847387532,81.51889359513706,false,false
50,1.0,169.71914301444596,80.8360061836089,1.371457593891705,1.376358399366012,169.02772785995276,170.39918545384447,80.16836151273279,81.5447199120988,false,false
50,1.0,169.7173490934369,80.83883112039517,1.3793662317956432,1.3458502349332235,169.0344896292454,170.41385586104104,80.1695090607776,81.51535929571082,false,false
50,1.0,169.68955412426988,80.85887311145093,1.3334362721193997,1.3234646687693044,169.02393998660537,170.35737625872477,80.19079693254292,81.51426160131223,false,false
50,1.0,169.6776142307803,80.84968130194952,1.3724900733141965,1.3313331577722067,168.98324072404952,170.35573079736372,80.19540442711825,81.52673758489045,false,false
50,1.0,169.74394392845588,80.85191943008452,1.3240599405526439,1.3491363593586243,169.08078025566164,170.40484019621428,80.16151933123604,81.51065569059466,false,false
50,1.0,169.70086228568402,80.84704784969611,1.3407927728483457,1.3693312806531708,169.035771898589,170.37656467143734,80.15983641947093,81.5291677001241,false,false
50,1.0,169.68200727594584,80.84027578442112,1.3224712228336273,1.3950296901643782,169.01038270959327,170.3328539324269,80.14259573711514,81.53762542727952,false,false
50,1.0,169.6885566377188,80.85248153989136,1.338835598728906,1.3529362140516668,169.00914813494114,170.34798373367005,80.18429648891615,81.53723270296781,false,false
50,1.0,169.73968859185064,80.84525034456962,1.324861769155433,1.3382191262045353,169.07074253462815,170.39560430378359,80.1695078654272,81.50772699163174,false,false
50,1.0,169.67706039246053,80.84132824936984,1.3522533324195933,1.3812894378962426,169.00643103684507,170.35868436926467,80.13854895784954,81.51983839574578,false,false
50,1.0,169.69512511869723,80.85729182432215,1.3542407125402462,1.3694465919955547,169.03235693198448,170.38659764452473,80.18239851173124,81.55184510372679,false,false
50,1.0,169.70164207331993,80.8536534968339,1.340617325912092,1.354245841340699,169.0362887686553,170.3769060945674,80.16074281685688,81.51498865819758,false,false
50,1.0,169.69284280247814,80.8316591516813,1.2968743260831843,1.3449363103984666,169.0608933865098,170.357767712593,80.16933758793333,81.5142738983318,false,false
50,1.0,169.7002127079458,80.81743643376447,1.3824810934587788,1.3581400444302432,169.00656699195122,170.38904808541,80.1511704706506,81.50931051508084,false,false
50,1.0,169.6965518183934,80.83406180245568,1.350470541293049,1.337633811300904,169.01207233356422,170.36254287485727,80.15869778998969,81.49633160129059,false,false
50,1.0,169.68077620452354,80.85023761550158,1.340805696609607,1.3434224989535295,168.99968364373308,170.34048934034269,80.17249496410226,81.51591746305579,false,false
50,1.0,169.7064225467665,80.84278310416576,1.3352605781956584,1.3438908609349625,169.03611202494994,170.3713726031456,80.15389279469339,81.49778365562835,false,false
50,1.0,169.70317891586961,80.81139241834741,1.3433051344089222,1.3879168138638676,169.04074932029707,170.384054454706,80.13154906179479,81.51946587565865,false,false
50,1.0,169.70230139313617,80.84509693146933,1.3321969566781888,1.379767899854727,169.0224635174658,170.354660474144,80.145436862581,81.52520476243572,false,false
50,1.0,169.67138366085004,80.86180604678535,1.3309809718936947,1.3518249539138907,169.00931554339664,170.34029651529033,80.18590700218095,81.53773195609485,false,false
50,1.0,169.72498022292274,80.83612611324253,1.3569648990040264,1.3635836724163113,169.03625856004993,170.39322345905396,80.17180140469479,81.5353850771111,false,false
50,1.0,169.73458030753704,80.84257617610875,1.3414485069516502,1.3387637839849873,169.05025104256316,170.3916995495148,80.1757764032877,81.51454018727269,false,false
50,1.0,169.68243813446907,80.82531157258657,1.334348721005938,1.3415710390386835,169.02620259656584,170.36055131757178,80.15190391711289,81.49347495615157,false,false
50,1.0,169.7265660030347,80.8131885770548,1.3580829618690586,1.363407716936237,169.04901965230925,170.4071026141783,80.12957432704016,81.4929820439764,false,false
50,1.0,169.7151551870718,80.83175936468554,1.3552474620696273,1.3708456302407512,169.04103759427485,170.39628505634448,80.1385846122202,81.50943024246095,false,false
50,1.0,169.70727807530477,80.85313823141686,1.378734061888025,1.381694751544515,169.0206743915777,170.39940845346572,80.15796192143935,81.53965667298387,false,false
50,1.0,169.74046629166958,80.83701686283518,1.3716415880445254,1.3758300821298945,169.05392958135982,170.42557116940435,80.17009813159726,81.54592821372715,false,false
50,1.0,169.72405339331368,80.83805515996762,1.3721650486195358,1.32395772670327,169.03800251791955,170.4101675665391,80.1878376518514,81.51179537855467,false,false
50,1.0,169.70041028621114,80.83643465985017,1.334911767397955,1.3451210553802326,169.03327872900113,170.36819049639908,80.16898800250664,81.51410905788687,false,false
50,1.0,169.70389503175068,80.82471666917303,1.3655500919984718,1.346362586546519,169.0092893949955,170.37483948699398,80.17852275194177,81.52488533848829,false,false
50,1.0,169.6832214088078,80.8652495390723,1.3995667625368924,1.352524862221216,168.9857041318594,170.38527089439629,80.1749829393104,81.52750780153161,false,false
50,1.0,169.68694487171132,80.87722718677205,1.332736720284231,1.3660991524439083,169.0136669521504,170.34640367243463,80.18670279409722,81.55280194654112,false,false
50,1.0,169.7450159169452,80.84878856328274,1.3753889576752556,1.362603433296897,169.04891732273396,170.4243062804092,80.16037132587277,81.52297475916967,false,false
50,1.0,169.69537963000852,80.84375214053759,1.3706704137624968,1.3243746726921728,169.01559518820645,170.38626560196894,80.19378199322716,81.51815666591934,false,false
50,1.0,169.71385548334143,80.84543954580906,1.3150099430421562,1.3607965824577661,169.06065060103364,170.3756605440758,80.15321901954019,81.51401560199795,false,false
50,1.0,169.67834328212678,80.84496105570163,1.3579918749209412,1.4109587960337109,169.00581499200618,170.36380686692712,80.15572370696843,81.56668250300214,false,false
50,1.0,169.7179571673627,80.85608081526541,1.3720388183887167,1.3440878394621052,169.01242996016407,170.3844687785528,80.18384700519718,81.52793484465928,false,false
50,1.0,169.71607944233006,80.82838249675471,1.3288871268543403,1.353970083060858,169.05399980937824,170.38288693623258,80.17090091914403,81.52487100220489,false,false
50,1.0,169.71106714579287,80.84508290112197,1.352605509008697,1.335629798167517,169.02525085263744,170.37785636164614,80.18110694560978,81.5167367437773,false,false
50,1.0,169.6968659499536,80.86217055678152,1.3761962171273865,1.3470770153505356,169.00425692613734,170.38045314326473,80.17766362125045,81.52474063660098,false,false
50,1.0,169.73371359919201,80.83472802065852,1.3326548161261655,1.364721539324293,169.06134885573718,170.39400367186335,80.1462882864612,81.5110098257855,false,false
50,1.0,169.70074814516062,80.85060180771703,1.3930523243525386,1.366858502035555,169.02495226853017,170.4180045928827,80.16853412213041,81.53539262416597,false,false
50,1.0,169.69245038813082,80.85232541540222,1.3651057546730954,1.3380666825127037,169.0073691246651,170.3724748793382,80.18917779769481,81.52724448020751,false,false
50,1.0,169.7033618920137,80.84299889371223,1.3610681056128726,1.3443298439429014,169.0234704879538,170.38453859356667,80.17428509701928,81.51861494096218,false,false
50,1.0,169.67743145665162,80.87414905653583,1.3362064232315447,1.3080244709481548,169.00810176982492,170.34430819305646,80.20903575037995,81.51706022132811,false,false
50,1.0,169.68195692749003,80.84823604869128,1.3696723736230183,1.3434702932782443,168.99226074580426,170.36193311942728,80.1728811307064,81.51635142398464,false,false
50,1.0,169.69017302063364,80.81813715014069,1.3701568333540592,1.3347067827165233,169.00978018642715,170.3799370197812,80.16707946199222,81.50178624470874,false,false
50,1.0,169.71667860568297,80.84818547655827,1.3402785818916811,1.3295808453191427,169.04438792230175,170.38466650419343,80.17621964718761,81.50580049250675,false,false
50,1.0,169.73546661000353,80.84347354091385,1.3646900636390455,1.3456613962242443,169.05080429916123,170.41549436280027,80.17178615787604,81.51744755410029,false,false
50,1.0,169.67255480166926,80.82361670582685,1.3274046991922432,1.3448665697372206,169.00743874949256,170.3348434486848,80.16429191965524,81.50915848939246,false,false
50,1.0,169.69912570215166,80.84831034505449,1.3256643735786326,1.373814904332363,169.04848548888972,170.37414986246836,80.15187529553384,81.5256901998662,false,false
50,1.0,169.72542965655563,80.8331233078579,1.350624430419856,1.358670835000325,169.05500999738447,170.40563442780433,80.15413306125821,81.51280389625853,false,false
50,1.0,169.71704923981622,80.85743763936291,1.3392047135282326,1.3695409351194456,169.0651042560372,170.40430896956542,80.16808854817364,81.53762948329309,false,false
50,1.0,169.75090308503138,80.82244884456739,1.3555392237608714,1.348045248969072,169.06465800902356,170.42019723278443,80.16183629131004,81.50988154027911,false,false
50,1.0,169.70318220631967,80.828658446656,1.3534495434807354,1.3498079442801156,169.0422003794136,170.39564992289434,80.16567653164313,81.51548447592324,false,false
50,1.0,169.75895928945855,80.84556682848378,1.3462628389712847,1.3699644679720393,169.0663895117873,170.41265235075858,80.14696887397014,81.51693334194218,false,false
50,1.0,169.7144855620865,80.8400408803558,1.3274619708129762,1.35687324367413,169.0483635407545,170.37582551156748,80.16229911280935,81.51917235648348,false,false
50,1.0,169.70704324718434,80.86491790020614,1.3616427796298467,1.319843186626315,169.01713254308424,170.3787753227141,80.20410255164317,81.52394573826949,false,false
50,1.0,169.7289737796665,80.8470007272931,1.3534031507696511,1.3538846525035524,169.05704377831907,170.41044692908872,80.15983384386848,81.51371849637204,false,false
50,1.0,169.68643768093676,80.84073948221598,1.3347859503843438,1.3579637882403972,169.02018053676684,170.3549664871512,80.15653621571032,81.51450000395072,false,false
50,1.0,169.7181326310395,80.81097616056903,1.329361375769821,1.3406618351413613,169.0409775743047,170.3703389500745,80.15557848890388,81.49624032404525,false,false
50,1.0,169.74204631151105,80.82132281304936,1.3541597636233575,1.37950722573909,169.0523382822791,170.40649804590245,80.14613510269211,81.5256423284312,false,false
50,1.0,169.70901693895559,80.84144864653406,1.3732853391573485,1.3440124182402542,169.02405815267133,170.39734349182868,80.17721759065316,81.52123000889341,false,false
50,1.0,169.68043054055454,80.83078167372591,1.346387516201787,1.3603495273504365,169.01688024664043,170.3632677628422,80.16706255940207,81.5274120867525,false,false
50,1.0,169.6903181383683,80.86970053493127,1.3397275562237212,1.3484693992457153,169.018916304158,170.35864386038173,80.19880273177583,81.54727213102154,false,false
50,1.0,169.69360671042634,80.84800618315842,1.3531991211572745,1.3775974057800795,169.03124809724028,170.38444721839755,80.15386316782991,81.53146057360999,false,false
50,1.0,169.64980864323593,80.85912459385315,1.3579112986258508,1.3724533119462734,168.98660242536837,170.34451372399423,80.16465147964765,81.53710479159392,false,false
50,1.0,169.66271193274946,80.86396626625549,1.3585818377711973,1.3787037406534068,168.98913770910136,170.34771954687255,80.16198732688385,81.54069106753725,false,false
50,1.0,169.71346887676373,80.8309328059807,1.338317144106071,1.365484473747017,169.04831701334962,170.3866341574557,80.16157587207721,81.52706034582422,false,false
50,1.0,169.75188675666038,80.84315019913234,1.3391603497962592,1.3376207082306024,169.05772670410772,170.39688705390398,80.17673662847798,81.51435733670858,false,false
50,1.0,169.72933594256392,80.86615880160633,1.318289923239206,1.3364130298000276,169.05824407005974,170.37653399329895,80.21077508423649,81.54718811403652,false,false
50,1.0,169.68611635762392,80.8467943323025,1.3619466819552315,1.3566533242947116,168.98173457372184,170.34368125567707,80.16429368226162,81.52094700655633,false,false
50,1.0,169.69862301028644,80.86061439527825,1.3904907254679415,1.3646892521553866,169.01387994666987,170.40437067213782,80.16890762901457,81.53359688116996,false,false
50,1.0,169.70066537342692,80.85022919425224,1.33033972433455,1.3530193580315455,169.03009872458665,170.3604384489212,80.17503446661576,81.5280538246473,false,false
50,1.0,169.70580377580276,80.82524225904135,1.343743521668074,1.3477996263535204,169.0396604651548,170.38340398682288,80.16845188881888,81.5162515151724,false,false
50,1.0,169.73342493368702,80.8631479138789,1.3597495899280716,1.4051027327575127,169.0424398845495,170.40218947447758,80.1440515882826,81.5491543210401,false,false
50,1.0,169.73538869096944,80.84534831744426,1.3401725570831502,1.3996964532022105,169.0622657045253,170.40243826160844,80.14161095167884,81.54130740488105,false,false
50,1.0,169.72023700455813,80.84416608055025,1.3463486295627263,1.3883446537813313,169.05799495656655,170.40434358612927,80.14088047507965,81.52922512886099,false,false
50,1.0,169.6742216776846,80.84257611196134,1.3445418422167847,1.342460532187303,169.03127367106734,170.37581551328412,80.16322864676755,81.50568917895485,false,false
50,1.0,169.67474610889593,80.85219069846661,1.3452604051182107,1.3422098007143717,169.00841599791372,170.35367640303193,80.17182409680746,81.51403389752183,false,false
50,1.0,169.64345363355062,80.82351768566829,1.3405994120622893,1.3508692592657923,168.9652786814038,170.30587809346608,80.15787918943074,81.50874844869654,false,false
50,1.0,169.76280543779063,80.84146949944915,1.3394265765007844,1.350423907300467,169.07548607068418,170.41491264718496,80.15457189547726,81.50499580277773,false,false
50,1.0,169.7037102176802,80.8542368710668,1.3686408214371681,1.3537437419051201,169.0094390352125,170.37807985664966,80.1702610923567,81.52400483426182,false,false
50,1.0,169.73575443242987,80.81399943325533,1.3241676898971662,1.3470154722853351,169.04943341084135,170.3736011007385,80.14823603104901,81.49525150333434,false,false
50,1.0,169.70288732878336,80.87221763132736,1.312829740855733,1.3516265977591218,169.03990638808148,170.3527361289372,80.17984214474826,81.53146874250739,false,false
50,1.0,169.70509388984954,80.8422600988922,1.345057520587062,1.3377728257390515,169.03084288316617,170.37590040375323,80.16988192555954,81.50765475129859,false,false
50,1.0,169.65136748711447,80.84690279866079,1.3546669649602734,1.3589906794566815,168.97833939645423,170.3330063614145,80.16396302847146,81.52295370792814,false,false
50,1.0,169.7024210737966,80.8391928624661,1.3669511339154496,1.382496878483991,169.0054509193364,170.37240205325185,80.14937568984045,81.53187256832445,false,false
50,1.0,169.70385531668143,80.84107658883286,1.2684056162976276,1.373357277415323,169.07080791025527,170.3392135265529,80.15156835636671,81.52492563378203,false,false
50,1.0,169.75296194881537,80.8582737411534,1.3311166434657196,1.3701035151912748,169.09008940172802,170.42120604519374,80.1645257635721,81.53462927876338,false,false
50,1.0,169.68271950731148,80.8612555564149,1.357624215663492,1.3469979624548216,169.0082190744318,170.36584329009528,80.17887966998794,81.52587763244276,false,false
50,1.0,169.71957720810627,80.85638709177151,1.3318237084149303,1.3549343304024148,169.06232735716128,170.3941510655762,80.1679238898148,81.52285822021722,false,false
50,1.0,169.69763516564126,80.8702516141031,1.3423074591412103,1.3619008392521579,169.0061588486184,170.34846630775962,80.16822846515123,81.53012930440339,false,false
50,1.0,169.70273450788025,80.8537938794153,1.3715384102292774,1.3538203041530323,169.00952938647583,170.3810677967051,80.17939426900553,81.53321457315856,false,false
50,1.0,169.73358172383715,80.8373638786264,1.353932904753691,1.3517822169031035,169.0583397934824,170.41227269823608,80.16540197934314,81.51718419624625,false,false
50,1.0,169.72522296197047,80.83543672369017,1.3496661232323675,1.3687509297629674,169.037814504944,170.38748062817638,80.164997840914,81.53374877067697,false,false
50,1.0,169.6997596243196,80.83520327890834,1.367045795790517,1.3522061458867114,169.03368949792642,170.40073529371693,80.17277399799771,81.52498014388442,false,false
50,1.0,169.70101351851014,80.84216736430014,1.338940114678394,1.3549500894309574,169.025449175032,170.3643892897104,80.14998073344029,81.50493082287124,false,false
50,1.0,169.68651403278318,80.82648602811722,1.3403961385510001,1.3633875272911382,169.01966094126544,170.36005707981644,80.15517572633117,81.5185632536223,false,false
50,1.0,169.72250825298227,80.8482431106232,1.3294966389206024,1.339261042859178,169.05826319711068,170.38775983603128,80.17919686128926,81.51845790414843,false,false
50,1.0,169.67868577290156,80.841810777843,1.368469128216617,1.3663705317320591,168.99432317696133,170.36279230517795,80.16980352697064,81.5361740587027,false,false
50,1.0,169.68428918649664,80.85371762538942,1.3739726145273323,1.3566383818389767,169.0077332904482,170.38170590497552,80.17403253229351,81.53067091413249,false,false
50,1.0,169.6845479610539,80.8627449044902,1.3853536023035815,1.36804198674281,168.98705337363364,170.37240697593722,80.17105606524495,81.53909805198776,false,false
50,1.0,169.70905916209347,80.83900051487785,1.3682095878875487,1.3638313792680634,169.01909841834495,170.3873080062325,80.14246587851675,81.50629725778481,false,false
50,1.0,169.69955138928736,80.83978344240182,1.370809137920503,1.3590173494682602,168.9964116209842,170.3672207589047,80.17463284066235,81.53365019013061,false,false
50,1.0,169.74210467728474,80.84370049336152,1.388245473898877,1.3430274768537913,169.03248177526217,170.42072724916105,80.16919921194008,81.51222668879387,false,false
50,1.0,169.68377223279904,80.82618133247189,1.360993221878033,1.3638873166282366,169.01752095887534,170.37851418075337,80.14882865923312,81.51271597586135,false,false
50,1.0,169.68922116335918,80.84824548895918,1.3412791317609276,1.3403932685700397,169.02308201820995,170.36436114997088,80.17414812897124,81.51454139754128,false,false
50,1.0,169.7027233753459,80.85973652075799,1.3662915613386133,1.340400393869686,169.01981059626428,170.3861021576029,80.18927085794007,81.52967125180976,false,false
50,1.0,169.73002040972818,80.83959927171952,1.3434046114003024,1.3980739798422803,169.06227901788512,170.40568362928542,80.14206224363741,81.54013622347969,false,false
50,1.0,169.68755746773553,80.84214499723723,1.3319125439926438,1.3842153396664543,169.0102025131095,170.34211505710215,80.133888985644,81.51810432531046,false,false
50,1.0,169.66903541962148,80.83874587145301,1.3610392343093736,1.3169275720355955,169.00282577021687,170.36386500452625,80.20569635969423,81.52262393172983,false,false
50,1.0,169.74371839770885,80.86072827216361,1.3334369278347253,1.306782387850049,169.08166405558597,170.4151009834207,80.20717775628444,81.51396014413449,false,false
50,1.0,169.681849856579,80.84618181238221,1.3645866672903253,1.3619993643298756,168.99021397978703,170.35480064707735,80.18077980273054,81.54277916706042,false,false
50,1.0,169.65534026544728,80.86039710394276,1.358035444132497,1.361157919091454,168.97763907199433,170.33567451612683,80.16208687951487,81.52324479860633,false,false
50,1.0,169.73437362519775,80.85161562787458,1.386849926387299,1.3644483554347886,169.04389632872466,170.43074625511196,80.15716947453532,81.52161782997011,false,false
50,1.0,169.66773372415562,80.85159471964951,1.3567459941401694,1.347159346539442,168.9932911806511,170.35003717479128,80.16226983988979,81.50942918642923,false,false
50,1.0,169.7099430969364,80.85882091827281,1.3701513896942572,1.3452344779210677,169.01440122714936,170.38455261684362,80.17179549028421,81.51702996820528,false,false
50,1.0,169.7016780558762,80.8542526158732,1.316939006447683,1.369073281070996,169.04428958176157,170.36122858820926,80.15555298923135,81.52462627030235,false,false
50,1.0,169.68748663081269,80.83444831246737,1.348314357149178,1.3322383551336543,168.9953601743477,170.34367453149687,80.16877599690594,81.50101435203959,false,false
50,1.0,169.70086509509943,80.85189955886679,1.339556582640796,1.3756410135058275,169.0195472371543,170.3591038197951,80.15584471871179,81.53148573221762,false,false
50,1.0,169.6455037761487,80.8558570620861,1.3749676213640782,1.3357954836069297,168.9591471941102,170.33411481547427,80.1779196575289,81.51371514113583,false,false
50,1.0,169.69038565033094,80.86983999660603,1.3222528324312748,1.3779804318953381,169.04730839238934,170.36956122482061,80.15793029135753,81.53591072325287,false,false
50,1.0,169.68932915800707,80.85410965834195,1.3623661396205193,1.3286290436462735,169.00842822139637,170.3707943610169,80.19227840931556,81.52090745296184,false,false
50,1.0,169.71265010142258,80.84812791746911,1.3395994667394007,1.3381646793590676,169.03660901232445,170.37620847906385,80.17997027387739,81.51813495323645,false,false
50,1.0,169.69426741121788,80.85562393255609,1.3357583180930988,1.3844118591969163,169.03803869433477,170.37379701242787,80.16594430694434,81.55035616614126,false,false
50,1.0,169.7159954577249,80.82182986553671,1.2928092793094663,1.3700404376324116,169.05668658842978,170.34949586773925,80.1470836842857,81.51712412191812,false,false
50,1.0,169.69538249159967,80.86552275764778,1.3695096629345187,1.3660902329660871,169.02905473131466,170.39856439424918,80.16736083457224,81.53345106753832,false,false
50,1.0,169.73042068674033,80.83928843883822,1.3511077371712474,1.3502208974801562,169.0425304624661,170.39363819963734,80.16777326227955,81.51799415975971,false,false
50,1.0,169.67053421464806,80.86160165333855,1.352286523030756,1.3814472183848636,169.00211000737193,170.35439653040268,80.15041342576563,81.5318606441505,false,false
50,1.0,169.71116478756656,80.84343467308385,1.3283178498259929,1.3588580793515206,169.04575127185726,170.37406912168325,80.1657260646389,81.52458414399042,false,false
50,1.0,169.693157487988,80.84349841241539,1.3255401795662465,1.3594172417523822,169.02095984076536,170.3465000203316,80.15996620988327,81.51938345163565,false,false
50,1.0,169.6754142371236,80.83498987915353,1.3236687590634517,1.3464338605550807,169.01562818850098,170.33929694756443,80.1646119361364,81.51104579669148,false,false
50,1.0,169.7358356130138,80.84869019014448,1.3525203337211167,1.3643858754031868,169.04478771566642,170.39730804938753,80.15092544880058,81.51531132420376,false,false
50,1.0,169.69042987988217,80.83696121688867,1.3317562861843726,1.391182154054718,169.03393885828748,170.36569514447186,80.1506270994058,81.54180925346051,false,false
50,1.0,169.72057208274873,80.83582294805876,1.3513412687217965,1.3248427947951882,169.0524494802304,170.4037907489522,80.17903136707854,81.50387416187372,false,false
50,1.0,169.7656158288496,80.84051853152073,1.317561026749587,1.3498259711067675,169.10840915676746,170.42597018351705,80.16507813626684,81.51490410737361,false,false
50,1.0,169.73059735280523,80.86590028616055,1.3388851079513415,1.325333995018525,169.05226341878415,170.3911485267355,80.19228282143683,81.51761681645536,false,false
50,1.0,169.66148055688143,80.85808834155901,1.3464725924151821,1.338789701961062,169.0101265800859,170.3565991725011,80.19264569809158,81.53143540005264,false,false
50,1.0,169.68732260513622,80.85094269707128,1.3666264088320474,1.3946286796322482,169.02846892491596,170.395095333748,80.16882564629545,81.5634543259277,false,false
50,1.0,169.69237108091033,80.84645301214915,1.2919921778014043,1.3936119982736557,169.03766089534886,170.32965307315027,80.14254613505986,81.53615813333352,false,false
50,1.0,169.7267696561264,80.84043223122771,1.3177662606590843,1.3399657910872236,169.05370020604607,170.37146646670516,80.17258963065748,81.51255542174471,false,false
50,1.0,169.7395830355141,80.84141775266383,1.3698488538177287,1.34983518915449,169.04211086661792,170.41195972043565,80.16084785927903,81.51068304843352,false,false
50,1.0,169.70199811691003,80.82190686607456,1.377281612404829,1.3984953538903397,169.0046085639973,170.38189017640212,80.11627236705863,81.51476772094897,false,false
50,1.0,169.68502853513536,80.8413393929088,1.3451650444074517,1.3384203009065203,169.02805407576324,170.3732191201707,80.16838579768739,81.50680609859391,false,false
50,1.0,169.72321934354534,80.86037424431922,1.3541646287423248,1.382338401213417,169.03533916855758,170.3895037972999,80.1676336166031,81.54997201781651,false,false
50,1.0,169.71083379815755,80.84580110791137,1.348926261183152,1.3606892254375254,169.03969132917305,170.3886175903562,80.15220289807932,81.51289212351685,false,false
50,1.0,169.67012333250466,80.86055514683343,1.3234357359361297,1.359128854800332,169.01626912211768,170.3397048580538,80.18886795475532,81.54799680955566,false,false
50,1.0,169.71802913268317,80.83821594881148,1.3581863303514012,1.3461671510175819,169.04140393665858,170.39959026700998,80.17112925281842,81.517296403836,false,false
50,1.0,169.67889507368756,80.85660723555313,1.352648007868055,1.3424013648792226,168.9985523576468,170.35120036551484,80.19132579940373,81.53372716428295,false,false
50,1.0,169.69437935505474,80.85531074670413,1.3686789993734862,1.353439252261822,169.0241366276803,170.39281562705378,80.17867833236721,81.53211758462903,false,false
50,1.0,169.71320093896662,80.84530268719598,1.361618411101233,1.3633789959645668,169.01855966031528,170.3801780714165,80.16303925132921,81.52641824729378,false,false
50,1.0,169.7365146819132,80.82799967243548,1.353484828341351,1.3776587428370135,169.06235088612968,170.41583571447103,80.13800772315855,81.51566646599557,false,false
50,1.0,169.67907184645173,80.84335301540924,1.3428247466971186,1.3422732457353561,169.0087593904181,170.35158413711522,80.16774254796265,81.510015793698,false,false
50,1.0,169.6854823421986,80.82821494590888,1.3466175703981094,1.3777466350348533,169.01053446490423,170.35715203530233,80.14399206114605,81.5217386961809,false,false
50,1.0,169.72808116245875,80.86584591894709,1.3370808163857077,1.3484867449468396,169.05806951211343,170.39515032849914,80.19035968915098,81.53884643409782,false,false
50,1.0,169.68422510864642,80.85223807950636,1.3280930731592377,1.330724917541744,169.02042538383677,170.348518456996,80.18747905561648,81.51820397315822,false,false
50,1.0,169.6622234414932,80.85431317931398,1.3184531690296524,1.337597782704293,169.0222745560268,170.34072772505644,80.17870198457463,81.51629976727892,false,false
50,1.0,169.6983451149316,80.85729736044001,1.3369916417667014,1.3571052204393368,169.03646725466268,170.37345889642938,80.18270304384558,81.53980826428491,false,false
50,1.0,169.7183096045784,80.84189891399002,1.3099965841030041,1.3825163330099315,169.0570570844962,170.3670536685992,80.16498949565928,81.54750582866922,false,false
50,1.0,169.72980590688059,80.8103994171763,1.3639929304902125,1.377668087243208,169.04506317595377,170.40905610644398,80.12601960666107,81.50368769390428,false,false
50,1.0,169.72623410265166,80.85907638099997,1.315261419627035,1.327819467471798,169.06772684672416,170.3829882663512,80.1864337493235,81.5142532167953,false,false
50,1.0,169.68835955518932,80.82001898062477,1.3393849377925733,1.313980642114231,169.01919079738394,170.35857573517652,80.15758995867019,81.47157060078442,false,false
50,1.0,169.71788114292423,80.83195829569694,1.3531141160638356,1.3171368272460313,169.03938689591217,170.392501011976,80.17208304259373,81.48921986983976,false,false
50,1.0,169.71042757071518,80.8277284329563,1.3553593359281138,1.340994622749065,169.04060474237735,170.39596407830547,80.15333288037544,81.49432750312451,false,false
50,1.0,169.718533826143,80.84008409486843,1.3507403765099752,1.3657991870133515,169.05569361787997,170.40643399438994,80.1607233596287,81.52652254664206,false,false
50,1.0,169.64548668213723,80.86613858426978,1.3360533700382575,1.3336032546720844,168.97917281658798,170.31522618662623,80.19816169268466,81.53176494735675,false,false
50,1.0,169.70540018430341,80.85799700221747,1.3538333209197333,1.3842723556028034,169.02937163535853,170.38320495627826,80.16379796488084,81.54807032048365,false,false
50,1.0,169.68309807201,80.85372621365673,1.3770708480610665,1.356939450189813,169.0175686861211,170.39463953418218,80.16569268846936,81.52263213865918,false,false
50,1.0,169.72895958508016,80.85101662558088,1.3273948837355078,1.328951188677678,169.06683466700184,170.39422955073735,80.17870841278796,81.50765960146563,false,false
50,1.0,169.67958921043737,80.83423505086958,1.3878328870623307,1.3485781432204078,168.99632557441663,170.38415846147896,80.1462870127641,81.49486515598451,false,false
50,1.0,169.71357407848,80.83743495103876,1.3094035420078853,1.3715593005350115,169.0587129977498,170.3681165397577,80.14981391005877,81.52137321059378,false,false
50,1.0,169.71851047339004,80.85747145430399,1.3152044472130342,1.316635856918964,169.05137239740174,170.36657684461477,80.20570353202906,81.52233938894803,false,false
50,1.0,169.6525457118059,80.84637801606848,1.3466032253803064,1.3289188160783567,168.98838028321285,170.33498350859315,80.17464633012747,81.50356514620583,false,false
50,1.0,169.70839165976486,80.8605549361562,1.3626626114458134,1.3645402188887488,169.03090039012622,170.39356300157203,80.17692182505354,81.54146204394229,false,false
50,1.0,169.68328199366942,80.85759016919359,1.360469997075171,1.3732256224015913,169.01370928814293,170.3741792852181,80.16037240896291,81.5335980313645,false,false
50,1.0,169.7290852260773,80.85214785403073,1.317345739917755,1.3666124514091962,169.06338173012875,170.3807274700465,80.17277368333303,81.53938613474223,false,false
50,1.0,169.69047837146002,80.83931505824415,1.352192935487352,1.3844994997410538,169.0102107169124,170.36240365239976,80.13959526544646,81.52409476518751,false,false
50,1.0,169.71361013986706,80.85503798516453,1.3396980523013724,1.3361764201695507,169.0465008816156,170.38619893391697,80.19176443796597,81.52794085813552,false,false
50,1.0,169.7199337033771,80.8687395121848,1.352756661222486,1.3725723086015478,169.02833898656965,170.38109564779214,80.17130291896265,81.5438752275642,false,false
50,1.0,169.70182445519856,80.84510803355928,1.322241670815373,1.3161434735833382,169.04107486467666,170.36331653549203,80.18917738692187,81.50532086050521,false,false
50,1.0,169.72131140171433,80.84029198987633,1.344047647667935,1.3581429173597854,169.05741962490725,170.4014672725752,80.17407075012085,81.53221366748063,false,false
50,1.0,169.66986903970366,80.84593652975416,1.3278186831138328,1.3653795359757197,169.02550019736444,170.35331888047827,80.17480715867805,81.54018669465377,false,false
50,1.0,169.68087597319834,80.86361136916047,1.3148126586901583,1.33539589210568,169.02335117848813,170.33816383717829,80.18714789226094,81.52254378436662,false,false
50,1.0,169.64700309626204,80.82191348074542,1.3498228653415367,1.3479774810878382,168.97715598581334,170.32697885115488,80.16696958761538,81.51494706870322,false,false
50,1.0,169.75019018519532,80.82772170294155,1.3341023921173587,1.3653469399091307,169.09119461512884,170.4252970072462,80.15050105561471,81.51584799552384,false,false
50,1.0,169.702863918066,80.85404692169107,1.338105765119451,1.3558120508756701,169.0408032752799,170.37890904039935,80.17940740375664,81.53521945463231,false,false
50,1.0,169.67912966880422,80.83251387728143,1.3536053131298615,1.3264329190094344,168.99905274887024,170.3526580620001,80.16185794711454,81.48829086612398,false,false
50,1.0,169.73851864319133,80.82799680103128,1.3651757846456292,1.3708605973222205,169.06638787612712,170.43156366077275,80.13886630688258,81.5097269042048,false,false
50,1.0,169.69797445907514,80.85632060154957,1.360879778199262,1.3692838342206102,169.00749702636966,170.36837680456892,80.1662005489228,81.53548438314341,false,false
50,1.0,169.73248095028643,80.8397347501056,1.3479356168769243,1.3657690754738496,169.05174531738558,170.3996809342625,80.1582470477961,81.52401612326994,false,false
50,1.0,169.67513233377457,80.84001368786886,1.3549488681501884,1.3606856399740934,169.00036490681583,170.35531377496602,80.17376943367745,81.53445507365154,false,false
50,1.0,169.7338610047354,80.83218712653365,1.3467211674387727,1.352280064768351,169.0546014583965,170.40132262583526,80.15383225452427,81.50611231929263,false,false
50,1.0,169.66040876088107,80.86513488325761,1.3965821313046547,1.352740866771967,168.95668326066442,170.35326539196907,80.17585237172717,81.52859323849914,false,false
50,1.0,169.70774952368546,80.83369094470763,1.3469508753049695,1.354423352634214,169.0128448705041,170.35979574580907,80.17786790998358,81.53229126261779,false,false
50,1.0,169.6957106436318,80.85880698026598,1.3661253601250678,1.3781002212607234,169.01762175490586,170.38374711503093,80.16047681186961,81.53857703313034,false,false
50,1.0,169.65070372117194,80.86274565192825,1.3682047076171386,1.373829918563601,168.97175671693705,170.3399614245542,80.16635609768639,81.54018601624999,false,false
50,1.0,169.63466611359183,80.83849048805607,1.3346067672250115,1.375109849814308,168.97532443245314,170.30993119967815,80.16117749485107,81.53628734466538,false,false
50,1.0,169.7322931071875,80.85440526045528,1.3183714294382867,1.3637520511138064,169.07444589527057,170.39281732470886,80.17095690656214,81.53470895767595,false,false
50,1.0,169.72312120713764,80.8591763768588,1.3509593933452209,1.3516053470881246,169.05205352097005,170.40301291431527,80.17489316049218,81.5264985075803,false,false
50,1.0,169.66671729662139,80.83391820308813,1.3696487802376112,1.3525459282860197,168.97024227287937,170.339891053117,80.14732738775548,81.4998733160415,false,false
50,1.0,169.71204772682262,80.84577351192976,1.3522668055538531,1.342210986512626,169.03062222314955,170.3828890287034,80.16477586492279,81.50698685143541,false,false
50,1.0,169.7308615757263,80.8604087356511,1.3842973125631772,1.3946053233808442,169.04162736693215,170.42592467949532,80.15277164372255,81.54737696710339,false,false
50,1.0,169.7047479990534,80.84032518891803,1.3609652734984365,1.3241494585822977,169.02313366322485,170.3840989367233,80.18215511756499,81.50630457614729,false,false
50,1.0,169.66364876785008,80.82816147511322,1.3703749302136146,1.370122901540583,168.99306248269502,170.36343741290864,80.1513287952967,81.52145169683729,false,false
50,1.0,169.6941763434903,80.86022797453818,1.3427066860864443,1.331033947379595,169.0267022794456,170.36940896553205,80.16822691379718,81.49926086117678,false,false
50,1.0,169.7131746566831,80.8543474744305,1.3624630958551336,1.3334796638249315,169.01652894667905,170.37899204253418,80.17734751991588,81.51082718374082,false,false
50,1.0,169.67064050845278,80.82600666476756,1.3359071154555693,1.3581588277730532,169.0115855729016,170.34749268835716,80.16132375913153,81.51948258690459,false,false
50,1.0,169.68717171537776,80.82642371550207,1.356575723785113,1.3702441181742273,168.99363895847216,170.35021468225727,80.15034701839853,81.52059113657276,false,false
50,1.0,169.70591269244335,80.82544692343278,1.3335804008246441,1.384252447160506,169.03351524730923,170.36709564813387,80.16815252472105,81.55240497188156,false,false
50,1.0,169.70895033583759,80.8348575784521,1.3417426784587008,1.3499869216748266,169.03587496921688,170.37761764767558,80.16449192418372,81.51447884585855,false,false
50,1.0,169.65570498025508,80.85585519827774,1.34390786795106,1.3628960634652856,168.9819962945601,170.32590416251116,80.15399348806736,81.51688955153264,false,false
50,1.0,169.685947829208,80.83308558043126,1.356154637662513,1.3352863935882766,169.0023988230805,170.35855346074302,80.17026789000613,81.5055542835944,false,false
50,1.0,169.68852167918794,80.84537519857534,1.3531077886768514,1.3357422737180968,169.0146101646929,170.36771795336975,80.17741121285226,81.51315348657036,false,false
50,1.0,169.65758486865445,80.82946926532371,1.3341651421249026,1.3854635997263358,168.99739920185385,170.33156434397876,80.15274981419653,81.53821341392286,false,false
50,1.0,169.6848258306184,80.82458105203969,1.3675063912332917,1.3284172662622353,169.00245365394363,170.36996004517692,80.17764511744407,81.50606238370631,false,false
50,1.0,169.71569325821932,80.85680954001965,1.3471027646735934,1.3336875351429853,169.04500403113047,170.39210679580407,80.18423240997063,81.51791994511362,false,false
50,1.0,169.7671414632785,80.82970263412028,1.3621811746928358,1.3345350944606196,169.08637229171654,170.44855346640938,80.17150212096857,81.50603721542919,false,false
50,1.0,169.66231848532283,80.83876168375424,1.3505810155698441,1.3703452091597796,168.9800802025328,170.33066121810265,80.14825918253817,81.51860439169795,false,false
50,1.0,169.6810551691301,80.8410008338747,1.359773519211302,1.3504143959536208,169.0217161991841,170.38148971839541,80.16606592667057,81.51648032262419,false,false
50,1.0,169.7730428033929,80.84222128412925,1.3131561877686977,1.3577989853031056,169.11973415645141,170.4328903442201,80.15724035775504,81.51503934305815,false,false
50,1.0,169.7496581202416,80.83784044534741,1.354734275123917,1.3678969483699177,169.0761375190713,170.4308717941952,80.1570399115794,81.52493685994932,false,false
50,1.0,169.81112034958198,80.85824933980733,1.3270492109245708,1.3293880945659282,169.13013649396964,170.45718570489421,80.20145286555636,81.53084096012229,false,false
50,1.0,169.6994393891233,80.82799334777266,1.3629606676245771,1.3577972515333698,169.01986958199302,170.3828302496176,80.14217155242109,81.49996880395446,false,false
50,1.0,169.72754112835793,80.8687327033169,1.359476894867072,1.3065104168159252,169.0488160180913,170.40829291295836,80.21264067491853,81.51915109173446,false,false
50,1.0,169.67883852976595,80.83943215126766,1.379966877432338,1.3610905815236691,168.97616035081845,170.35612722825078,80.13818992158306,81.49928050310673,false,false
50,1.0,169.72275733304002,80.84581264503731,1.3513339662491148,1.3728467216658942,169.06337485549284,170.41470882174195,80.16001976895151,81.53286649061741,false,false
50,1.0,169.69520008040485,80.82583484766675,1.3171352421493054,1.3284017906183152,169.02671507836865,170.34385032051796,80.15475797513625,81.48315976575456,false,false
50,1.0,169.7259795890933,80.83848779355708,1.3580793184680715,1.3752864560286469,169.0378089911892,170.39588830965727,80.14856629425918,81.52385275028783,false,false
50,1.0,169.70468720972855,80.83278580025473,1.346260634270294,1.3474718833426067,169.03458581228745,170.38084644655774,80.1441185084552,81.4915903917978,false,false
50,1.0,169.65851048526793,80.85468955190277,1.3252109286119946,1.3354847527181732,168.98713298730402,170.31234391591602,80.17913021950238,81.51461497222056,false,false
50,1.0,169.7132594717153,80.8385195353188,1.3612523986135159,1.396694844625074,169.04108190997044,170.40233430858396,80.14025869881232,81.53695354343739,false,false
50,1.0,169.63892556980517,80.85191536308113,1.3745001097993281,1.337883089202606,168.9714572330943,170.34595734289363,80.17645740866972,81.51434049787233,false,false
50,1.0,169.69990615998842,80.84092996425892,1.3430125256841166,1.3514679048971914,169.02741115233542,170.37042367801953,80.16831154808477,81.51977945298196,false,false
50,1.0,169.68863639093348,80.84092452193002,1.3612776793816863,1.3614128618711163,169.01225235433924,170.37353003372093,80.15965847489818,81.5210713367693,false,false
50,1.0,169.7033614888785,80.85624243278926,1.3508435717845657,1.3339762335755125,169.02766568629804,170.3785092580826,80.1840394290499,81.51801566262542,false,false
50,1.0,169.63927284753316,80.85777731282872,1.3659695196309087,1.3691291535272825,168.9700396261951,170.336009145826,80.16526504982947,81.53439420335675,false,false
50,1.0,169.72613694955461,80.84019465505516,1.35205882243514,1.3465205277773578,169.03352664070712,170.38558546314226,80.17052444762768,81.51704497540504,false,false
50,1.0,169.68184389994911,80.86638248742486,1.3193897121315104,1.343543728689795,169.03333716453085,170.35272687666236,80.18989783110182,81.53344155979161,false,false
50,1.0,169.7079380946803,80.83299567865228,1.3688238641673252,1.3631912992724722,169.01215350789002,170.38097737205734,80.15409874932297,81.51729004859544,false,false
50,1.0,169.6691672956021,80.84992807184253,1.343822661121294,1.3782174689026476,169.01679929670698,170.36062195782827,80.16012687329575,81.5383443421984,false,false
50,1.0,169.68577780834238,80.83203208242641,1.351593247531099,1.3954754036405888,169.00902760216948,170.36062084970058,80.13178205991677,81.52725746355736,false,false
50,1.0,169.72966476994804,80.82960629200214,1.3346849061676949,1.3524051740399727,169.07944617329514,170.41413107946283,80.15070074233697,81.50310591637694,false,false
50,1.0,169.6857357841083,80.86354744770657,1.3667117165226728,1.3454626914365093,169.00989345319402,170.3766051697167,80.17773378498065,81.52319647641716,false,false
50,1.0,169.750384403812,80.85647493348192,1.3454845018779338,1.383072419047494,169.07246885432485,170.4179533562028,80.14890731674154,81.53197973578904,false,false
50,1.0,169.71345158824613,80.84787289763958,1.356487317166028,1.358521414575776,169.02177401222943,170.37826132939546,80.16021318091418,81.51873459548996,false,false
50,1.0,169.74420346603927,80.84396265010928,1.3461674858529022,1.3787064361632702,169.0785742731631,170.424741759016,80.15836678747034,81.53707322363361,false,false
50,1.0,169.66503930370368,80.84418765206249,1.358551024338567,1.3866295830727609,168.9805561471151,170.33910717145366,80.13691346581919,81.52354304889195,false,false
50,1.0,169.75462412150128,80.84014366834106,1.3630806807271654,1.3660045133449046,169.07629973861302,170.43938041934018,80.16110302932051,81.52710754266542,false,false
50,1.0,169.7414423277679,80.83092928156994,1.3971049552830266,1.3567349786579257,169.04047906229744,170.43758401758046,80.16660408132697,81.52333905998489,false,false
50,1.0,169.68274887136087,80.86476303258763,1.3521958664364035,1.3307044298169046,168.99468320475629,170.3468790711927,80.19640984483954,81.52711427465644,false,false
50,1.0,169.66836705544765,80.84695576183634,1.3241069210230307,1.3291492964540481,169.03032730580532,170.35443422682835,80.18120648213127,81.51035577858532,false,false
50,1.0,169.73477000828015,80.8593012119872,1.3438332166536497,1.3288850397698013,169.05739890822684,170.4012321248805,80.19182023569711,81.52070527546691,false,false
50,1.0,169.710223352269,80.85022935545776,1.3248011902224448,1.3785455615909399,169.04448482538032,170.36928601560277,80.16608603155447,81.54463159314541,false,false
50,1.0,169.69867703638633,80.84397160753247,1.385065481750189,1.369168395678372,169.0030917249212,170.3881572066714,80.15297125749164,81.52213965317002,false,false
50,1.0,169.71078839338725,80.85173389398471,1.3552732398995033,1.3319243718421205,169.0265442838865,170.381817523786,80.19469173944711,81.52661611128923,false,false
50,1.0,169.71011822356806,80.86671726248733,1.3829509289138002,1.3710695444119523,169.02339545738946,170.40634638630326,80.18607322561178,81.55714277002373,false,false
50,1.0,169.70084863448793,80.82510769254397,1.3789745465905412,1.3712022901211611,169.01803244892625,170.3970069955168,80.14318262488081,81.51438491500197,false,false
50,1.0,169.70705956849463,80.84359246216516,1.3472526659284938,1.3502500214754605,169.02570680083406,170.37295946676255,80.16916301301836,81.51941303449382,false,false
50,1.0,169.6913179481638,80.83629671411515,1.3566675106426942,1.325403250194654,169.00748577359786,170.36415328424056,80.18576527386077,81.51116852405542,false,false
50,1.0,169.68180431646906,80.85964154950776,1.341648946304872,1.3429490564458746,169.02422016421593,170.3658691105208,80.17451775399957,81.51746681044544,false,false
50,1.0,169.69660043229035,80.84880515548768,1.3371648833432914,1.3630465276174135,169.02794309723097,170.36510798057427,80.16943420464209,81.5324807322595,false,false
50,1.0,169.72393284901958,80.84222931771602,1.3435044257029745,1.327910730612473,169.04626763649145,170.38977206219442,80.18329552691137,81.51120625752384,false,false
50,1.0,169.73914296225445,80.87788842260167,1.3478836353809527,1.3524744927701278,169.0647551636712,170.41263879905216,80.19869519861467,81.5511696913848,false,false
50,1.0,169.74388717699418,80.85383374104393,1.37393715259347,1.359464340838585,169.05877853339194,170.43271568598541,80.16932638241445,81.52879072325304,false,false
50,1.0,169.7077134728997,80.84588728162639,1.341141094059111,1.3452517232798442,169.0341183625541,170.3752594566132,80.176968119921,81.52221984320084,false,false
50,1.0,169.68459665733172,80.82004364260465,1.3684218697015922,1.3428501497357246,169.00284596632682,170.3712678360284,80.1658748923161,81.50872504205182,false,false
50,1.0,169.7109666651151,80.83797122357957,1.3621731965961317,1.334135035252615,169.0196638288807,170.38183702547684,80.18915815923813,81.52329319449075,false,false
50,1.0,169.667763993985,80.86201770036084,1.3420939337691493,1.342084141369142,169.00259576721504,170.3446897009842,80.17994281551806,81.5220269568872,false,false
50,1.0,169.73286397614373,80.84091607298666,1.319820984609862,1.305905163833529,169.0778408986987,170.39766188330856,80.20038383788011,81.50628900171364,false,false
50,1.0,169.68398592878987,80.83291070549153,1.3108762291748235,1.3734005773306421,169.02499713253354,170.33587336170837,80.15253260043471,81.52593317776535,false,false
50,1.0,169.7182330082556,80.85174899787121,1.3607890810222898,1.366943223964924,169.05943161998778,170.42022070101007,80.17239433313098,81.5393375570959,false,false
50,1.0,169.71643957182903,80.82929287838594,1.3372157045535005,1.352026273885869,169.04836553830535,170.38558124285885,80.16424386502787,81.51627013891374,false,false
50,1.0,169.68768047104092,80.84617549231325,1.344326224184698,1.3883918471857868,169.03863172086758,170.38295794505228,80.16157784816848,81.54996969535426,false,false
50,1.0,169.72435255104614,80.85968903409267,1.3881130371608208,1.3575522841260295,169.02225776553857,170.4103708026994,80.16263412183736,81.52018640596339,false,false
50,1.0,169.7000436329571,80.83525604752117,1.3201074042559071,1.3673165700434424,169.03891814743338,170.35902555168929,80.14962389769947,81.51694046774291,false,false
50,1.0,169.70975856834752,80.84400735265136,1.3855236937923792,1.348988459987865,169.022770614234,170.40829430802637,80.16446765571295,81.51345611570082,false,false
50,1.0,169.69022474876806,80.84074866033377,1.357193499352519,1.3363677331477817,169.01578401923445,170.37297751858696,80.17583609265608,81.51220382580387,false,false
50,1.0,169.685023615486,80.85603281910277,1.3778491029113127,1.3684389665621097,168.99805306522816,170.37590216813948,80.16953086488573,81.53796983144784,false,false
50,1.0,169.67732539402385,80.8321898979739,1.3580480618939248,1.3626082168470646,168.9968354043972,170.3548834662911,80.15387427495469,81.51648249180175,false,false
50,1.0,169.69017334158687,80.85328215470852,1.3653286589853906,1.3605265334800833,168.9948238827982,170.36015254178358,80.19115864835513,81.55168518183521,false,false
50,1.0,169.70447428852071,80.83913272444713,1.3187531950149207,1.3563443212037356,169.03568636733772,170.35443956235264,80.16019412547185,81.51653844667558,false,false
50,1.0,169.71281241840836,80.84789503112461,1.3449027655560712,1.3672949539392363,169.03822958483266,170.38313235038873,80.16469774301275,81.53199269695199,false,false
50,1.0,169.6832499839892,80.81049245708093,1.2983946378669202,1.3784727779854506,169.05428198888424,170.35267662675116,80.12914632326505,81.5076191012505,false,false
50,1.0,169.69076331645016,80.80255777514338,1.360062951851205,1.3514514871238532,169.00923946446667,170.36930241631788,80.14721665709858,81.49866814422244,false,false
50,1.0,169.7223569708538,80.83040409671591,1.32725747224913,1.3653480297769534,169.0464313666801,170.37368883892924,80.14277203811943,81.50812006789639,false,false
50,1.0,169.72801863727705,80.85046117157326,1.333612795975938,1.33566065924785,169.04467620814611,170.37828900412205,80.1720876104464,81.50774826969425,false,false
50,1.0,169.6911070660381,80.8508883831096,1.355081365182258,1.3603572757635192,169.0061102792924,170.36119164447464,80.190223723561,81.55058099932452,false,false
50,1.0,169.7006105578992,80.83728387474531,1.3765165936613357,1.3297388666223782,169.01036348962168,170.38688008328302,80.17326420129363,81.50300306791601,false,false
50,1.0,169.72482242758423,80.83319047190035,1.3392932837698197,1.332825715402791,169.05550664356352,170.39479992733334,80.15182905652796,81.48465477193075,false,false
50,1.0,169.71602243474575,80.8379803566302,1.363518864712347,1.363360111680251,169.05274423477542,170.41626309948776,80.17308448106526,81.53644459274551,false,false
50,1.0,169.70824527746888,80.84430431481056,1.3200564569817175,1.3461741313591773,169.05847079152062,170.37852724850234,80.17348145159674,81.51965558295592,false,false
50,1.0,169.66223992046733,80.8773678181193,1.340047239467225,1.3302085704125375,169.0064313072733,170.3464785467405,80.20038954570978,81.53059811612232,false,false
50,1.0,169.72125570947503,80.84559181462288,1.3677706601340844,1.3701058213040085,169.03353303368644,170.40130369382052,80.17589852849044,81.54600434979444,false,false
50,1.0,169.71655809837003,80.83932450777576,1.3782858240048768,1.34449099835237,169.01944565245805,170.39773147646292,80.17438770424772,81.51887870260009,false,false
50,1.0,169.65583199046938,80.86216131828306,1.3410292377234043,1.3319392072278902,169.00047485620024,170.34150409392365,80.17987722371709,81.51181643094498,false,false
50,1.0,169.68719747950036,80.84523745102055,1.3330912871661837,1.3535946813696853,169.03476679962137,170.36785808678755,80.176519667429,81.53011434879869,false,false
50,1.0,169.69489837480492,80.85156246240675,1.3756794077210657,1.3457821674935389,169.00698872428433,170.3826681320054,80.16228723618654,81.50806940368008,false,false
50,1.0,169.73841239395415,80.85712409309306,1.3564487083574193,1.379062202109651,169.07934610229464,170.43579481065206,80.15285376593668,81.53191596804633,false,false
50,1.0,169.68702104922698,80.86449959957896,1.3467611862944011,1.3704047614630497,168.99910636596235,170.34586755225675,80.19242310134504,81.56282786280809,false,false
50,1.0,169.62374921661151,80.85582964710312,1.3926333947925116,1.3750317621003347,168.9478362010498,170.3404695958423,80.15503584745808,81.53006760955842,false,false
50,1.0,169.70824097043504,80.83134665731245,1.3485615977022292,1.3480555929267837,169.02384658930305,170.37240818700528,80.14730556802084,81.49536116094762,false,false
50,1.0,169.7200526129792,80.8304903287025,1.3212270798239274,1.314761374957783,169.0523179089829,170.37354498880683,80.18225111568381,81.4970124906416,false,false
50,1.0,169.63998867197094,80.82765497557318,1.337465016476699,1.3509495471488577,168.98107971321176,170.31854472968845,80.16589895595718,81.51684850310603,false,false
50,1.0,169.70682252287688,80.8394877928725,1.3668285754654903,1.3589011664119255,169.02878878974477,170.39561736521026,80.16813313941205,81.52703430582397,false,false
50,1.0,169.70154390543746,80.83218831366918,1.3338030519421693,1.3680829393510407,169.03051508125264,170.3643181331948,80.15255866637247,81.52064160572351,false,false
50,1.0,169.66032752964773,80.83899731295261,1.3364615041597006,1.371998970506482,168.98179561123638,170.31825711539608,80.15414495621,81.52614392671649,false,false
50,1.0,169.74209518313424,80.82446126275458,1.333731631302328,1.3235732828536868,169.0743820011383,170.40811363244063,80.14637222440197,81.46994550725566,false,false
50,1.0,169.73590170358506,80.86765590837214,1.3738402232916656,1.3651722784309896,169.0485078078114,170.42234803110307,80.16682553675673,81.53199781518772,false,false
50,1.0,169.7048487799575,80.85401259857211,1.3289242896878193,1.3718166645960679,169.04472920201871,170.37365349170653,80.14057515861545,81.51239182321152,false,false
50,1.0,169.69650218203424,80.85319116272052,1.3547787832910956,1.3600175885249826,169.01606608342396,170.37084486671506,80.1647618988982,81.52477948742319,false,false
50,1.0,169.70435569313378,80.85035845590397,1.3288615319518726,1.3769950809126783,169.04136568994903,170.3702272219009,80.15766876524273,81.53466384615541,false,false
50,1.0,169.6684786056097,80.84774359630592,1.3433502411720326,1.3396903324724576,168.9989331092899,170.34228335046194,80.17933409542457,81.51902442789702,false,false
50,1.0,169.68464572030723,80.82450586307766,1.3651851532818284,1.335872231019664,168.99661130373332,170.36179645701515,80.18561226344875,81.52148449446841,false,false
50,1.0,169.69409808863173,80.86250156948483,1.3248683980693272,1.339527488957529,169.03290429683548,170.3577726949048,80.18783606791072,81.52736355686825,false,false
50,1.0,169.68441111618642,80.86718746610462,1.346987570145302,1.3344759100170904,169.01894188966781,170.36592945981312,80.20844969000106,81.54292560001815,false,false
50,1.0,169.66891057533937,80.87570818146105,1.366698377253698,1.3435123868769665,169.0077411039926,170.3744394812463,80.19313170141862,81.53664408829559,false,false
50,1.0,169.71390571513916,80.85873540491306,1.3517525893655034,1.3422784733818673,169.03769854325975,170.38945113262525,80.18521846774587,81.52749694112774,false,false
50,1.0,169.70689713770662,80.84324659438442,1.302189032665126,1.377717827524421,169.05896683688383,170.36115586954895,80.15913414944502,81.53685197696944,false,false
50,1.0,169.69352424746165,80.84688581457814,1.351445865474517,1.374355657553977,169.01536082153356,170.36680668700808,80.15594630632903,81.530301963883,false,false
50,1.0,169.66731403073413,80.83139365021971,1.3408154687118952,1.3446082544258644,169.00354935783324,170.34436482654513,80.16661016923864,81.5112184236645,false,false
50,1.0,169.73512059852965,80.85682835311755,1.3427589396308406,1.3817304499714709,169.0606786582438,170.40343759787464,80.15564843577539,81.53737888574686,false,false
50,1.0,169.67762046570277,80.8527452477353,1.3208049101785662,1.3671714307563008,169.0273249677136,170.34812987789218,80.16799554509159,81.53516697584789,false,false
50,1.0,169.67770160131602,80.84381451491133,1.3586881393426893,1.3518108620642693,168.9847010287579,170.3433891681006,80.17243697005381,81.52424783211808,false,false
50,1.0,169.70973822207193,80.84539710304063,1.3267386273636816,1.3410984891743993,169.03610399117275,170.36284261853643,80.17252393541783,81.51362242459223,false,false
50,1.0,169.67581782412566,80.83854518844242,1.3740161506499078,1.3644437191531438,168.99628082995565,170.37029698060556,80.17498306729536,81.5394267864485,false,false
50,1.0,169.71653463013638,80.84950256972026,1.3521415226126123,1.367519893967284,169.04368664037904,170.39582816299165,80.15663718518948,81.52415707915677,false,false
50,1.0,169.71807899166066,80.85879472102081,1.3150560656826258,1.353882814776469,169.04255477365916,170.3576108393418,80.16647834832145,81.52036116309792,false,false
50,1.0,169.66715015146326,80.8153602381636,1.3326352244250756,1.3540658508814118,169.0093888821168,170.34202410654188,80.14168057846723,81.49574642934864,false,false
50,1.0,169.68747159791627,80.85512857151942,1.3557151456954557,1.3720665773538911,169.0281324098135,170.38384755550896,80.17037855305239,81.54244513040628,false,false
50,1.0,169.68032011721425,80.82583185620881,1.352570960796811,1.343108689193798,168.98950381632898,170.3420747771258,80.1627634286324,81.5058721178262,false,false
50,1.0,169.67174106191217,80.83058383524524,1.3661733285831588,1.3496160517144347,169.00132910453507,170.36750243311823,80.18741932091544,81.53703537262987,false,false
50,1.0,169.69784238943083,80.85662971385297,1.3531867989331658,1.3323142933262204,169.00074589876087,170.35393269769403,80.18400008656042,81.51631437988664,false,false
50,1.0,169.67808038537146,80.8538466235012,1.3399826884565584,1.37827275198039,168.99997755312472,170.33996024158128,80.15474230962239,81.53301506160278,false,false
50,1.0,169.70574378442652,80.84362258834724,1.3272874458239414,1.353145501344784,169.0539499900705,170.38123743589443,80.17208602972524,81.52523153107002,false,false
50,1.0,169.67834878727822,80.85361971017365,1.36232598737692,1.3709469582212677,168.98669949270015,170.34902548007707,80.15852021016367,81.52946716838494,false,false
50,1.0,169.68155962713215,80.83061152045875,1.333131950562148,1.3403473428706718,169.02279623195352,170.35592818251567,80.17296358433674,81.51331092720741,false,false
50,1.0,169.71197185030238,80.84737371131594,1.353094476217393,1.3851330580811663,169.03708094570663,170.39017542192403,80.1441443951305,81.52927745321166,false,false
50,1.0,169.70448813519957,80.8462113427698,1.3550992156832535,1.3468799678047816,169.02797227412896,170.3830714898122,80.18068528549263,81.52756525329741,false,false
50,1.0,169.68003952966947,80.84525531551732,1.3556685700077082,1.3319304022292044,169.0013109329474,170.3569795029551,80.17840984565913,81.51034024788834,false,false
50,1.0,169.69712685232253,80.83534929387736,1.3297330014122508,1.3759846484542777,169.0191795826084,170.34891258402064,80.15375279114997,81.52973743960425,false,false
50,1.0,169.68903880583355,80.82500768272024,1.3456532459859432,1.346275161634665,169.0260066544546,170.37165990044053,80.15347847915058,81.49975364078524,false,false
50,1.0,169.6553224401381,80.85072448571673,1.3634389007946197,1.3569763853560346,168.98471738771008,170.3481562885047,80.17764489898863,81.53462128434467,false,false
50,1.0,169.70770669997492,80.85255440453945,1.3537971664796942,1.3576943308925706,169.04233311854722,170.3961302850269,80.1678423777846,81.52553670867717,false,false
50,1.0,169.625476519762,80.8121299426528,1.3784296434833436,1.348599262434476,168.9362092353809,170.31463887886423,80.16463283730327,81.51323209973775,false,false
50,1.0,169.6689231612973,80.86275224964237,1.3653101036994144,1.3795611674433985,168.97973891622453,170.34504901992395,80.16616726011712,81.54572842756052,false,false
50,1.0,169.73275359586256,80.85492969628285,1.348735983714107,1.3736248697034057,169.06575958028884,170.41449556400295,80.16472688244025,81.53835175214365,false,false
50,1.0,169.70794529637956,80.83742489863232,1.3231301880987303,1.3803539322000518,169.04798428994397,170.3711144780427,80.16104403596754,81.54139796816759,false,false
50,1.0,169.68698028960873,80.82504084314495,1.3640581550721151,1.31879632571993,169.02020888105392,170.38426703612603,80.16920732571441,81.48800365143434,false,false
50,1.0,169.68415653643757,80.85001562572158,1.3284592536179218,1.3679064720378165,169.0123878862498,170.34084713986772,80.17885582853035,81.54676230056816,false,false
50,1.0,169.70028479089513,80.82244008047482,1.3856155148154699,1.3720858121923243,169.00638898760405,170.39200450241952,80.13921265399745,81.51129846618977,false,false
50,1.0,169.73519670509125,80.86197416818104,1.3412013377509595,1.3532422135378397,169.05685641467431,170.39805775242527,80.18160724749455,81.5348494610324,false,false
50,1.0,169.72890212656557,80.85756165646151,1.3740254345168523,1.3320657130265232,169.03433932173587,170.40836475625272,80.17933465161353,81.51140036464005,false,false
50,1.0,169.7340145148913,80.83015686730259,1.3452044910012262,1.35772246096559,169.04375969658798,170.3889641875892,80.15925293210707,81.51697539307266,false,false
50,1.0,169.69613263421996,80.84446354813281,1.3483589653649233,1.3753123049666414,169.0164191612916,170.36477812665652,80.17412660972215,81.54943891468879,false,false
50,1.0,169.7447303977516,80.84556502480947,1.3620974028436308,1.3773530293298393,169.07698609277844,170.43908349562207,80.16518987760634,81.54254290693618,false,false
50,1.0,169.70062940815637,80.84010278490533,1.3498379809850576,1.3789058600019644,169.03325027253874,170.3830882535238,80.15525475912179,81.53416061912375,false,false
50,1.0,169.68168104649538,80.85611437188916,1.3343182087785408,1.3503289107383267,169.01311592974693,170.34743413852547,80.17456539428557,81.52489430502389,false,false
50,1.0,169.6616607250503,80.81117129459398,1.361294454790567,1.3314004828871333,168.9913233170179,170.35261777180847,80.15984398137131,81.49124446425844,false,false
50,1.0,169.65465235409383,80.84530917840976,1.3393508996056482,1.3085991308374645,168.98860675458602,170.32795765419166,80.18697771852923,81.4955768493667,false,false
50,1.0,169.71508598298675,80.83572777416049,1.3363978945898793,1.3395054582372552,169.0563804423424,170.39277833693228,80.18109847295824,81.5206039311955,false,false
50,1.0,169.72556059186508,80.8376362535647,1.3518464489684447,1.3682750349287147,169.05342696754622,170.40527341651466,80.13871669811685,81.50699173304557,false,false
50,1.0,169.70268980941285,80.84072746637615,1.282889480435358,1.3477254012344133,169.05678805876073,170.3396775391961,80.16450900747188,81.51223440870629,false,false
50,1.0,169.70385306547388,80.84604740384682,1.3656004398354185,1.3423022591514808,169.01740024127696,170.38300068111238,80.17435266743959,81.51665492659107,false,false
50,1.0,169.69053097584504,80.85708961825738,1.3580131142977905,1.3578748922404458,169.02017068914807,170.37818380344586,80.17280278212723,81.53067767436768,false,false
50,1.0,169.64522751644301,80.83601860503487,1.3389374204982403,1.3131396008403584,168.97361712701573,170.31255454751397,80.1962021695545,81.50934177039485,false,false
50,1.0,169.74802860467668,80.85162047745155,1.3871487067032149,1.3719208797404718,169.04177814511655,170.42892685181977,80.15424404043698,81.52616492017745,false,false
50,1.0,169.6878596505133,80.85518717447778,1.3502587628881884,1.3397196872605406,169.01299618491248,170.36325494780067,80.18681265217127,81.52653233943181,false,false
50,1.0,169.72387193265897,80.8256298166774,1.3550036993010792,1.3418847764472872,169.04133261109575,170.39633631039683,80.18144864146379,81.52333341791108,false,false
50,1.0,169.69087510125019,80.84677642197771,1.3276891304849414,1.361416964982297,169.02458964385596,170.3522787743409,80.16641781863004,81.52783478361233,false,false
50,1.0,169.66339250668017,80.86384576791369,1.3785185339994541,1.3688739031600932,168.98371397842828,170.36223251242774,80.19251904039993,81.56139294356002,false,false
50,1.0,169.70615664019383,80.85179823117738,1.3712860758585919,1.3175731945683395,169.03940821119986,170.41069428705845,80.18609334349138,81.50366653805972,false,false
50,1.0,169.72413680613874,80.8584475090174,1.3199244783785389,1.3635509120826583,169.06808124944058,170.38800572781912,80.16101344305507,81.52456435513773,false,false
50,1.0,169.71105136929293,80.83849302081921,1.373640534622126,1.323660552535344,169.0049749610421,170.37861549566423,80.18469159416362,81.50835214669897,false,false
50,1.0,169.69784243639904,80.84760720825255,1.3361303190706622,1.3339749851337785,169.0531147303549,170.38924504942557,80.16969822056768,81.50367320570146,false,false
50,1.0,169.68913973649114,80.85094760001553,1.327574193094165,1.3648783893637813,169.01220753689,170.33978172998417,80.16292879500233,81.52780718436611,false,false
50,1.0,169.67531904425607,80.83555137426015,1.3340846558731698,1.3676319280644975,169.02314386783902,170.3572285237122,80.14546566166908,81.51309758973358,false,false
50,1.0,169.67871711344895,80.83204316191822,1.3651461293959244,1.3874767149976321,168.98836829814505,170.35351442754097,80.13781130509992,81.52528802009755,false,false
50,1.0,169.72286166547582,80.84543004097905,1.3524780510426524,1.3580591149580101,169.03582943847715,170.3883074895198,80.1710007285529,81.52905984351091,false,false
50,1.0,169.67967271870512,80.8296387969025,1.3482554612734816,1.3475553476347812,169.01870035118571,170.3669558124592,80.16503433582469,81.51258968345947,false,false
50,1.0,169.70075916005618,80.83080171520447,1.3232420556751947,1.3873070346566152,169.02579750885698,170.34903956453218,80.14506861350736,81.53237564816398,false,false
50,1.0,169.68267216237456,80.83139304564494,1.3497192557600215,1.3898824055998347,169.00796430649552,170.35768356225554,80.13612508694818,81.52600749254802,false,false
50,1.0,169.70780163522204,80.84065357106806,1.3182656021647574,1.3521934777121345,169.0391440421051,170.35740964426986,80.16308945385487,81.515282931567,false,false
50,1.0,169.75187265913405,80.82600972853974,1.3505255907849119,1.3511119383144319,169.06404051205106,170.41456610283598,80.15279696353348,81.50390890184791,false,false
50,1.0,169.72014005231688,80.84113437246474,1.3407660174111697,1.378759389712826,169.03954432374525,170.38031034115642,80.16221838213306,81.54097777184589,false,false
50,1.0,169.69753135194205,80.82872319999325,1.3150476321341387,1.357952584906002,169.0475146689262,170.36256230106034,80.15678680426655,81.51473938917255,false,false
50,1.0,169.72705401572819,80.85095871697553,1.3416052268460987,1.374449433826797,169.0530347799336,170.3946400067797,80.16692069086916,81.54137012469596,false,false
50,1.0,169.6729780611389,80.8537779260674,1.3377148638224412,1.3390530913268321,169.01068219445426,170.3483970582767,80.19220917335193,81.53126226467876,false,false
50,1.0,169.63005143218265,80.8422646135078,1.3674372015835843,1.3671550476108507,168.9451192500057,170.31255645158927,80.15969090982742,81.52684595743827,false,false
50,1.0,169.72527403281345,80.853107665664,1.3426928115979422,1.3520910313083192,169.0502917472706,170.39298455886853,80.17906352527254,81.53115455658086,false,false
50,1.0,169.67228188756388,80.85678252265865,1.3417440152506401,1.3460148238273462,169.00731069321733,170.34905470846797,80.17037446796371,81.51638929179106,false,false
50,1.0,169.69319479395045,80.8308380241277,1.3611262992914135,1.3594284349687769,169.0113849472723,170.3725112465637,80.17456628488816,81.53399471985693,false,false
50,1.0,169.70737120996395,80.84173192770197,1.3583307209649718,1.336701993220899,169.04274606542796,170.40107678639293,80.16888526132962,81.50558725455052,false,false
50,1.0,169.7249784300161,80.84847813244556,1.364030219996522,1.3769076367715485,169.03399437363274,170.39802459362926,80.15056802686442,81.52747566363597,false,false
50,1.0,169.69115063948672,80.83925155912083,1.3628389340602496,1.3676148020843897,169.01310043238928,170.37593936644953,80.15720018565607,81.52481498774046,false,false
50,1.0,169.68425759327747,80.85734796936671,1.3385160132342264,1.3748492634277767,169.01265699937136,170.35117301260559,80.16007736968895,81.53492663311673,false,false
50,1.0,169.73075817188618,80.84693676046328,1.3526994168545912,1.3616768228252454,169.05635068403956,170.40905010089415,80.16474927857942,81.52642610140467,false,false
50,1.0,169.66108920144933,80.82966360372058,1.3667367195627378,1.3465817347843512,168.99175227397347,170.3584889935362,80.16653988689269,81.51312162167704,false,false
50,1.0,169.75088400617574,80.8594574470101,1.3350566550913072,1.3302425410089427,169.08059631201638,170.4156529671077,80.19730583618912,81.52754837719806,false,false
50,1.0,169.70253955635985,80.84756160337534,1.3644581418085124,1.363048782464304,169.00531562772804,170.36977376953655,80.17235871574924,81.53540749821354,false,false
50,1.0,169.68134926669964,80.81997273840678,1.3393394064879942,1.3331885515473658,169.00426091913835,170.34360032562634,80.15598026682768,81.48916881837505,false,false
50,1.0,169.6878391468961,80.83386835429889,1.3730260175203455,1.308535531752952,169.01188578317564,170.384911800696,80.18400358303194,81.49253911478489,false,false
50,1.0,169.67175398332495,80.86100141104535,1.343136500362533,1.335085939917164,168.9895687844471,170.33270528480963,80.18283925909307,81.51792519901024,false,false
50,1.0,169.68980579838174,80.85644887250321,1.335134012158619,1.3709612010766108,169.01987402717788,170.3550080393365,80.16745085776047,81.53841205883708,false,false
50,1.0,169.70610017772398,80.85111758682146,1.3649398378953777,1.3449327686787313,169.01054133623987,170.37548117413525,80.16646156812418,81.51139433680291,false,false
50,1.0,169.77769756509895,80.84012861497155,1.327357233517489,1.352822305964409,169.1012552166624,170.42861245017988,80.16836368962686,81.52118599559127,false,false
50,1.0,169.67350263083884,80.85690187328632,1.3245800749552075,1.364392482286803,169.01530045229165,170.33988052724686,80.1589442816832,81.52333676397001,false,false
50,1.0,169.76655402199992,80.85163249957766,1.3490953498368583,1.3395011691603855,169.11249371563045,170.4615890654673,80.1951854193671,81.53468658852749,false,false
50,1.0,169.72499485983306,80.82054990715201,1.3868316456266996,1.325054859589713,169.02672395277855,170.41355559840525,80.17234492497586,81.49739978456557,false,false
50,1.0,169.69247413155725,80.83753116921378,1.3248714181895025,1.3754241923231803,169.03967010876335,170.36454152695285,80.16100937461752,81.5364335669407,false,false
50,1.0,169.73914842032855,80.84698619122898,1.346639308196245,1.345089727597724,169.07462294645563,170.42126225465188,80.16873951284731,81.51382924044503,false,false
50,1.0,169.74415110265238,80.8527235263362,1.3350805000656578,1.376525917024935,169.06793569282956,170.40301619289522,80.16847511835084,81.54500103537578,false,false
50,1.0,169.70276187243746,80.84604253197062,1.35604794466596,1.3817048021381027,169.01661745461377,170.37266539927973,80.15874273870192,81.54044754084002,false,false
50,1.0,169.69917097104963,80.85773885607983,1.3294497055968009,1.3491609936719016,169.05228477670548,170.38173448230228,80.17436229981432,81.52352329348622,false,false
50,1.0,169.68300029216505,80.84510886758025,1.3589994071377305,1.3727559604854491,169.01628654445503,170.37528595159276,80.1628876204324,81.53564358091785,false,false
50,1.0,169.67433319388647,80.83142347248463,1.366662424717532,1.3462686861282975,169.00344356519082,170.37010598990835,80.15326623560875,81.49953492173705,false,false
50,1.0,169.7169914933724,80.83414315630272,1.3118781139915257,1.327012478055238,169.058704318866,170.37058243285753,80.16753374613772,81.49454622419296,false,false
50,1.0,169.7693468503744,80.84798151420628,1.3897765331159349,1.3393406585334162,169.0784026920048,170.46817922512074,80.19268055834583,81.53202121687924,false,false
50,1.0,169.67641517666482,80.83376826652596,1.3256550655192143,1.3564394617205693,169.03081494037596,170.35647000589518,80.15847497957226,81.51491444129283,false,false
50,1.0,169.70008208152137,80.8546888351522,1.340398546281591,1.3465753171200276,169.0365876832125,170.3769862294941,80.17969095809768,81.52626627521771,false,false
50,1.0,169.7218959273986,80.83972139173984,1.3640996895988167,1.3579320005986801,169.0571663375218,170.42126602712062,80.14957178463692,81.5075037852356,false,false
50,1.0,169.71398872749808,80.82366973467225,1.3072581610962288,1.3652242461713229,169.06967506657662,170.37693322767285,80.14651204768153,81.51173629385285,false,false
50,1.0,169.74239432585017,80.83829237360631,1.3417033615942557,1.34476751848716,169.07450727541556,170.4162106370098,80.17184978424116,81.51661730272832,false,false
50,1.0,169.6983298905722,80.86683070678527,1.3612781977513748,1.3878255901586272,169.0339604245204,170.39523862227176,80.16746311524469,81.55528870540331,false,false
50,1.0,169.65758271881265,80.84773331602496,1.33921211837702,1.379801100922876,169.01147849542247,170.3506906137995,80.16768381152787,81.54748491245074,false,false
50,1.0,169.6841418318294,80.84583939165753,1.3727208379165745,1.347367497144532,168.98884849226886,170.36156933018543,80.16634595430595,81.51371345145049,false,false
50,1.0,169.66746232882144,80.81790566396604,1.3488382962675871,1.3583300043980415,168.9997978508191,170.3486361470867,80.15517983479444,81.51350983919248,false,false
50,1.0,169.6910257058391,80.8529888706571,1.3501653331927344,1.3544716827024246,168.99464142167244,170.34480675486517,80.1712338419335,81.52570552463592,false,false
50,1.0,169.67721792966614,80.83775605632914,1.3355690990369737,1.3147699390352017,169.00741564616843,170.3429847452054,80.18466381196141,81.49943375099662,false,false
50,1.0,169.68664091308253,80.83990564384264,1.3102344106629857,1.3271705256898798,169.03359488992362,170.3438293005866,80.17882839372173,81.50599891941161,false,false
50,1.0,169.74231882047542,80.86238483551799,1.3275030038154227,1.3219084755021413,169.05407172653435,170.38157473034977,80.18631093718275,81.5082194126849,false,false
50,1.0,169.7000217880684,80.83609411566243,1.3178127330486973,1.3611041463048537,169.02998470006187,170.34779743311057,80.16726763556201,81.52837178186687,false,false
50,1.0,169.70298173937977,80.83955226802013,1.3573651827349522,1.32421393256692,169.0046646225034,170.36202980523836,80.17323338037008,81.497447312937,false,false
50,1.0,169.67734055360518,80.84359699577733,1.3200849183171783,1.393568774486397,169.02261366542027,170.34269858373744,80.14976030414293,81.54332907862933,false,false
50,1.0,169.7367032732953,80.84094825448213,1.343611157984725,1.3620565281240715,169.0559562180737,170.39956737605843,80.16219155652296,81.52424808464703,false,false
50,1.0,169.7337476294851,80.85993412359923,1.3869539618226554,1.3663450481683839,169.04572167345282,170.43267563527547,80.1686869255052,81.53503197367358,false,false
50,1.0,169.72550757098224,80.83782333624427,1.3350321184093161,1.3727186856465607,169.0639185856184,170.39895070402773,80.16216749227377,81.53488617792033,false,false
50,1.0,169.717543801074,80.84243896885636,1.3474025253673858,1.3404920294282192,169.03742402866004,170.38482655402743,80.18108124770794,81.52157327713616,false,false
50,1.0,169.7434084574137,80.8210672635262,1.324080908229007,1.3679557459328606,169.0946486027297,170.4187295109587,80.15776797104755,81.52572371698041,false,false
50,1.0,169.7030565843378,80.83760410984667,1.3251350260300967,1.3445951401657652,169.0372765414475,170.3624115674776,80.1703032254761,81.51489836564187,false,false
50,1.0,169.68245379626796,80.83270969856945,1.3705188942461746,1.3771952220855184,168.99160076028429,170.36211965453046,80.14405659174571,81.52125181383123,false,false
50,1.0,169.68075573544462,80.87284463161751,1.370858057133944,1.3480566372365672,168.99992348525157,170.37078154238552,80.17280177593005,81.52085841316662,false,false
50,1.0,169.68350034999065,80.83809671265917,1.3344065019718414,1.3193850435432495,169.01900051372277,170.35340701569461,80.19189230186953,81.51127734541278,false,false
50,1.0,169.69521783668375,80.82187458990603,1.358058902950802,1.3392918444236415,169.02362379731966,170.38168270027046,80.16822848402799,81.50752032845163,false,false
50,1.0,169.67942973166998,80.83947044475323,1.33086089881391,1.3477195784575144,169.01277395300923,170.34363485182314,80.17733247597164,81.52505205442915,false,false
50,1.0,169.70328926924617,80.85395169566962,1.3565661840074483,1.3597187684938206,169.02789073940667,170.38445692341412,80.17702214505637,81.53674091355019,false,false
50,1.0,169.66199389255505,80.83764505537715,1.3568433068993215,1.3861077196788756,168.9831659736911,170.3400092805904,80.14825498725953,81.53436270693841,false,false
50,1.0,169.70457020437243,80.82792077932174,1.342482261177821,1.3584908717727728,169.04194514352753,170.38442740470535,80.14625101912532,81.50474189089809,false,false
50,1.0,169.7069098971702,80.84174557537887,1.3407483783290104,1.352327651106691,169.03269810009152,170.37344647842053,80.16793317054112,81.52026082164781,false,false
50,1.0,169.74267492955425,80.84287686583298,1.3417161242493592,1.3640683836282221,169.05631362814046,170.39802975238982,80.17106883489214,81.53513721852036,false,false
50,1.0,169.69133652542806,80.82270497262502,1.3807530846068516,1.3385509406851241,168.98897371491972,170.36972679952657,80.17416637465365,81.51271731533878,false,false
50,1.0,169.69941314564937,80.83520017593528,1.3404141913791818,1.3514849148684505,169.0241128646527,170.36452705603187,80.16475125874186,81.51623617361031,false,false
50,1.0,169.6777212269991,80.850666025804,1.3269774070533344,1.3956199625822165,169.00861141648542,170.33558882353876,80.16060502479287,81.55622498737509,false,false
50,1.0,169.68820595076255,80.81593626594591,1.3606699579767394,1.3384984226761816,169.02306456061845,170.3837345185952,80.14581713425041,81.48431555692659,false,false
50,1.0,169.66728784721545,80.8250480344145,1.3666231030300935,1.3940166987913614,168.98640031068783,170.35302341371792,80.127337741106,81.52135443989737,false,false
50,1.0,169.68109007796772,80.84894074427964,1.345861825070699,1.3291039466935786,169.01421987197193,170.36008169704263,80.17080199497329,81.49990594166687,false,false
50,1.0,169.72423531875364,80.81166367856471,1.3336872742692094,1.3214289400869461,169.0605465448716,170.39423381914082,80.17403935685286,81.4954682969398,false,false
50,1.0,169.7638531730787,80.84544086295463,1.3516972055392102,1.3293612512820943,169.10142244491755,170.45311965045676,80.18752093241638,81.51688218369847,false,false
50,1.0,169.74134059021998,80.82155937245015,1.352826638885631,1.377674116742142,169.05358054533872,170.40640718422435,80.14007005512653,81.51774417186867,false,false
50,1.0,169.7014852904603,80.84977120504234,1.3510235969509665,1.322168900557358,169.02382341558476,170.37484701253572,80.20670038007785,81.5288692806352,false,false
50,1.0,169.69728509233687,80.83716861363752,1.3204497866047404,1.3694549956308748,169.04274004290542,170.36318982951016,80.15711640175776,81.52657139738864,false,false
50,1.0,169.71953395874704,80.84128658672242,1.370429177118126,1.3912315090340996,169.0380315601259,170.408460737244,80.15750226083497,81.54873376986907,false,false
50,1.0,169.71741924812295,80.83800600420271,1.3681682635588857,1.3574181533415839,169.04062317325975,170.40879143681863,80.16380296615442,81.521221119496,false,false
50,1.0,169.68704777092466,80.84944743879537,1.3686566594033422,1.3403976343870596,169.00723988968133,170.37589654908467,80.17679906121576,81.51719669560282,false,false
50,1.0,169.70685648180563,80.85489641725133,1.3449055197004895,1.3659883956024856,169.0283864453669,170.37329196506738,80.15889531420422,81.5248837098067,false,false
50,1.0,169.7261239854476,80.83760523867218,1.3319348825370412,1.3637029919597836,169.03254105929852,170.36447594183556,80.15632307898898,81.52002607094876,false,false
50,1.0,169.69926738268163,80.85010689209705,1.3577147627726447,1.3620559041678604,169.0091126113876,170.36682737416024,80.17212584852018,81.53418175268804,false,false
50,1.0,169.6727019132549,80.83969542747263,1.322609183431922,1.3732171527313426,169.02237690777008,170.344986091202,80.1600894936162,81.53330664634754,false,false
50,1.0,169.67330450224983,80.83480242801005,1.3455923805580028,1.379577637998679,168.99672744620813,170.34231982676613,80.14513788280301,81.52471552080169,false,false
50,1.0,169.70234097790305,80.85967350893753,1.3569794213939872,1.3624377004894086,169.03063037352473,170.38760979491872,80.17005753901428,81.53249523950369,false,false
50,1.0,169.671444971084,80.84939859696422,1.3678296914512487,1.3516917745291153,168.97956192838984,170.3473916198411,80.17161841203466,81.52331018656378,false,false
50,1.0,169.69149907616153,80.83143237736881,1.3464755429683635,1.3175218582584733,169.01066991340903,170.3571454563774,80.17532510876727,81.49284696702574,false,false
50,1.0,169.73648703786785,80.85076906202258,1.374546516373897,1.3636479707546698,169.04152055270868,170.41606706908257,80.18290543326847,81.54655340402314,false,false
50,1.0,169.68488421679154,80.83802271063091,1.3308034190023363,1.3429902834066496,169.00721046470042,170.33801388370276,80.16637772181942,81.50936800522607,false,false
50,1.0,169.6747923231175,80.8374243687602,1.348764967132297,1.3418212881994123,169.00352706039826,170.35229202753055,80.17732727133313,81.51914855953254,false,false
50,1.0,169.68513568200092,80.86261070651327,1.3349768500846437,1.3964088905069332,169.0105585382385,170.34553538832316,80.14947435358425,81.54588324409119,false,false
50,1.0,169.69115275005313,80.87772821616244,1.35111043547721,1.3654044124362628,169.0200119892168,170.37112242469402,80.18346273261314,81.5488671450494,false,false
50,1.0,169.65738056804605,80.83754539029121,1.363032793174284,1.3387701790685185,168.98795092692,170.3509837200943,80.16659913875223,81.50536931782075,false,false
50,1.0,169.67233471272613,80.85763131635159,1.3695322196635686,1.3480367678741914,168.98140384966914,170.3509360693327,80.18411727633958,81.53215404421377,false,false
50,1.0,169.71229634071466,80.86622185365502,1.3233540409679279,1.3686781452140906,169.04842328493947,170.3717773259074,80.15747740112053,81.52615554633462,false,false
50,1.0,169.7128671346186,80.84488807333182,1.3321308508895129,1.3191853763362928,169.0411345407054,170.3732653915949,80.18423739975002,81.50342277608631,false,false
50,1.0,169.6702515520937,80.85305394409238,1.3399802676679258,1.3513939761216562,169.00404003354222,170.34402030121015,80.1538316427469,81.50522561886855,false,false
50,1.0,169.64021244177803,80.8642474792581,1.3283327583385187,1.3467654923139492,168.97690064590662,170.30523340424514,80.18675983008612,81.53352532240007,false,false
50,1.0,169.72163245900748,80.83633137349327,1.3610457665603235,1.3470113308693925,169.04112289741906,170.40216866397938,80.15887633582665,81.50588766669604,false,false
50,1.0,169.71335461171392,80.83688072238702,1.3579102933348395,1.3597801040255035,169.03584855768202,170.39375885101686,80.15032659662924,81.51010670065475,false,false
50,1.0,169.6983868235969,80.83318756736364,1.3885514224586188,1.3706984080321263,169.01813027925365,170.40668170171227,80.15432433963238,81.52502274766451,false,false
50,1.0,169.70496920402653,80.82095440773952,1.340468179808454,1.3696212547439615,169.0352874272948,170.37575560710326,80.14434449194881,81.51396574669278,false,false
50,1.0,169.70913636269893,80.84221847231537,1.3397110829922099,1.3590884760944562,169.04752006484205,170.38723114783426,80.14958766203509,81.50867613812954,false,false
50,1.0,169.7257991765374,80.83392102300203,1.3360300123939908,1.357030627699146,169.04506295457088,170.38109296696487,80.16609735426682,81.52312798196597,false,false
50,1.0,169.71010748628322,80.85103407348836,1.3397305953403134,1.337029975487738,169.0365217082707,170.376252303611,80.1749249397255,81.51195491521324,false,false
50,1.0,169.6759056988647,80.85287606492447,1.3422361950416644,1.3634770706789254,168.9978357377941,170.34007193283577,80.16769564133736,81.53117271201629,false,false
50,1.0,169.69968626499244,80.82801366292003,1.3542257280170986,1.3416177171347385,169.02301129191187,170.37723701992897,80.17027629924817,81.51189401638291,false,false
50,1.0,169.70990686033667,80.85516103257038,1.3663760463049357,1.2746296313947312,169.0239752924249,170.39035133872983,80.20807151409126,81.48270114548599,false,false
50,1.0,169.7264792733526,80.84895241265001,1.3368872897885353,1.379216920231272,169.06356485537523,170.40045214516377,80.14254666087749,81.52176358110876,false,false
50,1.0,169.66728556259474,80.86415643747634,1.3911449220872214,1.3689188572153483,168.97124117097724,170.36238609306446,80.17279512854259,81.54171398575794,false,false
50,1.0,169.66287440891105,80.85813143649148,1.3613426459489517,1.3553470607568556,168.99169951014332,170.35304215609227,80.16426618944669,81.51961325020355,false,false
50,1.0,169.7519557951609,80.84416563681597,1.2975790905207418,1.2953536945068578,169.09327430028648,170.39085339080722,80.18702781981463,81.48238151432149,false,false
50,1.0,169.67489889352302,80.84103377169123,1.3250126563867468,1.32355771573161,169.0047241110703,170.32973676745704,80.1809683209823,81.50452603671391,false,false
50,1.0,169.78919673615937,80.85303433367447,1.3132748563164682,1.3958064137280672,169.12676923028582,170.44004408660228,80.14645485525888,81.54226126898695,false,false
50,1.0,169.7694329493644,80.83561452356705,1.3763421865387784,1.3402181610140218,169.07600998856358,170.45235217510236,80.1603798854235,81.50059804643752,false,false
50,1.0,169.63846610398127,80.84988849283354,1.3322264997613331,1.3615228501149659,168.98303364212296,170.3152601418843,80.16057226007555,81.52209511019052,false,false
50,1.0,169.6739186023417,80.83188953177546,1.33585289945853,1.3503381444731986,169.01414790435024,170.35000080380877,80.16337697472079,81.51371511919399,false,false
50,1.0,169.70306583377214,80.84412685422532,1.3564697863909032,1.363757945529457,169.02631494513713,170.38278473152803,80.16573460301163,81.52949254854109,false,false
50,1.0,169.729198998188,80.85015549184715,1.3580244190878261,1.3398439290638748,169.0497882065585,170.40781262564633,80.16826345213559,81.50810738119947,false,false
50,1.0,169.65742298362693,80.8504346229393,1.275072510216262,1.383470841911162,169.02990755973366,170.30498006994992,80.15101051796182,81.53448135987298,false,false
50,1.0,169.69672839678032,80.85350473820145,1.331224666357258,1.3512895598427974,169.04313302629112,170.37435769264837,80.17653129030333,81.52782085014613,false,false
50,1.0,169.7289509753346,80.84760224277787,1.3004695994648046,1.3325910823813416,169.05757515620053,170.35804475566533,80.18317630759553,81.51576738997687,false,false
50,1.0,169.69573005545539,80.85507936016859,1.3387844112041307,1.3518720926256123,169.02499208599642,170.36377649720055,80.17533863369188,81.52721072631749,false,false
50,1.0,169.71600969730977,80.82491605186526,1.309852297269913,1.3592434479276818,169.0554536460017,170.3653059432716,80.15343234977846,81.51267579770614,false,false
50,1.0,169.7483145443074,80.82389878483045,1.3712298649257093,1.356182100773566,169.05419812531352,170.42542799023923,80.1492753304714,81.50545743124496,false,false
50,1.0,169.6982509251701,80.85371626797263,1.3740514852888737,1.3668045688166188,168.9977498185723,170.37180130386116,80.16256875161348,81.5293733204301,false,false
50,1.0,169.69770308404435,80.81931863302812,1.3512989974332754,1.3685521189588457,169.02344037116427,170.37473936859755,80.15315997230951,81.52171209126836,false,false
50,1.0,169.7191343167068,80.8534070367822,1.3299170777710287,1.3625182147260517,169.0465809725934,170.37649805036443,80.17190149477267,81.53441970949872,false,false
50,1.0,169.76305334323854,80.82787182965086,1.3569548152607354,1.382075362219652,169.0743510093141,170.43130582457485,80.14184189048007,81.52391725269972,false,false
50,1.0,169.67455057286327,80.83009401102314,1.335493636506527,1.3355209924805393,169.0153808355095,170.35087447201602,80.17155370235524,81.50707469483578,false,false
50,1.0,169.64276994382226,80.84966841064441,1.3621275199025717,1.3216988395828935,168.96287046619045,170.32499798609302,80.18976164972597,81.51146048930886,false,false
50,1.0,169.71426993896765,80.80946368518613,1.3075858106374483,1.3407354760312131,169.07324971427082,170.38083552490826,80.14805824650426,81.48879372253548,false,false
50,1.0,169.72028578955351,80.84669235841352,1.3097740045916453,1.3614964345582194,169.04783873344985,170.3576127380415,80.16091551933417,81.52241195389239,false,false
50,1.0,169.75230539252794,80.84675696335647,1.344975064352667,1.3252726090524618,169.06819267757376,170.41316774192643,80.1767713012382,81.50204391029067,false,false
50,1.0,169.69872453219966,80.86544902659915,1.3127900712111682,1.3658687562499665,169.05305211198223,170.3658421831934,80.16578887929174,81.5316576355417,false,false
50,1.0,169.66547680084068,80.82943953751625,1.3262937510630763,1.3281029451520396,169.00586537091775,170.33215912198082,80.17708478434054,81.50518772949258,false,false
50,1.0,169.66417956111133,80.83436426333267,1.3354692918790363,1.356533522046547,168.97972306262392,170.31519235450295,80.16654375998047,81.52307728202702,false,false
50,1.0,169.70883123330657,80.83439232934373,1.3539237652144038,1.3303271105883425,169.05050069667467,170.40442446188908,80.18440900248345,81.51473611307179,false,false
50,1.0,169.76370576185792,80.82173880142408,1.3585991288543937,1.367095025849892,169.0965236228974,170.4551227517518,80.15096898534907,81.51806401119896,false,false
50,1.0,169.67962109715228,80.86439669745005,1.3341093463095604,1.3832928088785934,169.02419430881167,170.35830365512123,80.18056696178151,81.5638597706601,false,false
50,1.0,169.71406605451529,80.85045211879932,1.3243953742282315,1.3450224740427785,169.04580457992617,170.3701999541544,80.19631190511824,81.54133437916101,false,false
50,1.0,169.66299218133557,80.8563046219273,1.3642844641563272,1.3528977549918721,168.98372804668693,170.34801251084326,80.17669662593553,81.5295943809274,false,false
50,1.0,169.66663437359153,80.86506057604169,1.3518229059444025,1.3821846679457224,169.00325580430706,170.35507871025146,80.16008281569802,81.54226748364374,false,false
50,1.0,169.68634930028972,80.84543277067922,1.3523368087994072,1.3299421840457626,169.00926340780646,170.36160021660586,80.17544822915704,81.5053904132028,false,false
50,1.0,169.66315436553035,80.81726046094767,1.327483345538127,1.3577394810418042,169.0034472311078,170.33093057664593,80.147797498211,81.50553697925281,false,false
50,1.0,169.6412941688266,80.85791173969497,1.3355464576694942,1.3551385038111903,168.9859395942045,170.321486051874,80.1751013014676,81.5302398052788,false,false
50,1.0,169.67711389468286,80.82620843922956,1.356266649293417,1.3430168616254434,168.99315125261117,170.3494179019046,80.16643309139286,81.5094499530183,false,false
50,1.0,169.72701176398186,80.8648677177853,1.3595881727708274,1.349471846145292,169.03937773863976,170.39896591141058,80.18225747118427,81.53172931732956,false,false
50,1.0,169.69910592349163,80.82142454397047,1.3365084844140824,1.3828160642381562,169.04244857060092,170.378957055015,80.14129699876433,81.52411306300249,false,false
50,1.0,169.67220152966453,80.83906097557642,1.3739860582043377,1.3581339953954625,168.99215417657268,170.36614023477702,80.16684651910634,81.5249805145018,false,false
50,1.0,169.70419157842394,80.85913712822105,1.3207858550811693,1.347319120160435,169.0440677078472,170.36485356292837,80.17385036314477,81.5211694833052,false,false
50,1.0,169.70297890444778,80.83219830456267,1.3728161332399793,1.3903645839413201,169.02579393334605,170.39861006658603,80.16596305522019,81.55632763916151,false,false
50,1.0,169.71264161705744,80.81622705860698,1.3629844815154684,1.3724224425378253,169.03286287878,170.39584736029548,80.13984051400942,81.51226295654725,false,false
50,1.0,169.73740794661705,80.85638331690004,1.3127241025287901,1.3674366218154148,169.07295104837692,170.3856751509057,80.17420860493182,81.54164522674724,false,false
50,1.0,169.69756115133939,80.86189157656455,1.351519334547902,1.3852319387839884,169.0328590803926,170.3843784149405,80.17689043712336,81.56212237590735,false,false
50,1.0,169.72451797913064,80.84903131078471,1.345045692445325,1.3528148634871116,169.02891648333332,170.37396217577864,80.15662629570903,81.50944115919614,false,false
50,1.0,169.71653954459657,80.83189427175802,1.3384536639394753,1.3570230484518788,169.05648117559366,170.39493483953314,80.15931050596421,81.5163335544161,false,false
50,1.0,169.7192645682436,80.83475521934444,1.340050234051887,1.3460590638602525,169.0453147703986,170.38536500445048,80.15690180069541,81.50296086455566,false,false
50,1.0,169.69845887745495,80.85456643961263,1.321394173198712,1.3150107783670961,169.02914179921117,170.3505359724099,80.19247086109205,81.50748163945914,false,false
50,1.0,169.71231473656528,80.8382785878369,1.3528643636314541,1.381278422987208,169.0482601538262,170.40112451745765,80.1372676177931,81.51854604078031,false,false
50,1.0,169.7033639817325,80.84284056747441,1.3601494655616193,1.3724391639321283,169.02335441257188,170.3835038781335,80.15481201715677,81.5272511810889,false,false
50,1.0,169.69211782832426,80.84588464955698,1.3343333540957474,1.3795580300647146,169.0203279466869,170.35466130078265,80.15420516543662,81.53376319550134,false,false
50,1.0,169.73103722127638,80.85312556471473,1.2999074962025077,1.3326760239611986,169.07708405021228,170.37699154641479,80.18539325969334,81.51806928365454,false,false
50,1.0,169.71972980310943,80.8478254430735,1.356036180302624,1.3694104362415942,169.03964022773226,170.3956764080349,80.15345716086355,81.52286759710515,false,false
50,1.0,169.70800611602027,80.83583756193025,1.3652331415997878,1.3450374774052136,169.03113439626097,170.39636753786075,80.16399533265422,81.50903281005944,false,false
50,1.0,169.66887095100765,80.82243938814891,1.371793783588032,1.3854032363154687,168.96809611865393,170.33988990224196,80.1352891769329,81.52069241324837,false,false
50,1.0,169.68594824519863,80.85103468486491,1.3132317522602648,1.3643101303349567,169.05120970882982,170.36444146109008,80.17331092753405,81.537621057869,false,false
50,1.0,169.7040787479262,80.82595791052987,1.3285142497701656,1.349906248033733,169.04348115594107,170.37199540571123,80.15254218666327,81.502448434697,false,false
50,1.0,169.74518625871627,80.82517583795672,1.3420723371208396,1.3463731516458353,169.05721631429213,170.39928865141297,80.15862786091066,81.50500101255649,false,false
50,1.0,169.68409907241892,80.83526765057923,1.3361660898535774,1.3660872974955254,169.0271946574665,170.3633607473201,80.17667313949799,81.54276043699352,false,false
50,1.0,169.76263818565798,80.84814765550203,1.3194001686967738,1.3675078455978849,169.0943061751213,170.41370634381806,80.15498884277388,81.52249668837176,false,false
50,1.0,169.68593860979087,80.8573620983663,1.3602188075424806,1.3357848094254479,169.01581833200092,170.3760371395434,80.18452046433768,81.52030527376313,false,false
50,1.0,169.67505451154355,80.83894253685347,1.3765509866848333,1.3556945229605049,169.00014829154253,170.37669927822736,80.1582414437672,81.5139359667277,false,false
50,1.0,169.72355172273615,80.8377957519725,1.3647259840702475,1.3505961545937168,169.02934708126443,170.39407306533468,80.1778300242101,81.52842617880381,false,false
50,1.0,169.73072083813472,80.84812318346772,1.3716601616341677,1.3765625848835015,169.05367950377757,170.42533966541174,80.15069374962053,81.52725633450403,false,false
50,1.0,169.73423314853952,80.83125216628446,1.3960152298260482,1.3561204639801616,169.01819970002077,170.41421492984682,80.14653833507627,81.50265879905643,false,false
50,1.0,169.66614130771688,80.85833061355972,1.3572178063988645,1.3917445445632808,168.98425910171875,170.3414769081176,80.16373219457533,81.55547673913861,false,false
50,1.0,169.70196968078145,80.84332907930668,1.334609478427467,1.3789008759855648,169.03332618204195,170.3679356604694,80.16055154194123,81.5394524179268,false,false
50,1.0,169.69780994072318,80.82895607045417,1.3518028077830877,1.3325618394732999,169.04869754836403,170.40050035614712,80.16556103265498,81.49812287212828,false,false
50,1.0,169.71880445147997,80.8462598036821,1.2947879005931782,1.3262783975725938,169.06851802363852,170.3633059242317,80.1821308819259,81.5084092794985,false,false
50,1.0,169.711821546302,80.83314827419993,1.3634335380235143,1.3631606213839547,169.0394029111368,170.4028364491603,80.13955647030244,81.50271709168639,false,false
50,1.0,169.70843274881514,80.84935411136823,1.3331870933330094,1.3828771569937999,169.02047694350216,170.35366403683517,80.14988802613567,81.53276518312947,false,false
50,1.0,169.67111928537082,80.85730871552704,1.3614354043472474,1.3628581729979317,169.00531645233866,170.3667518566859,80.16859249471725,81.53145066771518,false,false
50,1.0,169.6450752645081,80.85493540786251,1.355662209025752,1.3536718877954002,168.97386492109285,170.3295271301186,80.16429026424936,81.51796215204476,false,false
50,1.0,169.7316876905078,80.85039143292812,1.3332043516785461,1.3227843753617776,169.06360621891542,170.39681057059397,80.19811183894618,81.52089621430795,false,false
50,1.0,169.70314853814,80.84009389918361,1.3386315285742683,1.3776022972689788,169.01364157802254,170.3522731065968,80.14350475945712,81.5211070567261,false,false
50,1.0,169.67547417072728,80.82800216800672,1.3826682321251837,1.3270765120003603,168.97928639519054,170.36195462731573,80.17621884362045,81.5032953556208,false,false
50,1.0,169.7457587654596,80.86069668394788,1.3517974395823273,1.3449802991937787,169.06631288490345,170.41811032448578,80.17564536193613,81.52062566112991,false,false
50,1.0,169.69694646434309,80.82125716337589,1.3963767209521052,1.3916778605283042,168.98865877740275,170.38503549835485,80.13116742034602,81.52284528087432,false,false
50,1.0,169.72303762275862,80.82171362287534,1.3417514634643055,1.37239997594547,169.0685675046312,170.4103189680955,80.14029610951509,81.51269608546056,false,false
50,1.0,169.7232506153775,80.82136784388591,1.3661427024812554,1.3492071923677997,169.03283250673675,170.398975209218,80.17103245694696,81.52023964931476,false,false
50,1.0,169.7134265520324,80.86061709587415,1.3408636707875132,1.3321006374457482,169.03792306576992,170.37878673655743,80.20116723362554,81.53326787107129,false,false
50,1.0,169.7062033776233,80.84768385581019,1.3181442181878253,1.3585109576934826,169.04061798405974,170.35876220224756,80.16707868899145,81.52558964668494,false,false
50,1.0,169.6777579654286,80.85095549464742,1.35184338712628,1.374871590141737,169.01420235013583,170.3660457372621,80.16597910680451,81.54085069694625,false,false
50,1.0,169.66791976308878,80.85095930368198,1.3458179088170255,1.3777280984224518,169.01396133823164,170.35977924704866,80.16847648319585,81.5462045816183,false,false
50,1.0,169.68475825114723,80.8539816143493,1.3629065803952471,1.3826935361731643,169.00088069507595,170.3637872754712,80.15337102726514,81.5360645634383,false,false
50,1.0,169.7385910824233,80.8605833781055,1.3363095488745387,1.333268839725946,169.06213096042524,170.39844050929977,80.18597555496251,81.51924439468846,false,false
50,1.0,169.67262120057126,80.83757062873212,1.3341771294718967,1.3613275928643276,169.01023186217117,170.34440899164306,80.16665646553427,81.5279840583986,false,false
50,1.0,169.74712929314168,80.83648829267051,1.3270367129245244,1.3363620381045678,169.08434570319645,170.41138241612097,80.18157323961509,81.51793527771966,false,false
50,1.0,169.69948430544974,80.8560160281641,1.3511433662307297,1.347123760090895,169.02301097674035,170.37415434297108,80.18712913730006,81.53425289739096,false,false
50,1.0,169.73448323397935,80.84321778924306,1.3310456726887594,1.3583460593079906,169.07173690913942,170.40278258182818,80.1553666344216,81.51371269372959,false,false
50,1.0,169.70208203925054,80.8429180927539,1.348170697360132,1.3249900148730092,169.0394743244883,170.38764502184844,80.19449760208946,81.51948761696246,false,false
50,1.0,169.71092628558313,80.8694609020594,1.3390116157454202,1.364152291452939,169.02266072334547,170.3616723390909,80.16485505805642,81.52900734950936,false,false
50,1.0,169.70685833093745,80.84289203794353,1.3721709971439395,1.3331171297495104,169.00495814717607,170.37712914432,80.17237355342462,81.50549068317413,false,false
50,1.0,169.71425857400865,80.8482616536049,1.329009220850395,1.3790906614384966,169.0369227930365,170.3659320138869,80.16232374313104,81.54141440456954,false,false
50,1.0,169.6956933312565,80.8530429313723,1.3839983719490476,1.3487671098300638,168.99055173969288,170.37455011164192,80.18688231424724,81.5356494240773,false,false
50,1.0,169.68813430823897,80.83402979551585,1.3292848821942869,1.3375617998814846,169.02806540076836,170.35735028296264,80.15932229194505,81.49688409182653,false,false
50,1.0,169.75212458055353,80.8285200947527,1.3509282195087167,1.341436686111308,169.07774446374674,170.42867268325546,80.1585982394889,81.5000349256002,false,false
50,1.0,169.66905825501783,80.84089396539163,1.3516857602510868,1.3844224800327112,168.99068540930088,170.34237116955197,80.14573921214706,81.53016169217977,false,false
50,1.0,169.71381077163232,80.84662363861625,1.3545944414280768,1.3656816679940107,169.0284736928232,170.3830681342513,80.1742398765866,81.53992154458061,false,false
50,1.0,169.75483806190817,80.83042026861297,1.353130068110346,1.355233880669175,169.07280007757353,170.42593014568388,80.14732771709637,81.50256159776555,false,false
50,1.0,169.72480475835908,80.86016417671935,1.3396617457822515,1.3988455504966453,169.04124553389792,170.38090727968017,80.15297134940623,81.55181689990287,false,false
50,1.0,169.68566685370192,80.82624727176271,1.364063614898555,1.3423459091769985,169.0068134998553,170.37087711475385,80.15934314153897,81.50168905071597,false,false
50,1.0,169.71567814134067,80.85880098737465,1.337833909652062,1.3507832408171652,169.03727437827257,170.37510828792463,80.19218207336694,81.5429653141841,false,false
50,1.0,169.62190920288214,80.86275175271678,1.3864782553856116,1.3394703790733473,168.953739039631,170.3402172950166,80.18395506295475,81.5234254420281,false,false
50,1.0,169.70972022282936,80.82840259785061,1.3331301896172647,1.356998117163542,169.0340739818959,170.36720417151315,80.13953329856822,81.49653141573177,false,false
50,1.0,169.710564786257,80.83550502442239,1.3464724584403882,1.3262304679924313,169.04379224357558,170.39026470201597,80.17370276936018,81.49993323735261,false,false
50,1.0,169.7219099717589,80.85314622237841,1.3526098659732781,1.3675708825182937,169.0441881508789,170.3967980168522,80.17702948465134,81.54460036716964,false,false
50,1.0,169.70621501227953,80.85592933259902,1.345585397754462,1.3780408996990872,169.02720647424627,170.37279187200073,80.16410131569477,81.54214221539385,false,false
50,1.0,169.69180330298536,80.84247370554984,1.3449981618703077,1.3961057290301966,169.02319204156242,170.36819020343273,80.1538403290644,81.54994605809459,false,false
50,1.0,169.65822298684282,80.86206523402171,1.3433768666788808,1.3540668302073584,168.99411939970065,170.33749626637953,80.17366668768108,81.52773351788844,false,false
50,1.0,169.7107042493983,80.8522586381272,1.3408228267122695,1.370845663128108,169.0333603038982,170.37418313061048,80.15999510632147,81.53084076944958,false,false
50,1.0,169.69329917770233,80.86052048021642,1.3549853972348274,1.3779936270990731,169.02444728694292,170.37943268417774,80.1625824353597,81.54057606245877,false,false
50,1.0,169.73583949949833,80.84050873526418,1.3686717741693997,1.376414837013698,169.03899353886416,170.40766531303356,80.1548278617324,81.5312426987461,false,false
50,1.0,169.7140013817151,80.85148841734093,1.3611363123193314,1.3007940181322084,169.03481893188967,170.395955244209,80.2074724738013,81.50826649193351,false,false
50,1.0,169.68364434699168,80.83167394707624,1.3413148492759603,1.3379862891567882,169.02541536619077,170.36673021546673,80.17780750359384,81.51579379275063,false,false
50,1.0,169.74153575199875,80.83537801385131,1.3564849943481079,1.3552649065165099,169.06216246999162,170.41864746433973,80.1658958792053,81.5211607857218,false,false
50,1.0,169.69221919839617,80.84830377335152,1.3599613269332735,1.322903570913411,169.0150208934718,170.3749822204051,80.19084445818976,81.51374802910317,false,false
50,1.0,169.70956300694064,80.84529725123075,1.3310001612844928,1.3270959432858263,169.05767354266408,170.38867370394857,80.17511109053075,81.50220703381657,false,false
50,1.0,169.69417050397254,80.85057627993598,1.3267074098623368,1.3610002245224706,169.04710157565538,170.3738089855177,80.16351451986225,81.52451474438472,false,false
50,1.0,169.6713346539181,80.84706956773181,1.3449701201372193,1.318630797174464,169.007855120527,170.35282524066423,80.1937334796906,81.51236427686506,false,false
50,1.0,169.69945439601383,80.84582035686337,1.3642908493351626,1.3354800080379476,169.00684892898994,170.3711397783251,80.18343566405758,81.51891567209553,false,false
50,1.0,169.72117170214136,80.85362768262837,1.3386686150666378,1.3627931022174096,169.06428220690594,170.40295082197258,80.16444563048003,81.52723873269744,false,false
50,1.0,169.6714256770145,80.85200788728879,1.3244980965948798,1.3571993079052334,169.00036504224641,170.3248631388413,80.16938774002696,81.5265870479322,false,false
50,1.0,169.70337499289286,80.85630883067483,1.3242264489138336,1.3337245202727672,169.03869076756538,170.36291721647922,80.18236593509249,81.51609045536526,false,false
50,1.0,169.67481327111074,80.84687966269084,1.3712721405245247,1.386461557135675,168.99094180268168,170.3622139432062,80.15626882693604,81.54273038407172,false,false
50,1.0,169.74855026252663,80.84453347716614,1.3222105771889403,1.3317701323595088,169.08092188651557,170.4031324637045,80.18539737281918,81.51716750517869,false,false
50,1.0,169.6834864846424,80.84653690227265,1.3517288917840915,1.3527442289183256,169.02442711088673,170.37615600267083,80.15888266820826,81.51162689712659,false,false
50,1.0,169.68514962359635,80.8208387516724,1.3403797179387311,1.356626677415008,169.01169911297444,170.35207883091317,80.14710009825392,81.50372677566892,false,false
50,1.0,169.71124190955692,80.83618332515717,1.3363095305191734,1.386843635081732,169.05416645723295,170.39047598775213,80.13375003208677,81.5205936671685,false,false
50,1.0,169.75058005112356,80.84512460029907,1.3235549962780055,1.3498492371570165,169.08001746600806,170.40357246228606,80.16672058205624,81.51656981921326,false,false
50,1.0,169.69670159881935,80.85185165661326,1.35590106519237,1.3374096182132433,169.01299350222658,170.36889456741895,80.17751778237863,81.51492740059187,false,false
50,1.0,169.65159576250497,80.85411353527921,1.3688955802417695,1.3383941693449941,168.96011886567635,170.32901444591812,80.18073244341463,81.51912661275962,false,false
50,1.0,169.65886386092717,80.83243502598367,1.3291941840090544,1.3628558043862995,169.00669527245316,170.3358894564622,80.1584592276717,81.521315032058,false,false
50,1.0,169.70015430809948,80.86136180449034,1.3342307454515208,1.3213778516013548,169.02955803034334,170.36378877579486,80.18525710408161,81.50663495568297,false,false
50,1.0,169.67067876642096,80.85339115240859,1.3037169101179416,1.380686635432923,169.00487588977686,170.3085927998948,80.16209671674417,81.5427833521771,false,false
50,1.0,169.71243960793115,80.84410905048765,1.3626009444963074,1.3648674799742935,169.0449298201039,170.4075307646002,80.15308297041929,81.51795045039358,false,false
50,1.0,169.69299244384734,80.83806201596096,1.333985281588184,1.387650296862688,169.02744656718755,170.36143184877574,80.14835895869362,81.53600925555631,false,false
