ndata,sigma,theta1_median,theta2_median,theta1_iqrs,theta2_iqrs,quartiles1_1,quartiles3_1,quartiles1_2,quartiles3_2,theta1_coverage,theta2_coverage
100,1.0,169.42671617351414,81.72442593267422,1.2875057974427477,1.3442685522516484,168.78084210856375,170.0683479060065,81.02369582530575,82.3679643775574,false,false
100,1.0,169.40259449944284,81.70992336766882,1.3521353587506724,1.3721460361358595,168.72431464826138,170.07645000701206,81.01832302445263,82.39046906058849,false,false
100,1.0,169.39260186024882,81.68222243258938,1.3568107143188683,1.373251220979924,168.73144096634874,170.0882516806676,81.00445875688521,82.37770997786514,false,false
100,1.0,169.4068629885295,81.71795665794063,1.3146053066543288,1.348439384831579,168.7574751516461,170.07208045830043,81.04793667358987,82.39637605842145,false,false
100,1.0,169.45354474697768,81.70715820171978,1.3303485472216323,1.3668474989568722,168.7869041323628,170.11725267958442,81.0289834335096,82.39583093246647,false,false
100,1.0,169.432510990453,81.70272960252741,1.3053644454605262,1.3603216869264685,168.77655706647653,170.08192151193705,81.03502453334649,82.39534622027296,false,false
100,1.0,169.40562964869608,81.71236220958085,1.3625053499916078,1.3431696943319764,168.72256226340141,170.08506761339302,81.04840000110414,82.39156969543612,false,false
100,1.0,169.40790470124088,81.69401195601809,1.3465466723359327,1.3934356801951253,168.73792734291544,170.08447401525137,81.00233659388738,82.3957722740825,false,false
100,1.0,169.39306285839837,81.72264980400891,1.3546753158817921,1.3769347159339418,168.72099035063516,170.07566566651695,81.03578258205232,82.41271729798626,false,false
100,1.0,169.40646798959148,81.71348421312288,1.3358227480609344,1.3949950403903557,168.73789001824537,170.0737127663063,81.01538123612319,82.41037627651355,false,false
100,1.0,169.36925034064663,81.7250042055264,1.3262385111619324,1.4066146964641177,168.71689927677,170.04313778793193,81.01421981882338,82.4208345152875,false,false
100,1.0,169.4180215613606,81.72319337868157,1.3097599573297032,1.3843741528121996,168.7592968133039,170.0690567706336,81.01891305549154,82.40328720830374,false,false
100,1.0,169.33948352559088,81.72589011747434,1.399082163703099,1.3482509909590448,168.6450541915758,170.0441363552789,81.05068149544005,82.39893248639909,false,false
100,1.0,169.38992168116008,81.72092568248411,1.3421870728609804,1.3570086488613242,168.71717361333725,170.05936068619823,81.03908001214177,82.39608866100309,false,false
100,1.0,169.40148992807744,81.69919783774229,1.357030903030875,1.3884969702551189,168.73074832911618,170.08777923214706,81.02143404630414,82.40993101655926,false,false
100,1.0,169.41343050660927,81.68955634612678,1.3437232846878544,1.354197927215651,168.75162549518316,170.09534877987102,81.01046775658753,82.36466568380318,false,false
100,1.0,169.39755149409348,81.7074962683755,1.301843818495513,1.3542800220455575,168.74710124584936,170.04894506434488,81.03045098671222,82.38473100875778,false,false
100,1.0,169.41664763672784,81.71900106910434,1.3236358706220699,1.3243678078376746,168.7551143501819,170.07875022080398,81.04041340892472,82.3647812167624,false,false
100,1.0,169.32490638305634,81.74175878578842,1.3143027359864732,1.3788815024526144,168.67218179984192,169.9864845358284,81.04289417561093,82.42177567806354,false,false
100,1.0,169.46181970084834,81.70057931464183,1.354395802380452,1.362824141677379,168.79133823929786,170.1457340416783,81.03468590436248,82.39751004603986,false,false
100,1.0,169.39520949215992,81.71259083472111,1.359450440719229,1.3102963138360764,168.72575334905292,170.08520378977215,81.04827484659786,82.35857116043394,false,false
100,1.0,169.35110029857714,81.7104544437596,1.311751423535469,1.3563795355527617,168.70229880117608,170.01405022471155,81.02987166723541,82.38625120278817,false,false
100,1.0,169.41046013875405,81.67778840939955,1.3356809096383984,1.3654284643995709,168.73175862468673,170.06743953432513,81.01560556225229,82.38103402665186,false,false
100,1.0,169.39682348183152,81.70223169272676,1.330968791055085,1.3598295377612857,168.74306546431086,170.07403425536594,81.02077617327318,82.38060571103446,false,false
100,1.0,169.39125624994836,81.7269577416821,1.3764438750236536,1.3657508711927733,168.72420670737046,170.1006505823941,81.04170059662104,82.40745146781381,false,false
100,1.0,169.43181751544833,81.70164331759347,1.3633176967368854,1.3555192688923512,168.73811814161562,170.1014358383525,81.02907074397703,82.38459001286938,false,false
100,1.0,169.4622886050567,81.72457540325841,1.3397393344317834,1.3664316825579732,168.77820872242071,170.1179480568525,81.03332703142324,82.39975871398121,false,false
100,1.0,169.38067109430654,81.68555263061762,1.34733449466421,1.3661389682765588,168.71127122022207,170.05860571488628,81.00453441101011,82.37067337928667,false,false
100,1.0,169.49016509404765,81.72356084763783,1.3469643882976357,1.3498383794287179,168.78654209126302,170.13350647956065,81.0366488992978,82.38648727872652,false,false
100,1.0,169.35104333671444,81.72694096609726,1.355749869760956,1.3826097874064516,168.6697783388847,170.02552820864565,81.03334763911691,82.41595742652336,false,false
100,1.0,169.37453453085925,81.72620954446575,1.314011800176786,1.353454554516503,168.7296574065081,170.04366920668488,81.0354313761022,82.3888859306187,false,false
100,1.0,169.32847363022722,81.70845072768697,1.3500265972770364,1.3618752925853812,168.6597125020813,170.00973909935834,81.03087375970992,82.3927490522953,false,false
100,1.0,169.35211411077563,81.71224190624915,1.3741025762943195,1.3413862553265403,168.672168154956,170.04627073125033,81.05397464526688,82.39536090059342,false,false
100,1.0,169.41798315122924,81.70764950772912,1.311493242720985,1.4205083498628852,168.766681076037,170.078174318758,81.00318230900626,82.42369065886915,false,false
100,1.0,169.39102466635808,81.70718445459244,1.317749243744629,1.3586314656222385,168.73792941556073,170.05567865930536,81.03310044887229,82.39173191449453,false,false
100,1.0,169.39429722898475,81.71930065108424,1.3583034041573399,1.3441759821054973,168.71142995535925,170.0697333595166,81.04505323849962,82.38922922060512,false,false
100,1.0,169.36885535096906,81.70266250945433,1.3494013116926737,1.3774383761086284,168.68759080087554,170.0369921125682,81.02312147495113,82.40055985105975,false,false
100,1.0,169.39172704958543,81.68599614328153,1.3253435064515315,1.363608988613052,168.7274281505986,170.05277165705013,81.00238923225213,82.36599822086518,false,false
100,1.0,169.35610992633832,81.69909960895095,1.3674365293047686,1.3555131780615284,168.67089440073235,170.03833093003712,81.02309972641254,82.37861290447407,false,false
100,1.0,169.36822888479986,81.73436913549874,1.3239405329902922,1.3174004883936163,168.71353118642074,170.03747171941103,81.06901000689157,82.38641049528519,false,false
100,1.0,169.40739290873216,81.72700742587779,1.3691878437541902,1.375452128891581,168.72623397780808,170.09542182156227,81.0379319355335,82.41338406442509,false,false
100,1.0,169.3973801090047,81.72222489970642,1.3379189388357133,1.372285626376069,168.72500285052598,170.0629217893617,81.02034589416428,82.39263152054035,false,false
100,1.0,169.42284046541076,81.70126447413136,1.34498970155758,1.3421541693253687,168.74001497745977,170.08500467901735,81.04363012591334,82.38578429523871,false,false
100,1.0,169.48897594945598,81.70597179993293,1.3570847832289417,1.3664136474406376,168.8174692601916,170.17455404342053,81.03788615736222,82.40429980480286,false,false
100,1.0,169.41365323399884,81.70790645240174,1.359643720305769,1.3895736587691658,168.7403285544044,170.09997227471018,81.0187365954663,82.40831025423546,false,false
100,1.0,169.41119118727292,81.72620954037687,1.3283255647315286,1.359500067280507,168.75418483285716,170.0825103975887,81.05594723106375,82.41544729834426,false,false
100,1.0,169.40226857967417,81.7292884958364,1.3066139627425457,1.3761232442263065,168.74306619372962,170.04968015647216,81.03072927430333,82.40685251852963,false,false
100,1.0,169.42730165174663,81.69814983172577,1.335359761987462,1.3790739936120957,168.7445935115872,170.07995327357466,81.00486246567138,82.38393645928348,false,false
100,1.0,169.46045282156962,81.7090283076682,1.350091973536479,1.3723756638494393,168.78235908021,170.13245105374648,81.02730579735474,82.39968146120418,false,false
100,1.0,169.40024213622425,81.72472436751076,1.3173284761698767,1.3599783637201313,168.73772536143485,170.05505383760473,81.03927333932674,82.39925170304687,false,false
100,1.0,169.4243463488233,81.70943688577675,1.3809966174414114,1.355787238632928,168.7365416786302,170.11753829607161,81.03699514311162,82.39278238174455,false,false
100,1.0,169.40486116760962,81.70463818196154,1.3177497047489055,1.3672324296456964,168.76277871885958,170.08052842360848,81.02108342717952,82.38831585682522,false,false
100,1.0,169.3184430093539,81.72357409549417,1.3267168939860312,1.3765641538364122,168.64517694418677,169.9718938381728,81.02996503921567,82.40652919305208,false,false
100,1.0,169.45629380164797,81.71044631448659,1.3314538599206571,1.3436200613399762,168.77934207024254,170.1107959301632,81.04854438848216,82.39216444982213,false,false
100,1.0,169.40837353611917,81.69594416418173,1.355744841813845,1.3706483567904826,168.73402050922704,170.08976535104088,81.01966425038923,82.39031260717971,false,false
100,1.0,169.41698467305446,81.71919273866382,1.358933972761747,1.3776851750196926,168.74192837726093,170.10086235002268,81.02209184884548,82.39977702386517,false,false
100,1.0,169.3862713894548,81.6957903930135,1.3084138995266414,1.359520958314306,168.71272073025105,170.0211346297777,81.02236391445118,82.38188487276548,false,false
100,1.0,169.360604526212,81.71747046999161,1.3645908421264892,1.3826542228461705,168.69507186564795,170.05966270777444,81.02427030813944,82.4069245309856,false,false
100,1.0,169.3749184559967,81.69034436877598,1.3556560195960117,1.3409144049716986,168.700307617805,170.05596363740102,81.0305124774743,82.371426882446,false,false
100,1.0,169.3332979307376,81.71402100051915,1.3440681520939108,1.3544480333955704,168.67619116890654,170.02025932100045,81.0293878678099,82.38383590120547,false,false
100,1.0,169.39809436594612,81.69638914877936,1.33762851069298,1.4174451020348187,168.72189294370548,170.05952145439846,80.9964911048534,82.41393620688822,false,false
100,1.0,169.44403521597434,81.71485398448415,1.3660034405100134,1.3233616887726356,168.7657419022814,170.13174534279142,81.04419825999891,82.36755994877154,false,false
100,1.0,169.37538833193784,81.71491219857344,1.321595204146064,1.383913149315589,168.70548131548628,170.02707651963235,81.02902743895572,82.41294058827131,false,false
100,1.0,169.3528061366783,81.71930795596629,1.279153921521612,1.3597596263523855,168.73353479990408,170.0126887214257,81.05008252687664,82.40984215322902,false,false
100,1.0,169.35991405039331,81.69802156932067,1.3353573234677185,1.3442429358368457,168.70098677883743,170.03634410230515,81.03177783803088,82.37602077386772,false,false
100,1.0,169.35285740718953,81.71469862374158,1.3305054587724783,1.3649245968497041,168.69101817181877,170.02152363059125,81.02999968040824,82.39492427725794,false,false
100,1.0,169.36771205089684,81.70620210989179,1.3472508587204572,1.3520365057662218,168.696068646555,170.04331950527546,81.0323007797683,82.38433728553453,false,false
100,1.0,169.43526068381863,81.70029035064152,1.3535378763210133,1.3652534260946538,168.76073340358232,170.11427127990333,81.02094131127691,82.38619473737157,false,false
100,1.0,169.38120681025543,81.70212120936003,1.3627681142681638,1.359827492286641,168.71152407615205,170.0742921904202,81.0059880515076,82.36581554379424,false,false
100,1.0,169.34619786853816,81.71356106552055,1.3252572732980354,1.3597470803315304,168.67405985862126,169.9993171319193,81.0439253276974,82.40367240802892,false,false
100,1.0,169.38908433173214,81.69198211608807,1.3559785471786654,1.3437340966447096,168.69678472376728,170.05276327094595,81.02331682983198,82.3670509264767,false,false
100,1.0,169.4502251991167,81.72664381765925,1.3500055223450715,1.3891284393389327,168.77919733277002,170.1292028551151,81.01321745834393,82.40234589768286,false,false
100,1.0,169.4195737219766,81.70068528780436,1.353888164566797,1.3796405291896008,168.75556003795595,170.10944820252274,81.02639264504907,82.40603317423867,false,false
100,1.0,169.372641295847,81.72481338522478,1.3753014266007142,1.3816350210896076,168.68692650255275,170.06222792915347,81.04227445325333,82.42390947434293,false,false
100,1.0,169.47963820135996,81.70821291310006,1.3368066402529735,1.3765917516193156,168.8028598628668,170.13966650311977,81.03916798657443,82.41575973819374,false,false
100,1.0,169.43702328438525,81.69576444620867,1.327479883308314,1.3330309350436664,168.75808385917315,170.08556374248147,81.03313657394773,82.3661675089914,false,false
100,1.0,169.45918506055892,81.74448448702802,1.3698718776453802,1.3555059296803478,168.77994842633063,170.149820303976,81.06190828059621,82.41741421027656,false,false
100,1.0,169.35974325345555,81.73358068622076,1.3506976592944966,1.3680485901725206,168.66774403653113,170.01844169582563,81.02601591743456,82.39406450760708,false,false
100,1.0,169.4098419251503,81.71644941519591,1.3607640989128527,1.3958121895550732,168.72283159548147,170.08359569439432,81.02954928723187,82.42536147678695,false,false
100,1.0,169.36576299492498,81.70106714882539,1.3556754711789836,1.403957305408099,168.69864219792902,170.054317669108,80.99710661083253,82.40106391624063,false,false
100,1.0,169.42681298219637,81.72459283839565,1.3187508913244699,1.3379937214464093,168.76210746245508,170.08085835377955,81.05409415691949,82.3920878783659,false,false
100,1.0,169.39232667132669,81.688618108823,1.3400800564704127,1.3333782402925891,168.7099388787459,170.05001893521631,81.03177463320974,82.36515287350232,false,false
100,1.0,169.42553605527462,81.71631670137774,1.3240865941654647,1.3648263772106475,168.74509247684256,170.06917907100802,81.02866802638057,82.39349440359122,false,false
100,1.0,169.42685182323288,81.72758090089177,1.3443410591869736,1.358740452323957,168.7494364762359,170.09377753542287,81.04159830995567,82.40033876227963,false,false
100,1.0,169.39723769786718,81.70032485169511,1.3229868627433348,1.3643265425522202,168.7133713153168,170.03635817806014,81.02899299059277,82.39331953314499,false,false
100,1.0,169.45858673548196,81.70527684314088,1.3522348905028707,1.3418539175432471,168.78692376636909,170.13915865687196,81.03656660050467,82.37842051804792,false,false
100,1.0,169.43764515630647,81.7018850067543,1.344306168932178,1.4340422084952706,168.76357136287044,170.10787753180261,80.99086629396598,82.42490850246125,false,false
100,1.0,169.3754892970107,81.72044928132628,1.3683992666341567,1.348786149503212,168.67757830299982,170.04597756963398,81.04136754065759,82.3901536901608,false,false
100,1.0,169.37470891138392,81.71291661586027,1.3412123947030352,1.380161375240931,168.69403136909926,170.0352437638023,81.02852298595305,82.40868436119398,false,false
100,1.0,169.3744215364053,81.73419525307222,1.3282676261858342,1.3689174962558042,168.72520692345634,170.05347454964217,81.0328564540941,82.4017739503499,false,false
100,1.0,169.39153182757636,81.72012797925643,1.3550213670369544,1.3909090606860417,168.70126282066502,170.05628418770198,81.01773323497969,82.40864229566573,false,false
100,1.0,169.43100055188353,81.70946663134129,1.336029613936006,1.3594544078317767,168.7436926434739,170.0797222574099,81.02060088950296,82.38005529733474,false,false
100,1.0,169.3588447468298,81.70997395505316,1.3802350852415088,1.3148681319621858,168.6667881494596,170.0470232347011,81.0560407690999,82.37090890106208,false,false
100,1.0,169.36887464277856,81.72827139384998,1.3466687697755333,1.3496124070182134,168.71467331823402,170.06134208800955,81.05087269439046,82.40048510140868,false,false
100,1.0,169.3602531295112,81.71604986489294,1.3447426668918183,1.3613713956911226,168.684299775208,170.0290424420998,81.02402477685747,82.3853961725486,false,false
100,1.0,169.3202286081678,81.71772741450972,1.3795874441204319,1.3712165750562804,168.63743269649828,170.0170201406187,81.02686517918748,82.39808175424376,false,false
100,1.0,169.3785284677865,81.69401890219548,1.358639738505758,1.3678006537222984,168.69946839402684,170.0581081325326,81.01369495177,82.3814956054923,false,false
100,1.0,169.35522895224412,81.68270946564775,1.375386150223136,1.3747181001471063,168.66809395332436,170.0434801035475,81.00160096261929,82.3763190627664,false,false
100,1.0,169.44629070030408,81.73566014093271,1.374812099478845,1.4031562193809322,168.75566290184372,170.13047500132257,81.02899589262678,82.43215211200771,false,false
100,1.0,169.40155062099186,81.71069307690097,1.360636767558134,1.3335853665096096,168.6995891509575,170.06022591851564,81.04312957184702,82.37671493835663,false,false
100,1.0,169.45654754902228,81.70814131085456,1.292738197235991,1.3622911126888653,168.80813442245994,170.10087261969593,81.02432870506706,82.38661981775593,false,false
100,1.0,169.41701927674274,81.68923404682354,1.384934338476512,1.3630369100734328,168.71378497167,170.09871931014652,81.01864501786676,82.38168192794019,false,false
100,1.0,169.35922418583297,81.70948841058598,1.3380210055700843,1.388852976685854,168.69595888047473,170.03397988604482,81.02425483882712,82.41310781551297,false,false
100,1.0,169.4010043985954,81.7225431647125,1.340796851118938,1.3764289355703312,168.7286169582224,170.06941380934134,81.02368436802006,82.40011330359039,false,false
100,1.0,169.39678217441008,81.69740914949351,1.3671238335957412,1.3916615253238405,168.7028845611988,170.07000839479454,81.02395113572227,82.41561266104611,false,false
100,1.0,169.37286169593432,81.71152311805537,1.358776593908118,1.395703786656611,168.67322749414154,170.03200408804966,81.01729931674129,82.4130031033979,false,false
100,1.0,169.34430631571254,81.70174232303184,1.3125209742982236,1.3383757310929525,168.68127904540765,169.99380001970587,81.02887614312269,82.36725187421564,false,false
100,1.0,169.30935181669616,81.72148677748167,1.367923789906655,1.388113962387763,168.63295196950529,170.00087575941194,81.01027761793549,82.39839158032325,false,false
100,1.0,169.44553881430392,81.73134151320595,1.3536350274212055,1.3993641767025764,168.77403759441157,170.12767262183277,81.02873491543676,82.42809909213933,false,false
100,1.0,169.35926009591782,81.72469431100963,1.3177707255320286,1.3421074036082388,168.6949418276469,170.01271255317891,81.05236804450446,82.3944754481127,false,false
100,1.0,169.40472919023048,81.69975399997713,1.306243551630729,1.388360816319576,168.74782923627808,170.0540727879088,81.00136367106367,82.38972448738325,false,false
100,1.0,169.44523212407603,81.70305723449373,1.3486148407175733,1.3744853747692076,168.77327015087698,170.12188499159456,81.02869679851598,82.40318217328519,false,false
100,1.0,169.44535382592602,81.68534807913015,1.3402029553687669,1.3186176714037288,168.77788980593976,170.11809276130853,81.04764237185317,82.3662600432569,false,false
100,1.0,169.33939044896198,81.72357478095941,1.3128738952009655,1.3614041626189248,168.69054984320084,170.0034237384018,81.04026556706953,82.40166972968845,false,false
100,1.0,169.38871478013485,81.70567774298341,1.3812910328945804,1.362920595828399,168.70428714990342,170.085578182798,81.02402189770461,82.38694249353301,false,false
100,1.0,169.43196294696546,81.72343182822458,1.3715035932237356,1.348336395408694,168.75852106828714,170.13002466151087,81.05441540827701,82.4027518036857,false,false
100,1.0,169.39960541312803,81.68813124381185,1.3678529229354695,1.3720066446626333,168.70087084350502,170.06872376644048,81.01908877030263,82.39109541496526,false,false
100,1.0,169.34368096128338,81.71373413619138,1.3731023802179436,1.3681498313010252,168.65502309334758,170.02812547356552,81.03036196563922,82.39851179694024,false,false
100,1.0,169.3775136124824,81.70743247878679,1.3760098189624443,1.3516606861450384,168.68688620026887,170.06289601923132,81.01958501320985,82.37124569935489,false,false
100,1.0,169.38381407929378,81.72511696382318,1.3116238775952809,1.3401534729396332,168.73492342318212,170.0465473007774,81.04810053795669,82.38825401089632,false,false
100,1.0,169.39445151217413,81.72245262839476,1.3563378823355094,1.3537401806324851,168.71542841400554,170.07176629634105,81.04324250956644,82.39698269019893,false,false
100,1.0,169.4015618733553,81.71188513074398,1.346670827840967,1.4085882907463372,168.71027095972244,170.0569417875634,80.99121484518524,82.39980313593158,false,false
100,1.0,169.48546061047352,81.69761787141213,1.3553205776128436,1.3767659576944453,168.81924925652547,170.1745698341383,81.033775235745,82.41054119343944,false,false
100,1.0,169.47473471456004,81.70614228273094,1.345196561471795,1.355456984002629,168.80103213614152,170.1462286976133,81.0298567486564,82.38531373265903,false,false
100,1.0,169.36535094987428,81.69252144312843,1.3156241986159216,1.387214290962035,168.704543029285,170.0201672279009,81.01417902829049,82.40139331925252,false,false
100,1.0,169.39677724223054,81.712598355903,1.3450339649116074,1.3851279810968293,168.7127949617784,170.05782892669,81.01516995266604,82.40029793376287,false,false
100,1.0,169.3665891773724,81.72488303924261,1.3575921318521296,1.3442228482707606,168.68524552033887,170.042837652191,81.04893671101311,82.39315955928387,false,false
100,1.0,169.3588730597221,81.74415226301659,1.3144318616916166,1.3655919721030472,168.70014900814144,170.01458086983305,81.0401247718847,82.40571674398775,false,false
100,1.0,169.38826268141398,81.7186654998583,1.3502903616584092,1.32735662341004,168.70932815921415,170.05961852087256,81.05709469561265,82.38445131902269,false,false
100,1.0,169.43090914556143,81.70592259090336,1.3812648956713076,1.377298988598099,168.74222262067366,170.12348751634497,81.0408558378477,82.4181548264458,false,false
100,1.0,169.38751506620312,81.70117197683226,1.330381468359576,1.379909453148855,168.7156144407433,170.04599590910288,81.00938578943885,82.3892952425877,false,false
100,1.0,169.41131581894675,81.72678353732583,1.3560094200837796,1.3594792749595968,168.73319792481158,170.08920734489536,81.03112141540781,82.3906006903674,false,false
100,1.0,169.47385808765355,81.71870092704967,1.316591459924524,1.3385223132830646,168.78711305326732,170.10370451319184,81.05437080379899,82.39289311708205,false,false
100,1.0,169.33149471620482,81.72376299653632,1.3454921429305102,1.3512835714960119,168.66654976319109,170.0120419061216,81.04463786815126,82.39592143964727,false,false
100,1.0,169.4093485102436,81.71186486867846,1.3654896651985098,1.3235715126120624,168.7266316266789,170.09212129187742,81.03849329358249,82.36206480619455,false,false
100,1.0,169.42740589203714,81.69607854341757,1.360216901763465,1.3557475540945774,168.7392748519054,170.09949175366887,81.03220814747046,82.38795570156503,false,false
100,1.0,169.29108943493628,81.70785560392483,1.3337680700526562,1.360723477618393,168.6425389544145,169.97630702446716,81.01689718529636,82.37762066291475,false,false
100,1.0,169.43893329608423,81.70169349072111,1.364080048758609,1.38944629312374,168.75544138639322,170.11952143515182,81.02031986421981,82.40976615734355,false,false
100,1.0,169.4296360030479,81.72721892402245,1.3644229286600478,1.3649877465710034,168.7613198306778,170.12574275933784,81.02689254251915,82.39188028909015,false,false
100,1.0,169.3898958156655,81.69880244369588,1.2833919799036835,1.367156330773156,168.75326728437716,170.03665926428084,81.02543511931432,82.39259145008748,false,false
100,1.0,169.42827400650486,81.71249327501019,1.344423892475362,1.3350909701907483,168.76045314871314,170.1048770411885,81.04454991387331,82.37964088406406,false,false
100,1.0,169.40316734407165,81.69940797767148,1.3566746709612971,1.3596184095590331,168.71190266844278,170.06857733940407,81.03854923438394,82.39816764394297,false,false
100,1.0,169.39973103890676,81.69604513010006,1.3482885233987076,1.3515162091536297,168.739101874207,170.0873903976057,81.02000414038763,82.37152034954126,false,false
100,1.0,169.38955092663986,81.72148923144799,1.3386848437153276,1.3445274447079072,168.7177326600962,170.05641750381153,81.04153510464559,82.3860625493535,false,false
100,1.0,169.32918586604245,81.71593290355295,1.3507077485546972,1.3520217910719907,168.64835030644713,169.99905805500183,81.04638816138674,82.39840995245874,false,false
100,1.0,169.48118958532774,81.73222417522973,1.335042320404483,1.355482062266688,168.80164733262387,170.13668965302836,81.048050070594,82.40353213286069,false,false
100,1.0,169.44722628029803,81.74751929053048,1.3841780982713487,1.3638764762322069,168.74388175241623,170.12805985068758,81.05982938335744,82.42370585958965,false,false
100,1.0,169.37552105135637,81.72893941942503,1.3274147696089926,1.3619369469036826,168.7218142836875,170.0492290532965,81.03541421222171,82.39735115912539,false,false
100,1.0,169.41670085067136,81.69735417459016,1.3439237803443973,1.3865947596384416,168.74700619763405,170.09092997797845,81.01736168785604,82.40395644749448,false,false
100,1.0,169.38308525062013,81.6978898771473,1.3577749049820795,1.3620151153076137,168.70877939415925,170.06655429914133,81.02937216603183,82.39138728133945,false,false
100,1.0,169.4075573861091,81.74035204170532,1.3459441161327845,1.4183087898834117,168.73289973374327,170.07884384987605,81.00742360716625,82.42573239704966,false,false
100,1.0,169.36937894167508,81.71805509676781,1.3456006324766463,1.3424374204972622,168.69550164967828,170.04110228215492,81.04443195785157,82.38686937834883,false,false
100,1.0,169.3323092976501,81.71321418359501,1.3559675017282586,1.3595227523237554,168.6536110312049,170.00957853293315,81.01786546811742,82.37738822044118,false,false
100,1.0,169.3574229605304,81.71567688536462,1.3838880171353765,1.3786602096073892,168.66736226887014,170.0512502860055,81.0152575079183,82.3939177175257,false,false
100,1.0,169.3439102202472,81.70175705722886,1.32846153035851,1.33449627003165,168.67883989073152,170.00730142109003,81.05587485736574,82.39037112739739,false,false
100,1.0,169.4136683610584,81.71867398758616,1.3718868670934512,1.3612487652257101,168.7129143168754,170.08480118396886,81.0348415546051,82.3960903198308,false,false
100,1.0,169.4152108536635,81.70739245935548,1.3755445979431329,1.3650200411874494,168.73132825970387,170.106872857647,81.02567374083328,82.39069378202073,false,false
100,1.0,169.43301211061225,81.7059567156503,1.3508314462299893,1.36108031802425,168.7618131363185,170.11264458254848,81.0355376877066,82.39661800573084,false,false
100,1.0,169.40230552894883,81.67824658450019,1.3513285340067966,1.4040360361222355,168.7308253736298,170.0821539076366,80.99503311801529,82.39906915413752,false,false
100,1.0,169.3712340372112,81.7068468708319,1.3406877976906912,1.3469158683377174,168.71097934126993,170.05166713896062,81.03365673683844,82.38057260517616,false,false
100,1.0,169.52094708198885,81.69256552450722,1.3640579145522338,1.3380950867240387,168.8280432815927,170.19210119614493,81.03556031340771,82.37365540013175,false,false
100,1.0,169.41844970133363,81.71028189841238,1.2900103469014255,1.3819163750199408,168.7680928133955,170.05810316029692,81.0141757322849,82.39609210730484,false,false
100,1.0,169.40091979819883,81.7097841786649,1.367324355808364,1.3650856038472767,168.71033946597197,170.07766382178033,81.03071726507261,82.39580286891989,false,false
100,1.0,169.30665687727455,81.70701545859228,1.3334162669519287,1.3995817819166803,168.63644300392178,169.9698592708737,81.01380465423497,82.41338643615165,false,false
100,1.0,169.38548064714442,81.6895900337459,1.3298530640351771,1.336616005649077,168.70390439191388,170.03375745594906,81.04785360107275,82.38446960672182,false,false
100,1.0,169.4478303864276,81.72852435016947,1.3559118323474308,1.3422107196367108,168.7848255952864,170.14073742763384,81.0579227644211,82.4001334840578,false,false
100,1.0,169.37981133968532,81.72113818282227,1.335795570249502,1.361908290738583,168.6970298636731,170.0328254339226,81.02473650606068,82.38664479679926,false,false
100,1.0,169.3698863552601,81.6986060984571,1.3398476406340762,1.3846286692229768,168.6942042299981,170.03405187063217,81.0087338646252,82.39336253384818,false,false
100,1.0,169.3737386500278,81.71799804387612,1.3170393020199072,1.4166321173413792,168.71199893831883,170.02903824033874,81.00089047682162,82.417522594163,false,false
100,1.0,169.33273518086554,81.70006628065175,1.36539160610468,1.3661627081573613,168.65100925729809,170.01640086340277,81.02280778734979,82.38897049550715,false,false
100,1.0,169.40051460472603,81.7271834336619,1.3341527598715572,1.3530715324215805,168.7123463165721,170.04649907644367,81.04659954535035,82.39967107777193,false,false
100,1.0,169.35667522454042,81.71116711589843,1.336747496995514,1.3422539121212935,168.6928904706894,170.02963796768492,81.03190634761444,82.37416025973573,false,false
100,1.0,169.42423059781447,81.74097098530862,1.3422163085520538,1.3925311385121688,168.7660379225261,170.10825423107815,81.05125440646971,82.44378554498188,false,false
100,1.0,169.45215677249064,81.70313486763332,1.3246573888579292,1.3611032023691507,168.77434073789243,170.09899812675036,81.01736318819674,82.37846639056589,false,false
100,1.0,169.40515818960228,81.71803259787404,1.3511639370599369,1.3583203625310887,168.74729334834396,170.0984572854039,81.03507557640029,82.39339593893138,false,false
100,1.0,169.35210381172809,81.7006772688206,1.319372143457997,1.3638928049993524,168.70718409818446,170.02655624164245,81.02946781980518,82.39336062480453,false,false
100,1.0,169.3834199010172,81.714570215635,1.341042204238363,1.3737625992356755,168.70816038450775,170.0492025887461,81.02240068343659,82.39616328267226,false,false
100,1.0,169.34060062849426,81.71286485747315,1.3323440411264187,1.3616184021404223,168.67775327802258,170.010097319149,81.03431772265972,82.39593612480014,false,false
100,1.0,169.39969660989783,81.701314552927,1.327426814779301,1.3245951473427624,168.74349457854146,170.07092139332076,81.0387783982753,82.36337354561806,false,false
100,1.0,169.3354058137393,81.7168128899452,1.3382200997170912,1.363838440485594,168.6763680980748,170.01458819779188,81.02373747646075,82.38757591694635,false,false
100,1.0,169.39283900959242,81.71526413836237,1.3361379914038594,1.343044117050681,168.7081391325886,170.04427712399246,81.05069196818567,82.39373608523636,false,false
100,1.0,169.38337298182216,81.67540949760894,1.3549282476598137,1.3917951719632669,168.7168456230752,170.071773870735,80.99266812106436,82.38446329302762,false,false
100,1.0,169.4205509198327,81.71517261801915,1.3474357341742689,1.3827734493103776,168.74872856041316,170.09616429458742,81.01065031372539,82.39342376303577,false,false
100,1.0,169.37914240490588,81.7171377226827,1.336587939650002,1.3445179103529057,168.70902336329075,170.04561130294076,81.05029024408675,82.39480815443966,false,false
100,1.0,169.45817202737493,81.69715797303462,1.3382654097240163,1.3919769682404421,168.8012364682527,170.13950187797673,81.01596180972487,82.40793877796531,false,false
100,1.0,169.29211275070026,81.73308200030016,1.3626141488512644,1.368911578597917,168.606444272728,169.96905842157926,81.02240619042132,82.39131776901924,false,false
100,1.0,169.38648706021553,81.68483171380723,1.3512065288799988,1.3708613323822476,168.71850025947288,170.06970678835287,81.01680153171947,82.38766286410171,false,false
100,1.0,169.4262359206897,81.73497042721505,1.3414715584092392,1.3818281337822924,168.7600549281766,170.10152648658584,81.032188405484,82.4140165392663,false,false
100,1.0,169.3466557278403,81.68611787916156,1.3284985180072795,1.368228019062272,168.68426328911903,170.0127618071263,81.01796334191162,82.3861913609739,false,false
100,1.0,169.41379408133807,81.72443717177286,1.3063521310891133,1.3944408347996529,168.76401627886167,170.0703684099508,81.02502005097506,82.41946088577471,false,false
100,1.0,169.39545933308315,81.70231282761034,1.353180518110804,1.323296947011812,168.72394951483957,170.07713003295038,81.05940065807582,82.38269760508763,false,false
100,1.0,169.41205926183878,81.71317559820568,1.3338148144956676,1.3529169743580525,168.74797303539975,170.08178784989542,81.0378662969965,82.39078327135455,false,false
100,1.0,169.44291793688618,81.7175078160715,1.3422440832246139,1.3865638772807358,168.76446844180495,170.10671252502956,81.01484944045905,82.40141331773978,false,false
100,1.0,169.35815607497628,81.7215079686819,1.3497443704771683,1.3511919627695193,168.68993383987237,170.03967821034954,81.04098327333958,82.3921752361091,false,false
100,1.0,169.40543781720572,81.7084508053494,1.3884500363263328,1.3677132921680766,168.71105271669828,170.0995027530246,81.022881429537,82.39059472170507,false,false
100,1.0,169.34143804911918,81.70569894618609,1.3415124903228275,1.3401837098053875,168.67652683846316,170.018039328786,81.0223743236898,82.36255803349519,false,false
100,1.0,169.40764213369417,81.71715773947872,1.3224780415367263,1.379003852446786,168.7332004910935,170.05567853263022,81.01883355621008,82.39783740865687,false,false
100,1.0,169.37634653448592,81.69935521440922,1.3397114230830027,1.3657216947416941,168.72686317345142,170.06657459653442,81.02168571881982,82.38740741356152,false,false
100,1.0,169.35838604870614,81.70413209982027,1.3413553932346076,1.3487429948993963,168.70213391484577,170.04348930808038,81.04312408246835,82.39186707736775,false,false
100,1.0,169.3995155457638,81.72835284051689,1.3544619401939144,1.3793412901985533,168.7180940367149,170.0725559769088,81.02887937708628,82.40822066728484,false,false
100,1.0,169.39783652493858,81.73465072040872,1.3142111034944435,1.3782846929590704,168.72449042452178,170.03870152801622,81.02586484148412,82.40414953444319,false,false
100,1.0,169.38499429045802,81.72886119804781,1.319145450106447,1.3585057508119576,168.71722022607878,170.03636567618523,81.0438917654977,82.40239751630966,false,false
100,1.0,169.38873093734355,81.73454811188427,1.348110606128472,1.3349525233825261,168.71212076027697,170.06023136640545,81.05701021828912,82.39196274167165,false,false
100,1.0,169.34342147563086,81.73047901292144,1.3519108742176797,1.352309675147282,168.6530293099501,170.0049401841678,81.04991868947732,82.4022283646246,false,false
100,1.0,169.3671608625055,81.70190725447381,1.3413910805614933,1.3339160474573788,168.6964044667127,170.0377955472742,81.0337214456784,82.36763749313577,false,false
100,1.0,169.40844465146708,81.7033249529053,1.3501476115324351,1.3647806018694268,168.73407012684626,170.0842177383787,81.01956338124162,82.38434398311105,false,false
100,1.0,169.37055227456,81.70485232981613,1.34781030862203,1.360518255732785,168.6805521771893,170.02836248581133,81.03042635045249,82.39094460618527,false,false
100,1.0,169.38108425562086,81.68007181790291,1.2912723041327183,1.3492829552393886,168.73764896953642,170.02892127366914,81.02537837374783,82.37466132898722,false,false
100,1.0,169.45053031882256,81.6990714580478,1.31101668668515,1.4008846903470413,168.7967856489093,170.10780233559444,81.00375717170678,82.40464186205382,false,false
100,1.0,169.3820335866487,81.70237420581543,1.3285007189615783,1.3708289226041046,168.7216503371921,170.05015105615368,81.02718786782074,82.39801679042485,false,false
100,1.0,169.3504387526698,81.70667544805573,1.3538937334882917,1.3703480473968028,168.67620717562318,170.03010090911147,81.02287562055243,82.39322366794923,false,false
100,1.0,169.37701355753654,81.72662147372107,1.3421085819294092,1.3315866722301877,168.6990705490286,170.041179130958,81.0525320725626,82.38411874479279,false,false
100,1.0,169.43128389835587,81.71939472934552,1.377754402184621,1.354123136111312,168.7454253462936,170.1231797484782,81.05085479487268,82.40497793098399,false,false
100,1.0,169.437577956729,81.69532244201258,1.3409836065249863,1.3410397788921813,168.76214563312797,170.10312923965296,81.03365894388851,82.37469872278069,false,false
100,1.0,169.40799369560514,81.71552885410615,1.3255055357248011,1.410396580629481,168.73232755843478,170.05783309415958,81.01541958024809,82.42581616087757,false,false
100,1.0,169.43745929564102,81.7164319125629,1.3221753732178172,1.3639266266235808,168.7756427159002,170.09781808911802,81.01814784776161,82.38207447438519,false,false
100,1.0,169.41760676560983,81.72173065334407,1.3725134850969596,1.3436237601410994,168.72108144306804,170.093594928165,81.0599616004846,82.4035853606257,false,false
100,1.0,169.3544019902003,81.72872736724216,1.338999242064233,1.3451650792509042,168.68986886264574,170.02886810470997,81.0278466061338,82.37301168538471,false,false
100,1.0,169.42441822574347,81.70104391188553,1.3920664932652755,1.3399648506381538,168.7256118923308,170.11767838559607,81.0342957077631,82.37426055840126,false,false
100,1.0,169.44915431467734,81.70530383419599,1.3271197002021324,1.3748535631347636,168.80509161416293,170.13221131436507,81.03003077253871,82.40488433567347,false,false
100,1.0,169.39950738066963,81.70578098920475,1.3348622194972108,1.4043596093538184,168.7313258713039,170.06618809080112,81.02239330067022,82.42675291002404,false,false
100,1.0,169.40827079231028,81.7320640003824,1.3448279864281858,1.3764614585409447,168.7320333627374,170.0768613491656,81.03487650695884,82.41133796549978,false,false
100,1.0,169.38785858305698,81.70552523794345,1.315038599987389,1.3828806959412532,168.7243534998211,170.03939209980848,81.00784805320545,82.3907287491467,false,false
100,1.0,169.4121805922014,81.71138566320211,1.3611513003062896,1.3209689884899944,168.72568680278005,170.08683810308634,81.0576645931366,82.37863358162659,false,false
100,1.0,169.44110728230476,81.69804195876621,1.348382258770414,1.360284772139721,168.7669896040292,170.1153718627996,81.03451664135605,82.39480141349577,false,false
100,1.0,169.52101437629273,81.69513570187002,1.3450457200110293,1.377500704206227,168.84007549369596,170.185121213707,81.00722221617126,82.38472292037748,false,false
100,1.0,169.37958016310566,81.69716418867178,1.3497235653570385,1.3759643538514155,168.70962933344208,170.05935289879912,81.00535840175773,82.38132275560915,false,false
100,1.0,169.3395010402253,81.7353594382619,1.3116908578176663,1.353469708155444,168.68974245598343,170.0014333138011,81.05866186655564,82.41213157471108,false,false
100,1.0,169.46892414988804,81.70551073605236,1.3687784172508657,1.3851688273944376,168.7795126930745,170.14829111032537,81.0115558467168,82.39672467411124,false,false
100,1.0,169.41375326311845,81.69931497159266,1.3454721883831553,1.3275659852067463,168.75452311935825,170.0999953077414,81.03727534591907,82.36484133112582,false,false
100,1.0,169.40809831426014,81.71445172856593,1.3304209863237588,1.4013444648991253,168.75201511567676,170.08243610200051,81.01968317190907,82.42102763680819,false,false
100,1.0,169.37877398589012,81.68821009345749,1.3560790613772724,1.355077415015728,168.70007103543537,170.05615009681264,81.0190355553399,82.37411297035563,false,false
100,1.0,169.38306334463363,81.73880852035356,1.367670428876778,1.4130798202553336,168.71276559321257,170.08043602208934,81.02273457141095,82.43581439166628,false,false
100,1.0,169.39145774964697,81.71195581497713,1.3333062468194044,1.3258022085962295,168.72019505464047,170.05350130145987,81.05194521119762,82.37774741979385,false,false
100,1.0,169.42044971473672,81.72267112118426,1.3736620191104123,1.3465978062858142,168.72907628654642,170.10273830565683,81.04662191478963,82.39321972107544,false,false
100,1.0,169.33208202655328,81.71716345678433,1.3504416129305525,1.3122089478189451,168.6656569639829,170.01609857691346,81.06480633280309,82.37701528062203,false,false
100,1.0,169.46812951198456,81.73444657779719,1.361214123454289,1.3373118821664747,168.77360389837355,170.13481802182784,81.0577957716192,82.39510765378567,false,false
100,1.0,169.45397228261714,81.73886886275005,1.3599628334733893,1.355177692238854,168.75607959020476,170.11604242367815,81.05070947865318,82.40588717089203,false,false
100,1.0,169.36822235791618,81.70956825765043,1.3354684758573967,1.353919905752889,168.6969937126214,170.0324621884788,81.04082710629558,82.39474701204847,false,false
100,1.0,169.45348709920705,81.7014134549878,1.32607964892901,1.3295287830947302,168.79117106510859,170.1172507140376,81.05054012371576,82.3800689068105,false,false
100,1.0,169.41088744828076,81.71032812383291,1.3567783065170147,1.3602998339759438,168.7440504120866,170.10082871860362,81.0351151568276,82.39541499080354,false,false
100,1.0,169.41280922004128,81.70764252022545,1.3266914005205592,1.4069822427551628,168.76492042655684,170.0916118270774,81.02666148789208,82.43364373064725,false,false
100,1.0,169.33497791792774,81.75039931989537,1.3708776474747424,1.3562792923614921,168.6578160500108,170.02869369748555,81.03998638836683,82.39626568072832,false,false
100,1.0,169.4459052292782,81.72396244942944,1.3004950971434823,1.346182029044158,168.78630807273342,170.0868031698769,81.0451389954838,82.39132102452795,false,false
100,1.0,169.36982689210132,81.72586475234071,1.3695956157185094,1.39700415324522,168.6952855162022,170.0648811319207,81.02699391048046,82.42399806372568,false,false
100,1.0,169.43806736801164,81.71821877702557,1.3185194854428062,1.3693926680101924,168.766455392317,170.0849748777598,81.03703471496726,82.40642738297745,false,false
100,1.0,169.37955689141074,81.71058024123573,1.374320448754986,1.3174649834978993,168.67803605428134,170.05235650303632,81.0514301783177,82.3688951618156,false,false
100,1.0,169.41031103733107,81.70629742743921,1.3404529763774349,1.3705927744017998,168.72883219770557,170.069285174083,81.02564589673243,82.39623867113423,false,false
100,1.0,169.3427395166931,81.72928975912689,1.3813933348250487,1.3593980404844928,168.64532419286982,170.02671752769487,81.04202962669787,82.40142766718236,false,false
100,1.0,169.42184336604697,81.70762857322134,1.3464173738925354,1.3632758149355624,168.75220898925627,170.0986263631488,81.01993138179492,82.38320719673048,false,false
100,1.0,169.3299836534582,81.72463846187678,1.3545606346499994,1.4024977404829144,168.66214993209348,170.01671056674348,81.00296713404599,82.4054648745289,false,false
100,1.0,169.4536855293813,81.7213195150658,1.3450656408443251,1.3496911372711224,168.77787281171214,170.12293845255647,81.03123841804513,82.38092955531626,false,false
100,1.0,169.44013077272268,81.7257054632079,1.3440086431427858,1.33766112370148,168.77808328044864,170.12209192359143,81.05387048078222,82.3915316044837,false,false
100,1.0,169.38065179377855,81.71043516605039,1.3478860709960827,1.374342585861612,168.72926739589838,170.07715346689446,81.01868676744283,82.39302935330444,false,false
100,1.0,169.36477096495975,81.70750283691739,1.3899514517811724,1.3640743969261564,168.66880664346232,170.0587580952435,81.01485178687912,82.37892618380528,false,false
100,1.0,169.38220881641575,81.72259489266628,1.360695162851357,1.3876114347829116,168.69557644366557,170.05627160651693,81.01360909767848,82.4012205324614,false,false
100,1.0,169.39606368385574,81.70571650922264,1.3436049861665822,1.3614284009912154,168.70567241684694,170.04927740301352,81.02481337554579,82.386241776537,false,false
100,1.0,169.38042572549938,81.73317054053398,1.337515822528303,1.420136048687496,168.71120265523734,170.04871847776565,81.00902021092222,82.42915625960971,false,false
100,1.0,169.34397589438288,81.73732168617252,1.323356523658049,1.3800694256683528,168.67722236105874,170.0005788847168,81.04640451938198,82.42647394505033,false,false
100,1.0,169.34979270702013,81.70509115049518,1.372343065665973,1.3495359776100742,168.67553214060166,170.04787520626763,81.03095382494136,82.38048980255144,false,false
100,1.0,169.31622972763498,81.7256778439901,1.3742435781845472,1.3674514210722037,168.63776246522707,170.01200604341162,81.02833012038661,82.39578154145882,false,false
100,1.0,169.39898244264376,81.71558081861046,1.3643015603156243,1.360624482442006,168.71302994288675,170.07733150320237,81.03802016258805,82.39864464503006,false,false
100,1.0,169.35436453310146,81.72760382541895,1.3611337872656861,1.3656855623913202,168.69153110517908,170.05266489244477,81.02762711566406,82.39331267805538,false,false
100,1.0,169.35202084912748,81.7049905954085,1.3041058307426283,1.3739836423565492,168.706903681211,170.01100951195363,81.0275644240654,82.40154806642195,false,false
100,1.0,169.3800342312395,81.71176739197973,1.3569733096549328,1.3709688909954991,168.7101965637614,170.06716987341633,81.03740888290139,82.40837777389689,false,false
100,1.0,169.41128611832713,81.70541503439577,1.343374504787846,1.3297318616164517,168.7458779148816,170.08925241966944,81.04838776419876,82.37811962581522,false,false
100,1.0,169.37531024720403,81.70496111974411,1.3486553094252827,1.3663190321955625,168.69889972256033,170.0475550319856,81.0211773717083,82.38749640390387,false,false
100,1.0,169.41106963760228,81.72567255545516,1.4026741968098406,1.32955525211149,168.70697914840486,170.1096533452147,81.04192713480508,82.37148238691657,false,false
100,1.0,169.4062225616284,81.70231486155173,1.333530452455534,1.3642691430258083,168.73600038334587,170.0695308358014,81.01386746450783,82.37813660753363,false,false
100,1.0,169.40195404617785,81.71641493509775,1.3487742739529835,1.3553698385696578,168.71696302771247,170.06573730166545,81.037537509098,82.39290734766766,false,false
100,1.0,169.39605467339533,81.71587870065716,1.3538435145582923,1.3460165641155584,168.72285187061735,170.07669538517564,81.03079450458326,82.37681106869881,false,false
100,1.0,169.42287291454966,81.73099976555612,1.3715721032139072,1.3765970469873139,168.74375828619333,170.11533038940723,81.01785080921775,82.39444785620506,false,false
100,1.0,169.44038207921625,81.72414802077718,1.3692920349132294,1.3803911846692927,168.75784010578175,170.12713214069498,81.0305955974817,82.410986782151,false,false
100,1.0,169.38276499302904,81.7036385261217,1.3352571770192299,1.353603300055454,168.7097586160732,170.04501579309243,81.02424347691559,82.37784677697104,false,false
100,1.0,169.4021055226521,81.70567328896384,1.3476282043591823,1.4041146405998717,168.72522272395383,170.07285092831302,81.00896641141476,82.41308105201463,false,false
100,1.0,169.44126779512493,81.72127754074761,1.376227178746035,1.3495048238720244,168.74420619035666,170.1204333691027,81.05460297936474,82.40410780323677,false,false
100,1.0,169.43961548362086,81.73001195729225,1.3591415588252573,1.3456519546520411,168.76042042299244,170.1195619818177,81.06017558276496,82.405827537417,false,false
100,1.0,169.4126656437149,81.69017367399185,1.3676158642296912,1.3805166989822482,168.73088955453653,170.09850541876622,81.00571709812742,82.38623379710967,false,false
100,1.0,169.41253217914905,81.7183230944924,1.3268323693916102,1.3548304734408418,168.74513486324656,170.07196723263817,81.0361122170391,82.39094269047995,false,false
100,1.0,169.42324875535255,81.71944595955975,1.301518579194493,1.3473578556137653,168.76051325394656,170.06203183314105,81.05444140788643,82.4017992635002,false,false
100,1.0,169.36812027356984,81.72120740334672,1.3732760688483552,1.384818948320813,168.68925566178078,170.06253173062913,81.01421746045966,82.39903640878047,false,false
100,1.0,169.40248932589736,81.71212114759217,1.354523238565605,1.3669808691724086,168.71800509229405,170.07252833085965,81.02075675265462,82.38773762182703,false,false
100,1.0,169.41578236859175,81.71147712657259,1.343044650497319,1.3703233679498652,168.73475540443303,170.07780005493035,81.0294140292456,82.39973739719547,false,false
100,1.0,169.3647039861276,81.70169654762444,1.3484591116426543,1.3862010866271959,168.70177865629688,170.05023776793954,81.01018872732719,82.39638981395439,false,false
100,1.0,169.4028018202722,81.72804389332501,1.3266038507323685,1.3389537753081697,168.7422904670243,170.06889431775667,81.06216857702546,82.40112235233363,false,false
100,1.0,169.3801073983173,81.73354316019986,1.3545337317965505,1.3451826562492784,168.69716940938554,170.0517031411821,81.03967434962489,82.38485700587417,false,false
100,1.0,169.40474784067723,81.68842358457577,1.3268727975429044,1.358720831125467,168.72317978155405,170.05005257909696,81.00877046868075,82.36749129980622,false,false
100,1.0,169.26829628196376,81.72468088843385,1.3952944507518623,1.3432101388203534,168.5823557553661,169.97765020611797,81.04796032673488,82.39117046555523,false,false
100,1.0,169.3985089601241,81.68836306611847,1.3537456843396285,1.3541944739397707,168.7221907258053,170.07593641014492,81.02084075601985,82.37503522995962,false,false
100,1.0,169.39176815088814,81.70278448102715,1.3574401131578782,1.3549049529528503,168.70717028777327,170.06461040093114,81.02865504065085,82.3835599936037,false,false
100,1.0,169.4244662442328,81.72262751060505,1.3729432433476632,1.347423872825928,168.7341971712159,170.10714041456356,81.03908308085327,82.3865069536792,false,false
100,1.0,169.35746309725383,81.71989802651021,1.3642987112169749,1.3283962130111604,168.68772925168992,170.0520279629069,81.04601466867159,82.37441088168275,false,false
100,1.0,169.31684027386774,81.70942333457054,1.2944959100065603,1.345998571379468,168.6837656598412,169.97826156984777,81.02999473860426,82.37599330998373,false,false
100,1.0,169.42000155501094,81.7157548436119,1.3228503115426804,1.3754465543165537,168.7627504253833,170.08560073692598,81.0255081703991,82.40095472471566,false,false
100,1.0,169.36028199962666,81.70647038471333,1.2950606369598177,1.361658256760137,168.72470428175657,170.0197649187164,81.02220222991573,82.38386048667587,false,false
100,1.0,169.39323790506734,81.71910117892071,1.3237903897919239,1.336314692492067,168.73910478787482,170.06289517766675,81.03680041305546,82.37311510554753,false,false
100,1.0,169.4206494949455,81.71125539628208,1.314381538204458,1.404101459131084,168.77002356511895,170.0844051033234,81.00514376467314,82.40924522380422,false,false
100,1.0,169.3583969067987,81.70531416731049,1.3465135920961018,1.324290778339872,168.68593049130098,170.03244408339708,81.04644652369403,82.3707373020339,false,false
100,1.0,169.40512084803987,81.72091661653255,1.3647831985514358,1.3597653371107583,168.72219271564995,170.0869759142014,81.03537374166504,82.3951390787758,false,false
100,1.0,169.34859331249993,81.70697327813247,1.3336652135874942,1.3564230361092768,168.69387865536584,170.02754386895333,81.03803159628599,82.39445463239527,false,false
100,1.0,169.38499877233443,81.71105813392148,1.3530466738377243,1.318860310112214,168.7127929935081,170.0658396673458,81.06084551183548,82.3797058219477,false,false
100,1.0,169.33161441699085,81.72691493616912,1.3684021279992749,1.35571973358023,168.6498012379509,170.01820336595017,81.0558017147397,82.41152144831993,false,false
100,1.0,169.35502452847066,81.69888796529378,1.3679132999544947,1.3541459137300222,168.6777581924876,170.0456714924421,81.03032417231763,82.38447008604766,false,false
100,1.0,169.40944796123017,81.68532448611,1.3321587861853743,1.35679175966726,168.74542053286567,170.07757931905104,81.02834267986917,82.38513443953643,false,false
100,1.0,169.39365206917074,81.70620552102403,1.3617842572642758,1.383690058198738,168.72867384871307,170.09045810597735,81.0064137898294,82.39010384802813,false,false
100,1.0,169.4059850778445,81.71195330802323,1.346199382075639,1.3529331783522878,168.72866524254462,170.07486462462026,81.03205723053507,82.38499040888736,false,false
100,1.0,169.53525692675947,81.70936209810282,1.3490240873522623,1.3680899219628344,168.84336970585787,170.19239379321013,81.008072944505,82.37616286646784,false,false
100,1.0,169.37247499745845,81.70662175873932,1.3144877701808468,1.3968351577123457,168.72131407258723,170.03580184276808,81.00948057085644,82.40631572856879,false,false
100,1.0,169.35533325395724,81.71911716484311,1.3662881470413595,1.372312824808148,168.66540980882934,170.0316979558707,81.02829683550988,82.40060966031803,false,false
100,1.0,169.35968682802678,81.70696688194752,1.3542298410444857,1.4044335894285354,168.693827165338,170.0480570063825,81.01329233597603,82.41772592540457,false,false
100,1.0,169.37648626482374,81.72119628659502,1.3504081494706384,1.3486023708776287,168.70695235520802,170.05736050467866,81.04679038029818,82.3953927511758,false,false
100,1.0,169.47093050264243,81.72241137848495,1.3422316105066159,1.3370108531449318,168.79920666460657,170.1414382751132,81.04768889375806,82.384699746903,false,false
100,1.0,169.39116136483509,81.69837477837538,1.326276383151992,1.3805125655880914,168.72358976636247,170.04986614951446,81.02228492115225,82.40279748674034,false,false
100,1.0,169.5350258187736,81.71917791550001,1.3445567583794116,1.3819539531027658,168.8637895065917,170.2083462649711,81.01836370199345,82.40031765509622,false,false
100,1.0,169.40133731443188,81.68989603580697,1.3392207912209813,1.371999994620154,168.73324890993797,170.07246970115895,81.01995515539357,82.39195515001373,false,false
100,1.0,169.3681237623181,81.69848638941231,1.3043878015363646,1.3380804372016684,168.7095685921389,170.01395639367527,81.03072431527141,82.36880475247308,false,false
100,1.0,169.3402161472069,81.708399227637,1.3495296015983058,1.3619312936292118,168.68445926458918,170.03398886618749,81.04279642908496,82.40472772271417,false,false
100,1.0,169.3749614818243,81.7252205209646,1.3098924046886395,1.3546299811411586,168.71583704664818,170.02572945133682,81.04613840137714,82.4007683825183,false,false
100,1.0,169.3472317682009,81.71954455894175,1.3260144879581048,1.3611357920732985,168.68185091120068,170.0078653991588,81.04113622942948,82.40227202150278,false,false
100,1.0,169.4227489423107,81.72343436901727,1.3362946938264315,1.3514767938787884,168.7465748539443,170.08286954777074,81.05359771460917,82.40507450848796,false,false
100,1.0,169.42993944109247,81.70618315930014,1.3387024084057941,1.3663573420896853,168.75111138994035,170.08981379834614,81.02357626757248,82.38993360966217,false,false
100,1.0,169.44916715315628,81.72477449237289,1.3177194270728023,1.3401406213175164,168.80101297880924,170.11873240588204,81.04064446782782,82.38078508914533,false,false
100,1.0,169.40733578680724,81.69825633607283,1.338174282348973,1.369306619932118,168.74850174932567,170.08667603167464,81.01339861714249,82.3827052370746,false,false
100,1.0,169.38242295604257,81.70191693862157,1.327050455986722,1.3447776763876362,168.7036683513304,170.03071880731713,81.04320341464863,82.38798109103627,false,false
100,1.0,169.40830707854087,81.6938395343558,1.3363049315785247,1.356215045702939,168.73607658564913,170.07238151722765,81.02912129614703,82.38533634184996,false,false
100,1.0,169.4198197242679,81.72832990746733,1.3223444113457958,1.3497739254837313,168.77614311128804,170.09848752263383,81.05381333775446,82.4035872632382,false,false
100,1.0,169.39264353090658,81.67068660526223,1.2954882762585385,1.3704028799994887,168.72804769513962,170.02353597139816,81.0003029540115,82.37070583401099,false,false
100,1.0,169.35693356222646,81.70724684512308,1.3734543441676692,1.3504567262130251,168.67729083711097,170.05074518127864,81.04262546441005,82.39308219062308,false,false
100,1.0,169.34640365933103,81.72782593776984,1.32393084138468,1.380319240588662,168.67529720815782,169.9992280495425,81.0257379469868,82.40605718757546,false,false
100,1.0,169.3602209464026,81.72710929757655,1.336479559456535,1.349812896798369,168.6929250904752,170.02940464993173,81.0472330575239,82.39704595432227,false,false
100,1.0,169.38888832651833,81.70578807295146,1.3244870344416597,1.3841424749601572,168.7329809172721,170.05746795171376,81.0205210425782,82.40466351753835,false,false
100,1.0,169.36006195509196,81.70177596160063,1.3368817557410466,1.380343322523899,168.69830087054555,170.0351826262866,81.01506526563104,82.39540858815494,false,false
100,1.0,169.36117785963197,81.70262855993192,1.3347766127492662,1.358695642532652,168.68451985385184,170.0192964666011,81.02114558631168,82.37984122884433,false,false
100,1.0,169.39598544084762,81.72603853070237,1.3400461511553488,1.3543775613949407,168.71999819894586,170.0600443501012,81.04478407645584,82.39916163785078,false,false
100,1.0,169.44128625411693,81.71236277035871,1.3497575742828758,1.3517047101622524,168.76382266636466,170.11358024064754,81.03298203803317,82.38468674819542,false,false
100,1.0,169.41899488870337,81.69939182817825,1.342186666672518,1.3736632114794105,168.75383243366312,170.09601910033564,81.01371618459677,82.38737939607618,false,false
100,1.0,169.37259371907294,81.69059264177233,1.3425747623321627,1.3391802249130933,168.68269899190693,170.0252737542391,81.03634861133577,82.37552883624886,false,false
100,1.0,169.39640566640958,81.69205507006757,1.3429663972887624,1.367431827605543,168.73172285814923,170.074689255438,81.01120517368199,82.37863700128753,false,false
100,1.0,169.4499800559616,81.71076079025518,1.3496766480880922,1.3457284185191725,168.76860615826013,170.11828280634822,81.04707502130917,82.39280343982834,false,false
100,1.0,169.36032193432,81.71971892265279,1.3034830905388048,1.370819488353348,168.70060015292992,170.00408324346873,81.0344591398209,82.40527862817424,false,false
100,1.0,169.39621609142537,81.68741179243787,1.31389866043628,1.3533791541974978,168.75403570619022,170.0679343666265,81.00597939940705,82.35935855360455,false,false
100,1.0,169.41897295822656,81.69971149584985,1.3487549379434256,1.3688900687892414,168.73730849255836,170.08606343050178,81.03787687448683,82.40676694327607,false,false
100,1.0,169.4018571212896,81.70823538261979,1.37856820152561,1.3358821780971368,168.7018268646387,170.0803950661643,81.07152293818747,82.40740511628461,false,false
100,1.0,169.36757247584538,81.71962655751953,1.352746850676965,1.375269585162414,168.7176068936958,170.07035374437277,81.02146336965468,82.3967329548171,false,false
100,1.0,169.3831554235196,81.72901964501477,1.3366688276113905,1.3670842052021754,168.7076243699875,170.0442931975989,81.03969859149215,82.40678279669433,false,false
100,1.0,169.38752149980158,81.71878291537448,1.3199689010479858,1.3697170833877834,168.71369433031526,170.03366323136325,81.03461087723433,82.40432796062211,false,false
100,1.0,169.35084625994787,81.70773798721811,1.332436873856011,1.4060631566453452,168.69150012592945,170.02393699978546,80.99067515895155,82.39673831559689,false,false
100,1.0,169.41453264082594,81.70778213826364,1.3480747600175675,1.3998413730649304,168.71954160604642,170.067616366064,81.00857808206177,82.4084194551267,false,false
100,1.0,169.40638574212338,81.70534177498219,1.351391120429156,1.3655313150879635,168.72079630005103,170.0721874204802,81.02957510158201,82.39510641666998,false,false
100,1.0,169.46885087421504,81.70312681359178,1.3334876905064732,1.38883472941545,168.80481322556562,170.1383009160721,81.0130068028074,82.40184153222285,false,false
100,1.0,169.43739187975694,81.6887045707856,1.3159419738173028,1.398464183222984,168.7698827751512,170.0858247489685,81.01500502049821,82.41346920372119,false,false
100,1.0,169.38387188781618,81.7118475303283,1.3547671386720879,1.37970995236914,168.7182151883497,170.07298232702178,81.01631379692832,82.39602374929746,false,false
100,1.0,169.39696723708317,81.69614761936826,1.3511797333851518,1.357763578867548,168.71528871503176,170.0664684484169,81.02424483188788,82.38200841075543,false,false
100,1.0,169.35340693282882,81.7117189575863,1.3451437349592936,1.356217342315773,168.68753979584073,170.03268353080003,81.03769943917757,82.39391678149335,false,false
100,1.0,169.40745714705076,81.70667647648845,1.3353178949921585,1.3758340038840657,168.74220058955052,170.07751848454268,81.02460136460135,82.40043536848542,false,false
100,1.0,169.4181134432232,81.72770215513178,1.3336777982799504,1.3783949742690425,168.73375436676412,170.06743216504407,81.02716634206735,82.40556131633639,false,false
100,1.0,169.3978592848411,81.736409367765,1.3962001297177267,1.3740875530172474,168.68944317042437,170.0856433001421,81.04534763355113,82.41943518656838,false,false
100,1.0,169.34904412134944,81.69056506223244,1.3432551948885703,1.3836014274474593,168.67465397164315,170.01790916653172,81.01983934219501,82.40344076964247,false,false
100,1.0,169.36287776513194,81.70098005371501,1.3737928426302517,1.3539128473180142,168.6835450649666,170.05733790759686,81.04367926096005,82.39759210827806,false,false
100,1.0,169.42760218064797,81.71100059658272,1.3186236224111951,1.3681039020163865,168.7618423249515,170.08046594736268,81.02795706763851,82.3960609696549,false,false
100,1.0,169.45313219154406,81.70767154327997,1.3410762821129083,1.366123844713556,168.7896694291452,170.1307457112581,81.01702425187491,82.38314809658847,false,false
100,1.0,169.41451082605528,81.70811921968792,1.3779232154005854,1.39969667922972,168.71240442868103,170.0903276440816,81.0011928986397,82.40088957786942,false,false
100,1.0,169.35407497969533,81.69814489752895,1.3200788779624872,1.3114592244459544,168.7045526768156,170.0246315547781,81.0575683958465,82.36902762029246,false,false
100,1.0,169.40684294606,81.71065548583888,1.3209583345324631,1.3956945744345148,168.74500293896284,170.0659612734953,81.00733736729936,82.40303194173387,false,false
100,1.0,169.41086717399543,81.70974554576466,1.3444165801661825,1.3480882887798202,168.73485173664008,170.07926831680626,81.0464307836671,82.39451907244693,false,false
100,1.0,169.3684566016243,81.70716360166723,1.3283246471957284,1.3358721168087442,168.6959644197241,170.02428906691983,81.04225480980733,82.37812692661608,false,false
100,1.0,169.50034112705217,81.72714303481426,1.338958352674183,1.3544937320105106,168.818818320089,170.1577766727632,81.04068782144304,82.39518155345355,false,false
100,1.0,169.41375274400275,81.70815810325756,1.3561327285445088,1.3271527972118662,168.713847566896,170.0699802954405,81.03501476403612,82.36216756124799,false,false
100,1.0,169.401054926092,81.72745497824472,1.2848639917702656,1.3591217991838676,168.77633398334555,170.06119797511582,81.03002572640335,82.38914752558722,false,false
100,1.0,169.40234392801952,81.6988689508907,1.372787442327791,1.3462416485522795,168.71621739379742,170.0890048361252,81.02032787311546,82.36656952166774,false,false
100,1.0,169.35882038706052,81.71055745562094,1.3393055224681802,1.3430183741006942,168.67619602859244,170.01550155106062,81.05394956735498,82.39696794145567,false,false
100,1.0,169.38641073975384,81.71006386853674,1.3451463821355958,1.3333060567402129,168.7173657292613,170.0625121113969,81.05027958818383,82.38358564492404,false,false
100,1.0,169.40565090305952,81.7120217227,1.3158032863995004,1.3663585860529253,168.7458222079889,170.0616254943884,81.02734793839186,82.39370652444478,false,false
100,1.0,169.3849590197894,81.69964124785193,1.323659109047611,1.3384600050930544,168.71899815570185,170.04265726474947,81.05006684961918,82.38852685471224,false,false
100,1.0,169.40012887644448,81.7214891536986,1.3297030392496652,1.3797302321249845,168.7265291660904,170.05623220534005,81.0197611530984,82.39949138522339,false,false
100,1.0,169.4495864531151,81.68820242768365,1.335723146657358,1.3597359420669903,168.7651782704086,170.10090141706596,81.01343456286901,82.373170504936,false,false
100,1.0,169.38477277522497,81.70289187002616,1.3893172221045234,1.3520193160004652,168.69240571501481,170.08172293711934,81.03176507706992,82.38378439307039,false,false
100,1.0,169.3631355914989,81.7088053932629,1.3431528184204922,1.3982109981300965,168.68344502108422,170.02659783950472,81.01058927855058,82.40880027668068,false,false
100,1.0,169.37904448652498,81.72606165653173,1.32181366895378,1.3871121438956493,168.71672122523273,170.0385348941865,81.01262038874793,82.39973253264358,false,false
100,1.0,169.4606222662302,81.70706216117182,1.380896728869999,1.3233017237097897,168.77344358175702,170.15434031062702,81.05747726884539,82.38077899255518,false,false
100,1.0,169.35638150048328,81.71725934407309,1.3749306010543876,1.391311521041061,168.67153321812492,170.0464638191793,81.03319894819047,82.42451046923154,false,false
100,1.0,169.4065359005657,81.71938181786864,1.365556074992213,1.378451101814619,168.71741947023716,170.08297554522937,81.02634265197459,82.4047937537892,false,false
100,1.0,169.3524499317139,81.698542280243,1.3372101901916835,1.3498838147611139,168.69871331545178,170.03592350564347,81.03486887155844,82.38475268631956,false,false
100,1.0,169.35786044488933,81.72606413984781,1.3542895027782436,1.398049132333682,168.68025960034933,170.03454910312757,81.01927325841324,82.41732239074692,false,false
100,1.0,169.472357238426,81.7099207407986,1.3472416740592053,1.3577313763207286,168.81069461201307,170.15793628607227,81.02322104605177,82.3809524223725,false,false
100,1.0,169.3570715024186,81.7147438736861,1.3216901493729267,1.3514024201788857,168.68289419772472,170.00458434709765,81.03240656616445,82.38380898634334,false,false
100,1.0,169.38682726732867,81.7084850923521,1.3384799275582395,1.3700245162953308,168.70696172494914,170.04544165250738,81.0181143012677,82.38813881756303,false,false
100,1.0,169.4269441168468,81.696620158802,1.3344303404753077,1.3382623955780275,168.77251305540494,170.10694339588025,81.02142381474602,82.35968621032404,false,false
100,1.0,169.40341543277435,81.7113065748522,1.3850272270722428,1.3667909657033306,168.6992408811033,170.08426810817554,81.03446866418439,82.40125962988772,false,false
100,1.0,169.37954127778607,81.71520667066295,1.3491381086211902,1.3807365915923526,168.7136276894973,170.06276579811848,81.0278440887559,82.40858068034825,false,false
100,1.0,169.44862569494262,81.69251647659317,1.3766741213763112,1.3708639564483889,168.7667008621935,170.1433749835698,81.02628965141531,82.3971536078637,false,false
100,1.0,169.3988575934246,81.72354990465749,1.3827748169574932,1.3272512073357063,168.71329361919015,170.09606843614765,81.05101030366127,82.37826151099698,false,false
100,1.0,169.40234964357649,81.70755711789786,1.317363788183485,1.3663579374173764,168.73081121521594,170.04817500339942,81.02736931993503,82.39372725735241,false,false
100,1.0,169.4045998225971,81.69716257972065,1.3456615015152806,1.3665031699698886,168.75043636457832,170.0960978660936,81.01743633454089,82.38393950451078,false,false
100,1.0,169.376764347105,81.7265379207437,1.3437074699531877,1.3375196605112052,168.69891323714938,170.04262070710257,81.05028454607712,82.38780420658833,false,false
100,1.0,169.39356016890804,81.69587212571972,1.2899545058780575,1.3960606638213449,168.74543716603125,170.0353916719093,80.99713311603729,82.39319377985863,false,false
100,1.0,169.4085850099744,81.69607278125699,1.3354097563014875,1.370829946166367,168.76444802532427,170.09985778162576,81.01940497501775,82.39023492118412,false,false
100,1.0,169.4362795121698,81.70070103461434,1.3065007248707161,1.3410305443102715,168.77946265532427,170.08596338019498,81.036487625499,82.37751816980928,false,false
100,1.0,169.41329047946732,81.70834950348826,1.3507164459838634,1.3915335245364417,168.7366195519226,170.08733599790645,81.02282983607574,82.41436336061219,false,false
100,1.0,169.36801531670764,81.7006612650859,1.355216241886552,1.3569339163303198,168.70023547371105,170.0554517155976,81.03849812772287,82.3954320440532,false,false
100,1.0,169.49551709963416,81.67780438509625,1.305465571007744,1.3505485163655067,168.85339159551893,170.15885716652667,81.01887302778427,82.36942154414977,false,false
100,1.0,169.4120263671992,81.71505939912015,1.3162831827297339,1.364917129845054,168.75117528678481,170.06745846951455,81.03380666369893,82.39872379354398,false,false
100,1.0,169.35799125264862,81.73647956568297,1.3665526818793978,1.3813292006950917,168.67170960774126,170.03826228962066,81.04027390925195,82.42160310994704,false,false
100,1.0,169.42823901562525,81.7038545886806,1.3273799305552814,1.3598094816177735,168.74446358652375,170.07184351707903,81.02375069415258,82.38356017577036,false,false
100,1.0,169.3291263231671,81.73555615846578,1.3159278967265493,1.3657150066500634,168.65895059719344,169.97487849392,81.03567080167555,82.40138580832561,false,false
100,1.0,169.3959145372344,81.6961609519896,1.326626110638017,1.4079890989717256,168.71240290608378,170.0390290167218,80.99756204639937,82.40555114537109,false,false
100,1.0,169.39345242991118,81.7230015318987,1.3735982278566894,1.395190312029797,168.71697962201426,170.09057784987095,81.01631831297222,82.41150862500201,false,false
100,1.0,169.39291518348776,81.70694207488285,1.3364731079988985,1.3713778726814638,168.71546908056948,170.05194218856838,81.03558678009823,82.40696465277969,false,false
100,1.0,169.34669648934536,81.69593302600002,1.3459052065828132,1.353929211638814,168.66910367934162,170.01500888592443,81.03247179328412,82.38640100492293,false,false
100,1.0,169.38888806261824,81.72037705693663,1.3322501491696812,1.358694418096519,168.7319672776805,170.06421742685018,81.03437894715245,82.39307336524897,false,false
100,1.0,169.31102030577605,81.71193224307356,1.328571267165671,1.3628401735781637,168.66788067242985,169.99645193959552,81.03981269364361,82.40265286722178,false,false
100,1.0,169.3524223316346,81.68923311036,1.3802307215863152,1.380088110182399,168.68623602603998,170.0664667476263,81.01400447095911,82.3940925811415,false,false
100,1.0,169.31187960680478,81.71266939880829,1.3541215259921842,1.3913351478929457,168.63999803892605,169.99411956491824,81.0083718972491,82.39970704514205,false,false
100,1.0,169.44182664903417,81.70899352240585,1.3206579466364587,1.3776439982457305,168.7853013594298,170.10595930606627,81.0148348032989,82.39247880154463,false,false
100,1.0,169.451101659445,81.7016539405495,1.3304538633063885,1.368664169178146,168.77977790911132,170.1102317724177,81.01501243994716,82.3836766091253,false,false
100,1.0,169.43264933949723,81.68460802400301,1.3579473359186238,1.3684663413029483,168.74743908872486,170.10538642464348,80.99688135311693,82.36534769441988,false,false
100,1.0,169.40820765398672,81.7184550913315,1.3031641431219896,1.3531288015542629,168.7481574673302,170.0513216104522,81.05048355722316,82.40361235877742,false,false
100,1.0,169.35667553804518,81.70691010021213,1.3290347421119577,1.3766865560714905,168.68945504755652,170.01848978966848,81.03654976902843,82.41323632509992,false,false
100,1.0,169.4184425798113,81.69641421212575,1.323989925580804,1.3354920598071516,168.7395867676181,170.0635766931989,81.02960558709914,82.36509764690629,false,false
100,1.0,169.42329959914082,81.72536765104589,1.3498283208769521,1.344955270843954,168.7681678600255,170.11799618090245,81.03675978519045,82.38171505603441,false,false
100,1.0,169.39023623796936,81.70309347723723,1.3540863423712892,1.4154813220171718,168.71893613151715,170.07302247388844,81.00046736663597,82.41594868865315,false,false
100,1.0,169.36314658726155,81.70141505694147,1.3214544781783957,1.3548083677886211,168.70691634631976,170.02837082449815,81.0305278894823,82.38533625727092,false,false
100,1.0,169.3614464059267,81.69310656925079,1.3517971440318775,1.3496287516486234,168.6867968009603,170.0385939449922,81.03618425395914,82.38581300560776,false,false
100,1.0,169.36914104697922,81.72012034203405,1.3220840269131884,1.3768474635726733,168.7114613108829,170.03354533779608,81.02510475141531,82.40195221498799,false,false
100,1.0,169.44031530285935,81.71200889221649,1.2912610783420462,1.3514812672686816,168.81402108196835,170.1052821603104,81.03441585681347,82.38589712408215,false,false
100,1.0,169.38568425506713,81.70232924007718,1.3408846216636618,1.3757396843950573,168.72021912463865,170.0611037463023,81.01941520616401,82.39515489055907,false,false
100,1.0,169.3820785691122,81.72785006305304,1.3170398566765584,1.384328763552844,168.73152690960939,170.04856676628594,81.02773207051376,82.41206083406661,false,false
100,1.0,169.37743552325838,81.71198018611815,1.3427542776460086,1.3982773679024092,168.7124595236194,170.0552138012654,81.01336115809761,82.41163852600002,false,false
100,1.0,169.37773626012773,81.70469445291909,1.3600453825449677,1.348546506963288,168.69650443527593,170.0565498178209,81.03717545904455,82.38572196600784,false,false
100,1.0,169.365231892996,81.68922202364365,1.3218984676360321,1.359098680622651,168.71842206782702,170.04032053546305,81.03161942048123,82.39071810110389,false,false
100,1.0,169.4019468541003,81.68272943417358,1.349648245464806,1.3150495640654754,168.7277147354663,170.0773629809311,81.05215808438473,82.3672076484502,false,false
100,1.0,169.38776267675317,81.70076310528049,1.3339617826494532,1.348602400250698,168.73521338071865,170.0691751633681,81.04494030955226,82.39354270980296,false,false
100,1.0,169.3250846683492,81.73346124665056,1.304914383219625,1.3761469637559713,168.67894354675067,169.9838579299703,81.04822305931256,82.42437002306853,false,false
100,1.0,169.4162846977704,81.72433867548668,1.3202864679842037,1.3458626895002226,168.76998079291394,170.09026726089814,81.03215865607783,82.37802134557805,false,false
100,1.0,169.39291529386014,81.70109120606207,1.3277777427638,1.379208046037249,168.72119776038835,170.04897550315215,81.01612102912165,82.3953290751589,false,false
100,1.0,169.3684056542396,81.71763877094367,1.357957938140089,1.3831173010233755,168.68322168620801,170.0411796243481,81.02763010868856,82.41074740971193,false,false
100,1.0,169.42487512684517,81.72069408336833,1.3665338340352946,1.3853901426134598,168.743345156534,170.10987899056929,81.02466545108153,82.41005559369499,false,false
100,1.0,169.49309794208722,81.71744950183958,1.3525661268579086,1.364065077004554,168.8112786035129,170.1638447303708,81.03590151085164,82.3999665878562,false,false
100,1.0,169.33088888622896,81.71641307176269,1.3591148214113389,1.3306822536559935,168.6495937296697,170.00870855108104,81.0531517656703,82.38383401932629,false,false
100,1.0,169.41812403384262,81.71661196514727,1.3013310560671698,1.376799377121415,168.7804888765216,170.08181993258876,81.04209414874421,82.41889352586563,false,false
100,1.0,169.36336522878148,81.7060561457494,1.349376030500224,1.364651374453615,168.69398619655453,170.04336222705476,81.02956928219979,82.3942206566534,false,false
100,1.0,169.38317069351575,81.71673670271522,1.3328798716330823,1.3708525993460796,168.72220767274263,170.0550875443757,81.03056422383986,82.40141682318594,false,false
100,1.0,169.53461032133578,81.71015810461536,1.3277748763891282,1.3683823761712688,168.8535979978194,170.18137287420853,81.03660818382171,82.40499055999298,false,false
100,1.0,169.38921319198343,81.72065428427099,1.3441667273746987,1.3749220968922344,168.70455256870008,170.04871929607478,81.03290117257603,82.40782326946827,false,false
100,1.0,169.4084262717091,81.71537766966318,1.3649268564045087,1.377822173669827,168.73243560169465,170.09736245809916,81.03932291135526,82.41714508502508,false,false
100,1.0,169.40128201798547,81.70748112953866,1.340086991512237,1.3524803217967474,168.73349901581076,170.073586007323,81.01511968916742,82.36760001096417,false,false
100,1.0,169.3627137886849,81.71924378011255,1.3045611892133309,1.3799812349614626,168.69717557878295,170.00173676799628,81.03307852052198,82.41305975548345,false,false
100,1.0,169.48928448768402,81.70964887599251,1.3382786887650013,1.3617907026270046,168.80251137111134,170.14079005987634,81.01352742613982,82.37531812876682,false,false
100,1.0,169.4261092574361,81.71698048481633,1.3256210849459649,1.3502648304751972,168.76199693130573,170.0876180162517,81.05930237895973,82.40956720943493,false,false
100,1.0,169.40776754282842,81.71208952538838,1.3357381520811202,1.3599759555357025,168.7480661148687,170.0838042669498,81.03761287579985,82.39758883133555,false,false
100,1.0,169.44419443823097,81.69190882290204,1.3301119902971834,1.383188711933812,168.7915155878784,170.12162757817558,81.02225445672474,82.40544316865855,false,false
100,1.0,169.3890011561806,81.7218187215112,1.338663171698471,1.3861068575858155,168.72252951629162,170.0611926879901,81.03212287693209,82.41822973451791,false,false
100,1.0,169.4049002861318,81.67960080262225,1.3398424889889213,1.3710359849277296,168.7447349569751,170.08457744596402,81.01037544342199,82.38141142834972,false,false
100,1.0,169.39467800248502,81.69604056766487,1.3269000086741016,1.3297859842829638,168.72651122063067,170.05341122930477,81.04785961021791,82.37764559450088,false,false
100,1.0,169.43791682297467,81.72074552587856,1.3552944151638258,1.3632607142561,168.77725208956375,170.13254650472757,81.03872019987644,82.40198091413254,false,false
100,1.0,169.42513720099845,81.73180329526977,1.3411595846551165,1.3358147261057383,168.7281113587823,170.0692709434374,81.04882250336212,82.38463722946786,false,false
100,1.0,169.37849489000217,81.70250395838549,1.3070174386306235,1.3445295796974222,168.7266386133064,170.03365605193702,81.03280004883493,82.37732962853235,false,false
100,1.0,169.42853069338128,81.70620134819859,1.3364984762159509,1.3447522373417087,168.76503175365252,170.10153022986847,81.02805850448611,82.37281074182782,false,false
100,1.0,169.4320028696314,81.70907056241171,1.3703414289214209,1.3516497400020029,168.7465534820415,170.1168949109629,81.040790487511,82.392440227513,false,false
100,1.0,169.3996527509598,81.70389875216823,1.3601438189596706,1.366861792807157,168.70720971605314,170.0673535350128,81.02956476657329,82.39642655938044,false,false
100,1.0,169.40394049751086,81.71901245725407,1.3224273418185533,1.3646340305781877,168.74974029475112,170.07216763656967,81.041523695714,82.4061577262922,false,false
100,1.0,169.42797608347226,81.72780419066218,1.3699213239235917,1.380818778729349,168.7390774407327,170.1089987646563,81.03443547037459,82.41525424910394,false,false
100,1.0,169.39563742808872,81.7451965331039,1.3704380278869905,1.3651861488039003,168.69009269245316,170.06053072034015,81.04611338728012,82.41129953608402,false,false
100,1.0,169.35984544949602,81.69238439804079,1.3611599211983219,1.367068527822596,168.67514708067117,170.0363070018695,81.0149329042306,82.3820014320532,false,false
100,1.0,169.3922835447039,81.69234465022406,1.3513066475820494,1.372838110484679,168.7138452322782,170.06515187986025,81.00935364327597,82.38219175376065,false,false
100,1.0,169.4178111595986,81.72718222696273,1.3234694389494166,1.3754648517412704,168.77151258611795,170.09498202506737,81.03334813093423,82.4088129826755,false,false
100,1.0,169.43592271206526,81.6868332346902,1.3314858571521597,1.331644963213293,168.75066871049648,170.08215456764864,81.03326668168852,82.36491164490181,false,false
100,1.0,169.416575102035,81.71688433839205,1.3518490048852811,1.3676400317737887,168.73488220876297,170.08673121364825,81.0278237596039,82.3954637913777,false,false
100,1.0,169.39078635760504,81.69368304823769,1.3570415981703263,1.3561973659974456,168.7152123046653,170.07225390283563,81.02633831601563,82.38253568201307,false,false
100,1.0,169.41498799317944,81.70461788015763,1.3533235343703893,1.3858341079540253,168.74170506367471,170.0950285980451,81.00781904344197,82.393653151396,false,false
100,1.0,169.44374233575735,81.71939265078555,1.3241490056558405,1.3491361567669031,168.76574361545218,170.08989262110802,81.04657212711712,82.39570828388402,false,false
100,1.0,169.44895833665024,81.72039253117956,1.2942522497449147,1.3522146351700144,168.8008503723281,170.09510262207303,81.04956600546063,82.40178064063065,false,false
100,1.0,169.37161632864843,81.70646704501698,1.3579560440103364,1.3767139290338548,168.69607668148643,170.05403272549677,81.02657407216506,82.40328800119892,false,false
100,1.0,169.4323106142744,81.70034427226784,1.3012005924547907,1.368526343029302,168.7806356791286,170.0818362715834,81.01548049412958,82.38400683715888,false,false
100,1.0,169.41615745908302,81.719913726665,1.372603143144886,1.3788757000495195,168.7222186068144,170.0948217499593,81.02566265295957,82.40453835300909,false,false
100,1.0,169.36125684744974,81.72202535191249,1.348128360059377,1.3527133945891876,168.67485818096856,170.02298654102793,81.0497037608722,82.4024171554614,false,false
100,1.0,169.34583961201182,81.7036860128163,1.3162146665388548,1.3571810942257656,168.6792112113789,169.99542587791777,81.01862583794905,82.37580693217481,false,false
100,1.0,169.34174448138145,81.70482588604642,1.3359968775392304,1.3565550947255787,168.69971405736422,170.03571093490345,81.03375349985387,82.39030859457945,false,false
100,1.0,169.3999182235802,81.74321733933603,1.3274451252944743,1.3213709404338942,168.7218556510372,170.04930077633168,81.07878618913935,82.40015712957324,false,false
100,1.0,169.41553808656397,81.70893619448913,1.3488913426360796,1.350585629779161,168.75450760372388,170.10339894635996,81.03816118506249,82.38874681484165,false,false
100,1.0,169.38615187282954,81.70637051388287,1.3141696438363795,1.3441421700529474,168.72699826108052,170.0411679049169,81.02424264060556,82.36838481065851,false,false
100,1.0,169.37393217436892,81.68980247971773,1.38511704157753,1.352367387009906,168.6788489021784,170.06396594375593,81.01928406349111,82.37165145050102,false,false
100,1.0,169.45575970723542,81.70241459670675,1.3627413186370632,1.3425137849033177,168.7616018063258,170.12434312496288,81.04804613910267,82.39055992400598,false,false
100,1.0,169.37895177413503,81.71334890404478,1.3712768962737982,1.375795514676156,168.68794004579772,170.05921694207152,81.03838034537517,82.41417586005133,false,false
100,1.0,169.43442857365767,81.74582752613216,1.3552988429207176,1.412726342568149,168.76170899333604,170.11700783625676,81.02267002851823,82.43539637108638,false,false
100,1.0,169.4030733710137,81.69962123961471,1.3040105329656342,1.3714278380307974,168.7517217492733,170.05573228223892,81.02881284419519,82.40024068222598,false,false
100,1.0,169.41088609668776,81.71537824462186,1.3422664349547233,1.3226123127748508,168.740551861567,170.08281829652174,81.05370558085266,82.37631789362752,false,false
100,1.0,169.36587527988078,81.72703564461952,1.3466416236893792,1.3472243142443432,168.68559961882673,170.0322412425161,81.05416044054398,82.40138475478832,false,false
100,1.0,169.35732087254627,81.69628039660283,1.3581099370393304,1.363148247700991,168.6833464315232,170.04145636856254,81.01499625322246,82.37814450092345,false,false
100,1.0,169.39193297862477,81.70424723664749,1.366164524587333,1.3648396832158056,168.70014802254082,170.06631254712815,81.01582887296665,82.38066855618246,false,false
100,1.0,169.41647877032403,81.7177697423715,1.3536816342252678,1.3722172517898628,168.7316683247842,170.08534995900948,81.03309632571907,82.40531357750893,false,false
100,1.0,169.41730635847898,81.72016519378255,1.357904761603038,1.3855201355322038,168.72828284756943,170.08618760917247,81.03947448981802,82.42499462535022,false,false
100,1.0,169.36303138640264,81.70938743762727,1.3414682550156272,1.3715574850952095,168.69442042188888,170.0358886769045,81.02626347763946,82.39782096273467,false,false
100,1.0,169.38357386977685,81.7007169726667,1.343070361139553,1.3967073899887623,168.73042396728343,170.07349432842298,81.00658133302856,82.40328872301733,false,false
100,1.0,169.32650036049952,81.72707326893575,1.3487285009515233,1.3612066705250072,168.6503152155044,169.99904371645593,81.02795757422516,82.38916424475016,false,false
100,1.0,169.36996282846883,81.71977678868242,1.3415534724564964,1.358489882083461,168.70134165890792,170.04289513136442,81.02706178743574,82.3855516695192,false,false
100,1.0,169.39848923574175,81.71645772324536,1.3108511833488308,1.3663586640786605,168.7345455318996,170.04539671524844,81.04933214663956,82.41569081071822,false,false
100,1.0,169.45415328471248,81.71455736391246,1.320498248212914,1.356457295852607,168.78745644943245,170.10795469764537,81.03789276818637,82.39435006403897,false,false
100,1.0,169.36050716269074,81.67711155902518,1.3270201523590686,1.3935318232121432,168.7020870854285,170.02910723778757,80.9946904427687,82.38822226598084,false,false
100,1.0,169.46217630211368,81.72602283909052,1.3363795135701935,1.3453605287217556,168.8012034170775,170.13758293064768,81.04202082694655,82.38738135566831,false,false
100,1.0,169.4150644607094,81.69743479543519,1.312011929362825,1.3257909924499671,168.7663092824932,170.07832121185604,81.05892709344792,82.38471808589789,false,false
100,1.0,169.40574190684825,81.70835617643259,1.3161992297127938,1.3538334483812093,168.7588548417459,170.07505407145868,81.0414053280987,82.39523877647991,false,false
100,1.0,169.46115589769656,81.71698768476989,1.3460624123958667,1.359529015700204,168.8126706388373,170.15873305123316,81.03874852719333,82.39827754289354,false,false
100,1.0,169.40985345864692,81.69357724672427,1.3246920228590682,1.3626338114593466,168.74225499543107,170.06694701829014,81.00999261970262,82.37262643116196,false,false
100,1.0,169.40231108323104,81.71541488038577,1.2729856890016151,1.3456656158948022,168.75743318008588,170.0304188690875,81.03641072108208,82.38207633697688,false,false
100,1.0,169.34189586993892,81.70511701161304,1.3401420433639828,1.384336776089242,168.65105632923112,169.9911983725951,81.01741929842578,82.40175607451502,false,false
100,1.0,169.41723321133824,81.70001502720407,1.3479409282597032,1.3638599818997648,168.73876257710128,170.086703505361,81.02045428059807,82.38431426249784,false,false
100,1.0,169.47280972632808,81.66540490840114,1.3283609145065611,1.3373803284805916,168.81847779829985,170.1468387128064,80.99888405260845,82.33626438108904,false,false
100,1.0,169.39002936460835,81.71984393900895,1.3359082726725546,1.3381791338970004,168.71926968573803,170.05517795841058,81.0353982463425,82.3735773802395,false,false
100,1.0,169.3733462672676,81.70367165207253,1.3379314771293593,1.3693273098777325,168.69631748521925,170.0342489623486,81.02649670778938,82.39582401766711,false,false
100,1.0,169.38209428512232,81.68801789257166,1.3497377917929327,1.3776217821833825,168.70972552220528,170.0594633139982,81.01677348948418,82.39439527166756,false,false
100,1.0,169.32014425588403,81.70555351399764,1.3536229404550113,1.3469075519196707,168.62565779771126,169.97928073816627,81.03176986172,82.37867741363966,false,false
100,1.0,169.33024596341772,81.69936337689975,1.3479787597919142,1.3317242408358823,168.63905892637322,169.98703768616514,81.02866161142975,82.36038585226564,false,false
100,1.0,169.43775609133468,81.72421922606944,1.3485899149652596,1.3815172703717877,168.76875559498842,170.11734550995368,81.03518790350903,82.41670517388081,false,false
100,1.0,169.37965323454947,81.70534463533042,1.3877881825965517,1.3690872104743192,168.67805896879793,170.06584715139448,81.03581727011385,82.40490448058817,false,false
100,1.0,169.36308897764098,81.69450920970657,1.3586153669346288,1.3457505115799222,168.69977810394911,170.05839347088374,81.02523345147506,82.37098396305498,false,false
100,1.0,169.36005406339157,81.7049699626447,1.3243290789689866,1.411829901843518,168.70463989855955,170.02896897752854,81.00609257753834,82.41792247938186,false,false
100,1.0,169.42945801805183,81.694973604873,1.3689025140757565,1.3910329040343754,168.74321476667964,170.1121172807554,81.00438481941131,82.39541772344569,false,false
100,1.0,169.3884963179356,81.69944139263471,1.3322045845401362,1.33307017869069,168.72937076175234,170.06157534629247,81.03682083858206,82.36989101727275,false,false
100,1.0,169.3726414584138,81.70525536094257,1.3645066999414723,1.3871079221675586,168.69523057006867,170.05973727001015,81.0239882759377,82.41109619810526,false,false
100,1.0,169.335206745856,81.71125621707124,1.3350433316938393,1.3604609327252462,168.66440850469834,169.99945183639218,81.03796186810412,82.39842280082937,false,false
100,1.0,169.36883011955626,81.6998708477262,1.3311091984397478,1.3638320176505374,168.7016364534055,170.03274565184526,81.03401864140825,82.39785065905879,false,false
100,1.0,169.42118528193694,81.74632202679587,1.3429300828061628,1.3525846380326243,168.75643643503867,170.09936651784483,81.03708592726443,82.38967056529705,false,false
100,1.0,169.41382182794842,81.71701177801131,1.3277151958019715,1.3474423356850735,168.73745687843302,170.065172074235,81.04352901000117,82.39097134568624,false,false
100,1.0,169.38864714868896,81.72299181275,1.340232942262844,1.377470891986846,168.71944223833123,170.05967518059407,81.02270044529328,82.40017133728013,false,false
100,1.0,169.45249596714427,81.70680587532011,1.3514363333543429,1.371970811141182,168.78109136396893,170.13252769732327,81.01623162159069,82.38820243273187,false,false
100,1.0,169.43358093802001,81.72467043728602,1.3652435238349767,1.4137901470041356,168.75133796727397,170.11658149110895,81.01458717153122,82.42837731853535,false,false
100,1.0,169.41032700969154,81.70140388325783,1.3260353652985089,1.3177610379547104,168.73434854824217,170.06038391354068,81.04475253219982,82.36251357015453,false,false
100,1.0,169.38876219537022,81.6928431152945,1.332832777227253,1.3686279563415553,168.7195464567818,170.05237923400907,81.03024297352337,82.39887092986493,false,false
100,1.0,169.3779878713236,81.67824288681243,1.3624351549727294,1.3343584868526221,168.6948078788692,170.05724303384193,81.02060726850097,82.35496575535359,false,false
100,1.0,169.38198417707184,81.7176941458732,1.3184849040540314,1.386525527979103,168.73185134655859,170.05033625061262,81.00487121824062,82.39139674621973,false,false
100,1.0,169.43341290712186,81.7220024275799,1.32868617680478,1.341459408713149,168.76974951702584,170.09843569383062,81.0386591322564,82.38011854096955,false,false
100,1.0,169.33913881609067,81.69299678299004,1.3429469873759956,1.3927285564317486,168.68228667871003,170.02523366608602,80.98781325948684,82.38054181591859,false,false
100,1.0,169.40234022150898,81.69130307780489,1.2916875889788457,1.390549133441354,168.75796713588161,170.04965472486046,81.00901738994962,82.39956652339097,false,false
100,1.0,169.39848424957967,81.70202633946798,1.3510385265907132,1.3411608324284998,168.71359842399238,170.0646369505831,81.03107813373222,82.37223896616072,false,false
100,1.0,169.37435392776484,81.72202752772428,1.352557360377972,1.3591478224137177,168.70759114283982,170.0601485032178,81.02847748976339,82.38762531217711,false,false
100,1.0,169.38547248485062,81.72422809342979,1.3666026555442556,1.3591453032975238,168.69563096672132,170.06223362226558,81.03931808868332,82.39846339198084,false,false
100,1.0,169.47082242228743,81.72384433671036,1.3544703826172793,1.3684162869736554,168.7756761063187,170.130146488936,81.03384897179714,82.4022652587708,false,false
100,1.0,169.42386814463333,81.70718169190009,1.3370463126874483,1.3805959472032328,168.75007088905653,170.08711720174398,81.01453402788096,82.39512997508419,false,false
100,1.0,169.39139869801213,81.72004714845866,1.3606886005738659,1.3822524620528327,168.71076572501443,170.0714543255883,81.02598095161608,82.40823341366891,false,false
100,1.0,169.42549202994962,81.73289695165376,1.3273660185489575,1.3452141775592423,168.77616152792956,170.10352754647852,81.04935106393442,82.39456524149367,false,false
100,1.0,169.37594112925967,81.73100375432143,1.3289894119629082,1.352385664509029,168.72535703203872,170.05434644400162,81.03347255676918,82.38585822127821,false,false
100,1.0,169.41775957081774,81.71878590692575,1.343479598686173,1.3402723922685453,168.74175299228787,170.08523259097404,81.05021109443157,82.39048348670012,false,false
100,1.0,169.47461793809492,81.71902580189654,1.3328164861048606,1.3149924802018944,168.81267846410123,170.14549495020609,81.04501123751,82.36000371771189,false,false
100,1.0,169.35369209942522,81.74585795647772,1.3403652535332071,1.3428978345908291,168.68331430886607,170.02367956239928,81.05531833086906,82.39821616545989,false,false
100,1.0,169.49820434945474,81.7190279626059,1.3679312841244098,1.370958824473064,168.81352170350522,170.18145298762963,81.01596550828222,82.38692433275529,false,false
100,1.0,169.459924537842,81.6913722718,1.3114211674388514,1.3488006857158439,168.79668987998662,170.10811104742547,81.04251809784212,82.39131878355796,false,false
100,1.0,169.38153418424736,81.69754987463287,1.3275767929741562,1.3647691215757902,168.72093103284615,170.0485078258203,81.01986226266062,82.38463138423641,false,false
100,1.0,169.40436693148388,81.71412804612882,1.3480765131742487,1.3686952562050152,168.7349145125123,170.08299102568654,81.03071099043102,82.39940624663603,false,false
100,1.0,169.39319669669308,81.72179504935599,1.3163522421051823,1.387778042723312,168.73339844519944,170.04975068730462,81.0304374152662,82.41821545798952,false,false
100,1.0,169.37022215275505,81.70573658852537,1.3350592729852622,1.3394007832420698,168.68672633537713,170.0217856083624,81.04329572462228,82.38269650786435,false,false
100,1.0,169.40763566601322,81.7123819648835,1.3552131663396665,1.379439595806673,168.72746497531094,170.0826781416506,81.02843243482928,82.40787203063596,false,false
100,1.0,169.41948324043918,81.70958498399155,1.3589358875217386,1.3415066385122998,168.75350538376847,170.1124412712902,81.04120773069322,82.38271436920552,false,false
100,1.0,169.35186018407933,81.71770965188682,1.369544728673418,1.3717066442033712,168.6667170373888,170.0362617660622,81.02579326558673,82.3974999097901,false,false
100,1.0,169.4559722870418,81.71927762570897,1.3482966857483234,1.3365804901352334,168.76973901939803,170.11803570514635,81.04510316524517,82.3816836553804,false,false
100,1.0,169.41177915482496,81.71853395085282,1.339585449729043,1.3653122616361202,168.724074668924,170.06366011865305,81.03552440283472,82.40083666447084,false,false
100,1.0,169.31653540453033,81.68938009876992,1.350680188586722,1.352463479302159,168.65581561579216,170.0064958043789,81.0311834739189,82.38364695322106,false,false
100,1.0,169.34408418503648,81.69474755285177,1.3422487344202523,1.3562024112013802,168.67174371936954,170.0139924537898,81.0332828994743,82.38948531067568,false,false
100,1.0,169.4306831033437,81.69706394744001,1.336944218430034,1.3611029574457234,168.76651608936314,170.10346030779317,81.02204872463099,82.38315168207671,false,false
100,1.0,169.34211286161434,81.70387183423408,1.3197677171528994,1.3501078612893025,168.6937459560786,170.0135136732315,81.02216913709461,82.37227699838391,false,false
100,1.0,169.4005694432916,81.68798762975169,1.3528482625034997,1.340710757462034,168.71533660994834,170.06818487245184,81.02162638028307,82.3623371377451,false,false
100,1.0,169.36893488049225,81.7205890042284,1.3505143867120921,1.3706835866470328,168.67921821592154,170.02973260263363,81.03459598317963,82.40527956982666,false,false
100,1.0,169.41271376187973,81.69798248147815,1.3430176588851737,1.3871084441561692,168.75387542744375,170.09689308632892,81.00572046906336,82.39282891321953,false,false
100,1.0,169.34179029750152,81.70481312726892,1.307215469504115,1.3866103086667465,168.6900483224522,169.99726379195633,81.00398646868081,82.39059677734755,false,false
100,1.0,169.44847842695606,81.70513745353044,1.359532511283163,1.3619992995261043,168.75998001095832,170.11951252224148,81.02048857768723,82.38248787721334,false,false
100,1.0,169.37308141847456,81.71733228488914,1.360559604217741,1.3500726724294054,168.69788073545837,170.0584403396761,81.04135534698042,82.39142801940983,false,false
100,1.0,169.40317948277777,81.70556059190285,1.3504306564139483,1.3740050491985016,168.74868220807656,170.0991128644905,81.02024928823195,82.39425433743045,false,false
100,1.0,169.4283964424584,81.72542256254633,1.3504862403991353,1.3661842592224644,168.76277844039421,170.11326468079335,81.02669066157532,82.39287492079778,false,false
100,1.0,169.3929893825096,81.68764969117768,1.3293445430809356,1.3451613210336433,168.72130349391102,170.05064803699196,81.0275536445315,82.37271496556514,false,false
100,1.0,169.33634601787895,81.70379720227632,1.3198959191526,1.3638681428842574,168.68014674931652,170.00004266846912,81.02430961135732,82.38817775424158,false,false
100,1.0,169.3810685409615,81.70389032084651,1.3528893173170502,1.3894693097700355,168.70471315356852,170.05760247088557,81.02135888585403,82.41082819562406,false,false
100,1.0,169.3385419457345,81.7196136487274,1.3626005257153508,1.3683638563384335,168.6481422907209,170.01074281643625,81.03453348064208,82.40289733698052,false,false
100,1.0,169.42845177575896,81.70345757042597,1.409939073518018,1.361687865193602,168.71358134173704,170.12352041525506,81.03068773868972,82.39237560388332,false,false
100,1.0,169.42917825271272,81.70148855197692,1.335809450028819,1.3431498926436234,168.76704758686355,170.10285703689237,81.03659990890631,82.37974980154993,false,false
100,1.0,169.39850284726987,81.71515725278574,1.3376946106622825,1.345668269951446,168.72769822563762,170.0653928362999,81.03409135062938,82.37975962058083,false,false
100,1.0,169.3259161735815,81.72377407237745,1.3239175162831316,1.3644069788842899,168.6628816513915,169.98679916767463,81.03121094184179,82.39561792072608,false,false
100,1.0,169.3602032412182,81.7226728889222,1.3137793568734253,1.3392395451121786,168.71463825407398,170.0284176109474,81.04952450396192,82.3887640490741,false,false
100,1.0,169.32994564260702,81.71574173793627,1.365525623414925,1.3537099205697416,168.64667663129273,170.01220225470766,81.04705273956588,82.40076266013563,false,false
100,1.0,169.34099026516515,81.72594387849702,1.3548073545854322,1.3859607162482774,168.65923357585655,170.01404093044198,81.02055479339647,82.40651550964475,false,false
100,1.0,169.4432530894655,81.70979855826133,1.330286643302685,1.3671857695350127,168.78602419918138,170.11631084248407,81.02132553634014,82.38851130587516,false,false
100,1.0,169.41332559283552,81.70769789928436,1.3151053173484968,1.3522281666557063,168.76516034961153,170.08026566696003,81.03950165841022,82.39172982506592,false,false
100,1.0,169.3495567345708,81.72700268882195,1.359711794377091,1.3534820577304885,168.6733117925477,170.0330235869248,81.04775647260202,82.4012385303325,false,false
100,1.0,169.4089623466865,81.70154072900462,1.3511218455606127,1.3944247552146294,168.7239612772515,170.07508312281212,81.01293460544923,82.40735936066386,false,false
100,1.0,169.36290118896574,81.70612650800636,1.2955636061583107,1.3280692768462785,168.7137078719435,170.00927147810182,81.04042676065151,82.36849603749779,false,false
100,1.0,169.30872005429262,81.71486839888358,1.3371183189286455,1.3604214598546918,168.639705203194,169.97682352212266,81.04398134277503,82.40440280262972,false,false
100,1.0,169.40120740101733,81.71759321672607,1.371532331222113,1.421315223357695,168.72620239514518,170.0977347263673,81.00352536441606,82.42484058777376,false,false
100,1.0,169.38056047088924,81.72431975717646,1.3634264539180947,1.4054275878523868,168.71710620760564,170.08053266152373,81.01229881273319,82.41772640058558,false,false
100,1.0,169.38214230937393,81.69290517326775,1.3466719149146797,1.3953171668920703,168.7104316666336,170.0571035815483,80.99502020966533,82.3903373765574,false,false
100,1.0,169.49678396890488,81.71032129225469,1.3382522499169909,1.3681074022511126,168.8248523106264,170.1631045605434,81.03288476688037,82.40099216913148,false,false
100,1.0,169.43383977452874,81.71957349584721,1.3694699231999152,1.3601677901123281,168.73634290445835,170.10581282765827,81.03958064649191,82.39974843660424,false,false
100,1.0,169.34063585203938,81.7085796622014,1.3298589687012452,1.3362934343909103,168.6853568834722,170.01521585217344,81.04999475972988,82.3862881941208,false,false
100,1.0,169.41766721713748,81.72345756179053,1.3681303829007163,1.3794195302912158,168.75102973214692,170.11916011504763,81.02165621901622,82.40107574930744,false,false
100,1.0,169.38833351284268,81.71749698653824,1.3020817126777047,1.3934937160646825,168.72789509515593,170.02997680783363,81.0163720660849,82.40986578214958,false,false
100,1.0,169.3836933717538,81.71270602205277,1.3142409748969612,1.3546770152498624,168.73375666699707,170.04799764189403,81.03219973583518,82.38687675108504,false,false
100,1.0,169.36348500985503,81.69598817112546,1.3247462979052216,1.353110606637287,168.6967493769526,170.02149567485782,81.0360833623902,82.38919396902749,false,false
100,1.0,169.384974982032,81.71860014191823,1.3399062248990674,1.364467235333592,168.7071370512912,170.04704327619027,81.03936196327035,82.40382919860394,false,false
100,1.0,169.38891835584144,81.68331736554997,1.386440221002033,1.3608748634897552,168.67316929539544,170.05960951639747,81.00785054163438,82.36872540512414,false,false
100,1.0,169.33945453159893,81.70786181842209,1.3578890563249786,1.323887988840852,168.66216973598173,170.0200587923067,81.05219865338228,82.37608664222313,false,false
100,1.0,169.42119044589867,81.7031713223898,1.3265582038343382,1.3629155277324685,168.7598339601577,170.08639216399203,81.02077407151367,82.38368959924614,false,false
100,1.0,169.3776733777271,81.70140893845617,1.3366691735859604,1.3565353315492246,168.71201795697965,170.0486871305656,81.0353755921556,82.39191092370483,false,false
100,1.0,169.33307941616977,81.71780900696031,1.3491750785049135,1.3486570150082997,168.66346756120538,170.0126426397103,81.0480978558016,82.3967548708099,false,false
100,1.0,169.3754160735182,81.70430357513621,1.3456288605471514,1.3507119101959262,168.69290770532078,170.03853656586793,81.02864318229304,82.37935509248896,false,false
100,1.0,169.3864469627212,81.70023343258745,1.348148583813952,1.3819788417903283,168.7150268521711,170.06317543598504,81.01358173104708,82.39556057283741,false,false
100,1.0,169.37096634652033,81.71504277752445,1.359082745854863,1.3475689868935916,168.69600455618706,170.05508730204193,81.04294246297967,82.39051144987326,false,false
100,1.0,169.4101094681311,81.69940866458066,1.3665150523506497,1.3573238844976458,168.71615518560705,170.0826702379577,81.01462607512889,82.37194995962653,false,false
100,1.0,169.48184966527415,81.72123989723744,1.340346990336684,1.4066654394762423,168.7846359254403,170.124982915777,81.00679874116771,82.41346418064396,false,false
100,1.0,169.36784039556477,81.70379568593088,1.330623017366264,1.329642230273194,168.69263997476392,170.02326299213019,81.06470149025574,82.39434372052894,false,false
100,1.0,169.30039581992204,81.70099837162681,1.3409265792489293,1.3879772536971586,168.64435736861225,169.98528394786118,81.00889521676275,82.39687247045991,false,false
100,1.0,169.35191940068904,81.72585795728753,1.3434657966796237,1.41770306267955,168.68188273642897,170.0253485331086,81.01070259099895,82.4284056536785,false,false
100,1.0,169.377870376624,81.69145038262047,1.3853405523183824,1.3679741615779335,168.69179033371864,170.07713088603703,81.01468930279114,82.38266346436907,false,false
100,1.0,169.45815569726614,81.7078602693881,1.3432764976496117,1.3747170664186399,168.78160151550364,170.12487801315325,81.02283875704867,82.39755582346731,false,false
100,1.0,169.4177816541664,81.72581083713357,1.3423631212650093,1.3346869389698952,168.74955715417317,170.09192027543818,81.05289088479408,82.38757782376398,false,false
100,1.0,169.34710659679217,81.70277361684118,1.331350331293038,1.3505071472433485,168.67324310371458,170.00459343500762,81.03381110875947,82.38431825600281,false,false
100,1.0,169.3921869345611,81.70104251967679,1.3717904720006402,1.347872196342692,168.70216344551517,170.0739539175158,81.03088204233518,82.37875423867787,false,false
100,1.0,169.34199693209115,81.68489180520348,1.3360432438416012,1.3907623187305376,168.67149683006292,170.00754007390452,80.9949872631636,82.38574958189413,false,false
100,1.0,169.4817789448424,81.70609242376176,1.3487196393871557,1.3884365103843521,168.80135727771412,170.15007691710127,81.02340806111803,82.41184457150239,false,false
100,1.0,169.4161223800598,81.72026192191683,1.3380716407302486,1.3474535952450424,168.74808609693375,170.086157737664,81.03152690140826,82.3789804966533,false,false
100,1.0,169.47946474212242,81.72703742318141,1.3268553372984684,1.35547831683877,168.8073269154826,170.13418225278107,81.0492052741447,82.40468359098347,false,false
100,1.0,169.4048834557238,81.70886625476354,1.365339027043234,1.3698569965114302,168.7070522487971,170.07239127584035,81.03408223233885,82.40393922885028,false,false
100,1.0,169.4116429189337,81.70128326660836,1.3299496794815582,1.3497332032532086,168.73105691399158,170.06100659347314,81.03518857167552,82.38492177492873,false,false
100,1.0,169.47675181562533,81.72930647965681,1.325056438493931,1.3786056236567958,168.8212796845305,170.14633612302444,81.01508699792598,82.39369262158277,false,false
100,1.0,169.37398991696094,81.722990182621,1.3334287020048805,1.3578542734653212,168.7040408205211,170.03746952252598,81.04968097530309,82.40753524876841,false,false
100,1.0,169.4125534284281,81.68802833385031,1.3510325997042685,1.3146114571711962,168.72644838740538,170.07748098710965,81.06159318593711,82.37620464310831,false,false
100,1.0,169.37587444468357,81.69169978307409,1.3406756908756847,1.386356359409632,168.7135870838788,170.05426277475448,80.99705046731522,82.38340682672485,false,false
100,1.0,169.3889926455943,81.72529735943571,1.3341744133950328,1.3632247829584685,168.71153971275973,170.04571412615476,81.04137351135708,82.40459829431555,false,false
100,1.0,169.46161457285058,81.71890002763226,1.365643325094453,1.3870810772931748,168.75534995121745,170.1209932763119,81.02488861220431,82.41196968949748,false,false
100,1.0,169.40073778453186,81.69306957310931,1.3115561268056695,1.3585037433422542,168.77415508260975,170.08571120941542,81.0368975805977,82.39540132393995,false,false
100,1.0,169.37560553701104,81.70828503508667,1.3295665580996001,1.3433003582076708,168.71769826112285,170.04726481922245,81.04823467697267,82.39153503518034,false,false
100,1.0,169.3928500642395,81.68176632328712,1.3323758116492854,1.3566789980217493,168.7353534149376,170.0677292265869,81.00753314895688,82.36421214697863,false,false
100,1.0,169.42353467288234,81.71384040216884,1.3460580027425522,1.3663542232992825,168.75238307113526,170.0984410738778,81.03414657726964,82.40050080056892,false,false
100,1.0,169.3923755327578,81.70255935397444,1.3579458015828436,1.3644208809635785,168.722941319705,170.08088712128784,81.02049077256568,82.38491165352926,false,false
100,1.0,169.40349725000578,81.7195464631057,1.3313639992960304,1.3676752024128547,168.72336545833824,170.05472945763427,81.03592013656632,82.40359533897917,false,false
100,1.0,169.32828957693852,81.69890872640843,1.3277169184658248,1.3292407388248506,168.66038801109474,169.98810492956056,81.03067173717349,82.35991247599834,false,false
100,1.0,169.39196256527677,81.72781022054862,1.365243991784098,1.3397781345026942,168.7069053079437,170.0721492997278,81.0468370078801,82.3866151423828,false,false
100,1.0,169.38876004861837,81.69978340410626,1.3313299662779912,1.360669470123682,168.71801959975602,170.049349566034,81.02467412611176,82.38534359623544,false,false
100,1.0,169.33515011280792,81.71773853571769,1.3636029129195038,1.3472408384433834,168.66589036192426,170.02949327484376,81.0466898536701,82.39393069211349,false,false
100,1.0,169.31712236939606,81.69204751241722,1.342544458829252,1.3485297644148204,168.64641301358907,169.98895747241832,81.02353704507614,82.37206680949096,false,false
100,1.0,169.43537131696866,81.71692640584494,1.3570285836673293,1.3500272219633445,168.7676821140273,170.12471069769464,81.03753513042145,82.38756235238479,false,false
100,1.0,169.39584229898514,81.68441321053406,1.3329134156249438,1.3758134338195305,168.72736053912914,170.06027395475408,80.9993060265854,82.37511946040493,false,false
100,1.0,169.4140837747063,81.7131722414674,1.3618253394025714,1.3286653929130665,168.70845735642246,170.07028269582503,81.048811107819,82.37747650073207,false,false
100,1.0,169.3549861719603,81.70590237006331,1.3230301387299903,1.3514799598915914,168.69739825329557,170.02042839202556,81.02207663458424,82.37355659447583,false,false
100,1.0,169.36452502601713,81.70205588883233,1.3424527921302456,1.3782819377263422,168.68928538033083,170.03173817246108,81.02544364326079,82.40372558098713,false,false
100,1.0,169.33843291451697,81.68807010605062,1.3391914839933747,1.3591861107323808,168.67733476583388,170.01652624982725,81.00200928438049,82.36119539511287,false,false
100,1.0,169.4113078592942,81.70430548332249,1.332880887134479,1.3374734492269909,168.7427329679985,170.07561385513299,81.04512453749633,82.38259798672333,false,false
100,1.0,169.45074791759652,81.69576142401289,1.3724967296009254,1.3400048074866788,168.76156522564474,170.13406195524567,81.03963274075885,82.37963754824553,false,false
100,1.0,169.3600138401803,81.6957254865911,1.3523079398784716,1.3686419170449824,168.69882273786328,170.05113067774175,81.01729291893008,82.38593483597506,false,false
100,1.0,169.40872334406527,81.71805242732052,1.3117801527872075,1.33542636274629,168.75717408656465,170.06895423935185,81.05490038390181,82.3903267466481,false,false
100,1.0,169.3563521171546,81.69104752857797,1.3635950859423644,1.3591392594681508,168.69134534015888,170.05494042610124,81.0301824889786,82.38932174844675,false,false
100,1.0,169.43108786316273,81.6936157278239,1.3621031964598558,1.371313080180002,168.75365519069888,170.11575838715873,81.01333513431159,82.38464821449159,false,false
100,1.0,169.40581314687574,81.70772282765017,1.3314725815523616,1.3818315300677426,168.72046820339457,170.05194078494694,81.01158988796887,82.39342141803661,false,false
100,1.0,169.33958077415886,81.72939057302153,1.3358980982344804,1.3489531084204316,168.67607446866793,170.01197256690241,81.02480163640118,82.37375474482161,false,false
100,1.0,169.45575386136062,81.70825493931478,1.3408057282079255,1.3572268002167789,168.76237617224217,170.1031819004501,81.02300899108799,82.38023579130477,false,false
100,1.0,169.40184777980318,81.7111030220247,1.335675173216174,1.3862924528357468,168.73109007033284,170.066765243549,81.00874486332314,82.39503731615889,false,false
100,1.0,169.3790462958304,81.73179594425088,1.3499936185067725,1.361629007035532,168.69402104155958,170.04401466006635,81.04801545012677,82.4096444571623,false,false
100,1.0,169.3636843803597,81.70730157988172,1.3167210651523646,1.3215995900577582,168.72748748193118,170.04420854708354,81.05634083988407,82.37794042994183,false,false
100,1.0,169.42394709529705,81.70139848066,1.3438929386917948,1.330148526395945,168.7437643492154,170.0876572879072,81.03787747350714,82.36802599990308,false,false
100,1.0,169.3585731034108,81.71812967053694,1.3286771665713104,1.383723248770778,168.70704273860827,170.03571990517958,81.02916026808857,82.41288351685935,false,false
100,1.0,169.45232102468066,81.71434983496654,1.3530285363459313,1.343329380504926,168.76982286918076,170.1228514055267,81.05240463559055,82.39573401609547,false,false
100,1.0,169.3674179697652,81.70939410934378,1.3673962043893937,1.3376507773201354,168.68849927465928,170.05589547904867,81.03293867383687,82.370589451157,false,false
100,1.0,169.3818704243807,81.71822231851121,1.3328388321028513,1.3725528784220984,168.70237475699045,170.0352135890933,81.02653470286036,82.39908758128246,false,false
100,1.0,169.38470553876584,81.70945158791908,1.3300563458787735,1.367535585805939,168.7243879742518,170.05444432013059,81.01995781862554,82.38749340443148,false,false
100,1.0,169.29728078838963,81.728897587959,1.3200344821537442,1.3578338792624152,168.6498010801078,169.96983556226155,81.03540809570566,82.39324197496808,false,false
100,1.0,169.41498147732165,81.71098597208169,1.376020651880026,1.3652920473681291,168.71504465513385,170.09106530701388,81.03329085532303,82.39858290269116,false,false
100,1.0,169.36045274402733,81.69707821006949,1.3423569296160451,1.3500588101324666,168.68911759749025,170.0314745271063,81.03751343621664,82.38757224634911,false,false
100,1.0,169.41255117431695,81.71207924386579,1.354964694283609,1.389404687260324,168.74551933017213,170.10048402445574,81.01320866250309,82.40261334976341,false,false
100,1.0,169.31127857433074,81.7239773016236,1.358225165233307,1.3419531326511986,168.63043801350705,169.98866317874035,81.04121640874504,82.38316954139624,false,false
100,1.0,169.4141958641889,81.72668196602002,1.337040787106531,1.368828431989371,168.7553234658272,170.09236425293372,81.02489432329757,82.39372275528694,false,false
100,1.0,169.46763659601584,81.70275649478333,1.3408590795973225,1.4005319511119154,168.79322789797587,170.1340869775732,81.00262791992469,82.4031598710366,false,false
100,1.0,169.4045850702086,81.70041669830435,1.3680111861335718,1.3371122059706977,168.71557789858576,170.08358908471934,81.04236085287604,82.37947305884674,false,false
100,1.0,169.4471614783759,81.70265365549399,1.368578757822064,1.3588645067612788,168.75346363552967,170.12204239335173,81.01802355803225,82.37688806479353,false,false
100,1.0,169.37656057757272,81.72599141013725,1.365983900739053,1.342701407553534,168.6922063288675,170.05819022960657,81.04881939903237,82.3915208065859,false,false
100,1.0,169.38661370949356,81.70929253627884,1.3513425919516635,1.3792766045851295,168.7212199607356,170.07256255268726,81.00766119731634,82.38693780190147,false,false
100,1.0,169.378739194393,81.70408094288801,1.351301916154597,1.3466082554446928,168.71474441068918,170.06604632684378,81.03410403585721,82.3807122913019,false,false
100,1.0,169.38269817739535,81.7114622914398,1.341117286999605,1.3744940168836735,168.69942181144629,170.0405390984459,81.0264815197102,82.40097553659388,false,false
100,1.0,169.41371161735037,81.71220166527135,1.3713971939727685,1.3546437720980293,168.71720746389633,170.0886046578691,81.03329977578619,82.38794354788422,false,false
100,1.0,169.40147068367602,81.70671571802276,1.3373952470313952,1.351159414044389,168.7339404815329,170.0713357285643,81.04125591720191,82.3924153312463,false,false
100,1.0,169.36195284862694,81.71553362655686,1.3491787845676413,1.3364212065697245,168.69680681490004,170.04598559946768,81.05307155756233,82.38949276413206,false,false
100,1.0,169.26614182399823,81.71859772851593,1.3447343234702203,1.3793997686559862,168.59597330432757,169.9407076277978,81.03180206892239,82.41120183757837,false,false
100,1.0,169.4564275593375,81.71050133769096,1.3076952376611075,1.3381502059884127,168.8019889945486,170.1096842322097,81.03112849352803,82.36927869951644,false,false
100,1.0,169.43093391389914,81.71752996777249,1.3399406571929262,1.359476068866826,168.75105775018125,170.09099840737417,81.04079706096132,82.40027312982815,false,false
100,1.0,169.39021848221574,81.7226573612747,1.344795013649076,1.3398336030104474,168.7209078847308,170.06570289837987,81.03329724297453,82.37313084598497,false,false
100,1.0,169.42402216813622,81.71206704219057,1.3193222953297834,1.3680696673761332,168.76469339722803,170.0840156925578,81.02957921225318,82.39764887962932,false,false
100,1.0,169.36955776503135,81.72798766528231,1.3309984883472339,1.3916941059959953,168.69568449240364,170.02668298075088,81.02090964145557,82.41260374745157,false,false
100,1.0,169.3493367309219,81.71148594636276,1.3476654051986543,1.3230212223319313,168.68629615136948,170.03396155656813,81.05865002011241,82.38167124244434,false,false
100,1.0,169.37771443642072,81.71717191185913,1.3529884160872427,1.3238314811974021,168.70228921509914,170.05527763118639,81.05922475148654,82.38305623268394,false,false
100,1.0,169.31785719981485,81.70463451796053,1.3213412772039987,1.3400350160262064,168.67463615507035,169.99597743227434,81.0412150115668,82.38125002759301,false,false
100,1.0,169.44887095324103,81.71610219441143,1.3323231186438989,1.3600738463458555,168.76836883526335,170.10069195390724,81.02590989193497,82.38598373828083,false,false
100,1.0,169.4345781340074,81.70295616224566,1.3421963162482768,1.3561412151189813,168.76697146497946,170.10916778122774,81.01667195291711,82.37281316803609,false,false
100,1.0,169.37832799178634,81.72160503809332,1.3680690044130586,1.3946092888127737,168.69994822258954,170.0680172270026,81.02096477601368,82.41557406482646,false,false
100,1.0,169.3074990363276,81.72622489178056,1.299304780174424,1.3857132376373755,168.64667556642104,169.94598034659546,81.01467025604964,82.40038349368702,false,false
100,1.0,169.43462357986186,81.71336784522606,1.358555671454127,1.3290892839037838,168.7404830255766,170.09903869703072,81.04448987977338,82.37357916367716,false,false
100,1.0,169.3500743398836,81.72986577148878,1.3501728463888583,1.3258449738142417,168.67723975755,170.02741260393887,81.05890913714404,82.38475411095828,false,false
100,1.0,169.47733333360438,81.70441599566111,1.3246368183612844,1.350070414646865,168.82721903011867,170.15185584847995,81.03362191781734,82.38369233246421,false,false
100,1.0,169.39444523277507,81.72716210967043,1.3375641143336452,1.3515763701585257,168.7226828444393,170.06024695877295,81.05239791498248,82.403974285141,false,false
100,1.0,169.3886356243537,81.69466488415873,1.3705365388662187,1.3451017382858907,168.7008653186443,170.07140185751052,81.02367123562364,82.36877297390953,false,false
100,1.0,169.4652738886591,81.7241816409473,1.3357350881821333,1.3806059572054608,168.79466977722566,170.1304048654078,81.0244578074718,82.40506376467727,false,false
100,1.0,169.4680280338555,81.70195315576066,1.3436814226973866,1.3188746583706887,168.79120174464518,170.13488316734257,81.04919109527405,82.36806575364474,false,false
100,1.0,169.4174454340554,81.71825318716932,1.3384526528166987,1.3779696258441447,168.74613795727475,170.08459061009145,81.02157399240733,82.39954361825147,false,false
100,1.0,169.36772237396877,81.70504168575545,1.3441626730080145,1.3846920664926898,168.68937343983956,170.03353611284757,81.00465129967874,82.38934336617143,false,false
100,1.0,169.3097275306851,81.70738553798252,1.3640244599250764,1.3644629701896065,168.62655071202124,169.99057517194632,81.01989917231441,82.38436214250402,false,false
100,1.0,169.38172126795195,81.70166465757933,1.3154067882799723,1.3714724256931987,168.71728134324616,170.03268813152613,81.02590897542011,82.39738140111331,false,false
100,1.0,169.37271046557123,81.71731526445944,1.3469527824125862,1.3412103793862684,168.70040256410348,170.04735534651607,81.04224962630867,82.38346000569494,false,false
100,1.0,169.3914977254327,81.71759527251885,1.3366957248044002,1.3788059562663477,168.7380611247781,170.0747568495825,81.01659836389578,82.39540432016213,false,false
100,1.0,169.36306838108754,81.6923625506896,1.329492977462678,1.3478456606344196,168.69583955523746,170.02533253270013,81.0221836800003,82.37002934063472,false,false
100,1.0,169.4037174922965,81.72624520452817,1.3588182417605594,1.3262007122246047,168.7203082896039,170.07912653136447,81.0518314467102,82.3780321589348,false,false
100,1.0,169.4184762325263,81.72268896007171,1.3098503625381852,1.346061024494034,168.7640469692329,170.0738973317711,81.04269442041596,82.38875544490999,false,false
100,1.0,169.40761390614875,81.69878550582567,1.334065201995685,1.368575049544475,168.7357607263467,170.0698259283424,81.02323840452469,82.39181345406917,false,false
100,1.0,169.34070828470925,81.72035625173393,1.338755931447622,1.3530858014242,168.6566265128489,169.99538244429652,81.031434349317,82.3845201507412,false,false
100,1.0,169.42866579387612,81.72500307246833,1.3505380957124657,1.3393045590042618,168.74402797155363,170.0945660672661,81.04207976334376,82.38138432234803,false,false
100,1.0,169.3533867061057,81.69583274242146,1.3463172314198744,1.361804544545521,168.66953176162295,170.01584899304282,81.02722328743462,82.38902783198014,false,false
100,1.0,169.42823389842977,81.72006657002476,1.3201108904911791,1.3951457095330113,168.75089733440205,170.07100822489323,81.0187265394886,82.41387224902161,false,false
100,1.0,169.4007008340218,81.70874964547818,1.3722812944765792,1.384030653165496,168.71867444917115,170.09095574364773,81.02726178029305,82.41129243345854,false,false
100,1.0,169.36798794252172,81.7094580821113,1.3767235878946167,1.3399684543237527,168.6746192073261,170.0513427952207,81.0518898614702,82.39185831579395,false,false
100,1.0,169.3934593400626,81.72360298496835,1.3584460162884682,1.382250750164829,168.7145266531749,170.07297266946335,81.02796701821694,82.41021776838177,false,false
100,1.0,169.40933746500184,81.6950829937368,1.3552748105416867,1.3631980429505717,168.74293353812007,170.09820834866176,81.02260521258235,82.38580325553292,false,false
100,1.0,169.47016985866105,81.71971614476456,1.3561090968499343,1.3850348559952437,168.80662243857756,170.1627315354275,81.01040716233446,82.3954420183297,false,false
100,1.0,169.38818823589708,81.73269699747826,1.3271485472268694,1.3651190445853416,168.72507354446876,170.05222209169563,81.03260706240827,82.39772610699362,false,false
100,1.0,169.41835273249194,81.70799647353954,1.3358052863464422,1.368427325515583,168.75297840665266,170.0887836929991,81.02081968484434,82.38924701035992,false,false
100,1.0,169.4050136902473,81.72231330708837,1.3676807232155,1.4017789426013678,168.73142946500903,170.09911018822453,81.01243771981092,82.41421666241229,false,false
100,1.0,169.42661539226498,81.69464794354752,1.3511000708376173,1.3775462806051593,168.77524514045567,170.12634521129328,80.99574792109,82.37329420169516,false,false
100,1.0,169.4478883112924,81.69965502603382,1.3458765604627274,1.3958729487220438,168.7783798445963,170.12425640505901,81.01200310372228,82.40787605244432,false,false
100,1.0,169.4435738492991,81.72665272732979,1.3271632807222034,1.372091246434536,168.78771877639184,170.11488205711404,81.04665644345246,82.418747689887,false,false
100,1.0,169.3628498454034,81.73132445252125,1.3663913803546848,1.3756347976981829,168.67307435080724,170.03946573116193,81.04283059633158,82.41846539402977,false,false
100,1.0,169.41409678757387,81.70939668334762,1.299454256194764,1.3569255582899586,168.7622181459432,170.06167240213796,81.04007745402626,82.39700301231622,false,false
100,1.0,169.38418848869873,81.69668025371021,1.3656495227812968,1.369433083998672,168.70712915162454,170.07277867440584,81.0133329133499,82.38276599734857,false,false
100,1.0,169.38970574959322,81.71810807379173,1.365471274209142,1.3523283817184364,168.71256591716303,170.07803719137218,81.03198603675976,82.3843144184782,false,false
100,1.0,169.35837240379288,81.69523515432616,1.3315204929434117,1.377118474336271,168.71331129558527,170.04483178852868,81.01808418080893,82.3952026551452,false,false
100,1.0,169.3819924904415,81.73727829613992,1.3165376495285557,1.367861214245778,168.72291416845493,170.0394518179835,81.04199193252734,82.40985314677312,false,false
100,1.0,169.35735876319018,81.71535115359563,1.3631197943570328,1.3749123622352357,168.66440509223165,170.02752488658868,81.01001215945371,82.38492452168894,false,false
100,1.0,169.396471940045,81.70700914160832,1.312155931428407,1.328000386490558,168.72718437234542,170.03934030377383,81.04849653918076,82.37649692567132,false,false
100,1.0,169.3545153461559,81.70680557082954,1.3606636649084862,1.3481549167680384,168.67750227771756,170.03816594262605,81.03511182186313,82.38326673863116,false,false
100,1.0,169.42366075727392,81.70728937515088,1.3883417106702325,1.34360746996866,168.71167559382917,170.1000173044994,81.03073267331172,82.37434014328038,false,false
100,1.0,169.3635596513561,81.7258840459888,1.3249275069416342,1.3616940242589806,168.70697908151695,170.03190658845858,81.04412725256384,82.40582127682282,false,false
100,1.0,169.44356934432045,81.7034419580109,1.3591760214934823,1.374327665660772,168.7636954755501,170.12287149704358,81.02106104717929,82.39538871284006,false,false
100,1.0,169.34367595341402,81.68821475531516,1.3348519833968169,1.3658536175582299,168.68125108309562,170.01610306649243,81.01161601016587,82.3774696277241,false,false
100,1.0,169.3552947700975,81.70272877729681,1.3430663821103224,1.3875861724983736,168.67618936781017,170.0192557499205,81.00503103395013,82.3926172064485,false,false
100,1.0,169.40876444477811,81.72374041390994,1.3720194724304804,1.3449699730478244,168.71298611614975,170.08500558858023,81.0672013363454,82.41217130939323,false,false
100,1.0,169.38841267033865,81.71961148016386,1.3690125161406002,1.34798261166614,168.70899149533315,170.07800401147375,81.03759043590239,82.38557304756853,false,false
100,1.0,169.3784070395168,81.7119473568838,1.3606230122258296,1.3255982821498122,168.70518007060278,170.0658030828286,81.04609928905481,82.37169757120462,false,false
100,1.0,169.3948109383852,81.70998057263088,1.3182718435056984,1.3724556945662272,168.74309106773552,170.06136291124122,81.01964130220509,82.39209699677131,false,false
100,1.0,169.37236392478113,81.6949215876356,1.3204262158554911,1.3767649803196207,168.7145089466026,170.03493516245808,81.00643694850301,82.38320192882263,false,false
100,1.0,169.4001871242014,81.72484076926362,1.3665550581181947,1.3801850167405831,168.70473171195536,170.07128677007356,81.0243969551686,82.40458197190918,false,false
100,1.0,169.43736456740697,81.69608684378647,1.3376644947984744,1.3280509811663421,168.75834349848748,170.09600799328595,81.04023736857636,82.3682883497427,false,false
100,1.0,169.32075101424667,81.70539942932805,1.3302969661413044,1.3781640967127515,168.66003015395862,169.99032712009992,81.02889222671438,82.40705632342713,false,false
100,1.0,169.41125538175964,81.7220326994732,1.3320653531630455,1.3313201991788475,168.75201659676253,170.08408194992558,81.04509987328376,82.37642007246261,false,false
100,1.0,169.4319855553752,81.68874865684315,1.3125279853132668,1.3654549322301506,168.78383195126835,170.09635993658162,81.01026516770023,82.37572009993038,false,false
100,1.0,169.3960768459636,81.69608323869662,1.3505713570841067,1.3601633702253793,168.72159973542261,170.07217109250672,81.00340394235567,82.36356731258105,false,false
100,1.0,169.3746977290187,81.69487372287895,1.335918366707233,1.405158427248324,168.70787023496925,170.04378860167648,81.00602459681504,82.41118302406336,false,false
100,1.0,169.42786172094998,81.7046902759758,1.3465317625145872,1.322685630771005,168.7465034386832,170.09303520119778,81.03346679422405,82.35615242499506,false,false
100,1.0,169.39077249243542,81.7128340110776,1.3532089014946678,1.3673903541714338,168.69808043709094,170.0512893385856,81.03173481995881,82.39912517413025,false,false
100,1.0,169.38711805729497,81.71504759759512,1.3498994672196716,1.3806323158664213,168.70557422529785,170.05547369251752,81.01770619848295,82.39833851434938,false,false
100,1.0,169.38220355348287,81.71729634367513,1.335149524469017,1.4083332928463221,168.7409333721268,170.0760828965958,81.0203797118422,82.42871300468852,false,false
100,1.0,169.3357621589467,81.69356836361436,1.3684205127963764,1.4035875310074175,168.65068626411477,170.01910677691114,81.00331611245389,82.4069036434613,false,false
100,1.0,169.36875416273645,81.71655067344778,1.3589325688766394,1.4022439875535184,168.68290794089563,170.04184050977227,81.01440718865173,82.41665117620525,false,false
100,1.0,169.37837027431877,81.70480296673367,1.3291054958646384,1.3809666006039691,168.69172429872395,170.0208297945886,81.02070376567286,82.40167036627683,false,false
100,1.0,169.38664850495496,81.70234582178615,1.3698732045997986,1.3764173808756368,168.70235637363646,170.07222957823626,81.01150282259033,82.38792020346597,false,false
100,1.0,169.43842611525275,81.72234137294595,1.336361148594932,1.3432206632898414,168.76383235531804,170.10019350391298,81.04174156877473,82.38496223206457,false,false
100,1.0,169.34966778162624,81.71023858297492,1.3525824261828916,1.3539766392589314,168.68854871077272,170.0411311369556,81.03581855798582,82.38979519724475,false,false
100,1.0,169.37533241585692,81.72873362849388,1.3265868826601661,1.3613243504644004,168.7196664239086,170.04625330656876,81.04886717183214,82.41019152229654,false,false
100,1.0,169.33266849039632,81.67003817032025,1.37416565482809,1.409058544020212,168.65296810068295,170.02713375551104,80.97773209400614,82.38679063802635,false,false
100,1.0,169.38002418078074,81.72781548340777,1.302954122699191,1.3605581845194337,168.70877968858284,170.01173381128203,81.01369557305496,82.3742537575744,false,false
100,1.0,169.42720682865863,81.72810501057471,1.30656676666743,1.349231508617038,168.78031389833396,170.0868806650014,81.04819356371351,82.39742507233055,false,false
100,1.0,169.4362930392567,81.69604723219624,1.3615917530481738,1.356141405067234,168.7642525114565,170.12584426450468,81.02600167114875,82.38214307621598,false,false
100,1.0,169.39905898896868,81.72140540819049,1.3370600814882039,1.3568397779341836,168.719484961173,170.0565450426612,81.03831653634798,82.39515631428216,false,false
100,1.0,169.37371395918143,81.69289397292354,1.337317303402358,1.3996093635466593,168.70532496429288,170.04264226769524,80.98673955100426,82.38634891455092,false,false
100,1.0,169.44367821774597,81.69822674625179,1.340019052107067,1.372603419108998,168.7783105692051,170.11832962131217,81.01580955395421,82.38841297306321,false,false
100,1.0,169.3455193268381,81.69364985091698,1.3538566065060138,1.4067138489135829,168.68659938257176,170.04045598907777,80.99457453089303,82.40128837980662,false,false
100,1.0,169.40640362009347,81.72014947844829,1.3510672705619697,1.368246775056278,168.74064207175695,170.09170934231892,81.02094014923378,82.38918692429006,false,false
100,1.0,169.37295916039636,81.71084656966372,1.3861097934601219,1.346784940632432,168.67757426102554,170.06368405448566,81.03889154445875,82.38567648509118,false,false
100,1.0,169.34089691314892,81.6926919608564,1.3671620890939948,1.3826071618294833,168.66823839417145,170.03540048326545,80.99746278969968,82.38006995152917,false,false
100,1.0,169.39781914730872,81.71547555153683,1.3086665284707806,1.3377087874583395,168.7402049194058,170.0488714478766,81.04833226614146,82.3860410535998,false,false
100,1.0,169.41987637771513,81.69934868415984,1.3368802909262172,1.365206558283674,168.76437305854716,170.10125334947338,81.0186461777566,82.38385273604027,false,false
100,1.0,169.4394810113443,81.71707927696187,1.3399905250234951,1.3279186003512393,168.7680885188228,170.1080790438463,81.05850730858435,82.38642590893559,false,false
100,1.0,169.4351827580382,81.74499136936566,1.3686159056125575,1.3953894164593095,168.7354349289488,170.10405083456135,81.04391820247305,82.43930761893236,false,false
100,1.0,169.38239444904224,81.70181717439313,1.3603495288956822,1.329834699128412,168.69916050802402,170.0595100369197,81.04664390669754,82.37647860582595,false,false
100,1.0,169.3682797028992,81.70978370867799,1.361631415248496,1.3752958087029015,168.6863602958702,170.0479917111187,81.02663794348993,82.40193375219283,false,false
100,1.0,169.36938800807803,81.71094604824891,1.3453435731506147,1.3263291591318023,168.68909875792193,170.03444233107254,81.05333887151386,82.37966803064566,false,false
100,1.0,169.39339682290756,81.7241509594111,1.3359891811320495,1.312692613735777,168.72998576742398,170.06597494855603,81.05642757882114,82.36912019255692,false,false
100,1.0,169.37345779608233,81.69600386042184,1.3503404904256513,1.389608350496161,168.70202353418898,170.05236402461463,80.99876676994614,82.3883751204423,false,false
100,1.0,169.424676849626,81.71228512681768,1.353424818958871,1.3840565447831779,168.745267405149,170.09869222410788,81.02416625832211,82.40822280310529,false,false
100,1.0,169.4434130841528,81.68804653446892,1.3450971972226,1.3273409945271766,168.77861682275517,170.12371401997777,81.03997375581768,82.36731475034486,false,false
100,1.0,169.43449512566042,81.73316754033928,1.3826356579153867,1.3587891782862158,168.7379591323417,170.1205947902571,81.03623593776507,82.39502511605129,false,false
100,1.0,169.42988098335766,81.71782165935171,1.32693313777375,1.3615797586184613,168.74786878011895,170.0748019178927,81.03163204010295,82.39321179872141,false,false
100,1.0,169.3721919638337,81.73564013070812,1.3404421417476442,1.3326737663296768,168.69767198542965,170.0381141271773,81.05684150892294,82.38951527525262,false,false
100,1.0,169.46770669958488,81.72714405661196,1.3342972195255527,1.3753424685453837,168.80435434090535,170.1386515604309,81.02559064675248,82.40093311529786,false,false
100,1.0,169.38684117521785,81.70404989835487,1.334696972221309,1.3382422650317949,168.72446574523127,170.05916271745258,81.0464339091734,82.3846761742052,false,false
100,1.0,169.3451238098163,81.71048800170402,1.367486125906737,1.3675845583575352,168.65767170944753,170.02515783535426,81.02800907957518,82.39559363793272,false,false
100,1.0,169.47121951010297,81.71206653288252,1.3848243335175994,1.3651409585069416,168.7670566791818,170.1518810126994,81.02572714545423,82.39086810396117,false,false
100,1.0,169.42752495856612,81.73402394013637,1.3520995221990972,1.3257734649547785,168.751119796958,170.1032193191571,81.0545909084423,82.38036437339707,false,false
100,1.0,169.33463090817503,81.71570822878476,1.3602199934513806,1.385011677476399,168.6607300217079,170.0209500151593,81.01957055091252,82.40458222838892,false,false
100,1.0,169.43165790552564,81.69606926765343,1.3658666648475162,1.3758710054255516,168.74849368532423,170.11436035017175,81.01592095174834,82.3917919571739,false,false
100,1.0,169.3874375059595,81.69841683636298,1.350906059697877,1.3490421851344223,168.6919964964041,170.04290255610198,81.03494032650885,82.38398251164327,false,false
100,1.0,169.3836388659342,81.73734444182332,1.3339891161360526,1.394009372833608,168.7104581917369,170.04444730787296,81.0186377842904,82.41264715712401,false,false
100,1.0,169.4309535266968,81.72646692281918,1.337792345511474,1.3654238970345176,168.75619124882948,170.09398359434095,81.04351233393042,82.40893623096494,false,false
100,1.0,169.38079259141654,81.70883338532441,1.3363892503102193,1.3499385444524847,168.7193011690454,170.0556904193556,81.03610007853561,82.3860386229881,false,false
100,1.0,169.37565920780582,81.7278786882267,1.3319990699650077,1.340807536291294,168.7049707400339,170.0369698099989,81.02742202263804,82.36822955892933,false,false
100,1.0,169.38338417277834,81.72006270163445,1.35351069387346,1.3784813351399663,168.7205054974989,170.07401619137235,81.03298509254446,82.41146642768443,false,false
100,1.0,169.4106346568325,81.71749907597611,1.3425012420231894,1.3351540564233488,168.7307440765827,170.0732453186059,81.03939842902594,82.37455248544929,false,false
100,1.0,169.43698287676182,81.71267471485407,1.3696054831171978,1.3527717545842393,168.76112254400408,170.13072802712128,81.04526807153495,82.39803982611919,false,false
100,1.0,169.412561406082,81.70121340934989,1.3777293235115167,1.369148301123431,168.71315918627784,170.09088850978935,81.02719837637284,82.39634667749627,false,false
100,1.0,169.34512839036879,81.72435918728738,1.3532952280285144,1.3664254949135,168.6925595105509,170.0458547385794,81.04200245278963,82.40842794770313,false,false
100,1.0,169.3687983218714,81.72862712142883,1.3529216977988199,1.336002457279804,168.70577197449927,170.0586936722981,81.04811047475195,82.38411293203175,false,false
100,1.0,169.41380359736058,81.70672093893647,1.3651575548911978,1.3576939997043809,168.73560381875257,170.10076137364376,81.04414149692943,82.40183549663381,false,false
100,1.0,169.4095933545687,81.7111307344477,1.340219136884798,1.3833880962479839,168.73437511942146,170.07459425630626,81.02337203804726,82.40676013429524,false,false
100,1.0,169.4337175095555,81.70226419658991,1.3384042116036596,1.3523330759043262,168.77263517272715,170.1110393843308,81.03567767756698,82.3880107534713,false,false
100,1.0,169.32884697522317,81.72081837516401,1.3189959474515263,1.3412082197968402,168.6700527895332,169.98904873698473,81.0399540663335,82.38116228613033,false,false
100,1.0,169.4179867915023,81.70984749153926,1.323595464761496,1.333605057300474,168.75371850605572,170.07731397081722,81.05638818074907,82.38999323804954,false,false
100,1.0,169.44786499066186,81.71218215174187,1.3336292594117936,1.3647418068433126,168.76336782662474,170.09699708603654,81.03572432506806,82.40046613191137,false,false
100,1.0,169.38615377566958,81.70418064061823,1.3454209996681925,1.3576590697708752,168.6976337212855,170.0430547209537,81.0289680231067,82.38662709287757,false,false
100,1.0,169.38741231904106,81.70505831840634,1.3341966489407469,1.381989474579953,168.72091972328292,170.05511637222367,81.00104459389125,82.3830340684712,false,false
100,1.0,169.4165331399895,81.70392959169767,1.3510578083541134,1.3790781893134891,168.74992862126328,170.1009864296174,81.01199703240124,82.39107522171473,false,false
100,1.0,169.40721731438848,81.69301765512319,1.3080787267059577,1.3478249349636258,168.72868259380317,170.03676132050913,81.03643219893732,82.38425713390095,false,false
100,1.0,169.39989577154756,81.70633894451142,1.3463509846102397,1.3787201665832072,168.7226875864876,170.06903857109785,81.02855910630828,82.40727927289149,false,false
100,1.0,169.420408106259,81.7257741936778,1.3389539717465482,1.35710112129658,168.74156545395547,170.08051942570202,81.05078645516089,82.40788757645747,false,false
100,1.0,169.44408454942453,81.71581139150202,1.3349894839384433,1.3881326638750835,168.77786249678056,170.112851980719,81.00751435432646,82.39564701820154,false,false
100,1.0,169.41334331414754,81.6968860822881,1.335104316159942,1.3418359273641727,168.74426594683177,170.07937026299172,81.0393811211598,82.38121704852398,false,false
100,1.0,169.3713331210567,81.69571012235053,1.3683858600045937,1.4003692682590412,168.68086739617047,170.04925325617506,81.01115004878973,82.41151931704877,false,false
100,1.0,169.44653085753708,81.709950850753,1.3379411022707188,1.3391709018892044,168.75711177452953,170.09505287680025,81.02500220690028,82.36417310878949,false,false
100,1.0,169.3257284127596,81.71616530906428,1.3381639727363108,1.3467131331520648,168.67106144464134,170.00922541737765,81.0328130708981,82.37952620405017,false,false
100,1.0,169.3761853402558,81.69497036055995,1.3483491103807523,1.364453706382605,168.7096202024198,170.05796931280057,81.01563990416608,82.38009361054868,false,false
100,1.0,169.34786846663826,81.71529103879453,1.3478788675282658,1.4124103700565769,168.6769759201016,170.02485478762986,81.0185173061619,82.43092767621847,false,false
100,1.0,169.39497247825884,81.70674105675668,1.3639369665511651,1.3204547511743954,168.7227985328272,170.08673549937836,81.04685004448413,82.36730479565853,false,false
100,1.0,169.3883477194158,81.71809442277979,1.339395584951717,1.3841141093023737,168.71011555883223,170.04951114378395,81.03289338184726,82.41700749114963,false,false
100,1.0,169.44922448610484,81.71741790411176,1.3266347617749545,1.3433546177191857,168.77499691549397,170.10163167726893,81.03150125209335,82.37485586981254,false,false
100,1.0,169.34432035556605,81.70837152852714,1.3330865897778494,1.3762875381192146,168.68556200794774,170.0186485977256,81.02208894805065,82.39837648616987,false,false
100,1.0,169.3878215175386,81.69407938047192,1.3517264537956635,1.3615747068761834,168.71239339225792,170.0641198460536,81.03459644696217,82.39617115383835,false,false
100,1.0,169.31588747731882,81.72770490759646,1.3416086559172413,1.379299957675883,168.64094106556118,169.98254972147842,81.03286065714124,82.41216061481713,false,false
100,1.0,169.34306936422468,81.72391435280285,1.3651557064865472,1.3474622571254713,168.68488240604424,170.05003811253079,81.05737817865767,82.40484043578314,false,false
100,1.0,169.43897947137285,81.72038891938493,1.3531053469867231,1.3640795320790886,168.75236179940313,170.10546714638986,81.02856146766281,82.3926409997419,false,false
100,1.0,169.3434781643989,81.7239357056284,1.3861284461621324,1.3416227972668366,168.64668287052928,170.0328113166914,81.05238438773705,82.39400718500389,false,false
100,1.0,169.364511779778,81.70394480272546,1.3650274911445024,1.3604995732315075,168.68948921824634,170.05451670939084,81.04459375710499,82.4050933303365,false,false
100,1.0,169.41408569392658,81.71112962488692,1.378862859267798,1.3841595099836184,168.71285554156975,170.09171840083755,81.02962055216767,82.41378006215129,false,false
100,1.0,169.35941603200988,81.71991264213423,1.3470432595648276,1.3713744391674254,168.69495424097482,170.04199750053965,81.03414731121084,82.40552175037827,false,false
100,1.0,169.34978393398984,81.68288590017823,1.3164508927852125,1.3563653109361127,168.6839709052179,170.00042179800312,81.01931132481981,82.37567663575592,false,false
100,1.0,169.35531166954127,81.70245127151173,1.358947016799135,1.3457505071123137,168.67500456016876,170.0339515769679,81.04415594821708,82.3899064553294,false,false
100,1.0,169.36474658971736,81.72153111851222,1.360674353257565,1.344076719209852,168.69127815058147,170.05195250383903,81.04019659703474,82.38427331624459,false,false
100,1.0,169.41671675711922,81.69884308053759,1.3314314797882503,1.3825767769269532,168.76067678215472,170.09210826194297,80.99297536634042,82.37555214326737,false,false
100,1.0,169.40583776478232,81.71259320070736,1.3535641282919926,1.3683964416524361,168.73582915722494,170.08939328551693,81.03931207596032,82.40770851761276,false,false
100,1.0,169.4257103619239,81.70607325643167,1.3303036247358762,1.352430210516161,168.76296068366005,170.09326430839593,81.03359542755155,82.38602563806771,false,false
100,1.0,169.44559343388192,81.72755445086521,1.3400466596531544,1.3384145569919497,168.76832778172886,170.108374441382,81.05475800008603,82.39317255707797,false,false
100,1.0,169.38903024767023,81.71678138012409,1.3390878216589215,1.3549078002585873,168.7198412695526,170.05892909121152,81.04537229476124,82.40028009501982,false,false
100,1.0,169.41441509304858,81.69335598139998,1.3327281759415825,1.351343309076455,168.7460292221366,170.07875739807818,81.01931600825498,82.37065931733143,false,false
100,1.0,169.35358413460727,81.7129232718404,1.3473999392934672,1.3651619483851505,168.6892522738842,170.03665221317766,81.03847922694833,82.40364117533348,false,false
100,1.0,169.40300634601022,81.71748998936926,1.39726501991737,1.3438368594271424,168.69944126074236,170.09670628065973,81.04147955027288,82.38531640970002,false,false
100,1.0,169.43398792055268,81.69482500230677,1.3789579553163378,1.3740555139454074,168.73956681887407,170.1185247741904,81.00507133678029,82.3791268507257,false,false
100,1.0,169.35414356541372,81.73214438599769,1.365540433009329,1.3445137227565596,168.6840292528947,170.04956968590403,81.05052592592445,82.395039648681,false,false
100,1.0,169.42908081346664,81.71356240729828,1.3384870931430441,1.3815539978793083,168.76546710670382,170.10395419984687,81.02818525234844,82.40973925022774,false,false
100,1.0,169.45665891412233,81.70029488396369,1.3565179887564227,1.3844633664328398,168.78175836550582,170.13827635426225,81.00296330177122,82.38742666820406,false,false
100,1.0,169.42915405629353,81.69773008046646,1.3616122695769945,1.3604479914012302,168.75044693135203,170.11205920092902,81.01467166663637,82.3751196580376,false,false
100,1.0,169.4337125333319,81.70330630832049,1.329028921268673,1.3463760699361842,168.76935037861685,170.09837929988552,81.0292030516362,82.37557912157239,false,false
100,1.0,169.35294111685405,81.70171630547195,1.3391449883889663,1.3284951344819547,168.6742711424826,170.01341613087158,81.03821754376284,82.3667126782448,false,false
100,1.0,169.41949779636155,81.71483411375911,1.376313748773896,1.3499639317234653,168.71546509539002,170.0917788441639,81.0567204020238,82.40668433374726,false,false
100,1.0,169.3172465569127,81.70323242433972,1.3861618691277613,1.3418234065189694,168.62439794732893,170.0105598164567,81.04274257856417,82.38456598508314,false,false
100,1.0,169.3866568023973,81.73092708023788,1.3299213357679491,1.3705210237046117,168.73256529598657,170.06248663175452,81.03643129625269,82.4069523199573,false,false
100,1.0,169.4425482980842,81.70848475683641,1.3207298975626145,1.339483318608103,168.77738666059935,170.09811655816196,81.03509064202963,82.37457396063773,false,false
100,1.0,169.4341707760022,81.71641435308347,1.337715636871593,1.373464089587344,168.76428071598573,170.10199635285733,81.03707208224694,82.41053617183428,false,false
100,1.0,169.35761771806617,81.69915742616038,1.3375553985938495,1.3607554325732565,168.68101952539507,170.01857492398892,81.02617272227151,82.38692815484477,false,false
100,1.0,169.4082172511771,81.69551588376473,1.315091676051452,1.368255438720368,168.74774576093122,170.06283743698268,81.01532444139032,82.38357988011069,false,false
100,1.0,169.32656502869395,81.72314037931831,1.3434487124231964,1.3692365540708096,168.6448430288358,169.988291741259,81.03622249840431,82.40545905247512,false,false
100,1.0,169.41026863480363,81.7027487553774,1.3515308054717536,1.3567107811165329,168.740084823616,170.09161562908776,81.02336401229539,82.38007479341192,false,false
100,1.0,169.43921547490714,81.69941280106502,1.3561138113669529,1.367592872216676,168.7639097169617,170.12002352832866,81.03368067894351,82.40127355116019,false,false
100,1.0,169.3685082779496,81.72346189314325,1.351343051571689,1.378147050617315,168.7027818958145,170.05412494738619,81.02814062180974,82.40628767242706,false,false
100,1.0,169.41747964397325,81.72129480558984,1.3548636847317823,1.367285672723341,168.7393621139619,170.09422579869369,81.0353668920385,82.40265256476184,false,false
100,1.0,169.4475625011616,81.73238682907089,1.3296451452504812,1.3328766261972618,168.79886362597887,170.12850877122935,81.04337279432214,82.3762494205194,false,false
100,1.0,169.3392881998508,81.70921726923802,1.3335114218522222,1.3400010696772,168.67724671605237,170.0107581379046,81.04787987525208,82.38788094492928,false,false
100,1.0,169.41926538763246,81.69429671475999,1.332721120198073,1.3941014282688258,168.73907075254994,170.071791872748,81.01887046755994,82.41297189582876,false,false
100,1.0,169.45292580022198,81.69020436150913,1.364612941462866,1.4044657949320225,168.76455478657155,170.12916772803442,81.00322852463371,82.40769431956573,false,false
100,1.0,169.3765390554392,81.6899385573506,1.3035894925269815,1.348421326158828,168.72706373204096,170.03065322456794,81.01797145063658,82.36639277679541,false,false
100,1.0,169.42074111627497,81.71473389172459,1.3174501395637606,1.3662052644373262,168.76804637176232,170.08549651132608,81.02703326397733,82.39323852841466,false,false
100,1.0,169.37859934730704,81.72777327856795,1.3525306014409182,1.3660384696014063,168.69701359188645,170.04954419332736,81.03253526243962,82.39857373204103,false,false
100,1.0,169.46543534982152,81.73125233040618,1.2978078305690985,1.3656293113731266,168.81276988257875,170.11057771314785,81.03480918083855,82.40043849221168,false,false
100,1.0,169.3610246080295,81.7143037473065,1.3452946695058472,1.3654577521370186,168.69046117441957,170.03575584392541,81.02716253013037,82.39262028226739,false,false
100,1.0,169.32073797780066,81.70681488078611,1.3622944092020646,1.3591850709238997,168.6452205596481,170.00751496885016,81.03533543012982,82.39452050105372,false,false
100,1.0,169.46579678214135,81.68208297946163,1.3558561324668403,1.3771345065251666,168.76577659665995,170.1216327291268,80.99934800838446,82.37648251490963,false,false
100,1.0,169.38374342373356,81.72521858375319,1.3572147158099312,1.3538054198922111,168.6976573364522,170.05487205226214,81.04188499447568,82.39569041436789,false,false
100,1.0,169.43888821150713,81.69028217246782,1.3492344357504464,1.358964571434484,168.77628353142947,170.12551796717992,81.02162664048203,82.38059121191651,false,false
100,1.0,169.4349558629421,81.69933386679847,1.3470619302745774,1.3476662889127198,168.75615899325052,170.1032209235251,81.02549294045147,82.37315922936419,false,false
100,1.0,169.39320195670385,81.71353096581544,1.350144982301515,1.3822890016263756,168.71221212327032,170.06235710557183,81.01816523222858,82.40045423385496,false,false
100,1.0,169.38024471487896,81.70323095591468,1.3542939310407291,1.3615216445645189,168.72182065199306,170.07611458303379,81.0222448419873,82.38376648655182,false,false
100,1.0,169.5196220228214,81.70152341187254,1.3544780849067308,1.324908461517495,168.84003952624738,170.1945176111541,81.03127698978668,82.35618545130417,false,false
100,1.0,169.36068411872822,81.70522901268896,1.3726558570476186,1.353972507080755,168.6820122460664,170.054668103114,81.03000675354227,82.38397926062302,false,false
100,1.0,169.435627134361,81.70718051632802,1.3406892742314653,1.3572314302749078,168.74357046351844,170.0842597377499,81.02390073300027,82.38113216327518,false,false
100,1.0,169.40399301223175,81.72335240368635,1.3331063424491845,1.3280541157544263,168.73320468118834,170.06631102363752,81.05708915259788,82.38514326835231,false,false
100,1.0,169.34985092597842,81.70388956369986,1.3350330877199212,1.3519219365427944,168.6788716579017,170.01390474562163,81.02217797446177,82.37409991100456,false,false
100,1.0,169.4841158908618,81.69882851909857,1.3028300404546087,1.3755344546916746,168.83103939287028,170.1338694333249,81.01485531667493,82.3903897713666,false,false
100,1.0,169.3853608484585,81.71110438211022,1.3547336550697935,1.3673609805410223,168.69670923442513,170.05144288949492,81.01495751186516,82.38231849240618,false,false
100,1.0,169.32229774371862,81.70691647101846,1.329603183727727,1.3390082740370417,168.64519060946012,169.97479379318784,81.04939268980488,82.38840096384192,false,false
100,1.0,169.366799602494,81.72109342141097,1.348991984966574,1.3630802033624292,168.69072069134683,170.0397126763134,81.0288975747594,82.39197777812183,false,false
100,1.0,169.4088733302793,81.72270337049905,1.338499937788555,1.3208085918849264,168.7460853466558,170.08458528444436,81.06766981826583,82.38847841015075,false,false
100,1.0,169.3748747848622,81.70837356015669,1.3656811526634272,1.3232546928870619,168.6981680368146,170.06384918947802,81.0537616970171,82.37701638990416,false,false
100,1.0,169.41180291440568,81.71847068109895,1.338958586796025,1.373192199502597,168.74054691524265,170.07950550203867,81.03253855132559,82.40573075082818,false,false
100,1.0,169.3797335391136,81.70737865236194,1.3476536259231295,1.3715080776042896,168.7114702683904,170.05912389431353,81.03867948562429,82.41018756322858,false,false
100,1.0,169.38434272274426,81.71943031478052,1.348873256299754,1.3700622472432684,168.72619168744964,170.0750649437494,81.03107271139781,82.40113495864108,false,false
100,1.0,169.41185153012842,81.6996401812307,1.3596453526764378,1.3586760575481662,168.7264974861792,170.08614283885564,81.0191976676279,82.37787372517607,false,false
100,1.0,169.45806675843474,81.69722826444432,1.315366444683633,1.3721004871122346,168.8002239524043,170.11559039708794,81.02402732162169,82.39612780873392,false,false
100,1.0,169.33895515989343,81.7044438040127,1.31620629804371,1.3831940010589392,168.67461703552917,169.99082333357288,80.99979106034769,82.38298506140663,false,false
100,1.0,169.39450995739116,81.70605757931524,1.320015205878235,1.3943340070496077,168.74022665731866,170.0602418631969,81.02734228486318,82.42167629191279,false,false
100,1.0,169.4288711795428,81.72028390274781,1.3360906113277622,1.354858053517276,168.74779691731888,170.08388752864664,81.02395499469478,82.37881304821205,false,false
100,1.0,169.4497735595018,81.72788696013033,1.3084053343656876,1.3891660686066842,168.788730949883,170.09713628424868,81.02821084714542,82.4173769157521,false,false
100,1.0,169.37295152447797,81.70112138086652,1.334297519853834,1.3616170177725735,168.72575648030883,170.06005400016267,81.03866903620249,82.40028605397507,false,false
100,1.0,169.34542622261176,81.70490461143316,1.3392755564992171,1.3485033453620474,168.68605302442083,170.02532858092005,81.03579134142956,82.3842946867916,false,false
100,1.0,169.38058136324562,81.69577020029232,1.3431102510689072,1.357934791470612,168.71212143914138,170.0552316902103,81.02031914467472,82.37825393614533,false,false
100,1.0,169.38662452343874,81.69601183425746,1.3375555500702205,1.34566404774111,168.71640027293003,170.05395582300025,81.02604770487065,82.37171175261176,false,false
100,1.0,169.3868911796062,81.70713228402093,1.2966656787193358,1.3426835611566332,168.75363145132147,170.0502971300408,81.0349156333413,82.37759919449793,false,false
100,1.0,169.3880465026616,81.71880228242095,1.3514753306346563,1.3846847022857105,168.70895206511264,170.0604273957473,81.00125825606673,82.38594295835244,false,false
100,1.0,169.3638413887412,81.68437632253554,1.295610032687648,1.3754411990344266,168.7308286746833,170.02643870737094,80.9885647641188,82.36400596315323,false,false
100,1.0,169.4290753564921,81.71160461289261,1.3380992562079541,1.3713504609149112,168.7481108842017,170.08621014040966,81.01477111140865,82.38612157232356,false,false
100,1.0,169.43379352756034,81.66317517439865,1.3383453164375112,1.387769763716392,168.78007561731738,170.1184209337549,80.99660084112799,82.38437060484438,false,false
100,1.0,169.40264601596326,81.7053225778218,1.3517271737260046,1.368784138022221,168.71181490668397,170.06354208040997,81.02527343952639,82.39405757754861,false,false
100,1.0,169.38649663701221,81.6990400024106,1.361659673228644,1.3414897585774952,168.70540473481498,170.06706440804362,81.02310070709895,82.36459046567644,false,false
100,1.0,169.44948534811812,81.69629896564064,1.3959007884981531,1.38486508906648,168.72882950549285,170.124730293991,81.00700587707632,82.3918709661428,false,false
100,1.0,169.42851031457099,81.70941823412198,1.3324837501883735,1.388085010060351,168.74647841727443,170.0789621674628,81.02506286704738,82.41314787710773,false,false
100,1.0,169.37615345336258,81.70479339180415,1.3503865291242505,1.388083417735686,168.69827990309454,170.0486664322188,81.0235680467925,82.41165146452819,false,false
100,1.0,169.44179446501022,81.70744798206636,1.336791281443908,1.3479280031994705,168.7660080990754,170.10279938051931,81.03512683181347,82.38305483501294,false,false
100,1.0,169.37365380223025,81.71567365137555,1.338553629817028,1.355081097669867,168.70975412167155,170.04830775148858,81.02875886562194,82.3838399632918,false,false
100,1.0,169.33179287949866,81.73556487201333,1.336844571113403,1.382441241312975,168.65223238501144,169.98907695612485,81.03462310509057,82.41706434640355,false,false
100,1.0,169.4213982394258,81.73100525425016,1.3386747063435678,1.344729806629502,168.76025587966825,170.09893058601182,81.04977672151949,82.394506528149,false,false
100,1.0,169.40581192462133,81.7240425025012,1.3516837670987911,1.3548498823198685,168.72164191084306,170.07332567794185,81.03242958805373,82.3872794703736,false,false
100,1.0,169.39307454230385,81.69101587808507,1.3435496857453586,1.3209300788583676,168.7063573265071,170.04990701225245,81.03561537331706,82.35654545217542,false,false
100,1.0,169.4075356595633,81.69957596322848,1.3601056023558726,1.3952827898961147,168.7304898218389,170.09059542419476,81.00127712178895,82.39655991168506,false,false
100,1.0,169.4265998862814,81.69612574479387,1.3302094671074087,1.372645411523635,168.7518118939632,170.08202136107062,81.01402850255569,82.38667391407932,false,false
100,1.0,169.44108260862106,81.70150165753091,1.354664314954448,1.3671194978581696,168.7697902480811,170.12445456303556,81.01744890352299,82.38456840138116,false,false
100,1.0,169.38400605907302,81.69939504790568,1.3252659748123676,1.3997311704296322,168.7100888741743,170.03535484898666,80.9887256084758,82.38845677890544,false,false
100,1.0,169.39067409679473,81.69103368663255,1.349126858072367,1.4073483444008303,168.69996767104405,170.04909452911642,80.98780142094893,82.39514976534976,false,false
100,1.0,169.36182398242119,81.70703637127212,1.3537307722100422,1.3727502239004394,168.67560875139165,170.0293395236017,81.02664628621616,82.3993965101166,false,false
100,1.0,169.45195920394355,81.71511626335013,1.342611961991878,1.3867063315528014,168.77482450764347,170.11743646963535,81.01113907528793,82.39784540684073,false,false
100,1.0,169.4120214703601,81.7079166891719,1.3677523648159422,1.3881051446300887,168.73459635556685,170.1023487203828,81.01165494408627,82.39976008871636,false,false
100,1.0,169.47081864962814,81.71717691165743,1.357288053932649,1.3537694704762515,168.77959313737426,170.1368811913069,81.0488752519032,82.40264472237945,false,false
100,1.0,169.50171562778823,81.70299666773661,1.3612327688654489,1.3967050246647972,168.8103748362427,170.17160760510814,81.00123330915078,82.39793833381557,false,false
100,1.0,169.43655397290934,81.71192914837434,1.3519689145613256,1.3617895964503788,168.75316181560248,170.1051307301638,81.02945059095586,82.39124018740624,false,false
100,1.0,169.4012181441572,81.69714042478286,1.3496476400171389,1.3511935874787042,168.73662142153003,170.08626906154717,81.03542648971832,82.38662007719702,false,false
100,1.0,169.44875571743003,81.70561369643978,1.337478482557259,1.3355051637102946,168.78839383786502,170.12587232042227,81.03114437250784,82.36664953621813,false,false
100,1.0,169.39224692474414,81.70831186811549,1.3575523076442835,1.3420496073070751,168.72125004862718,170.07880235627147,81.04606844855408,82.38811805586116,false,false
100,1.0,169.45845976364438,81.71784066803757,1.346172946800749,1.3478447208040052,168.77333649925515,170.1195094460559,81.05510125383404,82.40294597463804,false,false
100,1.0,169.36986927777343,81.71527529370114,1.3445886389639554,1.3405549095218277,168.70261997133633,170.0472086103003,81.04184329326912,82.38239820279095,false,false
100,1.0,169.39607011060423,81.7026513862138,1.3461773758384084,1.364126772368266,168.7285600682389,170.0747374440773,81.01707639844095,82.38120317080921,false,false
100,1.0,169.45501575552197,81.68050466331762,1.3100562144930734,1.376221953615115,168.79873154188454,170.1087877563776,81.00592922575287,82.38215117936798,false,false
100,1.0,169.38022940658013,81.69470566493709,1.3235145405267872,1.3569247477807238,168.71851783295676,170.04203237348355,81.01781569814497,82.3747404459257,false,false
100,1.0,169.3650327908046,81.69180884034768,1.3018969205723465,1.3816306852287141,168.70246737955028,170.00436430012263,81.0137504796603,82.39538116488902,false,false
100,1.0,169.34040169246953,81.70746030226132,1.3553253815306903,1.372958103421297,168.66690259647527,170.02222797800596,81.01740871257317,82.39036681599447,false,false
100,1.0,169.41973964073605,81.69648611291231,1.3319996864553616,1.3628850017316125,168.76262018086618,170.09461986732154,81.0153862550096,82.37827125674121,false,false
100,1.0,169.402280689228,81.71429358166407,1.3009431119803878,1.3854203157766847,168.75559522190036,170.05653833388075,81.02194771784824,82.40736803362492,false,false
100,1.0,169.37768990907148,81.7016208697518,1.3200127741942254,1.3698359160576956,168.73139863491394,170.05141140910817,81.04268819466094,82.41252411071864,false,false
100,1.0,169.36100418935473,81.69401796887058,1.3745293099916296,1.3611753684546528,168.67088680595083,170.04541611594246,81.01665131955444,82.3778266880091,false,false
100,1.0,169.47982029546165,81.73052261975947,1.3596023410332236,1.3808020855895364,168.80115713386408,170.1607594748973,81.03427302832802,82.41507511391755,false,false
100,1.0,169.4130506128804,81.70729826587669,1.3253543127697185,1.3880924447461922,168.7597488008723,170.08510311364202,81.00190908404103,82.39000152878722,false,false
100,1.0,169.39916379254757,81.6795713432357,1.3833890505913473,1.3557302850413464,168.7036269134299,170.08701596402125,81.01604819379682,82.37177847883817,false,false
100,1.0,169.44510031611287,81.70819298118086,1.3831010191221083,1.3790294806917842,168.75086449587982,170.13396551500193,81.020692746586,82.39972222727778,false,false
100,1.0,169.37016148577476,81.70133337446433,1.3714198401071656,1.3586017174007594,168.69297311337772,170.06439295348488,81.02776397912119,82.38636569652195,false,false
100,1.0,169.38786558680195,81.71578259842573,1.3480355908648107,1.4018921145505772,168.70651851216797,170.05455410303279,81.0221192891504,82.42401140370097,false,false
100,1.0,169.3975597314925,81.7016229352833,1.3012312338002232,1.3541728592876865,168.75459641823346,170.05582765203368,81.03760075375062,82.39177361303831,false,false
100,1.0,169.3676672296544,81.70970166135515,1.3205308798900433,1.3364150002372241,168.69868191952594,170.01921279941598,81.06091730207407,82.3973323023113,false,false
100,1.0,169.35475180203701,81.71951962471326,1.3331517422093384,1.3612044105870353,168.68941528652087,170.0225670287302,81.01235145057217,82.3735558611592,false,false
100,1.0,169.44944621831962,81.70402172077729,1.3647947458370595,1.3703501997587892,168.77005107920712,170.13484582504418,81.03458950340872,82.40493970316751,false,false
100,1.0,169.3570958725726,81.70575823358398,1.399934614905277,1.3347597370982385,168.65958408554147,170.05951870044674,81.04136708363703,82.37612682073527,false,false
100,1.0,169.48250304694366,81.70377621741943,1.353481025688552,1.3723200600512655,168.80394806606898,170.15742909175754,81.0194552222409,82.39177528229216,false,false
100,1.0,169.3512858041667,81.70916123473545,1.3480696551366123,1.3873236131191788,168.67136720959684,170.01943686473345,81.014891072729,82.40221468584818,false,false
100,1.0,169.37810150043038,81.7024898763672,1.3479855126016105,1.3560140771616886,168.72626167020326,170.07424718280487,81.0396237281544,82.39563780531608,false,false
100,1.0,169.43334997678164,81.71886409572461,1.3270548989499105,1.3568057774809432,168.74831607058877,170.07537096953868,81.02589404519912,82.38269982268007,false,false
100,1.0,169.31156065544107,81.72660420572932,1.3613879167830873,1.375459751188032,168.63606230432762,169.9974502211107,81.03145804453656,82.4069177957246,false,false
100,1.0,169.41421720252114,81.70129543051688,1.3354646473286778,1.3627654318053573,168.72972344181787,170.06518808914655,81.0280574109131,82.39082284271846,false,false
100,1.0,169.4012964478465,81.71518262642289,1.325998938512953,1.3653256526096271,168.74327231018947,170.06927124870242,81.02119353050105,82.38651918311068,false,false
100,1.0,169.41594715201467,81.70411940429781,1.331388988632085,1.368170572056627,168.74407886185975,170.07546785049183,81.02554488362883,82.39371545568545,false,false
100,1.0,169.46152894068834,81.71232831015573,1.2708492122376072,1.347226038481537,168.8320166755047,170.1028658877423,81.05360339795959,82.40082943644113,false,false
100,1.0,169.44449487977428,81.70794122414148,1.3574503666757778,1.3770643922836854,168.77256145786686,170.13001182454263,81.01666111470277,82.39372550698646,false,false
100,1.0,169.4066927056913,81.71168271962674,1.3660227689267401,1.331100762585038,168.7182655743847,170.08428834331144,81.04174535267657,82.37284611526161,false,false
100,1.0,169.3582532781768,81.7419472372668,1.3420034190607737,1.3248456463019807,168.69294735404802,170.0349507731088,81.05854795989265,82.38339360619463,false,false
100,1.0,169.38517360624263,81.70456803800906,1.3788914749414687,1.3637908365085707,168.6990468177259,170.07793829266737,81.02452022206998,82.38831105857855,false,false
100,1.0,169.33688053314137,81.68901841847808,1.3496499194160094,1.341291578649333,168.64984537819515,169.99949529761116,81.03673772231468,82.37802930096402,false,false
100,1.0,169.35352062257897,81.72026335172994,1.3596235202341518,1.3671171426636164,168.6895901428171,170.04921366305126,81.05101786385363,82.41813500651725,false,false
100,1.0,169.41988749872013,81.745271615088,1.3632728015073212,1.3760118794104699,168.7414940998495,170.1047669013568,81.04632517230749,82.42233705171796,false,false
100,1.0,169.4112269048935,81.7067481113809,1.3738518711986671,1.3566135378916186,168.71380981595487,170.08766168715354,81.03271833876643,82.38933187665805,false,false
100,1.0,169.4125076202406,81.705846154501,1.3437553432172535,1.3757289861896709,168.72356424177906,170.0673195849963,81.02338582726537,82.39911481345504,false,false
100,1.0,169.3692005727902,81.72597252026037,1.4053199825487184,1.3560972653693284,168.67251548828511,170.07783547083383,81.04158452211792,82.39768178748724,false,false
100,1.0,169.35078109900257,81.71731477617465,1.341615067243822,1.3781965563031378,168.67647877332848,170.0180938405723,81.03065066538872,82.40884722169186,false,false
100,1.0,169.36803507179474,81.73275945927809,1.3436478433042964,1.3738257982636384,168.7194141812454,170.0630620245497,81.0150291502967,82.38885494856034,false,false
100,1.0,169.43544170001638,81.72025555479482,1.3376179708579343,1.3540751896813532,168.78584217006858,170.1234601409265,81.045849602481,82.39992479216235,false,false
100,1.0,169.4405291484171,81.71140548105225,1.3189809546903746,1.3208549587302656,168.7724854028196,170.09146635750997,81.04803625755153,82.3688912162818,false,false
100,1.0,169.4240457348883,81.70994501454192,1.330005690718849,1.344980151889132,168.76646921319502,170.09647490391387,81.05567061064966,82.40065076253879,false,false
100,1.0,169.43220912170483,81.7005311116396,1.3472354809146054,1.367786007908677,168.75357584799107,170.10081132890568,81.02691931807652,82.3947053259852,false,false
100,1.0,169.37964679184387,81.70665907228363,1.3695011627738722,1.3576162291179372,168.69806854332404,170.0675697060979,81.02864859355569,82.38626482267362,false,false
100,1.0,169.41449254566533,81.72400277543758,1.3502905503767124,1.3877495672034428,168.7522901306148,170.1025806809915,81.02806027077753,82.41580983798097,false,false
100,1.0,169.3939011908866,81.69930746043154,1.3557987741374689,1.3303939253984822,168.72248247230038,170.07828124643785,81.05476224436532,82.3851561697638,false,false
100,1.0,169.43760598811275,81.69561236704956,1.3419156996628203,1.3520364722412097,168.7616312536694,170.10354695333223,81.0340544397219,82.38609091196311,false,false
100,1.0,169.4092264477172,81.71565845005361,1.3332412058954901,1.3774085696212666,168.74514676350174,170.07838796939723,81.01271697657079,82.39012554619205,false,false
100,1.0,169.41012693307437,81.70406796761043,1.3481664187682725,1.3690711795219244,168.73825355233913,170.0864199711074,81.00816849255739,82.37723967207931,false,false
100,1.0,169.36695472505272,81.69947409357587,1.3642195350543602,1.3486146724226273,168.69268008458326,170.05689961963762,81.01746089229732,82.36607556471995,false,false
100,1.0,169.33651429470427,81.72868498529306,1.3498349316618032,1.361099862392095,168.67474923816837,170.02458416983018,81.04571511065329,82.40681497304539,false,false
100,1.0,169.3580551367891,81.71811491338624,1.3312982101733155,1.3624749819464057,168.70090621061195,170.03220442078526,81.04682119113767,82.40929617308407,false,false
100,1.0,169.39165046257196,81.72730916623038,1.3270311650353506,1.3311649311453664,168.71808366856237,170.04511483359772,81.05538671263497,82.38655164378034,false,false
100,1.0,169.39212157090427,81.71012366306365,1.3500928324708923,1.3654596422530147,168.71613082197837,170.06622365444926,81.02025398204748,82.3857136243005,false,false
100,1.0,169.50852678481846,81.72450335327348,1.3002594774085878,1.35667871668997,168.85577550450154,170.15603498191012,81.04053608607879,82.39721480276876,false,false
100,1.0,169.42302178207257,81.73603065011298,1.3742650665592748,1.3755203380912207,168.7294508015151,170.10371586807437,81.0393064071083,82.41482674519952,false,false
100,1.0,169.4371794010051,81.7289897629419,1.3278444169179124,1.353101605669238,168.7702095446216,170.0980539615395,81.05636851344602,82.40947011911526,false,false
100,1.0,169.44334812295756,81.70464075320993,1.3655637872560646,1.3938813562356955,168.76059446050965,170.12615824776572,81.0052096621958,82.39909101843149,false,false
100,1.0,169.39053601548392,81.70795306964986,1.319797637044303,1.3587970802271343,168.73745945950867,170.05725709655297,81.03755390928836,82.3963509895155,false,false
100,1.0,169.3763997915325,81.7151183779043,1.35674717367732,1.3447392649562886,168.70896129017532,170.06570846385264,81.03829680245063,82.38303606740692,false,false
100,1.0,169.30524876523714,81.70220491527716,1.3209220031390885,1.3701698968564813,168.64783936397313,169.96876136711222,81.02284704972107,82.39301694657755,false,false
100,1.0,169.4605697548082,81.70645012563222,1.3598407441941447,1.3440166732535204,168.78784303973674,170.1476837839309,81.03705767061173,82.38107434386525,false,false
100,1.0,169.358229046982,81.7088257679903,1.3597889598343613,1.3896354237679418,168.6677949852526,170.02758394508697,81.01224352156709,82.40187894533503,false,false
