ndata,sigma,theta1_median,theta2_median,theta1_iqrs,theta2_iqrs,quartiles1_1,quartiles3_1,quartiles1_2,quartiles3_2,theta1_coverage,theta2_coverage
10,20.0,150.2400844832054,91.74953653117859,2.8213684882077246,13.685244010796467,149.24562186887178,152.0669903570795,83.86619854882777,97.55144255962423,true,false
10,20.0,150.30725251007206,108.3665518721749,2.0215612806159413,12.877854180111427,149.6149886789564,151.63654995957233,101.45915520002058,114.337009380132,true,false
10,20.0,150.9808224038317,101.81562922623053,2.136926264021156,12.026064462776944,150.2341075265856,152.37103379060676,95.14360194653212,107.16966640930906,false,true
10,20.0,149.34216722628923,103.75951775922888,2.018508408546495,11.57181271215677,148.42738620292303,150.44589461146953,97.29104093647987,108.86285364863664,true,true
10,20.0,148.6104981123571,92.4514832575145,2.783475355982489,12.037264174903711,147.59816976753098,150.38164512351347,85.54328545416371,97.58054962906742,true,false
10,20.0,150.82226295275024,100.81690644358287,2.3917483561555173,11.635064093807713,149.93910699268451,152.33085534884003,94.08974780036094,105.72481189416865,true,true
10,20.0,150.74528862640085,97.92188633331813,2.4125870750181093,13.423939150419926,149.896798493573,152.3093855685911,90.53987151494448,103.9638106653644,true,true
10,20.0,148.68295896083964,106.72529209312873,2.0648260681009845,13.225498780415379,147.9407639431877,150.0055900112887,99.20499745986682,112.4304962402822,true,true
10,20.0,150.94061936225646,102.22137991200036,2.198872618481431,13.726147206169614,150.14937429149904,152.34824690998047,94.48437439960519,108.2105216057748,false,true
10,20.0,149.50682182383952,116.79380464300033,1.5392252401561848,11.055939465917433,148.97098975443208,150.51021499458827,110.41966381780402,121.47560328372145,true,false
10,20.0,148.02785604991556,108.36354253634775,1.8206952528990428,10.84254475482902,147.3883194548009,149.20901470769994,102.3751573021532,113.21770205698222,false,false
10,20.0,142.75672596204225,97.67254080980219,2.272890834780526,11.96622074316511,141.94138207131027,144.2142729060908,90.7833186307812,102.7495393739463,false,true
10,20.0,144.55331224935784,106.54425521899549,1.7594237299410906,10.821565549808966,143.89721517473586,145.65663890467695,100.49969306733058,111.32125861713955,false,false
10,20.0,150.93961119288292,119.7528165640638,1.5607051988763772,11.170078285592808,150.3753672614124,151.93607246028878,113.06350005498184,124.23357834057465,false,false
10,20.0,149.23005065902777,105.68936130515297,1.9551862514105665,12.85054199407871,148.54837589941047,150.50356215082104,98.5930314740021,111.44357346808081,true,true
10,20.0,151.29404836219163,90.4813110353067,2.781941184504092,11.021623079132738,150.30800594643551,153.0899471309396,84.13479664944987,95.1564197285826,false,false
10,20.0,150.10148600640815,108.9987241791471,1.8784480427461574,13.303669909387125,149.41640124646776,151.29484928921391,101.34629427417708,114.64996418356421,true,false
10,20.0,150.6899090525652,100.08449347853558,2.446707196636339,14.152069165695607,149.83107288902988,152.27778008566622,92.06066284614366,106.21273201183926,true,true
10,20.0,151.07924207949478,101.88660038739405,2.263720675738597,13.680330218227851,150.27538331171203,152.53910398745063,94.60911258265546,108.28944280088331,false,true
10,20.0,148.20129292054946,102.1166378338877,2.2506857342982016,13.721029422339669,147.3786112184702,149.6292969527684,94.54182692811418,108.26285635045384,false,true
10,20.0,151.07039345828417,107.65452174044819,1.960563990264518,13.65548173385612,150.3467802328928,152.30734422315732,99.9752262309729,113.63070796482901,false,true
10,20.0,150.45962604383962,85.10727139480963,2.9477809453920543,12.136471825783673,149.42781898646763,152.37559993185968,78.49385506424217,90.63032689002584,true,false
10,20.0,148.71174133254425,103.37278278175333,2.2278840387297123,13.310808188990066,147.89963662064196,150.12752065937167,96.03167423129213,109.3424824202822,true,true
10,20.0,150.48623114909418,96.8966260125718,2.5448433839314646,13.378849896805278,149.55377147273168,152.09861485666315,89.53743191585247,102.91628181265774,true,true
10,20.0,148.74731867539745,103.25805362027644,2.102629153037128,13.299711685084503,147.9843707966429,150.08699994968003,95.80631746071597,109.10602914580048,true,true
10,20.0,149.58984896209446,101.06170063542218,2.282734157159524,12.927034471616935,148.8031146048988,151.08584876205833,93.822188178154,106.74922264977093,true,true
10,20.0,148.32185641590638,108.35824344533705,1.8953791837270444,12.291424645213354,147.63655960911902,149.53193879284606,101.44898849720902,113.74041314242237,false,false
10,20.0,151.35993899917082,101.3740678773984,2.2919727033403205,14.131257816838612,150.5484829908139,152.84045569415423,93.5456658265502,107.67692364338882,false,true
10,20.0,140.99714842975305,104.791812109295,1.675295471556609,11.239922550813944,140.3941755411828,142.0694710127394,98.36520160015073,109.60512415096467,false,true
10,20.0,151.0603615572547,99.86781086347715,2.3936056483002517,13.914022177624759,150.21813931973685,152.6117449680371,92.11484669714916,106.02886887477392,false,true
10,20.0,150.8835332313044,94.97100933687993,2.6571994047841088,12.961350954598203,149.96368137603895,152.62088078082306,87.7656975691886,100.7270485237868,true,true
10,20.0,150.79629748564395,102.65104335362763,2.1009906494105337,12.408008374617111,150.0245959022473,152.12558655165785,95.39731848661185,107.80532686122896,false,true
10,20.0,148.78401097340196,95.95892884352551,2.420950264176156,13.991979134345968,147.91097147094456,150.33192173512072,88.53724155174183,102.5292206860878,true,true
10,20.0,146.86135363622714,98.85438041612775,2.19758812114938,11.344236058947715,146.09234130560722,148.2899294267566,92.41469352793605,103.75892958688377,false,true
10,20.0,149.31764431733885,110.17435721687774,1.8460947374791203,12.892719568205365,148.6586619256766,150.50475666315572,102.91331512734139,115.80603469554676,true,false
10,20.0,148.70452659969254,118.39528378604417,1.3958891944895697,10.051593062140043,148.20413939672835,149.60002859121792,112.48451594980168,122.53610901194172,false,false
10,20.0,150.46248110513886,89.87568295516783,2.8609005895640394,13.604689889148815,149.42750122295936,152.2884018125234,82.72634772743332,96.33103761658214,true,false
10,20.0,150.9427548584124,95.87463753592371,2.547991798269578,13.79283154116014,150.02211380103128,152.57010559930086,88.45617527954471,102.24900682070485,false,true
10,20.0,143.1180757878544,90.17074966575854,2.7022153022593614,13.085887975773119,142.15464024408845,144.85685554634782,83.09774022156353,96.18362819733665,false,false
10,20.0,149.58568700313668,100.05747737144453,2.236384308422714,12.825741178721586,148.73664515241208,150.9730294608348,93.0072392364576,105.83298041517918,true,true
10,20.0,150.22586716846138,93.8666897927973,2.6065114787821813,13.62501866577567,149.25894223476138,151.86545371354356,86.40225974479208,100.02727841056775,true,true
10,20.0,151.2545423676101,103.84739194086666,2.1238191677512646,12.755041837136446,150.50462258320312,152.62844175095438,96.39692264905419,109.15196448619064,false,true
10,20.0,150.35191134113077,101.52161672946762,2.178141827233759,12.648833929317533,149.58118279882868,151.75932462606244,94.3732623342139,107.02209626353144,true,true
10,20.0,150.2426337241822,91.55144348734078,2.9504175752887534,11.841377472729889,149.1932076746033,152.14362524989204,84.85102921689834,96.69240668962823,true,false
10,20.0,148.62635202377453,90.58220738487162,2.592298745620809,13.58817752933777,147.69909173858443,150.29139048420524,83.08059149010549,96.66876901944326,true,false
10,20.0,147.15148267797505,107.65633563941344,1.9518299967998587,9.688455034157727,146.48675723367126,148.43858723047111,102.01316989297324,111.70162492713096,false,false
10,20.0,149.5816092997839,100.81755951970578,2.4287295933555697,13.246289589711296,148.72310422876166,151.15183382211723,93.31971595443108,106.56600554414237,true,true
10,20.0,141.47455401141613,98.80493271111442,2.077671167724162,11.056181065011572,140.7186068839807,142.79627805170486,92.55619626842679,103.61237733343836,false,true
10,20.0,150.09661598156507,99.16918741754864,2.6189919109481536,13.704874706340405,149.19127398190224,151.8102658928504,91.55248970884551,105.25736441518592,true,true
10,20.0,151.4103148406387,95.91849348263482,2.651618823668855,13.861637620590244,150.43694235357185,153.0885611772407,88.19696488621626,102.05860250680651,false,true
10,20.0,148.81379206120255,87.57541850102533,2.8565664063693816,12.25033859623612,147.81520691416154,150.67177332053092,80.73223820173469,92.98257679797081,true,false
10,20.0,144.9989970414943,91.61683323615614,2.395437717670518,11.963889994405974,144.08255199986667,146.47798971753718,84.80646972320605,96.77035971761202,false,false
10,20.0,150.49776101217537,114.1329201968365,1.7437408853600118,12.01256231164318,149.8752409800493,151.61898186540932,107.14030428591919,119.15286659756237,true,false
10,20.0,148.80831184367167,111.80381418774829,1.6892331972124168,12.18408238587132,148.19383646797726,149.88306966518968,104.71437952951554,116.89846191538686,false,false
10,20.0,151.19768252431982,97.7312643500012,2.2996759929382335,13.294436970525894,150.36849326476056,152.6681692576988,90.49932501250346,103.79376198302936,false,true
10,20.0,151.22061200538963,95.22629168617142,2.5492733352544406,12.637800132057635,150.2776190387304,152.82689237398483,88.37590622634936,101.01370635840699,false,true
10,20.0,146.80627176230536,102.47984199758736,2.0049120225029355,12.74041131911396,146.07548907722827,148.0804010997312,95.47773169050458,108.21814300961854,false,true
10,20.0,149.854438921201,102.17607059679816,2.1274321752750893,14.41149544642424,149.06155816314651,151.1889903384216,94.18444468635751,108.59594013278175,true,true
10,20.0,148.47868191091436,96.50666300809068,2.331274723166189,11.620194683501225,147.65812731474097,149.98940203790715,89.83707812415346,101.45727280765469,false,true
10,20.0,150.1163185795461,98.24504418611306,2.2878043463290965,13.79445064235101,149.32342050677155,151.61122485310065,90.58199409960898,104.37644474195999,true,true
10,20.0,148.66301626537108,103.1224815055974,2.16253418206702,14.791945756565852,147.89466616051527,150.0572003425823,94.83414104684532,109.62608680341117,true,true
10,20.0,151.73104005673983,89.75682257863633,2.875369569268429,11.5643285263302,150.6862028095182,153.56157237878662,83.35124305744,94.9155715837702,false,false
10,20.0,149.48530412616427,105.85136329963926,2.07649323546579,12.846291510608054,148.74040471442274,150.81689794988853,98.40979882613937,111.25609033674742,true,true
10,20.0,151.51983504582128,95.79043561143658,2.464951332312296,12.669462404387062,150.61015773098862,153.0751090633009,88.34791075641776,101.01737316080482,false,true
10,20.0,149.55757974447124,113.72754995030014,1.8058445180193985,11.966717931053097,148.91131268466341,150.7171572026828,106.8689185747294,118.8356365057825,true,false
10,20.0,150.22885341412632,105.14546588312092,2.0780555923715553,13.357862958498444,149.49360436844478,151.57165996081633,97.92177907035229,111.27964202885073,true,true
10,20.0,151.0357590965467,103.88086711255556,2.1384196232382067,12.873604799709895,150.26633832972541,152.40475795296362,96.90284517213551,109.77644997184541,false,true
10,20.0,145.65767506491972,103.59893952457375,1.971590098908365,12.116933585284784,144.95902767769357,146.93061777660193,96.70109079771814,108.81802438300292,false,true
10,20.0,149.518998707283,92.68248057879146,2.7168782900480153,13.647171423644352,148.57556961194908,151.2924479019971,85.21560947435651,98.86278089800086,true,false
10,20.0,147.08079201484327,101.93361920222003,2.182742042908586,13.189593059664574,146.30050410711866,148.48324615002724,94.67266232236497,107.86225538202955,false,true
10,20.0,151.32601449687746,91.87759761727014,2.665241860630971,13.0022191819169,150.35951198012972,153.0247538407607,84.79678587985791,97.7990050617748,false,false
10,20.0,151.07066921844392,101.16458929499261,2.2630832934939917,14.234893817047762,150.28496229323582,152.5480455867298,93.34583554186224,107.58072935891,false,true
10,20.0,149.7867258207875,97.15696868156587,2.518116991549391,12.919573626250099,148.91192332390406,151.43004031545345,89.73687696681873,102.65645059306883,true,true
10,20.0,150.75843866039526,97.87350674333034,2.3210309186998757,12.730895025148598,149.92239180712696,152.24342272582683,90.84325825475831,103.57415327990691,true,true
10,20.0,151.5447543951551,94.06156521341866,2.807112315545737,12.525901047427212,150.54275136142567,153.3498636769714,87.03260467477511,99.55850572220233,false,false
10,20.0,150.84747848060312,100.96892529374361,2.310785812463166,13.253684152503169,150.02177512060564,152.3325609330688,93.94675574554918,107.20043989805235,false,true
10,20.0,151.46626551768975,95.22211883633746,2.578846460214038,13.105168993497344,150.52455320470997,153.103399664924,88.11587720306973,101.22104619656707,false,true
10,20.0,149.0529740580831,104.43295374042447,2.104641195108144,12.28005320314955,148.29387044459705,150.3985116397052,97.50527872771696,109.7853319308665,true,true
10,20.0,149.3089335336916,99.53310832618813,2.1959814281071317,12.387640681811405,148.51514779121354,150.71112921932067,92.5565570192052,104.9441977010166,true,true
10,20.0,148.77128887994766,104.4968891607642,2.066870639181957,12.296818868251478,148.01977400258107,150.08664464176303,97.44452443431477,109.74134330256625,true,true
10,20.0,151.2252989640409,90.35902792963645,2.7248130312623005,13.629061700448872,150.20786663285097,152.93267966411327,82.6156308139519,96.24469251440077,false,false
10,20.0,143.2528159218618,102.32218951784897,1.945269489417825,11.973136713428119,142.55486113032575,144.50013061974357,95.61380415616779,107.5869408695959,false,true
10,20.0,150.87674294101987,110.84142854241112,2.0397394585936297,12.88818155925405,150.12550468312818,152.16524414172181,103.48225180538925,116.3704333646433,false,false
10,20.0,148.92508997523274,95.38962149391817,2.5552574305942812,14.003922066680872,147.9997219584628,150.55497938905708,87.77872802155663,101.7826500882375,true,true
10,20.0,148.9234061350607,100.05217697134188,2.182181741664749,11.585796990959594,148.12886517659732,150.31104691826206,93.59848534884976,105.18428233980936,true,true
10,20.0,149.4994598799933,98.46649539550594,2.5739658253912125,13.937202874097792,148.56613312246185,151.14009894785306,90.76773482361777,104.70493769771556,true,true
10,20.0,150.66954018869876,88.72018258122502,2.8765597744324793,12.532783180606458,149.6510983451501,152.52765811958258,81.63922869149724,94.1720118721037,true,false
10,20.0,149.40928429223845,106.89738201170236,1.9137810135809445,12.778267346433438,148.6752208283196,150.58900184190054,99.67334516358565,112.45161251001909,true,true
10,20.0,148.93033743653496,108.55466033233958,1.9220860272643847,12.935858925232893,148.25519655692875,150.17728258419314,101.2272417378412,114.16310066307409,true,false
10,20.0,149.30473345811856,96.65349997400457,2.367341359005337,13.42851853434479,148.4508140386718,150.81815539767715,89.37337739385447,102.80189592819926,true,true
10,20.0,150.9592348670672,98.09195411284836,2.403632869374121,13.434224415269284,150.092007875418,152.49564074479213,90.54924536632734,103.98346978159663,false,true
10,20.0,147.76475001569582,93.63060614681599,2.6064810230342346,13.174447491259812,146.81330684308375,149.41978786611799,86.31908549234105,99.49353298360086,false,false
10,20.0,148.98080726055878,111.16740569253827,1.7734042671106636,12.707531702791115,148.33295632026505,150.10636058737572,103.73682645520677,116.44435815799788,true,false
10,20.0,149.67676996078788,104.82852896068752,2.282942933427563,13.2262700616552,148.85937241099367,151.14231534442123,97.27832813490322,110.50459819655842,true,true
10,20.0,150.78459479492207,110.62539226495895,1.9504815962039856,12.682017605219556,150.0912974947219,152.0417790909259,103.77351002522593,116.45552763044549,false,false
10,20.0,150.02756829636937,89.97343215783636,2.7217707643374354,12.241403096827455,149.0398644217179,151.76163518605534,83.11661771660013,95.35802081342759,true,false
10,20.0,151.31057587446284,104.16952027455103,2.299985048903409,13.809058447564112,150.46149555918697,152.76148060809038,96.52257120558758,110.3316296531517,false,true
10,20.0,146.49288586673214,97.21141462083965,2.306061090250637,12.626665145686431,145.69478239862613,148.00084348887677,89.95596449890016,102.58262964458659,false,true
10,20.0,151.3177495073395,98.10770618496599,2.3393460502561254,13.787613008774557,150.43829726617926,152.7776433164354,90.63605861574351,104.42367162451806,false,true
10,20.0,150.22972825266953,88.83591725329512,2.7947382272003836,13.505926291569665,149.2298595031787,152.02459773037907,81.40701557889786,94.91294187046752,true,false
10,20.0,151.0059508863975,84.99162640862093,2.91894365488389,13.534873775717045,149.95215768235525,152.87110133723914,77.33651473745934,90.87138851317638,true,false
10,20.0,147.76535963666646,95.38307724100429,2.413953758196527,13.15002205816802,146.89321066115954,149.30716441935607,88.14316882950263,101.29319088767065,false,true
10,20.0,150.64493541006328,99.51794045272271,2.4700903085614243,12.785767521604214,149.7843750562416,152.25446536480302,92.25302313319443,105.03879065479865,true,true
10,20.0,147.067519173638,107.91267984439894,1.836138952875217,11.672143131732412,146.38333341250632,148.21947236538153,101.22295118852682,112.89509432025923,false,false
10,20.0,150.2806598519394,100.32209759876946,2.2772923900285207,13.59104988775573,149.46604284247354,151.74333523250206,92.82292365374656,106.41397354150229,true,true
10,20.0,149.82945772362513,97.92863694342304,2.413204339187189,13.325526670988623,148.96382391314847,151.37702825233566,90.69093990033907,104.0164665713277,true,true
10,20.0,150.77909648947036,113.20769687749636,1.7754114038375235,12.745686586625126,150.14407841009267,151.9194898139302,105.92780395432216,118.67349054094728,false,false
10,20.0,149.1454222741569,96.47765429273889,2.395336912117756,11.822799780264901,148.2890643057211,150.68440121783885,89.82337419548233,101.64617397574723,true,true
10,20.0,150.56184242709202,116.19226539841691,1.740409324614319,9.765237241673262,149.91856634512143,151.65897566973575,110.39236978570887,120.15760702738213,true,false
10,20.0,150.31950569909273,92.86674983451147,2.599487756030385,14.106928906779586,149.3606822962524,151.9601700522828,85.24538029251411,99.3523091992937,true,false
10,20.0,151.19968228695677,93.02597478968843,2.6578532034003217,12.984880856684228,150.25181903841047,152.9096722418108,85.683772431603,98.66865328828723,false,false
10,20.0,148.51936481416246,105.61215366331723,1.938434149883733,11.617483060656085,147.8196401414906,149.75807429137433,99.0975436446585,110.71502670531459,false,true
10,20.0,147.85479571119885,99.00405685996316,2.329847839668105,12.94106192482164,147.04368494732574,149.37353278699385,91.78440187569765,104.7254638005193,false,true
10,20.0,151.28987893484992,97.4367710818448,2.3476086111732855,14.454941004718336,150.4179449771876,152.7655535883609,89.67853815142641,104.13347915614474,false,true
10,20.0,149.95692887866483,85.4766143980432,3.062484249584628,13.529530629983853,148.80643845881238,151.868922708397,78.057419109672,91.58694973965585,true,false
10,20.0,150.44117249774922,108.28041408049268,1.9422870681708844,11.867495562762144,149.76604114005147,151.70832820822235,101.42286583484163,113.29036139760377,true,false
10,20.0,145.461343799321,96.84123241752664,2.2926640370215523,11.412540963805014,144.60932608937208,146.90199012639363,90.22572202578127,101.63826298958628,false,true
10,20.0,147.10146197656752,105.64506297126596,1.8810167018236257,10.988304525275339,146.41459344746087,148.2956101492845,99.28567851344403,110.27398303871936,false,true
10,20.0,149.300336800811,93.74392393363682,2.484811926052515,13.608027497251555,148.38255534472424,150.86736727077675,86.15147374421753,99.75950124146908,true,false
10,20.0,151.1933119010323,107.94332825876663,2.0413488174332315,12.361083203574267,150.46065295464493,152.50200177207816,101.06082995379076,113.42191315736503,false,false
10,20.0,148.6578407792694,100.43288223831772,2.3033835385901114,13.261328230554525,147.8118842303456,150.11526776893572,93.23724986910975,106.49857809966427,true,true
10,20.0,150.23290809612234,96.1045992223452,2.500118460924142,13.704663966206184,149.3232157236464,151.82333418457054,88.60619214092763,102.31085610713382,true,true
10,20.0,150.63023641158844,95.48259720108388,2.37728031019617,14.709783945996747,149.80655552394907,152.18383583414524,87.65377311862494,102.36355706462169,true,true
10,20.0,151.36712608409417,95.68890650390503,2.6839235584722587,12.469922728586837,150.41883497258365,153.1027585310559,88.72158898543383,101.19151171402066,false,true
10,20.0,147.51211484272216,99.47187282756906,2.3172974871689576,13.02207222999624,146.69743198912565,149.0147294762946,92.20528975923546,105.2273619892317,false,true
10,20.0,150.8302814412022,100.16772687061653,2.293881487296744,13.194429903021785,150.0115967365407,152.30547822383744,92.76088869912277,105.95531860214456,false,true
10,20.0,151.22552343083305,98.98056386366655,2.45101985827057,12.689710685222707,150.3238536100198,152.77487346829037,91.95460208292914,104.64431276815185,false,true
10,20.0,149.22475471942127,104.37475583800668,2.065666466955065,11.490206826984988,148.47842373873092,150.544090205686,97.8720887439982,109.36229557098319,true,true
10,20.0,145.05578349296718,103.80172914648989,1.9797542856905181,12.171779570617574,144.35049556925168,146.3302498549422,97.00487327318989,109.17665284380746,false,true
10,20.0,150.8433028136702,105.38678337798598,2.139067258455384,14.136464530103808,150.08889456688496,152.22796182534034,97.38468701133112,111.52115154143493,false,true
10,20.0,149.84066569460634,99.09611988883272,2.4230656529717294,13.327515629355986,148.96064199795097,151.3837076509227,91.64040820735862,104.9679238367146,true,true
10,20.0,147.24262930030903,89.55179052224382,2.7463156457486377,13.65365650318445,146.29776972404966,149.0440853697983,82.1150295604623,95.76868606364675,false,false
10,20.0,144.6213687648443,102.44805395120004,2.07623418466909,11.81345345012555,143.8891631418075,145.9653973264766,95.85593643449045,107.669389884616,false,true
10,20.0,150.60805577893944,105.4698451285833,2.058562389735073,13.857427078263669,149.84176258207495,151.90032497181002,97.6430013578294,111.50042843609307,true,true
10,20.0,150.37179526041217,101.33902585816722,2.227474299388575,12.125009013915161,149.5817010090823,151.80917530847088,94.42608397481756,106.55109298873272,true,true
10,20.0,148.0541479191212,108.21243392492775,1.927325520666244,12.171402626406802,147.3701666222145,149.29749214288074,101.35940734598957,113.53080997239637,false,false
10,20.0,150.88270836965228,93.13924513736688,2.6385551869408914,13.638371813856764,149.90256532048056,152.54112050742145,85.74228544211543,99.3806572559722,true,false
10,20.0,150.41394007946909,109.87156693716659,1.818487743253371,13.218635532383573,149.77455741799974,151.59304516125312,102.51531226438969,115.73394779677326,true,false
10,20.0,151.31035926295226,91.79663896640474,2.8006067540083563,13.282820399210223,150.3270361378893,153.12764289189766,84.41694586228978,97.6997662615,false,false
10,20.0,147.0220399433834,96.44352520614478,2.609054848652306,11.505482186662888,146.11510998696298,148.72416483561528,90.02268784436644,101.52817003102933,false,true
10,20.0,150.9630113108094,102.48915839604166,2.2148489465639045,13.758230838268076,150.1584158739618,152.3732648205257,94.88311334925308,108.64134418752116,false,true
10,20.0,151.8546971508494,86.16657273679758,2.9659719569532683,12.711732078319827,150.7713229269295,153.73729488388278,79.15811588715803,91.86984796547786,false,false
10,20.0,151.68112456853478,93.13053743205884,2.784368002457853,14.146634771756638,150.63116712934055,153.4155351317984,85.4198998771128,99.56653464886944,false,false
10,20.0,147.30227824820196,105.02669912028884,2.0216687526448425,11.756475782385067,146.59097097341734,148.61263972606218,98.40694419069453,110.1634199730796,false,true
10,20.0,151.10702650913584,99.59684247596664,2.341881463228617,14.486057694024439,150.23319025849327,152.57507172172188,91.82023729309789,106.30629498712233,false,true
10,20.0,150.6247551854097,103.62206423295736,2.0958060532448712,13.780650930874685,149.8820011277861,151.97780718103098,95.97800073000082,109.7586516608755,true,true
10,20.0,148.68751759035177,106.85665365779633,1.923223487224874,11.460424742686868,147.9799129332868,149.9031364205117,100.4357489494136,111.89617369210046,false,false
10,20.0,147.5081770098081,97.62995523150224,2.266620676177183,11.56981899898156,146.7146582645388,148.98127894071598,91.13376470842155,102.70358370740311,false,true
10,20.0,150.63003477691598,114.38293208380931,1.5853203433136969,12.407079987634276,150.069366607322,151.6546869506357,107.51322348187331,119.92030346950759,false,false
10,20.0,148.37848092443252,88.31041883896951,2.6868864413776237,14.150831717736025,147.37958219393894,150.06646863531657,80.56822590145217,94.71905761918819,true,false
10,20.0,151.1382414243281,101.15686412420447,2.303955264532476,13.5080749669537,150.29290046329817,152.59685572783064,93.75107091867685,107.25914588563055,false,true
10,20.0,150.81401281319233,86.59144627269475,2.8659462800252413,13.630418521369947,149.77163068059,152.63757696061523,79.08508000772508,92.71549852909503,true,false
10,20.0,151.39977206594642,93.0452765482271,2.642250511715986,12.994865976619408,150.44055935626696,153.08280986798295,85.99392796488304,98.98879394150245,false,false
10,20.0,148.5107615226508,112.92956773000236,1.6771866261548496,13.148279485381721,147.9277457499879,149.60493237614276,105.65013611973889,118.79841560512061,false,false
10,20.0,150.69648582873572,96.6809666043097,2.3684812657575947,13.583075215009714,149.83984998423836,152.20833124999595,89.28232636835062,102.86540158336034,true,true
10,20.0,150.94520623318505,92.08619562965835,2.5880317069274383,13.409074179030114,149.94320381893235,152.53123552585978,84.84808527968443,98.25715945871454,true,false
10,20.0,149.73307410277027,98.19819176366971,2.209919101679219,11.850827111568847,148.90123314946166,151.11115225114088,91.59369425926411,103.44452137083296,true,true
10,20.0,150.85137661997828,112.963604584806,1.7482792884127605,11.686131620724595,150.22458295316312,151.97286224157588,106.23883545587728,117.92496707660187,false,false
10,20.0,150.6628467205422,91.58782517476352,2.560837974921469,13.33007081495623,149.74224545817805,152.30308343309952,84.41750960828915,97.74758042324538,true,false
10,20.0,149.52278302515856,93.80064108964513,2.520501781759151,13.911486142871837,148.56196460893807,151.08246639069722,86.25026430991055,100.16175045278239,true,true
10,20.0,147.9233406623826,89.36749077261925,2.7995221164125894,14.363531076665922,146.93221784762548,149.73173996403807,81.55582818366241,95.91935926032833,false,false
10,20.0,148.97978335743153,89.39585508038184,2.5590651245578044,13.417687039969564,148.01206345715718,150.571128581715,82.03682300191153,95.4545100418811,true,false
10,20.0,149.524569183402,96.42297256669552,2.6213070464157795,13.282787242117948,148.60665881365657,151.22796586007235,89.16089188701098,102.44367912912892,true,true
10,20.0,151.21205126269825,94.44727865966829,2.482802105875578,14.800878481042346,150.3079094386681,152.79071154454368,86.55359256794786,101.3544710489902,false,true
10,20.0,148.71780366193514,112.11420481835393,1.769591297158314,12.061310699898954,148.09857940801058,149.8681707051689,105.32791999042064,117.3892306903196,false,false
10,20.0,148.83938794810769,89.46040290124836,2.659368034240856,13.45895623070352,147.87888318878282,150.53825122302368,82.14302547963804,95.60198171034156,true,false
10,20.0,150.6860958145853,102.75899566470198,2.3666920357007086,13.679942612770049,149.85350954850074,152.22020158420145,95.53959967743663,109.21954229020668,true,true
10,20.0,149.53030342672048,107.90533293437201,1.910200995754451,12.691951751275639,148.85376472025774,150.7639657160122,100.84010807460268,113.53205982587832,true,false
10,20.0,149.97200944091952,88.22430406253162,2.7331697816664757,12.361923334666741,148.96874417706672,151.7019139587332,81.20379532661222,93.56571866127896,true,false
10,20.0,149.87240815095356,108.84787277929514,2.0169717819898665,12.97482723053109,149.16388765195495,151.18085943394482,101.5926820108949,114.567509241426,true,false
10,20.0,150.9728335644606,112.42504637629426,1.7305349730605997,11.277913728784156,150.33841268952315,152.06894766258375,106.0119205308434,117.28983425962755,false,false
10,20.0,150.0111449688142,123.94384123140547,1.2874959092442566,10.091007669202199,149.55562612187234,150.8431220311166,118.05268152644972,128.14368919565192,true,false
10,20.0,149.23504707587426,95.59885056296535,2.6750945678626294,12.865826222839516,148.29340260885039,150.96849717671302,88.42655042011224,101.29237664295175,true,true
10,20.0,150.10224051153713,94.2576419865606,2.501878180497016,10.923825549774136,149.18383859280863,151.68571677330564,88.15664082154836,99.0804663713225,true,false
10,20.0,144.43861798106948,103.44873177713157,1.9931361562315146,12.541051452639195,143.72530409509045,145.71844025132197,96.43261356014123,108.97366501278043,false,true
10,20.0,149.9554413264766,98.46289613771845,2.524301315589952,12.678150989625038,149.05353954601603,151.57784086160598,91.33538292326517,104.01353391289021,true,true
10,20.0,148.27054110926446,110.62312591313008,1.758835136292248,10.886092407828798,147.6216230707827,149.38045820707495,104.38353627138211,115.26962867921091,false,false
10,20.0,149.94962442824783,95.36473359177836,2.5592504991416547,13.052627197141078,149.04162908781595,151.6008795869576,88.23600093327104,101.28862813041212,true,true
10,20.0,146.93343600257856,90.10330951201098,2.952738961427656,11.528831303886491,145.8323093526937,148.78504831412135,83.77736254477226,95.30619384865875,false,false
10,20.0,150.56636304203198,90.48888999982736,2.3278567027007853,13.485260981227697,149.70175568583858,152.02961238853936,82.99833719293702,96.48359817416471,true,false
10,20.0,146.40248439816384,91.19562831298977,2.5761103628174737,14.326681351027872,145.4857943272894,148.06190469010687,83.42823965193803,97.7549210029659,false,false
10,20.0,151.52230384485512,95.68077327858602,2.4495987378695645,12.894338241728107,150.60495669226543,153.054555430135,88.64712208186184,101.54146032358994,false,true
10,20.0,151.0677724962034,107.42214420130382,2.0285664924091975,13.304445383608197,150.35233565372232,152.38090214613152,99.75068293046516,113.05512831407336,false,true
10,20.0,145.5270890415988,97.5170116284322,2.230985002147463,13.004818991085187,144.7093914608887,146.94037646303616,90.21888372082753,103.22370271191272,false,true
10,20.0,143.41301096274876,104.57954628039168,1.8753465514568006,12.134921091484259,142.7451408301554,144.6204873816122,97.59783922310913,109.73276031459339,false,true
10,20.0,151.02810680662193,104.20904130096336,2.1653578311416766,12.331333992775086,150.22251044149257,152.38786827263425,97.29114594256988,109.62247993534497,false,true
10,20.0,150.9094840544936,111.06110378879559,1.8652977380440348,12.442977222703803,150.2779148482768,152.14321258632083,103.95001325971168,116.39299048241548,false,false
10,20.0,149.16034797136456,87.35758230328112,2.9810674792891234,13.312919516736514,148.00968211186247,150.9907495911516,79.98442580703033,93.29734532376685,true,false
10,20.0,151.53967552280722,98.5604114829354,2.564241467034037,14.08682366715243,150.6132902978265,153.17753176486053,90.79790527870995,104.88472894586238,false,true
10,20.0,150.52238273573556,106.65632085378401,2.0228631889264648,12.465729587345052,149.81348785377162,151.83635104269808,99.74388070691647,112.20961029426152,true,true
10,20.0,150.0374572968579,92.73088315867412,2.6612896488653632,12.976073115158883,149.0899180867301,151.75120773559547,85.33597821410024,98.31205132925912,true,false
10,20.0,151.85853952393907,85.18566726141705,3.0117334315669098,14.552575104493314,150.72131258008307,153.73304601164998,77.26883680548951,91.82141190998283,false,false
10,20.0,150.73546409912007,108.01397207693657,1.919422850534886,12.958865040086522,150.03536745813147,151.95479030866636,100.67358238298286,113.63244742306938,false,false
10,20.0,150.65996773464033,117.28235330830583,1.641900495933129,11.04720705173402,150.07930973800504,151.72121023393817,111.02804070406845,122.07524775580247,false,false
10,20.0,151.00508073005113,99.85388096156979,2.269056125379393,11.323143401898733,150.16095409793576,152.43001022331515,93.68650608790307,105.0096494898018,false,true
10,20.0,151.01725130702238,110.8497428236262,1.8335308393204173,11.983907796276384,150.35499765596364,152.18852849528406,104.01854099771467,116.00244879399105,false,false
10,20.0,151.01512979350375,92.82833941843819,2.747615514067263,13.659190517367463,150.015282844135,152.76289835820225,85.22836494872567,98.88755546609313,false,false
10,20.0,151.1417103595253,87.87538172230983,2.891611842356781,12.104400491267796,150.09621750674296,152.98782934909974,81.18474060057784,93.28914109184564,false,false
10,20.0,149.7014247369744,113.73100227613834,1.7551042187117503,12.08135159033624,149.0770560325028,150.83216025121456,106.83810957595382,118.91946116629006,true,false
10,20.0,147.88410701708506,78.30787307960205,3.3356102208130096,13.772983715621848,146.64418589501898,149.979796115832,70.89875438415072,84.67173809977257,false,false
10,20.0,142.83635201203407,87.26400067876537,2.7458154265839596,13.297869332945169,141.83108484947078,144.57690027605474,79.90309271181285,93.20096204475801,false,false
10,20.0,147.57602829478245,90.70349009584527,2.73351207168659,12.825361541724021,146.56072654338286,149.29423861506945,83.61600057415237,96.44136211587639,false,false
10,20.0,150.73853631447284,98.12489276311717,2.5701832897412373,12.708636492057394,149.8141447999652,152.38432808970643,91.09733774261173,103.80597423466912,true,true
10,20.0,149.90402045141522,107.41075523393033,2.044141554347334,12.650250461775173,149.1844605965402,151.22860215088753,100.02796690750695,112.67821736928212,true,false
10,20.0,149.8672182554184,96.06650100255337,2.6294565895061908,13.067278216795415,148.87237685800062,151.5018334475068,89.00588734583923,102.07316556263464,true,true
10,20.0,148.03914813171983,89.07649580393712,2.8830110129643742,13.883147982072757,146.99689920199125,149.87991021495563,81.35329673419349,95.23644471626625,false,false
10,20.0,149.14264330568642,105.24038906283488,2.2340183202443313,13.380190861579223,148.3692745375368,150.60329285778113,97.62495471647884,111.00514557805806,true,true
10,20.0,148.15727473890342,96.72683114912974,2.2760126230691355,13.810731666689591,147.3097155776491,149.58572820071822,89.31507095670324,103.12580262339283,false,true
10,20.0,151.0567911977167,97.9602400197561,2.656639489909054,14.586291122048522,150.1073800433781,152.76401953328715,90.0144218813825,104.60071300343103,false,true
10,20.0,150.23515608720888,87.72610407053793,2.8580102774463967,13.979931114931446,149.21076541216615,152.06877568961255,79.97760104328204,93.95753215821348,true,false
10,20.0,150.10492102685936,94.06902877310854,2.4914452510160743,14.319486421051224,149.20087056315012,151.6923158141662,86.24981224787764,100.56929866892887,true,true
10,20.0,150.88457426957967,93.09541758237651,2.7274706408101963,13.668946268545824,149.86640815788104,152.59387879869124,85.3877459055078,99.05669217405362,true,false
10,20.0,149.6859917509371,87.5876934737673,3.0594103385895437,11.665707033149062,148.64286690817173,151.70227724676127,81.01838357381652,92.68409060696558,true,false
10,20.0,149.83149125057707,97.78044569856885,2.454797196679209,12.67121623378523,148.9448551524618,151.399652349141,90.75074454855816,103.42196078234339,true,true
10,20.0,151.70489992731885,86.61087622286963,2.811332328172824,13.848275613635323,150.59274140131714,153.40407372948997,79.07069537928618,92.9189709929215,false,false
10,20.0,150.07276072044004,102.42864808668028,2.3024012009305466,12.192929341920461,149.23576062409361,151.53816182502416,95.45996221283616,107.65289155475662,true,true
10,20.0,149.0581527572541,115.81110561231844,1.6406435871956262,11.600655538399764,148.48948947024869,150.1301330574443,109.20236441574741,120.80301995414717,true,false
10,20.0,150.07864357883474,96.73912984791596,2.53136364285902,12.008372874917342,149.13850291168262,151.66986655454164,90.0367416519862,102.04511452690355,true,true
10,20.0,148.1494671078548,95.42514812444956,2.361815484849558,12.648430885671871,147.28912999730858,149.65094548215814,88.40229524754085,101.05072613321272,false,true
10,20.0,150.66985409241096,111.2541236854834,1.8515530203516448,12.42342960295565,149.95863327407324,151.81018629442488,104.289684831541,116.71311443449665,true,false
10,20.0,150.99758978423807,95.84957572150131,2.4294201328783345,13.004312430272549,150.10546988264767,152.534890015526,88.67667390633308,101.68098633660563,false,true
10,20.0,147.6735063528125,101.85210097053225,2.0732941720071096,12.721863932589287,146.89619858859086,148.96949276059797,94.70998601609568,107.43184994868497,false,true
10,20.0,151.11678821504333,104.65111876031455,2.256442568926758,12.069561000489855,150.3305553580405,152.58699792696726,97.67629599266036,109.74585699315021,false,true
10,20.0,147.05959128582924,90.06195635255008,2.8174013549905794,13.88629636231066,146.06224203703772,148.8796433920283,82.45210409011112,96.33840045242178,false,false
10,20.0,147.79908415245774,98.88121253822868,2.2059742904882,13.297016565991896,147.01754818945466,149.22352247994286,91.68901248625193,104.98602905224382,false,true
10,20.0,150.27512828073213,102.30355274218633,2.2535440679144756,11.932977139263926,149.42184749139483,151.6753915593093,95.5626172013859,107.49559434064983,true,true
10,20.0,149.03041217207576,96.39995585076343,2.666435697492062,11.67656542026927,148.05763480435294,150.724070501845,89.76600020771554,101.4425656279848,true,true
10,20.0,146.3448913721563,114.13208115543625,1.6362548169393563,11.466689749624308,145.77832492471688,147.41457974165624,107.5721920069354,119.0388817565597,false,false
10,20.0,149.518712824617,93.00032545380441,2.6238110976912594,13.681541385591402,148.56699470035272,151.19080579804398,85.24923213995015,98.93077352554155,true,false
10,20.0,151.03773181439425,95.87059664731834,2.551654836302987,12.574619368332975,150.13011711422627,152.68177195052925,89.06636085348231,101.64098022181528,false,true
10,20.0,147.19284946397823,102.80863708678217,2.0870528199637874,12.563733142707164,146.4525825492131,148.5396353691769,96.06399874839106,108.62773189109822,false,true
10,20.0,151.27140804343992,93.29917987901248,2.491938429804378,13.920064610198537,150.3108083795645,152.80274680936887,85.65866782101052,99.57873243120906,false,false
10,20.0,148.37191329095495,89.24094237055469,2.794934298277383,12.90078815516668,147.3710265161438,150.16596081442117,82.09799839311418,94.99878654828086,true,false
10,20.0,148.206443012148,90.55420150447227,2.6810952317662498,12.128739911836874,147.23107018438276,149.912165416149,83.7220341521797,95.85077406401658,false,false
10,20.0,148.74004267120208,110.17459068722542,1.8386573840394647,10.9240461802749,148.06775600255048,149.90641338658995,104.09802496259928,115.02207114287418,false,false
10,20.0,149.40828180808776,98.04046423560226,2.3738598526247188,11.800982033411131,148.5611429712805,150.93500282390522,91.6297288873243,103.43071092073544,true,true
10,20.0,150.98913845448303,99.9327616965916,2.418041261166053,11.406623112334188,150.11644809292068,152.53448935408673,93.49835199785099,104.90497511018518,false,true
10,20.0,141.57692351254155,99.8314316572972,2.012853804605072,11.577465731472643,140.86579366919247,142.87864747379754,93.32573811070318,104.90320384217583,false,true
10,20.0,148.93710757245788,95.59019150940004,2.504206126445297,11.922126061403247,148.03191961308755,150.53612573953285,88.91067573560477,100.83280179700802,true,true
10,20.0,150.50439901712468,104.50128055271138,2.1205457231426976,13.672991270274778,149.75143456509016,151.87198028823286,96.91757171650077,110.59056298677555,true,true
10,20.0,151.17220913732152,91.33512378993214,2.8503166801541227,13.119207579375257,150.16658599887583,153.01690267902995,84.02972912281527,97.14893670219053,false,false
10,20.0,144.62648462039311,96.49053432394152,2.1606381418419005,12.1599581590431,143.85966044377014,146.02029858561204,89.80271267354945,101.96267083259255,false,true
10,20.0,150.24375329969268,114.8600511984994,1.6394755171207578,12.038800359708773,149.6532975490612,151.29277306618195,108.03733609212419,120.07613645183297,true,false
10,20.0,147.79482856321417,119.5882487101541,1.3154375390028292,11.09743230926422,147.32144444142023,148.63688198042306,113.04148359386518,124.1389159031294,false,false
10,20.0,151.46881876050116,85.53795810496123,3.027729131999905,14.033844334992168,150.38214399275213,153.40987312475204,78.00838079341621,92.04222512840838,false,false
10,20.0,142.97336775140275,98.64240271413905,2.151380479386262,11.20489804367682,142.21952127156771,144.37090175095398,92.29044725034075,103.49534529401757,false,true
10,20.0,149.90110998380308,99.2569260795144,2.371117721587183,13.038067946983304,149.04647957533962,151.4175972969268,91.94314939235798,104.98121733934128,true,true
10,20.0,150.05175053893055,101.51805151815438,2.278070152239394,13.440076101049655,149.2327016167434,151.5107717689828,94.09189586579492,107.53197196684458,true,true
10,20.0,151.29309422335513,98.37539463788211,2.4144535696402443,13.066708773345866,150.4248653416739,152.83931891131414,91.20170642408827,104.26841519743414,false,true
10,20.0,147.73199779457713,96.49939834195459,2.308254863653559,12.1622621192449,146.8720454499395,149.18030031359305,89.86478892129583,102.02705104054073,false,true
10,20.0,149.83731143917075,91.4202951038659,2.7135057064307944,13.73276775753088,148.84877594426845,151.56228165069925,84.04977521275882,97.7825429702897,true,false
10,20.0,149.79245150344815,104.50167269430159,1.8606051697792338,12.868122017757841,149.12017000546473,150.98077517524396,97.39949705808408,110.26761907584192,true,true
10,20.0,149.6510383529268,100.20085525678424,2.5531077258513903,13.994541659443257,148.75143647820778,151.30454420405917,92.3531385099476,106.34768016939086,true,true
10,20.0,151.4149732556378,101.43797531930755,2.2921572820685014,13.291740547512674,150.5648703654072,152.8570276474757,94.10314343327993,107.3948839807926,false,true
10,20.0,151.58013562825823,95.07318031054126,2.613539497032491,13.548592818250597,150.63822254886915,153.25176204590164,87.60098133552643,101.14957415377702,false,true
10,20.0,150.95440133379464,115.1683409264374,1.7481041543257447,12.225022042307003,150.31221741211655,152.0603215664423,108.28003737220631,120.50505941451331,false,false
10,20.0,150.32454256736918,90.69983145000063,2.5969144759980622,12.792794845879982,149.34351855017277,151.94043302617084,83.6405971182965,96.43339196417648,true,false
10,20.0,150.68202320980316,111.25513131900229,1.89035954512741,11.911090516671905,149.96654472318053,151.85690426830794,104.53428951984766,116.44538003651957,true,false
10,20.0,150.77778133615655,99.1383773050012,2.3839990830423403,11.877253412905759,149.89146080820433,152.27545989124667,92.49467795156761,104.37193136447337,true,true
10,20.0,151.12124576399424,98.40123970458797,2.3003574565499036,12.886138595991426,150.26548573809018,152.56584319464008,91.16329521923693,104.04943381522835,false,true
10,20.0,150.45022468457785,94.99868048381856,2.561278340990981,13.642823165754379,149.55963948488545,152.12091782587643,87.66713890820327,101.30996207395765,true,true
10,20.0,150.01095585718872,95.25601253936148,2.465188843931884,12.691175232881491,149.12659487418554,151.59178371811743,88.21078575993224,100.90196099281373,true,true
10,20.0,151.86674742213975,90.7451707915331,2.9588367328217373,13.690634224085144,150.75258848914245,153.7114252219642,83.22270061987498,96.91333484396013,false,false
10,20.0,149.83797912337022,108.96907210727416,1.741118798067589,12.595828563989414,149.2203810971946,150.9614998952622,102.18607405211162,114.78190261610104,true,false
10,20.0,150.79536996990402,91.03844395087391,2.7359740513668953,12.922173032298645,149.77010023923134,152.50607429059824,83.7028007655526,96.62497379785124,true,false
10,20.0,149.84448950523287,110.44148674179124,1.9074680080022972,12.938797472204314,149.18218188837886,151.08964989638116,103.26910078013564,116.20789825233996,true,false
10,20.0,148.11361183259675,111.8763290739146,1.77048684144998,11.123606507975339,147.46402509335852,149.2345119348085,105.58107087622177,116.70467738419711,false,false
10,20.0,145.4764941282118,96.3827048690036,2.285467124870678,12.244303434524753,144.66378928993547,146.94925641480614,89.4576825475259,101.70198598205066,false,true
10,20.0,147.77091184609014,92.78951820655462,2.7004292042115026,12.009383217904059,146.8116495962094,149.5120788004209,86.38645942994089,98.39584264784494,false,false
10,20.0,151.53253582877676,93.91095511357364,2.632387188327442,13.74374249614668,150.5760309275637,153.20841811589113,86.24268787965735,99.98643037580403,false,false
10,20.0,151.59263229330855,88.3317159751563,2.885640005814281,14.138006487482343,150.55459101853089,153.44023102434517,80.90239199221851,95.04039847970085,false,false
10,20.0,148.31521329353473,103.60406697393442,2.039399499295058,12.084585411486216,147.57880979671882,149.61820929601387,96.94323367497749,109.02781908646371,false,true
10,20.0,141.84347166689992,92.91216096420065,2.346097103536124,10.675106385462342,140.96877883578424,143.31487593932036,86.7358977860543,97.41100417151664,false,false
10,20.0,146.6591829542851,97.80134020151557,2.2519903441165354,10.587556957695142,145.82186527454064,148.07385561865718,91.71728944419557,102.30484640189071,false,true
10,20.0,150.1953818187102,97.10077621697761,2.6021057776193857,14.327983883130003,149.24903061013498,151.85113638775437,89.55399908152174,103.88198296465174,true,true
10,20.0,150.00530542274947,100.136491996321,2.3299549377277344,12.376834427131513,149.21466977018025,151.54462470790799,92.98880965015434,105.36564407728585,true,true
10,20.0,149.44352756221906,91.57195627212488,2.764508212057308,12.028803900044466,148.47730161399585,151.24180982605316,84.78635033601674,96.8151542360612,true,false
10,20.0,148.74829991526207,89.86460046220168,2.8020232573745147,13.22622709093882,147.7651832584161,150.56720651579062,82.76196811353297,95.9881952044718,true,false
10,20.0,147.9749863888625,107.46739477650837,1.901629789943172,12.688855398365561,147.26922118575362,149.1708509756968,100.60205405113507,113.29090944950063,false,false
10,20.0,149.9418884821681,100.53018009818744,2.3805093774970203,11.354211293471934,149.0723415511681,151.45285092866513,94.16372726074299,105.51793855421492,true,true
10,20.0,148.37115496992476,94.92014351230632,2.3594659577236143,12.727283278369683,147.51244239521247,149.8719083529361,88.02395546563343,100.75123874400312,false,true
10,20.0,151.36463930097278,92.541764862783,2.461593373648043,13.483831259881029,150.46909532812793,152.93068870177598,85.18587186649594,98.66970312637697,false,false
10,20.0,150.79395228186155,123.45353214614443,1.3454138684622592,9.023015778782963,150.3210818181961,151.66649568665835,118.09508632301569,127.11810210179866,false,false
10,20.0,150.28380534724988,99.12476588581836,2.3450902695785487,12.960317371757341,149.48752039494713,151.83261066452567,91.67614981101258,104.63646718276992,true,true
10,20.0,148.67108545628582,94.92455323553975,2.5972672418853335,13.256319327717321,147.74786570291684,150.34513294480217,87.50582618568203,100.76214551339935,true,true
10,20.0,147.80635399210044,106.4353266063448,1.8736518788214198,12.018813566284066,147.15352461082637,149.0271764896478,99.45177512895329,111.47058869523735,false,true
10,20.0,148.14295759566045,91.28615395393669,2.6771146670672294,12.987751807478205,147.12525133273135,149.80236599979858,84.22314614353715,97.21089795101535,false,false
10,20.0,148.2891775539628,116.34232442330222,1.522755287784122,9.919302867623855,147.7333091675166,149.25606445530073,110.71696617830256,120.63626904592641,false,false
10,20.0,150.97655376648288,114.51880581114432,1.6487526192681514,11.65498001154846,150.39868068945822,152.04743330872637,107.7547621228643,119.40974213441277,false,false
10,20.0,146.78399731102056,104.41121736336831,2.0100253040747305,12.727199331708078,146.05188845373834,148.06191375781307,97.36263319232843,110.08983252403651,false,true
10,20.0,150.92476128521048,99.93875259815692,2.444166013120224,12.65075455890009,149.99454312911223,152.43870914223245,92.8515633455789,105.50231790447899,true,true
10,20.0,150.62930254168356,109.89433069524927,1.7959451076141875,11.94089314005194,149.99200633254696,151.78795144016115,103.01469200345822,114.95558514351016,true,false
10,20.0,150.60520158269202,93.68942740147483,2.6133050156385877,13.525845446610944,149.68161282086064,152.29491783649922,86.02237292999703,99.54821837660798,true,false
10,20.0,150.98465980104868,96.69384393971055,2.5630434297490012,13.965280911362512,150.03911926452,152.602162694269,89.00848083025643,102.97376174161894,false,true
10,20.0,151.272156363857,98.57676832631873,2.4000537240611663,13.2278732630229,150.41387112952302,152.81392485358418,91.30248072337737,104.53035398640027,false,true
10,20.0,150.4384936049915,101.61872663973976,2.2882933504204175,14.446292418289403,149.62304768848793,151.91134103890835,93.62298834616966,108.06928076445907,true,true
10,20.0,148.0209539596421,96.57912166089562,2.5290567643839665,13.247361715996632,147.13002732831157,149.65908409269554,89.52952991505308,102.77689163104971,false,true
10,20.0,145.92611389121237,95.38859652484422,2.31256030295188,12.932768156509539,145.10093610528733,147.4134964082392,88.17815063446719,101.11091879097673,false,true
10,20.0,151.07253880939658,96.61394394278938,2.5708162094176714,12.527922813107082,150.10889312732093,152.6797093367386,89.65915587580027,102.18707868890735,false,true
10,20.0,150.8197891236976,102.25980829451372,2.1992334487713094,10.817800993861724,150.03731820730425,152.23655165607556,96.00424598072058,106.8220469745823,false,true
10,20.0,147.53836803190805,110.54598787820271,1.8675830729068252,11.171454996343016,146.87283552438961,148.74041859729644,104.03258992760753,115.20404492395055,false,false
10,20.0,151.34543285479953,99.03152312404417,2.589214750211511,13.173922936511602,150.42664134617485,153.01585609638636,91.62996803327,104.8038909697816,false,true
10,20.0,150.453391304458,97.20099141547325,2.6716654027053437,13.736344046677516,149.48456929960946,152.1562347023148,89.39618571222351,103.13252975890103,true,true
10,20.0,147.32928936767024,91.69059832257709,2.561370502463319,11.137266242384541,146.42215442855385,148.98352493101717,85.58458330292711,96.72184954531166,false,false
10,20.0,151.19297463265804,95.4311209688928,2.4440165517887067,12.164463822652863,150.29720167375325,152.74121822554196,88.68318728514963,100.84765110780249,false,true
10,20.0,150.74098308296033,97.39624497821693,2.273649842836562,13.112661586704434,149.92692190194347,152.20057174478004,90.22060829828057,103.333269884985,true,true
10,20.0,144.6691093986081,108.59211886528392,1.588509348645431,12.08460126340215,144.1212465027238,145.70975585136924,101.69307767213833,113.77767893554048,false,false
10,20.0,148.13322504208347,90.47446961079075,2.5926417976933465,12.514353611431545,147.15555073505865,149.748192532752,83.4299017166667,95.94425532809825,false,false
10,20.0,148.78001926898665,103.65056885512979,2.1375858780422448,11.594803113312324,148.01403657361635,150.1516224516586,96.79343797065933,108.38824108397165,true,true
10,20.0,150.4928371309212,109.8816968917609,1.9713799486689538,11.3218672463708,149.81055828567935,151.7819382343483,103.33717791284478,114.65904515921558,true,false
10,20.0,151.1690567078165,95.25421171690022,2.622537413485645,13.79095095316336,150.22341114721144,152.84594856069708,87.90827361872488,101.69922457188824,false,true
10,20.0,151.2547928132842,104.10054473288892,2.026825192965674,13.145606556049415,150.49829430783134,152.52511950079702,96.98415087089462,110.12975742694404,false,true
10,20.0,150.86564269813925,98.54288127228182,2.4005744569123237,14.518017991609128,150.00683409817643,152.40740855508875,90.3191519087736,104.83716990038273,false,true
10,20.0,147.08128318630986,95.82263279750393,2.441149554080198,13.609740338025546,146.2002810645354,148.6414306186156,88.47328870132148,102.08302903934702,false,true
10,20.0,149.25210634595763,106.6592352746217,2.0330359599026053,12.802601697131124,148.50993635464093,150.54297231454353,99.43079526584536,112.23339696297649,true,true
10,20.0,148.73025579836076,91.8632351771642,2.767994906189017,12.535959429714083,147.72230336566872,150.49029827185774,84.9907579775235,97.52671740723758,true,false
10,20.0,147.12536184856825,95.22498105830078,2.519865536559905,12.90352106732631,146.20259528075653,148.72246081731643,87.94962717178427,100.85314823911058,false,true
10,20.0,151.07237194640248,90.22002154573674,2.610706745546736,13.457489025696674,150.13612720302254,152.74683394856928,82.93689252891397,96.39438155461065,false,false
10,20.0,150.78070680967562,106.89251049746362,2.0642302257753897,11.815501452902097,149.98267651766264,152.04690674343803,100.1147746163712,111.93027606927329,true,false
10,20.0,150.19002690919768,106.4225888555656,2.0058631825223188,12.72497568563766,149.48319053608228,151.4890537186046,99.48035313076284,112.2053288164005,true,true
10,20.0,151.18771593263082,101.58360290168412,2.2787936558842716,11.52196988113758,150.3569096328451,152.63570328872936,95.03447778114581,106.55644766228339,false,true
10,20.0,150.0227705398499,99.91516252109585,2.355494263063491,12.727513643541712,149.14787639362987,151.50337065669336,92.81450090780532,105.54201455134704,true,true
10,20.0,150.600656591279,106.34873861151367,2.104829298116357,13.60576731224728,149.81357173395068,151.91840103206704,98.7151511034467,112.32091841569398,true,true
10,20.0,145.62668700017468,101.21673571662006,2.0775952784331366,11.316691219951608,144.88787231937886,146.965467597812,94.99854217366602,106.31523339361763,false,true
10,20.0,151.10786801141387,91.82907402387546,2.7051613786811117,12.673973215429498,150.14640334569972,152.85156472438084,84.79712779732904,97.47110101275854,false,false
10,20.0,150.4991709498222,94.5544086552369,2.4528625169814973,13.981061682754444,149.63987401517332,152.09273653215482,86.52637341917789,100.50743510193233,true,true
10,20.0,150.96724063591247,107.59508011077914,2.000378451711782,13.76168432938374,150.2554585250595,152.2558369767713,99.86468353612473,113.62636786550847,false,true
10,20.0,149.12419143630862,94.43844172133075,2.5030622097232538,10.763860953797803,148.19637939633205,150.6994416060553,88.30842262507781,99.07228357887561,true,false
10,20.0,150.684595508575,94.35109555254921,2.471489637954619,13.20759763335478,149.78837928606558,152.2598689240202,87.32816520182476,100.53576283517954,true,true
10,20.0,149.29892951513608,105.6252277733408,1.9541089664047888,13.940668472741308,148.57122340915078,150.52533237555556,97.91025692134987,111.85092539409118,true,true
10,20.0,150.4897712312257,97.80116336935063,2.481989533035062,12.686602188187962,149.5810144253424,152.06300395837746,90.58709664565201,103.27369883383997,true,true
10,20.0,150.9860933475768,97.2263073700313,2.622254477331353,10.78948510933553,150.03428011184104,152.6565345891724,91.19502614695624,101.98451125629177,false,true
10,20.0,150.5003520046904,97.54999443526621,2.3660020503124883,12.881156016762944,149.64913154186578,152.01513359217827,90.38151301056601,103.26266902732895,true,true
10,20.0,149.21896433457357,101.81304177311635,2.2644333629555717,13.440146963799265,148.3773246093045,150.64175797226008,94.71718825279552,108.15733521659479,true,true
10,20.0,147.6002064877983,95.64401794479957,2.342907125311143,11.541486896495186,146.73579303142068,149.07870015673183,89.16428242179511,100.7057693182903,false,true
10,20.0,149.6051743738468,103.17991837702706,2.01619475517478,13.19498552195489,148.85408861010555,150.87028336528033,95.95055533299698,109.14554085495188,true,true
10,20.0,149.87262816826632,96.95442672555578,2.5082611007076423,14.460997370032942,148.95712407413146,151.4653851748391,88.8996615573813,103.36065892741424,true,true
10,20.0,149.15730057498246,99.10907986862759,2.3182059871489002,12.770046549729415,148.3187202528925,150.6369262400414,92.07970366452498,104.8497502142544,true,true
10,20.0,148.47597070069168,93.31919621314876,2.77586851446128,13.045222976951777,147.45539434620235,150.23126286066363,86.18564995920696,99.23087293615873,true,false
10,20.0,148.8348563560832,110.10817413916199,1.8817928695250998,12.34085695923099,148.13529993145667,150.01709280098177,102.88829284000593,115.22914979923692,true,false
10,20.0,150.7180926442391,103.62925270365601,2.1969747737945795,13.386178222173697,149.8784829594813,152.07545773327587,96.29334576504773,109.67952398722143,true,true
10,20.0,149.82781934305427,102.60310768122783,2.1554100608219073,12.697816532107069,149.05636778967215,151.21177785049406,95.404618807668,108.10243533977507,true,true
10,20.0,148.35635365584142,86.71556820684992,2.8462393152611583,12.942591250980243,147.29293193872246,150.13917125398362,79.61943741044985,92.56202866143009,true,false
10,20.0,150.6697841738564,98.39575243166588,2.4504334593424346,12.71687344287777,149.7710702477438,152.22150370708624,91.30846831912089,104.02534176199866,true,true
10,20.0,151.1881005475439,104.65390347054037,2.05222589374668,13.433882975821561,150.4708079220702,152.5230338158169,97.10534350855934,110.5392264843809,false,true
10,20.0,151.37620098327642,92.69852662830226,2.6017550289801648,13.927408209697177,150.4492431449272,153.05099817390737,84.96390918389733,98.8913173935945,false,false
10,20.0,150.8780179411068,98.97491853103784,2.3461420180795756,13.097479161274052,150.04363101783113,152.3897730359107,91.69730510294929,104.79478426422334,false,true
10,20.0,148.95558680910025,97.17134355569485,2.4564188553026725,13.078933400673733,148.06676457147097,150.52318342677364,89.88639174956177,102.9653251502355,true,true
10,20.0,147.8333083250024,101.04878238208894,2.360963546124424,11.877953666273939,146.99159239273146,149.3525559388559,94.49270010614887,106.37065377242281,false,true
10,20.0,146.37894450955537,105.50381183473398,1.874641089966758,11.957164024752302,145.71340766442782,147.58804875439458,98.89973014035789,110.85689416511019,false,true
10,20.0,150.38607764541837,109.06909508750817,1.9960443892435364,12.123545412138782,149.69630620654078,151.69235059578432,102.2925847577939,114.41613016993269,true,false
10,20.0,150.96647818602864,113.53516155749233,1.832130303886629,11.526685393327327,150.2932694195579,152.12539972344453,107.00824736479495,118.53493275812228,false,false
10,20.0,149.7080989813494,89.78821650655517,2.6408168120736946,14.126904271390998,148.7529915670035,151.3938083790772,81.89516915104414,96.02207342243514,true,false
10,20.0,147.70749843931316,109.23826974269119,1.7050454338683494,12.400188325565239,147.0837476435462,148.78879307741454,102.519420878595,114.91960920416024,false,false
10,20.0,150.765652690249,109.88723679985799,1.9285133405336694,12.95586453668595,150.0708026851924,151.99931602572607,102.54565616924178,115.50152070592773,false,false
10,20.0,150.4936907117857,103.14631946222325,2.1330522764100976,14.248181502054976,149.67818403827073,151.81123631468083,94.9033099879089,109.15149148996387,true,true
10,20.0,149.9722435257242,100.71431226570581,2.307421154856428,12.690688423951144,149.151620479567,151.45904163442341,93.45257799128663,106.14326641523778,true,true
10,20.0,150.21844539481447,100.62617617141305,2.350594274697926,12.447791764014383,149.34960310668166,151.70019738137958,93.70857296072965,106.15636472474404,true,true
10,20.0,150.97232640285029,99.06889821595612,2.530928383035018,12.976591948203179,150.08230906349021,152.61323744652523,91.89639064738954,104.87298259559272,false,true
10,20.0,148.44171326915222,97.10335385809832,2.272539698343337,14.040909118830655,147.6179402187567,149.89047991710004,89.33010597348036,103.37101509231101,false,true
10,20.0,149.63666612504238,99.41063813566466,2.445983998590691,13.493370902413204,148.76914482631497,151.21512882490566,91.93349388441916,105.42686478683237,true,true
10,20.0,150.5908745237556,99.09008152209202,2.3017557341283634,13.25457091393757,149.77732607948698,152.07908181361535,91.64968861029435,104.90425952423192,true,true
10,20.0,148.76098243601234,90.87655444929396,2.6819269827721826,10.706516341590827,147.81377002582022,150.4956970085924,84.7659759542216,95.47249229581243,true,false
10,20.0,148.9920289418077,100.54219463961292,2.276834389859715,13.656322651943867,148.17583365346823,150.45266804332795,92.97735467769073,106.6336773296346,true,true
10,20.0,150.02006419323493,88.39216093704417,2.728000710865871,13.19272549753164,148.98287486769684,151.7108755785627,81.327760262993,94.52048576052464,true,false
10,20.0,150.4180031342146,96.98347847381042,2.604635876931866,13.42046042123232,149.42941601827118,152.03405189520305,89.70969018068566,103.13015060191798,true,true
10,20.0,150.3740561878543,103.69275440749331,2.1023480952275975,12.082436410125666,149.59550523455871,151.6978533297863,96.80729479455827,108.88973120468394,true,true
10,20.0,147.61004364575538,89.48717565707108,2.784924915496191,12.097682486144294,146.55700547711328,149.34193039260947,82.89579853457917,94.99348102072346,false,false
10,20.0,150.99793229769648,97.37185121963827,2.4758364156523385,12.895525949081588,150.13944258281637,152.6152789984687,90.47963705218947,103.37516300127106,false,true
10,20.0,149.95593596421594,117.3611498248069,1.5852472019634263,10.3361558112518,149.35627726332055,150.94152446528398,111.30592458936253,121.64208040061433,true,false
10,20.0,148.8612259448986,96.56101880172093,2.418434124878047,13.665589094091644,147.9834628122973,150.40189693717534,88.83905515851043,102.50464425260208,true,true
10,20.0,144.15201364357733,99.12339180749913,2.0457806238199225,12.148052119816356,143.44053268654977,145.4863133103697,92.37817411311084,104.5262262329272,false,true
10,20.0,151.45070445174923,91.23792171508371,2.803977770356937,13.94962840412336,150.4089400148634,153.21291778522033,83.81242025506961,97.76204865919297,false,false
10,20.0,143.2963517679661,94.24311389191593,2.2180894585430053,12.852187374419927,142.52484209270165,144.74293155124465,86.99331802508341,99.84550539950334,false,false
10,20.0,147.46270268802797,106.7960965343502,1.9588703754313315,10.955316403534738,146.7568056244778,148.71567599990914,100.68171786144916,111.6370342649839,false,false
10,20.0,149.68086471690737,113.83779472343883,1.7180721373507595,11.356674721051519,149.03453624257867,150.75260837992943,107.25068560439412,118.60736032544564,true,false
10,20.0,149.72988966666156,102.14071868829777,2.240446963775554,13.445037788074885,148.9167841045497,151.15723106832525,94.58756415007663,108.03260193815152,true,true
10,20.0,150.45726175927007,109.28226647956615,1.8931061095573511,12.721935171521721,149.77636800910835,151.6694741186657,101.83253787279565,114.55447304431738,true,false
10,20.0,150.7195135647812,97.7619113061676,2.636794750610136,13.57269146364537,149.76017409927306,152.3969688498832,90.43649592168093,104.0091873853263,true,true
10,20.0,148.77931588392437,106.39430142878913,2.0601350800517935,11.874401160411338,148.05624992385572,150.1163850039075,99.88770187343476,111.7621030338461,true,true
10,20.0,147.1424974334409,105.78168148919671,1.9894771885677756,11.377935503846302,146.39503893860316,148.38451612717094,99.36907768831591,110.74701319216221,false,true
10,20.0,150.5713760423107,100.30191808091757,2.19017452122813,12.66355382074643,149.8070645510943,151.99723907232243,92.9382714907998,105.60182531154624,true,true
10,20.0,143.6643416731555,105.88602012617892,1.976843740828997,10.77846591886879,142.96341897507057,144.94026271589956,99.81475817229678,110.59322409116557,false,true
10,20.0,151.40296224502785,93.02504269312153,2.7463337327164083,12.940747745441897,150.4613822483324,153.2077159810488,85.76629141306204,98.70703915850393,false,false
10,20.0,148.73744189434566,90.97734041088302,2.425862520477125,11.777093577749724,147.848545285223,150.27440780570012,84.52191007820922,96.29900365595894,true,false
10,20.0,144.23689555310165,104.61380683259259,1.80990032427772,11.412329583014014,143.5685132892211,145.37841361349882,98.0225940975847,109.43492368059871,false,true
10,20.0,145.7090251663452,88.79953136169904,2.72983190075081,11.820860069630342,144.78355173350892,147.51338363425972,82.14689465000792,93.96775471963826,false,false
10,20.0,150.94342239888636,105.94896058844479,2.081963244806957,12.531473564293648,150.14746966724044,152.2294329120474,98.84580244801171,111.37727601230536,false,true
10,20.0,150.83676311942548,105.13094091410943,2.1652079828006663,14.188734297439794,150.06784637421856,152.23305435701923,97.61628377416486,111.80501807160465,false,true
10,20.0,150.72021518519873,103.24678546330553,2.122834384514505,14.25038242910081,149.97278776565096,152.09562215016547,95.46812882237461,109.71851125147542,true,true
10,20.0,149.93896719494902,112.93820442064387,1.7079488505848701,11.98205991328986,149.3299246037995,151.03787345438437,106.0274533092832,118.00951322257306,true,false
10,20.0,148.29887403001618,91.28020992621705,2.6605234361969394,12.42427232385603,147.3287583916556,149.98928182785255,84.44011870177,96.86439102562603,false,false
10,20.0,150.19062504974104,95.82944016785122,2.789771496784084,14.031085432743282,149.2308966412683,152.02066813805237,87.9048432099373,101.93592864268058,true,true
10,20.0,150.92896763819618,102.7108918512669,2.197693271512179,11.952541761219493,150.14583755538948,152.34353082690166,96.04083128219426,107.99337304341375,false,true
10,20.0,148.1665981890442,101.12247555028017,2.153975637871042,13.001459901951819,147.35289916470248,149.50687480257352,93.9987708543688,107.00023075632062,false,true
10,20.0,145.09174835311765,116.37662451479773,1.376264907173919,10.351906434064716,144.6046891722046,145.9809540793785,110.61303090667616,120.96493734074087,false,false
10,20.0,150.87650619187602,98.35725345917345,2.552972749841814,13.399085882036573,150.0017418542244,152.55471460406622,90.98627452619795,104.38536040823452,false,true
10,20.0,151.449217713336,92.90816350106641,2.727149675770278,14.227583478525986,150.45659566442032,153.1837453401906,85.17803989308725,99.40562337161323,false,false
10,20.0,148.64031424761697,97.54457757065316,2.4484322827956646,13.274424024038012,147.80259038379924,150.2510226665949,90.08156793479304,103.35599195883105,true,true
10,20.0,144.8621205575098,101.51917331163534,1.9500234033090464,12.924988149056517,144.14015931953958,146.09018272284862,94.44111975099409,107.36610790005061,false,true
10,20.0,145.21712731206213,98.42702833214108,2.1622161466091256,13.247913639994891,144.43770723173313,146.59992337834225,91.25191196021996,104.49982560021485,false,true
10,20.0,148.86736979142128,88.38347393107742,2.7262609803725013,12.276336054665677,147.92081138610635,150.64707236647885,81.36513361766123,93.6414696723269,true,false
10,20.0,144.29470001779703,99.65069177055975,2.3054173931936077,10.45695116037487,143.44181783156552,145.74723522475912,93.62675280427774,104.08370396465261,false,true
10,20.0,149.00582652040188,99.70313405283825,2.2551960920277736,12.218358748790536,148.1693809408407,150.42457703286848,92.7618370819659,104.98019583075643,true,true
10,20.0,149.2838303329121,97.24450562032064,2.3162126050261804,11.32517028008931,148.4529301265837,150.7691427316099,90.9722276339194,102.29739791400871,true,true
10,20.0,150.3245314360671,95.25499701350074,2.5709037935641845,12.728999995145927,149.34258347786243,151.91348727142662,88.02781415807334,100.75681415321927,true,true
10,20.0,150.1519824746647,97.44274531496956,2.4504285629524816,13.641703641954095,149.2742210208304,151.72464958378288,90.00464331341828,103.64634695537238,true,true
10,20.0,147.03391310760725,89.9343442462718,2.7845417575434226,13.144156647522905,146.02415889951274,148.80870065705616,82.87337642510856,96.01753307263147,false,false
10,20.0,150.2579232207135,117.376673770537,1.5841683624273912,11.24322568034205,149.68682114098306,151.27098950341045,110.90570046041626,122.1489261407583,true,false
10,20.0,148.89973452453535,105.23203880987667,2.1982894591844797,13.46844714245421,148.14250974854795,150.34079920773243,97.49634289691295,110.96479003936716,true,true
10,20.0,151.03710853628354,98.56246652944549,2.3533535242278276,12.540271502850246,150.20840002636498,152.5617535505928,91.45544099307726,103.9957124959275,false,true
10,20.0,148.63547719210152,85.42606853971178,2.778373762249288,12.709368456441808,147.6514789970451,150.4298527592944,78.39297079287739,91.1023392493192,true,false
10,20.0,149.08846198312546,105.89685822987394,2.055174911152534,13.354653384580502,148.35101396181926,150.4061888729718,98.66946551312078,112.02411889770129,true,true
10,20.0,149.4635795148846,110.22997755976081,1.8189518603071804,12.459598658329355,148.82130526936558,150.64025712967276,103.28879354249065,115.74839220082,true,false
10,20.0,150.47276894506012,98.39821129870109,2.374131508591944,13.079714699484668,149.65293619636594,152.0270677049579,91.08620994968281,104.16592464916748,true,true
10,20.0,150.49750578438517,103.40733931046621,2.1579915792350732,13.829524753524339,149.72237395652203,151.8803655357571,95.8296986940727,109.65922344759704,true,true
10,20.0,151.07723904409355,93.0105609060019,2.5918953033000207,11.966198055651432,150.13213422566696,152.72402952896698,86.15135746603656,98.11755552168799,false,false
10,20.0,151.28554371388992,88.64955615102461,3.04704747562468,12.811286504129285,150.23931089265565,153.28635836828033,81.29458236246111,94.1058688665904,false,false
10,20.0,149.99105008612582,103.81483008340942,2.060607740907386,13.111799150515225,149.23409013748875,151.29469787839614,96.52191302871384,109.63371217922906,true,true
10,20.0,150.66321719815676,114.13820230628477,1.7155337562471686,10.176992174367484,150.0665084022816,151.78204215852878,108.28317910078358,118.46017127515107,false,false
10,20.0,149.87477631847224,116.41726859687499,1.6119813571093005,12.661210707758713,149.3153453029235,150.9273266600328,109.3033163473659,121.9645270551246,true,false
10,20.0,150.07343844095715,112.1690163445038,1.6636141178577475,10.044874506477612,149.4644494631059,151.12806358096364,106.28128302374756,116.32615753022517,true,false
10,20.0,148.00784011264923,105.39993559876301,1.9853566889210583,13.328205481631585,147.27290413969632,149.25826082861738,97.83289637727472,111.1611018589063,false,true
10,20.0,148.20095378982117,107.90294586915986,1.8187615662892824,12.848439226638149,147.54951276685446,149.36827433314375,100.66809427814556,113.51653350478371,false,false
10,20.0,145.36923230625302,110.36494961923248,1.6809990506210681,10.89926589060498,144.7567351119371,146.43773416255817,104.10375645933169,115.00302234993667,false,false
10,20.0,149.41988939894833,93.81009704448931,2.5063505960987413,13.014864853299358,148.4891790972088,150.99552969330753,86.63904648306469,99.65391133636405,true,false
10,20.0,151.44274339993524,98.1097739813442,2.5761483516595547,13.323895021321547,150.52861031784371,153.10475866950327,90.84111904023169,104.16501406155324,false,true
10,20.0,149.4685860607733,112.87307784000737,1.775394091530984,11.065927914912734,148.8200563782317,150.59545046976268,106.47874414691057,117.5446720618233,true,false
10,20.0,145.9465982195385,102.91239277145462,2.0196605621726746,12.685766262951972,145.23215924414822,147.2518198063209,95.8238900369016,108.50965629985357,false,true
10,20.0,150.20630100048982,107.71769206965291,2.0158218271816963,12.338927515840965,149.4775062711605,151.4933280983422,100.77379688533921,113.11272440118017,true,false
10,20.0,150.45966313708624,104.59588328453265,2.1198923936537426,12.398261225124728,149.71296819703065,151.8328605906844,97.75887858631417,110.1571398114389,true,true
10,20.0,148.99477484751628,93.89963454638279,2.6062404979048495,12.454602157502123,148.0870665552186,150.69330705312345,87.24396645414637,99.6985686116485,true,false
10,20.0,150.49557790432175,96.55097989215574,2.5622320770080194,13.384781536219208,149.5324407919027,152.09467286891072,89.41924051557473,102.80402205179394,true,true
10,20.0,150.96231530011045,102.29923415645072,2.373025645517572,12.848066148274398,150.09506452490757,152.46809017042514,95.12765099975583,107.97571714803023,false,true
10,20.0,147.73449193164765,94.5637536087832,2.416753849358173,11.779039029928796,146.8843812267103,149.30113507606848,87.91935281167196,99.69839184160075,false,false
10,20.0,148.80571602232425,129.08647488403227,0.9543073368996886,8.195381306646652,148.44293396353018,149.39724130042987,124.29796398284878,132.49334528949544,false,false
10,20.0,149.87090909225577,103.67764526561061,2.0723357135851757,12.700046191223095,149.12076089053,151.19309660411517,96.37784758710168,109.07789377832478,true,true
10,20.0,149.19275741304273,100.74552283177118,2.2396585174903976,13.177720882790396,148.4107079552758,150.6503664727662,93.27929115270118,106.45701203549157,true,true
10,20.0,148.19728903894998,87.92408149657894,2.8762520717308178,12.894047852885606,147.14571202296784,150.02196409469866,80.9394368154318,93.83348466831741,true,false
10,20.0,147.62442472542986,94.2140430268438,2.523712708445345,13.330346290407633,146.71779952011687,149.24151222856221,87.05682629369494,100.38717258410257,false,true
10,20.0,150.5628671904588,95.01999571475902,2.298740194286438,12.637574032042437,149.70878381049778,152.00752400478422,87.96063554463935,100.59820957668178,true,true
10,20.0,151.05831400704815,90.18012326631988,2.843114568615931,14.559948341954453,150.0610294399764,152.90414400859234,82.28463078957088,96.84457913152534,false,false
10,20.0,150.2313506268331,115.94365478857455,1.6733811906521225,11.749981707071967,149.64223086909996,151.31561205975208,109.30013913344106,121.05012084051303,true,false
10,20.0,150.86958279256072,95.16650258006973,2.474726919632161,12.978954773003437,150.0053413041117,152.48006822374387,87.92385730041786,100.9028120734213,false,true
10,20.0,146.70936898045719,106.03539457635569,1.7793738161599038,12.548552866683139,146.03081580036078,147.8101896165207,99.00222011979375,111.55077298647689,false,true
10,20.0,148.59034340030257,125.73072829273264,1.1173426468544676,8.491238915385296,148.20598590136936,149.32332854822383,120.81648948946004,129.30772840484534,false,false
10,20.0,150.92907144589063,91.94141709024859,2.9014499641449447,12.568735470407105,149.86853391511096,152.7699838792559,85.07828518464812,97.64702065505523,true,false
10,20.0,149.59892362803782,96.98375115275091,2.575335302551025,11.593668820487665,148.6377407570782,151.21307605962923,90.438045008673,102.03171382916067,true,true
10,20.0,150.42316193641858,112.8985252393756,1.7532662203769007,12.308692944119343,149.80012579115166,151.55339201152856,105.8333047518226,118.14199769594194,true,false
10,20.0,151.41913487867112,99.23539376851187,2.4997954732804146,13.7008674197466,150.54793325887238,153.0477287321528,91.33935907857517,105.04022649832177,false,true
10,20.0,150.1148285492212,107.50297160022681,1.9734610370934433,13.606493793637412,149.39002608423968,151.36348712133312,99.62449926953542,113.23099306317283,true,true
10,20.0,149.66210850646735,110.27089119292312,1.821754474365605,12.77776896693507,149.00290667703496,150.82466115140056,103.2247861784433,116.00255514537837,true,false
10,20.0,150.98749796694653,102.75498974901025,2.0880583280636245,13.374224250869474,150.24494852911258,152.3330068571762,95.24531384848615,108.61953809935562,false,true
10,20.0,148.66972044639397,91.59221345688661,2.70269205416605,13.323666646532118,147.70931934369878,150.41201139786483,84.08956251016666,97.41322915669878,true,false
10,20.0,151.49621727826016,93.12502899962882,2.752266001123985,13.475738450301122,150.4658640508457,153.2181300519697,85.82646138555742,99.30219983585854,false,false
10,20.0,150.85583814026023,86.63327592076251,3.214797511524239,12.532107738372915,149.75326210107215,152.9680596125964,79.45815242189195,91.99026016026487,true,false
10,20.0,149.4887586426045,98.10020277935885,2.2409683319964984,14.291352732522853,148.60600246129619,150.84697079329268,90.09308177723386,104.38443450975672,true,true
10,20.0,151.27096335886364,103.18778161051964,2.1086819454598924,12.32612919164552,150.50748020416964,152.61616214962953,96.59524884089163,108.92137803253715,false,true
10,20.0,149.17997669162963,87.90687496950426,2.678100645376702,13.144712687251626,148.20366129880534,150.88176194418205,80.77365109639754,93.91836378364917,true,false
10,20.0,151.53646540507242,99.01614368606957,2.529138583767349,13.67051736325351,150.62439989429444,153.1535384780618,91.5542648139134,105.22478217716692,false,true
10,20.0,149.8801945492936,101.55955269130712,2.3318621118035026,13.659286665962966,149.0413084012313,151.3731705130348,93.93313988914856,107.59242655511153,true,true
10,20.0,151.07376110941675,102.28505751849016,1.9849732809325928,12.655789085746434,150.32643908026574,152.31141236119834,95.09049760150123,107.74628668724766,false,true
10,20.0,149.8096645675228,97.07397374473629,2.3737368850446785,13.86437122054329,148.94737909155324,151.32111597659792,89.37431965100248,103.23869087154577,true,true
10,20.0,151.27564825372815,100.506067196981,2.144095036696939,13.703781303584236,150.47451529455648,152.61861033125342,92.9417155429855,106.64549684656974,false,true
10,20.0,140.39645449140107,96.29019598943779,2.0993853637043856,12.133635941660089,139.63777771309054,141.73716307679493,89.45195194756658,101.58558788922667,false,true
10,20.0,151.4805052923188,92.91187144745862,2.781652538493148,14.05850041315395,150.42733216015927,153.20898469865242,84.9144286839586,98.97292909711256,false,false
10,20.0,146.56683414306843,108.57361908428773,1.8213431433855476,10.689131289064463,145.9212348889056,147.74257803229114,102.58101912359047,113.27015041265493,false,false
10,20.0,151.4659422229585,87.96889890622037,2.9085906967558515,13.947855917507638,150.4127662039255,153.32135690068134,80.25304633270626,94.2009022502139,false,false
10,20.0,150.30370341931769,105.7446107540642,2.2239632631035136,12.290641261250613,149.49325413461509,151.7172173977186,98.81944249879098,111.11008376004159,true,true
10,20.0,150.84667363102878,90.39465355593123,2.8117960073843165,13.098727065688834,149.86441144809368,152.676207455478,83.34836647457671,96.44709354026554,true,false
10,20.0,148.56792017402688,95.93881080916474,2.5873110265736727,12.381318872081764,147.6287185708026,150.21602959737626,88.95776481091582,101.33908368299758,true,true
10,20.0,150.51057222232626,117.57721087608788,1.5525975200777111,10.813606203814885,149.9398618065597,151.4924593266374,111.45960107823993,122.27320728205481,true,false
10,20.0,150.44800892934364,105.10320879997025,2.147354586623237,11.767779456624751,149.66992625766403,151.81728084428727,98.56263029924055,110.3304097558653,true,true
10,20.0,150.6944713453962,97.57086862818483,2.5704502138598855,11.883752873916904,149.75237378523278,152.32282399909266,90.80978737812003,102.69354025203694,true,true
10,20.0,151.009705165932,104.30049487487238,2.2093839964943527,12.738461099992193,150.23305364166026,152.44243763815462,97.1475131781918,109.885974278184,false,true
10,20.0,150.531282743671,99.91290854360892,2.2664600888903976,13.590312031915346,149.72047770219805,151.98693779108845,92.59093972855467,106.18125176047002,true,true
10,20.0,144.2713079642125,95.13811905711887,2.4015717758325366,12.375903450291503,143.41757286643025,145.81914464226278,88.21951739070184,100.59542084099334,false,true
10,20.0,151.19042783146537,98.80756338155209,2.6264838299624955,13.051844902927243,150.22798341588324,152.85446724584574,91.47141742558607,104.52326232851331,false,true
10,20.0,148.91191896732073,98.49081884609046,2.265634220514414,12.547733574233874,148.07560295760692,150.34123717812133,91.58154435168035,104.12927792591422,true,true
10,20.0,149.10498159222243,104.1994311623765,2.1914370351610444,13.227594895804685,148.32164366247034,150.51308069763138,96.74816141461832,109.97575631042301,true,true
10,20.0,148.32032237860057,89.12831197821335,2.7078022914184317,11.546907127156146,147.34367489553364,150.05147718695207,82.75375107002222,94.30065819717836,true,false
10,20.0,151.72851278911946,91.1245756855584,2.754353539789747,14.844682255860732,150.66280077447985,153.4171543142696,83.01322647263584,97.85790872849657,false,false
10,20.0,151.18301130631602,89.32865172992892,2.6647148144155324,13.465039852693465,150.2025570341904,152.86727184860592,81.75490379119523,95.2199436438887,false,false
10,20.0,150.00594443082042,109.80702928955637,1.7859423372391348,12.033725794681871,149.3739548739625,151.15989721120164,103.0303171255607,115.06404292024257,true,false
10,20.0,150.2983913168993,108.64159129479235,2.039322522201985,11.329471942483835,149.54928610109664,151.58860862329863,102.12896579094546,113.45843773342929,true,false
10,20.0,149.7458798427009,97.62875759523996,2.5717292299976577,11.94285397169574,148.758752332503,151.33048156250067,91.01835005886112,102.96120403055686,true,true
10,20.0,151.33330158127205,93.58080143767924,2.6220362834663433,12.68930841566177,150.38651171460054,153.0085479980669,86.38356144167763,99.0728698573394,false,false
10,20.0,148.52270421151468,113.07885337419009,1.7258982989480671,11.799848993213644,147.8949503531187,149.62084865206677,106.39498359153401,118.19483258474766,false,false
10,20.0,148.50750741553094,89.19144683336475,2.6425147432461245,13.68024758214905,147.57903617454346,150.22155091778959,81.5536897331442,95.23393731529325,true,false
10,20.0,151.26838764299362,99.49921968849588,2.345796121790528,12.864890562202902,150.41664874996124,152.76244487175177,91.9772087309102,104.84209929311311,false,true
10,20.0,150.76961937296005,109.84897710203522,1.930597920079606,13.507792603993565,150.08545839166266,152.01605631174226,102.03501593261528,115.54280853660885,false,false
10,20.0,148.71872197337996,92.8568766037859,2.54405443938694,12.479239625759078,147.79293669042195,150.3369911298089,85.9150345505928,98.39427417635187,true,false
10,20.0,150.06518587629563,88.79538363619362,2.7081511318136506,14.554754965295686,149.0901370431852,151.79828817499885,80.93917377119763,95.49392873649332,true,false
10,20.0,150.5267745879878,108.59620923203548,2.022310918084827,12.283768650058903,149.79670729367183,151.81901821175666,101.68001024994636,113.96377890000527,true,false
10,20.0,150.64433394332607,97.18603103447799,2.485485672320948,14.030126615037545,149.74320668378874,152.2286923561097,89.15172050457511,103.18184711961266,true,true
10,20.0,146.90044620294464,95.64831110160203,2.453575721416172,11.09965915117671,146.04389955215268,148.49747527356885,89.4955399787266,100.5951991299033,false,true
10,20.0,150.55983141841273,88.02204673987825,2.8655355034056527,11.791660867463847,149.51036150586629,152.37589700927194,81.35796674287403,93.14962761033787,true,false
10,20.0,149.97959773409383,116.76221219449462,1.5430640939434852,11.650467925455075,149.40162874643664,150.94469284038013,110.17304008830354,121.82350801375861,true,false
10,20.0,149.71290998709304,95.84629386926358,2.649988732005113,14.71483446385652,148.78197499928774,151.43196373129285,87.74829212486664,102.46312658872316,true,true
10,20.0,147.0642142172291,97.0156166748593,2.2723962271388416,12.483856612132868,146.24395181904163,148.51634804618047,89.95055593603236,102.43441254816523,false,true
10,20.0,150.30256597880523,99.2192250949104,2.399570062168067,12.716844770943396,149.40624532967644,151.8058153918445,92.28757998583268,105.00442475677607,true,true
10,20.0,150.28477168476869,94.50401127161943,2.6736181721855132,11.773988701340826,149.27130652577353,151.94492469795904,87.84967618171855,99.62366488305938,true,false
10,20.0,148.65811463478173,111.6655953381403,1.774714862595232,10.293834018339481,148.01778617405014,149.79250103664538,105.58291509693315,115.87674911527263,false,false
10,20.0,147.32039255656076,112.70508609847957,1.5774037894552748,11.502736293270601,146.76445913254187,148.34186292199715,106.12783543155523,117.63057172482583,false,false
10,20.0,149.64839382526276,92.45859936582761,2.7139552789381867,11.888235076068256,148.62878940210018,151.34274468103837,85.931999868532,97.82023494460026,true,false
10,20.0,150.76057837522143,105.84300023023664,2.2007537977171125,12.016153629941812,149.96362966831575,152.16438346603286,98.99081910411132,111.00697273405314,true,true
10,20.0,147.47833616578043,90.6848152221637,2.6156923385175617,13.924761466263604,146.51582663720447,149.13151897572203,82.97423421341286,96.89899567967646,false,false
10,20.0,150.534400521159,104.25075259377842,2.1172128385763074,13.02795078625995,149.7640245153727,151.88123735394902,96.9499419498442,109.97789273610415,true,true
10,20.0,150.8941553207732,104.60577017327428,2.1311668572015776,13.407042781410766,150.1545661638069,152.28573302100847,97.32793887415966,110.73498165557042,false,true
10,20.0,149.19923100841768,109.46899092405258,1.9001806896082485,12.098524826348893,148.48773253755758,150.38791322716582,102.64147877700049,114.74000360334938,true,false
10,20.0,151.05218156601342,95.41510806491766,2.5652341898289706,13.442694414994307,150.12400831394132,152.6892425037703,88.17951517232412,101.62220958731842,false,true
10,20.0,149.02557451264354,96.39654253723884,2.553016424961868,13.046207030495992,148.05280024115348,150.60581666611535,89.27501854472854,102.32122557522453,true,true
10,20.0,147.89403166883574,94.72707612129682,2.6332970836873812,13.419425852760696,146.9295440185432,149.56284110223058,87.27110134546649,100.69052719822719,false,true
10,20.0,149.3738528915251,126.31091528051888,1.1186762822811716,9.427871710918552,148.99074077708292,150.1094170593641,120.67017678998103,130.09804850089958,true,false
10,20.0,147.91306204771757,91.37162971976124,2.573349101853182,12.727421494071265,146.97479633543225,149.54814543728543,84.61526882291396,97.34269031698523,false,false
10,20.0,148.44609401937396,94.71509378261739,2.625082674751667,12.963506836409778,147.47569464685643,150.1007773216081,87.45438021819145,100.41788705460122,true,true
10,20.0,151.20448520449756,94.86111526385349,2.63920184465087,13.377139499625557,150.22764444199072,152.8668462866416,87.17934290795807,100.55648240758363,false,true
10,20.0,151.42704653459037,97.02315703045807,2.537098239206813,12.758981048575905,150.5345519163072,153.07165015551402,90.10980899668252,102.86879004525842,false,true
10,20.0,151.44965160917846,91.78735991891165,2.6891338491924444,14.035865609296152,150.4802812387751,153.16941508796754,84.46390061953954,98.4997662288357,false,false
10,20.0,150.5386201758684,111.74017574029774,1.8360081435643565,12.403546790815525,149.8704385932965,151.70644673686087,104.55804681785906,116.96159360867459,true,false
10,20.0,150.42773031087384,100.7855066357697,2.355243490272244,13.018569535923618,149.55419262782235,151.9094361180946,93.892672224271,106.91124176019461,true,true
10,20.0,146.46241002659008,97.7941857880551,2.3402595950491616,10.933136237886103,145.64126198212023,147.9815215771694,91.59437896602975,102.52751520391585,false,true
10,20.0,144.59239219914133,110.7552516899172,1.6041034178466589,9.931370555340024,143.97698837761112,145.58109179545778,105.12040221783805,115.05177277317807,false,false
10,20.0,149.8731040378599,110.21806670613381,1.7884567803461948,12.390640208872668,149.24360536419496,151.03206214454116,103.12926132814962,115.51990153702229,true,false
10,20.0,150.72341324436167,97.6280161142906,2.5842545193998774,14.203395092372702,149.7821622148782,152.3664167342781,89.6689030131368,103.8722981055095,true,true
10,20.0,150.44174314061468,113.46646777650885,1.7226939830513004,11.590139760812065,149.8571190410418,151.5798130240931,106.76389056705335,118.35403032786542,true,false
10,20.0,150.85787107869143,95.86474378624577,2.4438360664256606,13.220725357583476,149.96966933271756,152.41350539914322,88.47527371297224,101.69599907055571,true,true
10,20.0,145.5822207349949,91.1454929712693,2.6385307473870228,13.54553487417563,144.64736337045292,147.28589411783994,83.48346728740528,97.0290021615809,false,false
10,20.0,149.48253648995,101.20982148946435,2.1768190786866626,12.38535113511449,148.7168855068458,150.89370458553248,94.30809614682761,106.6934472819421,true,true
10,20.0,149.1830060199972,110.65475926201415,1.8927368798185,11.37924271670397,148.510198664487,150.4029355443055,104.07974940278432,115.45899211948829,true,false
10,20.0,151.43629816683665,88.54524963603714,2.9147225355052058,12.130076769277196,150.33673270999583,153.25145524550103,81.93464003877361,94.0647168080508,false,false
10,20.0,151.29595267396581,94.99176606370901,2.5680914309160414,12.95196729944196,150.3954413056143,152.96353273653034,87.8380319968101,100.78999929625206,false,true
10,20.0,148.76469554954883,106.63544209237483,1.8883343670974853,12.892682756840813,148.06535009312267,149.95368446022016,99.3151009849895,112.20778374183031,false,true
10,20.0,151.33019081769237,92.98949108306414,2.5875824492925403,13.983093357253892,150.3942640568693,152.98184650616184,85.57257655372274,99.55566991097663,false,false
10,20.0,148.70302735061853,97.8238470217261,2.3878217276484577,13.415511904301724,147.85872480276393,150.2465465304124,90.34778057058199,103.76329247488371,true,true
10,20.0,141.36784253194998,108.52216588455867,1.6835008442276944,8.920769310754707,140.79446913395594,142.47796997818364,103.1263573345968,112.04712664535151,false,false
10,20.0,146.82695136316187,106.77638352437407,1.8876866887657684,12.49510614964737,146.1274156920411,148.01510238080687,99.64754185695361,112.14264800660098,false,true
10,20.0,150.66481234099814,99.80090583597126,2.2302552368434476,14.165664493573331,149.86651295853324,152.09676819537668,92.15581092093103,106.32147541450436,true,true
10,20.0,150.31534267895913,95.03089880016927,2.505844914445106,14.71298231208472,149.4344969055565,151.9403418200016,86.96927758315368,101.6822598952384,true,true
10,20.0,149.92584197482495,97.09982499142123,2.4164661316781064,14.555042718510023,149.04216457732085,151.45863070899895,89.16541439903695,103.72045711754697,true,true
10,20.0,150.49931151117727,107.25513765857477,2.095994767302898,13.18958807097772,149.72687836608563,151.82287313338853,99.74524906332636,112.93483713430408,true,true
10,20.0,147.79352355513447,99.45853801113122,2.3373108802861395,12.028239644641502,146.94251052700204,149.27982140728818,92.60731769959041,104.63555734423191,false,true
10,20.0,151.15049907059196,109.61414389379702,1.9235956935041827,12.468662263042418,150.45304846574527,152.37664415924945,102.50483635169365,114.97349861473607,false,false
10,20.0,150.09308372020692,95.66657398469425,2.4230529757625163,13.077601459103036,149.22373363918751,151.64678661495003,88.53004470596605,101.60764616506908,true,true
10,20.0,151.13203196460157,92.33388013486822,2.6889926596093403,13.002899449541744,150.11053362402905,152.7995262836384,85.04862402891929,98.05152347846104,false,false
10,20.0,146.93880661530466,84.91016871908451,2.7401691382788727,14.457421911994231,145.9238491658675,148.66401830414637,77.09604886921534,91.55347078120957,false,false
10,20.0,151.2936142215674,98.4526588622283,2.401230432476865,13.26657071010105,150.43739806782082,152.8386285002977,90.92391153459128,104.19048224469233,false,true
10,20.0,151.17672913861392,100.17484934904184,2.198996466379043,13.68639238992209,150.37779907864788,152.57679554502693,92.78596296827095,106.47235535819304,false,true
10,20.0,147.80560847567727,102.6347196291018,2.1359018413803597,12.88506872936783,147.07456264433097,149.21046448571133,95.31393791348998,108.19900664285781,false,true
10,20.0,151.43858482158424,94.82264509441308,2.6184166481051534,13.115949386852847,150.48744766438176,153.10586431248691,87.57693595745815,100.692885344311,false,true
10,20.0,148.1511176468674,103.7534837419225,2.172799967128526,13.31285977874515,147.3689067959191,149.5417067630476,96.31775730923133,109.63061708797647,false,true
10,20.0,146.61792602795805,110.378000838206,1.8167711837176341,11.672208089512978,145.9708698712067,147.78764105492434,103.635552104928,115.30776019444097,false,false
10,20.0,151.63291483407562,92.07064534686556,2.8692755795137543,14.286323946431708,150.5216027713855,153.39087835089924,84.48912549280823,98.77544943923994,false,false
10,20.0,147.8461657998222,98.80424111379065,2.2606004265461195,12.219403779340922,147.02928749911584,149.28988792566196,92.05511148170234,104.27451526104326,false,true
10,20.0,151.13554525138474,104.50449906630026,2.11883641825591,13.341854096884717,150.34943076604458,152.4682671843005,96.96629205240302,110.30814614928774,false,true
10,20.0,151.20224774936884,103.97429403271983,2.3358767354363863,11.94818091412283,150.33522797226226,152.67110470769865,97.20607951790986,109.15426043203269,false,true
10,20.0,150.41739065628622,115.46187105481135,1.7263695511709045,12.651479878950624,149.80441613640514,151.53078568757604,108.29351967537448,120.94499955432511,true,false
10,20.0,147.87877122112207,96.9965555515453,2.399929845827785,13.583345541204451,146.98992353250455,149.38985337833233,89.41102616885982,102.99437171006427,false,true
10,20.0,150.38518297512275,114.33836992096452,1.6527293272127679,12.225294123153972,149.78625947502815,151.4389888022409,107.47192860982979,119.69722273298376,true,false
10,20.0,150.4781690513128,99.07551862508457,2.4138788628762313,13.478967902213356,149.62390692997627,152.0377857928525,91.66702501218104,105.1459929143944,true,true
10,20.0,150.60125574520558,91.48445402797601,2.7790862113072023,11.766258253988482,149.55166439242342,152.33075060373062,84.78112500481741,96.5473832588059,true,false
10,20.0,148.72930594722015,101.6215320649469,2.178895962097556,13.574833604969328,147.93723916006508,150.11613512216263,93.81222084106798,107.38705444603731,true,true
10,20.0,150.49210555109138,103.01838697277287,2.299913859051941,11.836687138600766,149.64296717763096,151.9428810366829,96.2695410282714,108.10622816687217,true,true
10,20.0,150.7437771441999,99.79385114315237,2.567360472879102,13.634015510740426,149.83153610272694,152.39889657560605,92.05389248639129,105.68790799713172,true,true
10,20.0,149.86525245220804,95.82950470266148,2.460572165625024,11.881704997668734,148.98786411037293,151.44843627599795,89.12875889427941,101.01046389194815,true,true
10,20.0,149.90682812747633,98.77778769088489,2.3090190834811892,13.515409882333472,149.09586971249473,151.40488879597592,91.5557840233914,105.07119390572487,true,true
10,20.0,151.0828952653846,110.29662509562348,2.0247908191574027,12.53106238389266,150.35179860088266,152.37658942004006,103.03346511560633,115.564527499499,false,false
10,20.0,150.58595107172795,102.79294047294967,2.1990439358683034,14.02494491182641,149.8014725420864,152.0005164779547,95.10418114124717,109.12912605307358,true,true
10,20.0,149.5213942962266,106.19900411059278,2.062782078142476,11.15113312028268,148.77628868393066,150.83907076207313,99.93334958595511,111.0844827062378,true,true
10,20.0,149.8654371299948,103.7185959772242,2.3734651694448985,12.09699273097418,148.9986860783551,151.3721512478,96.81184344581287,108.90883617678705,true,true
10,20.0,150.85561929428465,115.4005934866654,1.7071098676029806,12.053054189884051,150.21741709297203,151.924526960575,108.66792347446844,120.72097766435249,false,false
10,20.0,151.48808277181882,94.49522974374796,2.690908491931367,13.816568453887925,150.54893475163237,153.23984324356374,86.86411479938425,100.68068325327218,false,true
10,20.0,151.09371049621714,103.0980239140041,2.3978246809089114,12.45486894925098,150.23855996520737,152.63638464611628,96.21156924268026,108.66643819193123,false,true
10,20.0,149.8255499169842,99.04232223379873,2.3760420396177437,13.459524810081703,148.98553087457623,151.36157291419397,91.67699598308289,105.13652079316459,true,true
10,20.0,149.48240763677512,98.5063017299864,2.375470092086971,12.59913006324581,148.6582426801517,151.03371277223866,91.47882892194656,104.07795898519237,true,true
10,20.0,148.4490347794243,102.51167816519379,2.161250347097024,12.368351310131317,147.66817755241127,149.8294278995083,95.3463353643883,107.71468667451961,false,true
10,20.0,148.11332061296753,90.58144553585828,2.8631009247239376,13.611050486803194,147.09455065125366,149.9576515759776,83.34151548505486,96.95256597185805,false,false
10,20.0,149.7437278154995,99.07629031083634,2.288580964895374,13.8188164897347,148.89992222105047,151.18850318594585,91.37047382651103,105.18929031624573,true,true
10,20.0,149.5154521800292,95.0241702298726,2.5154699362656174,12.989252382473424,148.52133213972087,151.0368020759865,87.90400405749837,100.8932564399718,true,true
10,20.0,150.94978447284646,102.2786636624462,2.1940676373505994,13.489925018983385,150.16800116391752,152.36206880126812,94.91410989761528,108.40403491659866,false,true
10,20.0,150.55063880224,108.3106233995874,1.8938720871169608,12.184478752336602,149.87841574977915,151.7722878368961,101.17770948099832,113.36218823333492,true,false
10,20.0,150.30894063144447,106.81964218882038,2.1301670143445506,11.915542909738747,149.51368729391368,151.64385430825823,100.11652537578226,112.032068285521,true,false
10,20.0,150.4254973965208,106.5912629753123,2.0375220692242237,11.939843206718336,149.70303623621595,151.74055830544017,99.93757437400211,111.87741758072045,true,true
10,20.0,151.2356655855754,91.71172508556216,2.711548564245078,12.372246374413805,150.26125681812303,152.9728053823681,84.69392625936722,97.06617263378102,false,false
10,20.0,147.9582278730487,98.32663778109143,2.271105568035779,13.125334533643539,147.1216495016184,149.39275506965419,91.0346351787108,104.15996971235434,false,true
10,20.0,149.70395336734504,99.79649713768964,2.3015446184863606,12.082711005944773,148.86372490775372,151.16526952624008,92.9952230528644,105.07793405880918,true,true
10,20.0,151.28394095015224,103.02663849588471,2.068411799642149,13.674061354328956,150.5098274449336,152.57823924457574,95.45895677226093,109.13301812658989,false,true
10,20.0,151.01845149940544,96.3039725416005,2.6528425084277387,13.45758822449433,150.0674401850897,152.72028269351745,88.85920853195901,102.31679675645334,false,true
10,20.0,150.3092137994176,104.4560139846413,2.1075023103130945,13.560238190078536,149.5361233152138,151.6436256255269,96.7610925580584,110.32133074813693,true,true
10,20.0,149.13360089768162,107.29586266813645,2.0327441529699968,13.314724374005706,148.4065946694342,150.4393388224042,99.80860060907504,113.12332498308075,true,true
10,20.0,150.81110537270354,98.94258229696943,2.3929320171399695,12.34387215096541,149.927010402063,152.31994241920296,91.90776810343061,104.25164025439602,true,true
10,20.0,151.3284608056676,101.83412866596665,2.237123218010339,13.048647246968315,150.4796060128324,152.71672923084273,94.39471969337217,107.44336694034048,false,true
10,20.0,149.33876708864113,92.10100548695058,2.5839173379045235,11.84897610145002,148.37890946001787,150.9628267979224,85.44234941323211,97.29132551468213,true,false
10,20.0,149.35609867214026,97.82944069947361,2.3353588048077256,12.88320238512567,148.49029041509095,150.82564921989868,90.66308012728693,103.5462825124126,true,true
10,20.0,148.72643264249882,106.43115735833639,1.9473233152326657,13.041762165552342,148.02238109644645,149.96970441167912,98.9866377483479,112.02839991390024,false,true
10,20.0,149.23104316193326,103.34406544987002,2.1725586907255945,12.716044296533667,148.4379470277791,150.6105057185047,96.2798715393986,108.99591583593227,true,true
10,20.0,148.91409322121663,95.19248358843367,2.6313473948448802,11.88317016079445,147.94161065358483,150.5729580484297,88.51853952944982,100.40170969024427,true,true
10,20.0,145.61436671956238,117.10599093097481,1.297119779570238,9.898591125856399,145.13500664561238,146.43212642518262,111.35725046623199,121.25584159208839,false,false
10,20.0,150.60025309162012,93.29987979039217,2.6155043871048065,11.456373903294946,149.68188550940852,152.29738989651332,86.89899286043226,98.3553667637272,true,false
10,20.0,150.60282920045532,92.71610587415289,2.7653539270960437,11.922572383248479,149.60501181571658,152.37036574281262,85.7425959006388,97.66516828388728,true,false
10,20.0,151.4558249560124,84.64019766200843,2.947076827137124,14.32477042210877,150.3503469828081,153.29742380994523,76.84862287822071,91.17339330032948,false,false
10,20.0,149.822930514502,102.56433362629,2.163951983694602,12.772473842731912,149.05427456485134,151.21822654854594,95.61185576139663,108.38432960412854,true,true
10,20.0,150.53046703088586,99.51335165994809,2.2949577707993853,12.85663135665662,149.7083078102362,152.00326558103558,92.32477626692449,105.18140762358111,true,true
10,20.0,150.21405691924735,95.24864317337813,2.543465623720209,13.665655824705624,149.3125445850937,151.8560102088139,87.65745014099987,101.3231059657055,true,true
10,20.0,149.08589609594603,102.20447504823241,2.162742988454113,14.118360097114731,148.3146182859249,150.477361274379,94.1626963673526,108.28105646446733,true,true
10,20.0,150.71991798016643,96.35215194894954,2.4105073060088955,14.295267631514406,149.78429848131753,152.19480578732643,88.51896431484062,102.81423194635502,true,true
10,20.0,151.10742167749532,107.06218739661628,2.0827295417548157,12.498104168890166,150.37151078539483,152.45424032714965,100.183883055178,112.68198722406817,false,false
10,20.0,150.6904869270409,98.77341700926155,2.327818856639567,13.070151326745474,149.84548698168587,152.17330583832543,91.69649540446858,104.76664673121405,true,true
10,20.0,149.59359355364677,91.5961221759581,2.8583133854703533,11.164137751834772,148.5943784303438,151.45269181581415,85.01430796845304,96.17844572028781,true,false
10,20.0,149.76050771961442,112.72941001259667,1.8191399347360857,12.27535528631131,149.0666052316924,150.88574516642848,105.88334106400022,118.15869635031153,true,false
10,20.0,150.3391709613892,99.09693079745938,2.424157760899874,13.840148190280388,149.47914642709418,151.90330418799405,91.47839723115814,105.31854542143853,true,true
10,20.0,149.43107450218562,95.64597943833418,2.3714088997401745,13.596400038858633,148.53228521262741,150.9036941123676,88.44828680448961,102.04468684334825,true,true
10,20.0,149.2616800134271,100.42438856564773,2.2253264673510387,13.249415991651489,148.4527133892971,150.67803985664813,93.07037930265803,106.31979529430951,true,true
10,20.0,147.07929938538294,97.11681913756344,2.2830143977714386,12.638016819495135,146.28199545825098,148.5650098560224,90.28274051049863,102.92075732999376,false,true
10,20.0,150.9072325078577,107.60606504216089,2.0917240173998835,12.582962568525787,150.1442535564074,152.23597757380728,100.52145674785379,113.10441931637958,false,false
10,20.0,150.82320129654417,101.69313193792505,2.290644856616211,13.340826114821823,150.0157396748839,152.3063845315001,94.08353748627697,107.42436360109879,false,true
10,20.0,148.79801010768455,99.68647080264694,2.2518996933969504,10.79239844406942,148.00664415294548,150.25854384634243,93.68669680158868,104.4790952456581,true,true
10,20.0,148.1894943571267,103.20718625047624,2.237512498755507,12.482296171523615,147.40495170185804,149.64246420061355,96.31305717122133,108.79535334274495,false,true
10,20.0,144.9071427435146,103.0822093527263,1.9887243521186804,12.88411956215323,144.1829754089355,146.17169976105419,95.8762498567997,108.76036941895293,false,true
10,20.0,150.71634646955886,100.12240241355849,2.4419940548677914,13.215160460148297,149.8573100587098,152.2993041135776,92.89329328130694,106.10845374145524,true,true
10,20.0,150.77353544585233,99.22931826143163,2.458104550711738,14.47630477869619,149.89364834046614,152.35175289117788,91.14264762499978,105.61895240369597,true,true
10,20.0,150.9140541442644,110.77230404388891,1.9111584017045686,14.36417140311707,150.25453978318896,152.16569818489353,102.71455496511959,117.07872636823666,false,false
10,20.0,150.9572975574526,96.90567700442239,2.439597286061627,12.162910537157515,150.05547520919706,152.49507249525868,89.9088668924453,102.07177742960282,false,true
10,20.0,150.23426072791244,103.6730249059571,2.229489877167879,13.522521884724611,149.43846048295546,151.66795036012334,96.43126241145977,109.95378429618438,true,true
10,20.0,146.0174189176317,103.75681492980257,2.0449961167477397,12.973572315889868,145.28243106507682,147.32742718182456,96.33897911537505,109.31255143126492,false,true
10,20.0,148.1023659763285,96.51070074603143,2.3753901479327624,13.854068201055512,147.26101870574814,149.6364088536809,89.04978349540313,102.90385169645864,false,true
10,20.0,150.54828937841336,104.20168074231876,2.16724732059987,14.08591690113306,149.762413604453,151.92966092505287,96.54508359710019,110.63100049823325,true,true
10,20.0,151.0124111940364,108.26617386654203,2.0937933246882494,13.617846705603554,150.26536152263765,152.3591548473259,100.64612048162651,114.26396718723007,false,false
10,20.0,147.0259769079167,102.23738482322054,2.1433923446244307,12.368299760346133,146.22354056711646,148.3669329117409,95.44117128267595,107.80947104302209,false,true
10,20.0,150.9190223263463,90.229823934455,2.7659140219973324,13.795223443038267,149.8850978752104,152.65101189720772,82.68718664015954,96.4824100831978,true,false
10,20.0,150.18046611428974,99.15997231246614,2.4101939186951427,13.261061694295165,149.33046757987364,151.74066149856878,91.72266749646869,104.98372919076385,true,true
10,20.0,151.18661082812105,88.37800665840656,2.8142250230548598,12.852745735365914,150.14163879405783,152.9558638171127,81.23604850258485,94.08879423795076,false,false
10,20.0,150.95967739083812,100.07608902960806,2.284213208687788,13.556280599426813,150.13289419519572,152.4171074038835,92.52811468111389,106.0843952805407,false,true
10,20.0,149.12606573787372,101.88976217056019,2.0847319425645594,12.896667499316194,148.33290800946114,150.4176399520257,94.64219509346218,107.53886259277837,true,true
10,20.0,150.5596881467257,112.7232389125206,1.7768829460372046,9.515958884904506,149.93814824462078,151.71503119065798,107.36303856802569,116.8789974529302,true,false
10,20.0,151.2008043883116,93.12485637715793,2.6838497982973024,13.081988841834345,150.24276733684397,152.92661713514127,85.7921644411252,98.87415328295954,false,false
10,20.0,148.66035437599973,107.14573095164634,2.03072574768575,12.94777947714347,147.92154215295523,149.95226790064098,99.84623519822627,112.79401467536974,false,true
10,20.0,148.45153335553832,99.30972710919725,2.405012894346271,12.778526149969451,147.5746555359474,149.97966843029366,91.94519648802117,104.72372263799062,false,true
10,20.0,151.076520915797,96.1786449977061,2.4762613192596064,13.106888168890677,150.17724919046282,152.65351050972242,89.01281273524363,102.1197009041343,false,true
10,20.0,150.96584965860316,108.4736697352644,1.8643606782090671,13.018707186111044,150.23333075151933,152.0976914297284,100.93232652812178,113.95103371423282,false,false
10,20.0,149.09559664633218,104.90367597367626,2.046872763721325,13.923625455770406,148.3650554764058,150.4119282401271,96.89050992775523,110.81413538352564,true,true
10,20.0,150.5941249576736,97.93684333394502,2.509453369637754,15.22916337711247,149.67773124951543,152.1871846191532,89.66489805125057,104.89406142836305,true,true
10,20.0,149.2273143517562,110.85507384064304,1.7639852583310471,12.435186239114572,148.5982424241945,150.36222768252554,103.97848468375214,116.41367092286671,true,false
10,20.0,151.2487184082124,88.42265951508776,2.707159453586627,13.522521405241378,150.20238703709785,152.90954649068448,81.16080678697726,94.68332819221864,false,false
10,20.0,149.2089637335373,96.06341479769294,2.489300389456332,13.235202466252957,148.30236967600126,150.7916700654576,88.58247787827096,101.81768034452392,true,true
10,20.0,149.15615554573753,104.99255529508426,2.0470272048350466,12.59309994698161,148.4259946809737,150.47302188580875,97.9453580780316,110.53845802501321,true,true
10,20.0,151.030334635687,91.24780232337838,2.7687089360652806,13.696625226278769,150.00178864991705,152.77049758598233,83.60427294566588,97.30089817194465,false,false
10,20.0,149.82681760352332,106.3124154942306,1.9473545093098608,14.009955412873637,149.14251653372816,151.08987104303802,98.4876467978153,112.49760221068894,true,true
10,20.0,144.53354555832072,101.610552749024,2.129613386835416,12.21937435015316,143.77190124024602,145.90151462708144,94.72048075248604,106.9398551026392,false,true
10,20.0,149.44893315213463,110.64430683830057,1.7760316271514967,11.838292227243059,148.8383562321617,150.61438785931318,103.98993082683054,115.8282230540736,true,false
10,20.0,150.25937401326442,99.95070560961314,2.1684862703725685,11.754544202156637,149.4803569990511,151.64884326942368,93.2670579726942,105.02160217485084,true,true
10,20.0,150.16700723068206,82.66743502773346,3.082927141712446,13.272002339883414,149.05492376118997,152.13785090290241,75.4507951246998,88.72279746458321,true,false
10,20.0,150.16179523171235,87.9958217134113,2.901598245862999,13.863967160881998,149.10931816913262,152.01091641499562,80.54009855288263,94.40406571376462,true,false
10,20.0,150.4406423040757,91.67526712946395,2.7272392519241464,13.076928967042747,149.45935379419768,152.18659304612183,84.28515978275155,97.3620887497943,true,false
10,20.0,150.95732374058133,94.85724355379237,2.742792039831727,11.54811605727275,149.99223835604016,152.7350303958719,88.21723805093933,99.76535410821208,true,false
10,20.0,149.42196578106967,99.87704756501348,2.2454991125751462,13.026328967012077,148.6161476366081,150.86164674918325,92.88880911363717,105.91513808064924,true,true
10,20.0,150.19547894054278,115.05238747209935,1.70772075804868,11.498412757613778,149.58256066973166,151.29028142778034,108.62339386114434,120.12180661875811,true,false
10,20.0,151.24081886102306,102.99546875863494,2.288867446889327,12.911876952968655,150.4157034609242,152.70457090781352,95.71745200217826,108.62932895514692,false,true
10,20.0,151.4841787196898,93.55423277883192,2.7571601807670447,13.166714833704432,150.54184565015322,153.29900583092027,86.22111110628171,99.38782593998614,false,false
10,20.0,146.69366279330993,90.43530905635131,2.6185835784883125,12.74289705974698,145.72641336078289,148.3449969392712,83.18643585900071,95.92933291874769,false,false
10,20.0,150.99801963399574,97.24788871731265,2.5335155058209295,13.454418295661213,150.11370903956885,152.64722454538978,90.15000647090463,103.60442476656584,false,true
10,20.0,151.06596297172004,108.43236225297647,2.0392455160107374,14.087138845238968,150.310198418856,152.34944393486674,100.67799407930804,114.765132924547,false,false
10,20.0,149.82181894701478,109.63761342320744,1.9844457058585476,12.789405878863235,149.1143175179991,151.09876322385765,102.29960755300458,115.08901343186781,true,false
10,20.0,150.17402116588133,106.31599015312983,2.095519964632615,13.81739936433469,149.44695531711977,151.5424752817524,98.31751787819321,112.1349172425279,true,true
10,20.0,148.34154766319654,93.07676366900364,2.474796921186595,13.332671239769937,147.39666750435632,149.8714644255429,85.83372758829455,99.16639882806449,false,false
10,20.0,148.0395950579442,99.58207955303892,2.2628520246311723,12.713414426015632,147.19990547089944,149.4627574955306,92.39611610564559,105.10953053166122,false,true
10,20.0,145.2733598474082,96.15229022055675,2.329129780623674,12.321525599531455,144.4244414194257,146.75357120004938,89.22400920929744,101.54553480882889,false,true
10,20.0,150.75176357812478,98.53938881724191,2.474383257176271,11.35661965999715,149.91136207043928,152.38574532761555,92.09683428825713,103.45345394825428,true,true
10,20.0,150.4193170970154,112.66369495789421,1.8307437752072815,12.678757149052444,149.77420635163327,151.60495012684055,105.63655925177731,118.31531640082976,true,false
10,20.0,151.57611604227614,90.58944542298198,2.8049120475346285,13.760539155410058,150.56796333795586,153.3728753854905,83.18428936905772,96.94482852446778,false,false
10,20.0,151.37660081240983,103.20048327402239,2.391991050317756,13.758160848930487,150.53306844937708,152.92505949969484,95.67832843196771,109.4364892808982,false,true
10,20.0,143.48043034161122,88.36993458593065,2.643886378284691,13.122553546120855,142.5226282206867,145.1665145989714,81.15376036546049,94.27631391158134,false,false
10,20.0,151.38766371034754,92.49481611539701,2.765522511446477,13.666805196036279,150.3879213985957,153.15344391004217,84.98855042955222,98.6553556255885,false,false
10,20.0,146.20784894093032,87.67525273955896,2.8233971677982765,13.28084606650522,145.19903003526588,148.02242720306415,80.33108694466095,93.61193301116617,false,false
10,20.0,150.50506752143053,107.52761151459127,1.9512237241964954,14.35202477192908,149.8037744123572,151.7549981365537,99.44766233245828,113.79968710438736,true,true
10,20.0,143.39627843261093,98.27044083162731,2.1405896986271387,12.030090177062533,142.62978327397767,144.7703729726048,91.55836730460507,103.5884574816676,false,true
10,20.0,150.27361297978945,111.60058653453063,1.7856689979933833,11.52938241973763,149.6551104627811,151.44077946077448,104.88742502735545,116.41680744709308,true,false
10,20.0,146.33827393698547,99.46873826232053,2.24953161865713,12.4296817416908,145.50921068335853,147.75874230201566,92.56898319481645,104.99866493650725,false,true
10,20.0,148.84053760030207,111.66033442139782,1.7509413152437787,12.217118501247626,148.22078527890295,149.97172659414673,104.87855933262014,117.09567783386777,false,false
10,20.0,145.10056419598016,104.36328449404812,1.8608720287333824,11.23693294251953,144.46191888994306,146.32279091867645,98.10365897648629,109.34059191900582,false,true
10,20.0,145.4044047236186,101.79121181071287,2.106803244682908,11.839012106506615,144.65544393365366,146.76224717833657,94.92943206041318,106.76844416691979,false,true
10,20.0,151.12190165724897,95.375520409632,2.694855979335273,12.811969174746096,150.16873498548745,152.86359096482272,88.25096137463393,101.06293054938003,false,true
10,20.0,147.4257174283465,89.42313436685131,2.516722002908949,12.380278436080374,146.5103024416159,149.02702444452484,82.29913844366226,94.67941687974263,false,false
10,20.0,147.54580121459745,99.11814965144224,2.272950902447917,12.718290302899433,146.72198949418174,148.99494039662966,91.92496049797282,104.64325080087225,false,true
10,20.0,151.00916039646566,105.24601729387614,2.161042406273282,12.011831981732996,150.23297634244068,152.39401874871396,98.52985814521648,110.54169012694948,false,true
10,20.0,149.90306178128512,117.2886312021678,1.5751231384194,11.350966113588726,149.33997915670065,150.91510229512005,110.75261799255397,122.10358410614269,true,false
10,20.0,151.44373877117107,92.78355769661192,2.7092292412418146,12.264179729283057,150.45752994913047,153.1667591903723,86.12812112042877,98.39230084971183,false,false
10,20.0,150.35564890498065,99.18125126394347,2.3948967517338247,13.191689612707009,149.49327522893594,151.88817198066977,91.58137992205089,104.7730695347579,true,true
10,20.0,150.80434202600944,103.1310826003582,2.2477031490932973,12.34861372078872,150.0739166510611,152.3216198001544,96.39164419390443,108.74025791469315,false,true
10,20.0,150.241353825685,122.5618611580225,1.2934963210996955,10.326040878173103,149.78472565171813,151.07822197281783,116.50427457054809,126.8303154487212,true,false
10,20.0,149.88426274303873,88.30880424375903,2.7528587855541105,11.320809704695208,148.9174662986457,151.67032508419982,81.86122058150416,93.18203028619936,true,false
10,20.0,148.70825558890402,96.64182329602878,2.4803135560394196,11.469771535538314,147.8044748629151,150.28478841895452,90.01528154664221,101.48505308218053,true,true
10,20.0,148.6241534446085,95.2058904033212,2.5901602097590626,13.42074075191529,147.68788857410743,150.2780487838665,87.76882837118322,101.18956912309851,true,true
10,20.0,149.87366055040366,95.61246149340305,2.623486996814563,12.609886405034885,148.90147615455112,151.52496315136568,88.55039188909653,101.16027829413142,true,true
10,20.0,150.55688429272317,95.60783268218258,2.5577408465658777,12.981337111979983,149.6263726849958,152.18411353156168,88.2324383187373,101.21377543071728,true,true
10,20.0,145.33306564967293,103.33253172761829,2.054957367526299,12.678159227880684,144.63026566229013,146.68522302981643,96.11588971934418,108.79404894722487,false,true
10,20.0,147.654200605685,87.60952978428415,2.7004121695254923,13.734098760106903,146.62865326371445,149.32906543323995,80.27183833112967,94.00593709123658,false,false
10,20.0,150.00634428482508,103.50596908729403,2.145232185806549,13.39666749494856,149.24724013017675,151.3924723159833,96.08230818765443,109.478975682603,true,true
10,20.0,151.3970118195868,93.67363019970293,2.5761421508576916,13.113750252003086,150.44801481928795,153.02415697014564,86.26637714563084,99.38012739763393,false,false
10,20.0,150.42595806614466,95.81811597110244,2.4347883563868606,13.648651089119895,149.54060153694428,151.97538989333114,88.46478138456118,102.11343247368107,true,true
10,20.0,150.4172973209524,89.67807610722316,2.718638135358077,14.039318438581972,149.46219432561549,152.18083246097356,81.9856448149842,96.02496325356617,true,false
10,20.0,149.67442041950397,92.48627161257564,2.485625279424596,11.551957148497351,148.75810939850282,151.24373467792742,85.874937652894,97.42689480139136,true,false
10,20.0,151.18594791782772,106.96941406112235,2.06789025686075,13.09934076849136,150.4452935685819,152.51318382544264,99.69514903167794,112.7944898001693,false,true
10,20.0,150.2439212027372,88.97989454663019,2.9135954779010262,14.279655702677232,149.18618109011004,152.09977656801107,81.0878124787656,95.36746818144283,true,false
10,20.0,147.5302517672566,95.73359393051226,2.4202344167309207,11.93052404489515,146.63919592115897,149.0594303378899,89.23516728032465,101.1656913252198,false,true
10,20.0,151.23413712294084,99.4575417700006,2.4520020767385518,13.855817163958704,150.3383723715178,152.79037444825636,91.64028040849345,105.49609757245216,false,true
10,20.0,148.3631229327102,113.35732511929439,1.6960847770149883,9.442856602565058,147.768084503926,149.46416928094098,107.71491490082319,117.15777150338825,false,false
10,20.0,151.23625637534326,105.63564057233748,2.080821751847992,13.082686023041248,150.47756287457509,152.55838462642308,98.23610947242469,111.31879549546593,false,true
10,20.0,149.75940481951847,102.0708913400396,2.2094106180353776,13.641776508449837,148.9295718043017,151.13898242233708,94.65565747172413,108.29743398017396,true,true
10,20.0,147.94339490531908,105.57901345950987,2.03088185491751,12.952251326767552,147.2268308858653,149.2577127407828,98.09495309375058,111.04720442051813,false,true
10,20.0,151.2967750233783,102.5025103205793,2.171037461299022,12.494195422282473,150.50797480524062,152.67901226653964,95.72460076089288,108.21879618317536,false,true
10,20.0,151.3105678994188,93.55823426903186,2.466837112934172,13.158190805345455,150.42392487359274,152.8907619865269,86.11804079376726,99.27623159911272,false,false
10,20.0,150.7782711967131,97.09276659337324,2.4998871114161716,12.881481244844636,149.84854840995953,152.3484355213757,89.98012441789572,102.86160566274036,true,true
10,20.0,148.70186272909484,104.00806189727284,2.1553460218143243,12.64684623593304,147.92126706166732,150.07661308348165,96.81390112982162,109.46074736575466,true,true
10,20.0,150.3474259172566,102.1619510447122,2.2759053929130175,12.059790877389105,149.49290151293445,151.76880690584747,95.44897300542631,107.50876388281542,true,true
10,20.0,150.582977656626,96.47515825867387,2.658843986694535,11.197602483094101,149.63732691869322,152.29617090538775,90.16706721081027,101.36466969390437,true,true
10,20.0,147.89858678587035,106.59946308103079,1.8983683403044154,11.714156874565774,147.22830584494073,149.12667418524515,99.84470208378765,111.55885895835343,false,true
10,20.0,151.43788356142406,95.86091420872029,2.5238844887900314,13.41847378957712,150.55227318116675,153.07615766995679,88.63428623902682,102.05276002860394,false,true
10,20.0,151.32449010491382,85.73754341080105,2.9834251915483208,13.717782342566252,150.27662810043398,153.2600532919823,78.22253913596776,91.94032147853402,false,false
10,20.0,151.28752406595538,96.14986830756703,2.4974223508151283,13.918583455831225,150.3746884274689,152.87211077828402,88.39545428881229,102.31403774464351,false,true
10,20.0,149.60815832170283,120.73256446322114,1.3579475170664068,10.93255113837381,149.1284869054731,150.4864344225395,114.52115738899069,125.4537085273645,true,false
10,20.0,147.58390395538856,100.7033261773878,2.3362618488869202,11.585725426124796,146.75039300456248,149.0866548534494,94.10319564817685,105.68892107430165,false,true
10,20.0,145.55150520738954,86.7638989164476,2.8864942730573375,12.228253111217853,144.45738638597834,147.34388065903568,79.99916981972653,92.22742293094439,false,false
10,20.0,143.95641000115708,102.49698284022577,1.9740893575389862,11.573389909008355,143.25807555401036,145.23216491154935,96.2058220308735,107.77921193988186,false,true
10,20.0,150.60611690169958,92.95134387896644,2.868972593454913,14.016374610882337,149.58559271710226,152.45456531055717,85.34922031893367,99.36559492981601,true,false
10,20.0,150.11700770102652,105.34260453564158,2.287237169572279,12.85682655233282,149.2897952364874,151.5770324060597,98.02609186758778,110.8829184199206,true,true
10,20.0,146.94541423966012,94.41861840648737,2.3923706924173302,12.110902188056883,146.07634677651035,148.46871746892768,87.71644105886296,99.82734324691984,false,false
10,20.0,150.30147962595166,104.30103199851247,2.136916665511933,13.571884175006915,149.535990450679,151.67290711619094,96.80165179677837,110.37353597178529,true,true
10,20.0,149.12505144578233,100.17903690729992,2.165139005397549,14.221871622235312,148.32112077706233,150.48625978245988,92.24755396826325,106.46942559049856,true,true
10,20.0,146.864738068407,98.58082020440989,2.2141538617908623,12.821933115216211,146.07746763159963,148.2916214933905,91.46271432347615,104.28464743869236,false,true
10,20.0,151.38682604409075,92.2731439280127,2.601764028401476,14.222036142614357,150.477535251174,153.07929927957548,84.41225519301646,98.63429133563082,false,false
10,20.0,146.97055855566134,101.2432869288879,2.2850959448555273,11.269053392782737,146.1463016481114,148.43139759296693,94.65883848650127,105.927891879284,false,true
10,20.0,148.3932169593138,110.58328018584287,1.7147118868359428,12.057339310708755,147.795656196308,149.51036808314393,103.84285273687533,115.90019204758408,false,false
10,20.0,146.464636680161,103.37959386377166,2.04537550798662,12.68991781848014,145.73951008492006,147.78488559290668,96.1664265853801,108.85634440386023,false,true
10,20.0,149.1469610290926,101.0394954433767,2.1666667783657942,10.926341266563597,148.34374060660707,150.51040738497286,94.9625756400842,105.8889169066478,true,true
10,20.0,149.92475791896817,105.47858381910534,1.9512520962545068,13.316623849385593,149.21167354572918,151.1629256419837,98.07173175431294,111.38835560369853,true,true
10,20.0,149.6254940774438,105.52220089814756,2.0840754560761354,13.107890502937053,148.88884723939364,150.97292269546978,98.05491552389901,111.16280602683607,true,true
10,20.0,150.858973223978,100.56327443450138,2.37771200121108,12.038328501492742,149.9895684375112,152.36728043872228,93.78786843257487,105.82619693406761,true,true
10,20.0,150.62503059868345,116.56011423257277,1.6334257017860807,11.141737047467075,150.07330929028083,151.7067349920669,109.99193370077386,121.13367074824093,false,false
10,20.0,148.93343936919524,101.44283047374203,2.2959716434338304,12.085549807300083,148.16066455423874,150.45663619767257,94.82157363028055,106.90712343758064,true,true
10,20.0,150.21349356724983,100.19803604109747,2.201856779424304,13.386563690820111,149.3919376917624,151.5937944711867,92.64119426238835,106.02775795320846,true,true
10,20.0,148.97547476659588,118.72269166282571,1.439851691448638,11.278897680756756,148.47098961476243,149.91084130621107,112.20941299180795,123.48831067256471,false,false
10,20.0,149.38602763480912,110.76412329350964,1.918913503882493,11.919780276009078,148.73400857239528,150.65292207627778,103.87703088295987,115.79681115896895,true,false
10,20.0,149.73840064736967,101.1178507333056,2.249118503402059,12.622521558299113,148.9305400766426,151.17965858004465,94.13886259375457,106.76138415205368,true,true
10,20.0,151.38302491711028,87.28118824336295,2.9443616768053005,12.709636136126207,150.33187546047074,153.27623713727604,80.48872317323314,93.19835930935935,false,false
10,20.0,149.99628098064426,82.65756282637933,2.8703986173970293,13.800504350840242,148.90703566011229,151.77743427750931,75.16165307028945,88.96215742112969,true,false
10,20.0,150.03163441854906,104.17051321486076,2.020603441728298,13.69616539173036,149.2998910352196,151.32049447694789,96.46993000919757,110.16609540092793,true,true
10,20.0,151.20192598758524,93.98827762906501,2.5474301235599057,12.479440626645243,150.2802739113517,152.82770403491162,86.93500880660798,99.41444943325322,false,false
10,20.0,148.4094998205681,95.32892064537506,2.4648782579945134,12.053180632170623,147.54112561015998,150.0060038681545,88.75024885145766,100.80342948362828,true,true
10,20.0,150.54825314706676,105.80162396943975,2.071367026479294,13.398078096306833,149.79808219797602,151.8694492244553,98.33933946100721,111.73741755731405,true,true
10,20.0,151.0125467585769,103.41194552372099,2.18048103514181,13.33524527794097,150.21437869140303,152.39485972654484,96.03811147987281,109.37335675781378,false,true
10,20.0,147.73597756825797,93.07139911529106,2.6010081372081117,13.178403017247845,146.75926229482363,149.36027043203174,86.02759064958411,99.20599366683196,false,false
10,20.0,149.87536731796556,84.5719029406046,2.809586332408884,13.12284274996236,148.86116473020343,151.6707510626123,77.47003845330545,90.59288120326781,true,false
10,20.0,147.36898496548002,95.24018197757185,2.335983300083001,13.054823331152349,146.53642224426554,148.87240554434854,87.98033770930023,101.03516104045258,false,true
10,20.0,148.95834268864274,89.66914517929284,2.849343387212656,12.936128264998686,147.96326894269114,150.8126123299038,82.25985859807729,95.19598686307597,true,false
10,20.0,140.83861699715817,85.7466293350191,2.728664876871619,12.685662645977544,139.8602957129525,142.58896058982413,78.80901232258088,91.49467496855843,false,false
10,20.0,150.40052090160071,94.2188466957493,2.650767109474657,14.373156876393665,149.4553065822596,152.10607369173425,86.4378596755567,100.81101655195036,true,true
10,20.0,147.30267656234648,100.3040020200131,2.2221710511032313,11.517627732561905,146.53445280237497,148.7566238534782,93.75759650402037,105.27522423658228,false,true
10,20.0,148.41337671020796,97.16815573477481,2.4835318627065703,12.245478657237882,147.4925434479129,149.97607531061948,90.17529082530619,102.42076948254407,false,true
10,20.0,151.01374154321542,95.3744511599578,2.681676261170196,13.654719198286742,150.05802987430684,152.73970613547704,87.7947923553362,101.44951155362294,false,true
10,20.0,150.17855160419793,100.02744856387932,2.2597123758173723,12.158380385179342,149.34479912977463,151.604511505592,93.21389735290866,105.372277738088,true,true
10,20.0,148.15813155444482,99.21471467344436,2.282441070505257,13.257962777955967,147.3485606364258,149.63100170693104,91.92321574371877,105.18117852167474,false,true
10,20.0,151.008329689974,96.65862464322834,2.465780752154018,12.718058225982944,150.07322132159786,152.53900207375187,89.52703089828253,102.24508912426548,false,true
10,20.0,144.86873970333323,96.85955113726996,2.4052095019756052,13.04134568163316,143.98151188428963,146.38672138626524,89.90520850457784,102.946554186211,false,true
10,20.0,150.02139573609728,107.60720650347443,2.038277486010827,12.837407840589279,149.27172296206788,151.3100004480787,100.27622025599536,113.11362809658463,true,false
10,20.0,146.08727252632997,104.69843250733904,1.994460698682957,12.206769770780866,145.37322202165066,147.36768272033362,97.80113398495673,110.0079037557376,false,true
10,20.0,150.488754048597,101.4979331778662,2.2676225543353894,13.048121680601668,149.65903547744415,151.92665803177954,94.07137284154877,107.11949452215043,true,true
10,20.0,150.99269296408903,93.69291157243441,2.387307574406009,11.740464846128347,150.12401997299702,152.51132754740303,87.28579135226761,99.02625619839596,false,false
10,20.0,151.16173346447096,93.24566945683996,2.7357689720161886,14.001164378397092,150.16501835043306,152.90078732244925,85.35354616331111,99.3547105417082,false,false
10,20.0,141.77320515299198,97.0619257927572,2.1277391186018235,11.075566170675188,141.01614485074958,143.1438839693514,90.67702650214974,101.75259267282493,false,true
10,20.0,150.11984915276255,105.17190879857552,2.1242626262311717,12.388592371721728,149.34297119358226,151.46723381981343,97.98263032806453,110.37122269978626,true,true
10,20.0,151.12196384898843,100.5728404802631,2.296613479712164,14.018887933596659,150.30039036668705,152.59700384639922,92.89323778449946,106.91212571809612,false,true
10,20.0,148.3281278691817,101.72451817203293,2.1096409955538036,12.678815037742297,147.5736926785129,149.68333367406672,94.7817227742927,107.460537812035,false,true
10,20.0,151.4210174002443,97.79641151125605,2.321730365136631,14.645023174670499,150.52450776437746,152.8462381295141,89.75234063808757,104.39736381275807,false,true
10,20.0,149.28748523276593,99.79381516971603,2.3126851180805374,13.034429416618678,148.4058007329799,150.71848585106045,92.47104049619054,105.50546991280922,true,true
10,20.0,149.65255408482886,107.10795815874091,2.0688826648492693,12.273122857308778,148.9061326524873,150.97501531733656,100.18546047351647,112.45858333082525,true,false
10,20.0,148.11786047345075,94.6887594848464,2.693609346350712,12.645300066576652,147.16513004655852,149.85873939290923,87.61367878741424,100.2589788539909,false,true
10,20.0,150.3922517666918,97.4376521719804,2.470659902735008,12.998310885062324,149.47764728661969,151.9483071893547,90.60245030519673,103.60076119025905,true,true
10,20.0,150.3608164170568,94.28328947584257,2.6681917441157452,14.074452661149195,149.3842171288477,152.05240887296344,86.62997569656531,100.7044283577145,true,true
10,20.0,148.0076362697106,106.63564636740935,1.9586620851391672,11.980397852764398,147.32387250707507,149.28253459221423,99.83436565265306,111.81476350541746,false,true
10,20.0,150.13043970453646,95.85874920213708,2.5373862516348424,13.428733102269646,149.22297347605758,151.76035972769242,88.6554201437717,102.08415324604135,true,true
10,20.0,150.66029599783963,90.17105106691547,2.716568652559147,13.863915481009201,149.67617942698752,152.39274807954666,82.86029287213765,96.72420835314685,true,false
10,20.0,149.81940354255948,111.75734651774721,1.68301531891575,12.045408151361457,149.21479850111115,150.8978138200269,104.95263186157472,116.99804001293617,true,false
10,20.0,148.9917422343425,108.82171537697212,1.9053356005156559,11.880112110845346,148.30725133758023,150.21258693809588,102.29802020368501,114.17813231453036,true,false
10,20.0,148.73986872999797,115.43774343634368,1.4826362171718017,11.287749398375666,148.20462396401322,149.68726018118502,109.03739792783878,120.32514732621445,false,false
10,20.0,146.7977674168182,106.03102608944239,1.9302159965304782,13.079890739231374,146.10898508173972,148.0392010782702,98.52851925490675,111.60840999413813,false,true
10,20.0,151.1771941752236,84.97638131899448,3.0518418181291906,13.910603282587829,150.08431439924288,153.13615621737208,77.11986432626372,91.03046760885155,false,false
10,20.0,150.70743371924698,93.45001857685091,2.68061441882449,12.56268436096218,149.72834100329965,152.40895542212414,86.34651939045227,98.90920375141445,true,false
10,20.0,147.69731305845434,94.68681323962494,2.565726807936926,13.1555149862983,146.76935288328212,149.33507969121905,87.37950151036401,100.53501649666231,false,true
10,20.0,151.4846539410717,96.84058123577037,2.5260996692885556,14.190505919132832,150.575440512069,153.10154018135756,89.19718208894221,103.38768800807505,false,true
10,20.0,151.5786338854934,95.56681646905986,2.5257738274058283,12.004059754493127,150.62668211532792,153.15245594273375,88.89444443549885,100.89850418999198,false,true
10,20.0,150.76734598113802,94.20934009629056,2.664981342908561,12.946585700023007,149.79351102922115,152.4584923721297,87.28198733830197,100.22857303832498,true,true
10,20.0,149.62603924324452,98.9343835449409,2.2714909448030767,13.559761243910557,148.85990930557742,151.1314002503805,91.34695880533731,104.90672004924787,true,true
10,20.0,150.2600666247525,88.04935049635282,2.862007450561549,14.311547235272783,149.2114820450184,152.07348949557996,80.30270307632566,94.61425031159844,true,false
10,20.0,149.58894741894014,95.88898979316225,2.4938229778470884,12.783117329829295,148.71271998324363,151.20654296109072,89.03822998895528,101.82134731878458,true,true
10,20.0,150.30520271112212,107.53422953996986,1.9437851825578036,13.541310752583684,149.58581214755318,151.529597330111,100.14902761741627,113.69033836999995,true,false
10,20.0,145.2073606373374,97.56378604288558,2.37982948698604,11.987709732578594,144.37155651535667,146.7513860023427,90.9245646629522,102.9122743955308,false,true
10,20.0,150.88733513725424,100.24960644460641,2.3460673510155914,13.330330839590928,150.09469496812082,152.4407623191364,92.70999948762488,106.04033032721581,false,true
10,20.0,150.57551607065446,94.39633135866114,2.5863261674047635,13.986254441307537,149.64488407421882,152.2312102416236,86.86898026943867,100.8552347107462,true,true
10,20.0,150.0596427736741,105.2189380872064,2.027422112264645,13.143266670668368,149.30145406801236,151.328876180277,97.6868855582512,110.83015222891957,true,true
10,20.0,151.06055437733824,106.22827095508816,2.0730146485516343,12.65297110991473,150.32028498783558,152.3932996363872,99.0518203839951,111.70479149390984,false,true
10,20.0,148.68692849750994,90.8188724661663,2.585938339655428,12.753933000822656,147.74491119662974,150.33084953628517,83.68986994352699,96.44380294434964,true,false
10,20.0,147.11220471913597,101.32337522968898,2.1287035454018906,12.106023099098763,146.3755606348117,148.5042641802136,94.54397055965755,106.64999365875632,false,true
10,20.0,149.7595730978206,102.8054799348219,2.1545022985481523,12.89304417413399,148.98010980456297,151.13461210311112,95.64647285127806,108.53951702541205,true,true
10,20.0,149.15199669984145,109.413484164783,1.8813433239502615,11.668940306652217,148.50034244531923,150.3816857692695,102.8671629555972,114.53610326224941,true,false
10,20.0,149.17787714539674,91.51942331128848,2.6464296930567457,12.833484991676414,148.21334338401797,150.85977307707472,84.36712502289052,97.20061001456693,true,false
10,20.0,146.73079768797493,103.30383251169087,2.069397678756445,13.220409977265362,145.96386565841033,148.03326333716677,95.82059162451243,109.0410016017778,false,true
10,20.0,150.8938414996229,121.02058259460125,1.4895205533772753,10.866986697111514,150.3747013329122,151.86422188628947,114.50337754334791,125.37036424045942,false,false
10,20.0,148.0202072781771,104.21477082956213,2.0576714457288006,12.840948963853037,147.2742250501852,149.331896495914,97.23633433375014,110.07728329760317,false,true
10,20.0,148.23887593747583,89.41620389081491,2.7371224771747222,12.48396809270767,147.2415832317568,149.97870570893153,82.45905555159806,94.94302364430573,false,false
10,20.0,150.67657771572834,109.00315542995348,1.9338311171672729,13.531525065318391,149.99105239545074,151.924883512618,101.51143126784682,115.04295633316521,true,false
10,20.0,149.66070205893118,127.70007567425228,1.0143111616272336,8.210415976094623,149.28485370203353,150.29916486366076,122.64709830134694,130.85751427744157,true,false
10,20.0,147.99138616222638,87.5353081000298,2.8192361152077012,12.572589351493917,146.92001233358724,149.73924844879494,80.64247745684341,93.21506680833733,false,false
10,20.0,150.74390270391243,103.30030297820615,2.30312128801512,11.992967865752618,149.92146736985586,152.22458865787098,96.46754549024487,108.46051335599749,true,true
10,20.0,150.7685434438891,109.85379331504473,1.8867417088474667,12.881695610715937,150.08576766915743,151.9725093780049,102.6082168754115,115.48991248612744,false,false
10,20.0,150.504440780168,109.18843878498838,1.9711644971876296,12.776372271747647,149.76755085551224,151.73871535269987,101.99656311367863,114.77293538542628,true,false
10,20.0,149.81246471443797,98.14302901192866,2.2504659341923627,13.746393269729424,148.96945536104207,151.21992129523443,90.36629385780591,104.11268712753534,true,true
10,20.0,150.5849707808477,101.38892551314376,2.258377819873971,13.288761287471033,149.78131119020316,152.03968901007713,93.90848047118948,107.19724175866051,true,true
10,20.0,150.38726892822,108.90048160966971,1.8391244014452752,12.776736449623812,149.71820709052503,151.5573314919703,101.68771868359197,114.46445513321578,true,false
10,20.0,150.60608982956933,95.4335632894136,2.830728112667117,10.88573417191337,149.5714640005746,152.4021921132417,89.15759857944839,100.04333275136176,true,true
10,20.0,149.69897231533778,103.41124468855027,2.1655638989883244,10.13402104339005,148.9482713305093,151.11383522949762,97.45685680002737,107.59087784341742,true,true
10,20.0,148.34635120754177,107.05602336277846,2.0077683394416113,12.358090246162604,147.62343288826503,149.63120122770664,100.14711201994814,112.50520226611074,false,false
10,20.0,150.80351086968375,100.21126169336827,2.366728273431505,12.947782333783863,149.9849914840656,152.3517197574971,93.1413868535111,106.08916918729496,true,true
10,20.0,151.52479337374143,95.83277199631016,2.568356433197579,14.411847338709222,150.6042553479112,153.17261178110877,87.85285834133836,102.26470568004758,false,true
10,20.0,148.54447609502665,109.13793851936808,1.8689962188093716,11.453544672777923,147.8804660407046,149.74946225951396,102.6651658988689,114.11871057164683,false,false
10,20.0,146.07426048328244,107.55129094580259,1.914192445569796,11.932715125993383,145.39677224160957,147.31096468717936,100.6106246509211,112.54333977691448,false,false
10,20.0,151.3602955667991,97.22190320336529,2.544372706697743,13.862678351725364,150.44983470932047,152.9942074160182,89.64797900720816,103.51065735893353,false,true
10,20.0,150.18491610430777,95.69798070339567,2.4489998368918577,13.546724043538944,149.30113986482394,151.7501397017158,88.21352618259041,101.76025022612936,true,true
10,20.0,148.58857085417517,102.21417856373094,2.376869558219738,13.162414173084017,147.72410923045754,150.10097878867728,94.96201304420104,108.12442721728506,true,true
10,20.0,150.67820771702006,104.42514970614951,2.0676154359038037,11.76980158557609,149.9218037120492,151.98941914795301,97.6819215888135,109.45172317438958,true,true
10,20.0,151.46580923280544,94.1302057399958,2.6093560318170717,12.60005165790713,150.5516603228142,153.16101635463127,87.25519524227877,99.8552469001859,false,false
10,20.0,150.2968601625313,106.27986540198489,1.9941663208724094,11.464547519397883,149.56407903163534,151.55824535250775,99.87691511101252,111.3414626304104,true,true
10,20.0,150.04408999940256,110.21913679543158,1.7857341438266303,12.363685843507554,149.3866430207912,151.17237716461784,103.3434125437571,115.70709838726465,true,false
10,20.0,150.6407773109463,94.22763509328217,2.5111448060179953,11.887151349477833,149.73132672148736,152.24247152750536,87.62016219434999,99.50731354382782,true,false
10,20.0,148.11346562504986,91.79861287374291,2.64838311690184,13.609403812952095,147.18727569177167,149.83565880867351,84.62832734977563,98.23773116272773,false,false
10,20.0,151.65670269957957,92.53443260137783,2.7049183899380864,12.440572691505082,150.65260577889444,153.35752416883253,85.62905923208078,98.06963192358586,false,false
10,20.0,151.09827404274898,94.52617988296319,2.620161856521861,13.845226277407477,150.1987699568557,152.81893181337756,87.07773100153247,100.92295727893995,false,true
10,20.0,150.34095562866514,104.48311713743348,2.1316826644171556,12.828416236721807,149.55635889524967,151.68804155966683,97.37440086775409,110.2028171044759,true,true
10,20.0,138.09748845615633,102.7212636683344,1.7280190775017843,10.501823096129698,137.477698858829,139.20571793633079,96.68046462261803,107.18228771874773,false,true
10,20.0,149.23787861404313,92.1609152319522,2.6806554481071316,12.928102403858077,148.2435709058306,150.92422635393774,85.20960242263996,98.13770482649804,true,false
10,20.0,147.6010997338098,104.38550075756241,2.201338485090389,12.282727191233704,146.80731175104995,149.00865023614034,97.42755789555288,109.71028508678658,false,true
10,20.0,150.14658025940147,111.5248838777998,1.807154007727405,12.432812712291948,149.4990679495328,151.3062219572602,104.5241717171007,116.95698442939265,true,false
10,20.0,147.18443797609888,98.57875547344679,2.2839348526245544,11.59291322701091,146.353649157649,148.63758401027354,92.07602263150493,103.66893585851584,false,true
10,20.0,150.9596682080168,105.65245064597178,2.1485932546985396,11.160510715127515,150.18022627560094,152.32881953029948,99.08460310610977,110.24511382123728,false,true
10,20.0,150.95566792024636,101.64721033495266,2.358247497530698,11.809919619401086,150.10822265397755,152.46647015150825,94.80496993479314,106.61488955419422,false,true
10,20.0,150.62005369951066,93.20211401689238,2.6059881135653598,13.883287344158859,149.7063287042702,152.31231681783555,85.71462575093537,99.59791309509423,true,false
10,20.0,146.71568165324686,98.55132295182449,2.286090080812045,12.38478066305828,145.8752353114618,148.16132539227385,91.73432437027037,104.11910503332865,false,true
10,20.0,148.0190774969078,95.56830509987284,2.3658080145709164,11.937773363057431,147.1681582545368,149.5339662691077,88.84152602401659,100.77929938707402,false,true
10,20.0,149.61104300548783,100.04500635454994,2.3515051658719415,14.051610859097721,148.79679571343752,151.14830087930946,92.40218903396207,106.4537998930598,true,true
10,20.0,150.73837259034406,85.9914829080402,2.8451346159824027,12.49423255493221,149.66151991084703,152.50665452682944,78.99693054153784,91.49116309647005,true,false
10,20.0,150.28780232932468,108.46839366071423,1.9581431632449835,13.02999589224153,149.6179459975757,151.5760891608207,101.08299498911433,114.11299088135586,true,false
10,20.0,149.2669311977835,105.99309680280197,2.031332373051356,11.7407768920405,148.53256707567692,150.56389944872828,99.33012459809818,111.07090149013868,true,true
10,20.0,149.84818477667918,104.69143234596775,2.0988662923601282,12.83933982389945,149.05963316308197,151.1584994554421,97.36141473298375,110.2007545568832,true,true
10,20.0,151.2479356523462,98.36833489808106,2.4681578780601967,14.263283939518288,150.3719860037928,152.840143881853,90.47071495902641,104.7339988985447,false,true
10,20.0,146.40160460800882,101.08364077866,2.024578819113202,11.952214300218316,145.67125446154202,147.69583328065522,94.40179523850443,106.35400953872275,false,true
10,20.0,146.14298701797327,116.12798640957911,1.411264833942738,10.113424594756609,145.63398171845472,147.04524655239746,110.41236567548268,120.52579027023928,false,false
10,20.0,150.0219258733749,107.63831220139605,1.9051935139867453,13.24270886318287,149.3416177700968,151.24681128408355,100.54051419769586,113.78322306087873,true,false
10,20.0,141.7443788424454,106.82274480774322,1.5886250111808522,11.177660002423366,141.1854211336319,142.77404614481276,100.58269364715572,111.76035364957909,false,false
10,20.0,148.41995374337915,97.17275369465199,2.440547573456854,12.958440075779478,147.5450184387699,149.98556601222674,90.01422167475721,102.97266175053669,false,true
10,20.0,149.58776612568585,91.18697426510846,2.7034709476425576,13.948618154261524,148.63870064091032,151.34217158855287,83.59350038875844,97.54211854301997,true,false
10,20.0,149.87498098885789,94.02855297065192,2.6546449418786153,14.744794878959922,148.9710180903491,151.62566303222772,86.17592857697954,100.92072345593947,true,true
10,20.0,149.16774237174457,95.16365765813815,2.5269562348512977,12.944196934853679,148.27074954713294,150.79770578198423,88.13375660731968,101.07795354217336,true,true
10,20.0,150.14578601519048,102.25036626452179,2.2073863658482935,11.724076285608604,149.38336912505284,151.59075549090113,95.536300599931,107.2603768855396,true,true
10,20.0,150.91903493589498,101.57645230288713,2.245332818125547,12.89084668595109,150.09602282860874,152.34135564673429,94.45176775451023,107.34261444046132,false,true
10,20.0,150.46246364214358,105.77058740219809,2.0876002559870415,12.394732282599207,149.71425898565718,151.80185924164422,98.8237837985332,111.2185160811324,true,true
10,20.0,148.97492819325834,94.03296943531886,2.5486832734902407,13.086466881536865,148.07790412160568,150.62658739509592,86.94386103615923,100.0303279176961,true,true
10,20.0,147.80435171726162,99.73021438752028,2.090181666132821,14.460657241494502,147.0457613479873,149.13594301412013,91.56831043152643,106.02896767302093,false,true
10,20.0,150.05967796900757,118.37978866894807,1.5139897015840234,10.904272951988688,149.5136109620324,151.02760066361643,112.25898898150942,123.1632619334981,true,false
10,20.0,150.08252279002085,98.23099957230966,2.349971044188436,13.438270545838577,149.2775885624792,151.62755960666763,90.83187253071014,104.27014307654872,true,true
10,20.0,146.76241021237712,98.48054086834628,2.0362921369027447,10.977124765652007,145.99521084097054,148.0315029778733,92.07596852456841,103.05309329022042,false,true
10,20.0,147.63945202281417,107.780461045751,1.9291344797436523,12.230021284098697,146.9231570001771,148.85229147992075,100.80627882796367,113.03630011206236,false,false
10,20.0,150.1402251512376,102.9325727238432,2.227875081889721,13.032270541885637,149.32822993303546,151.55610501492518,95.69830097692845,108.73057151881409,true,true
10,20.0,149.50752198547423,113.69056387061306,1.7595757150839972,10.894298956704546,148.882231007665,150.641806722749,107.35503694963418,118.24933590633873,true,false
10,20.0,150.41059893502285,94.42706957939258,2.6059392769764713,13.556508269730514,149.47270170604963,152.0786409830261,87.12702890913387,100.68353717886438,true,true
10,20.0,150.35956184578657,100.53204789477014,2.3512177422866785,12.848784775321263,149.54440571556347,151.89562345785015,93.34602252777688,106.19480730309814,true,true
10,20.0,147.2980896329198,101.68835208986545,2.394046792313361,11.938494970075197,146.45099218274265,148.845038975056,94.76685037561245,106.70534534568765,false,true
10,20.0,150.82858276768928,97.40127475357261,2.44731194683348,14.258015389186184,149.96590455898888,152.41321650582236,89.51366082592403,103.77167621511022,true,true
10,20.0,150.33393815753806,95.75485414840963,2.5048216645498655,14.023922504442524,149.4335040873242,151.93832575187406,87.99310863776454,102.01703114220706,true,true
10,20.0,151.49614773891994,100.48226210515605,2.5396647915375468,13.331568342904248,150.56757584110557,153.1072406326431,92.92963168288405,106.2612000257883,false,true
10,20.0,146.03802778967267,106.1143259646642,1.8291162564854915,12.368285928510204,145.37845994335598,147.20757619984147,99.17666077237791,111.54494670088812,false,true
10,20.0,150.28120292724458,100.8755625744746,2.2736995186959916,13.795559667939031,149.4788018547177,151.75250137341368,93.33336627484618,107.12892594278522,true,true
10,20.0,151.00834047250407,104.93845604252762,2.1186108194308986,12.758287432587196,150.2402176821439,152.3588285015748,97.65060701457944,110.40889444716663,false,true
10,20.0,150.56330364035517,118.39487762866345,1.622031712313344,12.172672824839267,149.98858348368282,151.61061519599616,111.15083865129203,123.3235114761313,true,false
10,20.0,151.43554743741288,100.9139723951456,2.4789033535580245,12.003514472913892,150.56241603542205,153.04131938898007,94.10262471374335,106.10613918665724,false,true
10,20.0,149.06980116069607,99.35047453320271,2.354179160309002,12.476708686727932,148.23776622389244,150.59194538420144,92.43988345974093,104.91659214646886,true,true
10,20.0,149.04209552160518,97.29474053454175,2.5265404572651278,12.18344733235952,148.1014096781212,150.62795013538633,90.31693488669035,102.50038221904987,true,true
10,20.0,151.31784401848063,86.71112475807978,2.8791284779136106,14.278663494767969,150.26642540303095,153.14555388094456,78.91291065455944,93.19157414932741,false,false
10,20.0,146.90476248836794,99.64540603285566,2.189079957822827,13.491053982389587,146.1651281434628,148.35420810128562,92.30788620918155,105.79894019157113,false,true
10,20.0,146.18966582007562,99.71357842439795,2.250427271721037,12.054358975847919,145.35871040556833,147.60913767728937,93.1374351726661,105.19179414851402,false,true
10,20.0,145.17353296215364,103.72281529275,1.8857595252916326,9.834681430149104,144.4868737226456,146.37263324793724,98.11747569955965,107.95215712970875,false,true
10,20.0,149.74870933848015,115.09426422874084,1.6827944150065832,11.503869435330017,149.1664604027647,150.84925481777128,108.63870206343148,120.1425714987615,true,false
10,20.0,148.0922198210028,91.17525794383006,2.704180781565441,12.286645458622644,147.10778618374425,149.8119669653097,84.24499051099642,96.53163596961906,false,false
10,20.0,149.85192467636853,106.53956728522034,1.914630831998636,13.17981336663351,149.1776794996236,151.09231033162223,99.33791833574031,112.51773170237382,true,true
10,20.0,151.87029212218323,89.45299407098685,3.0372640090169227,13.405781128049227,150.72500935661057,153.7622733656275,82.22421664630859,95.62999777435782,false,false
10,20.0,149.8271265422513,97.3009182868467,2.592230782103428,13.504662521823775,148.92032896694712,151.51255974905055,90.10155932042312,103.6062218422469,true,true
10,20.0,150.1037871414393,88.6524300826295,2.974017486670192,12.668429872598608,149.05875651992628,152.03277400659647,81.57251457047684,94.24094444307545,true,false
10,20.0,151.34962953372406,89.39013132833495,2.8318544690816907,13.19659460145013,150.34041494772157,153.17226941680326,82.04428049614684,95.24087509759697,false,false
10,20.0,150.66391858815558,102.09947224837128,2.2992808184712032,12.950737840406987,149.83129857431916,152.13057939279037,94.81200356577997,107.76274140618696,true,true
10,20.0,150.41817662162134,102.40756213399274,2.1778010537993566,12.822941191535378,149.62823333829215,151.8060343920915,95.31135206781587,108.13429325935125,true,true
10,20.0,149.0344682448417,106.01948633072433,2.1203676084235212,12.230307300028173,148.29095057703785,150.41131818546137,99.31303636766546,111.54334366769363,true,true
10,20.0,146.42050859125305,99.82101870398566,2.206142076805776,11.812204852138038,145.61355303845997,147.81969511526574,93.14474038972723,104.95694524186527,false,true
10,20.0,150.34549640800188,93.57097347347718,2.5642452918575884,13.506199344484301,149.4186096046432,151.98285489650078,86.18653254137763,99.69273188586193,true,false
10,20.0,150.1277320736653,95.8196827886623,2.288869266531094,12.303060297975506,149.28285848022878,151.57172774675988,89.14488232488661,101.44794262286212,true,true
10,20.0,150.62686298567428,100.0847056683022,2.4159535234293514,12.913943684524128,149.73581158725065,152.15176511068,92.61866409264394,105.53260777716807,true,true
10,20.0,149.18865694320039,111.11869270246278,1.7263915091378692,11.815649903984479,148.5568005311305,150.28319204026837,104.43740375470935,116.25305365869383,true,false
10,20.0,151.45806197527293,98.97328858785076,2.3193551449101903,13.521893303666175,150.6030906805971,152.92244582550728,91.2920019792666,104.81389528293278,false,true
10,20.0,150.08881105993976,95.65781573051473,2.4731799346673995,11.567900473332315,149.19078884614174,151.66396878080914,89.35698431340049,100.9248847867328,true,true
10,20.0,150.2633080817384,99.45259487534585,2.4984106905156693,13.420764881735806,149.37906136352726,151.87747205404293,91.8748411315111,105.29560601324691,true,true
10,20.0,149.7987045540811,116.1018578957127,1.6672049436471355,12.116982680542932,149.22245119297395,150.88965613662108,109.19946703643834,121.31644971698127,true,false
10,20.0,150.8017244751026,116.24524725939594,1.6355908735021103,11.980851331525187,150.18944445236298,151.8250353258651,109.36840441771521,121.3492557492404,false,false
10,20.0,150.8427904871843,87.686209270809,2.9314228698701186,12.340636178181228,149.752217844772,152.6836407146421,81.01681339508644,93.35744957326767,true,false
10,20.0,151.3406587722471,91.7414268117663,2.595399300055277,13.666420713243056,150.42329309799132,153.0186923980466,84.34837048899831,98.01479120224137,false,false
10,20.0,149.65827185965856,112.5668043926166,1.8377140967280354,12.725605227607886,149.03200912268895,150.86972321941698,105.47851192220689,118.20411714981478,true,false
10,20.0,151.0515040703499,94.25758035888805,2.5022541409697965,12.76286345147939,150.11452482008278,152.61677896105257,87.21359151181917,99.97645496329856,false,false
10,20.0,150.49323456052184,108.87623572245673,1.8901212602720534,12.556671288769849,149.81537125252686,151.7054925127989,101.87595996526892,114.43263125403877,true,false
10,20.0,149.01687744922012,98.33607927537021,2.334707398091922,13.28727535164225,148.15873318691163,150.49344058500355,90.85689751418033,104.14417286582258,true,true
10,20.0,149.94638685298628,93.25914669501424,2.7749989962233883,13.112718156645641,148.9443587069803,151.71935770320368,85.8630361812127,98.97575433785835,true,false
10,20.0,149.96902468904165,103.84361329321851,2.132313308716647,12.719729462426756,149.2185244554611,151.35083776417775,96.74442379274775,109.46415325517451,true,true
10,20.0,150.5338723092824,108.34026882793935,1.9375790668975412,11.889874723697517,149.8447062001732,151.78228526707073,101.52204021255224,113.41191493624976,true,false
10,20.0,149.49911600961303,112.00776097216102,1.7735270883861176,11.682687147292825,148.86859266003972,150.64211974842584,105.38098722556367,117.0636743728565,true,false
10,20.0,150.80469099026755,113.62720152601469,1.8399378582730321,12.749665598945981,150.14522023628217,151.9851580945552,106.31606770040544,119.06573329935142,false,false
10,20.0,145.996750444542,94.24364277702819,2.332286366323302,12.810908184821912,145.1476910061187,147.479977372442,87.11016212778654,99.92107031260845,false,false
10,20.0,145.91570399040586,98.35599800739226,2.242143382869699,10.956729190036029,145.10394623480533,147.34608961767503,92.03917950693499,102.99590869697101,false,true
10,20.0,148.30700775574434,106.24572134912174,2.0075532525649464,12.874171211851774,147.59609195126984,149.6036452038348,98.84044275431206,111.71461396616384,false,true
10,20.0,150.96164965112388,99.61828285526487,2.405322038007739,13.283326512814327,150.0890998417143,152.49442187972204,92.05610753678731,105.33943404960164,false,true
10,20.0,151.5960828827754,88.50554643713889,2.9267001288739323,13.262311973076322,150.45817588161202,153.38487601048595,81.36984650191101,94.63215847498734,false,false
10,20.0,149.5395833697782,118.24052003447555,1.5798905064059738,11.242033381716112,148.98655424968226,150.56644475608823,111.7226125906021,122.96464597231821,true,false
10,20.0,145.1858738970754,104.89069825323759,1.8751635161882518,12.649864969004653,144.51632267253058,146.39148618871883,97.95189759274125,110.6017625617459,false,true
10,20.0,149.70537046288604,100.93832922661603,2.1183538764856564,12.703093308677452,148.889823074597,151.00817695108265,93.9075409716239,106.61063428030135,true,true
10,20.0,149.99429065314624,98.81296927812953,2.3551809864269444,12.691237841393871,149.15767658617057,151.5128575725975,91.75489270736996,104.44613054876383,true,true
10,20.0,150.8597339373136,94.17572643869673,2.5932390788907753,13.452856931553043,149.94297859331382,152.5362176722046,86.78162465813237,100.23448158968542,true,true
10,20.0,146.97323951611097,99.72469755206748,2.216626968783231,12.85390766530658,146.16856079317435,148.38518776195758,92.7846900978865,105.63859776319308,false,true
10,20.0,151.1592978394719,101.2716144358305,2.33099885370288,13.219327513387867,150.28481065396184,152.61580950766472,93.76838829087146,106.98771580425932,false,true
10,20.0,148.40583226922257,99.52150056934212,2.2783639886084472,13.375071293888467,147.55563677111084,149.8340007597193,92.11290785194882,105.48797914583729,false,true
10,20.0,147.9665225011941,97.01936372591769,2.249100597921796,12.225793534892844,147.14945100244296,149.39855160036475,90.24557803688772,102.47137157178057,false,true
10,20.0,150.1240108666223,112.33591628199736,1.7582716710685418,11.234663415716113,149.49060504437526,151.2488767154438,105.69686142712351,116.93152484283962,true,false
10,20.0,147.72820929802327,91.25802066039671,2.8013910193368474,12.676626343952137,146.74808308498353,149.54947410432038,84.22956742112044,96.90619376507257,false,false
10,20.0,150.37246089850643,88.78220794845149,2.798855793069322,14.283386726996625,149.383343022872,152.18219881594132,81.12543603396445,95.40882276096107,true,false
10,20.0,149.07111890497944,95.31028126566798,2.5704343420939892,13.589605946729606,148.1340305308943,150.7044648729883,87.74584901231945,101.33545495904906,true,true
10,20.0,149.8773265594496,95.8836410211852,2.546329050722022,12.369226765913808,148.9674413593604,151.51377041008243,88.78447394980338,101.15370071571719,true,true
10,20.0,149.5214508542897,88.9573613606255,2.8275902082519053,14.380132800736405,148.48199333428528,151.30958354253718,81.01260586760814,95.39273866834455,true,false
10,20.0,147.40924746545042,92.66888771606824,2.5047719796872343,13.489263217278946,146.5031207045363,149.00789268422352,85.33386714582653,98.82313036310548,false,false
10,20.0,150.09630685373065,103.88597203932093,2.2250807616392194,12.949408342234904,149.3094761674692,151.53455692910842,96.70337693031036,109.65278527254526,true,true
10,20.0,150.91744099231357,93.67782087570677,2.768273297525724,12.267546798266707,149.91572887352876,152.6840021710545,86.79380026667808,99.06134706494478,true,false
10,20.0,151.05982115764814,101.43663237784494,2.3379865055314895,13.930567668201505,150.1815789876469,152.5195654931784,93.60140345474547,107.53197112294697,false,true
10,20.0,151.1811375791653,87.72794089403625,2.846227308900012,12.764250127349086,150.18008191696083,153.02630922586084,80.63226427698133,93.39651440433042,false,false
10,20.0,147.82193046519723,93.15708290749524,2.684288919322654,11.153678081567676,146.8427994422041,149.52708836152675,86.98601357779972,98.1396916593674,false,false
10,20.0,148.2273405052858,86.14356258348711,2.7915229375796855,14.015668885716792,147.21526032920983,150.0067832667895,78.47899554498503,92.49466443070182,true,false
10,20.0,146.43801718861567,108.8314731506685,1.842578553979365,11.182876482082818,145.77138846543056,147.61396701940993,102.23057016643521,113.41344664851803,false,false
10,20.0,148.50812082403877,116.73925812749631,1.516934975180419,11.639459336302409,147.93910391862082,149.45603889380124,110.08050094905752,121.71996028535993,false,false
10,20.0,148.85675229013486,95.49928195106787,2.440794196170174,12.105578443710186,147.99095634195618,150.43175053812635,88.89626158576813,101.00184002947832,true,true
10,20.0,150.7931646286014,94.14421875978553,2.631318108080734,13.871781265939575,149.86771653182444,152.49903463990518,86.33105655816553,100.2028378241051,true,true
10,20.0,147.85472306802674,102.88525276491654,2.3016396252438653,13.285565635077944,147.01609866123417,149.31773828647803,95.44533904788793,108.73090468296587,false,true
10,20.0,144.3311818471721,106.69002767461988,1.749066376188381,10.793555077045099,143.7086745959695,145.4577409721579,100.57825648667473,111.37181156371983,false,false
10,20.0,150.25720830146312,92.72284271102295,2.6972368569814194,14.015386501479412,149.27982679763187,151.9770636546133,85.37453232433393,99.38991882581334,true,false
10,20.0,150.26599753592006,91.73663540687056,2.85916811578511,11.413842367309414,149.19292461487385,152.05209273065896,85.16751867259775,96.58136103990716,true,false
10,20.0,151.0139025779813,99.60322074582527,2.420386521933125,13.602966759706263,150.11698944441397,152.5373759663471,92.17651251196291,105.77947927166917,false,true
10,20.0,151.19073116546076,104.19320203358967,2.2420571919965937,14.288050569665401,150.3766118863564,152.61866907835298,96.23865702191526,110.52670759158066,false,true
10,20.0,148.2572849716032,101.1054020577981,2.2511922428664377,9.665306896950668,147.39818422546634,149.64937646833278,95.51310142594974,105.17840832290041,false,true
10,20.0,151.34175102243302,99.56821412111606,2.402470248194902,13.58376328641377,150.4888684398988,152.8913386880937,91.97780578903611,105.56156907544988,false,true
10,20.0,150.50496460915048,92.12726535971483,2.5286789799563962,12.937054660214045,149.5698713728149,152.0985503527713,85.17468871778131,98.11174337799535,true,false
10,20.0,150.87791493782942,102.33488252621706,2.200077048522047,12.612131888293462,150.06839404131037,152.26847108983242,95.34640804100437,107.95853992929783,false,true
10,20.0,149.4673563767417,107.74310649408554,1.9296984910092476,12.628073791845551,148.78047169222634,150.7101701832356,100.55995504392178,113.18802883576733,true,false
10,20.0,150.72211331179926,101.21268913433383,2.152348609299878,13.48377347325399,149.9362581249885,152.0886067342884,93.75230567159392,107.2360791448479,true,true
10,20.0,148.02691308739514,91.96030430116924,2.580300548528726,11.96727004354706,147.07156114161216,149.6518616901409,85.20686072010514,97.1741307636522,false,false
10,20.0,149.7044475373364,104.70439868842703,1.995819561172766,12.295716586874292,148.9986168703324,150.99443643150516,97.58078046427514,109.87649705114943,true,true
10,20.0,150.85176337229592,87.5185774291346,2.8492910086368965,13.199073554080314,149.7823987005258,152.63168970916269,80.40233146850736,93.60140502258767,true,false
10,20.0,150.63775183067986,106.09528146130063,2.1113581815715463,11.884278784931368,149.8289701461445,151.94032832771606,99.67351985296536,111.55779863789672,true,true
10,20.0,151.35702652921722,93.83365225531395,2.6811085651148687,13.952662615889594,150.41282548753458,153.09393405264944,86.01065703855566,99.96331965444526,false,false
10,20.0,150.30344817451916,88.53521965471549,2.864475216660196,13.08655484370344,149.2480444412438,152.112519657904,81.17680475054094,94.26335959424438,true,false
10,20.0,146.8199217406028,111.27115448061582,1.6065943525461819,9.756321016258369,146.2512079868539,147.85780233940008,105.55048541551099,115.30680643176936,false,false
10,20.0,150.86988872024926,97.93182502789169,2.2917854816179215,13.7108439632012,150.00441458027086,152.29620006188878,90.58042565252512,104.29126961572632,false,true
10,20.0,145.98335831892808,110.06965996988737,1.8271574279899028,12.23226556937125,145.33870937579573,147.16586680378563,103.29180314044017,115.52406870981142,false,false
10,20.0,150.05390726749715,82.29994671072514,3.1476208404770887,14.429930904538068,148.89151155196885,152.03913239244594,74.4173778342296,88.84730873876767,true,false
10,20.0,151.0912011186175,104.616260081707,1.9948994118085466,13.471926715375474,150.35442240686888,152.34932181867742,96.84075657898545,110.31268329436092,false,true
10,20.0,151.26080201125103,92.54345855777555,2.568205778900449,12.626824521057955,150.2799926339913,152.84819841289175,85.47274704445388,98.09957156551184,false,false
10,20.0,144.4498815156406,102.64108090387313,2.068051422135568,12.857481650560217,143.73895571768531,145.80700713982088,95.64162051367592,108.49910216423613,false,true
10,20.0,145.87178195676177,115.28857522511029,1.5207349281338622,11.411975471644865,145.32432428189472,146.84505921002858,108.69608312759138,120.10805859923624,false,false
10,20.0,150.62598479351396,93.55959435617643,2.5681086982243926,13.72871442258608,149.70269115249062,152.270799850715,86.31765596329323,100.04637038587931,true,true
10,20.0,151.35283707376382,92.52654868232739,2.7692910906884833,12.67423664310401,150.3217959181629,153.0910870088514,85.77909473973645,98.45333138284046,false,false
10,20.0,151.10645580905327,98.34540185673487,2.245742370407612,13.43265098682781,150.32218126120566,152.56792363161327,90.71880128036386,104.15145226719167,false,true
10,20.0,148.19461071456942,106.39654941320639,2.014480087035423,11.465685748836961,147.48133196673695,149.49581205377237,99.91659669213035,111.38228244096732,false,true
10,20.0,151.3856765078291,91.65468739114078,2.558787599595888,13.58927471181056,150.44261201884228,153.00139961843817,84.3214600265103,97.91073473832085,false,false
10,20.0,150.10771904966361,95.22209291067385,2.555229291928356,12.108384548047653,149.20374323308093,151.75897252500928,88.60538861725313,100.71377316530078,true,true
10,20.0,150.5586694310452,103.42654195464917,2.1321189960047775,11.486650796501806,149.77465885062506,151.90677784662984,96.94393342071663,108.43058421721844,true,true
10,20.0,148.69091991807977,101.89220963557698,2.1445735352086785,14.01827276872666,147.89924327111999,150.04381680632866,94.30199053537012,108.32026330409678,true,true
10,20.0,147.62823795094528,107.26342120364558,1.864415224020604,13.059950156341259,146.98742021181198,148.85183543583258,99.90898533447024,112.9689354908115,false,true
10,20.0,151.3389298364499,97.90185898566976,2.4117828197044275,13.006775008918211,150.46658183210295,152.87836465180737,90.81069099847033,103.81746600738855,false,true
10,20.0,150.26772362580925,98.18827434990442,2.393146221811321,14.002011982918347,149.3980605071087,151.79120672892003,90.55426582457412,104.55627780749246,true,true
10,20.0,148.05384063917876,99.10431907882088,2.27831915246108,13.637370092163962,147.22029596301329,149.49861511547437,91.7553095762415,105.39267966840546,false,true
10,20.0,150.67529102134927,119.93183460308848,1.5871571478587612,11.498884369954865,150.13097823233542,151.71813538019418,113.45195858392721,124.95084295388207,false,false
10,20.0,147.97002321244528,92.8858297798202,2.571197449876337,12.695436396199739,147.0817994928431,149.65299694271943,85.66973255994102,98.36516895614076,false,false
10,20.0,151.21750476918032,105.94960104902997,2.1158788444768106,12.671194725510745,150.45107503260476,152.56695387708157,98.75684432824777,111.42803905375851,false,true
10,20.0,151.13896092483543,102.4612765240133,2.328614476471472,12.641199383119613,150.29780669598273,152.6264211724542,95.08574518690696,107.72694457002657,false,true
10,20.0,149.617100869164,99.32658476709713,2.478982845463065,12.25722725125732,148.71017769321662,151.1891605386797,92.69080025738604,104.94802750864336,true,true
10,20.0,150.05344626030652,103.45994745838085,2.025003433718638,12.296194858853823,149.34936763839167,151.3743710721103,96.64560053894942,108.94179539780325,true,true
10,20.0,148.3100264350909,93.7041835119179,2.4603964400415634,13.031575323523867,147.42167613147956,149.88207257152112,86.59615157009206,99.62772689361593,false,false
10,20.0,149.75383260519283,86.5482513675502,2.716497557848328,14.52057057720917,148.7664945154234,151.48299207327173,78.59823984564777,93.11881042285694,true,false
10,20.0,145.3837088415703,111.66209380391118,1.6021627727684802,10.570255711467539,144.82117379197865,146.42333656474713,105.66800946932221,116.23826518078975,false,false
10,20.0,149.9548796301427,90.5112893528306,2.6513979154267133,11.96866619379091,148.99388677583124,151.64528469125796,83.82137486469287,95.79004105848378,true,false
