ndata,sigma,theta1_median,theta2_median,theta1_iqrs,theta2_iqrs,quartiles1_1,quartiles3_1,quartiles1_2,quartiles3_2,theta1_coverage,theta2_coverage
500,20.0,149.98798738920703,100.42387024072713,0.04246445169954427,1.3866842394385799,149.97167183044164,150.01413628214118,99.70603604019438,101.09272027963296,true,true
500,20.0,149.99182369730937,99.59448204818895,0.04280171859602433,1.249151369875861,149.97581574513362,150.01861746372964,98.93303159414825,100.18218296402411,true,true
500,20.0,149.8786668669278,98.41291900358468,0.047328273046588265,1.6727936684523996,149.86162932616855,149.90895759921514,97.55343176360066,99.22622543205306,false,false
500,20.0,149.97728779405116,99.4939245108966,0.0420807112406294,1.8027774784631987,149.96166834151663,150.00374905275726,98.56470718771578,100.36748466617898,true,true
500,20.0,149.97908967368357,99.87688515952672,0.04326822683660225,1.5037383189742286,149.96279761709042,150.00606584392702,99.10220380946824,100.60594212844246,true,true
500,20.0,149.9450932952986,99.33378917225133,0.045999253234526805,1.6507306047294037,149.92901531423635,149.97501456747088,98.49981375312585,100.15054435785525,false,true
500,20.0,149.9613927881937,98.37311780977322,0.0441100244182735,1.8136947445391627,149.94538473807583,149.9894947624941,97.4468923011253,99.26058704566447,false,false
500,20.0,149.9862856141525,103.22200308923573,0.04138324022076745,1.5215571269099826,149.971029608575,150.01241284879578,102.40550448582673,103.92706161273671,true,false
500,20.0,149.90043299649497,100.62319949597457,0.04355954754140612,1.5458073736240863,149.88436101508282,149.92792056262422,99.81311865624902,101.3589260298731,false,true
500,20.0,150.00734885402628,99.64213960216628,0.045749250577273415,1.423127514244598,149.98987103311845,150.03562028369572,98.89543868374878,100.31856619799338,true,true
500,20.0,150.02665773438721,99.67158900805133,0.043962206540186344,1.4470801160251057,150.01061811315674,150.05458031969692,98.90851633131807,100.35559644734317,false,true
500,20.0,150.0278384808052,99.63795087547322,0.04779832766618597,1.4532992676261074,150.00985675809892,150.0576550857651,98.89823768834532,100.35153695597143,false,true
500,20.0,150.02663878030143,101.40118158804746,0.04203610819851633,1.5565610630955007,150.01059718786794,150.05263329606646,100.58086111298803,102.13742217608353,false,false
500,20.0,150.0122697271537,100.13281846522652,0.04259021168670074,1.5943344096587708,149.99645255228685,150.03904276397355,99.29554665497844,100.88988106463721,true,true
500,20.0,150.01456847116512,99.08765017524104,0.04562429758550479,1.6373629729519052,149.99781897699415,150.04344327457966,98.23426666561735,99.87162963856926,true,false
500,20.0,150.0049257377171,98.80792682338966,0.044712532767277935,1.6326786212673738,149.98829223383976,150.03300476660704,97.97013835109016,99.60281697235753,true,false
500,20.0,150.01916269904112,101.19418274957161,0.04380777897790722,1.501054057831098,150.00323042905688,150.0470382080348,100.41647139361382,101.91752545144492,false,false
500,20.0,150.00212480659442,101.4249639753971,0.044919631013016215,1.6963319007620754,149.98526991175558,150.0301895427686,100.56525053871883,102.2615824394809,true,false
500,20.0,149.9137526796006,98.76337566919388,0.044971159192925825,1.6174736456538028,149.89771977605557,149.9426909352485,97.94237359113433,99.55984723678813,false,false
500,20.0,149.92811295431306,101.62366738797039,0.04175552711174646,1.2350115807857662,149.91215369290185,149.9539092200136,100.95360203141752,102.18861361220328,false,false
500,20.0,150.02426642416637,100.71003523591001,0.04135022793883536,1.5445634886070962,150.0093531893626,150.05070341730143,99.92709444365673,101.47165793226382,false,true
500,20.0,149.984841882124,100.51409051943106,0.044104505509267256,1.6366176888415538,149.96786177796744,150.0119662834767,99.67835902387212,101.31497671271367,true,true
500,20.0,149.99464232167566,99.43879263991354,0.04245727010442124,0.9837209390378234,149.9794227605762,150.02188003068062,98.89675748988721,99.88047842892503,true,false
500,20.0,150.01859098340228,100.0502213773214,0.04490629790356593,1.3675704125358692,150.0018922511899,150.04679854909347,99.34107287073958,100.70864328327545,false,true
500,20.0,149.98902748171804,101.91468940856028,0.04187073252668938,1.2191308095303128,149.97352054965165,150.01539128217834,101.25558872484511,102.47471953437542,true,false
500,20.0,150.02708658658264,99.84795507279807,0.042820006064147265,1.6421664780208118,150.01086472854968,150.05368473461382,99.01517076362884,100.65733724164966,false,true
500,20.0,149.99628159631817,100.03111781312964,0.04208602120854721,1.5958360246240773,149.98001912769553,150.02210514890407,99.20508633634523,100.80092236096931,true,true
500,20.0,150.01813112302307,99.27022750421808,0.04300476407371434,1.58094497140344,150.0018787566246,150.0448835206983,98.43050318101508,100.01144815241852,false,true
500,20.0,149.92935705082346,99.18763514357273,0.045538529188519306,1.3676715464790448,149.91157212270414,149.95711065189266,98.4593331958957,99.82700474237474,false,false
500,20.0,150.00078654842213,99.97996340373595,0.045619870199118395,1.563183124756705,149.9839156298235,150.02953550002263,99.15933112987969,100.7225142546364,true,true
500,20.0,150.02219813138055,100.77030665116348,0.043007548914147264,1.4082969693900367,150.00615598298702,150.04916353190117,99.96861191119208,101.37690888058212,false,true
500,20.0,149.96792032426612,101.88191741792434,0.043992515938100496,1.5961102738920943,149.95187519873414,149.99586771467224,101.04987492476872,102.64598519866081,false,false
500,20.0,150.01313194977536,99.78081485350987,0.03996649302814603,1.5134705875879604,149.99871178760046,150.0386782806286,98.99479687358769,100.50826746117565,true,true
500,20.0,149.94870421460854,98.63482180664718,0.04666369550483296,1.51457841169929,149.93195753419798,149.9786212297028,97.84609167806045,99.36067008975974,false,false
500,20.0,150.00093393849966,98.25475365567179,0.04611929462868147,1.6862298696051568,149.98367426979883,150.0297935644275,97.37493592263536,99.06116579224052,true,false
500,20.0,149.96980289043682,98.32236979418961,0.04373914599207751,1.6407237522014668,149.95330736910245,149.99704651509452,97.49466742152421,99.13539117372568,false,false
500,20.0,150.002161293735,99.95126595848356,0.044298202891667415,1.143808939661099,149.9867481459678,150.03104634885946,99.33005109725757,100.47386003691867,true,true
500,20.0,149.9852728239738,100.00002876988813,0.042126572434426635,1.380812319782578,149.96952522879383,150.01165180122825,99.27120429161059,100.65201661139317,true,true
500,20.0,149.9600327319962,99.83642700833835,0.045652805937208996,1.473346140764363,149.94318503289946,149.98883783883667,99.04365812562062,100.51700426638499,false,true
500,20.0,150.0117953434846,100.27953486941576,0.0444024252006443,1.4390761590498187,149.99528292143737,150.039685346638,99.5243509229324,100.96342708198222,true,true
500,20.0,149.8695063182083,100.14059959496598,0.04285323332638313,1.6933797034319156,149.85321114299768,149.89606437632406,99.28777423168326,100.98115393511517,false,true
500,20.0,150.01830214482527,102.18750969221307,0.0425374626820485,1.0911974916115952,150.0026883051082,150.04522576779024,101.59112442770059,102.68232191931219,false,false
500,20.0,149.96613035330245,99.37561127970797,0.04572268950579428,1.7741902578836886,149.94834230108933,149.99406499059512,98.47653650433048,100.25072676221417,false,true
500,20.0,150.0049806577225,99.41790053901317,0.04450651888777202,1.661930270400319,149.98832671964436,150.03283323853213,98.53777655045388,100.1997068208542,true,true
500,20.0,150.0216680547985,100.96077686106764,0.044736840436883085,1.5591176159190638,150.00539432929438,150.05013116973126,100.16758289318344,101.7267005091025,false,false
500,20.0,149.99643839824017,97.73178273967247,0.04327435382896283,1.630248472106615,149.98021506569722,150.0234894195262,96.87354871937802,98.50379719148464,true,false
500,20.0,150.01853671192316,99.73911026491015,0.04422206872271772,1.737477643891168,150.00159965096236,150.04582171968508,98.82096995948723,100.5584476033784,false,true
500,20.0,149.99149661700557,100.22947167947095,0.043023452219131286,1.5529569845501499,149.97539265255168,150.0184161047708,99.41438012877832,100.96733711332847,true,true
500,20.0,149.9424077634062,99.21637044645118,0.042902870413399796,1.4954783245449903,149.9264517183201,149.9693545887335,98.43273006822326,99.92820839276825,false,false
500,20.0,150.02055563713617,102.37371084514845,0.040968394261341246,1.3774696490301892,150.00563188950517,150.0466002837665,101.66253337076509,103.04000301979528,false,false
500,20.0,150.00490399120258,99.2522626707895,0.04328907946441518,1.7116226043126375,149.98969433133945,150.03298341080387,98.36131585883614,100.07293846314877,true,true
500,20.0,149.9722594105195,100.94499568671053,0.042718457800503984,1.5833354102719,149.9563841017552,149.9991025595557,100.13664679580808,101.71998220607998,false,false
500,20.0,149.90658498151393,99.17298090411738,0.04631669827386986,1.545500675231267,149.88941217354187,149.93572887181574,98.34641810608862,99.89191878131989,false,false
500,20.0,150.01636930599844,100.89124693458172,0.045362079472567984,1.7107708893194058,149.9998241061716,150.04518618564416,100.00592567007428,101.71669655939368,true,false
500,20.0,150.01047601314298,97.71231087928373,0.0453336411339933,1.7006905785532638,149.99335974680136,150.03869338793535,96.83111935401502,98.53180993256828,true,false
500,20.0,149.9843224822964,100.8949827578781,0.042756893879698055,1.608416770485178,149.96816355480442,150.01092044868412,100.04304956962817,101.65146634011334,true,false
500,20.0,150.01573435340896,99.19340968864685,0.043227677324068736,1.0761515287901346,149.99969669862355,150.04292437594762,98.59419827044012,99.67034979923025,true,false
500,20.0,149.96604086502816,100.6330249485923,0.04514125301295735,1.407439943305846,149.94869819504535,149.9938394480583,99.89906079750735,101.30650074081319,false,true
500,20.0,150.0096921881127,99.17001171756084,0.0446609769075792,1.821376152303813,149.99371259168356,150.03837356859114,98.23541470332165,100.05679085562547,true,true
500,20.0,149.97761717672614,97.08447012073344,0.05005290597515,1.8023209802892666,149.95933657767688,150.00938948365203,96.1715284316254,97.97384941191467,true,false
500,20.0,149.9516672300675,101.84321070501917,0.04176136100144845,1.5003228053225115,149.93531602909027,149.97707739009172,101.04438798026678,102.54471078558929,false,false
500,20.0,149.96768257654236,99.62007853517503,0.04486024743289363,1.5058257354582452,149.95161844270788,149.99647869014078,98.81038654213368,100.31621227759193,false,true
500,20.0,149.98369472772353,102.19228026092279,0.04564201393549183,1.553586271250282,149.9669698558866,150.01261186982208,101.39695617211842,102.9505424433687,true,false
500,20.0,150.02601238458715,98.86006061805931,0.04509099307014708,1.8801375702679621,150.00901376781565,150.0541047608858,97.89120698547099,99.77134455573895,false,false
500,20.0,150.00756029472876,100.6815811143191,0.04668492411545344,1.3163936793351638,149.9904497345901,150.03713465870555,99.97138223061954,101.2877759099547,true,true
500,20.0,150.00584458564146,102.66768309570543,0.0403816741958849,1.5686094256248708,149.99121665248333,150.03159832667922,101.84712928059021,103.41573870621508,true,false
500,20.0,150.01790858017628,100.4376400944322,0.044927466616400125,1.5570209875701124,150.00137161551126,150.04629908212766,99.6202635578675,101.17728454543762,false,true
500,20.0,149.99109894824647,102.22663341269289,0.04270100053335568,1.3578022135420724,149.97581570270418,150.01851670323754,101.51025406764148,102.86805628118356,true,false
500,20.0,150.0026819401479,98.4063581822152,0.043994599750703856,1.5639188354224416,149.98646134677895,150.03045594652966,97.58801367759831,99.15193251302075,true,false
500,20.0,150.0256567460934,100.24632067789122,0.043663693737954645,1.5730444430951138,150.0089782311933,150.05264192493127,99.41959834402958,100.9926427871247,false,true
500,20.0,150.01756248935476,101.83591336996005,0.04349183917844357,1.6768944748800436,150.0013839339479,150.04487577312634,100.97919027254353,102.65608474742358,false,false
500,20.0,149.94752132485215,100.90594903779949,0.04384575260618817,1.4070729971359128,149.930880276963,149.97472602956918,100.13739359056325,101.54446658769916,false,false
500,20.0,149.98566071059997,99.97790136542098,0.043319137874249236,1.4750032413102474,149.9704893998103,150.01380853768455,99.20128871965625,100.6762919609665,true,true
500,20.0,150.00277420235648,99.16424029217987,0.04459225367693875,1.5777536028584223,149.9870859324496,150.03167818612653,98.31387322828444,99.89162683114286,true,false
500,20.0,149.9994596461313,101.85348566464795,0.04332604349846747,1.6088342266696856,149.98317578677316,150.02650183027163,101.0196511286001,102.62848535526979,true,false
500,20.0,149.98086109074424,100.46004440840666,0.04372156019553586,1.6133169108417462,149.96538732661884,150.00910888681437,99.62534742786792,101.23866433870967,true,true
500,20.0,150.02574923354132,100.41486247512111,0.041955141566916154,1.5306150238435094,150.0096511088762,150.05160625044311,99.62422642481698,101.15484144866049,false,true
500,20.0,149.97006508039127,99.66659473959226,0.04628498060810671,1.540680110656666,149.95345129753503,149.99973627814313,98.85683613580949,100.39751624646615,false,true
500,20.0,150.02162414996337,99.63358065500569,0.04381556712266388,1.3824452582272784,150.0052348963765,150.04905046349916,98.89799056653948,100.28043582476676,false,true
500,20.0,150.02122146720632,100.3331434601003,0.04655817530087347,1.4419876146691166,150.00414790385193,150.0507060791528,99.57921455172229,101.0212021663914,false,true
500,20.0,149.95471817791304,100.48934896894488,0.044277718908176666,1.1435585513345359,149.93832955891858,149.98260727782676,99.87628998144072,101.01984853277526,false,true
500,20.0,150.0246173866909,99.33828108670328,0.045481032574542724,1.7168669891158288,150.00834904932086,150.0538300818954,98.4434415430732,100.16030853218903,false,true
500,20.0,150.0222015508557,99.71178103174395,0.0426960545445354,1.6310473452034415,150.00645669112478,150.04915274566932,98.87721809293562,100.50826543813906,false,true
500,20.0,149.86549566906524,100.19428409008341,0.04609811244588968,1.4628731949288039,149.84886154302538,149.89495965547127,99.419740593914,100.8826137888428,false,true
500,20.0,150.01836086062067,98.78693818729067,0.044069518793577345,1.690580574822505,150.00287500749408,150.04694452628766,97.90451728247717,99.59509785729968,false,false
500,20.0,149.98459790073383,101.6645943651074,0.042822179978145414,1.6070936817866084,149.9694575275511,150.01227970752925,100.82474139664404,102.43183507843065,true,false
500,20.0,150.0174712705336,100.31754985331708,0.04057912253250606,1.3811859625897398,150.0027325522123,150.0433116747448,99.58109062894886,100.9622765915386,false,true
500,20.0,149.96583984572732,98.27413374346534,0.045607479597350675,1.6706891613214196,149.94870180330193,149.99430928289928,97.43271821258588,99.1034073739073,false,false
500,20.0,150.01385070491256,100.9246281156989,0.0437170519947756,1.63550332692391,149.99789602691013,150.0416130789049,100.08289929589647,101.71840262282038,true,false
500,20.0,150.00917195418114,98.30203191402093,0.04535377180059186,1.6370697520855941,149.9929702978094,150.03832406960998,97.47234160757361,99.1094113596592,true,false
500,20.0,149.99886339135514,100.03545796780328,0.043087646875335395,1.6632806738871864,149.98297405001122,150.02606169688656,99.17548230700037,100.83876298088755,true,true
500,20.0,150.01340264566886,101.00855004695293,0.04148248328621662,1.675173551897771,149.99743737693913,150.03891986022535,100.16742256902124,101.84259612091901,true,false
500,20.0,150.01161787254762,98.49601685789065,0.04415661491316314,1.496344279697027,149.99601263303725,150.04016924795042,97.71127562181577,99.2076199015128,true,false
500,20.0,150.01272421732898,99.25016352986923,0.045158031657166475,1.5173156961532897,149.99675392832134,150.0419119599785,98.47310978535106,99.99042548150435,true,false
500,20.0,149.986627787832,99.98637041765878,0.04475539998378508,1.4470456505425915,149.97002645782678,150.01478185781056,99.27124023579923,100.71828588634182,true,true
500,20.0,149.9506093113364,99.16023742846622,0.04687212996068979,1.751249573792208,149.933930433922,149.9808025638827,98.25158594724759,100.0028355210398,false,true
500,20.0,149.98924454982205,101.22528980462721,0.041052606849007134,1.4072404047314393,149.9742434257532,150.0152960326022,100.49710879029084,101.90434919502228,true,false
500,20.0,150.01243736038873,100.27509230594659,0.04709921985721621,1.461705540064969,149.99485278493881,150.04195200479603,99.52529733915442,100.98700287921939,true,true
500,20.0,150.0252454189985,101.33110069963999,0.04288833718649698,1.6262662020623395,150.009322494478,150.0522108316645,100.49449004608965,102.12075624815199,false,false
500,20.0,150.02079209744832,97.41935582056189,0.04825588903673861,1.771368311071413,150.00363460122873,150.05189049026546,96.5228423786745,98.29421068974591,false,false
500,20.0,150.02451401615554,100.0935559413621,0.04418933557633409,1.6974072422814572,150.0082682467119,150.05245758228824,99.20662821734814,100.9040354596296,false,true
500,20.0,149.9736830441771,101.38925093178972,0.043308330100586545,1.3251951012248497,149.95800828946022,150.0013166195608,100.69060634012739,102.01580144135224,true,false
500,20.0,149.95005066235345,98.29447483525257,0.045444173538498944,1.738062091298886,149.9331297079859,149.9785738815244,97.4207158454941,99.15877793679299,false,false
500,20.0,150.01648846117408,100.02949697871007,0.04108638749130478,1.6483459809342804,150.0014819164478,150.0425683039391,99.15298165780563,100.8013276387399,false,true
500,20.0,149.97698166456905,97.69536737692758,0.04455564767818032,1.826179699876704,149.96084245300048,150.00539810067866,96.75650431171056,98.58268401158726,true,false
500,20.0,149.92911945486978,100.8915542038163,0.040836525988851236,1.2452128890947307,149.9138834906384,149.95472001662725,100.20156646613229,101.44677935522702,false,false
500,20.0,149.97086600344977,99.15422815348532,0.043144820222607905,1.1687180662535752,149.9553981038756,149.99854292409822,98.52446485020434,99.69318291645791,false,false
500,20.0,150.0146132410835,100.16514154504549,0.04208942403903393,1.372335367881135,149.9993148274443,150.04140425148333,99.44809659125622,100.82043195913735,true,true
500,20.0,149.97773943049205,99.29129556239539,0.042163022203993705,1.5803236127879927,149.96193750345117,150.00410052565516,98.46064188320267,100.04096549599066,true,true
500,20.0,149.99151128838588,98.75491111075819,0.04624452544385349,1.4634183302988077,149.97424851505667,150.02049304050053,97.98369005895991,99.44710838925872,true,false
500,20.0,150.00446476893546,99.33143347522866,0.04369262275702113,1.3789040293330856,149.98837072776973,150.03206335052676,98.59872700498643,99.97763103431951,true,false
500,20.0,150.0068860489712,99.56271674254243,0.04591372925742121,1.530550518855918,149.99013816672678,150.0360518959842,98.79356833940197,100.32411885825789,true,true
500,20.0,150.0199204280692,101.06470598369657,0.04392245913729198,1.4838402619991342,150.00329713771595,150.04721959685324,100.30255744113447,101.7863977031336,false,false
500,20.0,150.01753025612157,99.25696383077977,0.04897006311500718,1.5951962846240946,150.0003242121841,150.0492942752991,98.41046403446278,100.00566031908687,false,true
500,20.0,149.95289761071294,98.82411012543884,0.04469862761641252,1.6284209610308409,149.93613977220292,149.98083839981933,97.98237037629433,99.61079133732517,false,false
500,20.0,149.94489977948737,101.12651411596113,0.04425755754863303,1.331622195908082,149.92851078042446,149.9727683379731,100.42304277368564,101.75466496959372,false,false
500,20.0,149.94947396042102,99.68653384842281,0.044438647652640384,1.4024080653094018,149.93217083799306,149.9766094856457,98.94969316714568,100.35210123245508,false,true
500,20.0,150.02576938661798,99.57838238123222,0.04273124042907739,1.2108394279739088,150.00999718575235,150.05272842618143,98.90636116127105,100.11720058924496,false,true
500,20.0,150.0161409680855,98.29608186543429,0.044204528304760515,1.5116929005214672,149.99958908228945,150.0437936105942,97.50369423130925,99.01538713183072,true,false
500,20.0,149.95311817592042,99.0983165450541,0.048488562526728174,1.5844195958264038,149.93536668345763,149.98385524598436,98.29991195607586,99.88433155190226,false,false
500,20.0,150.02456126200534,98.81480338816762,0.04478280920511679,1.6972761161629393,150.00795060371343,150.05273341291854,97.92888110360002,99.62615721976296,false,false
500,20.0,149.99136132658694,98.2570276454233,0.04292843192689588,1.6116918296549585,149.9757078766163,150.0186363085432,97.42008842580461,99.03178025545957,true,false
500,20.0,150.00341574618662,99.2158775166726,0.046489366842138224,1.6673851849281789,149.98655879377327,150.0330481606154,98.38965099289247,100.05703617782065,true,true
500,20.0,149.97594786559398,102.53714037821712,0.04285869353375915,1.5957970741957865,149.96024679357572,150.00310548710948,101.70472035229739,103.30051742649317,true,false
500,20.0,149.95116402538542,100.54048326405223,0.044746477872422474,1.5475663425412591,149.934409597494,149.97915607536643,99.72121912972702,101.26878547226828,false,true
500,20.0,149.9241292547906,100.94447576320565,0.0416976413540624,1.566394705330893,149.9085837510335,149.95028139238755,100.15333607610243,101.71973078143333,false,false
500,20.0,149.9697691873944,100.9255372440001,0.043801054818771945,1.379384997053691,149.9536228983573,149.99742395317608,100.20230740784437,101.58169240489806,false,false
500,20.0,149.96451394417198,99.26999882158638,0.04221769587056201,1.5636968842433134,149.9489759159738,149.99119361184435,98.46246483356157,100.02616171780488,false,true
500,20.0,150.00335115561455,100.44120364030867,0.04644931094526328,1.3051361878912502,149.9860900966408,150.03253940758606,99.74191376939577,101.04704995728702,true,true
500,20.0,149.95844436618972,99.88801357278874,0.04589742888060755,1.3314512548418094,149.9418112163412,149.9877086452218,99.18441741206055,100.51586866690236,false,true
500,20.0,149.94049524642517,99.62954880255845,0.04332482152946682,1.740819099475047,149.92468491475046,149.96800973627992,98.73283321550514,100.47365231498019,false,true
500,20.0,150.0001982674546,100.23741706069701,0.04411088009788955,1.4888008364416834,149.9841229661547,150.0282338462526,99.44534018591342,100.9341410223551,true,true
500,20.0,150.0101525941533,101.1754542354266,0.04438138893678456,1.5813472185708832,149.99426463650437,150.03864602544115,100.36069433319075,101.94204155176163,true,false
500,20.0,149.9761703806973,99.14221515421931,0.044783782331819566,1.5737543073743154,149.95999812457126,150.00478190690308,98.29017995265255,99.86393426002687,true,false
500,20.0,150.02720274875162,102.135812618815,0.04451652456853594,1.5515277417116806,150.0103111716862,150.05482769625473,101.33054421956803,102.8820719612797,false,false
500,20.0,149.91692967350366,99.48770913077766,0.044274073795833147,1.3236420255193622,149.9008943535533,149.94516842734913,98.78797145237593,100.11161347789529,false,true
500,20.0,150.01502026431493,100.5742113091973,0.043402691929117054,1.6343045863924885,149.99931280001454,150.04271549194365,99.72298918236962,101.3572937687621,true,true
500,20.0,149.88789912506178,100.32465408599015,0.04278449989408273,1.4556758766184146,149.87228064620314,149.91506514609722,99.56424619357756,101.01992207019597,false,true
500,20.0,150.02315061028258,98.5420097668601,0.04592489310283554,1.6932794554540607,150.0059515981246,150.05187649122743,97.67497225586598,99.36825171132004,false,false
500,20.0,149.96240182456677,100.25766346163775,0.044551181419734576,1.5462002647055897,149.94622757511198,149.9907787565317,99.45371757946003,100.99991784416562,false,true
500,20.0,150.01811622103796,99.00455713460453,0.043520362336806784,1.6914116385183036,150.00203254621493,150.04555290855174,98.09849532309833,99.78990696161664,false,false
500,20.0,150.01568451601898,101.2495367881896,0.045375047156483106,1.5350502708747342,149.99925931936093,150.0446343665174,100.4545624612328,101.98961273210753,true,false
500,20.0,150.02108925668227,100.47690046012087,0.04007988258626938,1.5784188353595425,150.00652910480446,150.04660898739073,99.64081081707067,101.21922965243022,false,true
500,20.0,150.01998936049958,101.6303825395492,0.042346551285845635,1.4121113865453339,150.00413536905384,150.0464819203397,100.88097178450546,102.2930831710508,false,false
500,20.0,150.0129681505845,98.34042877585213,0.046152762057602104,1.7981439615003865,149.99577698939834,150.04192975145594,97.41304781211363,99.21119177361402,true,false
500,20.0,149.9686264824514,99.20484413184714,0.04126387376487628,1.6336037788779265,149.95383036729874,149.9950942410636,98.37505779434503,100.00866157322295,false,true
500,20.0,150.0061809329746,101.1309834127079,0.04326022224660164,1.6786757676100166,149.99071888279178,150.03397910503838,100.25654114679416,101.93521691440418,true,false
500,20.0,150.01690773834179,99.87006522758134,0.045018884608623466,1.4822857610447642,150.00054501467042,150.04556389927905,99.1094929154292,100.59177867647396,false,true
500,20.0,150.00574484915217,99.4385518103712,0.04409903695676576,1.4504690628501038,149.98957246314163,150.0336715000984,98.69717442386053,100.14764348671063,true,true
500,20.0,150.0224873323449,99.27221416645489,0.04356733536911861,1.3696777676787946,150.00614269396857,150.0497100293377,98.54871842149554,99.91839618917433,false,false
500,20.0,150.01602298975982,100.51139320991405,0.043998901089253195,1.5821097755140556,149.9991860826761,150.04318498376534,99.68511873172386,101.26722850723792,true,true
500,20.0,150.0246701133472,100.16805121712481,0.04341378934523732,1.452439155659107,150.00876269149006,150.0521764808353,99.4179736589667,100.87041281462581,false,true
500,20.0,149.94805676262428,101.91506907022875,0.04151110865726082,1.6645414618924264,149.93240361496024,149.9739147236175,101.03844422969802,102.70298569159044,false,false
500,20.0,149.98443275479517,100.93042426189328,0.04171963727603156,1.6150108513445076,149.96943852880233,150.01115816607836,100.09659882925645,101.71160968060096,true,false
500,20.0,149.93761133659945,100.07912606494696,0.04340447886096399,1.5211010416205397,149.92115435620622,149.96455883506718,99.29229149918999,100.81339254081053,false,true
500,20.0,150.01572642637134,100.18831978919553,0.043695406070042964,1.7762996687450539,149.9997056327164,150.04340103878644,99.2706933355453,101.04699300429036,true,true
500,20.0,150.01272335128607,99.23095584292372,0.04646058316751578,1.5986000384813224,149.99577902994176,150.04223961310927,98.40561911809539,100.00421915657671,true,true
500,20.0,150.0247219592153,100.76727708802397,0.04208899144688871,1.5553655448855181,150.00906642113492,150.0511554125818,99.9348368730696,101.49020241795512,false,true
500,20.0,149.95584034915032,99.38108388143553,0.048234018309102566,1.7149072765875388,149.93840067960673,149.98663469791583,98.48324537514426,100.1981526517318,false,true
500,20.0,149.99997699744029,100.3470121581911,0.044583255699023994,1.5804763604410823,149.9833983800899,150.02798163578893,99.52973833699248,101.11021469743356,true,true
500,20.0,149.94897746877962,99.32223280445423,0.043372001214265765,1.477214558997062,149.93285115489113,149.9762231561054,98.5405939615056,100.01780852050267,false,true
500,20.0,150.02188687583725,101.38731781605587,0.04356452333027505,1.666135116114333,150.00551030560806,150.04907482893833,100.53473710838033,102.20087222449466,false,false
500,20.0,150.01152070288202,99.44145119209594,0.04335813140031064,1.2606296722304933,149.9956718174277,150.03902994882802,98.76369292702235,100.02432259925284,true,true
500,20.0,149.98772086600104,99.4813168956553,0.04402032617062446,1.6237911103308846,149.97069618153833,150.01471650770895,98.63437361740351,100.2581647277344,true,true
500,20.0,149.87484669916407,100.8148831408226,0.04401629122941131,1.658609146350912,149.85847946867221,149.90249575990163,99.92529166797523,101.58390081432614,false,true
500,20.0,149.98567875981365,99.96125923862672,0.04278120568301347,1.5159798400365645,149.96979907202106,150.01258027770407,99.19155194774802,100.70753178778459,true,true
500,20.0,150.00173199299698,99.18535516423157,0.04619336490929982,1.3900845316314587,149.9847316853894,150.0309250502987,98.46258104494228,99.85266557657374,true,false
500,20.0,149.92961300001815,99.08735479402796,0.04570813770178006,1.646140731190897,149.91242071115715,149.95812884885893,98.23484795685188,99.88098868804278,false,false
500,20.0,150.02572388125483,99.5259062555989,0.04834756625135128,1.7462706085690485,150.0081133705534,150.05646093680474,98.60005548219699,100.34632609076604,false,true
500,20.0,150.00251209285915,100.93411575207037,0.043921259695082426,1.461371528076313,149.9853931922279,150.02931445192297,100.16201799316903,101.62338952124534,true,false
500,20.0,149.95261253109686,98.32453029734492,0.04412116902216212,1.7523126162723344,149.9364924913529,149.98061366037507,97.40598137283702,99.15829398910935,false,false
500,20.0,149.97744352458312,99.36580600071886,0.0415365797080085,1.7169382876990937,149.9620747674128,150.0036113471208,98.48367835924974,100.20061664694883,true,true
500,20.0,149.9900657854902,101.56436230625916,0.043467229251234585,1.505344607156431,149.97381934007097,150.0172865693222,100.78503685686643,102.29038146402286,true,false
500,20.0,149.99484677829943,100.88099802058832,0.04253409337547964,1.4370190092369342,149.97923573806156,150.02176983143704,100.12899777535755,101.56601678459448,true,false
500,20.0,150.0171035380174,99.84563333954264,0.0440380275954908,1.3852463636233097,150.00068547280756,150.04472350040305,99.10793765596317,100.49318401958648,false,true
500,20.0,150.01442365201154,101.59477675562053,0.04386971142957918,1.527371727658533,149.99715560720557,150.04102531863515,100.80505027585173,102.33242200351026,true,false
500,20.0,149.9872148594722,99.53084536865681,0.0460074003955242,1.1391919211117454,149.97050531227148,150.016512712667,98.89897930610547,100.03817122721722,true,true
500,20.0,150.01176496426228,101.08787601808848,0.04592068932731763,1.5265031673713594,149.9948728641105,150.04079355343782,100.27950932494538,101.80601249231674,true,false
500,20.0,150.01190751407296,100.13957972825179,0.04446832568638115,1.6416095234846182,149.995045830274,150.03951415596038,99.31229176505906,100.95390128854368,true,true
500,20.0,150.00786611608711,99.66183257613048,0.04163768746255414,1.6758969411767737,149.9928343855102,150.03447207297276,98.81195006490789,100.48784700608466,true,true
500,20.0,149.98195393689974,98.86644000544536,0.04338788249731351,1.6829610700931852,149.96601666676293,150.00940454926024,97.98564470959897,99.66860577969216,true,false
500,20.0,149.97452976435943,99.44870328550502,0.04642828641053143,1.6657713858982675,149.957242339889,150.00367062629954,98.56819751013964,100.23396889603791,true,true
500,20.0,150.02589433398413,99.05118031768411,0.04453022763328818,1.615734969680176,150.00984852691374,150.05437875454703,98.21197189286072,99.8277068625409,false,false
500,20.0,150.02680372679598,99.46523340953455,0.04456068890925735,1.6085710939573516,150.0106077206616,150.05516840957085,98.64196650570648,100.25053759966383,false,true
500,20.0,149.99967235168452,100.55914202024312,0.04244691213975216,1.4534344797440895,149.98473128418138,150.02717819632113,99.80616193901695,101.25959641876103,true,true
500,20.0,149.96729603255162,101.29902093774507,0.04254037999828597,1.6745603843379229,149.95202053311135,149.99456091310964,100.43151715198047,102.1060775363184,false,false
500,20.0,150.01519286420708,99.98869806406947,0.04486167631216631,1.6949629193341735,149.99866997459407,150.04353165090623,99.12227396768263,100.8172368870168,true,true
500,20.0,149.9988735282455,100.79209565218059,0.0407492705112702,1.6190782314928924,149.98329353271475,150.02404280322602,99.93920973820607,101.55828796969897,true,true
500,20.0,150.00754328169864,100.089125326552,0.04074681792852175,1.496355466141921,149.992762748794,150.03350956672253,99.31199916097178,100.8083546271137,true,true
500,20.0,149.9865525163791,100.91959361630663,0.04367496416833205,1.6084026110302148,149.9707002617402,150.01437522590854,100.07397192110541,101.68237453213563,true,false
500,20.0,150.02222825953746,98.17139591356496,0.0487079957053993,1.557710906324104,150.00469528121045,150.05340327691584,97.34080283621171,98.89851374253581,false,false
500,20.0,150.0191584401378,98.83974631207491,0.04539204028978361,1.7174666513112982,150.00183872546293,150.04723076575272,97.97064332199645,99.68810997330775,false,false
500,20.0,149.98736355882056,98.35261309812998,0.04568093574624754,1.3895939957298253,149.97062948432466,150.0163104200709,97.61753608575515,99.00713008148497,true,false
500,20.0,150.00878840956798,101.77915697039441,0.044797594743926084,1.632191777363829,149.9923267379886,150.03712433273253,100.94529214596255,102.57748392332638,true,false
500,20.0,150.02311994664188,100.88769650108185,0.04352124941379998,1.6314011286307988,150.00695602966914,150.05047727908294,100.05502128075085,101.68642240938165,false,false
500,20.0,150.00751765955715,98.9446236709152,0.045980529637375867,1.6839939928531464,149.9907133945064,150.03669392414378,98.11531452589514,99.79930851874829,true,false
500,20.0,150.01246512996715,101.36143356582903,0.04358643865208478,1.5239866157646844,149.99688625470137,150.04047269335345,100.57409327637959,102.09807989214427,true,false
500,20.0,150.00878253974588,99.76185564181554,0.04609320993219512,1.3079550322224804,149.99239722582064,150.03849043575283,99.0742426298729,100.38219766209538,true,true
500,20.0,149.961665427002,101.64933195596358,0.041506566731300154,1.6650899253177016,149.94649894033486,149.98800550706616,100.78477024621664,102.44986017153434,false,false
500,20.0,150.02539943682933,100.52293685704731,0.04506432666698856,1.7241212815882676,150.0085935596178,150.05365788628478,99.62776447289349,101.35188575448176,false,true
500,20.0,150.01192814283363,97.85512066104639,0.04388836716162814,1.7782504042646963,149.9957864684676,150.03967483562923,96.93740088869171,98.71565129295641,true,false
500,20.0,149.9985303192729,99.40309891115822,0.04525406651126218,1.448369084188812,149.98177191811504,150.0270259846263,98.65447025595537,100.10283934014419,true,true
500,20.0,149.9752533222525,100.06906200406442,0.04413136719134059,1.437036733097969,149.95932093226264,150.00345229945398,99.31956121528488,100.75659794838285,true,true
500,20.0,150.00307582363448,98.82540855020355,0.044377923463997604,1.864198299508999,149.98673719108763,150.03111511455162,97.86671291687664,99.73091121638564,true,false
500,20.0,149.9997248236865,101.84185720945877,0.040765176807269654,1.5324951607410213,149.98454772683255,150.02531290363981,101.02575995500983,102.55825511575085,true,false
500,20.0,150.02153028395128,101.20281511907523,0.044439293672070335,1.4456590413528119,150.00521066626976,150.04964995994183,100.44986279825557,101.89552183960838,false,false
500,20.0,149.9956297519046,101.24298313844756,0.0425036969281507,1.5711912001489026,149.97955387614925,150.0220575730774,100.45473526178222,102.02592646193112,true,false
500,20.0,150.00494795455768,99.17638407709066,0.04450764933110918,1.700472048963377,149.98885694118587,150.03336459051698,98.31011164884396,100.01058369780733,true,true
500,20.0,149.95644919399248,99.62430685919401,0.04369310141115079,1.583272852386699,149.94034278249194,149.9840358839031,98.81214612922784,100.39541898161454,false,true
500,20.0,150.0249892233138,100.62097059699417,0.044637696919494374,1.4803515352821819,150.0088118345178,150.05344953143728,99.86116629925937,101.34151783454155,false,true
500,20.0,150.02291590471322,100.50333319602491,0.04288398165510898,1.5534491135033903,150.0075082022734,150.05039218392852,99.69892376827411,101.2523728817775,false,true
500,20.0,150.0014922916647,99.32800914618801,0.04708603770791342,1.657773294480421,149.98337486399595,150.03046090170386,98.46761253444583,100.12538582892626,true,true
500,20.0,149.9545592529438,102.12746389823552,0.04150203801822272,1.476292979636952,149.93952738517237,149.9810294231906,101.36981793371424,102.8461109133512,false,false
500,20.0,149.88090187466912,99.8227657850943,0.04333494661219106,1.6268010985147896,149.86452558750193,149.90786053411412,98.98816576283551,100.6149668613503,false,true
500,20.0,149.8663442343863,100.02966805319,0.040965147349965036,1.3089372535179251,149.85109837945632,149.89206352680628,99.34181048621971,100.65074773973764,false,true
500,20.0,149.88510006226812,99.6841884749224,0.04558559868411294,1.5325619756424373,149.86863216083287,149.914217759517,98.86365502153154,100.39621699717398,false,true
500,20.0,149.8120738422853,99.70942195931185,0.047823431676619066,1.7916097613798883,149.79423886412695,149.84206229580357,98.7971890074339,100.58879876881379,false,true
500,20.0,150.01327806272926,99.71996760305248,0.04378177937897476,1.7189787325695818,149.99671136710901,150.040493146488,98.83656706742153,100.55554579999111,true,true
500,20.0,149.84778062962974,99.00555988797007,0.04465334735434112,1.3771884579511493,149.83169390880698,149.87634725616132,98.28267645119769,99.65986490914884,false,false
500,20.0,150.01391622269108,99.55678867647305,0.04482308610519681,1.7627449525647023,149.99675679428907,150.04157988039427,98.64169305670329,100.40443800926799,true,true
500,20.0,150.02418426282108,100.15907101346838,0.04390809113786531,1.4975697910343229,150.0083708882694,150.05227897940728,99.38066144897194,100.87823124000626,false,true
500,20.0,149.94574133009576,98.83714936376697,0.04283297695457122,1.3575473513055982,149.92965700757335,149.97248998452793,98.11946627997895,99.47701363128455,false,false
500,20.0,150.013926127167,98.52065143225913,0.04636610418555165,1.6784864903275576,149.99722238016545,150.043588484351,97.64956970268625,99.32805619301381,true,false
500,20.0,149.97582319585024,99.68509515145922,0.04509863913585832,1.7917546223254277,149.9595819462686,150.00468058540446,98.7813960460536,100.57315066837903,true,true
500,20.0,150.0245426297799,98.48017856831777,0.04623917389676535,1.6942393523500812,150.00723215113675,150.0534713250335,97.59753141299826,99.29177076534835,false,false
500,20.0,149.98606675648134,100.97961429240365,0.03958918590453209,1.4540271150384,149.97157967985115,150.01116886575568,100.21422397550629,101.66825109054469,true,false
500,20.0,150.01600930155166,102.80489591267437,0.040901682824880936,1.443765225272898,150.00034997856844,150.04125166139332,102.07063792916139,103.51440315443429,false,false
500,20.0,149.99596171424957,100.877237879755,0.04409939500479254,1.4812637678993212,149.97992316263964,150.02402255764443,100.10323781160007,101.58450157949939,true,false
500,20.0,149.98288911641086,99.58388815195543,0.04489887866523645,1.6268237938266452,149.96630823807956,150.0112071167448,98.7531466940381,100.37997048786474,true,true
500,20.0,149.98419634762274,99.86351267767775,0.040993327717643524,1.440152280102069,149.96941021546206,150.0104035431797,99.0891487204803,100.52930100058236,true,true
500,20.0,149.99836598707623,99.15883300205358,0.04634003713405832,1.73031359730642,149.9812148624141,150.02755489954816,98.25391185750932,99.98422545481574,true,false
500,20.0,149.99646776124723,100.26614305968201,0.04887186667446031,1.7562024300503083,149.97778047638067,150.02665234305513,99.33319826981173,101.08940069986204,true,true
500,20.0,150.02613564649505,100.47976540213072,0.04504435710600774,1.6023185652881011,150.00946845562567,150.05451281273167,99.65027612089497,101.25259468618307,false,true
500,20.0,150.02677634960804,100.51896386194024,0.04281488665324673,1.727466098687941,150.0106792360355,150.05349412268873,99.6071841048297,101.33465020351764,false,true
500,20.0,150.01926717216912,101.17853386828472,0.04471578476929494,1.1903661251610345,150.00239964573993,150.04711543050922,100.5299901867329,101.72035631189394,false,false
500,20.0,150.02015868241756,101.10633760971635,0.042762538901598646,1.5942294578590435,150.00486370381267,150.04762624271427,100.28819185916957,101.88242131702862,false,false
500,20.0,149.9707566727975,99.36881607230089,0.04443201101287286,1.4612434543943351,149.95453092634477,149.99896293735765,98.60122374419504,100.06246719858937,false,true
500,20.0,149.87413881782217,99.79383558088121,0.04730122574278539,1.3777652111321146,149.85639074227836,149.90369196802115,99.06045809776404,100.43822330889616,false,true
500,20.0,149.95569857402262,101.12711090335206,0.04365003592636185,1.54020987460855,149.9395895298976,149.98323956582396,100.348156041787,101.88836591639556,false,false
500,20.0,149.9249028358775,99.79307101495442,0.042968185380146906,1.5618184574640992,149.9088435448688,149.95181173024895,98.94913238984874,100.51095084731284,false,true
500,20.0,150.01337368943757,99.96881592547425,0.04417246326116242,1.6176945112947436,149.99711872058546,150.04129118384662,99.14089940845241,100.75859391974716,true,true
500,20.0,150.00313532426156,99.64671113030698,0.04128172695700982,1.6538769102388642,149.98695374810566,150.02823547506267,98.7999599261295,100.45383683636837,true,true
500,20.0,150.01813666343057,98.01131587123879,0.047382750202245916,1.470983660788562,150.0012096462072,150.04859239640945,97.24039739351981,98.71138105430838,false,false
500,20.0,150.01301754354347,99.96700290069609,0.043006324207510715,1.6371673228769055,149.9972592486294,150.04026557283692,99.10004786230616,100.73721518518306,true,true
500,20.0,150.00252033643616,100.0525909124135,0.042312298894671585,1.250222018019926,149.98650399612976,150.02881629502443,99.38276884879875,100.63299086681867,true,true
500,20.0,149.9786860280434,99.96703773487265,0.0442955058372263,1.7476725652328895,149.96246190001685,150.00675740585407,99.06534068298943,100.81301324822232,true,true
500,20.0,150.01557254135741,101.88839616552428,0.04084722817680131,1.554146275899015,150.0007228204761,150.04157004865291,101.0865496677668,102.64069594366582,false,false
500,20.0,150.00929969642206,100.8302622541521,0.042962105690719454,1.5521578110149648,149.99416626005237,150.0371283657431,100.02596014012035,101.57811795113531,true,false
500,20.0,150.02381413861275,100.41752790438154,0.042368248432467226,1.6162008494598865,150.0079508930362,150.05031914146866,99.6209280954687,101.23712894492859,false,true
500,20.0,150.02240763252794,100.29438176445579,0.04516802048351565,1.4171273303881833,150.0062251305301,150.05139315101363,99.54001784364758,100.95714517403576,false,true
500,20.0,149.99484038193305,100.16109964241524,0.04419725798851459,1.3797672642042471,149.97861614312862,150.02281340111713,99.43713747050384,100.81690473470809,true,true
500,20.0,150.00251344836965,99.25024439839623,0.042957642445770716,1.6982389420234654,149.98630103778694,150.02925868023272,98.40655671201203,100.1047956540355,true,true
500,20.0,149.94216968312762,101.810880179597,0.04282185786047421,1.7576956098789225,149.9269347677369,149.96975662559737,100.90475185845389,102.66244746833281,false,false
500,20.0,149.9809724763424,99.17929834390011,0.0461399623148111,1.6045308689057833,149.96293405793614,150.00907402025095,98.36365875982118,99.96818962872696,true,false
500,20.0,150.0262286146509,100.34563399751153,0.043814936613159716,1.6219820989468445,150.00969582649842,150.05351076311157,99.49932630116493,101.12130840011177,false,true
500,20.0,149.92780172198857,99.52357943213195,0.044010497511067115,1.6152797231196843,149.91194678899905,149.9559572865101,98.67857678933275,100.29385651245244,false,true
500,20.0,149.91852642725667,98.13234783018117,0.04751796135838049,1.4698005067722164,149.9004841197381,149.9480020810965,97.33675775147825,98.80655825825046,false,false
500,20.0,149.95415382288127,102.38525383642992,0.04079003407130699,1.5546649055880692,149.9390552515454,149.9798452856167,101.59199508212903,103.1466599877171,false,false
500,20.0,149.811922455076,97.99935839583401,0.0462644297897441,1.590072075933108,149.7943158682736,149.84058029806334,97.15954355536616,98.74961563129926,false,false
500,20.0,149.98867832603509,98.48526988443153,0.046168818307705806,1.6661157344892956,149.97125434517545,150.01742316348316,97.5873818200691,99.2534975545584,true,false
500,20.0,149.8895799543539,101.84367748538504,0.039728304531024605,1.3590369132962365,149.8748473288033,149.91457563333432,101.15008223661742,102.50911914991366,false,false
500,20.0,149.99495310592096,100.38787251216534,0.0433607448159421,1.5844206595195232,149.97869794634013,150.02205869115608,99.54915778940286,101.13357844892238,true,true
500,20.0,150.01831226539352,100.78646449528583,0.04329024811491422,1.1878423433916652,150.00232312981717,150.04561337793209,100.1702082970344,101.35805064042607,false,false
500,20.0,149.98757810620893,100.06750386569645,0.04239481173496529,1.6531033385941498,149.97251953145374,150.0149143431887,99.22206315631456,100.87516649490871,true,true
500,20.0,149.8910946993405,98.75223849165027,0.04545946743164109,1.3945360038551797,149.873686906322,149.91914637375365,97.98632222965341,99.38085823350859,false,false
500,20.0,150.02839759216494,100.04208528839266,0.04597960074369212,1.6812975154953733,150.01170976407255,150.05768936481624,99.17163976012861,100.85293727562399,false,true
500,20.0,149.96172704076474,100.64100449067215,0.04426005638248398,1.479969415968796,149.94440256635122,149.9886626227337,99.88485527646075,101.36482469242955,false,true
500,20.0,149.95980991685065,100.76230733437913,0.042264652182836926,1.6610011757017844,149.94450938565853,149.98677403784137,99.88578892769272,101.5467901033945,false,true
500,20.0,149.9545338041226,98.44602885824058,0.041871011872729014,1.7373885853753706,149.93887104637543,149.98074205824815,97.53251234447572,99.26990092985109,false,false
500,20.0,149.9530407883921,100.15599203743102,0.04333501441206522,1.6094069862107716,149.93715338997993,149.980488404392,99.31186464116931,100.92127162738008,false,true
500,20.0,150.01496856576574,100.10806461248364,0.041950328981869234,1.6780534172957573,149.99942065307525,150.04137098205712,99.26044946038763,100.93850287768339,true,true
500,20.0,150.01821092171357,100.31596621395957,0.042793577953432305,1.0379814492448816,150.00309188867038,150.04588546662382,99.76024905726814,100.79823050651302,false,true
500,20.0,150.01139843733625,99.9277961547954,0.04257995104686074,1.4202633563152176,149.99552590086213,150.038105851909,99.18927394564773,100.60953730196294,true,true
500,20.0,149.9785464982471,99.77374503889793,0.04720927122616558,1.6957311624232574,149.9617674238409,150.00897669506708,98.88649594438341,100.58222710680667,true,true
500,20.0,150.01646619606285,98.6170700022717,0.04350682635077874,1.4491004433247667,150.0010649381598,150.04457176451058,97.85081697876305,99.29991742208782,false,false
500,20.0,150.02341707199207,99.40582183191842,0.045893853409467056,1.7552074208631296,150.00668484249692,150.0525786959064,98.51403097872173,100.26923839958486,false,true
500,20.0,150.00900000728404,100.40459257589492,0.04784617179885231,1.2682587760237567,149.9915902443914,150.03943641619026,99.70804657158406,100.97630534760782,true,true
500,20.0,149.98406137647515,99.27336188155067,0.046477367468583,1.574119051010058,149.96745320208169,150.01393056955027,98.45828638495658,100.03240543596664,true,true
500,20.0,150.02966667914558,98.85874581899975,0.046778095271236,1.6047283822126701,150.01183856609157,150.0586166613628,98.00402013156352,99.60874851377619,false,false
500,20.0,149.9876093627392,101.22882481233918,0.04208484308577454,1.6524879738977916,149.97131367758823,150.013398520674,100.36947740836558,102.02196538226337,true,false
500,20.0,150.01827420225814,98.50215676340599,0.04803787612556221,1.6340692106549284,150.00002024883247,150.04805812495803,97.65613041821396,99.29019962886889,false,false
500,20.0,150.0081645493734,99.53656376537144,0.044783089520990416,1.7991794729489499,149.99194497667804,150.03672806619903,98.62030510023786,100.4194845731868,true,true
500,20.0,150.00671337506623,100.2474093523878,0.04835399898186665,1.6043651553548273,149.98883119395705,150.03718519293892,99.41667792676543,101.02104308212026,true,true
500,20.0,150.02400572565045,98.46424610827424,0.045880524506429765,1.326638440319769,150.00683322826794,150.05271375277437,97.7536953366235,99.08033377694326,false,false
500,20.0,150.01245984226497,100.1017015534621,0.04875556602155484,1.5106502958965677,149.99412340992063,150.0428789759422,99.30516077044423,100.8158110663408,true,true
500,20.0,149.96741523283134,98.24014465026607,0.048408338792171435,1.541654268168216,149.94940538902222,149.9978137278144,97.4467206301097,98.98837489827791,false,false
500,20.0,150.0208364748777,98.7763367302102,0.04351060807658769,1.5050717195844072,150.00468200679143,150.04819261486801,97.99114463868092,99.49621635826533,false,false
500,20.0,149.8871082825379,100.96064757467076,0.04399170552886744,1.6824049795960576,149.87093483641107,149.91492654193993,100.08571081086936,101.76811579046542,false,false
500,20.0,149.9668818494072,101.85912709843186,0.04486610711998651,1.465841235274283,149.94998725460925,149.99485336172924,101.09547365254156,102.56131488781584,false,false
500,20.0,149.95212518971374,100.10765757945414,0.04325634976390802,1.5402083725279425,149.93614733608337,149.97940368584727,99.30027928515327,100.84048765768121,false,true
500,20.0,150.02708276197387,99.92525481167647,0.043036373927122895,1.0556230789621424,150.01058806246954,150.05362443639666,99.35469585984339,100.41031893880553,false,true
500,20.0,150.00633947982504,99.04589520644178,0.04456978444721926,1.7727837918227038,149.9901302577294,150.0347000421766,98.1232820949852,99.8960658868079,true,false
500,20.0,149.9929248519818,97.20410485874208,0.04801055544893984,1.9069306093132212,149.97541969807133,150.02343025352027,96.20253144261036,98.10946205192359,true,false
500,20.0,150.01687760833005,99.142933927544,0.04511616523589623,1.5719910853081274,149.99926233927383,150.04437850450972,98.33318788762456,99.90517897293269,true,false
500,20.0,150.02017179234213,100.30933689786713,0.044792247838444155,1.3789316991857135,150.00329807201064,150.04809031984908,99.58298339131306,100.96191509049878,false,true
500,20.0,149.97114273912374,102.96003531884557,0.04346275569167801,1.4664303422783718,149.95447148766306,149.99793424335473,102.19964833847024,103.66607868074861,false,false
500,20.0,149.99668222254903,103.47592006309402,0.04180453533913919,1.3837502111710762,149.9814023719686,150.02320690730775,102.75989574210524,104.14364595327632,true,false
500,20.0,150.01537017885653,99.33921972878102,0.0426855687981913,1.4495281740188801,149.99922520645725,150.04191077525545,98.5594734219261,100.00900159594498,true,true
500,20.0,150.0149191776864,100.77902966482,0.04381327480959385,1.4273237002210948,149.99896922831437,150.04278250312396,100.04251628970943,101.46983998993052,true,false
500,20.0,149.99674177437757,98.21628869741832,0.04674884855742789,1.3946172165292126,149.97972206833518,150.0264709168926,97.48525770349758,98.8798749200268,true,false
500,20.0,150.01269618083109,101.1205936200937,0.04104093858134661,1.652766152283931,149.99711837477219,150.03815931335353,100.26399129428349,101.91675744656742,true,false
500,20.0,149.98313397350233,99.10532385707327,0.045002243669472364,1.2162727543200305,149.96713422060284,150.01213646427232,98.44779399134775,99.66406674566778,true,false
500,20.0,149.9916514106703,99.30889814255187,0.048404200840622025,1.1536334935826318,149.9736441834064,150.02204838424703,98.69900357659422,99.85263707017685,true,false
500,20.0,149.7593837818187,98.62210273837599,0.047380678431977685,1.6231214837086725,149.74187581995346,149.78925649838544,97.79975122237157,99.42287270608024,false,false
500,20.0,150.00239508616363,99.46606358876939,0.04184613206126642,1.3077082131268725,149.98642315767125,150.02826928973252,98.76447756902947,100.07218578215634,true,true
500,20.0,150.0050254243872,100.0720714740968,0.04146978429656656,1.4060417709715267,149.98976024970838,150.03123003400495,99.35425335037357,100.7602951213451,true,true
500,20.0,149.96086602181816,99.29987876853427,0.04361681386546934,1.621699208598173,149.9454311073817,149.98904792124716,98.44481347587572,100.06651268447389,false,true
500,20.0,149.9990440599685,100.74373263604852,0.043307252094479054,1.3949214023412964,149.9831179782528,150.0264252303473,100.01311232269917,101.40803372504047,true,false
500,20.0,149.9464632527471,97.6023600252908,0.047823269619726716,1.7230974746843373,149.92861183097446,149.9764351005942,96.71857283040552,98.44167030508986,false,false
500,20.0,150.02288280000516,102.4439070617379,0.04136217851043966,1.3928997700570989,150.00738662083955,150.04874879935,101.72477465633332,103.11767442639042,false,false
500,20.0,150.0208016790992,100.74278517640487,0.04281244203528445,1.6764738238593395,150.006007910434,150.04882035246928,99.90030863386002,101.57678245771936,false,true
500,20.0,149.99481139877227,98.52160616910382,0.04809130166540854,1.6177561407385213,149.9770920710007,150.0251833726661,97.66479195851312,99.28254809925164,true,false
500,20.0,150.00335759879573,100.75960958476767,0.04117545955540436,1.0499821521066366,149.9875966698354,150.0287721293908,100.18502977992432,101.23501193203096,true,false
500,20.0,149.98744297578082,98.71876011441839,0.04627615378157657,1.4154080870211772,149.97056307744757,150.01683923122914,97.96027327365621,99.37568136067739,true,false
500,20.0,150.02004119403898,99.45598577666105,0.04539803302364476,1.3556771424112242,150.00326402791148,150.04866206093513,98.73477790131128,100.0904550437225,false,true
500,20.0,149.98151351422297,101.94712499717079,0.043543315910795855,1.6314425673280368,149.9654555094938,150.0089988254046,101.09699035287532,102.72843292020336,true,false
500,20.0,149.97942703505737,98.62057336975792,0.04662050218320246,1.7291523214105382,149.96224461461065,150.00886511679386,97.7384635365504,99.46761585796094,true,false
500,20.0,149.9608608416441,101.77062029421103,0.04342957420203675,1.5318768921045631,149.94472888332933,149.98815845753137,101.00081518318865,102.53269207529321,false,false
500,20.0,150.0134137949339,101.17073320505341,0.04348810387077151,1.5270795287345464,149.99695938076673,150.0404474846375,100.36639295031681,101.89347247905135,true,false
500,20.0,149.9224149910542,101.03500943317285,0.04335911451920538,1.5787039693491778,149.90636916183058,149.9497282763498,100.20859545165713,101.78729942100631,false,false
500,20.0,150.0023544696021,100.9683138598849,0.044516824314683845,1.443928642378708,149.98512579540656,150.02964261972124,100.2055444527681,101.6494730951468,true,false
500,20.0,150.0026190053335,99.71261198988051,0.04509700943850703,1.5270730574561355,149.985901423141,150.0309984325795,98.93873942761836,100.4658124850745,true,true
500,20.0,150.01843402796428,100.84935356662251,0.04677729623611526,1.4878751431790675,150.0016487644432,150.0484260606793,100.08994725034779,101.57782239352686,false,false
500,20.0,150.01911163783052,100.0078011787993,0.04574111709248996,1.525855412744903,150.00197656422336,150.04771768131585,99.20748070851442,100.73333612125933,false,true
500,20.0,150.02010711895144,100.41422898253003,0.046369887345520056,1.6489311362951042,150.00270243694598,150.0490723242915,99.53399143267191,101.18292256896702,false,true
500,20.0,150.01583314301644,100.95639918262754,0.04419715868934304,1.372792206759172,149.9990180246937,150.04321518338304,100.22670405697383,101.599496263733,true,false
500,20.0,150.00680591771197,103.22058027904615,0.04272972778574058,1.4921518359489028,149.99087038137264,150.03360010915839,102.43687907831412,103.92903091426302,true,false
500,20.0,149.98744897600943,100.096975698109,0.04410118329053603,1.6473654232571704,149.97126370980232,150.01536489309285,99.24135743677914,100.88872286003631,true,true
500,20.0,149.89809162465656,99.39741090991654,0.04631774117345344,1.6872065508203775,149.88120971021215,149.9275274513856,98.53021997615758,100.21742652697796,false,true
500,20.0,149.92073806690706,100.2297416670933,0.04376437647295006,1.584509725663338,149.9045614706223,149.94832584709525,99.41830778096073,101.00281750662407,false,true
500,20.0,149.9814775673131,98.91143833282399,0.045800785607127636,1.6082920373489173,149.9637887195143,150.00958950512143,98.08187681476268,99.6901688521116,true,false
500,20.0,149.8362410326858,100.28865342339725,0.04717641690245955,1.6821334993397414,149.8189026286967,149.86607904559915,99.41527428065683,101.09740777999657,false,true
500,20.0,149.90637020288858,99.25316450287934,0.044562395278745726,1.391901249551509,149.89097494820388,149.93553734348262,98.55363835450181,99.94553960405332,false,false
500,20.0,149.87324300328584,100.42896255095198,0.044705979424890074,1.4601259776510034,149.8569424004286,149.9016483798535,99.67399248924521,101.13411846689621,false,true
500,20.0,149.99118931649755,100.46802232896596,0.042573774950597,1.245698284997431,149.97559299541632,150.01816677036692,99.7887208450282,101.03441913002563,true,true
500,20.0,149.79203696568928,98.43217430752338,0.046120943754175414,1.5462983965424257,149.77441612765054,149.82053707140471,97.60779611694714,99.15409451348957,false,false
500,20.0,149.98077322693825,101.75985567174673,0.04261395330794926,1.607257402872733,149.96511655336784,150.00773050667578,100.94156725669723,102.54882465956996,true,false
500,20.0,149.973432530776,99.89238605878933,0.04485332728029334,1.5932612827913744,149.9568195198334,150.0016728471137,99.09432081770562,100.687582100497,true,true
500,20.0,150.00481306459562,102.41281336609984,0.04153362492914425,1.3647245099354421,149.9889861108657,150.03051973579485,101.70617042158463,103.07089493152007,true,false
500,20.0,150.00985372644652,101.0719502190399,0.04304457782654936,1.4177418907742094,149.99381129392523,150.03685587175178,100.32111609342633,101.73885798420054,true,false
500,20.0,149.99758337261255,100.48345148394625,0.04522890706692806,1.2495616572730057,149.98011521752062,150.02534412458755,99.81931266973135,101.06887432700435,true,true
500,20.0,149.99756000729445,100.41276132243868,0.04153617837280876,1.577317725617192,149.98193922803083,150.02347540640363,99.60999018899892,101.18730791461611,true,true
500,20.0,149.96291590923715,99.65524715163522,0.0463581906827244,1.5518913535554901,149.94622091799084,149.99257910867357,98.86139901946092,100.41329037301641,false,true
500,20.0,149.9891546636254,100.09266407464523,0.04242491594726516,1.5308613640662685,149.97301033019235,150.01543524613962,99.2991677609026,100.83002912496887,true,true
500,20.0,149.95392281945135,100.20165781373015,0.042291802858329675,1.4788901565098485,149.9388746480353,149.98116645089362,99.42979512307744,100.90868527958729,false,true
500,20.0,149.99915835710905,100.35989684849484,0.04182228538169852,1.5319535969014453,149.98385180596864,150.02567409135034,99.5680626152998,101.10001621220124,true,true
500,20.0,150.01643284192264,102.20490412148095,0.04210235928812267,1.5070833553970004,150.0007705572534,150.0428729165415,101.46081249680303,102.96789585220003,false,false
500,20.0,149.9819564984981,98.427448799764,0.04603433557068115,1.6367071094429093,149.96469738405148,150.01073171962216,97.53955929468852,99.17626640413143,true,false
500,20.0,149.9353115917841,99.97052825233762,0.04631051683188048,1.1028364576362577,149.91880733377275,149.96511785060463,99.38158519717085,100.48442165480711,false,true
500,20.0,150.02503987887002,99.80229764865496,0.04467233249670244,1.4705835936978815,150.00856564152872,150.05323797402542,99.01554400235332,100.4861275960512,false,true
500,20.0,150.01862648071997,99.82293702020287,0.043477515884688955,1.3788966914083716,150.0031742225978,150.0466517384825,99.09577444797824,100.47467113938661,false,true
500,20.0,150.01117150843015,100.87798787855755,0.04261843769225493,1.7183384238312982,149.99529214521598,150.03791058290824,99.97430261974176,101.69264104357306,true,true
500,20.0,149.96650897832092,99.56484138665967,0.0459099863653023,1.356776483677848,149.95016670227778,149.9960766886431,98.85517786553403,100.21195434921188,false,true
500,20.0,150.02190624342057,101.477082151231,0.040498249606429226,1.4146024567086783,150.00677001668953,150.04726826629596,100.73278263312312,102.1473850898318,false,false
500,20.0,150.01614038876176,99.6674609743627,0.04347129638679803,1.6741225358250347,150.00026194023653,150.04373323662332,98.8263133197718,100.50043585559683,false,true
500,20.0,149.95977855320118,99.83293584175318,0.043939636003386795,1.2233594667301162,149.94369957408213,149.98763921008552,99.17977892110981,100.40313838783993,false,true
500,20.0,149.97919910743326,99.92731007756862,0.04548605165749109,1.5012484200634475,149.961966463994,150.0074525156515,99.12507679379858,100.62632521386203,true,true
500,20.0,149.92605257220458,99.85024150741842,0.04556435587349483,1.5570642731120188,149.9087346347711,149.9542989906446,99.01152001730205,100.56858429041407,false,true
500,20.0,149.98390210790132,99.15481179303576,0.04348100406929234,1.6849545829141874,149.9678454583692,150.0113264624385,98.26204128476223,99.94699586767642,true,false
500,20.0,149.99507166192166,100.80212559203035,0.04327092483896422,1.337020634696188,149.97893158102022,150.02220250585918,100.10997559642391,101.4469962311201,true,false
500,20.0,149.98279050203922,99.53137500208214,0.04479761128237669,1.5901039927039449,149.96616597373713,150.0109635850195,98.67644131154037,100.26654530424432,true,true
500,20.0,149.999498287314,101.85395459092507,0.040459176947621245,1.605078224047773,149.98460734544915,150.02506652239677,101.0545222372868,102.65960046133458,true,false
500,20.0,149.9596539960985,101.16716725627376,0.04099877550237352,1.3972848272233307,149.9444514038297,149.98545017933208,100.45624088539788,101.8535257126212,false,false
500,20.0,149.98627831744773,98.72149382817963,0.043412090665981395,1.5860651425277865,149.97077430086304,150.01418639152902,97.90423065460351,99.4902957971313,true,false
500,20.0,149.99867506667024,99.18434407248012,0.04401236714741685,1.421779858731,149.98270300739722,150.02671537454464,98.43814455702432,99.85992441575532,true,false
500,20.0,149.94585824200826,100.47739270762679,0.044459139497973865,1.6486880529704848,149.9292344387179,149.9736935782159,99.62714116216824,101.27582921513873,false,true
500,20.0,149.99043492505086,98.80489905690109,0.044105010481587215,1.6498994120397867,149.97415639755212,150.0182614080337,97.93918061769944,99.58908002973922,true,false
500,20.0,149.96773496275597,101.56966398508686,0.04485573413219868,1.3432686054601959,149.9518701156325,149.9967258497647,100.84429454997306,102.18756315543325,false,false
500,20.0,150.01701905618265,100.14174819351149,0.04359857054808458,1.6641774166521373,150.00107225573512,150.0446708262832,99.30276732190914,100.96694473856128,false,true
500,20.0,150.0212053788752,99.29216409410185,0.04362910032651257,1.6694103759671322,150.00545934655693,150.04908844688345,98.42394044767701,100.09335082364414,false,true
500,20.0,150.0205075452049,101.57293488210922,0.041691084122874145,1.7065873363564634,150.00616637554464,150.0478574596675,100.67986694853273,102.3864542848892,false,false
500,20.0,149.97766821986085,99.98333396339342,0.04469365960400751,1.4342309463122405,149.9614543507884,150.0061480103924,99.21991618692938,100.65414713324162,true,true
500,20.0,150.0058527161627,99.42692733413541,0.04542135758151744,1.4785035144703045,149.98864926685815,150.03407062443966,98.67094547156873,100.14944898603903,true,true
500,20.0,150.02097401781884,98.74910262767179,0.04395738952962347,1.691508152206211,150.00473056946026,150.0486879589899,97.87549170905947,99.56699986126569,false,false
500,20.0,149.95166179125914,101.55455421364573,0.03903583759543494,1.572964544301243,149.93711465914663,149.97615049674206,100.74950367120289,102.32246821550413,false,false
500,20.0,149.8813260655906,101.5667960964097,0.044617414832970326,1.6111149892700922,149.86534858593402,149.90996600076699,100.71804799202691,102.329162981297,false,false
500,20.0,150.02349652639825,102.07123806394713,0.04122557703087182,1.5915151444501134,150.00762746708995,150.04885304412082,101.2470523566534,102.83856750110351,false,false
500,20.0,150.0223175365117,98.00485554080151,0.04255886421285027,1.7810244531039956,150.0064752499383,150.04903411415114,97.08416273272856,98.86518718583255,false,false
500,20.0,150.02533808532962,97.87266603506075,0.04500766737064055,1.7281240587323623,150.0082837461245,150.05329141349515,96.98375500014359,98.71187905887595,false,false
500,20.0,150.00754991944143,99.9971253886709,0.04424453564442388,1.6210937662130647,149.99112046189452,150.03536499753895,99.14494997167633,100.76604373788939,true,true
500,20.0,149.95519701422478,99.9866476495942,0.04382774734514783,1.512761624682014,149.93865113309644,149.9824788804416,99.21379861189186,100.72656023657387,false,true
500,20.0,149.84705635898575,102.16264232456629,0.04129150247214852,1.195995957875141,149.8311709204673,149.87246242293944,101.51196599610684,102.70796195398198,false,false
500,20.0,149.99455827637075,100.45420374038923,0.04392814228938846,1.7766416684363264,149.97823957471317,150.02216771700256,99.5449885601858,101.32163022862213,true,true
500,20.0,149.90510512887485,100.71459405526139,0.04321845088520604,1.6071509005555242,149.88876456987964,149.93198302076485,99.86827418962137,101.4754250901769,false,true
500,20.0,149.97388026386687,100.74690062613641,0.042645990745540985,1.5796460977795022,149.95746783995327,150.0001138306988,99.91570580695756,101.49535190473706,true,true
500,20.0,149.9921334966408,98.95534887179326,0.04543505807919246,1.6286908853472681,149.97521140619008,150.02064646426928,98.10806056057739,99.73675144592465,true,false
500,20.0,149.98034940601002,99.0550341795865,0.04741456957552259,1.4070438899176452,149.96234890668765,150.00976347626317,98.31186685003951,99.71891073995715,true,false
500,20.0,150.02544135057235,100.12121319522456,0.04222082255398618,1.5554208395766693,150.0098657998951,150.05208662244908,99.3060803818661,100.86150122144277,false,true
500,20.0,150.02050307494716,100.40231030337225,0.04384681891957598,1.4678734703141458,150.00418767220444,150.048034491124,99.65211903834256,101.11999250865671,false,true
500,20.0,150.01307799992546,100.60907462903337,0.04078074700527168,1.3707618418972487,149.99799131685808,150.03877206386335,99.8656650689431,101.23642691084035,true,true
500,20.0,150.0087715164447,98.9471629594824,0.04115964874827682,1.3571076671303075,149.99349330376714,150.03465295251542,98.20374166229097,99.56084932942127,true,false
500,20.0,149.97804444973133,102.26970017695766,0.04263684077966445,1.1759072713652614,149.96193570315162,150.0045725439313,101.64892561108736,102.82483288245263,true,false
500,20.0,150.02464849219768,100.08130581950257,0.042568716857459776,1.6312500580955742,150.00867981156148,150.05124852841894,99.2345118692149,100.86576192731047,false,true
500,20.0,149.98341155799835,99.54567876473945,0.044732738967695695,1.7045856860092812,149.96596454133885,150.01069728030654,98.68437585247699,100.38896153848627,true,true
500,20.0,150.02529402418753,99.26594055964344,0.042878757388791655,1.6124550228366559,150.00978939779696,150.05266815518576,98.43941490887948,100.05186993171614,false,true
500,20.0,150.02127833833262,101.4805883860565,0.0415152495818063,1.340836432852953,150.0053315466347,150.0468467962165,100.78680097464468,102.12763740749763,false,false
500,20.0,149.98570070636316,101.09167174616425,0.04475182153933588,1.6971462092222396,149.96829377351338,150.01304559505272,100.2000304899653,101.89717669918754,true,false
500,20.0,150.00423260859736,100.29320369631785,0.04237048502204743,1.7600420927905134,149.98805697280721,150.03042745782926,99.37881931008496,101.13886140287548,true,true
500,20.0,149.99523881700705,100.98449191703612,0.04169663151452596,1.5735616791243672,149.97999810729397,150.0216947388085,100.17850016932692,101.75206184845129,true,false
500,20.0,149.95956393253135,101.48522256699607,0.041422757872169313,1.6238903624813474,149.9438024387773,149.98522519664948,100.6586162538422,102.28250661632354,false,false
500,20.0,150.01800489854875,99.15095304684968,0.047697498484723155,1.613918550541655,150.00031368454765,150.04801118303237,98.31032963066434,99.924248181206,false,false
500,20.0,149.97968345782965,100.01563415222812,0.045104851263744195,1.5314763726312322,149.96274499582339,150.00784984708713,99.22975538934529,100.76123176197652,true,true
500,20.0,149.97953330629133,100.00590099533767,0.046180089611510766,1.6849405391942014,149.9612294487311,150.0074095383426,99.15032456054576,100.83526509973996,true,true
500,20.0,150.0213549280499,100.65542954910448,0.04242050726628577,1.5418599292230226,150.0049679435432,150.04738845080948,99.85025602782592,101.39211595704894,false,true
500,20.0,149.97411145460856,100.5166575071611,0.04432438499350155,1.650606747219726,149.9578742072409,150.0021985922344,99.66430931543587,101.3149160626556,true,true
500,20.0,150.0190278500922,98.98077401381181,0.04269444818916668,1.711492678011382,150.00334602679715,150.0460404749863,98.1040912661532,99.81558394416459,false,false
500,20.0,150.01556006462602,99.9305158560143,0.042609969659508806,1.316310954023976,149.9997135568076,150.0423235264671,99.2240104501914,100.54032140421538,true,true
500,20.0,149.96932885543436,100.64664864687569,0.04238189197758402,1.351490254639785,149.9531614274276,149.9955433194052,99.96986937352797,101.32135962816776,false,true
500,20.0,150.01583749149304,102.85908509554866,0.04165438375136432,1.6541379033617147,150.00061376583338,150.04226814958474,101.99625578366457,103.65039368702628,false,false
500,20.0,150.01653413577225,102.8550477554669,0.04058094782041621,1.657093091594561,150.00198331104832,150.04256425886874,101.99278321572082,103.64987630731538,false,false
500,20.0,150.01076434729328,99.02639550446925,0.04549370592448554,1.4079434290794097,149.99419477769467,150.03968848361916,98.27157044497473,99.67951387405414,true,false
500,20.0,150.00826546098872,100.4026322713364,0.046759811606790436,1.3432212981844032,149.9911677523018,150.0379275639086,99.70856522612996,101.05178652431437,true,true
500,20.0,149.93530895512583,99.30733830716315,0.046924649189065804,1.5460717998143991,149.91823483388458,149.96515948307365,98.49367179673168,100.03974359654607,false,true
500,20.0,150.0239371307407,100.41630686874514,0.04628763057345964,1.693048861813594,150.0077047036079,150.05399233418137,99.55592807728883,101.24897693910242,false,true
500,20.0,150.00004630542406,99.74364916371763,0.04758151615249062,1.3876310540264,149.98209708487178,150.02967860102427,99.00481968082836,100.39245073485476,true,true
500,20.0,150.03042021336051,99.17199621679133,0.0483465650072219,1.7455732768321184,150.0122122697848,150.06055883479203,98.28418600349708,100.0297592803292,false,true
500,20.0,150.01126668476286,101.59565070864687,0.04126814797044176,1.5769796423633267,149.9956786834625,150.03694683143294,100.78313033073037,102.3601099730937,true,false
500,20.0,150.01501341737867,98.74523124959686,0.046431569303308606,1.7784896368861922,149.99777954814166,150.04421111744497,97.8342576171781,99.61274725406429,true,false
500,20.0,150.00765831876097,100.24406239019154,0.04692719183574923,1.6057199052301883,149.99056410879714,150.0374913006329,99.41980954706537,101.02552945229556,true,true
500,20.0,149.9791074588721,101.22310241648634,0.039775350223351325,1.6940816754073182,149.96490635248753,150.00468170271088,100.3632267627722,102.05730843817952,true,false
500,20.0,150.0134039544581,100.08207192243566,0.04291880448340635,1.5367575079755795,149.9975926947517,150.0405114992351,99.26848189327464,100.80523940125022,true,true
500,20.0,150.02620353201866,98.46413639300856,0.048791068786471214,1.8274671891159358,150.00775523031376,150.05654629910023,97.52866409694207,99.356131286058,false,false
500,20.0,149.99499292892034,102.22937295546424,0.040610101076850924,1.5059100864253736,149.98008521381874,150.0206953148956,101.4588073632182,102.96471744964357,true,false
500,20.0,149.9854963953981,101.96500737351451,0.0408997674033742,1.6248528506572057,149.97000100048,150.01090076788338,101.1482463079215,102.7730991585787,true,false
500,20.0,149.97736673896668,100.08966137340519,0.046743752641305036,1.624252699785501,149.95977581067314,150.00651956331444,99.24143688690552,100.86568958669102,true,true
500,20.0,150.0073668782768,100.55831976148161,0.04349860359573654,1.4776826872084285,149.9913887965745,150.03488740017025,99.7602893469339,101.23797203414233,true,true
500,20.0,149.94939203575848,99.33248162661715,0.04336597254760477,1.577555529393095,149.93375657564786,149.97712254819547,98.51229779002946,100.08985331942256,false,true
500,20.0,150.02200670763884,103.15815425705034,0.0427872625260477,1.3982983794609538,150.0064094063386,150.04919666886465,102.4161052123096,103.81440359177056,false,false
500,20.0,149.91310958526407,99.60255401883376,0.04299081617239153,1.7170942350562513,149.8967984057426,149.939789221915,98.75635344950577,100.47344768456202,false,true
500,20.0,150.01302899155388,100.70596056144623,0.04217010204905591,1.469540009928835,149.997616207312,150.03978630936106,99.92736738398875,101.39690739391759,true,true
500,20.0,150.00222906187787,99.65564194020465,0.044098461636139064,1.5176335338293825,149.98637311412833,150.03047157576447,98.84839853456012,100.3660320683895,true,true
500,20.0,149.91657522263608,100.23877571330709,0.042710660335160355,1.46493067154843,149.9010218786334,149.94373253896856,99.47497388542479,100.93990455697322,false,true
500,20.0,150.02641156294857,99.83279800670488,0.043628481255581164,1.5822703328604035,150.010151409496,150.05377989075157,99.01353858146446,100.59580891432486,false,true
500,20.0,149.99561272735576,99.71308865696301,0.04394713401092076,1.4579039631064603,149.97970941369726,150.02365654770819,98.93494885559538,100.39285281870184,true,true
500,20.0,149.99357614639214,99.94528411271278,0.0444324883494005,1.6103912573817638,149.9759169075018,150.0203493958512,99.11437983026794,100.7247710876497,true,true
500,20.0,149.98489193489854,99.93576425813248,0.044298161465775365,1.5536681157402938,149.9679758733731,150.01227403483887,99.12056975935737,100.67423787509766,true,true
500,20.0,150.00126105241208,100.32528367188002,0.04429222155590651,1.5098276597824878,149.98560020523905,150.02989242679496,99.5516987700536,101.06152642983609,true,true
500,20.0,150.01582657306818,99.89221606516318,0.04273645783422353,1.588035424462447,149.99979569240247,150.0425321502367,99.0513583110977,100.63939373556015,true,true
500,20.0,149.9639399700427,101.26825262589486,0.04132887196917068,1.5189167822107237,149.9487242725152,149.99005314448436,100.4919827344296,102.01089951664032,false,false
500,20.0,150.00949124618458,100.65629717319054,0.0445659879618745,1.6257984655967164,149.99301727447548,150.03758326243735,99.80620395487628,101.432002420473,true,true
500,20.0,149.966818454737,99.46241180844207,0.04329812279323164,1.5480910892621864,149.9500963233139,149.99339444610712,98.66139925533165,100.20949034459383,false,true
500,20.0,149.93455584605266,98.56483418289639,0.04711423853279939,1.68483999223605,149.9175628206679,149.9646770592007,97.67127980201005,99.3561197942461,false,false
500,20.0,149.94686971628886,99.40659275552837,0.04583832966196155,1.7252587235066272,149.92985234794273,149.9756906776047,98.50232863045032,100.22758735395695,false,true
500,20.0,150.0098514332949,99.49150677277791,0.044192711079432456,1.391445336575714,149.99360824774868,150.03780095882811,98.75619473232415,100.14764006889986,true,true
500,20.0,149.98139053972133,100.73145060609494,0.04655382940515551,1.6341987978812114,149.96407453417007,150.01062836357522,99.88495364863002,101.51915244651123,true,true
500,20.0,150.0229993710529,97.50029142307446,0.046490914295873154,1.844090261876488,150.00642757547007,150.05291848976594,96.51739433442015,98.36148459629663,false,false
500,20.0,150.02182155986833,101.64837616125655,0.04395374574855282,1.5100013359253524,150.00576652748802,150.04972027323657,100.87120174365715,102.3812030795825,false,false
500,20.0,149.9721242731063,99.42387768701319,0.04343876192325524,1.0456284968486926,149.9566329280225,150.00007168994574,98.81288425518832,99.85851275203702,true,false
500,20.0,150.023190334964,99.80118096399666,0.04443501826631291,1.6352197209149608,150.00666738794484,150.05110240621116,98.96326654147882,100.59848626239378,false,true
500,20.0,149.9781781045644,98.35757440934933,0.04455905803226301,1.6593294231322488,149.96260086418334,150.0071599222156,97.49722842411012,99.15655784724237,true,false
500,20.0,149.98842762376117,100.16253235143465,0.04305353840376824,1.622028180247284,149.97253261980202,150.0155861582058,99.32889383705975,100.95092201730704,true,true
500,20.0,149.9561140314505,101.25475562810584,0.04255584826805148,1.6768951603862092,149.94017753036744,149.9827333786355,100.39884171182382,102.07573687221003,false,false
500,20.0,150.02001358530532,102.45420877459567,0.04065587871966159,1.5754313035061216,150.00463495452672,150.04529083324638,101.60245341220903,103.17788471571515,false,false
500,20.0,149.85245444071157,100.08624960359124,0.04488800982653629,1.621519796612077,149.83623879894066,149.8811268087672,99.26739118805584,100.88891098466792,false,true
500,20.0,150.02153205282093,99.93438859256416,0.04591550388988708,1.3838985476367753,150.00476282731995,150.05067833120984,99.16115592180896,100.54505446944573,false,true
500,20.0,150.00817845947506,99.50926021691016,0.045282307264074007,1.6311901452738198,149.9913624102516,150.03664471751568,98.67959661718697,100.3107867624608,true,true
500,20.0,150.02055329849583,100.95999611412212,0.042322384882481856,1.4302950800360463,150.00532804358556,150.04765042846805,100.19701051675021,101.62730559678626,false,false
500,20.0,149.99477967641008,100.72028069113907,0.04089020780779151,1.5849532697834974,149.98037570588346,150.02126591369125,99.88970977611005,101.47466304589355,true,true
500,20.0,149.89404618650357,99.96464271276558,0.042868188603961244,1.7182340481823388,149.87785623689865,149.9207244255026,99.09078457382975,100.80901862201209,false,true
500,20.0,149.95156702416068,99.56249592981203,0.04399341715966898,1.1788384075634895,149.93504321167117,149.97903662883084,98.90939665586524,100.08823506342873,false,true
500,20.0,149.96530036796466,101.0863970535447,0.045367203409966805,1.424658215775409,149.9490768377666,149.99444404117656,100.36800714182552,101.79266535760092,false,false
500,20.0,149.99508083475996,99.34958833284789,0.044916698563298496,1.5139494417085047,149.97840327156828,150.02331997013158,98.5854114511307,100.0993608928392,true,true
500,20.0,149.99860467712747,99.96188882615279,0.04261042526590586,1.3413827491032322,149.98295488850997,150.02556531377587,99.2836652363182,100.62504798542143,true,true
500,20.0,149.94289696481457,100.14960233232333,0.04291036923339675,1.6553891159529428,149.926922656106,149.9698330253394,99.28087616223145,100.9362652781844,false,true
500,20.0,149.9833897947557,98.91194825035932,0.043335437365698226,1.7670516272952739,149.96822089796706,150.01155633533276,98.0066061629817,99.77365779027697,true,false
500,20.0,150.0208929072832,100.03617579739128,0.04658168875872093,1.5596595323808629,150.00304156884582,150.04962325760454,99.24852286507704,100.8081823974579,false,true
500,20.0,150.01102467019425,97.83204635642004,0.04581107011489394,1.5568549069235758,149.99413345873037,150.03994452884527,97.0416885766364,98.59854348355998,true,false
500,20.0,149.99706805606294,100.76256753853392,0.04260727028363931,1.4946046492473357,149.9811610542524,150.02376832453604,99.99284497223817,101.48744962148551,true,true
500,20.0,149.92492167261912,99.95929663778266,0.04377544079926565,1.4136104906057625,149.90875209006077,149.95252753086004,99.23493066762147,100.64854115822723,false,true
500,20.0,150.01680274072805,99.523342832184,0.04558805567410218,1.2560314615413262,149.99988673700233,150.04547479267643,98.84016355590249,100.09619501744382,true,true
500,20.0,150.028411232215,99.77823549346805,0.04567164094032705,1.694646184233278,150.01186263419044,150.05753427513076,98.91515703814846,100.60980322238174,false,true
500,20.0,149.98582197806752,101.09031685112346,0.03968585708690853,1.5162355996033625,149.97118047720653,150.01086633429344,100.2911526877449,101.80738828734826,true,false
500,20.0,150.01071837487723,98.78106461503506,0.044633767078209985,1.629251409721718,149.99378126102084,150.03841502809905,97.89435064230364,99.52360205202535,true,false
500,20.0,149.96753944456978,100.33782875719365,0.04719552731376098,1.6647990118837868,149.9503196721589,149.99751519947267,99.50355593305382,101.1683549449376,false,true
500,20.0,150.0163800158199,100.65491241630914,0.04334905601172068,1.4527030790725348,149.9998949590231,150.04324401503482,99.88913105940725,101.34183413847978,true,true
500,20.0,150.022831298508,99.26750200729033,0.0458456381685437,1.5641747308388858,150.0065463728828,150.05239201105135,98.47665944725844,100.04083417809733,false,true
500,20.0,149.9817373725287,99.18206503092459,0.045175493839536784,1.7183903717126157,149.96490910043627,150.0100845942758,98.2900471415988,100.00843751331142,true,true
500,20.0,149.91867440122348,100.33096276919602,0.04517142769424254,1.488280960862312,149.90276570307623,149.94793713077047,99.53473483169252,101.02301579255483,false,true
500,20.0,150.01616444199885,100.12223029561287,0.044972379940844576,1.704236222039114,149.99945198972938,150.04442436967022,99.236404516983,100.94064073902211,true,true
500,20.0,149.97458389384573,99.73928552592153,0.04449609046238834,1.154444550516459,149.95777068407995,150.00226677454233,99.1009973684229,100.25544191893935,true,true
500,20.0,149.98616136981215,99.37235812317121,0.04397389528065787,1.6745128156592273,149.96986650736494,150.0138404026456,98.49188811255294,100.16640092821217,true,true
500,20.0,150.0083759778157,99.42029453662619,0.047236806422773725,1.5372794151599862,149.99084721655365,150.03808402297642,98.60431597177072,100.1415953869307,true,true
500,20.0,149.98788058409838,100.30962809349101,0.04358452454786743,1.2556748164697211,149.972467691464,150.01605221601187,99.62566475910816,100.88133957557788,true,true
500,20.0,149.9796146396448,101.79666488616803,0.04253677476370399,1.5701673689708429,149.96465801688737,150.00719479165107,101.00017831507193,102.57034568404278,true,false
500,20.0,150.0098770797826,100.36136488026418,0.04361301639181647,1.433736340589192,149.9942503474515,150.03786336384331,99.62094332311855,101.05467966370774,true,true
500,20.0,149.90714542302936,99.0702732858091,0.04583300031521276,1.7175516923948067,149.88952327125492,149.93535627157013,98.16021356356474,99.87776525595955,false,false
500,20.0,149.90256635662723,99.34607713007279,0.04589583440335332,1.665727526075102,149.8848629574589,149.93075879186225,98.48474546461027,100.15047299068537,false,true
500,20.0,149.99727388169015,98.0111379642997,0.04468763364045003,1.682281871756416,149.9803923619273,150.02507999556775,97.14337021021923,98.82565208197565,true,false
500,20.0,150.00483708934058,99.65231721559817,0.04801928775461306,1.5746588763159082,149.98744643230498,150.0354657200596,98.84981317181672,100.42447204813263,true,true
500,20.0,150.0078000416394,101.61831827076489,0.040920940522852334,1.5290422107047732,149.99216716020888,150.03308810073173,100.82612438280825,102.35516659351302,true,false
500,20.0,150.0042576531282,98.93136345308983,0.04536399327213303,1.81427904442684,149.98771538910782,150.03307938237995,98.0154640261568,99.82974307058365,true,false
500,20.0,150.02013963391863,98.71724462700473,0.043518865798859,1.7844956053555308,150.00443793793175,150.0479568037306,97.8108494244886,99.59534502984413,false,false
500,20.0,149.99411762149373,99.07556870589605,0.046927432885382814,1.614098785302076,149.97708201920815,150.02400945209354,98.22645928713274,99.84055807243482,true,false
500,20.0,150.01793137326274,100.19467235147695,0.04408859591413261,1.7400370527416555,150.0014293263437,150.04551792225783,99.30481772966291,101.04485478240457,false,true
500,20.0,150.0011079586116,100.31485899789843,0.043123124710206184,1.1040060284741315,149.98491255606208,150.0280356807723,99.74353132018659,100.84753734866072,true,true
500,20.0,150.01276664686497,98.5917638411687,0.04582401837123484,1.690981304941019,149.99621844353786,150.0420424619091,97.70299385265311,99.39397515759413,true,false
500,20.0,150.01885929107442,100.90606307325194,0.044873599230925265,1.7736136567143035,150.00278869651905,150.04766229574997,99.97577345257741,101.74938710929172,false,true
500,20.0,150.0184449137252,101.7448954001029,0.046143281019851656,1.2995463994145524,150.00151635242892,150.04765963344877,101.02976544908213,102.32931184849669,false,false
500,20.0,149.9791176417517,101.07382295164226,0.039966480334072685,1.4290677013299415,149.9643016486434,150.0042681289775,100.32200750153568,101.75107520286562,true,false
500,20.0,149.94373317126752,100.03175313310078,0.04202059614527798,1.3710340870354116,149.9283189285578,149.97033952470306,99.32589419432409,100.6969282813595,false,true
500,20.0,150.01527171060667,101.16633068064935,0.04195044616329824,1.4601715328298326,149.99910944734756,150.04105989351086,100.40059090806666,101.8607624408965,true,false
500,20.0,149.99150481200246,100.03715031183393,0.045688204553187006,1.3753193019513503,149.97520800976994,150.02089621432313,99.29717706973953,100.67249637169088,true,true
500,20.0,150.00918963186035,99.99364266290588,0.04322938494297546,1.3786499929710345,149.9926910539696,150.03592043891257,99.2698600846809,100.64851007765193,true,true
500,20.0,149.99291632935012,98.36502544471776,0.04307281742313762,1.7097065561947318,149.97678222510802,150.01985504253116,97.47483921448773,99.18454577068246,true,false
500,20.0,150.0110959513625,100.85396081852487,0.04488447225236314,1.6415866463495519,149.9936212398796,150.03850571213195,100.02264439845507,101.66423104480462,true,false
500,20.0,149.9614610498898,99.85978373626762,0.04212272116856752,1.5270716844870122,149.946522241034,149.98864496220256,99.0528682021984,100.57993988668541,false,true
500,20.0,150.00187885792712,100.30565414183039,0.04331483928157809,1.79055365922882,149.98535961860495,150.02867445788652,99.3971167926075,101.18767045183633,true,true
500,20.0,150.02548408038143,100.49809147538637,0.045919093280389234,1.6756379106108028,150.00860692815434,150.05452602143473,99.61361368234525,101.28925159295605,false,true
500,20.0,149.96802282111523,101.69825433805616,0.03947015456901681,1.6404816942713438,149.95353329574255,149.99300345031156,100.8519501957699,102.49243189004125,false,false
500,20.0,149.9515195044606,97.86983993278889,0.04636176240336454,1.6249883456724632,149.9343775067922,149.98073926919557,97.00795760240291,98.63294594807537,false,false
500,20.0,150.01417152523658,102.56483594580433,0.04173566108013915,1.368180543593411,149.9983765902917,150.04011225137185,101.8495239661116,103.21770450970502,true,false
500,20.0,149.9493434603835,100.25190778017739,0.04285190648957382,1.4489188980581247,149.93377926543178,149.97663117192135,99.45500844758264,100.90392734564077,false,true
500,20.0,150.01047300321449,100.48825986480465,0.044651257955450774,1.5334994448260204,149.9935848826036,150.03823614055906,99.6769808413396,101.21048028616562,true,true
500,20.0,149.92178710875385,99.26424266779085,0.046676466382052695,1.7095088938517335,149.90485756769985,149.9515340340819,98.38027609147643,100.08978498532817,false,true
500,20.0,150.02667723913407,98.37949003602142,0.04521997292832225,1.5150852614982426,150.01002026994226,150.05524024287058,97.6039202073767,99.11900546887495,false,false
500,20.0,150.01806795698968,100.32879037204873,0.04377657502141119,1.5504619812036537,150.00218777899136,150.04596435401277,99.52963458349518,101.08009656469883,false,true
500,20.0,150.02430676649658,101.72002378338794,0.044031348413568594,1.6231598031372698,150.00819326922925,150.05222461764282,100.89636237474828,102.51952217788555,false,false
500,20.0,149.9745287308673,99.36543655380464,0.04229600891147811,1.7560702493381228,149.95925134863137,150.00154735754285,98.47421520939727,100.2302854587354,true,true
500,20.0,150.02187495181002,98.63087833952575,0.044478895050730216,1.7683693885959997,150.00567234510157,150.0501512401523,97.73828498256512,99.50665437116112,false,false
500,20.0,150.01485668485287,100.27407808149357,0.044249796190769075,1.3668239929966433,149.99800950412302,150.0422593003138,99.53821610071586,100.9050400937125,true,true
500,20.0,149.97496991236414,100.5362296321662,0.04386533312637653,1.5482465887798895,149.95875838264126,150.00262371576764,99.73845053371852,101.28669712249841,true,true
500,20.0,150.00604589419103,101.57310459566833,0.04346256027537265,1.2998642790170152,149.99001518159963,150.033477741875,100.8867457238892,102.18661000290622,true,false
500,20.0,150.0238622659283,101.6437601383271,0.0443971375149772,1.6031378601605297,150.00794844051063,150.0523455780256,100.81691724346369,102.42005510362422,false,false
500,20.0,149.98483520206992,98.57008195972058,0.044474326293141075,1.723172312195146,149.96862337589937,150.0130977021925,97.68734697810322,99.41051929029837,true,false
500,20.0,150.00251800337034,98.17780691752967,0.04440623537470856,1.4895197048295614,149.98627903215112,150.03068526752583,97.4073991744161,98.89691887924566,true,false
500,20.0,149.98457007891326,100.47313447037301,0.044399919134860966,1.402888793653105,149.9677975932263,150.01219751236115,99.72502018003209,101.1279089736852,true,true
500,20.0,150.0296442814787,97.66040756663207,0.047498185674953675,1.7387422905392214,150.01204447790556,150.05954266358052,96.77707050019458,98.5158127907338,false,false
500,20.0,150.02583993602806,100.64270232030692,0.04493899580253924,1.5657242181313507,150.0095182354026,150.05445723120513,99.85154954468956,101.41727376282091,false,true
500,20.0,150.02013782068798,99.52792247331449,0.04825443010042818,1.5084750287385447,150.0026644103765,150.05091884047692,98.74179293888285,100.2502679676214,false,true
500,20.0,150.0120614870369,99.04747320563305,0.04355757344674771,1.6691877891136784,149.99551765585508,150.03907522930183,98.1849787731006,99.85416656221427,true,false
500,20.0,150.00571440462312,100.01028955407683,0.04133507476782938,1.6445510146669022,149.99079421255064,150.03212928731847,99.15584341693318,100.80039443160008,true,true
500,20.0,149.99749810060106,99.98595002861602,0.04399874690741967,1.4978382409789788,149.98124534835094,150.02524409525836,99.19761534273206,100.69545358371104,true,true
500,20.0,149.97241653039282,101.40059455407552,0.04040871183767081,1.464534494118766,149.95750798894827,149.99791670078594,100.61213166989268,102.07666616401144,false,false
500,20.0,150.0071726985613,99.30174243276011,0.04357072837274245,1.6547520765937094,149.9907648503402,150.03433557871296,98.4630545054475,100.11780658204121,true,true
500,20.0,150.01610321842136,99.753663639356,0.042742498389600314,1.767724006067354,150.0004107740918,150.0431532724814,98.85436163290831,100.62208563897566,false,true
500,20.0,149.9681964417644,98.30992172572189,0.04542883163017564,1.711233125818822,149.95170629397742,149.9971351256076,97.40860109043305,99.11983421625187,false,false
500,20.0,150.00846624985672,99.24418935552339,0.045736874826729945,1.696428860460756,149.99121478770658,150.0369516625333,98.37611709221753,100.07254595267828,true,true
500,20.0,149.9538213527834,100.65906883549519,0.04082911511164866,1.6083911279378924,149.9388161447278,149.97964525983946,99.8261139905681,101.434505118506,false,true
500,20.0,150.02095053839292,99.36250067716747,0.044755895509837273,1.0975405182863085,150.0041686678721,150.04892456338195,98.76309740224886,99.86063792053517,false,false
500,20.0,149.97509567508172,101.74224654550045,0.044147491813703255,1.6996233048592444,149.9585091197307,150.0026566115444,100.87832285490248,102.57794615976172,true,false
500,20.0,149.90769674327893,98.70481506176125,0.043815652181876885,1.699794936422009,149.89146469535729,149.93528034753916,97.84082571573283,99.54062065215484,false,false
500,20.0,149.97817815800778,100.3542189495501,0.043325182425178355,1.575685214592113,149.9626760793292,150.0060012617544,99.5361185356477,101.11180375023982,true,true
500,20.0,150.0282389637929,97.81073947827454,0.046005672175056134,1.509558559238286,150.0118921309547,150.05789780312975,97.02004591449315,98.52960447373144,false,false
500,20.0,150.01297609079813,99.32616972035342,0.04251665191455345,1.2969871769931274,149.99719177515485,150.0397084270694,98.64577990784498,99.94276708483811,true,false
500,20.0,150.0185741542684,99.48779450072949,0.04537903123275555,1.5116878997846186,150.00185951769421,150.04723854892697,98.70459790549042,100.21628580527504,false,true
500,20.0,149.99777447388635,98.53539263393282,0.04566211253828101,1.6574393021327154,149.98089062578154,150.02655273831982,97.67960193752484,99.33704123965755,true,false
500,20.0,149.95512141800003,100.82886583176983,0.040530052354483814,1.564047960384542,149.9402196573027,149.98074970965718,100.00954987805818,101.57359783844272,false,false
500,20.0,150.0207026130427,101.14794683536874,0.04596322725123514,1.5080566007348892,150.0038647405598,150.04982796781104,100.3376499676496,101.84570656838449,false,false
500,20.0,150.02705859371838,100.46639241082687,0.043310367245140924,1.595746882404228,150.0112768099613,150.05458717720643,99.63475133649035,101.23049821889458,false,true
500,20.0,149.92200256058953,100.070452585915,0.04355607226287361,1.3042232259815592,149.90599859835518,149.94955467061806,99.38051201514443,100.68473524112599,false,true
500,20.0,150.0015802147382,102.16680925012271,0.04062039577692644,1.4359711238944897,149.98689864365048,150.0275190394274,101.40322327007661,102.8391943939711,true,false
500,20.0,149.98583877015662,99.81299461866627,0.043175517297726174,1.59355014823808,149.97037708183336,150.0135525991311,98.98717979764156,100.58072994587964,true,true
500,20.0,150.01300676750304,102.01965255521574,0.04403948948808534,1.6286165229343794,149.99682134654236,150.04086083603045,101.17087800230331,102.79949452523769,true,false
500,20.0,149.95214585139104,100.59592334063134,0.041432960774670846,1.4497673961788138,149.93670842614057,149.97814138691524,99.82646089283779,101.2762282890166,false,true
500,20.0,149.99324455670225,101.30577605036564,0.043103486123868606,1.383908866690902,149.97743027794155,150.02053376406542,100.55250333989781,101.93641220658871,true,false
500,20.0,150.01255425126578,101.03078505118285,0.04355137369100248,1.6537827140323031,149.99639666350896,150.03994803719996,100.18856432018035,101.84234703421265,true,false
500,20.0,149.89980899375888,101.68786529706489,0.04489738842434576,1.3622340242401805,149.88339550198944,149.9282928904138,100.95431984625863,102.31655387049881,false,false
500,20.0,149.9972060780933,100.0654058307083,0.0444823281503659,1.6128631075740998,149.98095087057624,150.0254331987266,99.23483385773318,100.84769696530728,true,true
500,20.0,150.01813059529212,101.89296366016586,0.04244352672878904,1.6118740915360945,150.00239019935896,150.04483372608775,101.04850397212681,102.6603780636629,false,false
500,20.0,150.00132443867977,100.03053301305339,0.046409506773272824,1.7002660763374706,149.98372974120775,150.03013924798103,99.16919382518614,100.86945990152361,true,true
500,20.0,149.97096229417096,99.56019737688428,0.044166882872076485,1.6047463722238149,149.9543772920482,149.99854417492028,98.70743675580626,100.31218312803007,false,true
500,20.0,150.00198922564448,100.60141186059691,0.0437526580141423,1.2946098743607592,149.98631548701897,150.0300681450331,99.90436269205941,101.19897256642017,true,true
500,20.0,150.00835483083102,99.8013450984175,0.044137747429346064,1.1763063037124368,149.9920220153658,150.03615976279514,99.16621713148943,100.34252343520187,true,true
500,20.0,150.00705791711147,99.32443886710595,0.04888849439481646,1.802684623583474,149.98903503074524,150.03792352514006,98.3757497270455,100.17843435062898,true,true
500,20.0,149.99333537236222,99.36517329895244,0.04285459672090042,1.65696447857394,149.977584901902,150.0204394986229,98.52651639877871,100.18348087735265,true,true
500,20.0,149.98716266878267,101.80875539627051,0.04548468017583218,1.0734132763864892,149.97084635216524,150.01633103234107,101.21637929977386,102.28979257616035,true,false
500,20.0,149.98205441280737,98.58743541762941,0.0479271868135811,1.116107177659842,149.9639896514085,150.01191683822208,97.9862217497996,99.10232892745944,true,false
500,20.0,149.97578349498437,100.19609394064449,0.04514792787929878,1.6431016636593085,149.95900234059866,150.00415026847796,99.35134861204801,100.99445027570732,true,true
500,20.0,150.0006821125485,100.07479327850513,0.04389294477195449,1.0684936743276978,149.98402324132024,150.0279161860922,99.49483815122599,100.56333182555369,true,true
500,20.0,150.01935506524222,99.53097135267524,0.04188847520089212,1.4771625504513253,150.0041531324356,150.04604160763648,98.76393191591863,100.24109446636996,false,true
500,20.0,149.9840528025812,100.32409844695957,0.043116638201070145,1.691743169785184,149.96790545586612,150.0110220940672,99.45624849645984,101.14799166624502,true,true
500,20.0,149.94342430949519,99.65043963237456,0.043265366548894235,1.5808730804192237,149.92736148946437,149.97062685601327,98.82682971100681,100.40770279142603,false,true
500,20.0,150.02359324270867,99.09815799162698,0.04175373666302562,1.643485408676895,150.0081172102319,150.0498709468949,98.26038682696085,99.90387223563775,false,false
500,20.0,150.0154840538446,100.7197569354334,0.041356879900746435,1.4503921481677367,150.00097612860714,150.04233300850788,99.94478390693843,101.39517605510616,false,true
500,20.0,150.0181958921739,100.37456224078166,0.04333262653611314,1.2847213393405639,150.00270186345585,150.04603448999197,99.69111870508478,100.97584004442534,false,true
500,20.0,149.94156637372467,99.28574136365626,0.04341430061381857,1.6858193707893747,149.92543999679512,149.96885429740894,98.40420876256543,100.0900281333548,false,true
500,20.0,149.96568089878892,99.60527712725103,0.04352312925217916,1.5645653021672103,149.9499708325701,149.99349396182228,98.7778895098919,100.34245481205912,false,true
500,20.0,149.96242680092075,98.77833460705558,0.0452934428772096,1.4286328797311825,149.9454148997699,149.9907083426471,98.01624314617561,99.4448760259068,false,false
500,20.0,150.0131307975443,99.15132854603104,0.04138460720966464,1.8207614587845171,149.99717251610247,150.03855712331213,98.21096292913157,100.03172438791609,true,true
500,20.0,150.0225057247332,101.75771466109813,0.04037583686417179,1.5544479791772545,150.0075656100204,150.04794144688458,100.93843911853313,102.49288709771038,false,false
500,20.0,150.01143674295892,99.50044825851182,0.04468390001778744,1.7893762905600852,149.99539002727312,150.0400739272909,98.55259574354392,100.341972034104,true,true
500,20.0,150.00557722490333,101.1468369678542,0.04207842456381172,1.3700183859839683,149.99006334512967,150.03214176969348,100.4068272109083,101.77684559689227,true,false
500,20.0,149.99649862358035,101.47718417410903,0.04241035832654916,1.6583252687616437,149.9804340966968,150.02284445502335,100.62491187466941,102.28323714343105,true,false
500,20.0,149.92287847370363,100.24020427704323,0.042719893038253076,1.4780691657933431,149.90712774270185,149.9498476357401,99.44169083362195,100.91975999941529,false,true
500,20.0,150.02085795605228,100.14646545369452,0.04312041440596204,1.668991883113918,150.0044699976325,150.04759041203846,99.26848200459433,100.93747388770825,false,true
500,20.0,149.99723030136505,98.25548637094165,0.046406696157447413,1.7455942508827746,149.98041694338698,150.02682363954443,97.39233169942138,99.13792595030415,true,false
500,20.0,149.99262658404456,100.07633640631144,0.042795761329358584,1.6026554296517759,149.9765890013621,150.01938476269146,99.26052737687793,100.86318280652971,true,true
500,20.0,150.02100346449663,98.18170377701003,0.042168708008006206,1.6156437093922449,150.00601664467504,150.04818535268305,97.35744109043166,98.97308479982391,false,false
500,20.0,149.99048956004214,100.4697720947812,0.043318041043193034,1.7614975452883215,149.97438635018852,150.01770439123172,99.5896469765883,101.35114452187662,true,true
500,20.0,150.0226460851212,100.18986382386,0.04256257243545747,1.3332540209813573,150.00712960481917,150.04969217725463,99.50099492323052,100.83424894421188,false,true
500,20.0,149.99658180929333,98.40106750157254,0.04503220353291226,1.3452009337516415,149.9802199465766,150.0252521501095,97.70940961431147,99.05461054806311,true,false
500,20.0,149.97875905217512,101.64615646564752,0.04280802247905058,1.614427890255456,149.96232896052805,150.0051369830071,100.84671014903998,102.46113803929543,true,false
500,20.0,150.01252318445123,99.48823938679783,0.04396856436392227,1.4711669237359501,149.99646334360696,150.04043190797088,98.71968566607397,100.19085258980992,true,true
500,20.0,149.9873946003534,101.05458740602913,0.041204016243625574,1.6168025788928304,149.9723831003217,150.01358711656533,100.21541613911397,101.8322187180068,true,false
500,20.0,149.9659043941928,99.86106763458454,0.043959793443974604,1.5022196679372826,149.94948707273153,149.9934468661755,99.05542112375122,100.5576407916885,false,true
500,20.0,149.99984547563133,100.03640842399892,0.044730686087604,1.6117518265304227,149.98350389333672,150.02823457942432,99.19793942563908,100.8096912521695,true,true
500,20.0,150.024807264652,100.48327347174626,0.04280472826303594,1.4865024963873879,150.00964470915352,150.05244943741656,99.70048225855255,101.18698475493994,false,true
500,20.0,150.01847060715383,99.2789733478962,0.045120850260389034,1.5701008321104695,150.00192053389253,150.04704138415292,98.4548656565142,100.02496648862467,false,true
500,20.0,150.02767987875663,99.07122132352944,0.04805787913193171,1.7701660499192542,150.01019436921604,150.05825224834797,98.15001640555934,99.9201824554786,false,false
500,20.0,149.91024222361693,99.88960879657371,0.04311274923853148,1.5934766043460087,149.8944923958697,149.93760514510822,99.07010994003161,100.66358654437762,false,true
500,20.0,150.028576568882,98.80638275644125,0.04466692304848152,1.6476435576587392,150.01233287812934,150.05699980117782,97.94780489429728,99.59544845195602,false,false
500,20.0,150.01731338071863,101.88349104639192,0.039739597455337616,1.2119662591610307,150.00239193726094,150.04213153471628,101.22762030913411,102.43958656829514,false,false
500,20.0,149.9465438246949,99.43244478474918,0.04194659333032291,1.6221343959599182,149.9313036781048,149.97325027143512,98.6009653878818,100.22309978384172,false,true
500,20.0,150.00748074902572,99.84503518822298,0.04464992221372199,1.452504710358312,149.9912280597397,150.03587798195343,99.09530110879308,100.54780581915139,true,true
500,20.0,149.9643694056782,100.205052602631,0.0459428874835055,1.6442015657822964,149.94658842313729,149.9925313106208,99.34787373184,100.99207529762229,false,true
500,20.0,150.02608287455516,98.53119805744419,0.041212126155045326,1.668747929116421,150.01059409647817,150.05180622263322,97.65186809809256,99.32061602720898,false,false
500,20.0,150.00762177881342,102.18872176046915,0.04132412747830472,1.5145437867886784,149.99302017440314,150.03434430188145,101.41325979170466,102.92780357849334,true,false
500,20.0,150.01341996497376,98.69564220425215,0.04656924301372101,1.7295460630776915,149.99669568115627,150.04326492417,97.82704920209504,99.55659526517273,true,false
500,20.0,150.02577553883685,97.19374967479652,0.048384316503018,1.779176339671423,150.00682413808624,150.05520845458926,96.27528458774536,98.05446092741678,false,false
500,20.0,149.97872910462883,100.84239254706114,0.043475469281162304,1.370616885387662,149.96281235839814,150.0062878276793,100.09696665203415,101.46758353742182,true,false
500,20.0,150.01001545155526,99.12620978751546,0.04809321652933818,1.5408372579188097,149.99256174093756,150.0406549574669,98.31754824965472,99.85838550757353,true,false
500,20.0,149.9992018877589,101.20952302990807,0.04402737207712448,1.717016936543331,149.98328371652775,150.02731108860488,100.30794469095979,102.02496162750312,true,false
500,20.0,150.01985726830912,100.53810776333142,0.04377947146568317,1.5703112909614845,150.00391857741553,150.04769804888122,99.73628714776241,101.3065984387239,false,true
500,20.0,149.92536687365964,100.75790881083032,0.04300067581388589,1.4820084417416552,149.90954837045544,149.95254904626933,99.99512822887448,101.47713667061613,false,true
500,20.0,149.9892005124486,101.77422346913991,0.04133834403086212,1.4393839110737616,149.97326616509116,150.01460450912202,101.02176898979891,102.46115290087268,true,false
500,20.0,150.02764800894442,100.15364872262874,0.04233803255829116,1.3497157124634924,150.01165714515818,150.05399517771647,99.45376133049811,100.8034770429616,false,true
500,20.0,149.97891781687161,98.39090364928087,0.04744044091145838,1.697529166575336,149.96171210261738,150.00915254352884,97.49039564081882,99.18792480739415,true,false
500,20.0,150.0185922848063,98.71131243421854,0.0472565084351686,1.4233163001184437,150.0018452671701,150.04910177560527,97.96631631388756,99.389632614006,false,false
500,20.0,150.02303717078473,99.816871444142,0.04460400772927642,1.442622190793358,150.00653482928033,150.0511388370096,99.05719023381592,100.49981242460927,false,true
500,20.0,149.99526427715244,99.16959967548092,0.04326913808631616,1.5345129778807802,149.9795021427808,150.02277128086712,98.37887987911445,99.91339285699523,true,false
500,20.0,150.02146956970108,99.75985078924217,0.042363983901140045,1.5790447825227574,150.0054800093635,150.04784399326465,98.96634109050365,100.5453858730264,false,true
500,20.0,149.9925708183775,100.28670723855339,0.04343648463009231,1.606871147979973,149.976553643256,150.0199901278861,99.43045325304125,101.03732440102122,true,true
500,20.0,150.02474548571672,97.33574480266279,0.047477255133742347,1.791240768825645,150.00760014464436,150.0550773997781,96.42396663045737,98.21520739928302,false,false
500,20.0,150.02598111700905,100.58558869391459,0.042789493800171385,1.5299120830595143,150.01026226752268,150.05305176132285,99.80631613493723,101.33622821799675,false,true
500,20.0,150.0132652473992,101.24624757093318,0.045610714158272,1.6127012556221274,149.99658082502484,150.0421915391831,100.3855506647371,101.99825192035922,true,false
500,20.0,150.02475276816682,100.94019293501482,0.04256126171151209,1.3005886207281208,150.00987785230075,150.05243911401226,100.26433943381181,101.56492805453993,false,false
500,20.0,149.8080126433086,100.4647043086922,0.043704058820281944,1.6810449796489877,149.79273578072858,149.83643983954886,99.60280098425986,101.28384596390885,false,true
500,20.0,149.97124099173254,99.27017403871045,0.04493093338317067,1.6184132803389986,149.95480821302291,149.99973914640609,98.41273000270904,100.03114328304804,false,true
500,20.0,149.87263779819477,100.64183972473873,0.04160143856174159,1.7356391035616667,149.85773494082898,149.89933637939072,99.73876592517674,101.4744050287384,false,true
500,20.0,150.02240992163252,101.61216741317747,0.042391117358306474,1.5411995988568776,150.0065932118669,150.04898432922522,100.83872715495673,102.3799267538136,false,false
500,20.0,150.01514884725333,99.03237067367925,0.04543126606284886,1.7051907263556956,149.9989797788485,150.04441104491136,98.12879065033107,99.83398137668676,true,false
500,20.0,150.00691911942596,99.54897462651778,0.042704352946259405,1.1583925172806886,149.99091223855356,150.03361659149982,98.9322224794549,100.09061499673558,true,true
500,20.0,149.9890135741702,100.70759364680106,0.04292029950184428,1.4854887726493757,149.9722343765118,150.01515467601365,99.95016596796582,101.43565474061519,true,true
500,20.0,150.02343124076822,101.20452852135779,0.04237885391961527,1.5683294007689454,150.00819146463763,150.05057031855725,100.37590758717485,101.9442369879438,false,false
500,20.0,150.00470479210412,99.40622005420772,0.046932201819458896,1.6017765844025575,149.9867693470216,150.03370154884107,98.56307911584523,100.16485570024778,true,true
500,20.0,149.9998449576257,99.6764115716098,0.042111519904921124,1.6371440503956762,149.98401649597517,150.0261280158801,98.85155752418609,100.48870157458177,true,true
500,20.0,149.96978939948798,99.41272289822705,0.041447102583987316,1.6248262998882694,149.95488399615292,149.9963310987369,98.57085613786242,100.19568243775069,false,true
500,20.0,149.97388707534634,101.28900843569254,0.039317586188190035,1.5738075631440864,149.95915984767737,149.99847743386556,100.47442353251836,102.04823109566244,false,false
500,20.0,150.02338273097732,98.56307401162812,0.04730575516072122,1.6487342551956488,150.00669534979286,150.05400110495358,97.70318372364898,99.35191797884463,false,false
500,20.0,150.0017130947573,101.36240229181362,0.04390915415166319,1.6410907186251222,149.98606192062837,150.02997107478004,100.49272805256965,102.13381877119477,true,false
500,20.0,149.92406130885826,102.5816521103673,0.04217343935874851,1.6493014937316985,149.90810034021473,149.95027377957348,101.72364605664262,103.37294755037432,false,false
500,20.0,150.00392464342468,99.88746136660615,0.04570530159577402,1.6800198870494967,149.98642102708243,150.0321263286782,99.02993121470391,100.7099511017534,true,true
500,20.0,150.02403753009781,99.29774986364147,0.04585932451399799,1.4239058426925197,150.00824289310214,150.05410221761613,98.55752228296264,99.98142812565516,false,false
500,20.0,150.01943621757312,100.24466090368713,0.04545621593078408,1.593709023060498,150.00322853399658,150.04868474992736,99.38908326115158,100.98279228421208,false,true
500,20.0,149.97406084921454,102.70084445020191,0.04099521415707841,1.694516658882577,149.95869313893428,149.99968835309136,101.79320765160357,103.48772431048614,false,false
500,20.0,150.01691007248854,101.13492991296457,0.039593502183038254,1.4230496073608379,150.00196322042405,150.04155672260708,100.3979249668698,101.82097457423063,false,false
500,20.0,149.9945907354018,100.18627480156283,0.042060425164834214,1.1508981693312563,149.9798992528953,150.02195967806014,99.55723810538923,100.70813627472049,true,true
500,20.0,149.9687371332554,99.23917532385002,0.04632230281256966,1.2297620577591317,149.95116672584962,149.9974890286622,98.56966891975154,99.79943097751067,false,false
500,20.0,149.96419069547034,99.53000978104845,0.043290266497308494,1.6447260246654025,149.94834391321044,149.99163417970775,98.67826436210294,100.32299038676834,false,true
500,20.0,149.9814583703327,99.7986810883914,0.04310574415868018,1.5138925501374416,149.96607362128276,150.00917936544144,99.0038098556597,100.51770240579714,true,true
500,20.0,150.02515052319217,99.87608396325231,0.04569538344520652,1.4291102597169072,150.00825494331292,150.05395032675813,99.13358926180726,100.56269952152417,false,true
500,20.0,149.9875589572878,99.8623223511528,0.043034954220502186,1.4024630552305837,149.97240531938965,150.01544027361015,99.11827235974584,100.52073541497643,true,true
500,20.0,150.02312013342657,100.54414973039465,0.04187615560914537,1.6358821944735809,150.00711903490372,150.04899519051287,99.71051711650898,101.34639931098256,false,true
500,20.0,150.0258487017324,100.3435505305552,0.04377136727435982,1.2347989191804487,150.00991468635297,150.05368605362733,99.66777610132881,100.90257502050926,false,true
500,20.0,150.01303106651284,102.32581886291902,0.042891144655641256,1.4804162876291969,149.99696798464197,150.0398591292976,101.58000956173954,103.06042584936874,true,false
500,20.0,150.008124113223,98.88381598302846,0.04421010983196538,1.694734892249727,149.99122476995655,150.0354348797885,97.97305183877009,99.66778673101982,true,false
500,20.0,149.96998792803834,100.09107810004144,0.045107133437397806,1.5292063272149932,149.95417478045601,149.9992819138934,99.31142428380916,100.84063061102415,false,true
500,20.0,149.9973293671983,99.91964403059235,0.04337351554912061,1.5053530047802468,149.98145493051004,150.02482844605916,99.12476099676664,100.63011400154689,true,true
500,20.0,150.02076224083007,100.34781757348273,0.04521856991081563,1.5770580004801928,150.0040471808973,150.0492657508081,99.52553026969869,101.10258827017888,false,true
500,20.0,149.98119936022417,98.40833520247112,0.04526694681692334,1.347755399936716,149.96426787992948,150.0095348267464,97.67338732258065,99.02114272251737,true,false
500,20.0,149.98245391466202,101.09133509381974,0.04308096625658209,1.4795307811245095,149.96669500209555,150.00977596835213,100.30273741347148,101.78226819459599,true,false
500,20.0,150.02015334650136,99.71120510415852,0.04459028696592782,1.723769908736557,150.00338989451765,150.04798018148358,98.80992249061246,100.53369239934902,false,true
500,20.0,150.02355323395804,99.73843790103066,0.04528422654280462,1.4422265593455563,150.00722228021365,150.05250650675646,98.99230033314691,100.43452689249247,false,true
500,20.0,149.96018784129515,101.01484389482923,0.043453486542375686,1.4967196767471052,149.94444786421212,149.9879013507545,100.21699415555602,101.71371383230313,false,false
500,20.0,150.01987447426382,99.58689169527766,0.04259089899238688,1.6346002717996129,150.00393271775727,150.04652361674965,98.71867708052517,100.35327735232478,false,true
500,20.0,149.9747928228294,97.033527895677,0.046101215876632295,1.7528799080529893,149.95756838012923,150.00366959600586,96.14468600076464,97.89756590881763,true,false
500,20.0,149.9647679082298,100.23746984541853,0.04288129528350737,1.6606093904499346,149.94918868055004,149.99206997583354,99.35783995513198,101.01844934558191,false,true
500,20.0,149.98622844239165,98.60836094992172,0.04424861413184544,1.804609685014782,149.9700742329838,150.01432284711564,97.68648395157314,99.49109363658792,true,false
500,20.0,150.01730379107352,99.670559989888,0.04378369900200596,1.556468402233122,150.00126434102867,150.04504804003068,98.87093174107677,100.4274001433099,false,true
500,20.0,149.91578697019395,100.46354306276478,0.044112641753599746,1.407231190407174,149.8991249342098,149.9432375759634,99.72534706067178,101.13257825107895,false,true
500,20.0,150.02175645646696,100.96934738449579,0.043383917877577005,1.234495882017086,150.00565502099033,150.0490389388679,100.31328055459323,101.54777643661032,false,false
500,20.0,149.98615522107178,100.32864202549021,0.04400114410637457,1.7922446242681218,149.9692736231889,150.0132747672953,99.39149619214089,101.18374081640901,true,true
500,20.0,150.00206010458066,100.76631505866679,0.04575633367804244,1.592964768077664,149.98548626175918,150.03124259543722,99.95022005394084,101.5431848220185,true,true
500,20.0,149.9906577403088,101.5151394938236,0.041605629669390964,1.391502790852769,149.9753704753196,150.016976104989,100.75702964178817,102.14853243264093,true,false
500,20.0,150.01567739001263,100.29342304082061,0.04057676737403426,1.60691070233851,150.0004889345346,150.04106570190862,99.45113277349975,101.05804347583826,false,true
500,20.0,149.96775091488746,100.47612737065458,0.04295633990361125,1.5317870412886805,149.95180320700734,149.99475954691096,99.66831195160465,101.20009899289333,false,true
500,20.0,149.96753294497464,100.70697246858548,0.039760214375888836,1.6241093218052924,149.95291647933857,149.99267669371446,99.83018520600922,101.45429452781451,false,true
500,20.0,149.9305473579324,100.29978501641367,0.043776732230440984,1.6454613752437268,149.91411296108797,149.9578896933184,99.44198924081519,101.08745061605892,false,true
500,20.0,150.0123851637187,100.69274120143788,0.04647649295597489,1.678833107651485,149.9954127679319,150.04188926088787,99.84160637782477,101.52043948547626,true,true
500,20.0,150.0169908569601,99.68670912225808,0.041743678849627486,1.7609797067090085,150.00167616533503,150.04341984418465,98.75629599874625,100.51727570545526,false,true
500,20.0,149.94252723920886,99.06243658253398,0.042914513761928674,1.4883226663885978,149.92604974100422,149.96896425476615,98.28055743750556,99.76888010389416,false,false
500,20.0,149.9822543072276,101.95186271943763,0.04127641684601713,1.483816391579012,149.96740182830712,150.00867824515313,101.1629103258168,102.64672671739581,true,false
500,20.0,149.98969095043273,99.06613499406768,0.04279318239105123,1.120070390063674,149.9732923981319,150.01608558052294,98.46088647641308,99.58095686647675,true,false
500,20.0,149.99823983736414,100.09129198293246,0.04538258383695393,1.475376968273764,149.98127556751427,150.02665815135123,99.30690384587999,100.78228081415375,true,true
500,20.0,149.96216070145772,102.6311134341684,0.03769405806392001,1.4892614628346763,149.947758874361,149.98545293242492,101.86768957342771,103.35695103626239,false,false
500,20.0,149.95743693231861,101.18762030129602,0.039240362843770527,1.3508925878961264,149.9428809411824,149.98212130402618,100.4782435964963,101.82913618439242,false,false
500,20.0,149.9848659312018,99.3477686705047,0.04611109709617267,1.6033554061755666,149.9667198197776,150.01283091687378,98.49544564583884,100.09880105201441,true,true
500,20.0,150.01777701748614,99.10103177093275,0.04610678473929397,1.4343750684506915,150.00002095320804,150.04612773794733,98.32656864125583,99.76094370970652,false,false
500,20.0,149.9202576671115,99.93667914133238,0.04441561547622541,1.6723759866330425,149.90454023555733,149.94895585103356,99.06481990293314,100.73719588956618,false,true
500,20.0,149.8876745746673,100.09742929544157,0.04483059213433194,1.6336880496908321,149.87155390721847,149.9163844993528,99.25967768149816,100.893365731189,false,true
500,20.0,150.00695487182475,98.97436761475015,0.045453857952708177,1.745535436748611,149.99011829898808,150.0355721569408,98.07369006625892,99.81922550300753,true,false
500,20.0,149.9764619762787,99.46276147878963,0.04434243347145639,1.7021900727214927,149.96030791774007,150.00465035121152,98.59184792677527,100.29403799949677,true,true
500,20.0,149.93903822995796,102.58789189505512,0.041927510008605395,1.5932086556356353,149.9234989813769,149.9654264913855,101.76512034062563,103.35832899626126,false,false
500,20.0,150.01216028902587,100.18280920477231,0.04609440228878725,1.5257700069136888,149.99544952536033,150.04154392764912,99.3516802961507,100.87745030306439,true,true
500,20.0,150.01477295887406,101.68511164726183,0.043899064624724815,1.2865338216888773,149.99829430786343,150.04219337248816,100.99840755152661,102.28494137321549,true,false
500,20.0,150.02498663271905,98.48765146161443,0.046853529697898466,1.655208977470835,150.0079876827776,150.0548412124755,97.62688291094766,99.28209188841849,false,false
500,20.0,150.0099458818827,101.22039278548557,0.04572276778864648,1.5703903749103176,149.99278191366164,150.0385046814503,100.42706191987594,101.99745229478626,true,false
500,20.0,150.01970656906246,100.34138088999393,0.043108898508847915,1.6100526529517936,150.00406929019084,150.0471781886997,99.51666017924435,101.12671283219615,false,true
500,20.0,149.8561377449629,100.20493337215785,0.043762121151360134,1.7122119622942336,149.83984470292592,149.88360682407728,99.34207792151561,101.05428988380984,false,true
500,20.0,150.02030528741304,97.95522944649429,0.04450476788710489,1.6939793374330776,150.00418238202283,150.04868714990994,97.06556663415502,98.7595459715881,false,false
500,20.0,150.0271296673651,101.24012419288913,0.043395752202116,1.578706805504595,150.01147684772315,150.05487259992526,100.43526445344618,102.01397125895078,false,false
500,20.0,149.9756537948051,102.89646044657906,0.04054186176264807,1.55854851583058,149.96061040298068,150.00115226474333,102.10274420528404,103.66129272111462,true,false
500,20.0,150.02510201895393,100.02346687613176,0.045922538328539986,1.6732552084926624,150.0084197052211,150.05434224354963,99.16341883388067,100.83667404237333,false,true
500,20.0,149.9662453124817,99.70141351265096,0.0456197007626713,1.5227194551669783,149.94926672912408,149.99488642988675,98.87820161463266,100.40092106979964,false,true
500,20.0,150.02587770408178,101.31258015203105,0.04217068948602787,1.7251297525033351,150.01048274200863,150.05265343149466,100.43693223831477,102.1620619908181,false,false
500,20.0,149.95387519571835,100.30032332180845,0.04549195405058981,1.6131764852970036,149.93673530839345,149.98222726244404,99.46376550333889,101.0769419886359,false,true
500,20.0,150.0255772375994,96.88036202698673,0.045355742872544624,1.7084069508007076,150.00891879095076,150.0542745338233,96.00593187579571,97.71433882659642,false,false
500,20.0,150.01998291910104,99.72516420580706,0.04151028791838485,1.738442782192834,150.00523433257268,150.04674462049107,98.81471565954234,100.55315844173518,false,true
500,20.0,150.00379334785634,100.21116996743606,0.044807623324373935,1.4800303297183746,149.9864944869564,150.03130211028076,99.45527739769112,100.9353077274095,true,true
500,20.0,150.0038881635528,101.38862692302452,0.041682353631159685,1.529304189407867,149.98944114437617,150.03112349800733,100.59586296726931,102.12516715667718,true,false
500,20.0,149.95075299771145,100.02119244972899,0.043327532989593465,1.6116457526873802,149.93439045055834,149.97771798354793,99.19163316401371,100.80327891670109,false,true
500,20.0,149.93753444636025,99.44636312681077,0.04112274551619066,1.5978387766964772,149.92324518606432,149.9643679315805,98.63206164943337,100.22990042612984,false,true
500,20.0,150.01777444537493,99.61313151098904,0.04340783565564266,1.5178257336765455,150.00151872691222,150.04492656256787,98.8419402923762,100.35976602605274,false,true
500,20.0,149.99933773639125,100.71253665764792,0.04011607953498242,1.8015224759741812,149.9843208007626,150.02443688029757,99.78233685156755,101.58385932754173,true,true
500,20.0,150.00344065180178,100.42144398410572,0.04345678462561864,1.3290223037747921,149.98724085041832,150.03069763504394,99.72684452361979,101.05586682739458,true,true
500,20.0,149.9748554212887,97.96134897974297,0.04411443163340323,1.7664063975594217,149.95800274202082,150.00211717365423,97.02395008113251,98.79035647869193,true,false
500,20.0,150.00449430802695,100.97281803357538,0.046221910407837186,1.4582181249474928,149.98808774548155,150.0343096558894,100.20918854420233,101.66740666914983,true,false
500,20.0,150.0128642102258,100.80174974146749,0.045002784566861465,1.5683791171454686,149.9954263607706,150.04042914533747,99.96128753309934,101.5296666502448,true,true
500,20.0,149.9623579624855,99.61606981135401,0.04459855639677812,1.5878334308488036,149.94542573172492,149.9900242881217,98.78129512621905,100.36912855706785,false,true
500,20.0,150.00807297808225,100.96730727371707,0.04071577756468514,1.3044347748634664,149.9927141236231,150.0334299011878,100.28530307657388,101.58973785143735,true,false
500,20.0,150.00867459341478,99.42105128063534,0.04502047234109341,1.454938215793419,149.99209735648668,150.03711782882777,98.6351569028364,100.09009511862982,true,true
500,20.0,150.0184836125629,100.07353570423959,0.045374017044935044,1.434973967083522,150.002243770176,150.04761778722093,99.32599501583178,100.7609689829153,false,true
500,20.0,149.95197724412333,101.68896365556293,0.045200607937118775,1.4617095336668484,149.93519617846715,149.98039678640427,100.92964095855332,102.39135049222017,false,false
500,20.0,150.01256532086998,100.31434260163792,0.0451081272397289,1.6168057125512831,149.9963739838141,150.04148211105382,99.48126079110696,101.09806650365825,true,true
500,20.0,150.0218906875101,101.12196640545775,0.04162834534213289,1.600113680462627,150.00682511502757,150.0484534603697,100.30658135073818,101.90669503120081,false,false
500,20.0,149.97309171503838,101.15454687444199,0.04355863669903215,1.1005858471551875,149.95683901756632,150.00039765426536,100.55548164045288,101.65606748760807,true,false
500,20.0,150.00046510110826,98.94629520419143,0.0479253479952888,1.69344842515072,149.98245440009788,150.03037974809317,98.0628004565766,99.75624888172732,true,false
500,20.0,150.00645785540704,100.35894499603685,0.041003271856169476,1.4687661297986239,149.99109028362673,150.0320935554829,99.57777764963271,101.04654377943133,true,true
500,20.0,150.02923986720486,100.3370785171997,0.04519481158263261,1.698700981988452,150.01240091729582,150.05759572887845,99.45085866596477,101.14955964795323,false,true
500,20.0,149.98076491976448,98.92690276233176,0.04529161982324581,1.5636076149361742,149.96464793033422,150.00993955015747,98.12020578240353,99.6838133973397,true,false
500,20.0,149.96241469700587,100.79225233686452,0.041361816948352725,1.5369281121982823,149.94747094579904,149.9888327627474,100.0084396160641,101.54536772826238,false,false
500,20.0,149.98624721764625,100.08146106339306,0.043161905602431716,1.5191842388876466,149.97031967186683,150.01348157746926,99.30317167919776,100.8223559180854,true,true
500,20.0,149.97127584722682,101.00026215632026,0.04323480022637227,1.3454372490852933,149.95640660153575,149.99964140176212,100.26810452804935,101.61354177713464,false,false
500,20.0,149.9867142336523,100.5698647153916,0.040163543045053984,1.5126792839996455,149.9717872304837,150.01195077352875,99.79023028746461,101.30290957146426,true,true
500,20.0,149.97467420041548,97.19091356498905,0.05147068845303693,1.798050383138289,149.95603158880857,150.0075022772616,96.22632089389197,98.02437127703026,true,false
500,20.0,149.95319707102385,100.78167151668114,0.04060630309146518,1.522632701338253,149.93788860210438,149.97849490519584,99.99111311957954,101.51374582091779,false,true
500,20.0,149.96564776916387,96.97220712866746,0.04857979443431759,1.7834437388121813,149.94768636860962,149.99626616304394,96.04863537899202,97.8320791178042,false,false
500,20.0,149.97508540655087,100.17948385114877,0.04623968704618164,1.6440869140104155,149.9582693537266,150.00450904077277,99.33971066125272,100.98379757526314,true,true
500,20.0,150.01700486740108,99.6410252550773,0.04740228131223034,1.2870482112113848,149.99957383663101,150.04697611794325,98.96831659964815,100.25536481085953,true,true
500,20.0,149.9797928506496,100.26048679697007,0.044619916373761725,1.630260180315247,149.964341944178,150.00896186055175,99.4128364668478,101.04309664716305,true,true
500,20.0,149.8952423799105,100.4974485386262,0.04347290380394497,1.4184101897812837,149.87916977833765,149.9226426821416,99.74383791083491,101.1622481006162,false,true
500,20.0,149.99750517895075,99.8670307271498,0.04344170703890882,1.5543529498590516,149.9815366857863,150.0249783928252,99.07096030258013,100.62531325243918,true,true
500,20.0,150.00183170261386,101.64049786007692,0.043266106335181576,1.4807449187089503,149.98548930394674,150.02875541028192,100.88360919178723,102.36435411049618,true,false
500,20.0,150.01910490633958,100.1179513047552,0.03965980746690434,1.523427866145724,150.00386359793637,150.04352340540328,99.32064544096232,100.84407330710805,false,true
500,20.0,150.01357190786257,100.68375869980434,0.04519074616288776,1.516872969986352,149.99797308584257,150.04316383200546,99.89096778776185,101.4078407577482,true,true
500,20.0,150.00886765392352,101.71222255386051,0.045068272373242735,1.4873042089637352,149.99220606255471,150.03727433492796,100.91917929310495,102.40648350206868,true,false
500,20.0,150.00275285580736,100.39371892785789,0.04430514298047683,1.5878941117576915,149.98648340206552,150.030788545046,99.5810797441655,101.1689738559232,true,true
500,20.0,149.9817624903854,99.35561607508649,0.04129112572218219,1.6955533506251896,149.9664858410598,150.007776966782,98.46077755716472,100.15633090778991,true,true
500,20.0,150.0056232095463,97.98394417813232,0.045065372290821415,1.7300430778948623,149.98906499176954,150.03413036406036,97.0998254381727,98.82986851606756,true,false
500,20.0,149.94591746111476,102.88392054604995,0.04236545094431676,1.5009340315969553,149.9308088751493,149.9731743260936,102.07420327360754,103.57513730520449,false,false
500,20.0,149.96537100460787,99.4085932086451,0.04450527164900109,1.5740539783813006,149.94928816592397,149.99379343757298,98.59673421982114,100.17078819820244,false,true
500,20.0,149.8685352603352,97.25709346226708,0.04607492045118988,1.8006660567796473,149.85126252273082,149.897337443182,96.33752004720657,98.13818610398621,false,false
500,20.0,149.9990401724918,99.5304184769603,0.04593671255841514,1.7263543895109308,149.98227598876107,150.0282127013195,98.64700012375431,100.37335451326524,true,true
500,20.0,150.0044132956835,98.67476921770273,0.046534179034864565,1.7536089389489575,149.9872046528327,150.03373883186757,97.79170878337254,99.5453177223215,true,false
500,20.0,149.95980431254355,102.9554777807791,0.04068823680759692,1.4967575463108176,149.94404045951396,149.98472869632155,102.15470433980329,103.6514618861141,false,false
500,20.0,149.93217732803174,100.33393487592309,0.04210649010889256,1.567400906677122,149.91730039828002,149.9594068883889,99.51831326647829,101.08571417315541,false,true
500,20.0,150.0146869980985,100.46015541663425,0.04621833458412539,1.093149601760345,149.99743476883503,150.04365310341916,99.87687807165283,100.97002767341317,true,true
500,20.0,149.9911926455684,98.94261388288457,0.0447429914037798,1.5271746084571163,149.97448364465947,150.01922663606325,98.16577145053547,99.69294605899259,true,false
500,20.0,150.02387308653667,100.76991281946057,0.04348400156763432,1.4922727462941197,150.00796026991154,150.05144427147917,99.98619702649609,101.4784697727902,false,true
500,20.0,149.99638003343284,99.75587639537854,0.04335227413821485,1.4201087499832283,149.97986191757545,150.02321419171366,98.99782431796743,100.41793306795066,true,true
500,20.0,150.01855244067826,100.80260128194425,0.04522029505028513,1.2850313530602762,150.00228444794053,150.0475047429908,100.12548023157404,101.41051158463432,false,false
500,20.0,149.97447476832662,99.99971468792904,0.04189456108869649,1.6712677348093479,149.95856973402593,150.00046429511463,99.16529737981381,100.83656511462316,true,true
500,20.0,149.98799028124756,99.25833528083689,0.042124232488163216,1.5897725850681184,149.97193846782307,150.01406270031123,98.4358586143277,100.02563119939582,true,true
500,20.0,150.0229921645107,98.22945314559308,0.046069861526007116,1.8265784422193576,150.00627614605946,150.05234600758547,97.28682509417516,99.11340353639451,false,false
500,20.0,149.94490743441017,97.89658910679009,0.047042378771379845,1.80760923620754,149.92772049258133,149.9747628713527,96.97490641419186,98.7825156503994,false,false
500,20.0,150.02408982739524,100.11063192734476,0.0434044781860905,1.7716266207699647,150.00756271016886,150.05096718835495,99.19685440532753,100.96848102609749,false,true
500,20.0,150.00016388646733,101.02162413495793,0.041820349703414195,1.3085285926578365,149.98496006945498,150.0267804191584,100.32471845034028,101.63324704299812,true,false
500,20.0,150.0084619457972,99.83091282839594,0.046927216057241594,1.6186590818084596,149.99158567780898,150.03851289386623,98.97165198166951,100.59031106347797,true,true
500,20.0,150.02303807877183,101.53717949957387,0.04217355239575227,1.6973691384011147,150.0070897789382,150.04926333133395,100.6782447847833,102.37561392318442,false,false
500,20.0,150.012143723784,100.62185976308517,0.04390600528685695,1.518662792712803,149.996532301117,150.04043830640387,99.8072812417841,101.3259440344969,true,true
500,20.0,149.97112138203735,99.84013961482364,0.0445509647598783,1.7671412401405604,149.95462185158908,149.99917281634896,98.90354578174704,100.6706870218876,false,true
500,20.0,149.95110419573018,99.87792017988393,0.04304632388593177,1.3750162653161908,149.93518171155895,149.9782280354449,99.12904558110677,100.50406184642296,false,true
500,20.0,149.9525662176939,101.78337995061193,0.04197237453593061,1.5664737186455255,149.93711849197695,149.97909086651288,100.98321635811799,102.54969007676351,false,false
500,20.0,149.97981685507966,101.30709166919645,0.04288130122475309,1.5502202100573186,149.96393796257874,150.0068192638035,100.49602075907549,102.04624096913281,true,false
500,20.0,149.98942895382143,101.26931601479997,0.042489861935024464,1.5253600946848138,149.97345456793187,150.0159444298669,100.46609420974954,101.99145430443436,true,false
500,20.0,150.02075430583926,98.67730259688912,0.04920874977216272,1.7063150878419293,150.0027429042927,150.05195165406485,97.81477807778522,99.52109316562715,false,false
500,20.0,150.02326104874348,101.01323225424605,0.042482867103842636,1.406582375657635,150.00745468729644,150.0499375544003,100.25966609773157,101.6662484733892,false,false
500,20.0,150.0244007276401,98.09911556545015,0.047123622282470023,1.7448452829371917,150.00664772391792,150.0537713462004,97.20137602561965,98.94622130855684,false,false
500,20.0,149.99459701314282,100.48435272622456,0.0424062015408424,1.6035051009237407,149.9789371760021,150.02134337754293,99.6337780160708,101.23728311699455,true,true
500,20.0,150.0090809860314,99.89728118770645,0.04404081354283562,1.459945503146514,149.99328694531337,150.0373277588562,99.10992069915656,100.56986620230307,true,true
500,20.0,150.02796168318167,100.81489250118604,0.04448636128356043,1.5994158952588862,150.01145187817957,150.05593823946313,99.96785583549556,101.56727173075444,false,true
500,20.0,150.01213896586765,101.8967109777362,0.04073905834727043,1.5051874301354928,149.9968261826571,150.03756524100436,101.12833984852779,102.63352727866328,true,false
500,20.0,149.95815116184508,99.76672550425161,0.04318232179875281,1.0196034595754213,149.94199948146724,149.985181803266,99.2016703744462,100.22127383402162,false,true
500,20.0,150.02693116945295,100.01101974470654,0.04150780560763678,1.5544405572129847,150.01085782314544,150.05236562875308,99.18878551374735,100.74322607096033,false,true
500,20.0,150.0159656369256,98.44516511412868,0.0488846870983366,1.5524381151857938,149.99811022396972,150.04699491106805,97.6522242935357,99.20466240872149,true,false
500,20.0,150.0095081466132,99.04007177015225,0.045480112831057795,1.5794361762699793,149.99278257336633,150.03826268619738,98.19787943961678,99.77731561588676,true,false
500,20.0,149.98431030848386,99.28900083209756,0.042924084164269516,1.467430974077729,149.96877569070148,150.01169977486575,98.49346274807097,99.9608937221487,true,false
500,20.0,149.97627848860517,99.94941208707202,0.04511320736932589,1.5627396263633528,149.95962945247206,150.00474265984138,99.1075763163622,100.67031594272555,true,true
500,20.0,149.96968667965365,101.94962891759039,0.04285976658502477,1.5766994856029868,149.9538217276513,149.99668149423633,101.14944531595779,102.72614480156078,false,false
500,20.0,149.99543642232814,101.55796522389042,0.04327148210708742,1.60104604459886,149.97927585456645,150.02254733667354,100.75509905544006,102.35614510003892,true,false
500,20.0,150.0210488827642,101.24510734732857,0.04049637385421079,1.050215414987676,150.00598111660344,150.04647749045765,100.67067737593483,101.7208927909225,false,false
500,20.0,150.02521958349809,96.9513226143418,0.047322468138048635,1.7939572569435285,150.00769612360057,150.05501859173862,96.03786124938553,97.83181850632906,false,false
500,20.0,150.00827476714534,99.55388303831029,0.046504010307160115,1.633047879678557,149.99160047111948,150.03810448142664,98.72369997450842,100.35674785418698,true,true
500,20.0,150.02695219722193,99.01741812520956,0.04596980722499211,1.7482720618682777,150.0099760849559,150.0559458921809,98.09975799287018,99.84803005473846,false,false
500,20.0,150.02779196547579,99.70258083877053,0.04391701402548165,1.6966685293960495,150.0111290784796,150.05504609250508,98.81933634407825,100.5160048734743,false,true
500,20.0,150.0037927175559,100.29697602935232,0.04220533151044492,1.82526737669167,149.9881048844046,150.03031021591505,99.38306232485502,101.20832970154669,true,true
500,20.0,150.00761028153315,99.35138593822485,0.04518814977410557,1.5298725857222593,149.99146368568833,150.03665183546244,98.54482666568296,100.07469925140522,true,true
500,20.0,150.01836239237502,100.13392801515533,0.04271478473825141,1.5056564123445497,150.002100061141,150.04481484587924,99.3173276032625,100.82298401560705,false,true
500,20.0,150.0240015588269,98.94784115508745,0.04681908107244226,1.4484092747427582,150.0068352832879,150.05365436436034,98.17182103382451,99.62023030856727,false,false
500,20.0,150.00814461657927,98.66879878333762,0.04289778876088235,1.3740225412445568,149.99265449805677,150.03555228681765,97.94511768868894,99.3191402299335,true,false
500,20.0,149.9748651049219,100.29006617285292,0.04322306915346985,1.5913675135773673,149.9588801106883,150.00210317984178,99.4646568038929,101.05602431747026,true,true
500,20.0,149.9590887464071,101.26310246952389,0.046567182087358105,1.1627242569874028,149.94188990737206,149.98845708945942,100.6380712590434,101.8007955160308,false,false
500,20.0,150.00711334516168,97.7445843997782,0.04732765126288996,1.6440797713062238,149.98961628656127,150.03694393782416,96.91197830362428,98.5560580749305,true,false
500,20.0,149.99253864645,99.98521037261412,0.042219591613331886,1.501916954764397,149.97633872432482,150.01855831593815,99.22344617910609,100.72536313387049,true,true
500,20.0,149.98325726405324,100.77415509719474,0.043345460153148,1.498293948671602,149.96778033465705,150.0111257948102,100.01167737240056,101.50997132107216,true,false
500,20.0,149.9909976645264,99.64765785213305,0.04390214993139807,1.6135361703252755,149.97468387617667,150.01858602610807,98.81180855217069,100.42534472249596,true,true
500,20.0,149.95721662351468,99.5061156000927,0.04244430744219585,1.7307186274238973,149.94172618752222,149.98417049496442,98.6023876570729,100.3331062844968,false,true
500,20.0,149.96486176878835,100.92720733116887,0.044288935715371736,1.4990142684029308,149.94875007693912,149.9930390126545,100.1517625648583,101.65077683326123,false,false
500,20.0,149.97945479551163,100.44720497650646,0.041853060144177334,1.4352447379437336,149.96457154232846,150.00642460247263,99.69785387354133,101.13309861148507,true,true
500,20.0,149.99844507487074,101.15123237130216,0.04137932680492895,1.4605969310801754,149.98365902194138,150.0250383487463,100.40986020178312,101.8704571328633,true,false
500,20.0,149.9732303057574,98.38862548923467,0.042554552588484285,1.6633362807199745,149.95758560876044,150.00014016134892,97.56253342018067,99.22586970090065,true,false
500,20.0,149.8950290953626,99.81119040633615,0.0478498338416955,1.6090858272568056,149.87761893927427,149.92546877311597,98.98967694296577,100.59876277022258,false,true
500,20.0,149.94080627725464,99.79102017243551,0.04259561579402771,1.7736822493031497,149.92504370371933,149.96763931951335,98.87295668438958,100.64663893369273,false,true
500,20.0,150.01784752552913,100.47198811417655,0.04264791284717262,1.6508940487001098,150.00235079812222,150.0449987109694,99.62511484787962,101.27600889657973,false,true
500,20.0,149.95335767052873,100.78077220156152,0.04460811075304605,1.5135029262389423,149.93675169659952,149.98135980735256,99.9973877334948,101.51089065973375,false,true
500,20.0,149.99135264718973,99.52774440000742,0.0456941544664744,1.694401105966648,149.97482039001244,150.0205145444789,98.64222538007698,100.33662648604363,true,true
500,20.0,150.022713947881,97.97692950897665,0.04841600858736683,1.5536585177264328,150.0043445410566,150.05276054964398,97.17098117400928,98.72463969173572,false,false
500,20.0,149.98632576208064,99.09638242949364,0.04589266307363005,1.6992911201758432,149.96956502453716,150.0154576876108,98.19351190753997,99.89280302771581,true,false
500,20.0,150.0261653809465,99.52156953374148,0.04383779095013551,1.5053591604486485,150.0097019379769,150.05353972892703,98.74492817679854,100.25028733724719,false,true
500,20.0,150.02560033145915,99.29627543031981,0.0425749608447461,1.8080857278481801,150.0102264673353,150.05280142818003,98.39446615515226,100.20255188300044,false,true
500,20.0,150.02384909091126,100.32977575956116,0.04534896625904139,1.4301125669013004,150.00721141946048,150.05256038571952,99.56665626719163,100.99676883409293,false,true
500,20.0,149.92314983544645,102.00944183382073,0.0427133806751101,1.5308487918882037,149.90759201351207,149.95030539418718,101.2252659307652,102.75611472265341,false,false
500,20.0,149.98509870345535,101.3529807391297,0.04138914138582095,1.4918978902790485,149.96999941574393,150.01138855712975,100.58304820590928,102.07494609618833,true,false
500,20.0,149.98898482323557,100.11420845187072,0.04216057159112552,1.3914529224156666,149.97303471291542,150.01519528450655,99.36788243596551,100.75933535838118,true,true
500,20.0,150.0080750918554,100.24756243131566,0.04342232784887301,1.3347596106467847,149.99197359655682,150.0353959244057,99.53696966507673,100.87172927572351,true,true
500,20.0,150.0053953531011,99.65861506105257,0.04078615007153985,1.799709931212135,149.9902374837775,150.03102363384903,98.76451579600369,100.56422572721583,true,true
500,20.0,150.00306978006262,98.26634612050844,0.04423196710459365,1.5432386759621863,149.98661968281834,150.03085164992294,97.46595832358963,99.00919699955182,true,false
500,20.0,149.91796574363127,99.97872239215945,0.04374595029733541,1.6370420073979943,149.90212690876993,149.94587285906726,99.12424704877029,100.76128905616828,false,true
500,20.0,150.00352866220726,101.72716796242727,0.041678803342790616,1.5922288055107998,149.98795058821707,150.02962939155987,100.90427655939209,102.49650536490289,true,false
500,20.0,149.9959708688314,100.65502137999543,0.044204181073268956,1.538144470772238,149.97992829829445,150.02413247936772,99.85190780018777,101.39005227096001,true,true
500,20.0,150.0246059749601,98.82782217382399,0.0449787966816757,1.684535416581241,150.00818471462594,150.05316351130762,97.96927217438477,99.65380759096601,false,false
500,20.0,149.8198370898907,100.98025217470283,0.04116368623584776,1.5959916140825356,149.80422154652217,149.84538523275802,100.14959842777101,101.74559004185355,false,false
500,20.0,149.98269023899536,99.84282670415733,0.04355464326135916,1.683475231918905,149.96684038580088,150.01039502906224,98.95110639650633,100.63458162842524,true,true
500,20.0,150.02241641272346,100.10102811179706,0.04335126928884847,1.576631158222412,150.0062805235052,150.04963179279406,99.27287781806115,100.84950897628356,false,true
500,20.0,149.97724597496006,98.77728093842344,0.04444581267716785,1.425822431230955,149.96063712458567,150.00508293726284,98.02140890786214,99.4472313390931,true,false
500,20.0,150.00693315371046,99.62638352246753,0.04643421583085683,1.6113659241744074,149.98950575579676,150.0359399716276,98.74896004804395,100.36032597221836,true,true
500,20.0,149.99827057941005,98.57536998008118,0.04466052389852848,1.5641579092984301,149.98155938381046,150.026219907709,97.73625410199737,99.3004120112958,true,false
500,20.0,150.00441283951858,101.57628864311124,0.04085912358377186,1.6235477012913577,149.98922913327564,150.03008825685941,100.73948933815281,102.36303703944417,true,false
500,20.0,150.00310299047248,100.08383745811366,0.04550575723968109,1.190415543859416,149.98678982216677,150.03229557940645,99.41877437035484,100.60918991421426,true,true
500,20.0,149.97461831515437,99.72725620878825,0.04355418055817495,1.4772341211053543,149.95869482583572,150.0022490063939,98.95543258232871,100.43266670343407,true,true
500,20.0,150.01160887515212,98.3516329390667,0.04411158589826414,1.7248394395995064,149.99548534508878,150.03959693098705,97.47975530568294,99.20459474528245,true,false
500,20.0,149.94041438628568,99.24324368317006,0.04325656643197817,1.3392331930412809,149.92438816838995,149.96764473482193,98.51009517041976,99.84932836346104,false,false
500,20.0,150.02210487435644,99.60835757369864,0.04619620240657696,1.69132221392141,150.0049146803248,150.05111088273136,98.7451694788858,100.43649169280721,false,true
500,20.0,150.0257982130947,100.36251616929562,0.04492911139018929,1.6129336786733006,150.00824551631723,150.05317462770742,99.53625179063864,101.14918546931194,false,true
500,20.0,149.87082580240266,99.9520032211764,0.043122767045304045,1.483040379910733,149.85439614721918,149.89751891426448,99.18857292423479,100.67161330414552,false,true
500,20.0,150.0251084920199,102.11834327858409,0.040182979440032796,1.5145987857810042,150.01015243404044,150.05033541348047,101.31954362831715,102.83414241409815,false,false
500,20.0,150.01910412418755,98.59844498059545,0.04568668424411726,1.4907668238709704,150.00205662389425,150.04774330813837,97.82097889702402,99.31174572089499,false,false
500,20.0,150.00727173361835,98.39801164849553,0.04549231155405664,1.825370055531053,149.99060168505653,150.0360939966106,97.43884472855909,99.26421478409014,true,false
500,20.0,150.00942914718965,99.36131885564778,0.044129873663337094,1.5888659596365073,149.99240389638646,150.0365337700498,98.54231647132144,100.13118243095795,true,true
500,20.0,150.0019226385482,100.38096411219072,0.04326261908661877,1.5101794709603382,149.98516842897453,150.02843104806115,99.57960768376995,101.08978715473029,true,true
500,20.0,150.01545009154592,101.03558569157235,0.040551843899265805,1.814535470739969,150.00001339059065,150.04056523448992,100.08515442460698,101.89968989534695,false,false
500,20.0,150.01935921705922,98.11680268278738,0.04697721309219105,1.6535890893477756,150.00182415875128,150.04880137184347,97.23084147814411,98.88443056749189,false,false
500,20.0,149.94032484096266,100.38905618763403,0.04583326244994623,1.3912887754594578,149.9229577424681,149.96879100491805,99.65292685007711,101.04421562553657,false,true
500,20.0,149.9685328379905,100.89783387765334,0.0439970373922165,1.683203256570934,149.95304499368916,149.99704203108138,100.01540100063121,101.69860425720215,false,false
500,20.0,150.01099697712834,101.5820576493389,0.042472132169677934,1.6807886607267761,149.99512806567174,150.0376001978414,100.70166607950152,102.3824547402283,true,false
500,20.0,149.96634392316594,100.81325714497808,0.041659192539668766,1.6526586200749875,149.95042424097568,149.99208343351535,99.97101682402365,101.62367544409864,false,true
500,20.0,149.98144056547486,102.0421377221322,0.04225998066621628,1.6109402169475686,149.96549471654302,150.00775469720924,101.22001091232991,102.83095112927748,true,false
500,20.0,150.0258176425308,100.49522434520019,0.0429141074894801,1.6211709317667555,150.00967608011524,150.05259018760472,99.65198463979272,101.27315557155947,false,true
500,20.0,149.93132625978276,99.0671476954856,0.04391756568330152,1.6143869946035778,149.9151816538135,149.9590992194968,98.22131167103406,99.83569866563764,false,false
500,20.0,149.99733189331482,100.64003875267281,0.045733213308750464,1.5378083658824977,149.98116440920663,150.02689762251538,99.84203993352902,101.37984829941152,true,true
500,20.0,149.9359365650975,98.67763034127935,0.04616512708884102,1.5784568411794453,149.91859904360558,149.96476417069442,97.86041828385444,99.43887512503389,false,false
500,20.0,150.02514917618072,98.8712502960644,0.044765962842319595,1.6464210264589525,150.00851419143706,150.05328015427938,98.03122055567052,99.67764158212947,false,false
500,20.0,150.00174512861273,100.23201716076422,0.0435763818474868,1.6470289095072985,149.98521160040318,150.02878798225066,99.37967074397989,101.02669965348719,true,true
500,20.0,150.02543354758373,100.263765741638,0.04231185210426247,1.7254666287140168,150.01000445843204,150.0523163105363,99.36254280638704,101.08800943510106,false,true
500,20.0,150.01817776144532,99.42022163901827,0.04781721973174058,1.5765466014807998,150.00044363861824,150.04826085834998,98.6133114637475,100.1898580652283,false,true
500,20.0,150.01505597801707,100.36635323611804,0.042489442023793345,1.6947110121098916,149.99953445703952,150.0420238990633,99.4857632213216,101.1804742334315,true,true
500,20.0,150.00403417563348,100.27221761637344,0.04741998887692489,1.4833575153781169,149.98720248384956,150.03462247272648,99.48957967627774,100.97293719165586,true,true
500,20.0,149.98980469916285,99.81547941184111,0.04387699420573199,1.3102336455848445,149.97357391949686,150.0174509137026,99.13880954447649,100.44904319006133,true,true
500,20.0,150.0021534450987,100.94597601818424,0.04232209195444625,1.3635681018438106,149.98623449181605,150.0285565837705,100.22371381401732,101.58728191586113,true,false
500,20.0,150.00685206461267,98.83244676978639,0.045140010171479616,1.5306990840113457,149.99067567982442,150.0358156899959,98.07150943861612,99.60220852262746,true,false
500,20.0,149.99370186121422,100.22076613093611,0.04254891473979683,1.6185620788144348,149.97866566783216,150.02121458257196,99.4018105117472,101.02037259056164,true,true
500,20.0,149.98913869087187,100.89874706550059,0.04398462040740014,1.340661791503038,149.97273410039972,150.01671872080712,100.20198148896779,101.54264328047083,true,false
500,20.0,150.00834142805587,101.81573910397069,0.04023996060141144,1.5456333028821518,149.9934592772123,150.03369923781372,101.01013677995496,102.55577008283711,true,false
500,20.0,149.95976177607184,100.0499573663853,0.045500918218095876,1.6901921599800147,149.94401397933655,149.98951489755464,99.17605415936255,100.86624631934257,false,true
500,20.0,149.97199766907636,100.29963257932735,0.0422667593521453,1.4359306539709138,149.9569007535524,149.99916751290453,99.5501318320746,100.98606248604551,false,true
500,20.0,150.02175777907237,101.62276430539308,0.04536294808008279,1.2331267108321526,150.00464056423306,150.05000351231314,100.96347271836235,102.1965994291945,false,false
500,20.0,149.9651926064377,102.3895636158675,0.04149470075245176,1.4212882568558172,149.94938390239548,149.99087860314793,101.65493478955251,103.07622304640833,false,false
500,20.0,149.88790530144794,100.75373889094816,0.04349500027717568,1.4785084487313611,149.87231257782034,149.9158075780975,99.97356387968551,101.45207232841688,false,true
500,20.0,149.8026117313144,99.11318865646449,0.04630606838085782,1.6845148245144657,149.78570128193135,149.8320073503122,98.23017914012966,99.91469396464413,false,false
500,20.0,150.00217729144993,100.28096310622172,0.04499073398807241,1.3883164540831388,149.98574829194808,150.03073902593616,99.53480997174216,100.9231264258253,true,true
500,20.0,150.024730015909,99.86366049101385,0.043835498373056225,1.518306689535848,150.00889185053938,150.05272734891244,99.09264342670573,100.61095011624158,false,true
500,20.0,149.99220978498386,100.29115863723251,0.04398910986222404,1.4947706737101925,149.97572126638863,150.01971037625086,99.48460905610476,100.97937972981495,true,true
500,20.0,149.9916942108228,100.85869881400578,0.04380346190180262,1.301172454420069,149.97551289635837,150.01931635826017,100.17181689012511,101.47298934454518,true,false
500,20.0,149.91126573810294,100.71876310153479,0.04454655951457198,1.7137675525916478,149.89457569435723,149.9391222538718,99.82882879964362,101.54259635223526,false,true
500,20.0,149.99930183029522,100.68808276156919,0.045448209005115814,1.493272441660281,149.9828888697658,150.0283370787709,99.89327927410055,101.38655171576083,true,true
500,20.0,150.0060700820084,100.29975105914548,0.04803749767432919,1.7362914428627505,149.98852170606412,150.03655920373845,99.37007284180467,101.10636428466742,true,true
500,20.0,149.9889110365573,102.69580361129454,0.044262998383175045,1.549370859080625,149.97299681970057,150.01725981808374,101.89954717917917,103.44891803825979,true,false
500,20.0,149.97868529256954,98.16556793839513,0.04606815112126128,1.600546988075365,149.96139514597664,150.0074632970979,97.34565301579289,98.94620000386826,true,false
500,20.0,150.0051521342075,99.29026163919792,0.04643066063027845,1.6178440118830935,149.98832929125095,150.03475995188123,98.48319278705105,100.10103679893415,true,true
500,20.0,150.02672310831798,98.70996535171818,0.043554329687793825,1.5129324108547024,150.01042559058024,150.05397992026803,97.91393841083674,99.42687082169144,false,false
500,20.0,150.02362735339824,99.77206768749816,0.04413042773509801,1.3557002601160235,150.00785869349002,150.05198912122512,99.07571922455004,100.43141948466607,false,true
500,20.0,150.00495293134753,99.75139782998386,0.04775596191782938,1.5135328423722427,149.9880410835401,150.03579704545794,98.98561314286871,100.49914598524096,true,true
500,20.0,150.00630322910865,100.03094294087484,0.04661366785560972,1.6842335798544923,149.9894136852076,150.03602735306322,99.15035333614053,100.83458691599502,true,true
500,20.0,149.93007403644407,102.57908199977857,0.04184884087842988,1.3488915223797449,149.91444263807008,149.95629147894851,101.87746675337162,103.22635827575137,false,false
500,20.0,150.01340070916905,99.40400033243657,0.04313866765525631,1.474311898443915,149.9976417657934,150.04078043344865,98.64485638710983,100.11916828555374,true,true
500,20.0,149.96606235707085,98.91767152984119,0.046410155832205646,1.4531285200992272,149.9493199599895,149.99573011582171,98.15374133380276,99.60686985390198,false,false
500,20.0,150.00687808406616,99.55068293588218,0.04456913457170231,1.6726474954698887,149.99010224458942,150.03467137916113,98.67348759884293,100.34613509431281,true,true
500,20.0,149.9868299756406,99.4861904920292,0.045486082321190224,1.6834345580887202,149.9700093837703,150.0154954660915,98.6159748921877,100.29940945027641,true,true
500,20.0,150.007925533025,100.74070112567156,0.04241126287075758,1.6365284552955757,149.9915901840144,150.03400144688516,99.90589920281333,101.5424276581089,true,true
500,20.0,150.01734932259808,100.33062568261451,0.04192455775475423,1.5552457009503655,150.00317420016103,150.04509875791578,99.53988895656448,101.09513465751485,false,true
500,20.0,150.02178029583217,99.93921996598164,0.04222025802349094,1.6595044053210728,150.0067451655978,150.0489654236213,99.07776152963207,100.73726593495314,false,true
500,20.0,149.97419909668355,100.90424029921076,0.04335586774186595,1.7286003758018893,149.9590787045859,150.00243457232776,100.01544781526546,101.74404819106735,true,false
500,20.0,150.00223214041404,99.73069056275446,0.04556636478935161,1.4468186674609314,149.98546515146677,150.03103151625612,98.97703464756822,100.42385331502915,true,true
500,20.0,150.015313261402,100.99738058041365,0.04376045262947059,1.5201299736172302,149.99928612899902,150.0430465816285,100.21181842737555,101.73194840099278,true,false
500,20.0,149.997522178667,100.51237260365802,0.0410898532515489,1.3090482942497772,149.98171635791047,150.02280621116202,99.82929113388472,101.1383394281345,true,true
500,20.0,150.00806912083638,98.42230208688486,0.045350804900550656,1.8217677820477434,149.99127629638159,150.03662710128214,97.49402336907357,99.31579115112132,true,false
500,20.0,149.9900900760004,101.85135832060453,0.04457828869371383,1.6651149631940996,149.974169538039,150.01874782673272,100.98818065627897,102.65329561947307,true,false
500,20.0,150.0232422856858,99.28182921660606,0.04847451330593344,1.5788846051290193,150.0055203912835,150.05399490458944,98.44038170122661,100.01926630635563,false,true
500,20.0,150.0144986040337,98.23015756714692,0.048076548541786224,1.524324059080456,149.9966052274338,150.0446817759756,97.45592708336969,98.98025114245014,true,false
500,20.0,150.0125139132789,99.10758664764504,0.04301084615266859,1.7296839866322244,149.99628695364478,150.03929779979745,98.23271696796125,99.96240095459348,true,false
500,20.0,149.9963279744907,99.02870009393476,0.04190777470714124,1.6573433557112764,149.98060760082674,150.02251537553389,98.14059763267865,99.79794098838993,true,false
500,20.0,149.9692639976216,101.70092303348488,0.04430846580959269,1.5989894030854828,149.9527542966072,149.9970627624168,100.86290002080324,102.46188942388872,false,false
500,20.0,149.95093904622018,101.08712574356703,0.04104339550514169,1.3985155668944458,149.93550590957585,149.976549305081,100.37634264041807,101.77485820731252,false,false
500,20.0,150.01757914503352,99.43925163244627,0.04395015891648768,1.553787941619163,150.000962604713,150.0449127636295,98.65726964799833,100.2110575896175,false,true
500,20.0,150.01232906862353,98.00345398537411,0.04807890311997198,1.7643739645180148,149.99478883447756,150.04286773759753,97.12791639084267,98.89229035536069,true,false
500,20.0,150.0210260374271,102.15232936958554,0.04206531130645885,1.60461870391606,150.00558448124255,150.047649792549,101.28777759136017,102.89239629527623,false,false
500,20.0,149.94224091989088,101.05629858779281,0.04552262112568428,1.4804822319556763,149.92513803157215,149.97066065269783,100.29748498806202,101.7779672200177,false,false
500,20.0,150.0089546090295,101.06062075598683,0.04319402534721917,1.7048184709595517,149.99343969130484,150.03663371665206,100.17256518725185,101.8773836582114,true,false
500,20.0,150.01934370563427,101.48543326185597,0.04341820283670472,1.4667905772154768,150.00378828474578,150.04720648758249,100.72424779752095,102.19103837473642,false,false
500,20.0,150.0251212194092,101.51306119171446,0.0443145749656253,1.523237232750759,150.00853731741321,150.05285189237884,100.71340361221492,102.23664084496568,false,false
500,20.0,150.0183140062743,101.62290263936504,0.04433874054615217,1.1739173657279451,150.00212544529404,150.0464641858402,100.98888379095715,102.16280115668509,false,false
500,20.0,150.016627824379,99.57801289272629,0.04314090942750681,1.5346894523470667,150.00094784267327,150.04408875210078,98.7549477776017,100.28963722994877,false,true
500,20.0,149.93138625622603,98.49332254628084,0.04778663326268884,1.7291736797760393,149.91339716648173,149.96118379974442,97.60599898411944,99.33517266389548,false,false
500,20.0,150.0124417783041,100.28229824754179,0.04733921933723195,1.7472596411989372,149.99569247638476,150.043031695722,99.408546574024,101.15580621522294,true,true
500,20.0,149.99068935281213,99.07217249936673,0.042215981065112373,1.8756027340003527,149.97498950247234,150.01720548353745,98.10117769890377,99.97678043290412,true,false
500,20.0,150.0212447838438,98.48564236124761,0.04439406206620333,1.787960416243493,150.00512123382143,150.04951529588763,97.60037605143484,99.38833646767833,false,false
500,20.0,150.01639050440696,99.80590980389604,0.04361904643747039,1.3032774750965785,149.99973383050036,150.04335287693783,99.12230051782977,100.42557799292635,true,true
500,20.0,149.99598976021633,99.30354410436459,0.043359484516372504,1.7138387525590701,149.9800151364571,150.02337462097347,98.38624749093313,100.1000862434922,true,true
500,20.0,149.95735542735133,99.52403948299676,0.0424372398624655,1.618467137179337,149.94138162762948,149.98381886749195,98.69876140089896,100.3172285380783,false,true
500,20.0,149.9594083763003,100.15976316271329,0.040830358412506484,1.4683003050900254,149.94401710725487,149.98484746566737,99.39392777107943,100.86222807616946,false,true
500,20.0,149.98055871704418,98.88533927135742,0.04225104528345014,1.4343676986953824,149.96476651890842,150.00701756419187,98.13329449953113,99.56766219822651,true,false
500,20.0,150.01398735133998,103.61551342733712,0.04101094842440034,1.5927111561885994,149.99891856907993,150.03992951750433,102.78426517126086,104.37697632744946,true,false
500,20.0,150.01532183337434,99.20397778937487,0.043553232499334626,1.762443700719146,149.99858853699635,150.0421417694957,98.28490185784597,100.04734555856511,true,true
500,20.0,150.00386148169304,98.94358844844874,0.04415500397232108,1.4923331318597093,149.98748950946194,150.03164451343426,98.15999727473559,99.6523304065953,true,false
500,20.0,149.98416627980825,99.06244361124752,0.04205527417016697,1.3319153636373358,149.96850660065974,150.0105618748299,98.33944621369493,99.67136157733226,true,false
500,20.0,150.02306238190934,98.46398510492537,0.04421576954555917,1.3192581138172557,150.00685814440112,150.05107391394668,97.75905922145714,99.07831733527439,false,false
500,20.0,149.97979460581854,98.70236906786283,0.04537365219434264,1.4731216796483437,149.96267260641392,150.00804625860826,97.95088061738483,99.42400229703317,true,false
500,20.0,150.02381139844036,100.77438205524055,0.04095364295233139,1.5407063809687997,150.0081943011268,150.04914794407912,99.96949476397735,101.51020114494615,false,true
500,20.0,149.97203951064276,100.96674038402631,0.04575481698125827,1.0071076037714874,149.95505567222415,150.0008104892054,100.39430966923706,101.40141727300855,true,false
500,20.0,150.01123584962394,101.42938792320628,0.041786638822117084,1.4846736781152146,149.99606496297017,150.03785160179228,100.65095161271849,102.1356252908337,true,false
500,20.0,150.01729579424892,99.70164820081376,0.04518806040644563,1.6149250954585312,149.99982498810652,150.04501304851297,98.85282026201133,100.46774535746987,true,true
500,20.0,149.95599389020288,101.09845910743113,0.04217124480621237,1.531900940717108,149.9408485317221,149.98301977652832,100.29586785089245,101.82776879160956,false,false
500,20.0,150.0191484866205,100.35060468575435,0.04622564979533195,1.6038023088629672,150.00211371753264,150.04833936732797,99.49910197271572,101.10290428157869,false,true
500,20.0,150.01172980277246,99.15814749172083,0.04470582481934571,1.5606931732373255,149.9946599451789,150.03936576999826,98.33005615798035,99.89074933121768,true,false
500,20.0,149.96913565183212,98.99297280046582,0.04686284949355013,1.462175731226452,149.95186538447354,149.99872823396709,98.23329683445034,99.6954725656768,false,false
500,20.0,150.0056242257238,99.67928699378217,0.04398087416447538,1.4673280226123353,149.9886114638058,150.03259233797027,98.91483271532631,100.38216073793865,true,true
500,20.0,149.99742956070773,102.92133048181798,0.039912550832610805,1.4906290199686367,149.9820945675448,150.02200711837742,102.11648433007468,103.60711335004332,true,false
500,20.0,149.98704801684323,100.07252764969336,0.047091493776605375,1.5258567184505694,149.97031876165218,150.01741025542879,99.26519439324429,100.79105111169486,true,true
500,20.0,150.02110820704877,100.16165927452823,0.04436552779407066,1.7462959236205222,150.0059213457978,150.05028687359186,99.25058573253298,100.9968816561535,false,true
500,20.0,149.98499005881234,98.8486235018444,0.04634889722885305,1.5437005593947788,149.9675903848154,150.01393928204425,98.00786456217543,99.5515651215702,true,false
500,20.0,150.0188628752671,100.61544164156072,0.04442060695021155,1.4742847556770755,150.00256137077756,150.04698197772777,99.86152598320574,101.33581073888281,false,true
500,20.0,149.94968113295704,100.19073877489775,0.0463245538393835,1.391310902517759,149.93256786892067,149.97889242276005,99.47218863146146,100.86349953397922,false,true
500,20.0,149.93504868047097,98.5781806138846,0.04497887652351551,1.5397023967193064,149.91871283316723,149.96369170969075,97.7480272219561,99.2877296186754,false,false
500,20.0,150.01501969257302,100.62940696837737,0.04143458204018202,1.8140627955175859,149.9998033466665,150.0412379287067,99.70308989999786,101.51715269551545,true,true
500,20.0,150.0005521108009,99.4064336074371,0.04666820359432222,1.62957791688072,149.98363818946675,150.03030639306107,98.56740233889198,100.1969802557727,true,true
500,20.0,150.01991666741924,100.6617864271233,0.04313282039541377,1.3324321763528673,150.00417532769407,150.04730814808948,99.94896092886987,101.28139310522273,false,true
500,20.0,149.99252643724418,100.79814692729636,0.045298473632897185,1.5573753310821985,149.97564907530779,150.02094754894068,99.97024907969154,101.52762441077374,true,true
500,20.0,149.99068848286515,101.39108922721363,0.04122542237556104,1.5171336095521042,149.97548500555135,150.0167104279269,100.61634744313827,102.13348105269037,true,false
500,20.0,150.02656639847433,100.10871827365534,0.043760049574984805,1.6012734040950392,150.00969694962077,150.05345699919576,99.2628710798461,100.86414448394113,false,true
500,20.0,150.0169744761148,99.94766218945593,0.040895143532310385,1.5739738273068156,150.00172152941704,150.04261667294935,99.13041960019687,100.70439342750369,false,true
500,20.0,150.01733831158953,100.41519694058778,0.04164930514144771,1.5390974880921249,150.00197101847579,150.04362032361723,99.61822897061555,101.15732645870767,false,true
500,20.0,150.0264676663914,99.11606883569425,0.042029752593208514,1.7400383062053635,150.0107036828908,150.05273343548401,98.25098070443836,99.99101901064373,false,false
500,20.0,150.0174168303783,99.92119847839592,0.042989301507333266,1.2529221930120116,150.00159585057082,150.04458515207816,99.23867961698775,100.49160180999976,false,true
500,20.0,150.01711493540415,98.92948110157067,0.04502816801965537,1.6205473680221019,150.00033820263496,150.04536637065462,98.10562026800841,99.72616763603051,false,false
500,20.0,149.95457187931123,98.75502125021205,0.04643522929006849,1.562410999842271,149.9373408622351,149.98377609152516,97.92598312979717,99.48839412963945,false,false
500,20.0,150.00658144160553,98.92713157709329,0.041041034902804086,1.3690916956936547,149.99080720683043,150.03184824173323,98.19781904500425,99.5669107406979,true,false
500,20.0,150.0098451754822,100.10684585416186,0.044166911547677046,1.527198954542115,149.99382893243205,150.03799584397973,99.29801730832693,100.82521626286905,true,true
500,20.0,150.0244938359566,98.72977314355207,0.0456090118867678,1.3622079495611388,150.00741093942145,150.05301995130822,98.00854458429413,99.37075253385527,false,false
500,20.0,149.97317998711048,98.97510335571278,0.0444771398314856,1.3565211172184775,149.95665563379364,150.00113277362513,98.22970624144389,99.58622735866237,true,false
500,20.0,149.98471504435147,101.89435379970539,0.040720880225620704,1.6021579722366681,149.96864677640687,150.0093676566325,101.05460441754914,102.65676238978581,true,false
500,20.0,150.0226283931774,100.16037582017213,0.0426484375231837,1.5139246753036417,150.00733810490087,150.04998654242405,99.36036681526514,100.87429149056878,false,true
500,20.0,150.02705044070444,99.8154457601686,0.04467509166610739,1.5172365672063677,150.01000704448677,150.05468213615288,99.03960988192864,100.55684644913501,false,true
500,20.0,150.01015927009237,100.60791090354297,0.04117299163888788,1.6083101985862385,149.99487173316075,150.03604472479964,99.78712095677493,101.39543115536117,true,true
500,20.0,150.00463431338488,98.93714367195741,0.045488276680714534,1.6425523817291605,149.98794971372484,150.03343799040556,98.09253382550204,99.7350862072312,true,false
500,20.0,150.00945862752877,99.01776991880354,0.04188896324691882,1.7338656353361728,149.99283448879123,150.03472345203815,98.15651488270342,99.89038051803959,true,false
500,20.0,150.01815095490838,99.74801482614525,0.04362152960149501,1.634708318859893,150.00162812307929,150.04524965268078,98.9348286382907,100.56953695715059,false,true
500,20.0,150.00639110767247,97.61364377514916,0.04631705261630259,1.7330036578775179,149.98899792722727,150.03531497984358,96.71991050025281,98.45291415813033,true,false
500,20.0,150.0225935273246,100.28476634932062,0.046942196303035644,1.597049558013751,150.00468556225633,150.05162775855936,99.44141379193674,101.03846334995049,false,true
500,20.0,150.01832632495513,99.22628876055782,0.046355589097515804,1.6442133799192789,150.00196627436668,150.0483218634642,98.36979351171108,100.01400689163036,false,true
500,20.0,149.99218924945552,101.81513392962955,0.03801055030817224,1.6513905078975313,149.97809661416096,150.01610716446913,100.99469052384335,102.64608103174088,true,false
500,20.0,149.9861170605327,99.43266245833479,0.04448912737024102,1.4575167152478627,149.9697214504751,150.01421057784535,98.69306457630545,100.15058129155331,true,true
500,20.0,149.99124761511598,98.86766636054695,0.04668269057773955,1.7677730565906415,149.97375822273526,150.020440913313,97.93788800256372,99.70566105915437,true,false
500,20.0,149.93282962971568,99.40897215577058,0.042343963703672216,1.6673508363994074,149.91693838905948,149.95928235276315,98.53786076887995,100.20521160527936,false,true
500,20.0,150.0004725444106,100.4521068749021,0.043293885017220646,1.8000685124875275,149.98560148712858,150.0288953721458,99.4684078910849,101.26847640357242,true,true
500,20.0,150.00390507763262,100.73686529921629,0.04167223649150742,1.2949700131801904,149.98857871074202,150.03025094723353,100.05107136684153,101.34604138002172,true,false
500,20.0,149.9772744541356,99.92853122309093,0.0423753175569459,1.640747815783854,149.9611745492585,150.00354986681543,99.0759693313054,100.71671714708926,true,true
500,20.0,149.9384231906061,99.16826938798616,0.047178879836138776,1.2850091212077785,149.92125005536596,149.9684289352021,98.48122037372268,99.76622949493046,false,false
500,20.0,149.98992941104413,102.1479350108201,0.04408039339071479,1.6019010332304617,149.97348974410505,150.01757013749577,101.29654402771598,102.89844506094644,true,false
500,20.0,149.99842630647532,101.39484378265487,0.04078141021506099,1.4197002922974349,149.98308819078989,150.02386960100495,100.64601401391587,102.06571430621331,true,false
500,20.0,149.96765427717543,100.97136075515826,0.04108138549352702,1.4550482736076873,149.95240545165692,149.99348683715044,100.2434054113857,101.69845368499338,false,false
500,20.0,150.01764225571554,99.92451501215083,0.044718826504038134,1.6968166528387059,150.00087158146658,150.04559040797062,99.04306526439524,100.73988191723394,false,true
500,20.0,150.0108331694625,100.91037257863172,0.04397731840913366,1.5629469910313674,149.99466119506218,150.0386385134713,100.05211285164852,101.61505984267988,true,false
500,20.0,149.98419194042305,102.44603386825766,0.042713061128836216,1.666878469219867,149.96827727869166,150.0109903398205,101.60903514894969,103.27591361816955,true,false
500,20.0,149.9977713812445,101.18739324471827,0.04338473900992312,1.6397585041707288,149.98105649762795,150.02444123663787,100.3211673734134,101.96092587758413,true,false
500,20.0,150.01164610116209,100.12497005370085,0.04321197014854761,1.7157939291999043,149.99641845843007,150.03963042857862,99.26019116092478,100.97598509012468,true,true
500,20.0,149.98191337039975,100.5911837118395,0.04377948160896494,1.41069502323856,149.96647844015254,150.0102579217615,99.82489818826879,101.23559321150735,true,true
500,20.0,149.97177358655043,97.80312151018359,0.046866178378934364,1.6801176721820212,149.95447829294466,150.0013444713236,96.95394641489084,98.63406408707286,true,false
500,20.0,150.02745472025367,99.91518787464429,0.043460569981078834,1.5246280932135505,150.01081174294455,150.05427231292563,99.12842642866619,100.65305452187974,false,true
500,20.0,150.0229963312902,99.72588240431965,0.04194631358222978,1.6740491790719716,150.00761948698081,150.04956580056304,98.86667525497805,100.54072443405002,false,true
500,20.0,149.95547434638422,100.31900155223303,0.04427014225990433,1.5805442645161918,149.93898452217707,149.98325466443697,99.53379217053643,101.11433643505262,false,true
