ndata,sigma,theta1_median,theta2_median,theta1_iqrs,theta2_iqrs,quartiles1_1,quartiles3_1,quartiles1_2,quartiles3_2,theta1_coverage,theta2_coverage
200,1.0,150.04382998819813,99.51165821194172,0.10712298151543109,1.1928634140199108,150.0039239717534,150.11104695326884,98.89566299448572,100.08852640850563,false,true
200,1.0,150.0631315426961,100.07359776169821,0.10584085862393522,1.1754235238907995,150.02483837284876,150.1306792314727,99.48883088439179,100.66425440828259,false,true
200,1.0,150.0416925300607,100.57376254051772,0.10875801354424652,1.235928363722394,150.00278442924898,150.11154244279322,99.96223514812007,101.19816351184247,false,true
200,1.0,150.03306496733347,100.50160983627882,0.10829655505435198,1.2764165771872342,149.99465608190215,150.1029526369565,99.85955363728358,101.13597021447082,true,true
200,1.0,150.0616931772003,100.07007056968779,0.1080757155020251,1.216686673661357,150.02279734725786,150.1308730627599,99.46132510776695,100.67801178142831,false,true
200,1.0,150.06046745079806,100.81972574838585,0.10615278005067807,1.270375264801359,150.0205412935473,150.12669407359797,100.18859463919608,101.45896990399744,false,false
200,1.0,149.86513917664175,99.96517288390973,0.10873458715946072,1.198431941352169,149.8245598652395,149.93329445239897,99.3487489989208,100.54718094027297,false,true
200,1.0,150.06035931958823,99.96313043417796,0.11563196249258567,1.1296511522230759,150.015955991503,150.1315879539956,99.39540554889403,100.52505670111711,false,true
200,1.0,149.93563517429993,99.3662161323154,0.1044518632425877,1.1277595024485976,149.89654909696714,150.00100096020972,98.79904831011662,99.92680781256522,true,false
200,1.0,150.02989609766712,99.52095367514269,0.11320747611887327,1.190362512359627,149.9872525330586,150.10046000917748,98.91590674920506,100.10626926156469,true,true
200,1.0,150.06603342039506,100.05204741551478,0.10960292238371494,1.0944291584146129,150.02723629558653,150.13683921797025,99.49532222052501,100.58975137893962,false,true
200,1.0,149.88429184796252,100.10323683823253,0.10559302393997427,1.1655939602507885,149.8454870017177,149.95108002565766,99.51777802310153,100.68337198335232,false,true
200,1.0,149.99735235645457,99.19292451509972,0.11124060801475366,0.9579477298210435,149.95568148320618,150.06692209122093,98.70527925503559,99.66322698485664,true,false
200,1.0,149.7066006045863,100.0567723402101,0.11652893251971363,1.1844358734150262,149.66226636894527,149.77879530146498,99.46841325904279,100.65284913245782,false,true
200,1.0,149.9941034146729,100.6207072549399,0.10561786627712877,1.2406423002492062,149.95354432779493,150.05916219407206,99.98252878746182,101.22317108771102,true,true
200,1.0,150.06325801705387,98.59060540185092,0.1120118526318663,1.0176797197854341,150.02128752818587,150.13329938081773,98.0594488886673,99.07712860845274,false,false
200,1.0,149.7610039184873,99.99001228813381,0.11387395003433198,1.1918588334559246,149.71908727454948,149.8329612245838,99.38523661072219,100.57709544417811,false,true
200,1.0,150.06318439473853,100.01811021912413,0.11024847832499063,1.1286648738496439,150.02232863169309,150.13257711001808,99.45016356835295,100.57882844220259,false,true
200,1.0,150.04162362473497,100.67464154313907,0.10872516793023124,1.2706951375738242,149.99977192720627,150.1084970951365,100.04380420345333,101.31449934102716,true,false
200,1.0,150.0507072879028,99.47640393098195,0.12018862093114535,1.119186719182764,150.0073903686472,150.12757898957835,98.91104249052438,100.03022920970714,false,true
200,1.0,150.01935366447398,100.11893671502212,0.09650811171687224,1.16849502792725,149.98375707429463,150.0802651860115,99.52851270309056,100.6970077310178,true,true
200,1.0,150.02835035989156,99.84855716654705,0.10630471266105701,1.224565691160322,149.98998191563336,150.09628662829442,99.22925845201476,100.45382414317508,true,true
200,1.0,150.0253469132855,100.72229105768616,0.10873431760296626,1.251024957230456,149.98627341737864,150.0950077349816,100.0851083445625,101.33613330179296,true,false
200,1.0,150.01142065480434,100.28212847591482,0.1059503948821714,1.2403498259114514,149.97371260478224,150.0796629996644,99.68349658396859,100.92384640988004,true,true
200,1.0,150.0069569891369,100.3323525204472,0.108899455867288,1.2155452117878696,149.96560838439825,150.07450784026554,99.70991817776435,100.92546338955222,true,true
200,1.0,149.986519003179,100.27188510146519,0.11468919589788129,1.2242883713175559,149.94471214931878,150.05940134521666,99.68694085843529,100.91122922975285,true,true
200,1.0,149.86547805070364,100.76915221651504,0.10461636190404988,1.2671925013105891,149.82507873911527,149.92969510101932,100.12914527020102,101.39633777151161,false,false
200,1.0,149.79106337497143,99.77560595391941,0.11126562530674278,1.1122379303738796,149.7505261508744,149.86179177618115,99.19578351210004,100.30802144247392,false,true
200,1.0,150.06007407891622,100.25503932343439,0.10545373431062899,1.2406856409378122,150.02049630671314,150.12595004102377,99.6247747988928,100.86546043983061,false,true
200,1.0,149.92618521046626,100.0373891978641,0.10472713813192058,1.2383988274356312,149.8869395513097,149.99166668944162,99.39834126958455,100.63674009702018,false,true
200,1.0,149.99373633546983,100.57180077243616,0.10147048606000908,1.2557669921434353,149.95646728509104,150.05793777115105,99.95418754766813,101.20995453981156,true,true
200,1.0,149.98850929247882,100.10864209948393,0.11600060063923934,1.2217949748164898,149.94708969348815,150.0630902941274,99.50852426626808,100.73031924108457,true,true
200,1.0,150.0563393353166,99.95572446784908,0.10717735106624104,1.180402637981274,150.0158363765275,150.12301372759373,99.34873314505587,100.52913578303715,false,true
200,1.0,149.87698129010664,100.2830018082694,0.10455213043422873,1.1845055177532373,149.8383276992032,149.94287982963743,99.69447423638573,100.87897975413897,false,true
200,1.0,149.89836171360344,99.63848773210108,0.11046154546244225,1.1163422975837136,149.858063021419,149.96852456688146,99.06526752791697,100.18160982550069,false,true
200,1.0,149.9814285942011,100.15479856141017,0.10494004005619217,1.1880760532444015,149.9428906858414,150.0478307258976,99.5423562980558,100.7304323513002,true,true
200,1.0,149.98891636265745,100.17662831063055,0.10574342661774949,1.102560529934948,149.94970815144225,150.05545157806,99.59602870227695,100.6985892322119,true,true
200,1.0,150.01947637652898,100.11928446328642,0.10967403821666721,1.1244786430982145,149.97893917911458,150.08861321733124,99.55123980805284,100.67571845115106,true,true
200,1.0,150.01255272977966,100.1329680480027,0.11128598135195489,1.2369404067098344,149.9701214017953,150.08140738314725,99.52840251158104,100.76534291829087,true,true
200,1.0,149.9173015717058,99.02640270111638,0.11202701405721882,1.1723414909311174,149.8744922432677,149.98651925732491,98.42855833020585,99.60089982113696,false,false
200,1.0,149.94647884889744,100.49193609739953,0.10659006371534474,1.2714031188680082,149.90720953056743,150.01379959428277,99.83950150370235,101.11090462257036,true,true
200,1.0,149.7913945954257,99.71689068609396,0.11679006455332797,1.1388349528824477,149.74815014834763,149.86494021290096,99.1362396176712,100.27507457055364,false,true
200,1.0,149.73299786962258,100.48644315607336,0.11038642768528462,1.214490140533016,149.6891495346409,149.7995359623262,99.88050506772908,101.09499520826209,false,true
200,1.0,149.9494445855413,99.87409007891708,0.10924439833806332,1.2094617566795591,149.90969390014672,150.01893829848478,99.2528882748216,100.46235003150116,true,true
200,1.0,150.0176870237538,100.49277893216666,0.10220704080268206,1.2296434624872319,149.98021813706322,150.0824251778659,99.84542182223778,101.07506528472501,true,true
200,1.0,150.04917578327814,100.48974601410947,0.11027344861469146,1.290887334425804,150.00903097390628,150.11930442252097,99.81902053927007,101.10990787369587,false,true
200,1.0,150.02744041105666,99.8911970183135,0.11299419619609807,1.2019443824857632,149.9851142140305,150.0981084102266,99.26383387354176,100.46577825602752,true,true
200,1.0,150.05486975223846,100.28165124048162,0.10737030707466033,1.2511023200323876,150.01230086947655,150.1196711765512,99.64615524738556,100.89725756741795,false,true
200,1.0,149.96660304962296,100.17328184227958,0.11238205894287034,1.1957150500326748,149.92537259135793,150.0377546503008,99.567010123562,100.76272517359467,true,true
200,1.0,149.93311658656614,100.42720448382809,0.10450882081903501,1.2270201941781664,149.89377000772063,149.99827882853967,99.7806617851563,101.00768197933446,false,true
200,1.0,149.9060255960104,100.1109869060441,0.1094764264338437,1.1943700180628554,149.86556208256295,149.9750385089968,99.52731598493504,100.7216860029979,false,true
200,1.0,149.9030506417564,100.72957246719581,0.1077251767335099,1.2329716105004564,149.86242487996685,149.97015005670036,100.11078332853025,101.3437549390307,false,false
200,1.0,149.93959516949067,99.83668318055044,0.10624859537091424,1.1787307719241795,149.90131521952458,150.0075638148955,99.24638717099047,100.42511794291465,true,true
200,1.0,150.04800926392357,100.0609440600064,0.10742020607656855,1.2119133481298974,150.0065460089763,150.11396621505287,99.46324348756922,100.67515683569911,false,true
200,1.0,150.05319891015614,99.53886194921878,0.10423331311955053,1.139350293513047,150.01400664849746,150.118239961617,98.97287000953563,100.11222030304867,false,true
200,1.0,149.94317189482763,99.91709268447671,0.1062197854618887,1.189432349569671,149.90484105729246,150.01106084275435,99.30604678437012,100.4954791339398,true,true
200,1.0,149.9823061148999,99.29994088339795,0.10048077068293537,1.0694158860343492,149.94473744388142,150.04521821456436,98.75429377878088,99.82370966481523,true,false
200,1.0,150.01609008515356,99.68903237251436,0.10624298335801541,1.2124869958168176,149.97548563877135,150.08172862212936,99.08301024188236,100.29549723769918,true,true
200,1.0,149.74818075151705,100.03061044956715,0.11425901806842376,1.209358917032148,149.70518647042115,149.81944548848958,99.43135777502255,100.6407166920547,false,true
200,1.0,150.05775552598774,100.45936482999724,0.1052512198415343,1.2129098064593364,150.01857191232938,150.1238231321709,99.85784640059428,101.07075620705362,false,true
200,1.0,150.06474950636147,100.07606071545123,0.11286038160864109,1.2209232995776063,150.0245131251832,150.13737350679185,99.47365709669316,100.69458039627077,false,true
200,1.0,149.83920751829572,99.20330691993027,0.1066717592759403,1.117847850099011,149.79963745193254,149.90630921120848,98.62795645729946,99.74580430739847,false,false
200,1.0,150.05231323712906,100.49778967914057,0.10962942741863912,1.2201466065666864,150.01097640849835,150.120605835917,99.90421057484606,101.12435718141275,false,true
200,1.0,150.019671269981,100.23465061517228,0.10141281210459852,1.1967670203783456,149.9820157431616,150.0834285552662,99.65888216828355,100.8556491886619,true,true
200,1.0,150.00069341927588,99.6872033279501,0.11029089879599496,1.1811388838625732,149.95860328789763,150.06889418669363,99.09601873093533,100.2771576147979,true,true
200,1.0,150.0201258636799,100.50762225878424,0.10473371903555062,1.2534603133883024,149.9803063536014,150.08504007263696,99.86767180984995,101.12113212323825,true,true
200,1.0,149.96707765619817,99.90409786037804,0.11001025268180342,1.1108287057798805,149.92583571314603,150.03584596582783,99.33361474454733,100.44444345032721,true,true
200,1.0,149.8891066138944,100.46053237573462,0.11093704983136377,1.2578276667120036,149.84760871757297,149.95854576740433,99.8230114812318,101.0808391479438,false,true
200,1.0,149.96554099953562,100.32541309548505,0.10653331685219314,1.2756572053505124,149.92573599897966,150.03226931583185,99.68453448897796,100.96019169432847,true,true
200,1.0,149.99280722240968,100.20591309288827,0.11074690354416816,1.1791276452659503,149.95148677118982,150.062233674734,99.62785444805833,100.80698209332428,true,true
200,1.0,150.0331078043018,100.60874528287871,0.1083902533425487,1.26952252933107,149.99272108422522,150.10111133756777,99.95588943644877,101.22541196577984,true,true
200,1.0,149.94166466092753,99.56652418413768,0.10625647338912358,1.155178866285567,149.9031422987338,150.00939877212292,98.98782167577824,100.1430005420638,true,true
200,1.0,149.82994479807468,99.80818707667902,0.11128162003558373,1.1487358185246137,149.7884908073044,149.89977242734,99.24412187493849,100.3928576934631,false,true
200,1.0,150.04560712292522,100.54047735741642,0.10183702906840608,1.2737199648130684,150.00776227389807,150.10959930296647,99.90768613918311,101.18140610399618,false,true
200,1.0,149.9214949664756,99.97108337050028,0.10814623383603816,1.1794292177237224,149.88161748979374,149.98976372362978,99.3788055202156,100.55823473793932,false,true
200,1.0,150.05952614178454,100.32170163115768,0.10641450361706006,1.1619408458264502,150.02097866761636,150.12739317123342,99.73768082132327,100.89962166714972,false,true
200,1.0,150.0428534514329,99.82510630825438,0.1056145524721046,1.1491599752719992,150.00344355452395,150.10905810699606,99.26034971279917,100.40950968807117,false,true
200,1.0,150.01724216607602,99.99382507611593,0.10698792747555785,1.0859254655806154,149.97673503239685,150.0837229598724,99.44165706903267,100.52758253461329,true,true
200,1.0,150.0496410446491,100.2787341996098,0.11385268584021446,1.2052083039273214,150.0102830786399,150.12413576448012,99.67174280118788,100.8769511051152,false,true
200,1.0,150.0065728521352,99.56163467994934,0.10864593074222739,1.1243189310320503,149.9660982106065,150.07474414134873,98.97965345502357,100.10397238605562,true,true
200,1.0,149.9353530509556,100.26992757050431,0.1093966390451726,1.1970011901858726,149.89455808011792,150.0039547191631,99.67128766701776,100.86828885720364,true,true
200,1.0,149.907472087445,99.6654059865339,0.11546625838983005,1.184600774215184,149.8644113881592,149.97987764654903,99.07135809964132,100.2559588738565,false,true
200,1.0,149.9712365278831,100.39075724965822,0.11685773052093396,1.2306825931826069,149.9279682545207,150.04482598504163,99.77345095165875,101.00413354484135,true,true
200,1.0,149.96762061639808,99.66258012373805,0.10794637746403168,1.177158580981569,149.9270552108085,150.03500158827254,99.07926237429615,100.25642095527772,true,true
200,1.0,149.9282256038635,99.60615477552821,0.11374366567417837,1.0421114783919165,149.8861438601284,149.9998875258026,99.08239994982827,100.12451142822019,false,true
200,1.0,149.9622210667614,99.82621056796383,0.1086612116453125,1.1365686596857643,149.9234853225466,150.03214653419192,99.2605580968189,100.39712675650466,true,true
200,1.0,150.03156768012366,99.38612571222792,0.11133768297708002,1.0717188861310092,149.98960909673673,150.1009467797138,98.8439896825534,99.91570856868441,true,false
200,1.0,150.0226719623355,99.71806227070368,0.10823368431053382,1.2007870636899582,149.98258665672196,150.0908203410325,99.14008986488243,100.34087692857238,true,true
200,1.0,150.0303861391132,99.9453155063523,0.11089913232549975,1.2182513032519466,149.9902342589462,150.1011333912717,99.31805588449014,100.53630718774208,true,true
200,1.0,149.9079794835273,100.6840688808051,0.10365114833174971,1.2364511408703436,149.8702702487288,149.97392139706054,100.06418482499123,101.30063596586157,false,false
200,1.0,149.98409657129406,99.84379991437694,0.09804394051110421,1.2036617879782483,149.94800825132552,150.04605219183662,99.23393959863017,100.43760138660842,true,true
200,1.0,150.01667630625548,100.41786716148158,0.10285732557440497,1.2228520562510568,149.97801453005212,150.08087185562653,99.80900913892572,101.03186119517677,true,true
200,1.0,150.03766150698593,100.33301595790111,0.11377323084644786,1.2027074059647873,149.99520894655768,150.10898217740413,99.72478248728198,100.92748989324677,true,true
200,1.0,149.99818320126576,100.13094187095324,0.10295103251456794,1.0666519443493598,149.95894630317576,150.06189733569033,99.57419580854335,100.64084775289271,true,true
200,1.0,150.071401793387,100.47989725965394,0.10842279535512489,1.2500140146383387,150.03024933060004,150.13867212595517,99.84015528475251,101.09016929939085,false,true
200,1.0,149.8879420176924,99.46108117842951,0.10297509193202359,1.1498400357966005,149.84970667186803,149.95268176380006,98.87403594130585,100.02387597710245,false,true
200,1.0,150.03041888865792,100.17075074130207,0.10719520927503368,1.1510848213766707,149.98906222652008,150.0962574357951,99.59481161755619,100.74589643893286,true,true
200,1.0,150.06666037548143,100.16185650834149,0.102324516909988,1.201326306818359,150.0284800432334,150.1308045601434,99.5717798354803,100.77310614229866,false,true
200,1.0,150.03499588038312,99.08894778887206,0.11082873326023446,1.107071244540478,149.99443698460635,150.1052657178666,98.52867950337885,99.63575074791933,true,false
200,1.0,150.03845350466594,100.82003894470273,0.10667902746126856,1.279830722853987,149.99955507222313,150.1062340996844,100.14275509805762,101.4225858209116,true,false
200,1.0,149.98749327917596,100.04402321114983,0.10760082341494126,1.2072962976875772,149.94831242266588,150.05591324608082,99.42049956002603,100.62779585771361,true,true
200,1.0,150.01850470951672,100.4134527309844,0.11049208597094662,1.2421336746230907,149.9795363653116,150.09002845128254,99.80566619624928,101.04779987087237,true,true
200,1.0,150.02206556930483,99.3558398100292,0.10921179677393411,1.2046641621924152,149.98121635391828,150.09042815069222,98.7720379581439,99.97670212033631,true,false
200,1.0,150.05913661100186,99.84191580377437,0.11669462015734666,1.1546491532152316,150.0155711673028,150.13226578746014,99.23930982697117,100.3939589801864,false,true
200,1.0,149.99509646919262,100.0770752956019,0.10346588953822788,1.1525772429065029,149.95651588378598,150.0599817733242,99.48278396735174,100.63536121025824,true,true
200,1.0,150.01503573365187,99.99056118751146,0.11218862380624728,1.2264136816522893,149.97321840622556,150.0854070300318,99.37074811998157,100.59716180163386,true,true
200,1.0,150.00281281548638,99.88501182888287,0.11316848873792651,1.1927950179158273,149.96077856946238,150.0739470582003,99.26987051967912,100.46266553759494,true,true
200,1.0,150.00725574882586,100.55845588173676,0.11512670801664626,1.2329818232021097,149.9651746338937,150.08030134191034,99.91907171553045,101.15205353873256,true,true
200,1.0,150.00252834505687,99.75260685815707,0.10805047492300446,1.1112131886351193,149.96349013656834,150.07154061149134,99.166944486194,100.27815767482912,true,true
200,1.0,149.92923136381302,99.67427389063954,0.1082672456070668,1.1654882786492777,149.88853305400255,149.99680029960962,99.08896055941987,100.25444883806915,false,true
200,1.0,149.98176496283614,99.04579559062992,0.11138490899656972,1.127763666262453,149.9391760164356,150.05056092543217,98.48361835563624,99.61138202189869,true,false
200,1.0,150.0544169947225,99.7618754323312,0.09984681360029413,1.1266237275286102,150.0171143245325,150.1169611381328,99.18404933953875,100.31067306706736,false,true
200,1.0,150.022482029889,99.81363368626111,0.10339350068386466,1.1445315729630607,149.98446504095892,150.0878585416428,99.237632132998,100.38216370596106,true,true
200,1.0,150.05796799768433,99.560366971533,0.11439299366682576,1.1324066116206382,150.01482958801702,150.12922258168385,98.97263765847406,100.1050442700947,false,true
200,1.0,149.98847183957463,99.68571091374213,0.11654340013248543,1.1573933356385027,149.94449558001682,150.0610389801493,99.1075338692091,100.26492720484761,true,true
200,1.0,150.04290647166658,100.03333788806464,0.10549329142114061,1.1450666759483994,150.0030318912488,150.10852518266995,99.44551357515746,100.59058025110586,false,true
200,1.0,150.00414484603297,99.89647213863827,0.11233297288217159,1.1476242907266112,149.96257928178358,150.07491225466575,99.31834319868715,100.46596748941376,true,true
200,1.0,150.0324890047558,100.07315950045168,0.10784789036119946,1.1466460024508365,149.99229232475,150.1001402151112,99.49034326723066,100.6369892696815,true,true
200,1.0,150.0497535583466,99.97501117903361,0.10508110366134815,1.1479163589379766,150.0092745760399,150.11435567970125,99.41260559175834,100.56052195069631,false,true
200,1.0,150.01333604177586,99.96350706198965,0.11265242869640701,1.0845657600392826,149.97120263240637,150.08385506110278,99.41546407365702,100.5000298336963,true,true
200,1.0,149.921348138396,99.89901905630522,0.09877187487197148,1.200720565297999,149.88304460406218,149.98181647893415,99.28327799124581,100.48399855654381,false,true
200,1.0,149.72052473063684,99.44603826942401,0.10666680795648631,1.1697771101220695,149.68151881933468,149.78818562729117,98.87767272953228,100.04744983965435,false,true
200,1.0,149.91229414214405,100.5052053027616,0.10738022319392826,1.217490604648205,149.87212654050356,149.9795067636975,99.87780142359928,101.09529202824748,false,true
200,1.0,149.8995355348962,100.389414016882,0.10381395208816002,1.222991922631735,149.8618594977455,149.96567344983367,99.76560609805814,100.98859802068988,false,true
200,1.0,149.78969908043172,99.11026756478614,0.11400760016564959,1.0265467860358228,149.7476378066414,149.86164540680704,98.59221910050195,99.61876588653777,false,false
200,1.0,149.976624095422,99.99736000324438,0.11737675481680299,1.0872593451689596,149.93207078278078,150.0494475375976,99.46170595230274,100.5489652974717,true,true
200,1.0,149.94419644467422,99.951780991336,0.10836645070457962,1.2115155388326144,149.90451330969856,150.01287976040314,99.33814204342633,100.54965758225894,true,true
200,1.0,149.96286909379535,99.61922311238244,0.10095088888564874,1.005034626594437,149.92593608876595,150.0268869776516,99.09314096713328,100.09817559372772,true,true
200,1.0,150.01727398624246,99.6953958804551,0.11176889095625597,1.2035515808778001,149.97933785109825,150.0911067420545,99.09196648912466,100.29551807000246,true,true
200,1.0,149.98972613945375,100.96250108974824,0.11326674225168176,1.2900147542135585,149.94816071547626,150.06142745772794,100.31422466755924,101.6042394217728,true,false
200,1.0,150.0570123421715,99.91147320649446,0.1072541570807175,1.1469480485067152,150.01852903190155,150.12578318898227,99.33373382703175,100.48068187553847,false,true
200,1.0,150.06041784048568,100.2063359726716,0.10934775527638863,1.140438137927589,150.0192230827536,150.12857083803,99.64723909278055,100.78767723070814,false,true
200,1.0,150.02181870753856,99.40776915110064,0.10793053302467115,1.1500510141943607,149.98221819572046,150.09014872874513,98.81081799240206,99.96086900659643,true,false
200,1.0,149.95434117205218,99.81195557634197,0.11062343375772343,1.1616087028069018,149.913341890055,150.02396532381272,99.23170779911037,100.39331650191727,true,true
200,1.0,150.00295499952594,100.68959354346286,0.11027622704148143,1.2260385073043238,149.96022129959812,150.0704975266396,100.08284373558085,101.30888224288518,true,false
200,1.0,150.00162528788667,99.84302595723588,0.10827756936697597,1.175651845496219,149.96206661928758,150.07034418865456,99.2451742913955,100.42082613689172,true,true
200,1.0,149.9582243940008,100.18861814439526,0.10795052245251213,1.2292796591488582,149.91937430794889,150.0273248304014,99.5671619702855,100.79644162943436,true,true
200,1.0,150.02589783524826,99.932560045069,0.10651747138592782,1.1773467078889581,149.984989413964,150.09150688534993,99.35345956584777,100.53080627373673,true,true
200,1.0,149.9449821713462,100.8437159214428,0.11007039753525305,1.2624288338914198,149.90526929480052,150.01533969233577,100.22086221511347,101.48329104900489,true,false
200,1.0,150.04963423070723,99.89312788025089,0.11673541711726898,1.1748975717281525,150.00690816306877,150.12364358018604,99.30822004579161,100.48311761751977,false,true
200,1.0,150.03092074085492,100.47755182641171,0.10544627847977495,1.2695474330508603,149.99258413807425,150.09803041655402,99.86495300175386,101.13450043480472,true,true
200,1.0,150.06140147749124,99.76129359260764,0.1177536268268966,1.1454465074340447,150.0193455464189,150.1370991732458,99.18802023035568,100.33346673778972,false,true
200,1.0,149.8928105436795,100.74923126723368,0.09948504150730741,1.2414455050742106,149.8552734781041,149.9547585196114,100.11777070311487,101.35921620818908,false,false
200,1.0,149.9393776172629,100.33349412666706,0.10764853998566082,1.1927774849234112,149.89979686262635,150.007445402612,99.749930250943,100.9427077358664,true,true
200,1.0,149.80739665329403,100.20983349628264,0.11244154496654346,1.1485571319793735,149.7657404816938,149.87818202666034,99.65301140017236,100.80156853215173,false,true
200,1.0,150.0020090509038,99.9588162904216,0.10820076319021155,1.1873925497109212,149.96209283760578,150.070293600796,99.38049206545998,100.5678846151709,true,true
200,1.0,149.86820537728784,100.25294565692768,0.1107953184075825,1.2293946615494633,149.8287617808534,149.93955709926098,99.6424104163578,100.87180507790727,false,true
200,1.0,149.87506506294682,99.46736134850718,0.11093885116218871,1.0619424652939955,149.83473090807274,149.94566975923493,98.9285408380113,99.9904833033053,false,false
200,1.0,149.99754199732496,100.13664605579457,0.11243621874481846,1.202213881989664,149.95804286581688,150.0704790845617,99.53370763938463,100.7359215213743,true,true
200,1.0,149.99662839685976,100.00843777680022,0.10979498920718811,1.1800097379037027,149.9568407507687,150.06663573997588,99.41053862027556,100.59054835817926,true,true
200,1.0,150.03120916092575,99.68584999371848,0.1140890256348257,1.147009261726481,149.98889810039776,150.1029871260326,99.11370907830606,100.26071834003254,true,true
200,1.0,149.96964441216724,100.48910648730184,0.1062225424772123,1.2124471897272144,149.9301016295339,150.03632417201112,99.87837840175683,101.09082559148405,true,true
200,1.0,149.93804165728167,100.34823888472847,0.10779797484320852,1.1815733583316472,149.89898011911657,150.00677809395978,99.74599430282896,100.92756766116061,true,true
200,1.0,149.70196683859845,99.58585757432138,0.1050368112037745,1.0989190267366382,149.6617139633027,149.76675077450648,99.03817812877236,100.137097155509,false,true
200,1.0,149.84939514443965,100.46393391151749,0.1162435640817705,1.233078448188735,149.8058609231124,149.92210448719416,99.83397991098693,101.06705835917566,false,true
200,1.0,150.01440230665548,99.23896400646903,0.11056972525494757,1.084935228478514,149.97301030770902,150.08358003296397,98.67568086533913,99.76061609381765,true,false
200,1.0,150.0595399325705,100.36882355441571,0.1078318242456362,1.2042505096256946,150.0210020497596,150.12883387400524,99.78254251006067,100.98679301968636,false,true
200,1.0,150.059998091717,100.43935932527302,0.11341596236559326,1.2477569172564955,150.01979963560368,150.13321559796927,99.81812046948507,101.06587738674156,false,true
200,1.0,150.02820126607887,100.06574620451813,0.112174761271433,1.1677044563704015,149.9860067880669,150.09818154933834,99.47001834363542,100.63772280000582,true,true
200,1.0,150.03654541180146,100.68235841802161,0.11226404257453737,1.2625598734235126,149.9947939351274,150.10705797770194,100.0477780501073,101.31033792353081,true,false
200,1.0,150.01177529446383,99.40223337860311,0.11524833377353616,1.0912198662875312,149.97097914320938,150.0862274769829,98.85856629831918,99.9497861646067,true,false
200,1.0,150.05805383489275,100.20387423864304,0.10473662955629948,1.1929554471441435,150.02062911087307,150.12536574042937,99.62096965307055,100.81392510021469,false,true
200,1.0,150.033978831995,99.52252224833593,0.10909961934601142,1.1030626271952713,149.99365792480017,150.1027575441462,98.97132862689108,100.07439125408635,true,true
200,1.0,150.07041151967053,100.26850964409083,0.11017114449515475,1.2306907549725423,150.0288266130673,150.13899775756246,99.65609426235338,100.88678501732592,false,true
200,1.0,149.76140606877993,100.50872914809722,0.11103096265247814,1.200744099066597,149.71964013209094,149.83067109474342,99.9143821713149,101.1151262703815,false,true
200,1.0,149.97768998030853,100.45239925651984,0.10420289248168046,1.2432367350553193,149.9386977725523,150.04290066503398,99.84279072803972,101.08602746309504,true,true
200,1.0,149.91401552109616,99.65868156746818,0.1091005166754826,1.0887819374852086,149.87407587549845,149.98317639217393,99.1123044361706,100.20108637365581,false,true
200,1.0,149.94209480079044,100.03612403104472,0.1081576937256159,1.1755843388416594,149.9029590336091,150.01111672733472,99.45784801716883,100.63343235601049,true,true
200,1.0,149.9236017189204,99.29594733272847,0.11595801435868225,1.1407346104567893,149.88188163548108,149.99783964983976,98.73440980577563,99.87514441623242,false,false
200,1.0,149.83075472122903,100.50467667879406,0.11169506191347978,1.1399512015740356,149.78835689237948,149.90005195429296,99.9176592216067,101.05761042318073,false,true
200,1.0,149.9727692492022,100.05533121013008,0.10749332642362219,1.1940737895656355,149.9322840242044,150.03977735062801,99.48509813417377,100.6791719237394,true,true
200,1.0,149.47509521889958,99.99663851401355,0.11500209057203392,1.1813988258597448,149.43184799675493,149.54685008732696,99.4054842614762,100.58688308733595,false,true
200,1.0,150.04772869170034,100.27015753470853,0.11484708175495939,1.2499207836141295,150.0071099890276,150.12195707078257,99.64342911937422,100.89334990298835,false,true
200,1.0,149.98147575394728,99.57832514036183,0.11364657318623017,1.1406906113868303,149.93990467764183,150.05355125082806,98.99255167409352,100.13324228548035,true,true
200,1.0,150.06211707479105,99.997082503488,0.10691895830359499,1.129476049742678,150.02192777954133,150.12884673784492,99.4288561296788,100.55833217942148,false,true
200,1.0,150.00452005110162,100.24529390850657,0.1126828909172275,1.1750366445265286,149.96276858617387,150.0754514770911,99.65128121458454,100.82631785911107,true,true
200,1.0,149.97936682674208,99.74301268616028,0.1096285675550348,1.243485998573135,149.93822158848405,150.0478501560391,99.13300190482465,100.37648790339779,true,true
200,1.0,150.05245742862894,99.01023182515301,0.10878856619072508,0.9974718125118613,150.01324657691077,150.1220351431015,98.49844438641543,99.49591619892729,false,false
200,1.0,149.9972611710129,100.59159867445032,0.10108953731054271,1.2006971417866765,149.9591356795826,150.06022521689314,100.00110775249115,101.20180489427783,true,false
200,1.0,150.02819073430948,99.77365876110079,0.11628018682287689,1.1952672792008343,149.9855735669803,150.10185375380317,99.1821930827588,100.37746036195963,true,true
200,1.0,149.9753768977602,100.11384354628711,0.11276734778999753,1.2697848341069857,149.93506893436557,150.04783628215557,99.49075010386237,100.76053493796935,true,true
200,1.0,150.04961330368107,99.5578681037691,0.10910825712184646,1.1681519207772766,150.0087791976549,150.11788745477674,98.96613240919422,100.13428432997149,false,true
200,1.0,149.99490596188812,100.6728588055164,0.10576589302982597,1.236238550220861,149.95558281453134,150.06134870756117,100.07837620696719,101.31461475718805,true,false
200,1.0,149.94445607184207,99.96275685242048,0.10666643938245102,1.2416185957253276,149.90454156270687,150.01120800208932,99.35415216842941,100.59577076415474,true,true
200,1.0,150.03663661545957,99.83554458657589,0.10542179924743778,1.2182431518088066,149.99873628794722,150.10415808719466,99.23828754852765,100.45653070033646,true,true
200,1.0,150.0610282665505,100.32423360426806,0.10632630205137161,1.234183606464157,150.02150130790525,150.12782760995663,99.70358521884015,100.9377688253043,false,true
200,1.0,150.05523038358484,99.77580046432072,0.11883203957759747,1.1476852977610577,150.01099802564062,150.12983006521821,99.18512376543718,100.33280906319824,false,true
200,1.0,150.01716657005915,100.0921079822928,0.11332594269470064,1.2170440137473122,149.9735272670752,150.0868532097699,99.49965521476793,100.71669922851524,true,true
200,1.0,150.03687327217858,100.32046700469814,0.10688538201364395,1.2676534265155084,149.99728581015623,150.10417119216987,99.67504219844405,100.94269562495955,true,true
200,1.0,150.0280269983752,100.3808472635007,0.10432287393436468,1.2625726155857109,149.98980321918486,150.09412609311923,99.7501159906703,101.012688606256,true,true
200,1.0,150.00525163027265,100.58093629548311,0.10109547981156197,1.2617352602367475,149.96899638943552,150.07009186924708,99.9420871169672,101.20382237720395,true,true
200,1.0,149.9654274618968,100.03453946308792,0.10484981585406672,1.1305147297486116,149.92737572163568,150.03222553748975,99.46917842499138,100.59969315474,true,true
200,1.0,149.98999270425156,99.81116449106464,0.10971617907443942,1.1279491155524255,149.9497590608383,150.05947523991273,99.23712815872733,100.36507727427976,true,true
200,1.0,149.86686847978092,100.1776119558919,0.1185470751028106,1.1926077885111113,149.82132709258553,149.93987416768834,99.56877493783354,100.76138272634465,false,true
200,1.0,150.02299733463207,99.72682740874973,0.1106591082195223,1.180486718969803,149.98235928720248,150.093018395422,99.1296908800156,100.3101775989854,true,true
200,1.0,149.93277693151128,100.32061610709408,0.10961985319036671,1.2308042494738487,149.89319065694406,150.00281051013442,99.71574348035548,100.94654772982933,true,true
200,1.0,150.00716370320256,99.77979374702035,0.10918404083469113,1.1302112771985833,149.9669530593213,150.076137100156,99.21093712056708,100.34114839776566,true,true
200,1.0,149.9189351496499,99.95496661709623,0.11093840525882115,1.2056985152421333,149.8781056122585,149.98904401751733,99.35210483000847,100.5578033452506,false,true
200,1.0,150.03267395009243,99.71049023621507,0.10735412014219037,1.1106288121709298,149.99508827237187,150.10244239251406,99.1447130204993,100.25534183267023,true,true
200,1.0,149.97047792939063,99.81471793568727,0.11368252150410285,1.2231244869521163,149.92812525272876,150.04180777423286,99.18120510955467,100.40432959650678,true,true
200,1.0,150.04235484462617,99.81597981288746,0.11315830521917292,1.0532005728469613,150.00012700021384,150.113285305433,99.26917304609529,100.32237361894225,false,true
200,1.0,149.91524841923314,99.37542225261834,0.11412026772455874,0.9872476833361219,149.87266660000205,149.9867868677266,98.87248258277569,99.85973026611181,false,false
200,1.0,149.99335390315576,100.16208137680844,0.10862924906075477,1.2210799514497523,149.95297842526713,150.0616076743279,99.53618569945621,100.75726565090596,true,true
200,1.0,150.02835955399382,100.79502031936293,0.10598911517075749,1.2303097841730306,149.98808236465914,150.0940714798299,100.18166016321098,101.41196994738401,true,false
200,1.0,150.0280148236274,100.02578387832273,0.11166995570158633,1.2131165650776268,149.986675252503,150.0983452082046,99.41749175652507,100.6306083216027,true,true
200,1.0,150.06198559871763,100.57544283831305,0.10556973642064804,1.235403590226511,150.0223028698384,150.12787260625905,99.96992593380348,101.20532952402999,false,true
200,1.0,150.05962219776083,100.38279323466588,0.1109791574540111,1.2408931276692243,150.01734339725152,150.12832255470553,99.75120097355908,100.9920941012283,false,true
200,1.0,149.9433747897261,99.8528133676704,0.11033055052811847,1.187435442329786,149.9022572850553,150.01258783558342,99.260885107866,100.44832055019579,true,true
200,1.0,150.01159606542123,100.23180924493752,0.10268108736386239,1.2052237590812211,149.9730690691163,150.07575015648015,99.62574724836688,100.8309710074481,true,true
200,1.0,150.03032655794294,99.21668509086302,0.10873336508311127,1.0637657943953513,149.99067615942778,150.0994095245109,98.67906225316125,99.7428280475566,true,false
200,1.0,149.95374999563705,99.8827002351938,0.11003410466059904,1.1766980783597916,149.91298712190314,150.02302122656374,99.29500403491407,100.47170211327386,true,true
200,1.0,149.96552240639903,100.26014182435652,0.10855765809768059,1.1919995982769223,149.92549588109742,150.0340535391951,99.68246423114776,100.87446382942468,true,true
200,1.0,149.96252323661534,99.82149938182533,0.11171473030739776,1.2499698741286522,149.92250718374356,150.03422191405096,99.19397466690374,100.4439445410324,true,true
200,1.0,149.92156554393975,100.1419324837382,0.11017654359415019,1.2108930284359332,149.88050265334488,149.99067919693903,99.53174267916984,100.74263570760577,false,true
200,1.0,150.0242486226923,100.40107627434833,0.10882626282420915,1.2158218507115635,149.98272499137153,150.09155125419574,99.78496395142935,101.00078580214091,true,true
200,1.0,150.04104908021372,100.11229321715847,0.10871163102444825,1.179889670966375,149.99874543904923,150.10745707007368,99.5137585845337,100.69364825550008,true,true
200,1.0,150.05750263139586,100.21318916739588,0.10856314823635671,1.1857352075612084,150.01727725967888,150.12584040791523,99.60128031437114,100.78701552193235,false,true
200,1.0,150.01616827986913,99.51486853408244,0.11487016399800609,1.1192513176813748,149.97432282826784,150.08919299226585,98.95467687614601,100.07392819382738,true,true
200,1.0,150.02329157182027,100.53362233391573,0.10898527763299626,1.2987126886221319,149.98261325389325,150.09159853152624,99.87478200285253,101.17349469147466,true,true
200,1.0,149.97120118153973,100.0652204182361,0.10813565226743549,1.1545056627710721,149.93126844409616,150.0394040963636,99.46329542213464,100.61780108490571,true,true
200,1.0,149.86918930625677,99.49148669199133,0.10727973444312511,1.1975258533827144,149.82841322775926,149.93569296220238,98.88034802666404,100.07787388004675,false,true
200,1.0,150.0511255266952,99.2550046398915,0.1073032487531691,1.1134178366009309,150.01361271830746,150.12091596706063,98.66979133561077,99.7832091722117,false,false
200,1.0,149.8781188993629,100.23517090906516,0.11642682859738329,1.2081721226142577,149.8367415893251,149.95316841792248,99.61971144582802,100.82788356844227,false,true
200,1.0,150.0016151573485,99.57020750492879,0.11284777009791469,1.1706163784047163,149.96107435342228,150.0739221235202,98.98205719612358,100.1526735745283,true,true
200,1.0,150.05262667848865,99.71630367873198,0.10924689659640308,1.029958464391541,150.0127231822936,150.12197007889,99.17345510891838,100.20341357330992,false,true
200,1.0,150.04448525895,100.1945907743025,0.11041450870322933,1.213674901692002,150.00463593273997,150.1150504414432,99.56714723828281,100.78082213997482,false,true
200,1.0,150.0455287938277,100.39167543212854,0.10437663339783398,1.2783903339358886,150.00740337799465,150.11178001139248,99.74366772545385,101.02205805938974,false,true
200,1.0,150.07069396361013,100.14673529655767,0.11021803866364621,1.1927809835288201,150.02937213227764,150.1395901709413,99.55664200045841,100.74942298398723,false,true
200,1.0,150.04854676310293,100.04927869996227,0.10143310299088171,1.2149780768958607,150.01092418960158,150.11235729259246,99.42937054376621,100.64434862066207,false,true
200,1.0,150.02975458584996,100.47093209511414,0.10807111126311497,1.2788467995812454,149.99019624025317,150.09826735151628,99.86411438014215,101.1429611797234,true,true
200,1.0,149.83692903974026,99.97775790997773,0.11084968536496831,1.172651236796085,149.7966747676992,149.90752445306416,99.3879267725244,100.56057800932048,false,true
200,1.0,149.98001927390436,98.87619503253444,0.10609337169213973,1.0186896725378176,149.94072550359482,150.04681887528696,98.37174780502842,99.39043747756624,true,false
200,1.0,149.87926403625266,100.45314723137588,0.10950660756449793,1.2427825701942652,149.83797941068613,149.94748601825063,99.81025507736769,101.05303764756195,false,true
200,1.0,149.8838174372864,100.36078771477307,0.11080487890967561,1.1767508837845924,149.84235245423207,149.95315733314175,99.78955566047007,100.96630654425466,false,true
200,1.0,150.05778397424137,100.28609116216307,0.10417648587414874,1.1662608280185935,150.0193002313942,150.12347671726835,99.70691510007237,100.87317592809096,false,true
200,1.0,149.78722931622212,100.36459414223575,0.10757147898624453,1.2362449759450556,149.747480743878,149.85505222286423,99.74390375909104,100.9801487350361,false,true
200,1.0,149.95724027588483,99.69818256146442,0.10975932172058833,1.1687391602476254,149.9163075306228,150.02606685234338,99.09665568724321,100.26539484749084,true,true
200,1.0,150.05389361208069,100.08285615645273,0.10288343227776409,1.2145946100417717,150.01582462381023,150.118708056088,99.4649648466366,100.67955945667838,false,true
200,1.0,149.96938645909202,99.68413712861948,0.10601272860404265,1.1606778565241171,149.92997576574948,150.03598849435352,99.10066830231698,100.26134615884109,true,true
200,1.0,150.0422136167584,99.77266962507228,0.10570256076172768,1.110632129924511,150.00370219870035,150.10940475946208,99.20219542622405,100.31282755614856,false,true
200,1.0,149.7108559909849,99.77808546166011,0.11371967673571248,1.1669769388182374,149.6677984368528,149.7815181135885,99.18602872902437,100.35300566784261,false,true
200,1.0,150.05705047307777,99.7944472885222,0.11140279920354601,1.1459395801323637,150.01765876003032,150.12906155923386,99.20725178518572,100.35319136531808,false,true
200,1.0,150.02757785240038,99.26505871533541,0.1103541365196179,1.1170095403598168,149.9869274243208,150.09728156084043,98.69666334383123,99.81367288419105,true,false
200,1.0,149.90225614222857,99.33598947514417,0.10178476326015584,1.1250576060471786,149.86486556593673,149.96665032919688,98.76461927106257,99.88967687710975,false,false
200,1.0,150.00171828740605,99.53241017821972,0.10299872637637009,1.0306506280632277,149.9645771111443,150.06757583752068,99.00539826079158,100.03604888885481,true,true
200,1.0,150.01865740442915,99.71668517649283,0.10614450754684412,1.147344883712634,149.97868772384743,150.08483223139427,99.1535867468409,100.30093163055354,true,true
200,1.0,149.82364681390212,100.10803625187826,0.11176410497083111,1.1980076412944527,149.78227660591523,149.89404071088606,99.48265102994282,100.68065867123727,false,true
200,1.0,149.91557826710817,100.49261839217974,0.1106708180097371,1.2427928750782513,149.87356933465384,149.98424015266357,99.87687996614274,101.11967284122099,false,true
200,1.0,150.00357901792762,100.14950389667169,0.10814714750165422,1.2392354627670557,149.96194925938005,150.0700964068817,99.54982287650785,100.7890583392749,true,true
200,1.0,150.04192498106562,100.33112652184585,0.10912360739570204,1.2102111182645956,150.00117418916838,150.11029779656408,99.72309594301248,100.93330706127708,false,true
200,1.0,149.79390899276768,100.83479945226249,0.10586858273165944,1.1948366570475315,149.75426985203165,149.86013843476331,100.24650209655363,101.44133875360116,false,false
200,1.0,150.02471083020234,100.39518436202903,0.10583592269045994,1.210314379603588,149.98549808707594,150.0913340097664,99.79471830766919,101.00503268727277,true,true
200,1.0,149.87978962982166,100.0644317326578,0.1087496553592473,1.1641272575270563,149.84144513505376,149.950194790413,99.48039933110604,100.6445265886331,false,true
200,1.0,150.0207881457685,99.70401419387747,0.10945573207590087,1.1801936314886774,149.98146607485833,150.09092180693423,99.11671033972118,100.29690397120986,true,true
200,1.0,149.8713509800046,100.11808010847571,0.10328267556278092,1.1865389640548187,149.8338345858512,149.937117261414,99.50195241799119,100.68849138204601,false,true
200,1.0,149.7637263418883,100.00195091688335,0.10366989148474204,1.2141216417559662,149.7255262300983,149.82919612158304,99.38949846834868,100.60362011010464,false,true
200,1.0,149.84860948218247,99.83667560248507,0.11258977930665992,1.1780339385916392,149.80743837292047,149.92002815222713,99.24566764338671,100.42370158197835,false,true
200,1.0,150.01678426683839,99.47171807398183,0.1122152933742484,1.112075061616082,149.97546875171665,150.0876840450909,98.9119324919537,100.02400755356979,true,true
200,1.0,150.05903620962232,100.15942942326816,0.10824715154390674,1.2329318802899536,150.01807591619246,150.12632306773637,99.5284080450171,100.76133992530706,false,true
200,1.0,149.76774601598672,100.03273732310254,0.11223919695225959,1.2464094584630487,149.72475289307465,149.8369920900269,99.38245862776994,100.62886808623298,false,true
200,1.0,149.91555670159534,100.47269964265746,0.109581945718503,1.2780448911568243,149.87636491321538,149.9859468589339,99.84458954810248,101.1226344392593,false,true
200,1.0,150.03854025410806,100.08496559919405,0.11098032009851977,1.2295988950403682,149.9977953334298,150.1087756535283,99.47096260656141,100.70056150160178,true,true
200,1.0,149.9174813622271,100.55120526612353,0.09916897132598024,1.2375561352956481,149.88151779804917,149.98068676937515,99.91995987781978,101.15751601311543,false,true
200,1.0,150.0273820334964,99.97796986509377,0.10353427805156912,1.1241999741399127,149.987034529166,150.09056880721758,99.406419062634,100.53061903677391,true,true
200,1.0,150.0227340859876,100.70503618704568,0.1015795634134804,1.2878115678437183,149.9846073597398,150.0861869231533,100.07066869223802,101.35848026008173,true,false
200,1.0,150.02547478826384,100.17057376255389,0.10912073193284755,1.2146411289386663,149.9844469830291,150.09356771496195,99.58094741505653,100.7955885439952,true,true
200,1.0,149.99660831963405,99.43970954560365,0.1093933384474326,1.1415276368603742,149.95627396306884,150.06566730151627,98.87180744474851,100.01333508160889,true,true
200,1.0,150.05882134080463,100.04439224771525,0.10965620175124968,1.1674269272152031,150.0182311980995,150.12788739985075,99.4383933495577,100.6058202767729,false,true
200,1.0,149.81010222208369,100.56399428379103,0.11172666965686062,1.2612471858334402,149.76832905902157,149.88005572867843,99.92257256218927,101.18381974802271,false,true
200,1.0,149.97665311287352,100.48848245612015,0.10900119906139594,1.2412369245154196,149.93563666386856,150.04463786292996,99.87819391051882,101.11943083503424,true,true
200,1.0,150.0211524359136,100.15289162662003,0.11407001292005248,1.2650270426042027,149.98015365907466,150.0942236719947,99.50371254627558,100.76873958887978,true,true
200,1.0,149.99493384922997,99.28590801216619,0.1104621500930989,1.1675948709773252,149.95450618164705,150.06496833174015,98.68788026728902,99.85547513826634,true,false
200,1.0,150.00818054362213,100.58781260713067,0.10613318226154433,1.2064741212541605,149.96797540046316,150.0741085827247,99.99783642408036,101.20431054533452,true,true
200,1.0,149.90518303130682,100.43923309543274,0.10703490917234149,1.2204167714994867,149.86312592128894,149.97016083046128,99.81920586253369,101.03962263403318,false,true
200,1.0,149.9604200068915,100.08313058307641,0.10606211391331044,1.2225224502939511,149.92018245356127,150.02624456747458,99.46572643612461,100.68824888641856,true,true
200,1.0,149.74666176421712,99.97167815681055,0.11217911440192552,1.1298415899406393,149.70614101029147,149.8183201246934,99.41180747023748,100.54164906017812,false,true
200,1.0,149.82128560270402,99.401026127933,0.10924562893140433,1.0308644836876084,149.7801453717493,149.88939100068072,98.87963317482628,99.91049765851389,false,false
200,1.0,149.7715437415447,99.57697422268554,0.1068414266810862,1.2247542543479,149.730474469629,149.8373158963101,98.96809552056834,100.19284977491624,false,true
200,1.0,150.0265209479823,99.79432029383888,0.10494848226502995,1.1575806751503848,149.9875296399636,150.09247812222864,99.21832387715962,100.37590455231,true,true
200,1.0,149.88781728392502,99.98372201053024,0.10490039592971812,1.1215031164450409,149.84837034312812,149.95327073905784,99.40609856610357,100.5276016825486,false,true
200,1.0,149.80988086128468,100.24274463083077,0.11394992391959136,1.2101225091972054,149.76784092487136,149.88179084879096,99.63613841669584,100.84626092589305,false,true
200,1.0,150.0322007772296,99.99739649584725,0.10645868506642842,1.1854084371982907,149.99210223505398,150.0985609201204,99.39039571684799,100.57580415404628,true,true
200,1.0,150.00147368415566,99.72536601996006,0.11184777575445537,1.0579897292067102,149.9598192157607,150.07166699151514,99.18945179159769,100.2474415208044,true,true
200,1.0,150.05994554441173,99.89641021646729,0.10492803615613866,1.1986212006739834,150.02117727308735,150.12610530924348,99.29119411856344,100.48981531923742,false,true
200,1.0,149.95757088537562,99.8675092422312,0.11168617758048072,1.175435714872691,149.91463317519526,150.02631935277574,99.27555533019807,100.45099104507077,true,true
200,1.0,149.9567614798923,100.0368900058412,0.10563212214637474,1.1290900040503686,149.91640240897627,150.02203453112264,99.48616049403302,100.61525049808338,true,true
200,1.0,150.0099307874953,99.67428256069186,0.11658259040129337,1.1849371784425955,149.96751781597055,150.08410040637185,99.07089435201021,100.25583153045281,true,true
200,1.0,150.05956707828747,100.0239234014781,0.10229716426920277,1.2212376048506854,150.02080872028318,150.1231058845524,99.43463366337022,100.6558712682209,false,true
200,1.0,149.98028766779953,99.68590708172795,0.11659514428833972,1.163434333037955,149.9382682846218,150.05486342891015,99.10822533794573,100.27165967098368,true,true
200,1.0,150.06974361397215,100.40566939081818,0.11180376131235903,1.238930314342113,150.02835320255812,150.14015696387048,99.78410358921226,101.02303390355438,false,true
200,1.0,150.03479092332145,99.9025613497629,0.1087466431644657,1.1974887683765587,149.9945915674807,150.10333821064518,99.26607839165965,100.4635671600362,true,true
200,1.0,150.0148424034303,100.29427734967476,0.10731420059801167,1.2737720616539434,149.9740380229286,150.0813522235266,99.6675971722172,100.94136923387114,true,true
200,1.0,150.0493618814785,100.1597030931583,0.11593597979688752,1.2578284573509109,150.00418720943279,150.12012318922967,99.54146429783889,100.7992927551898,false,true
200,1.0,150.04052296253036,100.21207992917442,0.10414052048122358,1.2271069721540044,150.00348698556112,150.10762750604235,99.57550469902715,100.80261167118115,false,true
200,1.0,149.9751005297801,100.20674729789971,0.10237946857398583,1.1466159197647272,149.936867852459,150.03924732103297,99.63035206229762,100.77696798206235,true,true
200,1.0,149.86618237949864,99.93478392660398,0.11071447301222292,1.1500873897363988,149.8248546587028,149.93556913171503,99.34895111310448,100.49903850284088,false,true
200,1.0,149.87607307476856,100.77935831185063,0.10737641212270432,1.2547643999194378,149.8348502140015,149.9422266261242,100.14719797806876,101.4019623779882,false,false
200,1.0,150.06650886558913,99.60542586707771,0.10709097941827395,1.1798309541591152,150.02735602297645,150.13444700239472,99.01297405581144,100.19280500997056,false,true
200,1.0,149.96038670159913,99.82941794951748,0.10825262033080207,1.2160371558713052,149.92257717635462,150.03082979668542,99.22474161930299,100.4407787751743,true,true
200,1.0,150.03376377567992,99.69619205451525,0.10697616228489437,1.1941149610524633,149.9947387207703,150.1017148830552,99.13484807318068,100.32896303423314,true,true
200,1.0,149.97734907913883,99.8635667016135,0.11154871369888042,1.175287392197788,149.93612654110137,150.04767525480025,99.2401529831341,100.41544037533188,true,true
200,1.0,149.9490938607962,100.53078183359466,0.10732130685317998,1.2374842317053236,149.9088638061055,150.01618511295868,99.9267826872633,101.16426691896862,true,true
200,1.0,149.9498814440302,99.67051886911277,0.10491651528195689,1.1825308763120432,149.90970551994442,150.01462203522638,99.09524870120316,100.2777795775152,true,true
200,1.0,150.03055597200202,99.5590808024506,0.09958850829195853,0.8908061606082072,149.99280229553,150.09239080382196,99.10465979413497,99.99546595474318,true,false
200,1.0,150.02333761744578,99.8664752615489,0.10798739903310661,1.1891248086097193,149.9824333482538,150.0904207472869,99.27875582826101,100.46788063687073,true,true
200,1.0,150.0337770134497,100.36195245710209,0.1121721182031763,1.240239953561229,149.99295080451705,150.10512292272023,99.72285111427337,100.9630910678346,true,true
200,1.0,150.01959409150732,99.66080431921768,0.10350123601261885,1.1769313510204285,149.97880381211348,150.0823050481261,99.05992029278984,100.23685164381027,true,true
200,1.0,150.05446740715678,99.81473150299846,0.1119904891664305,1.173640267117534,150.01456368780083,150.12655417696726,99.21776418298566,100.3914044501032,false,true
200,1.0,149.9406277584804,99.35782885193895,0.10947029841005929,0.8078689547976552,149.90066064157313,150.01013093998318,98.93705936842004,99.74492832321769,true,false
200,1.0,149.9839666280178,100.48847146406739,0.10869935583804136,1.2290370265111221,149.94357049699948,150.05226985283753,99.84438487259872,101.07342189910985,true,true
200,1.0,150.0390184122411,99.97806063446508,0.10668807277224346,1.1197553849488031,149.9976108754523,150.10429894822454,99.40118154789064,100.52093693283945,true,true
200,1.0,149.92300762858815,100.11194019625324,0.10609990735736119,1.180086834334162,149.88179996376942,149.98789987112679,99.51632551653624,100.6964123508704,false,true
200,1.0,149.95909693274962,99.55761345799638,0.10598012710249805,1.133307983916751,149.920118006121,150.02609813322348,98.98377152220318,100.11707950611994,true,true
200,1.0,149.9268664509095,99.65028276684974,0.10936103815083698,1.1841380945767526,149.885467349774,149.99482838792483,99.06228804639909,100.24642614097584,false,true
200,1.0,150.0194011239733,99.99624539999552,0.11754968489114503,1.1699126414067393,149.97597395531585,150.093523640207,99.40081709658097,100.5707297379877,true,true
200,1.0,150.00897994785524,100.28764249242855,0.10972275012110799,1.1916809412906275,149.96928337165778,150.0790061217789,99.69005937562916,100.88174031691979,true,true
200,1.0,149.89322020698563,100.57724948576823,0.10700165577148368,1.2294496786895337,149.8540766572637,149.9610783130352,99.95518318129321,101.18463285998274,false,true
200,1.0,149.9159835659596,100.20634571048004,0.10946719155694495,1.2232870189748155,149.87501351724146,149.9844807087984,99.59193183608443,100.81521885505924,false,true
200,1.0,149.43457169566625,100.29978642430683,0.1089881420454617,1.2180208327657311,149.39329741774173,149.5022855597872,99.68389051619944,100.90191134896517,false,true
200,1.0,149.97725482625202,99.98795358975556,0.11209428761813456,1.162331384720332,149.93458354178338,150.04667782940152,99.38580680879873,100.54813819351907,true,true
200,1.0,150.0683977749036,100.30629722131862,0.11116209860188064,1.2224613605159362,150.02684011513702,150.1380022137389,99.6869498196114,100.90941118012734,false,true
200,1.0,150.05082083810836,100.79164969437791,0.1058838047844688,1.2430055771661728,150.011468172969,150.11735197775346,100.1761282818411,101.41913385900727,false,false
200,1.0,150.04969068928452,99.96344347192016,0.11102305904520904,1.1616862972313413,150.00952894592666,150.12055200497187,99.34835227344382,100.51003857067516,false,true
200,1.0,150.0183295130086,99.78448723995643,0.11862208326763835,1.117448655758821,149.97342777198762,150.09204985525525,99.2068538603988,100.32430251615762,true,true
200,1.0,149.78204413523133,99.6896309453222,0.10616046986970673,1.083984341179388,149.74275717220198,149.84891764207168,99.128408857436,100.21239319861539,false,true
200,1.0,150.0193791073711,99.49178392697902,0.11159485130221469,1.1623660648402705,149.978355675427,150.0899505267292,98.91488072592306,100.07724679076333,true,true
200,1.0,150.01906745679116,100.62190707019421,0.10589601423961881,1.2471131577047032,149.97983470699825,150.08573072123787,99.9961858602652,101.2432990179699,true,true
200,1.0,150.03862517952064,99.72583753721571,0.10352330661214637,1.1408050681323374,150.0005806857177,150.10410399232984,99.15158447186566,100.292389539998,false,true
200,1.0,150.04449883096643,99.43692088288086,0.10790077094196704,1.1706764220992767,150.00610891356314,150.1140096845051,98.83798076485552,100.00865718695479,false,true
200,1.0,149.87736760727327,100.24266312368195,0.11011270497112946,1.1476242766055407,149.83685562806528,149.9469683330364,99.66332526894399,100.81094954554953,false,true
200,1.0,150.0626431273089,99.84987878330236,0.10942457845112585,1.113505514961986,150.02133288157063,150.13075746002175,99.29832034906705,100.41182586402904,false,true
200,1.0,149.99127675914235,100.77063866090913,0.10760450579468284,1.2427503959196997,149.95101756210988,150.05862206790457,100.16239812209122,101.40514851801092,true,false
200,1.0,149.84515565411044,100.03580682539436,0.11197777911621642,1.2102375338402709,149.80397040808228,149.9159481871985,99.43291113308211,100.64314866692239,false,true
200,1.0,150.04119840261208,99.66264426381647,0.10529068436778743,1.1909546696444409,150.003043787014,150.1083344713818,99.07268142978074,100.26363609942518,false,true
200,1.0,149.9558620910809,100.46876775951492,0.09854678659991123,1.1488567507636276,149.9191387198296,150.0176855064295,99.93105303455332,101.07990978531694,true,true
200,1.0,150.03048742928559,100.40280948683557,0.10796257030685297,1.250455096561538,149.9893058450709,150.09726841537775,99.76439588703853,101.01485098360007,true,true
200,1.0,150.02551597323526,99.78950845970621,0.1036973363227105,1.0739542216918352,149.98731360731813,150.09101094364084,99.24618767003561,100.32014189172745,true,true
200,1.0,150.00756180983262,100.64584968686194,0.10252242377541165,1.2742843324465127,149.96834423151734,150.07086665529275,99.9936477981397,101.26793213058622,true,true
200,1.0,149.80936478353254,100.66828700951889,0.11415346022650397,1.2534919717561905,149.76713778715285,149.88129124737935,100.04082555699729,101.29431752875348,false,false
200,1.0,150.01865145104057,100.41786590103197,0.1119385008692575,1.171517557655605,149.97707658148857,150.08901508235783,99.82454860172074,100.99606615937634,true,true
200,1.0,150.01545384020687,100.17308386223823,0.1052205083798583,1.235297361636853,149.97703711168876,150.08225762006862,99.56156398946315,100.7968613511,true,true
200,1.0,150.05569937692457,100.06659362572341,0.11248083352586491,1.1805943751130457,150.01575113912364,150.1282319726495,99.46891614277635,100.6495105178894,false,true
200,1.0,150.02596999883463,100.3389505899874,0.10734873905920495,1.1905547248277486,149.98798305480545,150.09533179386466,99.73897480810633,100.92952953293408,true,true
200,1.0,150.02951962496203,99.69607110054037,0.10959298842297471,0.9948220439972317,149.98969145819083,150.0992844466138,99.17436178305368,100.16918382705092,true,true
200,1.0,150.01354687315444,99.60562518139602,0.10812028766122239,1.0668798090273128,149.9732502855049,150.0813705731661,99.0578919748275,100.12477178385481,true,true
200,1.0,150.06076755621098,99.77440910844439,0.10995466922204855,1.0339343219562807,150.0183110726794,150.12826574190146,99.23675549441042,100.2706898163667,false,true
200,1.0,149.85956979999608,99.79248328453217,0.10962611032337577,1.1533760299191727,149.8196655052533,149.9292916155767,99.23677038386658,100.39014641378576,false,true
200,1.0,150.0121748281337,99.59055123979213,0.10512089768170085,1.1720907294536573,149.9740398299218,150.0791607276035,99.0012938944043,100.17338462385796,true,true
200,1.0,149.96756360958932,100.33679616631713,0.10807490691115618,1.2714049111457655,149.92606410027162,150.03413900718277,99.69418923351176,100.96559414465753,true,true
200,1.0,149.96956345095018,100.27177492976594,0.10965184647767501,1.2137064068913617,149.9294253702339,150.03907721671158,99.66784096837401,100.88154737526537,true,true
200,1.0,150.02779694450277,100.09237213921972,0.10797653238375915,1.2140475462901037,149.98792415036888,150.09590068275264,99.4830122018562,100.6970597481463,true,true
200,1.0,150.06475357185997,100.2601244589898,0.10990382933152887,1.2559151431428006,150.02532033645593,150.13522416578746,99.61723485174623,100.87314999488903,false,true
200,1.0,149.96033814035982,100.15141246094908,0.09994523112533216,1.2133918371296346,149.92342244149057,150.0233676726159,99.53791608346529,100.75130792059493,true,true
200,1.0,149.90637962455088,100.26703166917324,0.10292683292865945,1.2155508790550584,149.86855596321766,149.97148279614632,99.67287049989613,100.8884213789512,false,true
200,1.0,149.97114807166517,100.5958839485571,0.1067253509601187,1.2432649127805036,149.9331005661984,150.0398259171585,99.97062667719833,101.21389158997883,true,true
200,1.0,150.05425442453316,99.9024884271696,0.10502849660392144,1.1513608291896418,150.01394491145723,150.11897340806115,99.33626323935243,100.48762406854208,false,true
200,1.0,149.89023156612552,99.69577601482509,0.11147038293171363,1.0496142178144368,149.84867734939624,149.96014773232795,99.17226808823075,100.22188230604519,false,true
200,1.0,149.73036362123008,100.44500442547823,0.11248323689918038,1.2145719202403455,149.69053885350942,149.8030220904086,99.84352407391505,101.0580959941554,false,true
200,1.0,149.70361199043123,99.40313957549412,0.11507549868537126,1.1045434284191202,149.66229306589173,149.7773685645771,98.83722204495557,99.94176547337469,false,false
200,1.0,149.97035176492943,99.618452509527,0.1107748703907987,1.1925790330174806,149.9303261910959,150.0411010614867,99.00686061173629,100.19943964475377,true,true
200,1.0,149.80507675475974,99.97283012928611,0.10794312199109868,1.189864756360521,149.76493924636912,149.87288236836022,99.36123330595504,100.55109806231556,false,true
200,1.0,150.03684734386133,100.50595295568797,0.10519769723606487,1.2271814065263982,149.99807793650587,150.10327563374193,99.87022837672495,101.09740978325135,true,true
200,1.0,149.81188706610348,99.89830592557661,0.11134103083676905,0.9701305622183014,149.770437229967,149.88177826080377,99.40751330992516,100.37764387214347,false,true
200,1.0,149.76823437433626,100.54649255393912,0.11121664348465288,1.1667144131316576,149.7292937314907,149.84051037497537,99.95863573571745,101.12535014884911,false,true
200,1.0,149.98466672231734,100.11085673599987,0.10547748182383998,1.1932160791388924,149.9460347495392,150.05151223136303,99.51269553289546,100.70591161203436,true,true
200,1.0,149.97754162773737,99.75636774750612,0.10907301274195902,1.1439900813599309,149.93676242365652,150.04583543639848,99.18873590699947,100.3327259883594,true,true
200,1.0,149.869470486919,99.91268855848162,0.10499225772935006,1.191416416194258,149.83087442458248,149.93586668231183,99.32385317556778,100.51526959176203,false,true
200,1.0,149.8213859087933,100.00246064414516,0.10468601322094173,1.1678545570174634,149.78235404616078,149.88704005938172,99.42091844906972,100.58877300608718,false,true
200,1.0,150.03435950526722,99.34744111426527,0.1081614998343241,1.1429891489990354,149.99483907449226,150.1030005743266,98.75420494403751,99.89719409303655,true,false
200,1.0,150.0304190308326,100.39192564823131,0.1042658648991619,1.2370425792772721,149.99160167356098,150.09586753846014,99.75854355555548,100.99558613483275,true,true
200,1.0,149.92350916672137,99.95045541405109,0.1056059255742241,1.1546145259330274,149.88415732904448,149.9897632546187,99.39552713911256,100.55014166504559,false,true
200,1.0,150.0414038549922,100.07713225599554,0.11023596387295242,1.2236319305488337,149.99963931927832,150.10987528315127,99.46549869112798,100.68913062167681,true,true
200,1.0,150.00383208122844,100.08775096965587,0.10495979850639969,1.1851938876212387,149.96396148982652,150.06892128833292,99.48086376377758,100.66605765139882,true,true
200,1.0,150.05617221498235,99.81503207743836,0.10496803585584757,1.1747438694891912,150.01824403398257,150.12321206983842,99.2459177400604,100.4206616095496,false,true
200,1.0,150.06667081952634,99.8737503902492,0.10500569913904201,1.1556370396139926,150.02726000098053,150.13226570011958,99.2931973530114,100.44883439262539,false,true
200,1.0,150.02833361303698,98.96024763714541,0.11390060056697848,1.0773089375613836,149.9862134541944,150.10011405476138,98.41183728764702,99.4891462252084,true,false
200,1.0,150.06929967747385,99.1515000923747,0.11430520868918848,1.089848688050452,150.02578924813534,150.14009445682453,98.62344946426506,99.71329815231552,false,false
200,1.0,149.94437829611513,100.13799958927075,0.1149202632314541,1.2094374929414045,149.90345191450234,150.0183721777338,99.53096330487575,100.74040079781716,true,true
200,1.0,149.70643286398445,99.83092373810197,0.11771761132035863,1.1615305371227294,149.6616229702267,149.77934058154705,99.25116922985346,100.41269976697619,false,true
200,1.0,150.01974697793509,100.49454300544645,0.1020532317657512,1.2611710576557584,149.98389182534876,150.08594505711451,99.85349214534122,101.11466320299698,true,true
200,1.0,150.03281560004854,100.17325560178514,0.10959063803682056,1.1954356893933635,149.99316856343427,150.1027592014711,99.56491652469323,100.7603522140866,true,true
200,1.0,150.01887862841897,99.85368905104454,0.1090174584959982,1.2405879954497152,149.97955829100914,150.08857574950514,99.23597196293719,100.4765599583869,true,true
200,1.0,149.8778399134756,100.5589178378285,0.10737798017461841,1.271384377780251,149.8373788846451,149.9447568648197,99.92263765062144,101.19402202840169,false,true
200,1.0,150.0657241722597,99.99776799851422,0.11553122438670016,1.1578742515947198,150.02281245146622,150.13834367585292,99.41471163157975,100.57258588317447,false,true
200,1.0,149.98056758907546,100.17198833062092,0.10273486482842031,1.2243690678562587,149.9415866766599,150.04432154148833,99.57061152242348,100.79498059027974,true,true
200,1.0,149.89925159378654,100.06964606690819,0.0985128049229047,1.2369278326085578,149.8636252974294,149.9621381023523,99.43773988125578,100.67466771386434,false,true
200,1.0,150.02689706545362,99.52334516145102,0.11220173191043159,1.0879771847328215,149.98706137176768,150.0992631036781,98.95665964782481,100.04463683255763,true,true
200,1.0,149.99283552953202,100.04425114331121,0.10365989958529553,1.1885514269797,149.95410272254747,150.05776262213277,99.43410563167842,100.62265705865812,true,true
200,1.0,149.99659015699976,99.98852695120317,0.11246319102855296,1.1297229548410286,149.9565432901432,150.06900648117175,99.43608684507049,100.56580979991152,true,true
200,1.0,150.00861003059327,100.58660331929235,0.10710318030342592,1.229886016065862,149.96932166413563,150.07642484443906,99.9610448487499,101.19093086481577,true,true
200,1.0,150.05429231530917,100.47516243406282,0.11313266033729974,1.2421429815706233,150.01300129594475,150.12613395628205,99.8539248122816,101.09606779385223,false,true
200,1.0,149.91048715682848,99.95784597890832,0.1062709907990893,1.1725092580238083,149.86937607501665,149.97564706581574,99.3570766068998,100.5295858649236,false,true
200,1.0,149.9293579745747,100.79675097058809,0.10552274976330978,1.244653991783096,149.89220343637948,149.99772618614278,100.17905059676647,101.42370458854957,false,false
200,1.0,149.89111744360017,99.42974167848982,0.10761940495910949,1.1239074943686518,149.85169173450882,149.95931113946793,98.84980818708958,99.97371568145823,false,false
200,1.0,150.00885232622988,99.74251808136034,0.11529307497238506,1.2221531538554586,149.96792879376937,150.08322186874176,99.1384205922763,100.36057374613176,true,true
200,1.0,149.90322972591576,99.33951637149005,0.10175777443026846,1.081564800425042,149.86511357941663,149.9668713538469,98.80832405401216,99.8898888544372,false,false
200,1.0,150.04567512999046,100.24616699273612,0.10959373865122757,1.1939370993298581,150.00441135047677,150.114005089128,99.6453828242401,100.83931992356996,false,true
200,1.0,150.0332256166737,100.00740149066786,0.11244022595698766,1.145527810066028,149.99157520816004,150.10401543411703,99.44711773718625,100.59264554725227,true,true
200,1.0,150.0354229449695,99.93515830076029,0.10905573502901689,1.1820650427020354,149.99334583386405,150.10240156889307,99.34536750494088,100.52743254764292,true,true
200,1.0,150.06560079114186,99.85648583783802,0.10896287214390554,1.1625661952624,150.0259228906609,150.1348857628048,99.28629793067182,100.44886412593422,false,true
200,1.0,149.98882693703627,100.2736455927938,0.10480189689911867,1.2742336835318042,149.9492258972169,150.05402779411602,99.62102088435218,100.89525456788398,true,true
200,1.0,150.04464412697234,100.29146828410897,0.10155565230968477,1.2100388209102135,150.0068970620818,150.1084527143915,99.70234992439931,100.91238874530953,false,true
200,1.0,150.04221919268747,100.25761820580486,0.11460864821808059,1.2324743191298353,149.99981269779616,150.11442134601424,99.62991738507628,100.86239170420612,true,true
200,1.0,150.07104306464595,99.66638797260725,0.11377172309829575,1.158480146841228,150.0282585640234,150.14203028712168,99.07443270339743,100.23291285023866,false,true
200,1.0,149.8240441913759,100.26934730964733,0.10515136498884203,1.19601905923561,149.7872713382179,149.89242270320673,99.68505680809031,100.88107586732592,false,true
200,1.0,150.02646674949528,99.93921408374338,0.11639053853733117,1.190312078215939,149.9831524659296,150.09954300446694,99.36070925650364,100.55102133471958,true,true
200,1.0,150.01398013517013,99.62308126534938,0.10967818920425998,0.9723522633683785,149.97339806614303,150.0830762553473,99.09771755361615,100.07006981698453,true,true
200,1.0,149.9885473654046,100.53398242078872,0.10771334470450711,1.2251961970631555,149.95081225075432,150.05852559545883,99.91670662892884,101.14190282599199,true,true
200,1.0,149.74695204596583,99.09689532887518,0.1191243806884188,1.112092430921436,149.70368398256454,149.82280836325296,98.54346720720645,99.65555963812788,false,false
200,1.0,150.028338071162,99.86713758061515,0.10717291252089467,1.1576209302042457,149.98923766958603,150.09641058210693,99.27791426929775,100.435535199502,true,true
200,1.0,150.06670115939335,100.26625185405504,0.10147048963563066,1.2190068419568831,150.02779113912354,150.12926162875917,99.66268528195272,100.8816921239096,false,true
200,1.0,149.9762602464799,99.57211858494986,0.11039461151449359,1.2145594583193287,149.93437585788138,150.04477046939587,98.96863860757341,100.18319806589274,true,true
200,1.0,150.06265561265303,100.03614610504711,0.10332455143915809,1.2072442515965633,150.02454715090994,150.1278717023491,99.42810380559426,100.63534805719082,false,true
200,1.0,149.9920013777872,98.99551601574605,0.11044358397830933,1.1115628547948262,149.94965952762325,150.06010311160156,98.42892427103065,99.54048712582548,true,false
200,1.0,150.03409507248386,100.24363906812992,0.10760319122516648,1.221907762459196,149.99295371429423,150.1005569055194,99.63486757240675,100.85677533486594,true,true
200,1.0,150.03473721139443,100.35824048176161,0.10781466538139739,1.2298192504160994,149.99625069349992,150.10406535888131,99.72869004748033,100.95850929789643,true,true
200,1.0,149.86656168994062,99.66586496085604,0.1102072445026181,1.195740047359081,149.8265008277362,149.93670807223882,99.06698649556267,100.26272654292175,false,true
200,1.0,150.0012035766478,99.5421508959237,0.10406176128958577,1.099873699046114,149.9606032471124,150.064665008402,98.98656203567494,100.08643573472105,true,true
200,1.0,149.99306874671342,100.28802751307049,0.10628281844208232,1.1821029984608629,149.95314334964314,150.05942616808522,99.67054728348776,100.85265028194863,true,true
200,1.0,150.0525399332198,99.64810677448754,0.10440134813291024,1.0283440790978204,150.01267502127473,150.11707636940764,99.13901747114815,100.16736155024597,false,true
200,1.0,149.80181053497026,99.79114906274143,0.11155693915512188,1.19234108328655,149.7605726610886,149.8721296002437,99.16582629291871,100.35816737620526,false,true
200,1.0,150.02852667097997,100.58925547916084,0.10756884534714573,1.2622644307125483,149.98838307825986,150.095951923607,99.97370575732883,101.23597018804138,true,true
200,1.0,150.00559161601512,99.22868236512002,0.11198740234070215,0.9725527242632239,149.96360846054336,150.07559586288406,98.73700022450625,99.70955294876947,true,false
200,1.0,149.88415267525932,100.28588578134455,0.11343166506256352,1.199584494815653,149.8412738072922,149.95470547235476,99.6686288122536,100.86821330706925,false,true
200,1.0,150.00350479448764,100.08621229063775,0.10704377173075841,1.2035357747009527,149.96191776276657,150.06896153449733,99.48014572193571,100.68368149663667,true,true
200,1.0,149.72585044343904,99.64694205586315,0.10833247708580984,1.106519117298916,149.6854114086075,149.79374388569332,99.08294704016922,100.18946615746813,false,true
200,1.0,150.0565111690406,100.18035284843674,0.11252940706279446,1.2259493223234017,150.01432712216837,150.12685652923116,99.562092881725,100.7880422040484,false,true
200,1.0,150.02956597365642,100.14145610146684,0.10830041734712381,1.2219871721800928,149.9900491804748,150.09834959782194,99.52859861657635,100.75058578875644,true,true
200,1.0,149.90843058673642,100.07662805671073,0.10401103824145252,1.1967176806497974,149.87062921760705,149.9746402558485,99.48786587190054,100.68458355255034,false,true
200,1.0,149.80231291331512,100.82063751766516,0.10199394284430241,1.2193870618278027,149.7650331037037,149.867027046548,100.19821804178974,101.41760510361755,false,false
200,1.0,149.9535253734203,100.19782959786632,0.12110180683725957,1.14363332311342,149.9088567490871,150.02995855592437,99.60358393339024,100.74721725650366,true,true
200,1.0,149.84621294641772,100.25651119537292,0.11728184126914698,1.1670973954940393,149.80243226424838,149.91971410551753,99.65334689504866,100.8204442905427,false,true
200,1.0,150.04414581131334,99.2636099159914,0.10624839845908696,1.122787161658053,150.00479343875594,150.11104183721503,98.6791085279507,99.80189568960876,false,false
200,1.0,149.94483409357656,100.11607257184731,0.10329515500075104,1.1880750092738737,149.90623005940222,150.00952521440297,99.52614028397358,100.71421529324745,true,true
200,1.0,149.97281001942974,99.90006380693933,0.11507706944547635,1.2188410050913063,149.9291507357763,150.04422780522177,99.26504690902857,100.48388791411988,true,true
200,1.0,149.96331248643799,99.89810827898162,0.10314624066981537,1.2127693800102577,149.92596987390274,150.02911611457256,99.29906286628312,100.51183224629338,true,true
200,1.0,149.93845831477904,100.25188544340608,0.10443014044588494,1.2854994540545732,149.89816012091813,150.00259026136402,99.62224379064715,100.90774324470172,true,true
200,1.0,150.05543050529855,100.46767404194152,0.10732851297200341,1.2598119130369696,150.0160312350235,150.1233597479955,99.84848253508875,101.10829444812572,false,true
200,1.0,149.86014255863302,100.27629828452464,0.10728675510205221,1.1810968913766544,149.8207461215152,149.92803287661727,99.6949721836701,100.87606907504676,false,true
200,1.0,149.9312995047963,99.76448596419266,0.11381552929395866,1.2282278864619087,149.89012195832254,150.0039374876165,99.14914366669588,100.37737155315779,true,true
200,1.0,149.92227414755445,100.33040858144473,0.11641887825962272,1.2181942139354902,149.8805227196154,149.99694159787504,99.71890302627726,100.93709724021275,false,true
200,1.0,149.9348443252166,100.72699234411712,0.1103199879393344,1.2430722599226272,149.89321979692608,150.0035397848654,100.10918228914677,101.3522545490694,true,false
200,1.0,150.06759173309317,99.35475658869737,0.11579675043446969,0.9573295427076687,150.02398443639146,150.13978118682593,98.88052692741857,99.83785647012624,false,false
200,1.0,150.0088516185411,100.50502928992461,0.10356935862679961,1.2439722270090954,149.9705441687628,150.0741135273896,99.87905360759058,101.12302583459967,true,true
200,1.0,150.02892209902572,99.48586439650192,0.11510949064080478,1.1564228187383776,149.9864946024378,150.1016040930786,98.90722859123944,100.06365140997782,true,true
200,1.0,149.84590055955306,99.90580995535123,0.11234795971762424,1.2208551249138822,149.8059311914531,149.91827915117074,99.29756176559137,100.51841689050525,false,true
200,1.0,149.6193663433569,99.61034144178419,0.11696846927574711,1.1577568578916413,149.57639502565257,149.69336349492832,99.03631608363607,100.19407294152771,false,true
200,1.0,149.99621333502955,100.52360612509446,0.10536722209735672,1.2476459438344563,149.95801968003104,150.0633869021284,99.8872196488107,101.13486559264516,true,true
200,1.0,149.99580332066154,99.62509288357762,0.11465092978079383,1.1374434085554128,149.9511813605494,150.0658322903302,99.08086977495647,100.21831318351188,true,true
200,1.0,149.95565281590902,99.73146215637644,0.10469796591871727,1.1333469637640547,149.91586088261613,150.02055884853485,99.14711406799148,100.28046103175554,true,true
200,1.0,150.0640011622241,100.17314276334903,0.10330651992356366,1.205889329226963,150.02481313338885,150.1281196533124,99.57642547752633,100.78231480675329,false,true
200,1.0,149.82212953662196,100.53441683397344,0.1154456713133527,1.2923402597868971,149.77782904286045,149.8932747141738,99.88289429384423,101.17523455363113,false,true
200,1.0,149.8969479958429,100.02860399466462,0.10753867344584478,1.2152193946382255,149.85646712256187,149.9640057960077,99.41321674357911,100.62843613821734,false,true
200,1.0,149.98389649974928,99.81634299631014,0.1037161368925581,1.12496049082894,149.9450143276978,150.04873046459036,99.25020329511439,100.37516378594333,true,true
200,1.0,149.9805548844975,100.85391862916721,0.10745367175667297,1.2294754680774815,149.94169178208372,150.0491454538404,100.23588093540575,101.46535640348323,true,false
200,1.0,149.940583900663,99.65112781126359,0.1134907407289063,1.1908689228931593,149.89848417555947,150.01197491628838,99.04257585791922,100.23344478081238,true,true
200,1.0,149.9779115632312,99.48145460391149,0.1073590844209491,1.1241145060356814,149.93839593822779,150.04575502264873,98.93602798910779,100.06014249514347,true,true
200,1.0,149.4100540512286,100.37681841509624,0.11613154980489071,1.1967808722076967,149.36719736784798,149.48332891765287,99.76624375046148,100.96302462266918,false,true
200,1.0,149.88745070770676,99.64414308055186,0.10861714344906659,1.1008240887431384,149.84842182430677,149.95703896775584,99.07423557430266,100.1750596630458,false,true
200,1.0,150.0540191745904,100.62002861155113,0.1033422139959157,1.1925962854495538,150.01619618918002,150.11953840317594,100.02414380801736,101.21674009346691,false,false
200,1.0,150.06890197805802,100.38211990554939,0.1095610647092542,1.2422548695300577,150.02796462944303,150.1375256941523,99.76567055803929,101.00792542756935,false,true
200,1.0,149.86239384403748,100.15792395560264,0.10887073720053309,1.162588329465592,149.82210893785768,149.9309796750582,99.59132249477322,100.75391082423882,false,true
200,1.0,149.9767893552683,99.74360003383651,0.11861902919795853,0.9290071283164565,149.9329537888197,150.05157281801766,99.2589237523752,100.18793088069165,true,true
200,1.0,150.0231992869381,99.6307853366268,0.10997047798340986,1.1698045773025427,149.98219234301678,150.0921628210002,99.04211130434493,100.21191588164747,true,true
200,1.0,150.0506471482147,100.19792710052894,0.10572226759515502,1.2104645367268603,150.01242794403464,150.1181502116298,99.60208094403076,100.81254548075762,false,true
200,1.0,149.959155403561,99.12629474376286,0.10329898349056066,1.0699716465307176,149.9194918537691,150.02279083725966,98.55865224116684,99.62862388769756,true,false
200,1.0,149.98082867174514,100.18061754402011,0.11130060821477628,1.2298549169132968,149.939075364812,150.05037597302677,99.56146017616976,100.79131509308306,true,true
200,1.0,149.909446085554,99.58891156602563,0.10946871631932709,1.143073785509685,149.86854166824523,149.97801038456456,99.03116739516756,100.17424118067724,false,true
200,1.0,150.05114700083914,100.2906403874961,0.09593585187968756,1.1967142382237625,150.01466850851875,150.11060436039844,99.70068523803414,100.8973994762579,false,true
200,1.0,150.02593539980603,100.21981326187054,0.10565320853268645,1.2009603061758156,149.98670190850586,150.09235511703855,99.63959624657919,100.840556552755,true,true
200,1.0,149.9527744202749,99.78930640718916,0.10739144933089051,1.1979118563655504,149.9122803709041,150.019671820235,99.18827127564074,100.3861831320063,true,true
200,1.0,150.05689578931955,100.64297187315995,0.10894979186093678,1.2885637173473583,150.0172566809187,150.12620647277964,99.99529079955971,101.28385451690707,false,true
200,1.0,150.06202533792776,99.9924110008613,0.11604644117846874,1.1447578839600396,150.02022971516521,150.13627615634368,99.41545704611332,100.56021493007336,false,true
200,1.0,150.01213039201497,99.73159321533197,0.10574125349384644,1.1340757429615564,149.97327137459249,150.07901262808633,99.16293843375388,100.29701417671544,true,true
200,1.0,149.8242688445215,100.16520854593908,0.11086836874923733,1.189408157464456,149.7831747097102,149.89404307845945,99.57820719785836,100.76761535532282,false,true
200,1.0,149.99911175362382,99.54766406593316,0.10922062305661484,1.1791052345913187,149.9594833953205,150.0687040183771,98.94463487203227,100.12374010662359,true,true
200,1.0,150.02147167657262,99.85214989194782,0.111209588280758,1.1521106475840526,149.98072995422626,150.09193954250702,99.25832347020153,100.41043411778558,true,true
200,1.0,150.00540093083734,100.65917101558978,0.10668465821015616,1.2742572586913354,149.96466156694675,150.0713462251569,100.0385195207634,101.31277677945474,true,false
200,1.0,149.78975218223678,99.85588830952601,0.11401684637971243,1.1887888511072902,149.74503119077653,149.85904803715624,99.25579158740348,100.44458043851077,false,true
200,1.0,150.06601642446049,99.99549218534665,0.11816172826399907,1.1920919112690456,150.0238727777824,150.1420345060464,99.39973564537357,100.59182755664261,false,true
200,1.0,150.03015915861914,100.16267570256468,0.1052862509547765,1.1772593016730752,149.99038606650063,150.0956723174554,99.5818865334501,100.75914583512318,true,true
200,1.0,149.9397455179691,99.74492623980224,0.11572832236453223,1.1525300985550473,149.89589467572495,150.01162299808948,99.1498281404629,100.30235823901795,true,true
200,1.0,149.97989089959503,100.23158878757164,0.10660140810665553,1.1974817014634027,149.940894860215,150.04749626832165,99.63460725734595,100.83208895880935,true,true
200,1.0,150.06285051503897,99.9669934350965,0.1091613603146584,1.1494500519187483,150.02148160105475,150.1306429613694,99.37711364849898,100.52656370041773,false,true
200,1.0,149.9010190099787,99.62319381182982,0.10990519912064656,1.1509677294890537,149.86012382489415,149.9700290240148,99.04490178106298,100.19586951055203,false,true
200,1.0,149.9819272467679,99.01077721270956,0.1111904837590032,0.9949559241338619,149.94044054407698,150.05163102783598,98.50241219214143,99.4973681162753,true,false
200,1.0,150.00301838203606,100.4817085382448,0.10963961047141879,1.2113452560043214,149.96375468449943,150.07339429497085,99.8676817444007,101.07902700040502,true,true
200,1.0,149.97545324088793,100.65434293794146,0.11200179385937759,1.2650423812851557,149.9343162296563,150.04631802351568,100.0444082978238,101.30945067910895,true,false
200,1.0,150.01789831989458,99.94939069662811,0.10828764785145495,1.2459270432259189,149.97778093621514,150.0860685840666,99.3315484219241,100.57747546515002,true,true
200,1.0,150.02196702929996,100.57717583244141,0.1149304458934921,1.2642202932947555,149.97867284135606,150.09360328724955,99.92982803941041,101.19404833270517,true,true
200,1.0,149.96436957850466,99.92949080400935,0.11867319240684537,1.144537195944622,149.91993960423235,150.0386127966392,99.37787454796816,100.52241174391278,true,true
200,1.0,150.031327771275,99.81985149485973,0.10653200601564095,1.0567852812617673,149.99133641791616,150.0978684239318,99.29460307713846,100.35138835840023,true,true
200,1.0,150.04046370979285,100.07992632383679,0.10850989670800004,1.2494910780567352,150.0009054295543,150.1094153262623,99.4447743509598,100.69426542901654,false,true
200,1.0,150.0334925955497,100.26213975837288,0.1052599651827677,1.217720397450023,149.99402182741304,150.0992817925958,99.64246344301112,100.86018384046115,true,true
200,1.0,150.0655991054851,99.62397576843014,0.10682616235908426,1.209358547193773,150.02683531802717,150.13366148038625,99.0069306259413,100.21628917313507,false,true
200,1.0,149.8593558343159,100.43134689018987,0.11180123488071558,1.202190714495984,149.8212636140465,149.93306484892722,99.82780133952083,101.02999205401682,false,true
200,1.0,150.0161769515051,99.70872258618915,0.1090749649391114,1.1208316523652684,149.9758529938037,150.0849279587428,99.15378478053555,100.27461643290081,true,true
200,1.0,149.8722740035126,100.47303686410234,0.10237157316223033,1.2217994294634025,149.83391739035122,149.93628896351345,99.8678763421829,101.0896757716463,false,true
200,1.0,149.8977035669139,100.18337784512002,0.10819157247152589,1.2055631797413895,149.8590392649778,149.96723083744934,99.57712377855688,100.78268695829827,false,true
200,1.0,149.99376250463968,100.68655100049162,0.10933519345562104,1.2624406927117775,149.9540883831152,150.0634235765708,100.06909813970816,101.33153883241994,true,false
200,1.0,150.0443368312051,99.3787154244751,0.10442726903863786,1.1112888021377216,150.00530428453646,150.1097315535751,98.80877002229309,99.92005882443081,false,false
200,1.0,150.01996757146742,99.40402275377836,0.11304106946630554,0.8993992880193389,149.97873783709397,150.09177890656028,98.9289693082121,99.82836859623144,true,false
200,1.0,149.86826743458013,99.77080963640282,0.11174124948072972,1.2213161681220583,149.82638847008187,149.9381297195626,99.156987892394,100.37830406051606,false,true
200,1.0,149.96166194212327,99.46810445640476,0.110651165698755,1.0572538667515943,149.9194891513707,150.03014031706945,98.94220052870234,99.99945439545394,true,false
200,1.0,149.94650252361976,99.69319298500318,0.1088075758403022,1.1955269775237412,149.9063056689816,150.0151132448219,99.10775110086504,100.30327807838879,true,true
200,1.0,150.0164753443131,100.49161588691058,0.09794897110529632,1.2717395422637594,149.97936504862327,150.07731401972856,99.82237678737599,101.09411632963975,true,true
200,1.0,150.04819029859053,100.36816733418526,0.10715678089528069,1.250434485024968,150.00977768094268,150.11693446183796,99.74528979924548,100.99572428427045,false,true
200,1.0,150.05043189108702,99.83410931134065,0.11670437951147505,1.109499052567827,150.00736910366462,150.1240734831761,99.25929395258864,100.36879300515646,false,true
200,1.0,149.97402809680034,99.95192488432275,0.11004284839413003,1.1710985923034656,149.93344574291444,150.04348859130857,99.35921461253874,100.5303132048422,true,true
200,1.0,149.79495418668466,100.18943305883444,0.11284643131250505,1.2190804122426329,149.7534262246174,149.86627265592992,99.59395661650134,100.81303702874398,false,true
200,1.0,149.96415586189312,100.36746890978583,0.1095178121038316,1.1693057741468351,149.92440716029247,150.0339249723963,99.7989429485014,100.96824872264824,true,true
200,1.0,149.99113437919428,100.33227399642263,0.10222299103281784,1.231154534584178,149.9534615115507,150.05568450258352,99.72837651972891,100.95953105431309,true,true
200,1.0,150.0144703012971,100.73053098910768,0.10791782873300804,1.242488254992935,149.97520079668232,150.08311862541532,100.09174216465307,101.334230419646,true,false
200,1.0,150.06330317602814,99.3619770741032,0.1091023184940525,1.1509982163022698,150.02291355372316,150.1320158722172,98.7813460828195,99.93234429912177,false,false
200,1.0,149.92940020056156,100.16812827265387,0.1108710730693474,1.1644472255306795,149.88683708323353,149.99770815630288,99.5511616730479,100.71560889857858,false,true
200,1.0,149.79797589908242,100.91786484185906,0.10887303513658253,1.29608122760132,149.75554803884899,149.86442107398557,100.28374038232906,101.57982160993038,false,false
200,1.0,149.90815513530237,99.29467303567105,0.11509965874415684,0.9395449648150986,149.8663513500974,149.98145100884156,98.80936277835832,99.74890774317342,false,false
200,1.0,150.00461512773887,100.18454022679009,0.10857136322513838,1.1820606081331277,149.96275334829627,150.0713247115214,99.59481293730073,100.77687354543386,true,true
200,1.0,149.9894677198218,100.49491468152756,0.11635328874353945,1.253794161479334,149.94688492698134,150.06323821572488,99.85298794027207,101.1067821017514,true,true
200,1.0,149.95441781867277,100.15860980357351,0.117852864321776,1.173426507467056,149.91005906173297,150.02791192605474,99.5640134397104,100.73743994717745,true,true
200,1.0,149.9763765235416,100.41059118804239,0.10623750536080934,1.2084819652889962,149.9371353367136,150.0433728420744,99.8073387672059,101.0158207324949,true,true
200,1.0,149.99610050547972,100.22025811308008,0.11432318227971905,1.1681037703142607,149.95329438469645,150.06761756697617,99.64047779880406,100.80858156911832,true,true
200,1.0,149.99799557456456,100.03406524926524,0.10873415018184573,1.2690241649321337,149.95796231332807,150.0666964635099,99.3995039267679,100.66852809170004,true,true
200,1.0,150.03572482241614,100.52228036894971,0.10363120226563183,1.2153117312893045,149.99635170280558,150.09998290507122,99.91496141284996,101.13027314413927,true,true
200,1.0,149.95259074925966,100.50109268026551,0.10467693353069762,1.207053467920403,149.91254306986667,150.01722000339737,99.9015235059495,101.1085769738699,true,true
200,1.0,150.00625984286296,99.83682130244819,0.11320677322964912,1.215513099746559,149.96420982328627,150.07741659651592,99.2171962157333,100.43270931547985,true,true
200,1.0,150.0616438249922,100.32188652601621,0.11132831966398271,1.2163808896091695,150.02011728579427,150.13144560545825,99.712541181048,100.92892207065717,false,true
200,1.0,150.0473520318676,100.04280535419029,0.1054052623618702,1.1459216675724377,150.00888306478856,150.11428832715043,99.46726407149647,100.61318573906891,false,true
200,1.0,150.05219125920445,100.09236809210842,0.10913956477480724,1.1717753583654513,150.01055150490077,150.11969106967558,99.5106825759219,100.68245793428736,false,true
200,1.0,149.92815213138604,99.99984835361573,0.11407658383706121,1.2527040943782168,149.88572369566236,149.99980027949942,99.380490157535,100.63319425191321,false,true
200,1.0,150.02559745831485,99.85904737551647,0.10870783509196258,1.0327581095793619,149.98494245892812,150.09365029402008,99.31687453761326,100.34963264719262,true,true
200,1.0,150.01912498796005,100.28701374901947,0.10995787988241545,1.117533915658484,149.97770947279224,150.08766735267466,99.72343441432868,100.84096832998716,true,true
200,1.0,150.04976722755552,99.38349733971476,0.10311605815488178,1.2271452957858031,150.01262580953923,150.1157418676941,98.75770763343216,99.98485292921796,false,false
200,1.0,150.03151540842,99.21535549884085,0.10566300308559562,1.0848754314354352,149.9924672553199,150.0981302584055,98.6706238277027,99.75549925913813,true,false
200,1.0,149.89460913722348,99.8503107062365,0.11220201850113654,1.182735499797289,149.8534234850188,149.96562550351993,99.26723650587601,100.4499720056733,false,true
200,1.0,149.97945883925752,99.82689396802506,0.10587062024086435,1.1340985524373082,149.93905865224156,150.04492927248242,99.24221211205769,100.376310664495,true,true
200,1.0,149.90456724608924,100.30399105162257,0.11007170205758143,1.1277619251073645,149.86387677057135,149.97394847262893,99.72937234427607,100.85713426938344,false,true
200,1.0,149.87822572035583,100.02932200401493,0.11508156740364939,1.1893222823989333,149.835209749157,149.95029131656065,99.41229150871088,100.60161379110981,false,true
200,1.0,149.76022399979018,99.70592881225582,0.10815837511913173,1.1574644329938053,149.72013586570847,149.8282942408276,99.13908138333777,100.29654581633157,false,true
200,1.0,150.04521476045528,99.83356469581094,0.11302751305242964,1.1278417869684603,150.0012990514016,150.11432656445402,99.25381461851794,100.3816564054864,false,true
200,1.0,149.98282566516522,99.25683089516059,0.11094957348959156,0.9562716361214427,149.94323806418961,150.0541876376792,98.74888923578807,99.70516087190951,true,false
200,1.0,149.9958206818866,100.4826032857476,0.10781827698610869,1.2707882308976224,149.95726560134744,150.06508387833355,99.85433065154135,101.12511888243897,true,true
200,1.0,150.00810890256327,99.99973270029773,0.11537602807396752,1.18523959099646,149.964405218186,150.07978124625996,99.39456257680813,100.57980216780459,true,true
200,1.0,150.04621546266952,99.91060144507288,0.10399131032491482,1.169715347829026,150.007124002879,150.11111531320392,99.30383340204335,100.47354874987238,false,true
200,1.0,149.98654779312585,100.35954662074224,0.10943184936408556,1.214695897167772,149.9463210327182,150.0557528820823,99.76005489852764,100.97475079569541,true,true
200,1.0,150.0660435878467,100.0517013787144,0.11198412935252122,1.1975453964746237,150.023942173743,150.13592630309552,99.44783400064009,100.64537939711471,false,true
200,1.0,149.98270518867182,100.30614368443,0.1058616799317349,1.2196755894972426,149.94407217507512,150.04993385500686,99.69345113370261,100.91312672319985,true,true
200,1.0,149.9513540972011,100.42842803493878,0.11059081179129748,1.253352431434294,149.91072966867256,150.02132048046386,99.80228353499012,101.05563596642442,true,true
200,1.0,149.89053674270502,99.80834198680802,0.1112677910490163,1.1631462726194144,149.85041496042848,149.9616827514775,99.2271106111591,100.39025688377852,false,true
200,1.0,149.9730623335978,100.74457875785365,0.10635903520628176,1.2760951320376535,149.93381568465952,150.0401747198658,100.1218582888632,101.39795342090085,true,false
200,1.0,149.92361496862785,100.57011360813611,0.11464550758694259,1.2159681267140598,149.88021829771077,149.9948638052977,99.96595635623832,101.18192448295238,false,true
200,1.0,150.00225669137137,99.82465316041397,0.11708106399785834,1.1509860356131156,149.95783420978026,150.07491527377812,99.2277049532397,100.37869098885281,true,true
200,1.0,150.01794207214547,99.88582081726372,0.10885200236759829,1.1888991043305026,149.97714690326387,150.08599890563147,99.28019012474137,100.46908922907187,true,true
200,1.0,149.90771842112878,99.7555134571844,0.10827418642097086,1.2137621277362598,149.86580936977404,149.974083556195,99.15089278827446,100.36465491601072,false,true
200,1.0,149.85755558089033,99.03684051983802,0.11355696066985388,1.06053573989837,149.81612761711787,149.92968457778773,98.49263618092589,99.55317192082425,false,false
200,1.0,149.9861763904604,99.93885008472589,0.10215493598906278,1.232725070110817,149.9499119629531,150.05206689894217,99.32612986910856,100.55885493921937,true,true
200,1.0,149.98330254828392,100.0176569695536,0.10466319675617797,1.1578177605522768,149.94398596160102,150.0486491583572,99.43814683596116,100.59596459651344,true,true
200,1.0,149.8449858255379,99.53644114426933,0.11572009159593222,1.0453921243881865,149.80203334367695,149.91775343527289,99.00118377186645,100.04657589625464,false,true
200,1.0,149.89931567613263,99.75498965399927,0.1111230526750262,1.1746481368678303,149.85928228130635,149.97040533398138,99.17605921416597,100.3507073510338,false,true
200,1.0,150.0017328930028,99.67704938415707,0.10631884322711471,1.0301408994690888,149.96162995256333,150.06794879579044,99.15593254394607,100.18607344341515,true,true
200,1.0,149.98211785456743,100.93282899523258,0.11023920675114596,1.2502960273480141,149.94228074312616,150.0525199498773,100.33533213512538,101.5856281624734,true,false
200,1.0,150.05072183461735,100.11806889415473,0.11103983310516696,1.1979933915542915,150.00836646055507,150.11940629366023,99.53834530013107,100.73633869168536,false,true
200,1.0,149.82713979906237,99.68981251446746,0.11338286663789177,1.1413773477261486,149.78623466626544,149.89961753290333,99.10876664610967,100.25014399383582,false,true
200,1.0,150.0527308244977,99.41397378929366,0.11302518983995924,1.1631031291135656,150.01123151516722,150.12425670500718,98.82355777175145,99.98666090086502,false,false
200,1.0,150.02035637037648,99.9837612118556,0.10696487016784317,1.1624328180076873,149.98003881357303,150.08700368374087,99.3948688990898,100.55730171709749,true,true
200,1.0,150.06143266384146,99.60820149807472,0.11694434516579122,1.1480487455375226,150.01805024067502,150.13499458584081,99.03037550549212,100.17842425102964,false,true
200,1.0,150.04530668153663,100.24614243648323,0.10441844686957324,1.2261155150540048,150.0072540486351,150.11167249550468,99.62803608825975,100.85415160331375,false,true
200,1.0,150.02624482269704,99.7048694406941,0.11298559240631789,1.1473071061781184,149.9860229795372,150.09900857194353,99.1040558039915,100.25136291016962,true,true
200,1.0,149.99150488380874,99.67609991090407,0.1093105032767312,1.1491906940736243,149.95096966266772,150.06028016594445,99.08959518400677,100.23878587808039,true,true
200,1.0,150.05690430893793,99.90465922693618,0.10636985919177278,1.1841783801278893,150.01728972073664,150.12365957992841,99.29760146730631,100.4817798474342,false,true
200,1.0,150.01465430470063,99.5946178249549,0.11132689633345194,1.1421463607401563,149.97419414715304,150.0855210434865,99.00922943894663,100.15137579968679,true,true
200,1.0,150.04719122758019,99.8673067602565,0.10813161823284645,1.1859105242307066,150.00599565693545,150.1141272751683,99.2665475228721,100.45245804710281,false,true
200,1.0,150.00439156833568,99.81966020790247,0.1099733552575799,1.1961965773243861,149.96508979976193,150.0750631550195,99.20462262201411,100.4008191993385,true,true
200,1.0,150.02147359987964,100.030640546232,0.10464461853229068,1.1971020673061474,149.98371078310402,150.0883554016363,99.43748505981937,100.63458712712551,true,true
200,1.0,149.7971622892946,100.71346394082101,0.11096241275618013,1.2618827455032715,149.75692152887578,149.86788394163196,100.08378270599381,101.34566545149708,false,false
200,1.0,149.94873546761158,99.82719656594728,0.10947615088070961,1.148017767530746,149.9071826871545,150.0166588380352,99.25125062825597,100.39926839578672,true,true
200,1.0,150.02892987070413,100.50467314896011,0.10574252755949942,1.26679414413465,149.9886369005487,150.0943794281082,99.87152614401091,101.13832028814556,true,true
200,1.0,149.92902843799018,100.57376164808787,0.10041686151899398,1.2072080441239024,149.89060371591873,149.99102057743772,99.96523795048128,101.17244599460518,false,true
200,1.0,149.76101668252053,99.27106852691637,0.11405218185319654,1.1331035111510914,149.71756349864853,149.83161568050173,98.6846097152183,99.81771322636939,false,false
200,1.0,149.8079362776368,99.71600550212943,0.11703700265539396,1.146149992747354,149.76477659880084,149.88181360145623,99.12762242227437,100.27377241502172,false,true
200,1.0,150.0503163139111,99.93615740144757,0.10369784487403422,1.2164786976530877,150.0119985216532,150.11569636652723,99.29605625005053,100.51253494770361,false,true
200,1.0,149.8155220274346,99.98278219263935,0.10901668586285496,1.1978873728239705,149.77423784139876,149.8832545272616,99.35805699745465,100.55594437027862,false,true
200,1.0,150.03143474447512,100.02167586067529,0.10675924415875215,1.20262766162152,149.99201447670296,150.09877372086171,99.43119932527726,100.63382698689878,true,true
200,1.0,150.01136626918122,99.79478754570232,0.1092742159019906,1.2636318333819645,149.97035766710016,150.07963188300215,99.16694579930868,100.43057763269064,true,true
200,1.0,149.9230492229953,99.95199622797514,0.11321912587706606,1.1702776557333294,149.88205066896586,149.99526979484293,99.34197615980308,100.51225381553641,false,true
200,1.0,149.93434706540546,100.13500096569916,0.11010296473710923,1.1512790249130092,149.8941850785329,150.00428804327,99.561315193874,100.712594218787,true,true
200,1.0,149.8656553482317,100.9587453975391,0.09929833704603652,1.2634560053834463,149.8297890124913,149.92908734953733,100.34608392281127,101.60953992819472,false,false
200,1.0,150.0307596489812,100.32041720460815,0.10433699517113837,1.2404767398647323,149.99108863057228,150.09542562574342,99.7066315420058,100.94710828187053,true,true
200,1.0,150.04078592690905,100.33662035893602,0.09908746291489479,1.1091916381746358,150.00580367088403,150.10489113379893,99.75490122472242,100.86409286289705,false,true
200,1.0,149.8917789063544,100.46280755127879,0.10606585217274755,1.191077592274894,149.85062326949702,149.95668912166977,99.87480460332122,101.06588219559612,false,true
200,1.0,150.03655695541505,99.93676971092837,0.11419226759159073,1.183488991928698,149.99493728229717,150.10912954988876,99.34347445022175,100.52696344215045,true,true
200,1.0,150.02114893097263,100.44424675117256,0.10913995151284439,1.2840279061439759,149.98068163868868,150.08982159020152,99.80034779076038,101.08437569690436,true,true
200,1.0,149.98473178953796,100.20442965707255,0.1199621724454687,1.2113259597343955,149.9401512429411,150.06011341538658,99.60891758083302,100.82024354056742,true,true
200,1.0,149.906589197021,100.01287409766172,0.11202169631695824,1.1666374227123129,149.86578857596757,149.97781027228453,99.43547452750667,100.60211195021898,false,true
200,1.0,150.00138945849835,100.11252889688426,0.10816074249470375,1.0553324778696407,149.96068737902587,150.06884812152057,99.57830368856692,100.63363616643656,true,true
200,1.0,150.06826592387023,99.54662218853463,0.11551039927931583,1.1583694523028782,150.0267881904016,150.1422985896809,98.95438703297106,100.11275648527393,false,true
200,1.0,150.05918743251704,100.36092217089208,0.10909640184186742,1.1867992149531403,150.01896320431726,150.12805960615913,99.76122832265995,100.94802753761309,false,true
200,1.0,150.0639688976126,100.0511203009237,0.11137109691745195,1.1762250582840608,150.0225979106409,150.13396900755836,99.48261242898533,100.6588374872694,false,true
200,1.0,149.99648227948705,100.3691628068029,0.10936898982316734,1.270514798312064,149.95720707782863,150.0665760676518,99.73188709690271,101.00240189521477,true,true
200,1.0,149.99839863265547,100.03927524861291,0.10564466558864183,1.2071939514115115,149.95817699504894,150.0638216606376,99.43713331224373,100.64432726365524,true,true
200,1.0,149.77075635027063,100.61707018268453,0.10595239490126573,1.2284027110167557,149.7301714430991,149.83612383800036,100.00076113185351,101.22916384287026,false,false
200,1.0,149.90129996945,99.91124639822075,0.10576406321266063,1.1264895960507602,149.8613826133102,149.96714667652287,99.34986713229291,100.47635672834367,false,true
200,1.0,150.04713727059277,100.32652852219795,0.10414699508481817,1.2403551287717107,150.01061374529408,150.1147607403789,99.69290844324445,100.93326357201616,false,true
200,1.0,150.06635851460945,100.01458768067778,0.11070801687290555,1.2311583996551292,150.02668459264106,150.13739260951397,99.40334392577549,100.63450232543062,false,true
200,1.0,150.06013586537932,100.37310927734966,0.10934762657649344,1.2133066640694068,150.01784624072576,150.12719386730225,99.769893642369,100.9832003064384,false,true
200,1.0,150.05564890313576,100.38500475212942,0.1108109619450488,1.2288446531465098,150.0143876603642,150.12519862230926,99.77869030721646,101.00753496036297,false,true
200,1.0,149.95649212830588,100.50816136077461,0.10467660606062168,1.2241086238548462,149.91816542950562,150.02284203556624,99.9168273589851,101.14093598283995,true,true
200,1.0,150.01536682391583,100.19413241544073,0.11377886873185616,1.1831536205693851,149.9730630279084,150.08684189664027,99.59964584403372,100.7827994646031,true,true
200,1.0,149.90344485952573,99.52686723271879,0.10256205711331745,1.1156806841544835,149.86562905732197,149.96819111443529,98.96283960799984,100.07852029215432,false,true
200,1.0,150.0329415063439,101.00061721489504,0.10784206453519118,1.2830662942679112,149.99316698418093,150.10100904871612,100.3604984538645,101.6435647481324,true,false
200,1.0,150.06301480797663,100.60232928307263,0.1054167234080694,1.2483116194368051,150.02384514955176,150.12926187295983,99.98163521197883,101.22994683141563,false,true
200,1.0,150.05949128462208,99.76369139847294,0.11706769032494435,1.221166174068145,150.01565243181992,150.13272012214486,99.14511939230434,100.36628556637248,false,true
200,1.0,149.93512531243306,100.13185802163594,0.10184684972907121,1.1923554835013448,149.89638642060075,149.99823327032982,99.53386400703633,100.72621949053767,false,true
200,1.0,150.01355704576991,100.20451058421492,0.1095729709547868,1.2143110614607906,149.97457022785738,150.08414319881217,99.5847934629497,100.7991045244105,true,true
200,1.0,150.02709715689383,100.11552408184387,0.10722658299997079,1.1993640271398363,149.98611309567306,150.09333967867303,99.50730242535089,100.70666645249072,true,true
200,1.0,149.82449581851066,100.02929306602056,0.10973963427093736,1.2244734771849153,149.78346887731425,149.8932085115852,99.39328985191649,100.61776332910141,false,true
200,1.0,149.8504589755966,99.3923756189364,0.10709352280196072,1.1601884133181812,149.8117673670419,149.91886088984387,98.78961735228854,99.94980576560673,false,false
200,1.0,150.03850432949727,99.81822085500042,0.1136370874774002,1.196866403923508,149.99614537474335,150.10978246222075,99.21355937992368,100.41042578384719,true,true
200,1.0,149.9835221415346,99.77961110843334,0.10949610352284367,1.0031145899924212,149.94437059510204,150.0538666986249,99.27033365895208,100.2734482489445,true,true
200,1.0,149.80704392281973,99.79154021915534,0.10451828546203501,1.2199144921456764,149.768840581912,149.87335886737404,99.16687638185529,100.38679087400097,false,true
200,1.0,150.0240272973253,99.50426551839595,0.10603388395503544,1.1365966805759484,149.98434147771172,150.09037536166676,98.93245532588769,100.06905200646364,true,true
200,1.0,149.9003336448125,99.91798477451809,0.1090833711335506,1.192826300768104,149.86007629344488,149.96915966457843,99.33775106831317,100.53057736908127,false,true
200,1.0,149.98665745609668,99.81181030796799,0.11112148259903165,1.1542969071831521,149.94669294382618,150.0578144264252,99.23429405690085,100.388590964084,true,true
200,1.0,149.37122566198468,100.51276224620386,0.10748960027805765,1.1282506368581977,149.3315142523959,149.43900385267395,99.95016331483329,101.07841395169149,false,true
200,1.0,149.83181033250293,100.41000875646989,0.10623222133500576,1.248435036018762,149.7935091298425,149.8997413511775,99.77892405683205,101.02735909285082,false,true
200,1.0,149.91582907998583,99.98815418307082,0.1053674724466589,1.237280948923825,149.87568152279664,149.9810489952433,99.38928844781364,100.62656939673747,false,true
200,1.0,150.0154935617469,100.85423923968455,0.10329218270140927,1.2533649979336445,149.97713596897927,150.08042815168068,100.22907406215076,101.4824390600844,true,false
200,1.0,150.05936003169245,100.07161178150827,0.10930245731526611,1.247972969431757,150.0199152757141,150.12921773302938,99.45477346763704,100.7027464370688,false,true
200,1.0,150.0462687331381,99.77435006357247,0.10540290497092997,1.1190770061443231,150.00601350076417,150.1114164057351,99.22456570788694,100.34364271403126,false,true
200,1.0,150.03945466960752,99.10439628279985,0.1113158060932733,1.0157230195777203,149.99833166109204,150.1096474671853,98.6019146809395,99.61763770051722,true,false
200,1.0,149.93480600450926,100.36198669545648,0.10802100555309835,1.2329990037925995,149.89652484416558,150.00454584971868,99.74758884542273,100.98058784921533,true,true
200,1.0,149.93801851777528,100.59449547371248,0.10910180452643203,1.3046916314839194,149.89807836510192,150.00718016962836,99.9323805415111,101.23707217299501,true,true
200,1.0,150.00799640788517,99.15419517043406,0.10917026775325667,1.0237239724828413,149.96799646852213,150.0771667362754,98.62020873523089,99.64393270771373,true,false
200,1.0,149.93728609681506,100.19235326061826,0.11208271145119397,1.2512108582902357,149.89496427389975,150.00704698535094,99.5437878830099,100.79499874130013,true,true
200,1.0,149.8573759535651,99.87208536269063,0.11037757298794304,1.1471345478276618,149.8156293639995,149.92600693698745,99.2896694859412,100.43680403376887,false,true
200,1.0,149.93592249333835,100.22008969661391,0.10042435887882561,1.2073640400762145,149.8991223123817,149.99954667126053,99.61484249590804,100.82220653598425,false,true
200,1.0,149.77730402833942,100.11218759045533,0.11307041810587748,1.2130524358975805,149.73417806277655,149.84724848088243,99.4932419108213,100.70629434671888,false,true
200,1.0,150.0087094257957,99.8769500314938,0.10777605935840029,1.1613465468575441,149.9682758902355,150.0760519495939,99.30027147755763,100.46161802441517,true,true
200,1.0,149.9897239544845,99.74218885527625,0.11486247199894706,1.213463233259958,149.94786346306145,150.0627259350604,99.14553885927565,100.3590020925356,true,true
200,1.0,149.93015358040594,99.68043600410215,0.10643867177907396,1.1586074420106058,149.8908094616996,149.99724813347868,99.08646699124131,100.24507443325192,false,true
200,1.0,150.06199143398294,100.16647043694974,0.10657223714639485,1.2103683248526238,150.02212013439558,150.12869237154197,99.53985957160802,100.75022789646064,false,true
200,1.0,150.00633371791366,100.37272747531301,0.10166413179419465,1.173233024672939,149.9691510212383,150.0708151530325,99.79167287753347,100.96490590220641,true,true
200,1.0,150.0506115175367,99.11390381125486,0.1037045384628641,0.9652905522672768,150.01199698316356,150.11570152162642,98.62546017318397,99.59075072545124,false,false
200,1.0,149.9826151692272,99.54356625557872,0.11051409249529343,1.1935686627141564,149.94282404956786,150.05333814206315,98.93828696345892,100.13185562617308,true,true
200,1.0,150.06223246665687,100.40517657640092,0.10185555633415788,1.2879736032623441,150.02495455236556,150.12681010869971,99.74557203283162,101.03354563609396,false,true
200,1.0,150.00016767776293,100.58312456793044,0.10438420043053043,1.2764291337086178,149.9616743982478,150.06605859867832,99.95105814487053,101.22748727857915,true,true
200,1.0,150.0393051415855,99.82293659561803,0.1100831605945416,1.1066620306206971,149.99758833173598,150.10767149233052,99.26751879569936,100.37418082632006,true,true
200,1.0,149.99295320175443,100.00695004851707,0.1110953855639707,1.1663594391924903,149.9522641115146,150.06335949707858,99.4327536323402,100.59911307153268,true,true
200,1.0,150.02088064132013,99.8345280556279,0.11096009580310806,1.1712487632402713,149.97873848338085,150.08969857918396,99.26248203772211,100.43373080096238,true,true
200,1.0,150.02888578632513,100.22390978627857,0.11088030863146514,1.1953632178216225,149.989356366089,150.10023667472046,99.61519606897268,100.8105592867943,true,true
200,1.0,149.92883119859158,100.93328377735607,0.10578356472575479,1.2910830314256003,149.89040933313595,149.9961928978617,100.30233607232256,101.59341910374816,false,false
200,1.0,150.02275222400783,100.45090527153859,0.1125494786464003,1.2811329692333828,149.98113258533002,150.09368206397642,99.8006842254026,101.08181719463599,true,true
200,1.0,150.0635625037266,99.61819549644324,0.11593015426288389,1.156993363138426,150.02070288931185,150.13663304357473,99.04864466955361,100.20563803269204,false,true
200,1.0,150.0068945216285,99.93233381488862,0.11082064815906278,1.170739527620242,149.96571526833753,150.0765359164966,99.3519632894907,100.52270281711094,true,true
200,1.0,150.05350316222754,100.23210849575092,0.11049125856357023,1.1953965411627365,150.01291414936242,150.123405407926,99.61799996882321,100.81339650998595,false,true
200,1.0,150.05048564248358,99.70744386056515,0.10361750018518023,1.162594897988967,150.01287404474581,150.116491544931,99.10378573092007,100.26638062890903,false,true
200,1.0,149.93457478758745,100.13481994969445,0.1114650200409244,1.2102442124989068,149.8924166094101,150.00388162945103,99.53531160052339,100.74555581302229,true,true
200,1.0,150.0622381441298,100.0308868659853,0.10774101679524506,1.1422392639887988,150.02248024552563,150.13022126232087,99.44365559602228,100.58589486001108,false,true
200,1.0,150.02400869648582,99.85715256524011,0.10626320626539609,1.2206073289600567,149.98626289380866,150.09252610007405,99.24299560060886,100.46360292956892,true,true
200,1.0,150.01586996304093,99.96416221691538,0.10563903820417408,1.215419035051724,149.97752674815658,150.08316578636075,99.3702219766999,100.58564101175162,true,true
200,1.0,150.06171501677574,100.61205412571888,0.10188788862942033,1.2292270124110303,150.0230644975622,150.1249523861916,100.02000275835533,101.24922977076636,false,false
200,1.0,150.05631046913948,99.96186201969704,0.10999545048156278,1.160090217203333,150.01519832171977,150.12519377220133,99.3690517799632,100.52914199716653,false,true
200,1.0,149.94778474129112,100.7452765705933,0.10527073298112555,1.2363712920380294,149.90841209593583,150.01368282891696,100.12895843599156,101.3653297280296,true,false
200,1.0,149.95069110347737,99.54995484525992,0.11303915244891982,1.1750090969195668,149.9091271747354,150.02216632718432,98.94863016054246,100.12363925746203,true,true
200,1.0,150.00281585343066,100.69968486387306,0.1061144387955153,1.2380553510137986,149.96371003950222,150.06982447829773,100.06881794453851,101.30687329555231,true,false
200,1.0,149.8891166388293,100.67702859259128,0.10899368001167886,1.2242092197622156,149.84846046696157,149.95745414697325,100.0648918675992,101.28910108736142,false,false
200,1.0,149.82233341830135,99.59826705550745,0.10572745158921748,1.2260990160445289,149.78331309899906,149.88904055058828,98.9813301371335,100.20742915317803,false,true
200,1.0,149.9413342268722,100.2122523187064,0.10341350917005343,1.2457269121871803,149.90232662705068,150.00574013622074,99.60005159289058,100.84577850507776,true,true
200,1.0,150.0535291247558,99.9985978642436,0.10733685571730689,1.214410769905001,150.01412962975658,150.1214664854739,99.38680636808391,100.60121713798891,false,true
200,1.0,150.0544872779933,99.8532042705858,0.10878980189991694,1.1851499294592003,150.0146510335845,150.12344083548442,99.26194389867791,100.44709382813711,false,true
200,1.0,149.77955525668534,99.8243270378469,0.11042344483968236,1.145390309170196,149.73827836314774,149.84870180798742,99.23396164417339,100.37935195334359,false,true
200,1.0,150.04679007204584,99.86099818443614,0.10551493505579401,1.220719533850982,150.00868072746815,150.11419566252394,99.24687477540746,100.46759430925844,false,true
200,1.0,150.0079290086191,100.5050393247788,0.1066863076658251,1.1846691995377512,149.9682446451082,150.07493095277403,99.91905485700335,101.1037240565411,true,true
200,1.0,150.05484620828167,100.02077567145234,0.1164602269458328,1.23953677511048,150.01102101663588,150.1274812435817,99.40066642928517,100.64020320439565,false,true
200,1.0,150.05957987790208,100.29943396481298,0.10592816487078949,1.2051583108883506,150.01991637431897,150.12584453918976,99.68973368605592,100.89489199694427,false,true
200,1.0,150.05156009433477,100.11817360738557,0.10140547977172787,1.1863278364689762,150.01296767258077,150.1143731523525,99.51366465208339,100.69999248855237,false,true
200,1.0,150.0192339952518,99.3130269389308,0.11355868335058972,1.076381034742738,149.97656224884838,150.09012093219897,98.77309451331112,99.84947554805386,true,false
200,1.0,150.04789672561043,100.3315987917597,0.10416391210407028,1.2080019109786093,150.0084035790958,150.11256749119988,99.71017775814508,100.91817966912369,false,true
200,1.0,150.05102567651278,100.52427190620077,0.10591906498663661,1.243979203877231,150.0119904715439,150.11790953653053,99.89537312201526,101.13935232589249,false,true
200,1.0,149.91568650156864,100.16759866085579,0.11277192440695671,1.2111253406723108,149.87376367712488,149.98653560153184,99.5799925442878,100.79111788496012,false,true
200,1.0,150.01706850848788,99.91258970231611,0.11543577852825138,1.152049721674544,149.9757245855969,150.09116036412516,99.32836666721242,100.48041638888697,true,true
200,1.0,150.03404687925678,100.13755756545055,0.11211561306478757,1.1928961102908033,149.9918114371709,150.10392705023568,99.53666021323625,100.72955632352705,true,true
200,1.0,149.8639259991698,100.32945966173432,0.11122444480190552,1.243226858655973,149.82340070943485,149.93462515423676,99.71152436649422,100.95475122515019,false,true
200,1.0,150.01529147246407,99.76123960573051,0.10892521652633036,1.1681530135723506,149.97289091128323,150.08181612780956,99.16830924115962,100.33646225473197,true,true
200,1.0,149.9420140376391,100.42398488847853,0.10955019767956742,1.238380603360298,149.90108642026016,150.01063661793972,99.83136999898197,101.06975060234227,true,true
200,1.0,149.91399756780896,100.14715348965152,0.11295752270712,1.2562178160772817,149.8722233351789,149.985180857886,99.50646452244794,100.76268233852522,false,true
200,1.0,149.93519728628252,100.37826826029298,0.10423042067080246,1.2455341463063263,149.8967598524362,150.000990273107,99.76335623940263,101.00889038570895,true,true
200,1.0,149.9637388716439,99.51768224488444,0.10899217868887945,1.1618471305411049,149.92372117613064,150.03271335481952,98.92329391619953,100.08514104674063,true,true
200,1.0,150.0264988267913,100.66752225316148,0.10911689023609483,1.2962813572733864,149.98735519261456,150.09647208285065,100.01730721220673,101.31358856948012,true,false
200,1.0,150.05168551963175,100.44611797448935,0.11408193817297274,1.1905637805945588,150.00949031878432,150.1235722569573,99.85131910250637,101.04188288310093,false,true
200,1.0,150.04671720294397,99.98322618463267,0.10922558474837274,1.1376849177266308,150.0075554566999,150.11678104144826,99.41313009633089,100.55081501405752,false,true
200,1.0,150.0378639249163,100.79741040365968,0.10291779251173239,1.2724252277293573,150.00040512143897,150.1033229139507,100.16399901273299,101.43642424046234,false,false
200,1.0,150.01479257872535,99.77363672665142,0.11515052394105396,1.2017290873180855,149.97260801938904,150.0877585433301,99.1673083541888,100.36903744150689,true,true
200,1.0,150.03208177342538,100.34009387656351,0.10686409085067794,1.1772958909554205,149.99263412860188,150.09949821945256,99.74490105379057,100.92219694474599,true,true
200,1.0,150.0511992385432,100.15116600721731,0.10831579474154296,1.224081782870556,150.0122927622415,150.12060855698303,99.52374285570419,100.74782463857474,false,true
200,1.0,150.01359303331705,100.59610964817901,0.10418908504448154,1.2929276788073594,149.97613731373286,150.08032639877734,99.95557431603915,101.2485019948465,true,true
200,1.0,149.82064844912836,99.90849527494382,0.10905467914670908,1.1879146543750494,149.77969556532838,149.8887502444751,99.3174470204448,100.50536167481985,false,true
200,1.0,149.95762727783693,99.9843491911925,0.10713232448870258,1.1381246851868099,149.91713122608485,150.02426355057355,99.39862287074888,100.53674755593569,true,true
200,1.0,150.03423876061595,100.09564406670361,0.1088508287393779,1.1888424126157844,149.99454026141746,150.10339109015683,99.53141307665204,100.72025548926783,true,true
200,1.0,149.65446388789735,99.78614046873356,0.10697771002904233,1.1885841184914199,149.61599204697194,149.72296975700098,99.19685856878468,100.3854426872761,false,true
200,1.0,149.78885981435891,99.78518356189238,0.11138819243359421,1.190603492551432,149.745489013667,149.8568772061006,99.18261285768429,100.37321635023572,false,true
200,1.0,150.00808135360364,100.08294488207913,0.10293699695060354,1.1791843697675546,149.96986358104354,150.07280057799414,99.49121701922158,100.67040138898913,true,true
200,1.0,150.0631934737293,100.56290528329549,0.10770491604063182,1.2491202272867383,150.02517316393582,150.13287807997645,99.92307714464211,101.17219737192885,false,true
200,1.0,150.06775137433337,100.10661707512612,0.1150769673662353,1.174367452607754,150.02364037163818,150.13871733900442,99.51056090372377,100.68492835633153,false,true
200,1.0,150.05487806479442,99.67003514281365,0.11015186829826007,0.9562508796997236,150.01393140166726,150.12408326996552,99.16240503537165,100.11865591507137,false,true
200,1.0,150.02802332201668,100.07851182273464,0.10323697655485375,1.2086817667965875,149.99062077186883,150.0938577484237,99.47647127073331,100.6851530375299,true,true
200,1.0,149.89648915418863,100.32786416149521,0.10561529889693588,1.3516472464228144,149.85844690486232,149.96406220375925,99.6629744504333,101.01462169685611,false,true
200,1.0,150.05801759985548,100.39028175507534,0.10467468491822274,1.2183041458619357,150.01839690672898,150.1230715916472,99.79261761883143,101.01092176469336,false,true
200,1.0,149.99885827895324,99.53921526821361,0.11102288574574004,1.0735432582811626,149.95752055658266,150.0685434423284,98.99156768929058,100.06511094757174,true,true
200,1.0,149.99205689591756,100.57948377436162,0.10814212865130912,1.2627575042966157,149.95245134804517,150.06059347669648,99.94060151753074,101.20335902182735,true,true
200,1.0,150.05548870794405,100.2563815842486,0.10997124793678381,1.2229106886452854,150.01379617975428,150.12376742769106,99.64346956373448,100.86638025237977,false,true
200,1.0,149.95263827741832,99.07036476986396,0.10755160002310049,1.1136005150694785,149.9119344087402,150.0194860087633,98.49662310094013,99.6102236160096,true,false
200,1.0,150.066813403361,100.31320434879963,0.10521613565063603,1.1844615086974244,150.02744378274116,150.1326599183918,99.70666559487961,100.89112710357703,false,true
200,1.0,149.81548964411877,100.05023418256627,0.11174029680194053,1.210134618358623,149.7738267844455,149.88556708124744,99.43194559572694,100.64208021408557,false,true
200,1.0,150.03267774217196,99.9433459786282,0.11122701974596794,1.1718917172519667,149.991230662408,150.10245768215395,99.34456226283594,100.5164539800879,true,true
200,1.0,149.7746633523962,100.21566900797137,0.10482388494216366,1.2137254275128555,149.7359247122833,149.84074859722546,99.59246146941392,100.80618689692677,false,true
200,1.0,150.02807744654686,99.5484826611781,0.10280100972903483,1.1741425594806572,149.9888238966601,150.09162490638914,98.94215188250783,100.11629444198849,true,true
200,1.0,150.0215870425822,99.81999418345082,0.10760897017763682,1.2214575895128519,149.9828097784918,150.09041874866944,99.18995752054795,100.4114151100608,true,true
200,1.0,149.95065703064407,99.69611049987328,0.11563850276985477,1.1750703735101666,149.90860108479194,150.0242395875618,99.10619136783446,100.28126174134462,true,true
200,1.0,150.0176513260912,100.23275803671771,0.1039994953550547,1.2220928570877163,149.97976736403191,150.08376685938697,99.64590027258632,100.86799312967403,true,true
200,1.0,149.9404458381129,100.19524679217815,0.10697514422284371,1.152183689525586,149.9001318799783,150.00710702420113,99.62811998048902,100.7803036700146,true,true
200,1.0,149.82492811775327,99.7885579468396,0.11638818809501572,1.1548523990026212,149.78228827584587,149.8986764639409,99.21451947267592,100.36937187167854,false,true
200,1.0,150.0078295960751,99.9873820627634,0.10455315889998928,1.194228186554355,149.96906181532324,150.07361497422323,99.38547558601934,100.5797037725737,true,true
200,1.0,149.7983794484598,99.98280880322038,0.1089142137814747,1.2192196546677536,149.75779098324114,149.8667051970226,99.36332770244583,100.58254735711358,false,true
200,1.0,150.03516398222553,100.79618651960584,0.10767784059081009,1.228668350339575,149.99445934742482,150.10213718801563,100.16872734051793,101.39739569085751,true,false
200,1.0,150.06403875189056,100.10529663349585,0.10876063283245685,1.142424613383966,150.0227360141888,150.13149664702127,99.51474985026276,100.65717446364673,false,true
200,1.0,150.02772209528354,100.17948351431059,0.10897328455189381,1.1765711837874733,149.98526893712682,150.0942422216787,99.56129211634223,100.7378633001297,true,true
200,1.0,149.98392181922762,99.59431954861662,0.11149178186752806,1.1522848677072375,149.94257577808338,150.0540675599509,99.01493640385351,100.16722127156075,true,true
200,1.0,149.97527164218593,100.1274538391644,0.10407630359193831,1.1402701217271698,149.93832645515045,150.04240275874238,99.53619906912492,100.67646919085209,true,true
200,1.0,149.8920708301796,100.33690853940135,0.10349402385801909,1.2004807806460747,149.8540289724061,149.95752299626412,99.71736077530147,100.91784155594755,false,true
200,1.0,149.89533742888,100.06971126674675,0.1126509689332238,1.1431256689191684,149.85320348387592,149.96585445280914,99.48692801377504,100.63005368269421,false,true
200,1.0,149.5595826482044,100.14806053815776,0.10892497456751471,1.1996739436265358,149.51866427106765,149.62758924563516,99.5478590406527,100.74753298427923,false,true
200,1.0,150.00886872264277,99.71125798399842,0.10382479242710474,1.1488944107009615,149.97031142769882,150.07413622012592,99.14484959958331,100.29374401028427,true,true
200,1.0,150.01817258294778,99.6444428708628,0.0973223166552657,1.134320415880154,149.98198881230596,150.07931112896122,99.06770704615016,100.20202746203032,true,true
200,1.0,149.95216863694856,100.48206041892985,0.10457140775906737,1.2655375489935068,149.9112030989554,150.01577450671448,99.86039830704308,101.12593585603659,true,true
200,1.0,149.873384798139,100.48504762089907,0.1119867523418634,1.181422411632056,149.83034604424796,149.94233279658982,99.89172111623358,101.07314352786564,false,true
200,1.0,150.02843818595395,99.68389538186494,0.10895289961811727,1.1879670999988576,149.98915916444923,150.09811206406735,99.10639246369686,100.29435956369572,true,true
200,1.0,149.78224851685326,99.61280434668723,0.11122083776868408,1.1746180484194184,149.74175115785386,149.85297199562254,99.02036819237397,100.19498624079338,false,true
200,1.0,150.0371251977689,100.36843627034767,0.11233850929264122,1.2361632181089988,149.99681754665704,150.10915605594968,99.74567433671365,100.98183755482265,true,true
200,1.0,150.0386857067317,99.63345074446758,0.10641909636566993,1.1064199800341754,149.99935612333985,150.10577521970552,99.05839242831007,100.16481240834425,true,true
200,1.0,150.0124686190403,100.31960165197518,0.11239380902628682,1.1949351005923035,149.96940104426346,150.08179485328975,99.7156717974419,100.9106068980342,true,true
200,1.0,150.07098640734995,98.9148330500657,0.11276251016249716,1.1104980140040226,150.03016750939565,150.14293001955815,98.35773918116521,99.46823719516924,false,false
200,1.0,149.98685934938382,99.7938869483722,0.10776533460105497,1.14044816424952,149.9452752535422,150.05304058814326,99.21789451030959,100.35834267455911,true,true
200,1.0,149.97715665630082,99.52507090867972,0.11270014994943267,1.1304646652283168,149.9373414777453,150.05004162769472,98.96157252597803,100.09203719120634,true,true
200,1.0,150.05054310165625,99.63244922161951,0.10813683403884511,1.1197183763313632,150.01018354780086,150.1183203818397,99.0543953042416,100.17411368057296,false,true
200,1.0,149.97292559913967,100.1948754227614,0.10843827594533195,1.2003975586897582,149.93185936604846,150.0402976419938,99.59627094621597,100.79666850490572,true,true
200,1.0,150.0298804068753,99.91675928305935,0.10780138995428956,1.1653665317064537,149.9902699675918,150.09807135754608,99.3251059489951,100.49047248070156,true,true
200,1.0,150.01300084271233,100.30667890905886,0.11348879509654353,1.1890656205787877,149.96954075274678,150.08302954784332,99.69724367312875,100.88630929370754,true,true
200,1.0,149.95643232894253,99.7900711969182,0.11353510139659306,1.1327761845679305,149.9126658559343,150.0262009573309,99.20090056804378,100.33367675261171,true,true
200,1.0,150.05638383150304,100.2400671955607,0.10951267647786267,1.222460930016254,150.01522549542827,150.12473817190613,99.63253612416842,100.85499705418468,false,true
200,1.0,150.03631550070617,99.92437646250977,0.10476289426816265,1.152431793673415,149.9977679874196,150.10253088168776,99.34728308989357,100.49971488356698,true,true
200,1.0,150.04799437345673,100.75337089950344,0.09916755296720225,1.2684788322874425,150.01230175426824,150.11146930723544,100.11378754684294,101.38226637913039,false,false
200,1.0,150.02317282283465,99.4440936556882,0.10653771834802228,1.1352086379422701,149.9830878788548,150.08962559720283,98.87176510035877,100.00697373830104,true,true
200,1.0,149.93519877217375,99.86141058371182,0.10757763467549353,1.1720678618085003,149.89549779640492,150.00307543108042,99.27677637494841,100.44884423675691,true,true
200,1.0,149.90468520999582,100.27331560170853,0.11212587653963624,1.2057732123788867,149.86449622603624,149.97662210257587,99.6627257194668,100.86849893184569,false,true
200,1.0,150.00794049629266,100.33228525329967,0.10907469839941086,1.2289106601292872,149.96695012066846,150.07602481906787,99.70910107842951,100.9380117385588,true,true
200,1.0,149.90282615384197,100.4229556087941,0.11307294990072592,1.2045744344859486,149.8602490308949,149.97332198079562,99.81602781771988,101.02060225220583,false,true
200,1.0,149.93103466743352,100.39105301793248,0.10888681819881185,1.2641542538830777,149.89063701546493,149.99952383366374,99.7543774880489,101.01853174193198,false,true
200,1.0,149.95173731292448,99.2285414079833,0.1158193527277831,1.1569321372383996,149.9102697235797,150.02608907630747,98.64385703695176,99.80078917419016,true,false
200,1.0,149.88164850107114,100.14588765023487,0.11280460019119687,1.1570661697483189,149.8400740431497,149.9528786433409,99.56928187705573,100.72634804680405,false,true
200,1.0,149.98384560147716,100.23357967403001,0.1072241822097908,1.1245096630474904,149.9444457589488,150.0516699411586,99.67331525043319,100.79782491348068,true,true
200,1.0,149.88667449685045,99.73140790379242,0.10817405285393988,1.1963531051219292,149.8471902342621,149.95536428711603,99.14244372120213,100.33879682632406,false,true
200,1.0,149.94785590571462,99.81722006037768,0.10297149145878848,1.1540030293863595,149.91055177821244,150.01352326967123,99.24003704475862,100.39404007414498,true,true
200,1.0,149.86165109919307,100.24477756149211,0.10840226723473734,1.2335561570058644,149.82081180751857,149.9292140747533,99.61816959927373,100.85172575627959,false,true
200,1.0,149.81889122038424,99.7680545045983,0.11528076827568157,1.1674273553761196,149.77656411587907,149.89184488415475,99.17462127826848,100.3420486336446,false,true
200,1.0,150.02678263384183,100.46802086928324,0.10394266349834425,1.2332455051827083,149.98671194399788,150.09065460749622,99.8545596592073,101.08780516439,true,true
200,1.0,150.06875500718465,100.07410295174242,0.10760256234127041,1.2566451556821363,150.02790602484652,150.1355085871878,99.4592164651282,100.71586162081033,false,true
200,1.0,149.95613003290936,100.21159526636873,0.10727190627898153,1.1984663452004867,149.9177839086238,150.02505581490277,99.61433144880317,100.81279779400366,true,true
200,1.0,149.77288792624194,100.05430997632052,0.10932258485371449,1.2075225848385855,149.73343349000203,149.84275607485574,99.42680176663411,100.6343243514727,false,true
200,1.0,149.93904844958922,100.20802653278224,0.10830930420019058,1.2341248514849497,149.89796758920872,150.0062768934089,99.57596834853265,100.8100932000176,true,true
200,1.0,150.06616199625543,98.83336328228438,0.10855319936149499,0.9695137543992871,150.02800063839052,150.13655383775202,98.33519596779868,99.30470972219797,false,false
200,1.0,150.04066838525108,100.08894448418347,0.11394309892071419,1.1384837353714232,149.99871661205313,150.11265971097384,99.51308839195816,100.65157212732959,true,true
200,1.0,150.04947124258172,100.3315983501806,0.10981268880368589,1.213355014284133,150.00934851535737,150.11916120416106,99.73322348062881,100.94657849491294,false,true
200,1.0,150.03913876284128,99.7024648531343,0.11104551767104454,1.1486673401506238,149.99630674137663,150.10735225904767,99.12433281452293,100.27300015467355,true,true
200,1.0,150.06890758307364,99.5501381557927,0.1092115347616982,1.190836506073083,150.02686249808545,150.13607403284715,98.94427846753544,100.13511497360852,false,true
200,1.0,150.04185680339265,100.44539904182557,0.10046255269051585,1.2408361996424304,150.00437250934587,150.1048350620364,99.8601533027383,101.10098950238073,false,true
200,1.0,149.86880441066637,99.7353386178784,0.10537442332261548,1.184641717572859,149.8295042913521,149.9348787146747,99.16872372617496,100.35336544374782,false,true
200,1.0,150.06375128916468,99.89755316181272,0.11325995129908506,1.1729172677285788,150.02266859516885,150.13592854646794,99.30709548739915,100.48001275512773,false,true
200,1.0,150.0592507135413,99.97690777360214,0.10065402319705186,1.1822098175236704,150.02120771371298,150.12186173691003,99.38202201221836,100.56423182974203,false,true
200,1.0,149.85094872197612,100.79130387724774,0.10824385532475844,1.2525966737419338,149.81012704603538,149.91837090136013,100.16809654539647,101.4206932191384,false,false
200,1.0,150.05767250401456,99.74654640599934,0.10806078937210373,1.13664717158872,150.01755202349037,150.12561281286247,99.15873767716536,100.29538484875408,false,true
200,1.0,149.94952148542086,100.16618526308933,0.10769987846356344,1.2044507082694196,149.90900568331898,150.01670556178254,99.54420880227727,100.74865951054669,true,true
200,1.0,150.02990248246743,100.10161692405079,0.10588046005798901,1.2391524200411794,149.9883940927176,150.0942745527756,99.48175866269482,100.720911082736,true,true
200,1.0,150.04918785763175,100.10705459076266,0.10178235898294474,1.2095477185221313,150.0099043630493,150.11168672203223,99.49944739425669,100.70899511277882,false,true
200,1.0,150.0108566603061,99.35114609530784,0.11130448449696928,1.1018209774280479,149.96877781522426,150.08008229972123,98.80137955884015,99.9032005362682,true,false
200,1.0,150.0656975854001,99.7950293840754,0.10902444213681406,1.2172727464907496,150.02453161081706,150.13355605295388,99.17165354795739,100.38892629444814,false,true
200,1.0,149.9976634170206,100.31840304393326,0.10826020789787094,1.1860286773181485,149.95853490379767,150.06679511169554,99.70814038290163,100.89416906021978,true,true
200,1.0,150.02865200574396,99.76565068185869,0.10022207167676811,1.1834646172483048,149.98937181374833,150.0895938854251,99.172294930606,100.3557595478543,true,true
200,1.0,149.7077916882543,99.86083135319755,0.10649483270890414,1.1668036374068294,149.66789868223657,149.77439351494547,99.2824323896618,100.44923602706864,false,true
200,1.0,149.93280887463567,99.34860915624738,0.11193387712302183,1.0740479052951741,149.8906259312811,150.00255980840413,98.79687987371733,99.8709277790125,true,false
200,1.0,150.0183145301525,100.1539501202613,0.1079457396777741,1.190953211972129,149.9793360278166,150.08728176749437,99.54281884880905,100.73377206078118,true,true
200,1.0,149.99032619372045,100.18312973523825,0.11059153803577715,1.1887040450009891,149.95032790569053,150.0609194437263,99.58671109446335,100.77541513946434,true,true
200,1.0,149.66169160178293,100.03578173021944,0.10710145997262543,1.164441517681098,149.62257998433722,149.72968144430985,99.46383999895893,100.62828151664003,false,true
200,1.0,149.9767117357376,99.86024191062529,0.10979683434283061,1.1068199273669137,149.9366166971467,150.04641353148952,99.30534892181126,100.41216884917817,true,true
200,1.0,150.04847018529085,99.5168388288558,0.10410868795170813,1.0797913207766214,150.00985249953612,150.11396118748783,98.98008986991317,100.0598811906898,false,true
200,1.0,150.06290363564324,100.62416339942152,0.11110973127625812,1.2418997821938547,150.02214822156517,150.13325795284143,100.0180012022179,101.25990098441176,false,false
200,1.0,150.0677224808423,100.630459962388,0.11041235834809981,1.2488116407112955,150.0267361499664,150.1371485083145,100.01737076759116,101.26618240830246,false,false
200,1.0,149.9664844536801,99.4938733715278,0.10695321194222629,1.0017863236850246,149.92803418321608,150.0349873951583,98.97942889179569,99.98121521548072,true,false
200,1.0,149.7801907242967,100.15683262408237,0.10871376918740339,1.2284409819689586,149.73965184523286,149.84836561442026,99.55270478942523,100.7811457713942,false,true
200,1.0,150.03715665033965,99.52673334532086,0.11478840209187524,1.148465425224117,149.9952799192907,150.11006832138258,98.94856007475526,100.09702549997938,true,true
200,1.0,149.93839645858438,99.9674624561226,0.10827705525827014,1.0416072668957526,149.89815151852594,150.0064285737842,99.42632461024509,100.46793187714084,true,true
200,1.0,149.71237019935705,100.38957276502187,0.11474178036127114,1.2022552860087643,149.67082838007622,149.7855701604375,99.76863463006757,100.97088991607633,false,true
200,1.0,149.91147707025976,99.38919987217892,0.10853794413128526,1.0863319881676148,149.86970286665223,149.97824081078352,98.8358775852586,99.92220957342622,false,false
200,1.0,150.0282732920511,100.31950235071476,0.10484998870151685,1.2594551759026587,149.98770829223005,150.09255828093157,99.67409863432206,100.93355381022472,true,true
200,1.0,150.0680666681794,99.66625929744296,0.1087986664092,1.14347456000624,150.02725636114423,150.13605502755343,99.09519843802644,100.23867299803268,false,true
200,1.0,149.94292380204297,99.19732339930829,0.10972931996334978,1.0518784462958308,149.90221702098015,150.0119463409435,98.65031198407257,99.7021904303684,true,false
200,1.0,149.86111562217366,100.16122189227464,0.11175824863579464,1.1787912193962455,149.82032350576844,149.93208175440424,99.56415254102168,100.74294376041793,false,true
200,1.0,150.0252702057888,100.93982791725895,0.1087485974317417,1.2813018473016484,149.98413076208044,150.09287935951218,100.26835428247914,101.54965612978079,true,false
200,1.0,150.0412243855274,100.32704189704269,0.10843044646895805,1.15181563722345,150.00055311939937,150.10898356586833,99.73915470052304,100.8909703377465,false,true
200,1.0,149.9947646823278,100.19152791885173,0.10772851191524069,1.1751686453961554,149.9553053624639,150.06303387437913,99.59840747204294,100.77357611743909,true,true
200,1.0,150.0080719105204,100.23109583007016,0.1077507015920105,1.2103564388946069,149.96736087284881,150.07511157444083,99.62387197757002,100.83422841646463,true,true
200,1.0,149.96360744640043,100.13518691950937,0.10822546923455434,1.2275893201162802,149.92318585157008,150.03141132080464,99.52532551415489,100.75291483427117,true,true
200,1.0,149.98718116479307,99.61614832987289,0.11103766928258096,1.0715489372443585,149.94621959330817,150.05725726259075,99.07640225899041,100.14795119623477,true,true
200,1.0,149.99512135939878,100.34608830968315,0.10759682336811238,1.278686623171609,149.95412223483189,150.0617190582,99.69828230627863,100.97696892945024,true,true
200,1.0,149.84212970148417,100.16367474285121,0.1027386289574963,1.2334363772928612,149.80249606376196,149.90523469271946,99.56173594573247,100.79517232302533,false,true
200,1.0,149.8075965089286,100.24217482066902,0.11191771358855362,1.199225945744999,149.76821554623993,149.88013325982848,99.63610209290204,100.83532803864703,false,true
200,1.0,149.81710785377186,99.41042809087165,0.10688857273160579,1.1536960736321475,149.77498144947913,149.88187002221073,98.83047447723848,99.98417055087063,false,false
200,1.0,149.8605210811981,99.70758796603033,0.10348250872473841,1.0787603157998973,149.8217011150529,149.92518362377763,99.1764330054125,100.2551933212124,false,true
200,1.0,150.05136082213153,100.07858508885899,0.11064888146844964,1.1139996461793942,150.0091999079575,150.11984878942596,99.51928119971465,100.63328084589405,false,true
200,1.0,150.0086557730505,100.22884886272485,0.10915823192439689,1.2182174263421075,149.967790747215,150.0769489791394,99.5873248095061,100.80554223584821,true,true
200,1.0,150.0048574141885,100.39755298531172,0.11267332894439619,1.2161358162647673,149.9628827817981,150.0755561107425,99.7997870669675,101.01592288323226,true,true
200,1.0,150.04040268982712,100.22033632536102,0.10397572132944788,1.1954815427846768,150.00226922553654,150.10624494686598,99.60867152818966,100.80415307097434,false,true
200,1.0,149.97439251757638,99.27895893194741,0.10895708099039325,1.0987410163759392,149.93476819977005,150.04372528076044,98.72400622719974,99.82274724357568,true,false
200,1.0,149.83820206552275,99.85276199072976,0.10744239584397519,1.224493100198572,149.79810092906325,149.90554332490723,99.24755022654352,100.4720433267421,false,true
200,1.0,149.9221403892193,99.53079736699962,0.11391853217105563,1.1734164308376904,149.8799034135011,149.99382194567215,98.94564874998247,100.11906518082016,false,true
200,1.0,150.05838782138648,99.64447691897533,0.11217511023954785,1.158982783873256,150.01796240247344,150.130137512713,99.05739983377038,100.21638261764363,false,true
200,1.0,150.06322224677916,100.27159583109184,0.10788938171870655,1.228302800164954,150.0230078781293,150.130897259848,99.65206798047932,100.88037078064427,false,true
200,1.0,149.96916704963317,100.22015200221726,0.10596448287154203,1.2212312079209653,149.92942817372145,150.035392656593,99.58263499980954,100.80386620773051,true,true
200,1.0,149.94068956539118,100.697647863253,0.11212973317904584,1.2687815883173954,149.89941696486528,150.01154669804433,100.0510681251261,101.31984971344349,true,false
200,1.0,149.57994109466605,100.17305675505014,0.11406029766357051,1.2055920085674643,149.53977628436957,149.65383658203314,99.5868422323338,100.79243424090126,false,true
200,1.0,150.06642923218928,100.55358638732845,0.10565005459520194,1.243363580842896,150.0268151087224,150.1324651633176,99.93213285887853,101.17549643972143,false,true
200,1.0,149.99710028286296,100.32985021224899,0.11413893605555359,1.2123040916942927,149.95499740107488,150.06913633713043,99.71424731020511,100.9265514018994,true,true
200,1.0,150.04072662319007,100.70965904836947,0.11257114589966477,1.2634725951464532,149.99883833014525,150.1114094760449,100.09181705033285,101.3552896454793,true,false
200,1.0,150.0552789285632,99.87568310978071,0.11360803238005701,1.1520551363784222,150.0134960395916,150.12710407197164,99.29329812198915,100.44535325836758,false,true
200,1.0,149.79808834475404,100.12426117573685,0.10757773426854556,1.217477036430779,149.75868847300498,149.86626620727353,99.5114642469392,100.72894128336998,false,true
200,1.0,149.90711366287593,99.32669875460756,0.1131985154364088,1.119503621815653,149.86355913855527,149.97675765399168,98.74778053635575,99.8672841581714,false,false
200,1.0,149.7331890873225,99.77562691128796,0.11585569915266092,1.155308675940546,149.6893439660098,149.80519966516246,99.191683306383,100.34699198232354,false,true
200,1.0,150.0324549569428,100.53320104048763,0.10948999707127882,1.241384012930581,149.99123771062736,150.10072770769864,99.90160953539524,101.14299354832582,true,true
200,1.0,150.00470735244625,100.11855058385652,0.10994484803276805,1.2448738129193941,149.9647991873402,150.07474403537296,99.48241106484593,100.72728487776533,true,true
200,1.0,150.05993002675592,100.00607996364744,0.10412794677552029,1.1608712773783765,150.0224831084032,150.12661105517873,99.41974686391214,100.58061814129051,false,true
200,1.0,150.00717102147806,100.23818909936398,0.10153584025403006,1.2429205964808858,149.96938875656102,150.07092459681505,99.62746201331271,100.8703826097936,true,true
200,1.0,149.9489020825816,100.32352794695434,0.10745798324407474,1.2040189857617065,149.91017313180785,150.01763111505193,99.75142416385783,100.95544314961954,true,true
200,1.0,150.04496005989648,100.73051506867613,0.10073859997157797,1.1917183042350814,150.00867387553362,150.1094124755052,100.12982896544233,101.32154726967741,false,false
200,1.0,150.05317792109918,100.42629389023651,0.11243531749886415,1.2612237223436438,150.0113179098321,150.12375322733095,99.79617550021521,101.05739922255886,false,true
200,1.0,149.94720975589675,100.03848884309625,0.1041083042214268,1.1301252684471876,149.90858407226074,150.01269237648216,99.46334163948603,100.59346690793322,true,true
200,1.0,149.85912490354065,99.7622670138743,0.1102388855224774,1.1055027889879483,149.81850511794104,149.92874400346352,99.20302147304845,100.3085242620364,false,true
200,1.0,150.01061016556594,99.93174122537883,0.1094849040492818,1.1835577041266134,149.96885495054667,150.07833985459595,99.33679824066017,100.52035594478679,true,true
200,1.0,149.9976302803433,99.41601444678432,0.1148562892838072,0.986281847836679,149.95536974576007,150.07022603504387,98.91888782949087,99.90516967732755,true,false
200,1.0,149.89547988878147,100.158577941049,0.10890218206904478,1.2136169784820083,149.85475340891318,149.96365559098223,99.56731705456151,100.78093403304352,false,true
200,1.0,149.996347882407,100.36063310754497,0.11478105215721257,1.3076858126463549,149.95447164297832,150.06925269513553,99.71192045915055,101.0196062717969,true,true
200,1.0,149.90689891963063,100.00013835145904,0.11334504548281643,1.231522935322161,149.86547036702754,149.97881541251036,99.38045486368367,100.61197779900583,false,true
200,1.0,149.74589171413038,99.7259550302239,0.11594769905934754,1.1684777294401698,149.70418574981196,149.8201334488713,99.14730736184414,100.31578509128431,false,true
200,1.0,150.00761789842588,100.41321523663527,0.11013246445185132,1.2004196527741726,149.96553900603203,150.07567147048388,99.81688793349893,101.0173075862731,true,true
200,1.0,149.82054005457286,99.36650617557842,0.11161214160946997,1.043657804307614,149.77765666393344,149.8892688055429,98.81460646068979,99.8582642649974,false,false
200,1.0,150.04675012280336,99.52169771610879,0.11721690188528555,1.1730167017225455,150.00589029612087,150.12310719800615,98.93850086424445,100.11151756596699,false,true
200,1.0,150.03177905372937,100.09631788945013,0.11033347807781979,1.1318138520324084,149.99206886999005,150.10240234806787,99.51153008150807,100.64334393354048,true,true
200,1.0,150.02715498957014,100.04252947081397,0.10571092657667691,1.129865936706409,149.98852717978636,150.09423810636304,99.46011721978687,100.58998315649328,true,true
200,1.0,150.04949955942595,100.96590781368344,0.10696189743654827,1.2265378783848462,150.01097563782562,150.11793753526217,100.35370369890273,101.58024157728758,false,false
200,1.0,150.0124377315056,99.66272323480331,0.10032143881318234,1.0818260120505414,149.975003748376,150.07532518718918,99.10718197770245,100.189007989753,true,true
200,1.0,149.96237470418106,99.87910825435773,0.10361428897954283,1.1608644826153949,149.92499737638332,150.02861166536286,99.27804867470726,100.43891315732266,true,true
200,1.0,149.82238172158657,99.95621312336925,0.10698419298969952,1.172986129873081,149.78082837609804,149.88781256908774,99.3638874373055,100.53687356717857,false,true
200,1.0,149.8556205972941,99.7497330293701,0.1096387910424994,1.1535429205070784,149.81509770019127,149.92473649123377,99.17162876187494,100.32517168238202,false,true
200,1.0,150.02408399432142,99.64326947337798,0.10954654558076982,1.1502088683554206,149.9826254574204,150.09217200300117,99.04064224617235,100.19085111452777,true,true
200,1.0,149.84814984719432,100.01394871585453,0.1039605521089868,1.2140416807157663,149.80942993463967,149.91339048674865,99.41356687742864,100.6276085581444,false,true
200,1.0,150.0203091869305,99.64451365051238,0.10461744998207223,1.1257020333714962,149.98199211880183,150.0866095687839,99.09273257063374,100.21843460400524,true,true
200,1.0,150.06262384321786,99.50968346199457,0.1118039199275529,0.9857191456155618,150.0211749848465,150.13297890477406,99.0018448783146,99.98756402393016,false,false
200,1.0,149.9317279746149,100.20895305223854,0.11533227439301186,1.2315592806093463,149.89056743901415,150.00589971340716,99.58113724085813,100.81269652146747,true,true
200,1.0,149.9637526584305,99.61287532291678,0.11181174340501343,1.067571422457732,149.9233515518091,150.03516329521412,99.06322097604495,100.13079239850268,true,true
200,1.0,150.03816823443574,100.43539686158024,0.10862686229859264,1.2014161525941347,149.99980166699527,150.10842852929386,99.83135135402337,101.0327675066175,true,true
200,1.0,150.03438176680874,99.53359563085002,0.10942439453390307,1.0770954479011152,149.993161950101,150.10258634463491,98.98436160468322,100.06145705258433,true,true
200,1.0,150.06776442806313,99.58277174143774,0.10544343222537123,1.066888937898696,150.02833721585233,150.1337806480777,99.04763766487474,100.11452660277344,false,true
200,1.0,149.9953981203575,100.6649417328816,0.10622341573122185,1.3047530776988907,149.95631612579322,150.06253954152444,100.01183218007623,101.31658525777512,true,false
200,1.0,149.96670401815715,99.43288157031981,0.10859322893912804,0.9030822602280324,149.92655057022714,150.03514379916626,98.95078212525952,99.85386438548755,true,false
200,1.0,149.86481910418163,100.31658789426399,0.10736190342313989,1.2311131842130578,149.82432837605722,149.93169027948036,99.6903847511217,100.92149793533476,false,true
200,1.0,149.93789356784782,99.7088933478341,0.11572868284025617,1.1816152107618478,149.8940721929642,150.00980087580444,99.1152485376219,100.29686374838374,true,true
200,1.0,149.93169471780448,99.76179533949434,0.10929778414455882,1.183362673893484,149.89216167786088,150.00145946200544,99.16424738503387,100.34761005892736,true,true
200,1.0,149.92004138944725,100.49888799637051,0.10468931570295581,1.244391894365819,149.88101971750626,149.98570903320922,99.8577149925962,101.10210688696202,false,true
200,1.0,150.02129511617227,99.45685156914323,0.10725829545361876,1.0619209735456963,149.98056741636063,150.08782571181425,98.90436581792615,99.96628679147184,true,false
200,1.0,149.95832889324413,100.24187530562966,0.10674056584758773,1.1478471099661363,149.91809532879608,150.02483589464367,99.6731843009269,100.82103141089304,true,true
200,1.0,149.9118064284295,100.55752720874733,0.10956347789311849,1.272584942701684,149.87189299230783,149.98145647020095,99.91105267253278,101.18363761523446,false,true
200,1.0,150.0550726849396,99.2695314633791,0.10926191702179722,1.1985173139762821,150.01258742422607,150.12184934124787,98.67165326976124,99.87017058373752,false,false
200,1.0,150.05448398228285,100.45597259858661,0.10453124220191512,1.2647828976247695,150.01648802848194,150.12101927068386,99.81755618119907,101.08233907882384,false,true
200,1.0,149.9912951776733,100.10948886981564,0.10833241042954,1.1870927240910873,149.9511810728242,150.05951348325374,99.5161410137579,100.70323373784899,true,true
200,1.0,149.81303797530853,100.45764543671146,0.10760856737650215,1.1820586146740197,149.77325815748338,149.88086672485989,99.85537037658229,101.0374289912563,false,true
200,1.0,150.06929796627315,100.12105687959979,0.10649805966454551,1.2191434083842552,150.0276864920145,150.13418455167906,99.49207200689963,100.71121541528389,false,true
200,1.0,150.034916185246,100.15637968549262,0.10395173679398795,1.2417278379739543,149.99612232742487,150.10007406421886,99.54997937788434,100.7917072158583,true,true
200,1.0,149.75014381776282,100.60768425024715,0.10795562088745214,1.2416351745343803,149.71079756862116,149.8187531895086,99.99134902640346,101.23298420093784,false,true
200,1.0,150.06161963669678,100.44208176368087,0.11637439615284961,1.250149842253066,150.01954705747676,150.1359214536296,99.82241196176878,101.07256180402184,false,true
200,1.0,149.85080157137833,99.86238671787748,0.11077490901726605,1.2390674954064593,149.806563023968,149.91733793298528,99.23559295472376,100.47466045013022,false,true
200,1.0,150.05321252514648,99.68233176308095,0.10758529719205967,1.2059420110698937,150.01333557923746,150.12092087642952,99.08444916514377,100.29039117621366,false,true
200,1.0,149.99034877631772,100.51773411722277,0.10872052942605137,1.2317465495817146,149.94957078196214,150.0582913113882,99.90885534268858,101.1406018922703,true,true
200,1.0,150.0582085804407,99.97805753222406,0.1065946129686779,1.1406208516333436,150.01799441007338,150.12458902304206,99.39053553026855,100.5311563819019,false,true
200,1.0,150.06666778454417,100.16581790212356,0.10771811603041215,1.2036616160325764,150.0264445061849,150.1341626222153,99.56326668975971,100.76692830579229,false,true
200,1.0,149.98290349075086,100.6680679267897,0.1133450360839845,1.2602072630529904,149.94207297436645,150.05541801045044,100.0488515476497,101.3090588107027,true,false
200,1.0,149.9198445615708,100.06026750097433,0.10666546902257323,1.181046583128591,149.8794042188763,149.98606968789886,99.4675108565056,100.64855743963419,false,true
200,1.0,150.06077687657034,100.39842151796705,0.10436889678973671,1.2376954977294474,150.02180614541663,150.12617504220637,99.77619921656013,101.01389471428958,false,true
200,1.0,149.95504466447494,99.84754581309778,0.11328600933248367,1.2015282707501598,149.91535519590994,150.02864120524242,99.25486196254478,100.45639023329494,true,true
200,1.0,149.9208756665288,100.63123813082635,0.10730654063920042,1.2035798720798851,149.88099775576777,149.98830429640697,100.01699899105812,101.220578863138,false,false
200,1.0,150.06489660608406,100.83461351927042,0.104141051073384,1.224355958867136,150.0260399536329,150.1301810047063,100.21447933309189,101.43883529195902,false,false
200,1.0,149.91085738586168,99.19963300596307,0.10301494584996362,0.9635866577784356,149.87246729854337,149.97548224439333,98.6825722450173,99.64615890279573,false,false
200,1.0,149.88890339529306,100.18931892090336,0.10576595593033744,1.2700187522327013,149.84841478203418,149.95418073796452,99.54266755808669,100.81268631031939,false,true
200,1.0,150.0563773146302,100.10832933583866,0.10408516472872975,1.1816272941934187,150.01693479791328,150.121019962642,99.5157998455506,100.69742713974402,false,true
200,1.0,149.78729631057013,99.89536879501303,0.11043303652004965,1.1517806993999926,149.74883382166354,149.8592668581836,99.31003214196008,100.46181284136007,false,true
200,1.0,150.0291723199121,99.91483705006434,0.11051029005523105,1.1644754608411603,149.98724072666442,150.09775101671966,99.32755151130655,100.49202697214771,true,true
200,1.0,149.89358910465518,100.34693481707153,0.103066087320002,1.205141888641549,149.8553513882831,149.9584174756031,99.73275481945376,100.93789670809531,false,true
200,1.0,149.82401960758335,99.9696646204537,0.10453868925569054,1.2237245817690763,149.7854721894906,149.8900108787463,99.33575155157115,100.55947613334023,false,true
200,1.0,149.97491338085973,100.72421160833002,0.10166923176547016,1.27936299016514,149.93892049924224,150.0405897310077,100.08108998196074,101.36045297212588,true,false
200,1.0,149.97125504013607,100.18820133367393,0.10358334555647275,1.1992010799618384,149.93144655193262,150.0350298974891,99.57875197338883,100.77795305335067,true,true
200,1.0,149.7982995516786,99.27043641890897,0.11035041559614456,1.113492746996286,149.75746479454733,149.86781521014348,98.7511051320207,99.86459787901698,false,false
200,1.0,149.9625615694154,99.70570794965431,0.11137180584458406,1.1980446080683578,149.92130775918469,150.03267956502927,99.07589007709416,100.27393468516252,true,true
200,1.0,149.77816394007783,99.50542754749046,0.11281519623571512,1.12473009383271,149.7376675690516,149.85048276528732,98.92728110651547,100.05201120034818,false,true
200,1.0,149.89595508991988,99.93991329796052,0.10880267767865348,1.176248056131925,149.85480251006229,149.96360518774094,99.35467790855908,100.53092596469101,false,true
200,1.0,149.86280690260762,100.13353182138644,0.11144863264200922,1.2210590253820044,149.82058984842652,149.93203848106853,99.51705169292126,100.73811071830326,false,true
200,1.0,150.0671986466739,100.13422732044333,0.10873680322765722,1.1494459932785048,150.0263580642047,150.13509486743234,99.5591166118261,100.7085626051046,false,true
200,1.0,150.0563230517723,99.89550150635677,0.11301000664249727,1.1953864051271665,150.01535806795,150.1283680745925,99.28852267346458,100.48390907859175,false,true
200,1.0,149.9546946542638,100.01764705801838,0.10119167816500863,1.230223399833136,149.918611877372,150.019803555537,99.40580273068622,100.63602613051935,true,true
200,1.0,150.06488391241612,99.91986426285202,0.103123189670697,1.1791245698984625,150.0261956408472,150.1293188305179,99.32179450185284,100.5009190717513,false,true
200,1.0,149.99737465604477,100.14335284376341,0.10475108561143998,1.2279486183965531,149.95977412104136,150.0645252066528,99.49637849339261,100.72432711178917,true,true
200,1.0,150.03813816918802,100.16557269468505,0.11120033070571367,1.1964017193075875,149.99944839651812,150.11064872722383,99.5435824227231,100.73998414203069,true,true
200,1.0,149.81952896230996,100.24977435440846,0.11383272498443375,1.2298875311834223,149.77865685036278,149.8924895753472,99.62949946430963,100.85938699549305,false,true
200,1.0,150.03931586834432,100.08267113237714,0.10320637533379795,1.133158490312269,150.00182214124138,150.10502851657517,99.50290066609837,100.63605915641064,false,true
200,1.0,149.9561570023633,100.24598606928696,0.10514546771136679,1.232101665262391,149.91634714349172,150.0214926112031,99.62337278886571,100.8554744541281,true,true
200,1.0,149.6580196716195,99.48051358269046,0.11483256541970377,1.1585408105784012,149.61504228095953,149.72987484637923,98.91776236053157,100.07630317110997,false,true
200,1.0,150.01322256143888,100.75021688838233,0.10548030945813025,1.2036196385317766,149.97414514812553,150.07962545758366,100.15931924260325,101.36293888113502,true,false
200,1.0,149.9957080052739,99.64713456478947,0.11253462436917516,1.0296440734063026,149.95381129635405,150.06634592072322,99.1220767140187,100.151720787425,true,true
200,1.0,150.0472327579999,100.41450586269451,0.10357234452476405,1.2396389854302328,150.00891334579944,150.1124856903242,99.79379690897424,101.03343589440448,false,true
200,1.0,150.0440435250428,99.97656817615947,0.10807838932726099,1.0993251158382549,150.00600818009372,150.11408656942098,99.4046948444672,100.50401996030546,false,true
200,1.0,149.81983363984926,100.66509441813696,0.10466687682190923,1.2379782679922613,149.78000975525623,149.88467663207814,100.02552136206121,101.26349963005347,false,false
200,1.0,149.8729079298147,99.98288347975438,0.11751076167854535,1.170742102851392,149.82940149689932,149.94691225857787,99.39792461393706,100.56866671678846,false,true
200,1.0,149.86228690583212,99.984315607885,0.11161261011045553,1.1725923514129306,149.82052539949274,149.9321380096032,99.37382170519675,100.54641405660968,false,true
200,1.0,149.94849116828914,100.37860575974477,0.1079194576321072,1.1966515345188213,149.91008939209473,150.01800884972684,99.80743349355322,101.00408502807204,true,true
200,1.0,150.0187247630369,100.26218796723835,0.11157057759888289,1.2174387834495377,149.97787712477708,150.08944770237596,99.65164557877677,100.8690843622263,true,true
200,1.0,150.00234778623576,99.61046199489883,0.11062631077163587,1.1151844320372106,149.9624711622538,150.07309747302543,99.04517508393651,100.16035951597372,true,true
200,1.0,149.87314116087555,100.38635097186602,0.11073930708963076,1.1960257311201872,149.83208353992038,149.94282284701,99.796630128245,100.99265585936519,false,true
200,1.0,150.0535954263559,100.15301855981753,0.1031625097272979,1.2451957787498458,150.01606312462354,150.11922563435084,99.52430004569095,100.7694958244408,false,true
200,1.0,149.9574877686583,100.42804024391071,0.10437600635782474,1.1911207836762543,149.91700537533833,150.02138138169616,99.83555934857094,101.0266801322472,true,true
200,1.0,150.04937935770187,99.55993335199327,0.10358074629181147,1.1501499110075315,150.0105291666806,150.11410991297242,98.9647110373518,100.11486094835934,false,true
200,1.0,149.7884595617607,100.15851494220567,0.11299058654611827,1.201125018501898,149.74681853172456,149.85980911827068,99.56089833531844,100.76202335382034,false,true
200,1.0,150.04787204273816,100.04587064138043,0.11699046822587889,1.2056878200229733,150.00652769454655,150.12351816277243,99.44292544918795,100.64861326921093,false,true
200,1.0,150.0439014136955,99.43603376452602,0.10642782107888138,1.1520266602887972,150.00202669210867,150.10845451318755,98.86563796811872,100.01766462840752,false,true
200,1.0,150.01659295594698,100.23487172461779,0.10663744112488871,1.2087619685296715,149.97591451586192,150.0825519569868,99.62994795708832,100.83870992561799,true,true
200,1.0,149.9426839570273,100.173126132991,0.10852992046659438,1.221191447668474,149.9032853439627,150.0118152644293,99.55586210076288,100.77705354843135,true,true
200,1.0,149.99038926801984,100.30208226777748,0.09914644903176395,1.1748300475366165,149.95260789542112,150.0517543444529,99.70794313632888,100.8827731838655,true,true
200,1.0,149.98398246423181,100.37748020586076,0.10747644991656102,1.1768239350012806,149.94443212760666,150.05190857752322,99.80255470217487,100.97937863717615,true,true
200,1.0,150.06166384786192,100.31835980437805,0.11074742231227219,1.2752451906682438,150.020493008997,150.13124043130927,99.6857890395745,100.96103423024275,false,true
200,1.0,149.96752291937565,99.87826770273514,0.1076554860127601,1.1049433720042856,149.92812046585777,150.03577595187053,99.31059794599084,100.41554131799512,true,true
200,1.0,149.9264484017961,100.34821261209629,0.10867145458286132,1.1616000981897656,149.88536579228122,149.99403724686408,99.7541270806486,100.91572717883837,false,true
200,1.0,150.03201724682293,100.13461805762483,0.11046537862290506,1.2246809484523453,149.9915383125661,150.102003691189,99.49953876824928,100.72421971670163,true,true
200,1.0,149.96154465482874,99.85858580877158,0.10899432711278223,1.1974005309213709,149.91922921819926,150.02822354531204,99.25717863081859,100.45457916173996,true,true
200,1.0,150.06578800865665,99.67245974144126,0.10470268138652727,1.0991764953167689,150.0262133784006,150.13091605978713,99.10915806748685,100.20833456280361,false,true
200,1.0,149.95810122773543,99.9718777679246,0.1124618684233667,1.1859954016914571,149.91729271051028,150.02975457893365,99.38299824446888,100.56899364616034,true,true
200,1.0,150.05945183086337,99.67035833212472,0.10718855750712919,1.1039551081292842,150.02067747404908,150.1278660315562,99.11128001975133,100.21523512788062,false,true
200,1.0,150.0685778488002,100.76527575946051,0.10891384883183264,1.2701219805024238,150.0272419217547,150.13615577058653,100.14761199272291,101.41773397322534,false,false
200,1.0,149.9696796415626,100.00135400524996,0.10951047004792258,1.183435173118454,149.92948631474468,150.0389967847926,99.39939698638793,100.58283215950638,true,true
200,1.0,150.05643828557845,99.57443135970597,0.10515807368909691,1.1154087226091463,150.0169907182563,150.1221487919454,99.02372600569282,100.13913472830197,false,true
200,1.0,150.06163140190307,100.68015164961506,0.10109199463730079,1.222214208600846,150.02500811677638,150.12610011141368,100.05323967226633,101.27545388086718,false,false
200,1.0,149.90566877342798,99.75634417532004,0.11068119279553912,1.1493130859070533,149.8661672315905,149.97684842438605,99.15683770014822,100.30615078605527,false,true
200,1.0,150.04072516434573,99.74055406474515,0.1043825046085658,1.2240272689479497,150.00275631100743,150.107138815616,99.13605266683598,100.36007993578393,false,true
200,1.0,150.06014909465225,100.0498826718675,0.10584181331438458,1.2562650136598705,150.02253234934125,150.12837416265563,99.41539040666824,100.67165542032811,false,true
200,1.0,149.8416905843029,100.2360117318662,0.10938152174966831,1.236742007313211,149.80199458114924,149.9113761028989,99.63068701440693,100.86742902172014,false,true
200,1.0,150.00657005407658,99.17336590152966,0.11264961079263003,0.9434066434751998,149.9644785975459,150.07712820833854,98.69360072112589,99.63700736460109,true,false
200,1.0,150.06295919394984,100.12132832029883,0.11691619877575476,1.2232829154227858,150.01884378197326,150.13575998074901,99.50511887176965,100.72840178719244,false,true
200,1.0,149.93550213688843,99.58892491858973,0.11058569561234322,1.0075524798989477,149.89492666743095,150.0055123630433,99.05373343005996,100.06128590995891,true,true
200,1.0,150.02293632772478,100.50179523575761,0.10434041581899578,1.1815670384080619,149.98384844620801,150.088188862027,99.89352161418246,101.07508865259052,true,true
200,1.0,149.3826136506326,99.8697366326877,0.11614806426410951,1.2077120789482052,149.34064188577537,149.45678995003948,99.26418446621776,100.47189654516596,false,true
200,1.0,149.88882049307895,100.16758193112125,0.10564436021772394,1.1701687448742746,149.84815506301518,149.9537994232329,99.58832754391788,100.75849628879216,false,true
200,1.0,150.0188796327061,100.63862898245418,0.09937612849080324,1.296809201581425,149.98096638758307,150.08034251607387,100.01120562523947,101.3080148268209,true,false
200,1.0,149.94011660484625,100.13534690798652,0.10679954872392727,1.2432134950350502,149.89906632681578,150.0058658755397,99.51522856979398,100.75844206482903,true,true
200,1.0,149.86455427980815,100.34622467764513,0.10398770806403945,1.2203096609129602,149.82630783013428,149.93029553819832,99.72642491789372,100.94673457880668,false,true
200,1.0,149.93477320915122,100.99397108110051,0.10075006296932543,1.2809768408008466,149.89687376931255,149.99762383228187,100.33281707769774,101.61379391849859,false,false
200,1.0,149.98456040979133,99.43892300997939,0.1076401328252814,0.9882232692531829,149.94618095835585,150.05382109118113,98.93258051399766,99.92080378325085,true,false
200,1.0,149.9549127914475,100.05978918752001,0.11263922173105811,1.1811363488801305,149.91301471146198,150.02565393319304,99.4480064886713,100.62914283755143,true,true
200,1.0,149.95093737457728,99.69781984520391,0.10326602046481526,1.203328482281023,149.91329021213244,150.01655623259725,99.09141397322557,100.2947424555066,true,true
200,1.0,150.02081847142318,99.55259242696812,0.10991207005898218,1.0881276593676006,149.98135665598193,150.0912687260409,99.00213193932738,100.09025959869498,true,true
200,1.0,150.01246545155587,100.31878499194144,0.10901186181303046,1.1983379302226496,149.97192272099892,150.08093458281195,99.7106428947282,100.90898082495085,true,true
200,1.0,150.04163445328396,99.97365401632683,0.10813929038269521,1.1301598536147424,150.0007509525549,150.1088902429376,99.39338357013426,100.523543423749,false,true
200,1.0,149.81868534751285,99.52829701477262,0.1012757711826282,1.16198363478901,149.78056378587902,149.88183955706165,98.95598131949806,100.11796495428707,false,true
200,1.0,150.02915209071526,100.75232040021855,0.10896950035859732,1.2657989610884783,149.98968629308519,150.09865579344378,100.11087894959573,101.37667791068421,true,false
200,1.0,150.02293456236214,99.67916676933004,0.10798378371509898,1.188833852612106,149.98390357129435,150.09188735500945,99.0835825441733,100.2724163967854,true,true
200,1.0,149.8825433609887,99.80522538994036,0.11191568126008633,1.2249449720484762,149.83832534780274,149.95024102906282,99.20339909633672,100.4283440683852,false,true
200,1.0,150.06246364572112,100.23977781010124,0.10534933007798486,1.1769858841379488,150.0240966845796,150.1294460146576,99.63839725832179,100.81538314245974,false,true
200,1.0,150.02883791700316,99.2914893087221,0.11066160604050879,1.171865924621784,149.9863850942869,150.0970467003274,98.70516716833123,99.87703309295301,true,false
200,1.0,150.02313365719473,100.08172913287734,0.10569553002795828,1.2078340111977184,149.98422893079487,150.08992446082283,99.46080352105459,100.6686375322523,true,true
200,1.0,150.05722209375676,99.58697796355216,0.11189206113570549,1.0618827381300093,150.01482680730314,150.12671886843884,99.0459376104696,100.1078203485996,false,true
200,1.0,150.05977758688573,99.86880018462813,0.10946957911139066,1.2066738523112832,150.02054977429043,150.13001935340182,99.26993225217093,100.47660610448222,false,true
200,1.0,149.9761745301267,100.65956441647597,0.1119803304054301,1.198670804112595,149.93479541625675,150.04677574666218,100.07507122771575,101.27374203182835,true,false
200,1.0,149.90390095958833,99.19534115462102,0.11260937310854047,1.0278621556419125,149.8608831683038,149.97349254141233,98.65718998271991,99.68505213836183,false,false
200,1.0,149.91081628688477,99.38293596043492,0.11023718001996485,1.081839438675928,149.87184609518675,149.98208327520672,98.82219736567365,99.90403680434957,false,false
200,1.0,150.04617556176765,99.43642931616557,0.1078933117101144,1.1600956344175302,150.00660903231736,150.11450234402747,98.85447151320145,100.01456714761898,false,true
200,1.0,150.05854369944927,100.13178331288859,0.11042691699796592,1.213722928800678,150.01662933936854,150.1270562563665,99.53354664524609,100.74726957404677,false,true
200,1.0,150.0476150784915,100.07279825314599,0.10988319373217337,1.1829484983580443,150.00791957560543,150.1178027693376,99.45781321322758,100.64076171158563,false,true
200,1.0,149.95518835426213,99.68967515852428,0.10631583493224639,1.1522298755628384,149.91659482123234,150.02291065616458,99.11266335767219,100.26489323323503,true,true
200,1.0,149.8738698148979,99.91952826730764,0.11293363599656914,1.219736262504881,149.83274637158573,149.9456800075823,99.28023180400787,100.49996806651275,false,true
200,1.0,149.85393175859917,99.86064542738617,0.11330782995341337,1.1728482546159995,149.8129826837603,149.92629051371372,99.27894877760536,100.45179703222136,false,true
200,1.0,149.84207795506353,100.38013761986595,0.11500644088292233,1.2704948173424953,149.7988068270734,149.91381326795633,99.74338459821163,101.01387941555413,false,true
200,1.0,149.968426121379,100.03619269470695,0.11325221127594887,1.2070385238690875,149.92577174739768,150.03902395867362,99.42399618752066,100.63103471138974,true,true
200,1.0,150.05961248253624,100.30534822164228,0.10513439179720763,1.1869805894087477,150.01856968753708,150.1237040793343,99.71245954844845,100.8994401378572,false,true
200,1.0,149.99857194009923,100.38569922521906,0.11223123662873036,1.249580073970705,149.95811268159972,150.07034391822845,99.75467167532912,101.00425174929983,true,true
200,1.0,150.06757277810294,100.11864239709492,0.10726544422257689,1.0739868943299342,150.02810402195811,150.1353694661807,99.58038966532837,100.6543765596583,false,true
200,1.0,150.04760734813192,99.52662665014282,0.11445522342646086,1.0888044329163478,150.0048059185409,150.11926114196737,98.96616006824031,100.05496450115666,false,true
