ndata,sigma,theta1_median,theta2_median,theta1_iqrs,theta2_iqrs,quartiles1_1,quartiles3_1,quartiles1_2,quartiles3_2,theta1_coverage,theta2_coverage
10,20.0,165.55541391174273,103.04643485971253,15.770443755747579,3.3629194362639367,158.36080990094925,174.13125365669683,100.90184846844137,104.26476790470531,false,false
10,20.0,164.71817129476352,98.83917132392833,17.079692678083944,3.1855896113441275,156.77771049835167,173.8574031764356,96.82145091357145,100.00704052491558,false,true
10,20.0,158.52496149554122,98.1895997441498,17.951137764909816,3.3129151660962037,150.47471635192386,168.42585411683368,96.06220381073425,99.37511897683045,false,false
10,20.0,154.93332569178057,99.5819669010771,16.4151173344967,2.806215952425177,147.62176389989827,164.03688123439497,97.77218967753724,100.57840562996242,true,true
10,20.0,165.10855905561073,98.42630611641187,17.21660139062186,3.3716920763688876,157.31720574387776,174.53380713449963,96.2709701073994,99.6426621837683,false,false
10,20.0,158.5876222080484,100.78810675155209,17.383629890849676,3.2149836235405047,150.60483849503603,167.9884683858857,98.63407788307306,101.84906150661357,false,true
10,20.0,148.08444777292596,98.65061329236772,17.75418210205362,2.538570224579658,140.47250191556225,158.22668401761587,97.0426191528232,99.58118937740286,true,false
10,20.0,157.3751248666278,98.82745508701178,17.183517557354747,3.080460822126355,149.58904054397414,166.77255810132888,96.86635616385811,99.94681698598447,true,false
10,20.0,136.61570507389945,101.4503393779451,14.545978315604259,1.9085186300009553,130.3891348090072,144.93511312461146,100.20288419583208,102.11140282583304,false,false
10,20.0,154.70465853687926,99.46788868916482,17.91440390418873,2.874725817032626,146.5186920872231,164.43309599141182,97.63722452673244,100.51195034376506,true,true
10,20.0,169.4648678861834,97.61672491095328,15.994246790899325,4.061067978443091,162.40507949863215,178.39932628953147,95.02612429989603,99.08719227833912,false,false
10,20.0,160.12487082976287,98.53959261182641,16.61212341620231,3.2039884175785005,152.76876711419996,169.38089053040227,96.46611094583443,99.67009936341293,false,false
10,20.0,165.30170649721117,99.34839003960211,14.91120631443411,3.628020432118774,158.57920217984932,173.49040849428343,97.04453307635237,100.67255350847114,false,true
10,20.0,150.20923400099778,98.77576292956269,17.28648950333522,2.789735411092238,142.6523205834259,159.93881008676112,97.02792159042721,99.81765700151945,true,false
10,20.0,167.28269393055763,98.71737994333486,17.313940770589085,3.4509321249089595,159.24284561519158,176.55678638578067,96.49922116751327,99.95015329242223,false,false
10,20.0,156.9175801786894,98.37761814113122,16.834534718545058,3.07593276918179,149.72401578401713,166.55855050256218,96.42776959398235,99.50370236316414,true,false
10,20.0,156.99904048413157,99.62236406088564,14.284770880151939,3.184423820829096,150.75444813474434,165.03921901489628,97.59128748846271,100.77571130929181,false,true
10,20.0,162.4356276900669,99.86076776634786,17.91129944628642,3.2950347986914323,154.13006236598295,172.04136181226937,97.7549259772625,101.04996077595393,false,true
10,20.0,160.77489978239325,100.64771427942682,17.20833231165983,3.3803949617355613,152.76344706869216,169.971779380352,98.44312393941041,101.82351890114597,false,true
10,20.0,138.58922763954013,99.20228460014366,14.317498986271204,2.073998401311286,132.79823258963685,147.11573157590806,97.8408845110224,99.91488291233368,false,false
10,20.0,152.6862769716202,100.13127049262634,17.65748924994918,2.6295561199209914,144.51982355286214,162.17731280281131,98.4181728267523,101.04772894667329,true,true
10,20.0,135.64693506038742,98.84814139213394,16.624787862399586,1.9632826514463346,128.76522185100964,145.39000971340923,97.59384288281922,99.55712553426555,false,false
10,20.0,142.06659849678817,99.92367525382848,17.213933045070377,2.2535588541187366,134.83379453792455,152.04772758299492,98.4893534846819,100.74291233880064,true,true
10,20.0,160.1046353895102,101.31979172295863,16.4390986254526,3.122129935486214,152.80698897719753,169.24608760265014,99.26428308792566,102.38641302341188,false,true
10,20.0,161.70585936313387,100.51806613191823,16.385392891707824,3.424218212612729,154.15428724670807,170.5396801384159,98.30657914057386,101.73079735318659,false,true
10,20.0,156.1052512262557,100.73257068028616,16.364487313589706,2.9823707761203764,148.61105604225398,164.97554335584368,98.82700487810408,101.80937565422445,true,true
10,20.0,142.5730534916355,100.17430004640829,16.834242106552892,2.225629008064729,135.27950287684928,152.11374498340217,98.72967656532666,100.95530557339139,true,true
10,20.0,149.74586839149165,100.21724508714809,17.46201262316157,2.587158792955421,142.05903607844962,159.5210487016112,98.52734328400118,101.1145020769566,true,true
10,20.0,163.74582274104768,99.51382155945197,15.746056293215219,3.6802816498574202,156.62340090361457,172.36945719682979,97.15803806489754,100.83831971475496,false,true
10,20.0,166.33911192636108,98.0478731423191,15.6322624956901,3.3368126316558886,159.29921938057475,174.93148187626485,95.91633582215522,99.25314845381111,false,false
10,20.0,156.54298889596453,99.48426940412507,15.600926150862733,3.0322072872914134,149.4941010603744,165.09502721123712,97.52902506656119,100.5612323538526,true,true
10,20.0,155.73414204825815,99.86865808226376,17.590479436393053,3.1204166168544987,147.7890034733429,165.37948290973594,97.88462467711291,101.00504129396741,true,true
10,20.0,147.66841616842075,98.6151806789185,16.16010876127899,2.5588847641550387,140.47743712941815,156.63754589069714,96.9391946305828,99.49807939473784,true,false
10,20.0,165.78180838553936,100.94652368322559,17.335070607253243,3.452076355817411,157.7547711518211,175.08984175907435,98.72819925472423,102.18027561054164,false,true
10,20.0,162.51523425663575,98.22084964647959,15.662744411233831,3.2719012386114485,155.33575562817066,170.9985000394045,96.16287197605806,99.4347732146695,false,false
10,20.0,161.39258005012982,99.65172230280986,18.207317605784624,3.3551203548900332,153.00084566496088,171.2081632707455,97.43386920551208,100.78898956040211,false,true
10,20.0,158.21123304490584,98.02881590318245,17.387358787881226,3.3828056031323968,150.33185894007337,167.7192177279546,95.84784321403694,99.23064881716934,false,false
10,20.0,156.4042119785417,98.2492909533329,17.903440192786036,3.044444501463815,148.070083382575,165.97352357536104,96.30425873554451,99.34870323700832,true,false
10,20.0,167.86722871751056,98.01975117858565,17.3736102326329,3.5475577409990677,159.90996283821144,177.28357307084434,95.74178594093473,99.2893436819338,false,false
10,20.0,159.46776425903357,104.95518358038264,16.657769963978467,3.0285683701061004,152.06733203592773,168.7251019999062,102.99958057290445,106.02814894301055,false,false
10,20.0,164.44729627326132,97.74743071294364,15.724028385696698,3.674305137209373,157.63377715129906,173.35780553699576,95.4026985590403,99.07700369624968,false,false
10,20.0,147.8671784885085,99.08028696370991,18.293657998491284,2.4063553865425575,139.91544753841205,158.20910553690334,97.53382052473681,99.94017591127937,true,false
10,20.0,151.651868735633,98.6619711208157,15.959093065383485,2.752360609104599,144.43599247748116,160.39508554286465,96.87480644974544,99.62716705885003,true,false
10,20.0,152.4833783466994,98.82276177142798,18.65656511943115,2.795943339981349,144.28271474099034,162.9392798604215,96.98388472637555,99.7798280663569,true,false
10,20.0,156.7682654607114,99.93566703330745,17.539326313105988,3.20612122082089,148.79745218718276,166.33677850028874,97.87014361655574,101.07626483737663,true,true
10,20.0,145.36256298427668,99.52375145518789,18.106999355883204,2.4913323831936367,137.14146402953122,155.24846338541442,97.93229678548147,100.4236291686751,true,true
10,20.0,144.13888753875307,99.56101825627462,17.416378416829218,2.3809121740789436,136.66746040614714,154.08383882297636,98.02884227511365,100.40975444919259,true,true
10,20.0,158.36854457729316,98.16296444841626,17.937391170685146,3.089397114584429,150.28670500411476,168.2240961747999,96.16688482558479,99.25628194016922,false,false
10,20.0,137.33789145639622,101.94325354666023,15.461547382985998,1.906376863829749,130.6558219301741,146.1173693131601,100.72491071766461,102.63128758149436,false,false
10,20.0,148.32698327220032,102.70959787908674,15.525326541886358,2.3591115852698152,141.50190742078752,157.02723396267388,101.19635817553007,103.55546976079988,true,false
10,20.0,157.43802218914718,99.84286692904243,17.906765722225288,3.0751357869716855,149.8895491274552,167.7963148496805,97.9227348434164,100.99787063038809,true,true
10,20.0,147.53770449337196,99.87594237590947,16.762312306508846,2.375909851135873,140.3421715612684,157.10448386777725,98.39849134338732,100.7744011945232,true,true
10,20.0,158.6435840561723,98.77004571913761,16.209027628764233,3.0754400987243997,151.244724637652,167.45375226641625,96.79742047625999,99.87286057498439,false,false
10,20.0,154.99377136532806,102.70483921418233,17.119749026616063,2.642902457499133,146.93703317711558,164.05678220373164,101.0577061652294,103.70060862272854,true,false
10,20.0,152.15957679676677,99.24681938440933,16.822053650820493,2.7591575586445884,145.08057418429968,161.90262783512017,97.50385864110496,100.26301619974954,true,true
10,20.0,164.56466775173533,99.57076383095719,15.415718967484622,3.4570409608743375,157.45810128320005,172.87382025068467,97.39741080458072,100.85445176545505,false,true
10,20.0,149.72876022208897,98.63990602314036,17.117120340761034,2.655064435325613,141.75084039377865,158.86796073453968,96.94245141066378,99.59751584598939,true,false
10,20.0,153.92865067966898,102.67026045849738,16.463445957538028,2.556605521384469,146.7836754894533,163.24712144699131,101.03342888462521,103.59003440600968,true,false
10,20.0,162.57933209962016,98.62290154211294,15.808953285452759,3.384364720110341,155.26433337976584,171.0732866652186,96.42264599083671,99.80701071094705,false,false
10,20.0,155.63482736252251,99.51912504128802,14.779427997404241,2.9190685380022217,149.1904363663627,163.96986436376693,97.6493955498353,100.56846408783753,true,true
10,20.0,170.17538772641086,100.01295480542251,16.770403911073856,3.9056416283144983,162.45943312327853,179.22983703435239,97.54264316942744,101.44828479774193,false,true
10,20.0,170.75066201676148,98.99085161592322,17.373340517602287,3.71954880174232,162.77155893811403,180.1448994557163,96.63249359111526,100.35204239285758,false,true
10,20.0,163.21215647664752,103.06723747255737,16.652619245423978,3.3814638978725355,155.69902137352676,172.35164061895074,100.8555722020714,104.23703609994394,false,false
10,20.0,152.7377755950268,99.74953867513065,17.787462001578177,3.018444065441173,144.62008461001034,162.40754661158851,97.76394283615409,100.78238690159526,true,true
10,20.0,142.98682677174276,98.73087361685069,17.79491138317462,2.2611948303199796,135.03933082162925,152.83424220480387,97.26603231142805,99.52722714174803,true,false
10,20.0,165.3995107919311,100.4060380936902,16.361340186056054,3.3339530378217432,158.01159937986466,174.37293956592072,98.2869860286728,101.62093906649454,false,true
10,20.0,159.34341601864102,100.15602415987729,16.20487099247316,3.2812765525162177,152.12634453387187,168.33121552634503,97.99444944898838,101.2757260015046,false,true
10,20.0,153.5796897812254,98.58821128301153,17.78707180267824,3.031877854879369,145.67121063550715,163.4582824381854,96.64273443756676,99.67461229244613,true,false
10,20.0,149.70226492559314,99.60695212052889,16.93507552883301,2.6837894243135736,142.32401764856093,159.25909317739394,97.89800160640516,100.58179103071873,true,true
10,20.0,150.83044719567727,106.61075366435634,16.041587739397386,2.5866269577931433,143.701877569937,159.7434653093344,104.96588797152317,107.55251492931632,true,false
10,20.0,150.52266140173745,98.61670266265511,17.26902659310315,2.717714601152082,142.55055505846641,159.81958165156956,96.87984428715151,99.5975588883036,true,false
10,20.0,168.84053263916257,98.46418457484116,15.552669442427998,3.719592647358539,161.75307171114758,177.30574115357558,96.06031218271862,99.77990483007716,false,false
10,20.0,150.0552584542731,100.13007942909611,18.010505444237367,2.648372428551454,142.00333082524597,160.01383626948333,98.41715129433649,101.06552372288795,true,true
10,20.0,142.88475906195222,102.55109154494158,14.750370527348508,2.1103344361553837,136.36096222102097,151.11133274836948,101.23131078486158,103.34164522101696,true,false
10,20.0,157.16075682069055,101.32947824034446,16.882444043302655,2.873633249809572,149.57603464490018,166.45847868820283,99.50387611629158,102.37750936610115,true,true
10,20.0,162.694682444318,104.67287309968874,17.069505447481845,3.2448756938008927,154.85361717587472,171.92312262335656,102.61130309179327,105.85617878559417,false,false
10,20.0,160.84417895348562,98.65405155177491,17.591396618837678,3.4864152395890073,153.0877952645546,170.67919188339226,96.45643344441066,99.94284868399967,false,false
10,20.0,162.11224722237824,101.31639209014037,15.263670257765426,3.374201777003151,155.6448283583554,170.90849861612082,99.09095582636712,102.46515760337027,false,true
10,20.0,162.55509024618834,99.08530945029122,15.52575930113025,3.2946494559603394,155.723948680881,171.24970798201124,96.88808309848184,100.18273255444218,false,true
10,20.0,149.38950091687445,103.98840426490358,16.1561097192166,2.4215007754709177,142.52341038149575,158.67952010071235,102.39272603491086,104.81422681038178,true,false
10,20.0,163.77797393656988,98.48597536244164,16.385616138371176,3.331689265006247,156.3994641017169,172.78508024008806,96.38033029240933,99.71201955741557,false,false
10,20.0,150.42111484616862,99.27821270095903,17.980155390915115,2.58235087125216,142.20446319098306,160.18461858189818,97.67985173632779,100.26220260757995,true,true
10,20.0,155.92413437961483,98.20735257439706,16.96837692179733,3.046031021251082,148.34552009770968,165.313897019507,96.27484067230242,99.3208716935535,true,false
10,20.0,149.75347075444535,110.12641883190656,14.364031677968,2.2032600023130158,143.42428652908552,157.78831820705352,108.69935785153797,110.90261785385098,true,false
10,20.0,166.1983347615788,98.19781207495335,15.971220970369387,3.2863006925318246,158.85855445047653,174.82977542084592,96.13873979645774,99.42504048898957,false,false
10,20.0,162.46482287749126,100.56418752751549,16.650836867131147,3.430020595041782,154.93604807322998,171.58688494036113,98.39454178856771,101.82456238360949,false,true
10,20.0,147.87567354681892,98.62090717089289,16.500472503509144,2.5039594702407584,140.66384767354955,157.1643201770587,97.01300215406641,99.51696162430717,true,false
10,20.0,157.0040079134821,100.35493955772918,17.079654047593436,3.1201691304937356,149.15424122135602,166.23389526894945,98.28606935481707,101.40623848531081,true,true
10,20.0,163.98862574832253,99.56860966041037,16.964039211972988,3.2994358638017474,156.14186781629093,173.1059070282639,97.51526118804256,100.8146970518443,false,true
10,20.0,160.83444253700418,108.05602398857211,15.930017959145175,2.9554076776318823,153.88906818986808,169.81908614901326,106.10886922234812,109.06427689998,false,false
10,20.0,168.94949724310214,99.59194122529178,16.28437011093152,3.502835199379703,161.59855124347752,177.88292135440904,97.31569324949817,100.81852844887787,false,true
10,20.0,143.9170207487025,100.07572551824617,16.561440324496914,2.291523348856728,136.39366393960447,152.95510426410138,98.60579174955684,100.89731509841357,true,true
10,20.0,164.34400894701815,98.32547130746087,16.98494506704455,3.470271935456239,156.67338127578572,173.65832634283026,96.08889762098354,99.55916955643978,false,false
10,20.0,163.17118121765705,98.62582322564258,18.913062813271353,3.583976625880524,154.2968260511846,173.20988886445596,96.29921887571628,99.8831955015968,false,false
10,20.0,166.14373767143354,100.2378502931781,17.223977816572898,3.5682098858235207,158.20711062152373,175.43108843809662,97.93654924727363,101.50475913309715,false,true
10,20.0,134.11753673467922,100.62730557155945,14.682667322587434,1.741334904485754,127.84072676632132,142.52339408890876,99.52058040811055,101.2619153125963,false,true
10,20.0,158.67512677300613,99.79336972908126,16.92679882991945,3.2371868191856947,150.90066512751656,167.827463957436,97.71552337418044,100.95271019336613,false,true
10,20.0,156.4778542525931,101.54119312315774,17.227700677551127,2.792756449925932,148.71580650570468,165.9435071832558,99.77892278870395,102.57167923862988,true,true
10,20.0,147.3153237335731,101.74888063081906,14.096346817565603,2.6278902198324943,141.38088647714366,155.47723329470927,99.99311673622688,102.62100695605938,true,true
10,20.0,166.37823207577924,101.08026927302282,15.407372206563679,3.47808740894547,159.65496861063497,175.06234081719865,98.87463115035388,102.35271855929935,false,true
10,20.0,126.30450556674923,101.29093080243865,11.479348511455399,1.24577430958783,121.91327209827809,133.39262060973348,100.47005285208886,101.71582716167669,false,false
10,20.0,164.98970483091347,102.28613052985094,15.884212693550836,3.434659527865165,157.85493088157722,173.73914357512805,100.08209693401848,103.51675646188365,false,false
10,20.0,137.2304076714605,101.54233763180281,15.811470946003283,1.8033080052041583,130.4009838040454,146.2124547500487,100.3753227752216,102.17863078042576,false,false
10,20.0,139.1703953757227,99.14880904926324,16.199809455873122,1.9379184343403324,132.32223387400927,148.5220433298824,97.9061842755801,99.84410270992043,false,false
10,20.0,167.61175173956582,97.84382816871866,17.00041111518007,3.5448645949338555,159.87009737298055,176.87050848816062,95.61121206092018,99.15607665585404,false,false
10,20.0,158.88159264411678,98.83987267438553,17.707090967921687,3.0359245791814686,150.94218420626976,168.64927517419144,96.86465635244178,99.90058093162325,false,false
10,20.0,145.43428459228284,102.23724820505633,14.156431209272625,2.298407855077812,139.56967558914974,153.72610679842236,100.77726682574323,103.07567468082104,true,false
10,20.0,151.97512958318674,100.01816258349709,15.986992751994563,2.9094365952586116,145.21012872452044,161.197121476515,98.15832766934174,101.06776426460036,true,true
10,20.0,148.94474876466927,99.11329889328958,17.004169492498363,2.5960786876522803,141.35920343548895,158.3633729279873,97.41261216009809,100.00869084775037,true,true
10,20.0,156.10103236435185,99.6748105848636,17.41848418891243,2.913498200178026,148.1156060250566,165.53409021396902,97.82187890505091,100.73537710522893,true,true
10,20.0,143.91514340305073,98.75668927178653,17.266951847119515,2.4256516483457773,136.33253717817965,153.59948902529916,97.18227217159968,99.60792381994546,true,false
10,20.0,143.83627315262635,101.02129805461028,16.204133282086502,2.177255177646657,136.6526005494207,152.8567338315072,99.63743519982275,101.8146903774694,true,true
10,20.0,153.02312227528407,104.47302499506873,16.31543424341504,2.566028352924235,145.61879830976727,161.9342325531823,102.79003502148159,105.35606337440582,true,false
10,20.0,162.39996302208584,99.83818395362196,17.581945980843727,3.3379445217982635,154.69502712172908,172.2769731025728,97.71261708387168,101.05056160566994,false,true
10,20.0,155.94173104749743,98.48748205421629,17.715752092899976,3.0373807918881823,147.7708670948471,165.48661918774707,96.54973068792222,99.5871114798104,true,false
10,20.0,165.50641645044396,99.14236605850513,17.118064714987128,3.6855139273516784,157.6435672310637,174.76163194605084,96.76978150068844,100.45529542804012,false,true
10,20.0,163.97676939848085,98.14205952190312,17.395430054688802,3.4666338312050016,155.97721057521875,173.37264062990755,95.93359676172042,99.40023059292542,false,false
10,20.0,156.90143518667236,98.70821438108908,16.97271808426663,2.86941613295879,149.49256459353265,166.46528267779928,96.8199363034186,99.68935243637739,true,false
10,20.0,152.8824510285429,100.87269892363447,15.980542308171465,2.7799338401704006,145.66174028918678,161.64228259735825,99.07508500835108,101.85501884852148,true,true
10,20.0,158.72349347911802,102.53603787567386,14.877122867946724,3.0486111974420282,152.41038814370913,167.28751101165585,100.55604983506166,103.60466103250369,false,false
10,20.0,157.7512444108935,100.84517259155555,16.24136007606242,3.1806439542897067,150.51329355305924,166.75465362912166,98.79154864431175,101.97219259860145,false,true
10,20.0,156.6779200763279,104.3013582494488,16.628978559513996,2.7189983271246376,149.25889255226647,165.88787111178047,102.58118062325514,105.30017895037977,true,false
10,20.0,166.21698872369177,99.46820615215816,17.526212413007357,3.340141423699407,157.87226049816226,175.39847291116962,97.2865214267762,100.62666285047561,false,true
10,20.0,145.61477607150073,98.61641517161357,16.11299330014188,2.395124466891289,138.87969078575128,154.99268408589316,97.08915887382025,99.48428334071154,true,false
10,20.0,144.96292167660735,102.77186357859033,14.306822438034516,2.3821037025196574,139.1045486772265,153.411371115261,101.24666391188643,103.62876761440609,true,false
10,20.0,157.62746318274492,99.02913805133338,17.926694578999303,2.947538319902904,149.27602812132307,167.20272270032237,97.17511412424048,100.12265244414338,true,true
10,20.0,156.1181214125591,100.40266466081349,15.937612202062382,3.1374801836372086,149.22659017343545,165.16420237549784,98.41686209464113,101.55434227827834,true,true
10,20.0,150.14769510460303,100.39970959185578,17.692324950272024,2.6421850333517796,141.82786334283875,159.52018829311078,98.75540558587903,101.39759061923081,true,true
10,20.0,142.5200076972127,98.64750470350762,17.172577855546166,2.41691212084298,134.84754636711853,152.0201242226647,97.05540850172203,99.47232062256501,true,false
10,20.0,157.02827288180595,101.03408062822075,15.760111490384219,2.9314320705587846,150.06469999963605,165.82481149002027,99.17166086042516,102.10309293098395,false,true
10,20.0,145.26973782272654,107.5742009437985,14.393529181601508,2.142601801512569,139.0081325074035,153.401661689005,106.1654949868245,108.30809678833707,true,false
10,20.0,158.98611352567457,99.61593217560684,16.818139794253256,3.449288134389505,151.31349474614768,168.13163454040094,97.33335750173106,100.78264563612056,false,true
10,20.0,165.25698299600947,98.89607035611218,16.92217136917526,3.6081097111042197,157.58245272758597,174.50462409676123,96.59612605390879,100.20423576501301,false,true
10,20.0,169.80062671870468,98.21268393202607,15.315969335178835,3.8331869228930344,163.05320565830613,178.36917499348496,95.72866518044839,99.56185210334142,false,false
10,20.0,173.21397430988085,99.97547364635514,16.670125671343555,3.9641788446085258,165.45288088167786,182.1230065530214,97.4485462953588,101.41272513996732,false,true
10,20.0,166.4871477464415,98.28759122177247,17.537678055054897,3.6668934116388527,158.38263239794634,175.92031045300124,95.96460613967409,99.63149955131294,false,false
10,20.0,144.9206100451649,100.61697968982666,15.797855521364596,2.2134126479330973,137.86497299175235,153.66282851311695,99.2101942508175,101.42360689875059,true,true
10,20.0,166.55196825874293,98.39090613731811,17.454217385124906,3.7824796452468803,158.6747338800475,176.12895126517242,95.9580471892352,99.74052683448208,false,false
10,20.0,156.02310635761714,98.40475390204304,15.949825417925098,3.07781645194369,149.07367647451306,165.02350189243816,96.3922829996689,99.47009945161258,true,false
10,20.0,153.2378835294378,99.35199462915767,17.848583358137432,2.7541455961190024,145.5921576136622,163.44074097179964,97.5700582379257,100.32420383404471,true,true
10,20.0,154.43904949937922,102.34695592279323,16.863682895969276,2.6657591756003853,146.60155058792654,163.46523348389582,100.63125473267658,103.29701390827697,true,false
10,20.0,165.56976205225436,98.2285559141199,17.74367915239293,3.6430327094954436,157.53375548306576,175.2774346354587,95.91750363809838,99.56053634759382,false,false
10,20.0,157.637338831374,99.01508483773736,17.358632241979535,2.928254622689451,149.88962237400858,167.24825461598812,97.14220702245561,100.07046164514506,true,true
10,20.0,165.59681873893555,98.70691726225269,16.546582003335942,3.306082102839838,158.1743756157125,174.72095761904845,96.6406070668344,99.94668916967424,false,false
10,20.0,151.71140670900388,100.44482818402037,15.816565568848489,2.5927274741955983,144.98116412603972,160.7977296948882,98.76026539193762,101.35299286613322,true,true
10,20.0,160.18991835819173,98.5650365829119,17.74365421636344,3.26243222171243,151.91106461606122,169.65471883242466,96.47045983221886,99.7328920539313,false,false
10,20.0,162.53549715377676,98.28345172406283,17.87749949114459,3.298076490321165,154.1658598894635,172.04335938060808,96.16832266887346,99.46639915919462,false,false
10,20.0,131.39527687208425,104.74888911859765,12.329785089744036,1.401605786462497,126.2699864875643,138.59977157730833,103.83208857309141,105.23369435955391,false,false
10,20.0,153.83196466442138,99.09890454609649,16.940947177568205,2.8469720966104717,146.11080500299272,163.05175218056092,97.27027425189532,100.11724634850579,true,true
10,20.0,157.1875682274896,98.4376622762422,16.102054657050388,3.067217386857365,150.22618371867853,166.32823837572892,96.47980020071405,99.54701758757142,false,false
10,20.0,159.07212361780591,98.9877471544668,17.18254346856503,3.2436658715707125,150.9790034926658,168.16154696123084,96.9052483782415,100.14891424981221,false,true
10,20.0,148.8498047358633,100.51055981745358,16.457593248252323,2.6202298566688,141.35023283558047,157.8078260838328,98.8073128197035,101.4275426763723,true,true
10,20.0,160.56940671437326,98.17563550694075,16.52139107440786,3.327493565985691,153.10893813472563,169.6303292091335,96.08652731279655,99.41402087878224,false,false
10,20.0,155.81626622609554,99.79281876022361,15.782204501292739,2.9731289474894425,148.60336596483933,164.38557046613207,97.89307013510856,100.866199082598,true,true
10,20.0,149.01278847993498,100.19036663779944,16.351137806318093,2.6458202863137217,141.5937548786226,157.9448926849407,98.49049017318305,101.13631045949677,true,true
10,20.0,165.80838682697004,98.39878406243375,17.520336003215505,3.6730198932544624,157.95990270214656,175.48023870536207,96.02949567633723,99.7025155695917,false,false
10,20.0,139.453292220527,99.60883879360065,16.85664751218988,2.093977973647256,132.22106649679728,149.07771400898716,98.2882339097138,100.38221188336105,false,true
10,20.0,152.68494808089713,101.67740879079403,16.956888538354434,2.7234624803610217,145.23963495979257,162.196523498147,99.93615914195026,102.65962162231128,true,true
10,20.0,164.36972986500626,100.68517389059382,15.590782859480981,3.34574280878725,157.33804170887763,172.9288245683586,98.5702469700756,101.91598977886285,false,true
10,20.0,159.95994055069843,98.56341151984684,15.985300779311416,3.2325631394126617,153.0512985395966,169.036599318908,96.53918382769555,99.77174696710821,false,false
10,20.0,156.25367442709762,99.97104149620196,17.25637262423183,2.9837107342168707,148.77398054899916,166.030353173231,98.04066832938616,101.02437906360304,true,true
10,20.0,166.08146466746243,97.86453774345881,15.931825335370434,3.506548682145123,158.25888236517218,174.19070770054262,95.57812150356393,99.08467018570906,false,false
10,20.0,156.91813890905544,99.11458280830588,17.35808886345046,2.8893789271875505,148.9897480669479,166.34783693039836,97.27664792830845,100.166026855496,true,true
10,20.0,155.08242984521422,106.431606163862,15.74751261962254,2.714108242488308,147.77572156600365,163.5232341856262,104.68733354120762,107.40144178369593,true,false
10,20.0,144.27668293603202,101.48967827917832,17.32887289303082,2.2695068845099513,136.7930610143105,154.12193390734132,100.02957010636868,102.29907699087863,true,false
10,20.0,146.18650721730097,102.35356859232766,16.741607129180665,2.393023221233989,138.80742054813,155.54902767731068,100.7765769790318,103.16960020026579,true,false
10,20.0,151.8902696724922,98.77166016644819,17.9564198026803,2.8515722891034585,144.04077863461455,161.99719843729486,96.9317450064387,99.78331729554216,true,false
10,20.0,161.4353608629496,98.13480172279944,16.321142010343465,3.278483066816335,154.08258552954425,170.4037275398877,96.0308939404043,99.30937700722063,false,false
10,20.0,149.6097909453839,98.3942841379199,16.28833246607519,2.6501803614027324,142.5454308217142,158.8337632877894,96.66638210476967,99.3165624661724,true,false
10,20.0,161.65491730070298,100.07834230718959,17.123688158061213,3.18157057802064,153.82272407095638,170.9464122290176,98.09167063471713,101.27324121273777,false,true
10,20.0,150.97327487265898,106.47316101693539,13.208189775425154,2.319655491210682,145.15523549048552,158.36342526591068,104.96943380442625,107.28908929563693,true,false
10,20.0,149.2807140465106,99.72995208459648,17.697457248741642,2.4328158882973128,141.4328028703591,159.13026011910074,98.16471779041491,100.59753367871222,true,true
10,20.0,147.1837846520495,99.500691640419,17.67881919950011,2.356749948405607,139.22690584632448,156.9057250458246,97.99556923404955,100.35231918245516,true,true
10,20.0,149.86414966952688,100.33747146157808,15.495843340567546,2.6365220723901928,143.08986778088797,158.58571112145552,98.60379477272653,101.24031684511672,true,true
10,20.0,164.06538596203825,97.72213738065778,17.091029114687757,3.6611734988019293,156.42874547425572,173.51977458894348,95.41115429727503,99.07232779607696,false,false
10,20.0,143.63326156951962,99.75164282858755,15.63940178793814,2.2899255352729995,137.09240309376526,152.7318048817034,98.3145444087923,100.6044699440653,true,true
10,20.0,161.22380887594898,98.36208587034272,17.331305341961297,3.142240619590126,153.15366289120647,170.48496823316776,96.43166278312731,99.57390340271743,false,false
10,20.0,150.30368173469822,100.70644898254143,15.818280532507458,2.5732855171765863,143.50550731834383,159.3237878508513,99.07698011852237,101.65026563569896,true,true
10,20.0,156.685343606304,99.05329350056331,15.411711287024303,3.073450482925196,149.7856757726682,165.19738705969252,97.12395611229033,100.19740659521553,true,true
10,20.0,159.03931556466873,100.99366006788605,16.789629052108182,3.2911315560174472,151.788314124058,168.57794317616617,98.87770225651843,102.16883381253588,false,true
10,20.0,141.88318749428942,101.02537478837066,15.372850186977246,2.296663217635384,135.55346321913197,150.92631340610922,99.5231018342627,101.81976505189809,true,true
10,20.0,162.3772629772733,108.88245877059151,14.384171484460722,3.0514760836222194,155.8984361999312,170.28260768439193,106.9248788787582,109.97635496238041,false,false
10,20.0,147.89546296854144,101.81736115337247,14.902360403479321,2.434432846318259,141.57756814961786,156.47992855309718,100.25956203948198,102.69399488580024,true,false
10,20.0,153.1316268157898,101.30831555808552,16.76530025536161,2.755013504703726,145.48363519415318,162.2489354495148,99.5360258287883,102.29103933349202,true,true
10,20.0,158.84565732367872,100.49033594343867,15.894135837078522,3.1698433318953647,151.76747448915575,167.66161032623427,98.46112555397335,101.63096888586871,false,true
10,20.0,148.9378887250859,99.05646093238363,17.541849230641418,2.646657674419828,141.18060133060936,158.72245056125078,97.35582656096952,100.00248423538935,true,true
10,20.0,156.21474610568015,99.80687772829673,16.212427145347164,3.0526294973911945,149.0940207557142,165.30644790106138,97.8495771655011,100.9022066628923,true,true
10,20.0,149.6853497370476,101.79087245890508,16.728351827041735,2.4718487862320018,142.57922489832063,159.30757672536237,100.18354208739056,102.65539087362257,true,false
10,20.0,150.15116818199243,102.22123961859411,16.44385369832017,2.684071189074075,143.1720820024909,159.61593570081106,100.50428846254992,103.188359651624,true,false
10,20.0,138.35635774029126,99.21648772949555,16.94984585464246,2.152494530186729,131.38009944628047,148.32994530092293,97.83167796431572,99.98417249450245,false,false
10,20.0,154.135749773562,100.42421422883663,14.777998737947314,3.038048694878782,147.71566183738457,162.4936605753319,98.48310130981193,101.52115000469071,true,true
10,20.0,147.71062983522427,99.41645503974561,17.28362225087912,2.3668974124206272,140.27889457194752,157.56251682282664,97.91671945713833,100.28361686955895,true,true
10,20.0,150.2583208129542,101.03877054757365,17.217105980135784,2.6246918407897795,142.58093016114123,159.798036141277,99.36153428332081,101.98622612411059,true,true
10,20.0,165.6056929327993,98.01639100688709,16.866820418908617,3.8580873772873616,157.9799061256026,174.84672654451123,95.49886028565905,99.35694766294641,false,false
10,20.0,156.56843270076365,99.8168726477129,16.452464692993942,3.174117951329322,148.9873088200078,165.43977351300174,97.75182899780641,100.92594694913574,true,true
10,20.0,139.93327666801457,108.95146211361123,12.797104876634592,1.7249223454998486,134.4919478962451,147.2890527728797,107.81843869425055,109.5433610397504,false,false
10,20.0,155.73431487275928,99.81334117522492,17.43516667097603,2.926108902166561,148.15736209489341,165.59252876586945,97.91147441038724,100.8375833125538,true,true
10,20.0,168.4826405521231,98.15890640086988,17.618654232850503,3.3732883890684917,160.40024772100506,178.01890195385556,96.0423815996559,99.41566998872439,false,false
10,20.0,142.54447730100287,104.42804970032822,13.154160358768678,2.001563149543827,137.1206253460832,150.27478570485187,103.11739065649917,105.118953806043,true,false
10,20.0,153.6075799261091,101.70593815679457,15.549251966880462,2.657496529248178,146.55640030669124,162.1056522735717,100.00259450658699,102.66009103583517,true,false
10,20.0,145.05998329950083,99.70586827461223,16.94325196401155,2.403460327850155,137.8510504458545,154.79430240986605,98.1654893744462,100.56894970229635,true,true
10,20.0,153.6034875035237,103.2454381045503,13.341525784755248,2.8380781505951376,147.96625375778507,161.30777954254032,101.39921855937484,104.23729670996998,true,false
10,20.0,170.69916740881607,98.76082234156783,18.467689132250825,3.8488507002033145,162.09590224192397,180.5635913741748,96.3417352120584,100.19058591226171,false,true
10,20.0,159.56372798358132,100.70407037029025,16.595629714539996,3.016481125455101,152.03983456480074,168.63546427934074,98.76188675584757,101.77836788130267,false,true
10,20.0,150.24690294125338,99.08308411596883,17.615762198875046,2.589190897940483,142.4524494948111,160.06821169368615,97.35806898627982,99.9472598842203,true,false
10,20.0,165.80674362481722,102.48132566051568,17.2620930171843,3.4858411367443694,157.82878811083233,175.09088112801663,100.19738097233932,103.68322210908369,false,false
10,20.0,157.32996285806698,101.0915249386941,16.13408026296017,2.873399543180284,150.1232876689789,166.25736793193906,99.25925567227958,102.13265521545986,false,true
10,20.0,165.9532533565779,98.44508008783603,18.196451249816448,3.5766610037917417,157.5573140225824,175.75376527239885,96.15481609719782,99.73147710098957,false,false
10,20.0,149.57825103295198,100.55967336644784,15.694590274508016,2.6378520576920437,142.87427888355012,158.56886915805813,98.8904136530142,101.52826571070625,true,true
10,20.0,163.98579636754576,98.52422549275218,16.492337905940076,3.2301753807030877,156.2500326173879,172.74237052332796,96.47736253264465,99.70753791334774,false,false
10,20.0,168.8572022638774,99.50424679165599,16.411809332052115,4.040894657110627,161.81859550864021,178.23040484069233,97.01668542569516,101.05758008280579,false,true
10,20.0,157.78353716066638,101.96510715324048,14.229286111016393,2.9973831293142297,151.59044436545128,165.81973047646767,99.99521433865043,102.99259746796466,false,true
10,20.0,145.53518034133765,100.21385591910051,16.962063386048158,2.3437776250839164,138.0137008297986,154.97576421584677,98.7090486405531,101.05282626563702,true,true
10,20.0,151.614859311457,100.56514135001933,16.230151460200148,2.817773174307618,144.78443672362647,161.01458818382662,98.78380364962273,101.60157682393034,true,true
10,20.0,160.7939370818038,98.1055024627479,16.80121561404826,3.5643953918037425,153.05557277648288,169.85678839053114,95.79968592311428,99.36408131491802,false,false
10,20.0,169.44378610207542,98.48986898980559,16.081172723476243,3.8099107650134414,161.9039848028815,177.98515752635774,96.03809861709273,99.84800938210617,false,false
10,20.0,166.49047838115445,98.03804994175107,15.253487653158714,3.710956743685415,159.7012519129898,174.9547395661485,95.67595135038695,99.38690809407237,false,false
10,20.0,155.46734121448924,99.000785825473,16.313091742098806,2.8592093991286447,148.12184704004085,164.43493878213965,97.21385750347062,100.07306690259927,true,true
10,20.0,150.34636702139775,99.01785757923935,17.228131000644964,2.778519698620812,142.77155778816098,159.99968878880594,97.2559826704582,100.03450236907901,true,true
10,20.0,157.5912512596392,98.37566648347153,16.40979386314956,3.0454779978267084,150.51181598312374,166.9216098462733,96.40853741685926,99.45401541468597,false,false
10,20.0,156.90191804144922,103.71982379557696,16.923411283257366,2.8334684294559196,149.42195001861617,166.34536130187354,101.91204818805028,104.7455166175062,true,false
10,20.0,169.98168468499824,100.9125515567934,17.206476247949524,3.7624948609570197,161.89898538188436,179.10546162983388,98.46661587856156,102.22911073951857,false,true
10,20.0,150.90411914977838,99.44845287578806,15.89777325499162,2.6442446860014144,143.81788981884347,159.7156630738351,97.78163641295853,100.42588109895995,true,true
10,20.0,160.31991609786064,99.24918115006477,18.029013473420008,3.4451659732916085,152.09521969255613,170.12423316597614,97.06777406080184,100.51294003409345,false,true
10,20.0,156.68974254424856,102.85529057249286,15.447606464543327,2.8588952962851266,149.9548574434245,165.4024639079678,101.04747562183132,103.90637091811645,true,false
10,20.0,164.65369580754827,98.91790302008272,16.281020344634072,3.696367842628675,157.1898560026715,173.47087634730556,96.5503061976515,100.24667404028017,false,true
10,20.0,142.52527238783517,101.67617867835231,15.874515341983027,2.182865331557423,135.76391800954016,151.6384333515232,100.2374995407612,102.42036487231863,true,false
10,20.0,133.5649797960432,102.3772848558081,13.936950514016104,1.5944284378461617,127.84342418439795,141.78037469841405,101.34971623131595,102.94414466916211,false,false
10,20.0,160.49971256353155,100.63122645362441,16.846395882056555,3.0227878878294376,152.95442147900098,169.80081736105754,98.6796767179467,101.70246460577614,false,true
10,20.0,162.89948228358517,98.76291057167194,15.536618444095353,3.466937738578565,155.83408713591433,171.37070558000968,96.55303706069103,100.01997479926959,false,true
10,20.0,157.6082934109491,102.20131386607584,17.387575047773538,2.8391932519475063,149.50999126171007,166.8975663094836,100.3227214545122,103.16191470645971,true,false
10,20.0,146.4091999464497,99.39853369328239,16.985847043687755,2.5445272829485788,138.86816416604873,155.85401120973648,97.75371579942644,100.29824308237502,true,true
10,20.0,155.51295478299784,98.90641741759813,16.10627909794414,3.0974381672743334,148.05978590141794,164.16606499936208,96.92753206304074,100.02497023031508,true,true
10,20.0,159.57280891764123,102.70379183603116,17.33754685604555,3.1137046486227433,151.749618369502,169.08716522554755,100.7043544042702,103.81805905289295,false,false
10,20.0,150.63782935661698,102.29543939296468,16.765537025571774,2.451298359331929,143.1844433596086,159.94998038518037,100.76973973432534,103.22103809365727,true,false
10,20.0,146.0279978052143,103.65871001708292,15.895698235019267,2.2331144145050956,139.13757265321362,155.0332708882329,102.20453095810086,104.43764537260596,true,false
10,20.0,156.63109529009301,98.2802305274634,17.260159279378826,3.0520492853105736,148.89719902734808,166.1573583067269,96.34104430187821,99.39309358718879,true,false
10,20.0,158.71189507963493,103.47007132148252,16.524024258044733,3.0988548780981944,151.48952295175346,168.0135472097982,101.44186377619204,104.54071865429023,false,false
10,20.0,170.9777194527723,97.75630476473964,17.16336101874947,3.9135928424421706,162.8472529525892,180.01061397133867,95.29413042628065,99.20772326872282,false,false
10,20.0,147.49332273312126,99.21743640469965,17.686456106773107,2.6415535708492257,139.84492514850334,157.53138125527644,97.48243622202799,100.12398979287721,true,true
10,20.0,158.70014470329664,98.18808654861792,15.535694602534733,2.9575119943470582,151.72339848074486,167.2590930832796,96.33581353346031,99.29332552780737,false,false
10,20.0,154.64257600831667,99.84015925354338,17.81872850343686,2.8551583664243907,146.32285853070834,164.1415870341452,98.03475745089064,100.88991581731503,true,true
10,20.0,159.25536781015632,101.24833495519673,17.22224172583043,2.8619740120719968,151.454689249495,168.67693097532543,99.37661301732919,102.23858702940119,false,true
10,20.0,144.18189609083328,100.31915824192703,15.718728816807584,2.332464276979607,137.46362588762707,153.18235470443466,98.78702466774772,101.11948894472732,true,true
10,20.0,147.48592495735073,98.88297982227985,15.697957400487468,2.3791404994526033,140.66540309394796,156.36336049443543,97.33156023280077,99.71070073225337,true,false
10,20.0,147.60312693861937,99.58060389090006,17.984233429154187,2.546196985078396,139.36186216354608,157.34609559270027,97.90046648331388,100.44666346839227,true,true
10,20.0,144.91134804563268,98.99087558976501,17.5197364976203,2.4163236282894758,137.02399360706502,154.54373010468532,97.45497039023887,99.87129401852835,true,false
10,20.0,157.20124718342925,98.31400158496157,16.999445119097828,3.1171535687411733,149.70724548397536,166.70669060307318,96.25039916171542,99.3675527304566,true,false
10,20.0,143.94295551185772,99.93505148406095,17.223684831614037,2.4939473295007275,135.8088510519857,153.03253588359973,98.28289432325607,100.7768416527568,true,true
10,20.0,158.38283940800062,98.23070525632997,18.741590739683744,3.1872973771794335,149.5733733065066,168.31496404619034,96.13852292092533,99.32582029810476,true,false
10,20.0,162.45908000795885,103.18137491952085,16.10313541934724,2.942510459027716,155.0444126397757,171.14754805912293,101.33891951078616,104.28142996981387,false,false
10,20.0,162.45318672096562,98.08799234898913,18.86342134604959,3.2162493942399237,153.13959878274628,172.00302012879587,96.06400996564133,99.28025935988126,false,false
10,20.0,170.40241778701056,99.14586775922221,16.836255644088737,3.8614062284333244,162.49324561221948,179.32950125630822,96.65848518359637,100.5198914120297,false,true
10,20.0,157.8842143472085,100.1955976167066,16.501609358325965,3.02199564433225,150.66074569987157,167.16235505819753,98.25373486138902,101.27573050572127,false,true
10,20.0,161.27021268245093,98.42318156793912,18.023626475616027,3.315738655122587,152.7534249398978,170.77705141551382,96.31622453264957,99.63196318777216,false,false
10,20.0,159.1599999804316,100.62847918794878,17.15889598819632,3.039454828564587,151.23965897449284,168.39855496268916,98.69708507236886,101.73653990093345,false,true
10,20.0,147.12512820510676,102.55058005325151,15.64253653578507,2.3363543142541943,140.28035249103738,155.92288902682245,101.05925608712744,103.39561040138163,true,false
10,20.0,150.30088200060248,99.28384912840514,15.84397986915451,2.5629947707876113,143.47233949050297,159.31631935965748,97.64880722519615,100.21180199598376,true,true
10,20.0,160.76617520623552,99.45820479340284,17.319420349020618,3.149913390657616,152.9588578983909,170.27827824741152,97.41158764590497,100.56150103656259,false,true
10,20.0,148.30762305658106,100.41972504764962,17.32432650298034,2.616562696811698,140.39903277961594,157.72335928259628,98.69951190042202,101.31607459723372,true,true
10,20.0,163.0066603106137,100.18852491983804,17.771289583752775,3.4033416615848466,154.6154570918269,172.38674667557967,97.99017773606744,101.39351939765228,false,true
10,20.0,139.82749300071697,99.49417940040931,17.38041333094813,2.2365060848382825,132.3213831902433,149.70179652119143,98.034048715205,100.27055480004329,false,true
10,20.0,147.59522920441262,100.19974054764263,17.130064403431476,2.3459197264791953,140.29359095976872,157.4236553632002,98.71541387520267,101.06133360168187,true,true
10,20.0,146.32276669686306,103.55107687129686,15.075498958871265,2.286452330575699,140.1631712672046,155.23867022607587,102.10328470198507,104.38973703256077,true,false
10,20.0,168.08700286877723,101.1963456580701,16.52605783084664,3.564455008999957,160.76002683042475,177.2860846612714,98.89212667413378,102.45658168313373,false,true
10,20.0,153.84202247695856,99.05587927924368,15.569987425162878,2.782915338770678,147.54744555711918,163.11743298228205,97.24760580145252,100.0305211402232,true,true
10,20.0,153.93432687384387,99.25581953209826,17.290838399033362,2.8206591964588767,146.16998404259607,163.46082244162943,97.4128959022126,100.23355509867147,true,true
10,20.0,163.3789847258844,98.4841808648131,16.88805988863453,3.477797303723051,155.17517081380907,172.0632307024436,96.30544035477689,99.78323765849994,false,false
10,20.0,169.4500421460378,100.11644671927968,18.210166606753546,3.8670305592574437,161.09535984027204,179.30552644702558,97.60093711728872,101.46796767654617,false,true
10,20.0,163.8359008722382,99.54047395302088,17.1404910671113,3.46359993668824,155.9919087038395,173.1323997709508,97.29225449761603,100.75585443430427,false,true
10,20.0,146.49266899135594,101.273226681451,16.091272145539136,2.4272367742444914,139.23271706219006,155.3239892077292,99.7025557288575,102.129792503102,true,true
10,20.0,166.0971577327977,101.5952002074808,16.8982197235093,3.753444733893147,158.3062613300741,175.2044810535834,99.11853953762629,102.87198427151944,false,true
10,20.0,156.9036368813679,102.75186783744024,15.359010705036013,2.7432840454425786,149.9652240929455,165.32423479798152,101.0018296354019,103.74511368084448,true,false
10,20.0,160.08528697334958,101.85714127966534,15.942880370715727,2.890682370333124,153.0641173586285,169.00699772934422,100.05270204962659,102.94338441995971,false,false
10,20.0,160.38778588091765,100.53322283059407,16.97887761861537,3.0557413700929033,152.28953287738457,169.26841049599994,98.598640361536,101.6543817316289,false,true
10,20.0,126.83386458445882,102.0301552194372,11.519604479516502,1.2699934556718517,122.18232367953932,133.70192815905583,101.22603517312606,102.49602862879792,false,false
10,20.0,168.25661923012171,100.73640962758162,16.32048184044922,3.480508177143008,160.74914126823725,177.06962310868647,98.49953491144288,101.98004308858589,false,true
10,20.0,148.5108760654862,101.7287993773414,16.41683851834864,2.7062941748166196,141.50643912321965,157.9232776415683,99.99014841796915,102.69644259278577,true,true
10,20.0,158.84345115013394,98.90524342748171,18.14668788894957,2.9718006081608905,150.39694050103677,168.54362838998634,96.98834553150944,99.96014613967033,false,false
10,20.0,162.10334979713656,99.16065391110612,17.20749079627032,3.3551226253634923,153.74588139180497,170.9533721880753,96.9880264526611,100.3431490780246,false,true
10,20.0,163.48253163271428,98.26495850333882,16.770165944906807,3.227843163418484,155.70210176288907,172.47226770779588,96.23153435547572,99.4593775188942,false,false
10,20.0,163.5974178678397,102.18874946425501,17.233072339203403,3.1916880410915383,155.48916051466435,172.72223285386775,100.0827661485332,103.27445418962473,false,false
10,20.0,145.36086589562836,99.35349628013711,16.364640811534997,2.4013712981491153,138.20956277646366,154.57420358799865,97.78350967095,100.18488096909911,true,true
10,20.0,143.78083118757556,103.48567981650908,14.311514185929894,2.0751745488935995,137.55840589330575,151.86992007923564,102.14192784568363,104.21710239457722,true,false
10,20.0,145.95823625356346,99.99660860960677,15.07945847563252,2.3495233101587445,139.59156891198356,154.67102738761608,98.49532065697989,100.84484396713863,true,true
10,20.0,150.94731435468168,99.11436006033006,18.241899548777297,2.628713782791465,142.70459948898488,160.94649903776218,97.4127955424296,100.04150932522107,true,true
10,20.0,150.10652375602592,99.65230159795675,18.02864432282621,2.6356528335737153,142.13229501623852,160.16093933906473,97.96160940600718,100.5972622395809,true,true
10,20.0,165.65585331831056,101.7600387633476,16.510845708592456,3.637558657907192,158.3485427107034,174.85938841929587,99.42444289057036,103.06200154847755,false,true
10,20.0,167.30091421571814,98.71806537762698,16.54131225625798,3.424807532592382,159.64499639218087,176.18630864843885,96.52122202885243,99.94602956144482,false,false
10,20.0,161.35959877242328,100.01773804598275,17.499373230546638,3.2559696910837204,153.45328588261572,170.95265911316235,97.92229231892284,101.17826201000656,false,true
10,20.0,149.7658605321441,100.52576813842853,16.834103994952955,2.492408591212481,142.38527061406637,159.21937460901933,98.93466747024787,101.42707606146035,true,true
10,20.0,143.5315399620554,101.91684509854647,12.641335265505091,2.25944220921798,138.13491322158725,150.77624848709235,100.4588399493596,102.71828215857758,true,false
10,20.0,156.14681941163605,98.76984467739203,18.12688121310751,3.180178955027941,148.25153171509515,166.37841292820266,96.7099747724044,99.89015372743233,true,false
10,20.0,143.23186497978338,98.97954128824969,14.886386512500877,2.2544450886168192,136.8349248841971,151.72131139669798,97.50667522174088,99.7611203103577,true,false
10,20.0,164.52760724034715,98.4087258046221,16.799276980942267,3.5694686125311677,156.75219179286785,173.55146877381011,96.17625811230279,99.74572672483396,false,false
10,20.0,160.46302183315953,98.42265026498686,17.1114908162929,3.0936279466255314,152.51749539829825,169.62898621459115,96.48455655712195,99.57818450374748,false,false
10,20.0,165.4609127689739,101.0045569040332,15.52201198714414,3.515937377962331,158.33043716283964,173.85244914998378,98.75364177696076,102.2695791549231,false,true
10,20.0,158.04920704908352,99.75889144861438,15.47906366694329,2.935400801143544,151.28065929115328,166.75972295809657,97.89471637224025,100.8301171733838,false,true
10,20.0,159.39233624050073,99.45284211733913,16.649995076235996,3.0992497678045368,151.83696837835902,168.486963454595,97.48699561243296,100.5862453802375,false,true
10,20.0,153.12930795001114,100.01886236748004,17.358808909545445,2.682488782688523,145.00476869842308,162.36357760796852,98.27296130250087,100.9554500851894,true,true
10,20.0,166.11627338768204,101.77767029079385,16.124891712834795,3.493748408412017,158.5835022974474,174.7083940102822,99.52635019947007,103.02009860788209,false,true
10,20.0,148.37843515281995,98.72097830557155,18.09110237774354,2.693846327831295,140.22528102201903,158.31638339976257,96.98691766500325,99.68076399283454,true,false
10,20.0,158.0941913129116,102.35066604073731,16.72723045115282,2.940089987954991,150.43229113210202,167.15952158325484,100.42857742030588,103.36866740826088,false,false
10,20.0,156.5156776415099,98.93164276926646,16.792188382440884,2.92010832864068,148.9171416248031,165.70933000724398,97.04794281636286,99.96805114500354,true,false
10,20.0,167.105579784837,98.01594985013696,16.270720648151013,3.6316737487041877,159.92150352875052,176.19222417690153,95.64215333728248,99.27382708598667,false,false
10,20.0,147.5358555336507,100.39597253388962,17.1405121771825,2.296459231256165,139.58855835199188,156.72907052917438,98.92635091350914,101.2228101447653,true,true
10,20.0,150.42027338065358,103.05203120527042,17.498354673785542,2.5392426843779674,142.85454116602003,160.35289583980557,101.45179419391941,103.99103687829738,true,false
10,20.0,166.69868501734092,98.01071145876759,14.760943206812726,3.474718396421011,159.60358554831566,174.3645287551284,95.88632364699393,99.36104204341494,false,false
10,20.0,157.1792785498052,98.282977280542,17.148040180056938,3.1916838596878705,149.2015518550297,166.34959203508663,96.21899704870333,99.4106809083912,true,false
10,20.0,151.27923050995875,99.05773595115731,18.63100588967498,2.6632101774372643,143.23573693998446,161.86674282965944,97.32952881724125,99.99273899467852,true,false
10,20.0,152.7123512788612,98.39418382063596,17.635999648304193,2.767313238775671,144.76532685531137,162.40132650361556,96.5726502294608,99.33996346823648,true,false
10,20.0,163.39771812880366,99.09191550718172,15.286405560573598,3.3783768915777017,156.60776893385952,171.89417449443312,96.94738650752181,100.32576339909951,false,true
10,20.0,155.23856813767856,102.20768843235172,15.67928532437898,2.812628798904683,148.63934260761087,164.31862793198985,100.39440136743048,103.20703016633516,true,false
10,20.0,154.13288007910637,98.45564212766935,18.394335991640844,2.918057155063181,145.76483884357174,164.15917483521258,96.53341241367173,99.45146956873491,true,false
10,20.0,151.65047785415004,99.22848434253235,16.638737981588775,2.819673596256237,144.13747084644174,160.77620882803052,97.44726556283068,100.26693915908692,true,true
10,20.0,156.59193909877348,98.21350678796216,17.54638012320092,2.9425909449337126,148.8888445225107,166.43522464571163,96.36402461125206,99.30661555618578,true,false
10,20.0,164.19696472733742,102.76647029561022,16.60936136687326,3.1004975423391556,156.45908601455952,173.06844738143278,100.802287116821,103.90278465916016,false,false
10,20.0,161.19149939403644,100.40026501517633,16.394862672221848,2.937766891954368,153.84069608017057,170.23555875239242,98.55394537546411,101.49171226741848,false,true
10,20.0,155.96473564833468,99.26220787305525,15.59022527016188,3.067000787590544,149.31969988081656,164.90992515097844,97.29471370241397,100.36171449000452,true,true
10,20.0,154.82484624938212,98.72070195407521,16.481578864074635,2.970711980810421,147.33444091449456,163.8160197785692,96.82818710572889,99.79889908653931,true,false
10,20.0,144.31998597674152,99.27156437583744,16.295333000575283,2.3292751360947648,137.19496230903403,153.4902953096093,97.77709455755695,100.10636969365171,true,true
10,20.0,143.57833234001464,99.01084605739132,17.44163904813402,2.4170107074027243,136.06016418433572,153.50180323246974,97.39885780278105,99.81586851018378,true,false
10,20.0,157.8917174172707,102.55806750329427,16.19726511837021,2.899082029756258,150.73634517889892,166.93361029726913,100.72080447188318,103.61988650163944,false,false
10,20.0,168.3343454972415,97.87063468414149,17.343969542111125,3.782962750117477,160.28453179517678,177.6285013372879,95.4160477313924,99.19901048150987,false,false
10,20.0,152.04824058320023,101.12499746327836,18.283110873166805,2.6335997300498803,143.8402406634614,162.1233515366282,99.46232891754066,102.09592864759054,true,true
10,20.0,148.7335703021222,99.45683183497141,15.159683743326156,2.6148484654314643,142.34203317097501,157.50171691430117,97.80805047620528,100.42289894163675,true,true
10,20.0,161.32142245427818,104.51701545829471,17.021728334746513,3.091951226146307,153.5266571534697,170.5483854882162,102.56079961956034,105.65275084570665,false,false
10,20.0,156.1866724962149,98.82647540976699,17.932516133317023,2.901795841015101,147.62802564536037,165.5605417786774,96.97872675104563,99.88052259206073,true,false
10,20.0,159.66612304443044,106.6310962232673,16.403295927027045,2.87364038362972,152.32365576482056,168.7269516918476,104.7601006480374,107.63374103166711,false,false
10,20.0,163.7165901691904,100.28283915669431,16.59564853559374,3.3155039783089677,156.34699385331552,172.94264238890926,98.14892377284401,101.46442775115298,false,true
10,20.0,160.4210485742953,98.6555752353324,15.570713991642151,3.464135941330852,153.8150014818587,169.38571547350085,96.40509742915302,99.86923337048387,false,false
10,20.0,162.67193051645808,99.09749457459633,16.02141614068023,3.30243842134648,155.2393325007668,171.26074864144704,97.00549385921386,100.30793228056034,false,true
10,20.0,145.51759262845567,98.52958445619245,15.586370519645044,2.416986078519926,138.5250618239811,154.11143234362615,96.97941940832291,99.39640548684284,true,false
10,20.0,144.19023247538655,98.63240727017666,16.81979509677376,2.536885531059397,136.7253961699643,153.54519126673807,97.01043120612263,99.54731673718203,true,false
10,20.0,150.5658799538927,99.90265323670951,16.83694648656288,2.7164399213949366,143.2646811698365,160.1016276563994,98.12233620923217,100.83877613062711,true,true
10,20.0,155.2761363203524,99.74016807500766,18.561752101321645,2.95766888787486,147.01162109534013,165.57337319666178,97.86915308461349,100.82682197248835,true,true
10,20.0,154.93767142405142,98.81660380002626,17.535687919959855,2.930621533010637,147.20210614799362,164.73779406795347,96.94117553727558,99.87179707028622,true,false
10,20.0,167.88067795041016,101.44924782855762,16.872039206154625,3.4877875390073,160.23813079891747,177.1101700050721,99.24789822023662,102.73568575924392,false,true
10,20.0,158.35278573626226,105.91646352743413,14.52127177673185,2.825181024390048,152.03388404491938,166.55515582165123,104.09334819704557,106.91852922143562,false,false
10,20.0,147.29182439267373,101.53478632829066,16.774941653966494,2.3765837033775057,139.81380905291797,156.58875070688447,100.00512488367903,102.38170858705654,true,false
10,20.0,157.62606980711632,100.57796259002903,16.22239205827404,3.0410162355770183,150.26921445132604,166.49160650960008,98.57761910393715,101.61863533951417,false,true
10,20.0,165.42332274007188,101.09794228291892,17.39793660941828,3.38730762269806,157.2186187334508,174.61655534286908,98.93189027160807,102.31919789430613,false,true
10,20.0,157.22187189128056,104.23501336671497,15.164010920628897,2.658782840353865,150.34916986120172,165.5131807818306,102.54517359499697,105.20395643535083,false,false
10,20.0,154.33692801136235,98.77624352597729,17.053539890045812,2.8574628790597387,146.78951939987138,163.8430592899172,96.96239112053547,99.81985399959521,true,false
10,20.0,152.03226885732528,100.23794666021553,17.652828274057214,2.681908554070148,144.01354955220143,161.66637782625864,98.4755091089596,101.15741766302975,true,true
10,20.0,164.56051078402845,102.89010264420922,16.94848742717042,3.4477287073104463,156.66304718522903,173.61153461239945,100.6311686261098,104.07889733342024,false,false
10,20.0,158.63488094457915,98.47667426300666,16.822726281892955,2.9850179698020867,151.00861186795376,167.83133814984672,96.59284674787347,99.57786471767555,false,false
10,20.0,143.36850392931834,107.85609307591905,13.694154668142176,1.8939198047195305,137.73939646146266,151.43355112960484,106.66520991467372,108.55912971939325,true,false
10,20.0,161.29238829547302,99.12680121728579,17.129128847511737,3.3186774625977336,153.4379804640449,170.56710931155664,97.01286157632602,100.33153903892375,false,true
10,20.0,151.79616410269057,99.73189856516467,15.91347909347138,2.7571193220220067,144.59439215260065,160.50787124607203,97.968055854328,100.72517517635,true,true
10,20.0,159.4356344680358,99.20650620808091,16.266153097658048,3.23819086986434,152.09876000129447,168.3649130989525,97.1637453675889,100.40193623745324,false,true
10,20.0,162.25524326188224,99.48617555017103,15.878959551124638,3.344245805016868,155.22153990057205,171.1004994516967,97.33697779993794,100.68122360495481,false,true
10,20.0,159.61726766870046,99.9470920320349,18.32058250091717,3.254259012583404,151.7022794464935,170.02286194741066,97.88115700094761,101.13541601353101,false,true
10,20.0,161.10072371511984,99.18715630990044,16.620005591989695,3.178929004912561,154.00848696798226,170.62849255997196,97.2001694281463,100.37909843305886,false,true
10,20.0,151.6147733067633,102.64725728270056,17.596316192611198,2.601230640082136,143.58246590285606,161.17878209546726,101.01287104775328,103.61410168783542,true,false
10,20.0,142.64658317500738,104.34283964126054,14.971988581546498,2.0757657605733044,136.38047928481114,151.35246786635764,103.00218146424652,105.07794722481982,true,false
10,20.0,148.25243662998218,102.6765207895777,14.608387308806101,2.365124239646974,141.59741485408833,156.20580216289443,101.17278153293677,103.53790577258374,true,false
10,20.0,162.89654287226602,99.85364691189105,17.312476288168654,2.993940754493835,154.8582505784454,172.17072686661405,97.88598627747989,100.87992703197372,false,true
10,20.0,149.70373923290072,100.00247324968812,17.929771336425745,2.4212713191417095,141.66984413943942,159.59961547586516,98.41829242671287,100.83956374585458,true,true
10,20.0,145.1429018255559,99.78152324300194,15.33110623099418,2.709031484682754,138.63882740909332,153.9699336400875,97.97373370988873,100.68276519457149,true,true
10,20.0,163.41352959473727,99.29676484967884,16.51545268242836,3.4322666196540865,155.84276027113123,172.3582129535596,97.09329764579104,100.52556426544513,false,true
10,20.0,164.02600518965397,100.04146822443775,15.492767916692515,3.391224246361972,156.7178658470408,172.2106337637333,97.88927131810127,101.28049556446324,false,true
10,20.0,150.85134305760843,98.84983749977437,17.212354595057718,2.7475833099735922,143.40749981691863,160.61985441197635,97.07971653016732,99.82729984014091,true,false
10,20.0,156.51630121173287,104.99965050471303,16.123206627596005,2.7275042969295384,149.53534081409225,165.65854744168826,103.22832617163616,105.9558304685657,true,false
10,20.0,152.39966965808443,100.81528263761606,17.620038666818033,2.96637533345465,144.44831594678075,162.06835461359879,98.84094580298748,101.80732113644213,true,true
10,20.0,156.30295269270593,98.65346199739092,17.985696047025527,2.9608979760329532,148.14409170566836,166.1297877526939,96.75233720537854,99.71323518141149,true,false
10,20.0,156.88648383430103,100.05904990021351,17.23775983539599,3.0074082222293725,148.97606615975502,166.213825995151,98.09335054062495,101.10075876285433,true,true
10,20.0,165.32020340505807,100.20167773128165,17.33701891492379,3.4390408139155255,157.61434323544745,174.95136215037124,98.034431943984,101.47347275789953,false,true
10,20.0,157.98732180905517,98.8006261626274,17.552663013327447,3.2205123310043717,150.0590870386507,167.61175005197813,96.73199606628248,99.95250839728685,false,false
10,20.0,167.22383280245597,100.02272312083828,16.449089109391082,3.6911819311952883,159.5789743762777,176.02806348566878,97.68725235952266,101.37843429071795,false,true
10,20.0,142.9870240351372,99.90344060468644,17.296295961729072,2.270132782528705,135.25036650712713,152.5466624688562,98.44379965671429,100.713932439243,true,true
10,20.0,155.97770138997578,98.62062689612725,17.175996519493594,3.3452596134749086,148.07252045285426,165.24851697234786,96.44699807649971,99.79225768997462,true,false
10,20.0,140.26096848702264,100.24983932751906,15.514135352659594,2.3597722548931728,133.9206991019513,149.4348344546109,98.67927986034934,101.03905211524251,false,true
10,20.0,149.86156234417527,99.49333952539449,18.072696717463174,2.7501479876525536,141.61394812984386,159.68664484730704,97.69886213627265,100.4490101239252,true,true
10,20.0,165.0124328469428,99.06584849348108,17.74727552419236,3.511533685316877,156.57043279687548,174.31770832106784,96.81946892182702,100.3310026071439,false,true
10,20.0,156.1679436420716,99.65295907231982,16.440928180664457,2.880980435483295,148.26891741812142,164.70984559878588,97.81123368988848,100.69221412537178,true,true
10,20.0,133.68972085722461,99.40545981902392,14.813625776802382,1.7551928902840217,127.57418161471148,142.38780739151386,98.26654851128175,100.02174140156578,false,true
10,20.0,154.44066704208188,98.55017093377216,19.025215002117164,2.788828461929512,145.6120810498666,164.63729605198375,96.76128223104072,99.55011069297024,true,false
10,20.0,153.10752692763936,98.8204439302842,18.335445648953595,2.968362681456867,144.7016417956921,163.0370874446457,96.95876563064388,99.92712831210075,true,false
10,20.0,167.49877097025103,98.54578800330847,16.584581103915127,3.6400264015580035,160.1823199810346,176.76690108494972,96.21080459438069,99.8508309959387,false,false
10,20.0,159.66580084491613,100.628904338766,17.256799505111417,3.077153941656235,151.55076870809623,168.80756821320765,98.65992188083635,101.73707582249259,false,true
10,20.0,153.07531921128688,101.83256115970468,16.325758019217062,2.7620409289784362,145.84590037135524,162.1716583905723,100.05559257345759,102.81763350243602,true,false
10,20.0,165.22215475370422,101.59980551118963,15.093977801447437,3.504610750342721,158.45991785575708,173.55389565720452,99.31848063923752,102.82309138958024,false,true
10,20.0,149.26307749947586,99.33194363995389,16.854331997291098,2.4052329470722214,141.65643909343768,158.51077109072878,97.82616142447158,100.2313943715438,true,true
10,20.0,172.84608109545513,100.25410440622538,17.046688981220427,4.021793279101885,164.59520616853325,181.64189514975368,97.67066636351002,101.69245964261191,false,true
10,20.0,139.5990072068454,100.82102021443269,15.032925149675634,1.980081463203902,133.24716830314657,148.2800934528222,99.55222697282142,101.53230843602532,false,true
10,20.0,164.79996663091816,100.96636755839258,16.017329510248203,3.3609134725954988,157.40989666937227,173.42722617962048,98.82225798798753,102.18317146058303,false,true
10,20.0,144.6733818893303,102.85743021550502,15.730225265045647,2.052327679813601,137.97495301275208,153.70517827779773,101.55910550671695,103.61143318653055,true,false
10,20.0,168.99284207778345,101.09223809912933,17.02604650783863,3.903571847982434,161.21047591573043,178.23652242356906,98.62279047811694,102.52636232609937,false,true
10,20.0,153.63697273889477,99.15798468370566,18.288988587026353,2.8266377803463456,145.25246162046412,163.54145020749047,97.33720009064382,100.16383787099016,true,true
10,20.0,163.6959350786397,98.71918026911922,17.43763686986216,3.3665135219097806,156.0184925998725,173.45612946973466,96.49690937379157,99.86342289570135,false,false
10,20.0,148.99532487620667,98.47076117344318,16.481985086495655,2.584216351303965,141.74827136727455,158.2302564537702,96.83913336485774,99.42334971616171,true,false
10,20.0,156.87495419302127,101.70165386759224,15.663451871026268,3.0890290543888455,150.02305439324593,165.6865062642722,99.74746859903408,102.83649765342292,false,true
10,20.0,162.91291301857467,100.41911032465474,16.576485810583364,3.3376370316749586,155.34953732160426,171.92602313218762,98.32810774623393,101.66574477790888,false,true
10,20.0,156.0378397409889,99.11712588551589,16.79193166191942,2.763248199671878,148.40914903238064,165.20108069430006,97.34073709247532,100.1039852921472,true,true
10,20.0,153.00826246401053,99.41081174346866,16.409597519063254,2.8694937940237253,145.66669733918718,162.07629485825044,97.59030618909469,100.45979998311842,true,true
10,20.0,148.4553311503019,99.8969420666715,17.159100669653213,2.551145489616829,140.2597871508871,157.4188878205403,98.2464315961595,100.79757708577633,true,true
10,20.0,165.49959562774947,101.73367637585946,16.941574259981962,3.490832386268181,157.9021151288341,174.84368938881607,99.46342164854099,102.95425403480917,false,true
10,20.0,148.6483209396033,99.04218326899291,17.075815549177292,2.483426351283981,141.2521475398086,158.32796308898588,97.46237370571761,99.94580005700159,true,false
10,20.0,141.26886361198848,99.4253647496094,14.063658789619438,2.177143976804473,135.43077867242914,149.49443746204858,98.02425186938008,100.20139584618455,false,true
10,20.0,159.10761974956188,107.79988847260097,15.776147152238764,2.7629498885792145,152.07219219659203,167.8483393488308,105.9827023485051,108.74565223708431,false,false
10,20.0,146.4828749628282,102.12568569332224,16.77725758202257,2.2889012007026963,139.20585926478753,155.9831168468101,100.65711160606568,102.94601280676838,true,false
10,20.0,157.4401380111269,103.90557668328529,12.99449112880049,3.2995082040139465,151.9458604016876,164.9403515304881,101.69358878185676,104.99309698587071,false,false
10,20.0,158.10713166902005,99.83991088582664,16.584763761209445,3.2114500814248856,150.7357450654718,167.32050882668125,97.74658636497715,100.95803644640203,false,true
10,20.0,168.13358380845762,98.42862574348572,17.312705073848576,3.8643168549129,160.25096134277743,177.563666416626,95.96327315830322,99.82759001321612,false,false
10,20.0,150.07337070769998,98.99840246438481,18.01111427772213,2.7372929698528026,141.8633909080251,159.87450518574724,97.15410071592372,99.89139368577652,true,false
10,20.0,155.7087103569491,99.90413256571964,17.69999205713421,2.7366347507957443,147.73791464819908,165.4379067053333,98.15012423001053,100.88675898080628,true,true
10,20.0,149.119596425428,100.80737936939616,16.59677771043718,2.5585738386363346,141.75687466830584,158.35365237874302,99.16314357517527,101.7217174138116,true,true
10,20.0,154.69494781101025,98.46379012020395,18.010047650301175,2.8808768785013257,146.80008112566892,164.8101287759701,96.61769467672696,99.49857155522828,true,false
10,20.0,154.38774559603286,99.03319344935764,17.153259445022485,2.899967511153932,146.62106300306326,163.77432244808574,97.15046577754774,100.05043328870167,true,true
10,20.0,158.6248359877128,99.46935602504139,17.470577710589197,3.192811526550102,150.77042974872037,168.24100745930957,97.4200389720483,100.6128504985984,false,true
10,20.0,158.41323279875678,98.60341990867657,16.728227854192482,3.379391333704433,151.27586331940546,168.00409117359794,96.44714215744008,99.82653349114452,false,false
10,20.0,163.8617164738718,98.30466956258488,17.462741874143575,3.4103796379015847,155.80883181303332,173.2715736871769,96.19302418606247,99.60340382396406,false,false
10,20.0,144.73900526000907,103.62682146543084,14.866119913854106,2.251548701201955,138.27942716298162,153.14554707683573,102.16447106834664,104.4160197695486,true,false
10,20.0,152.30859875533275,98.37548402305227,18.294785002189997,2.671257585557143,143.98536096675863,162.28014596894863,96.67962588195913,99.35088346751627,true,false
10,20.0,164.63185049522485,100.76689885939535,16.90569765956701,3.4745914379572724,156.9217408585165,173.8274385180835,98.52851647977386,102.00310791773113,false,true
10,20.0,148.99530887378808,99.44542095474874,17.688705730547554,2.6225029395522057,141.0066836081948,158.69538933874236,97.76897927225632,100.39148221180852,true,true
10,20.0,150.90421625219759,98.97823127828744,17.25533903875106,2.670102570712274,143.34483261424245,160.6001716529935,97.2813145048287,99.95141707554097,true,false
10,20.0,158.36812145864513,98.30846730390309,17.64765142748709,3.0135413420841957,150.1266493887759,167.77430081626298,96.36849392016097,99.38203526224517,false,false
10,20.0,159.22573817922932,104.44605218069324,15.586579051853192,2.981474650336196,152.17343834447973,167.76001739633293,102.55586194167654,105.53733659201274,false,false
10,20.0,162.18089657966522,101.24123347550861,17.64858245026744,3.3832065395423143,154.1111755117675,171.75975796203494,99.05852356502362,102.44173010456593,false,true
10,20.0,158.40162226945785,101.71090472123291,17.683354114372918,2.873004959637214,150.19619905780092,167.87955317217384,99.86381268248329,102.7368176421205,false,true
10,20.0,153.87040890292013,101.36953700917785,16.25325422128671,2.8399146964154482,146.87064289964272,163.12389712092943,99.55002146984458,102.38993616626003,true,true
10,20.0,157.41408807507867,98.63980033875593,17.370309011149345,3.03514036544442,149.81660461828477,167.18691362943412,96.7168841858132,99.75202455125762,true,false
10,20.0,163.23957452022145,97.97290977175473,16.858896793049382,3.4393241307757734,155.55312372926676,172.41202052231614,95.73841909263665,99.17774322341242,false,false
10,20.0,159.28608898163228,98.05008644396133,17.612957512287522,3.379036856304822,151.06869617495713,168.68165368724465,95.84734493781954,99.22638179412436,false,false
10,20.0,154.08279574442884,99.94780008770687,15.750805699728431,2.9725071415385713,147.03770708057175,162.78851278030018,98.06320814551478,101.03571528705335,true,true
10,20.0,164.32594275207677,102.32203260757336,15.011553616783715,3.2109227056526777,157.72625012325742,172.73780374004113,100.28396287031919,103.49488557597186,false,false
10,20.0,164.601505532489,97.97187420085687,16.92249531710607,3.578489066344787,156.74821388624042,173.6707092033465,95.68537978788433,99.26386885422912,false,false
10,20.0,168.31328742540524,98.23258598797084,16.867212594904373,3.532088350671245,160.4687867896449,177.33599938454927,95.924801281106,99.45688963177724,false,false
10,20.0,154.73984384548558,98.35060061045857,15.598112685980624,3.187592263845758,148.21415299718632,163.81226568316694,96.31264303100411,99.50023529484987,true,false
10,20.0,154.33341162563158,98.42656872093032,16.175111555052723,2.8975998239683207,147.18961947812613,163.36473103317886,96.62218608546691,99.51978590943523,true,false
10,20.0,135.42631782467646,104.68962046038656,12.574384860996048,1.7095312000791552,130.28138658150976,142.8557714425058,103.59375915416312,105.30329035424228,false,false
10,20.0,131.99500285432273,100.21227380224073,14.856165250399513,1.7058319956414039,125.99390156215405,140.85006681255356,99.07977430113729,100.7856062967787,false,true
10,20.0,150.79265652609672,98.98306212539609,17.291035077133557,2.907897291741108,142.90658816578366,160.19762324291722,97.11493032647451,100.02282761821562,true,true
10,20.0,166.04117749725796,98.17725018076467,15.326926541982829,3.6079593092326405,159.25113737388656,174.5780639158694,95.84876050010875,99.4567198093414,false,false
10,20.0,164.5028473748728,99.45978289817198,16.17109563128008,3.7064855335738542,157.27199890684017,173.44309453812025,97.08634134819721,100.79282688177106,false,true
10,20.0,158.78755461922904,101.01683724625005,16.01921964139052,3.1670895216147414,151.6104144688874,167.62963411027792,98.9915215316721,102.15861105328685,false,true
10,20.0,162.64448618214516,98.40296163437813,16.542624664899392,3.4037687480452945,155.35471321324445,171.89733787814384,96.24737157048347,99.65114031852876,false,false
10,20.0,146.51456002799168,101.23737715962213,16.45509661096844,2.665892806557892,139.51027284381925,155.9653694547877,99.53351659689696,102.19940940345485,true,true
10,20.0,149.43541948753094,99.24374257844482,18.646234093540016,2.614018662240838,141.226790580333,159.873024673873,97.56268072976029,100.17669939200113,true,true
10,20.0,149.30848781459144,100.68624055117144,16.806795006555262,2.5311206131072623,141.73555627197555,158.54235127853082,99.0951368469639,101.62625746007116,true,true
10,20.0,154.27214844738126,99.59633784074646,17.18229586719437,2.942068928744817,146.53171894925674,163.7140148164511,97.64968295210673,100.59175188085155,true,true
10,20.0,154.641637736583,98.81031328565216,18.179693561510106,3.2031356231209145,146.15734443728232,164.33703799879243,96.754902671369,99.95803829448991,true,false
10,20.0,161.0091262875785,99.13840356214267,15.913691630486056,3.145202682842708,153.81364391022726,169.7273355407133,97.05026231947545,100.19546500231816,false,true
10,20.0,150.8681610204133,100.69601534181571,16.608023109133484,2.6106082010921483,143.6284739325724,160.2364970417059,99.03746440149428,101.64807260258642,true,true
10,20.0,172.91766851043076,100.58202083455035,17.06403831912405,3.8902766855816253,165.18798396792204,182.2520222870461,98.03722792265427,101.92750460823589,false,true
10,20.0,165.983237722262,102.19895384646657,16.410507680510705,3.4360302816599244,158.4510088868778,174.8615165673885,99.98930357764502,103.42533385930494,false,true
10,20.0,135.359317701559,102.0948920699029,14.8191198068713,1.6751431137178798,128.9431378333524,143.7622576402237,101.01973881098597,102.69488192470385,false,false
10,20.0,159.97355866705863,98.094789857578,17.29038124152291,3.2576303093185714,152.11371077335494,169.40409201487785,95.9900739602883,99.24770426960687,false,false
10,20.0,155.88199327332714,103.13943916602699,16.858399441046203,2.7955678141546656,148.39343987541568,165.25183931646188,101.35995776549622,104.15552557965088,true,false
10,20.0,161.40008087424772,98.72537269572112,17.472628923240876,3.380064468584976,153.4972811384798,170.96991006172067,96.56580688439793,99.9458713529829,false,false
10,20.0,160.6763377963733,100.68383039395027,16.384672889451025,2.9967649213749468,153.3435575401581,169.7282304296091,98.75927286009136,101.7560377814663,false,true
10,20.0,161.84939181014374,104.33404768147092,15.938123022381973,2.9879075370294146,154.87035265139403,170.808475673776,102.44040864202283,105.42831617905225,false,false
10,20.0,165.13419483762982,99.61333128801314,17.190789303246817,3.5800422592280796,157.0675359749576,174.2583252782044,97.28722582664395,100.86726808587203,false,true
10,20.0,146.065322642279,102.46236423328459,15.521514147854987,2.268246108894374,139.4391142433542,154.96062839120918,101.0292352929079,103.29748140180227,true,false
10,20.0,161.37295305670852,98.63913175587692,16.67262199211831,3.273588646144958,154.03159308392077,170.70421507603908,96.5226644848673,99.79625313101226,false,false
10,20.0,148.77988832675413,101.93420551257027,16.264783083989386,2.5614134789415743,141.663236382194,157.92801946618337,100.30048392447202,102.8618974034136,true,false
10,20.0,144.97696333828813,99.16555100283082,17.30651228352903,2.335013409932003,137.2582438107676,154.56475609429663,97.65317009695764,99.98818350688964,true,false
10,20.0,149.73842701051444,101.1521385132661,16.529978918054866,2.5932512639665504,142.6238482543282,159.15382717238307,99.4926086196233,102.08585988358985,true,true
10,20.0,142.1432807227612,101.49965589890098,14.365266122889778,2.0898982216798174,135.89252798185123,150.257794104741,100.14966909271982,102.23956731439964,true,false
10,20.0,153.45135819150036,101.93262098672935,15.828221957502535,2.856399774775028,146.49584457631732,162.32406653381986,100.10301637093099,102.95941614570602,true,false
10,20.0,150.09235203671687,100.59977659430206,16.048202494464448,2.6118176489685396,142.88487905312905,158.9330815475935,98.92690605831045,101.53872370727899,true,true
10,20.0,149.67437193332037,100.15866499773213,17.277005402479915,2.6001828808232688,142.01743360137215,159.29443900385206,98.48965280148781,101.08983568231108,true,true
10,20.0,163.73603194577066,98.38247438445032,15.430148584287679,3.4393769364770463,156.61875880799937,172.04890739228705,96.21885403242267,99.65823096889972,false,false
10,20.0,154.47272599119222,98.3477481210188,17.183823932845314,2.991234637381794,147.08525530352406,164.26907923636938,96.45788508913364,99.44911972651543,true,false
10,20.0,145.93924415875165,100.85466433202194,15.386843128436084,2.3583367661153147,139.31835008359334,154.70519321202943,99.33394292565137,101.69227969176669,true,true
10,20.0,149.86518197594415,99.99209570511584,14.519595149094584,2.7350348571425087,143.50473078796196,158.02432593705655,98.24105127981653,100.97608613695904,true,true
10,20.0,160.78209689045008,98.47452881412698,17.550972119755244,3.3898807300684126,152.78228765993856,170.3332597796938,96.30375494431718,99.69363567438559,false,false
10,20.0,152.5603912260072,101.78579992889155,17.080180033780863,2.696892888149577,144.71859456063143,161.7987745944123,100.00663306977815,102.70352595792772,true,false
10,20.0,164.55491410880933,99.83764824759405,16.069325811166948,3.461852465501579,157.05300851998499,173.12233433115193,97.6075515877692,101.06940405327077,false,true
10,20.0,162.04472672458712,104.33779191574011,16.384663040857475,3.1005568250628244,154.7593998072126,171.14406284807006,102.37608446813435,105.47664129319718,false,false
10,20.0,149.5711309814901,98.80363302176691,18.230889203775234,2.5316961517518024,141.00863154786202,159.23952075163726,97.15395993257609,99.68565608432789,true,false
10,20.0,154.97033218771014,102.6911319981804,15.522475041414452,2.67194102217006,148.19544613670024,163.7179211781147,100.95029324436962,103.62223426653968,true,false
10,20.0,169.53354433761007,100.72344237362856,16.951923453758468,3.812666080787892,161.6347410716625,178.58666452542096,98.26005603215665,102.07272211294455,false,true
10,20.0,148.16112001518667,100.09640394969183,16.198363623331517,2.4720160514526555,141.00812166789066,157.20648529122218,98.52848845734228,101.00050450879493,true,true
10,20.0,165.1582944357819,100.14421468839595,15.884129517010166,3.410964580420057,157.90020748306736,173.78433700007753,97.95255092461949,101.36351550503954,false,true
10,20.0,159.72486148973172,98.67894570295542,16.811908750026447,3.177787539435201,152.056857971569,168.86876672159545,96.6458694191953,99.8236569586305,false,false
10,20.0,154.22793452318072,98.95389584647779,18.087172361552376,2.641832117496918,146.23997808604327,164.32715044759564,97.27254814984873,99.91438026734565,true,false
10,20.0,157.92256228681342,98.14022478381257,17.611355797933925,3.0018131689768097,149.9186295551716,167.52998535310553,96.25220044364647,99.25401361262328,true,false
10,20.0,152.1024794715018,99.97862185916983,15.34427719423806,2.7432661564926946,145.55761159427053,160.9018887885086,98.22517070005046,100.96843685654315,true,true
10,20.0,171.86763429244854,97.99407222323842,16.518650779610653,3.735608417208823,164.18266561868506,180.70131639829572,95.63284220990995,99.36845062711878,false,false
10,20.0,161.1605981703355,98.29599387719483,16.760245007873237,3.3332589508625006,153.51345369009456,170.2736986979678,96.13979917923524,99.47305813009774,false,false
10,20.0,168.07729525126945,97.80125519804821,16.486368404403066,3.8092261837197157,160.61111577536488,177.09748417976795,95.37694264653412,99.18616883025383,false,false
10,20.0,163.21730982053634,98.39281925916397,14.73774064876605,3.07550559688066,156.4639093413713,171.20164999013735,96.443913173838,99.51941877071866,false,false
10,20.0,153.6285176540116,99.33825581949196,17.78333938983306,2.7839788825149583,145.45291841992622,163.23625780975928,97.51230782831391,100.29628671082887,true,true
10,20.0,156.37336668553587,100.61461569977652,16.83747757190713,3.073721663212467,148.51703238446785,165.35450995637498,98.6552480277438,101.72896969095626,true,true
10,20.0,165.04204005943086,98.91180332661625,16.121919861207658,3.4897191479514333,157.7719517268869,173.89387158809456,96.64078391832732,100.13050306627875,false,true
10,20.0,167.61183200816316,98.10114604791076,16.250280605316703,3.7119390998018105,160.27385151277235,176.52413211808906,95.74281662229376,99.45475572209557,false,false
10,20.0,148.40180057619398,100.10659302357294,17.21857074769008,2.5465224490547627,140.94082075455282,158.1593915022429,98.47001630593957,101.01653875499433,true,true
10,20.0,167.94328400509448,99.01647023882794,16.66514102372571,3.8065273176719074,160.08736811854357,176.75250914226928,96.5472467301666,100.35377404783851,false,true
10,20.0,149.43475386200538,98.8922504725333,17.042231599523177,2.537705089183561,141.59702512178256,158.63925672130574,97.24989061381721,99.78759570300078,true,false
10,20.0,150.39933401438483,99.74120558508565,17.559195373713408,2.6859343945904044,142.41764175113917,159.97683712485258,97.97789764556028,100.66383204015068,true,true
10,20.0,153.46830703046325,99.31078203510225,16.012190235829223,2.7729908474762937,146.01669112420444,162.02888136003367,97.54314671489092,100.31613756236722,true,true
10,20.0,171.62050200707534,101.31937638130572,16.738874614707782,3.79343682161209,163.56761810043577,180.30649271514355,98.82868342140846,102.62212024302055,false,true
10,20.0,147.6296381367416,106.02164787574351,16.048367689055112,2.397100420228284,140.88919980306042,156.93756749211553,104.4666458210919,106.86374624132019,true,false
10,20.0,159.023739697866,100.72907605951278,16.834425635102917,2.923611951393127,151.56159758745773,168.39602322256064,98.83608977325137,101.7597017246445,false,true
10,20.0,147.38965761063207,98.7387460903863,17.72027346350859,2.4234434991643212,139.32656669514392,157.04684015865251,97.16545096775891,99.58889446692324,true,false
10,20.0,166.9824602937719,99.87081759427628,17.44834859084611,3.4503189622355848,158.87382203475715,176.32217062560326,97.68646999285889,101.13678895509447,false,true
10,20.0,162.13030404036712,99.91371012366687,17.24937899390639,3.4647933958361676,154.3002869224877,171.54966591639408,97.68108789619525,101.14588129203142,false,true
10,20.0,161.0291071284976,98.79999581519586,16.25862431111301,3.3000629388003375,153.50291336017165,169.76153767128466,96.71638684465341,100.01644978345375,false,true
10,20.0,142.4135724233014,100.78719084010419,16.817304631936338,2.1708311151916178,135.11051440373774,151.92781903567408,99.39264468258176,101.56347579777338,true,true
10,20.0,152.64913841911175,98.52792754939685,18.256710373035787,2.9529455268439904,144.034102001878,162.2908123749138,96.65826005226745,99.61120557911144,true,false
10,20.0,142.20343889932678,102.33452424349858,16.94366639338108,2.0971403903866985,135.06386892098325,152.00753531436433,101.00544197222237,103.10258236260907,true,false
10,20.0,154.53340631894497,98.33181780575084,18.674120787210597,3.0473195848298786,146.0242782020225,164.69839898923308,96.39008640155886,99.43740598638874,true,false
10,20.0,171.69511935895804,99.37958880047834,15.92316674295816,3.928096818512671,164.39479735079655,180.3179640937547,96.82417008519258,100.75226690370525,false,true
10,20.0,159.86334006129368,99.70319862759172,16.967284391384794,3.05739968769862,152.18652419576955,169.15380858715434,97.76008180147647,100.8174814891751,false,true
10,20.0,158.30224319678547,100.07797648129255,16.7110210044369,3.2544923219731032,150.7572705312742,167.4682915357111,98.01801365327829,101.27250597525139,false,true
10,20.0,147.14415848313138,101.39914101056429,16.623097529686618,2.4248785736394183,139.7866660457106,156.40976357539722,99.83974221075026,102.26462078438968,true,true
10,20.0,168.4331961239223,98.00314588212609,17.120999579998397,3.693647938952907,160.81644772791253,177.93744730791093,95.59932346028043,99.29297139923334,false,false
10,20.0,159.48930558121532,99.67692076152055,17.505826304894924,3.1051775757952385,151.48569577080394,168.99152207569887,97.6739371068175,100.77911468261274,false,true
10,20.0,144.93169826257883,98.7391600682983,16.72108083853979,2.5373863218185164,137.57453062640326,154.29561146494305,97.10842361720442,99.64580993902294,true,false
10,20.0,158.2737937309156,99.19865798490952,17.136750016398167,3.0951820993209083,150.5233627854614,167.66011280185955,97.20246977963214,100.29765187895305,false,true
10,20.0,146.15005682259542,98.77249365903003,16.60828097176889,2.448702273900153,138.92737200601005,155.53565297777894,97.23590578992096,99.68460806382112,true,false
10,20.0,140.91540370326527,98.77059483862456,17.107531615239083,2.2696797435660443,133.42819070434044,150.53572231957952,97.29450272569659,99.56418246926263,true,false
10,20.0,154.87580160424488,98.47991592087422,14.093406586460787,2.9410157793716536,148.79983722267508,162.89324380913587,96.61417718600029,99.55519296537194,true,false
10,20.0,156.37465575706597,103.19387992872734,15.411309226187171,3.1337562311844493,149.77854035204652,165.1898495782337,101.19399632465388,104.32775255583833,true,false
10,20.0,153.89819296359744,105.23878822251044,16.284372941697143,2.623737324098741,146.24085876826382,162.52523170996096,103.53508829457422,106.15882561867296,true,false
10,20.0,159.1468122003245,99.6023269237057,15.562957352628587,3.137154520949025,152.23066554658172,167.7936228992103,97.5782911793753,100.71544570032432,false,true
10,20.0,161.42094415889272,98.18174658840775,17.17557970616906,3.1279100545963843,153.88886040325136,171.06444010942042,96.20662996458702,99.33454001918341,false,false
10,20.0,151.91770661221787,99.95926840892656,18.018158490937225,2.727803201707488,143.6796984010587,161.6978568919959,98.19255830200807,100.92036150371555,true,true
10,20.0,165.3703518782164,98.31667695658939,14.878829036724369,3.579795354914893,158.8343731027834,173.71320213950776,95.9916336232036,99.57142897811849,false,false
10,20.0,154.13701313972297,98.57585826142528,17.631834156161204,3.276914699622367,146.17700138539286,163.80883554155406,96.45321942313451,99.73013412275688,true,false
10,20.0,168.31724023992518,98.40068958577254,16.76868660377923,3.7908770135192214,160.36154550272445,177.13023210650368,95.98642522145313,99.77730223497235,false,false
10,20.0,161.09591003194424,100.99654775754668,15.128582031592117,3.1136428485755943,154.37991058332778,169.5084926149199,98.94639049641529,102.06003334499088,false,true
10,20.0,155.59123310707577,98.18211373824956,15.166919190266952,3.0168063675220935,148.77647553055272,163.94339472081967,96.2744426870924,99.2912490546145,true,false
10,20.0,122.25103969176689,100.64515908234496,10.41318348496901,1.1664725982462159,118.12737327540526,128.54055676037427,99.88720896343862,101.05368156168484,false,true
10,20.0,152.07276204923673,104.00181414221433,14.462162829309534,2.5079281471464157,145.8812717482375,160.34343457754704,102.3683539980553,104.87628214520171,true,false
10,20.0,144.11868772457592,98.62423639456298,18.699043476949555,2.3922060826017884,135.49840044168025,154.1974439186298,97.04181025655264,99.43401633915443,true,false
10,20.0,163.81471698176856,102.61682055245655,15.458621158291606,3.1771637228965375,157.24552509115838,172.70414624945,100.58677113053224,103.76393485342878,false,false
10,20.0,153.88109518383948,99.80503755513917,16.28419860126303,2.8014001203576697,146.88952363203046,163.1737222332935,97.99024705482381,100.79164717518148,true,true
10,20.0,171.46870793349643,100.90623764564052,17.441452525806056,3.708535746678905,163.43310585595827,180.87455838176433,98.5450089144266,102.25354466110551,false,true
10,20.0,147.69409982183504,99.32865988126386,14.644245174428619,2.4054051320444643,141.1677621707507,155.81200734517932,97.76967475336939,100.17507988541385,true,true
10,20.0,161.54937129450076,98.94947996462886,16.52696429324405,3.317286998257188,154.25514161444258,170.78210590768663,96.7923457100329,100.10963270829009,false,true
10,20.0,165.3037458239118,98.62786072077583,16.900680835922117,3.6645620584115903,157.5633113115042,174.46399214742632,96.20711023303961,99.8716722914512,false,false
10,20.0,151.63051488660938,98.93093008919162,16.79135892584523,2.843072786831783,144.1521268851775,160.94348581102273,97.0838311964139,99.92690398324568,true,false
10,20.0,168.3462580061812,97.96451195599705,17.194539961592596,3.71768823498455,160.3025823393848,177.4971223009774,95.63057547971971,99.34826371470426,false,false
10,20.0,161.91438114469696,98.48345631004428,17.63402093728729,3.3025205587449165,153.57456109719647,171.20858203448375,96.34382155036091,99.64634210910583,false,false
10,20.0,142.48238115054448,100.12946876472643,16.523061090467877,2.2734467181624325,135.00655013728343,151.5296112277513,98.64454914360917,100.9179958617716,true,true
10,20.0,165.07213326511848,101.98523752543323,16.58224455467743,3.3540761502708136,157.43609549034736,174.0183400450248,99.83140350514556,103.18547965541637,false,true
10,20.0,164.5881933390885,100.4599930880139,17.05355428553858,3.47977038342124,156.669558484778,173.7231127703166,98.23704656309316,101.7168169465144,false,true
10,20.0,162.45121535827633,98.0876137267575,17.628677861011198,3.209235843695609,154.52528865034301,172.1539665113542,96.06961753496866,99.27885337866427,false,false
10,20.0,148.7028088015975,101.13150954431597,15.622998656953882,2.6168832042074968,141.91887772586995,157.54187638282383,99.46213586275616,102.07901906696365,true,true
10,20.0,156.26525756540036,100.77742019654073,15.577950213201177,2.9308587184581114,149.3350423494872,164.91299256268837,98.90058568812181,101.83144440657992,true,true
10,20.0,165.67989348528067,102.7033467482746,17.35195199419266,3.622603420702603,157.7390691422352,175.09102113642786,100.33090952852106,103.95351294922366,false,false
10,20.0,159.12673846067568,100.67335645011539,17.658341961732418,3.2366921166958065,150.970077395734,168.6284193574664,98.61299985708222,101.84969197377802,false,true
10,20.0,172.52344336891986,101.56552583843497,16.622951546894967,3.761392157104652,164.87444972882338,181.49740127571835,99.18527862268998,102.94667077979463,false,true
10,20.0,132.33441054278973,100.91339754073542,15.618785998154891,1.722272620751113,126.18762660505419,141.80641260320908,99.79157450183979,101.5138471225909,false,true
10,20.0,162.23382450957132,98.57633023288386,17.7253718647938,3.1774512035158153,153.59528354785016,171.32065541264396,96.55668483460587,99.73413603812169,false,false
10,20.0,154.37009879444446,107.23341940902402,12.837523789034663,2.5983312536843357,148.94241791071238,161.77994169974704,105.51738749323442,108.11571874691876,true,false
10,20.0,152.03622310637851,100.0868044777667,17.4260734590533,2.899142672270898,144.0782672272016,161.5043406862549,98.19133663563395,101.09047930790484,true,true
10,20.0,162.59269382989885,99.15201356094259,17.069359298370927,3.2088557084449434,154.99142849279679,172.0607877911677,97.10007106461481,100.30892677305975,false,true
10,20.0,163.041906230733,99.59089279211824,15.48119814001771,3.384540440109177,156.22272269232332,171.70392083234103,97.40768445302731,100.79222489313649,false,true
10,20.0,164.4370963119123,98.86365617463134,17.17672061465916,3.5269809530778247,156.4736266460155,173.65034726067466,96.59873274666026,100.12571369973809,false,true
10,20.0,164.5429393732818,100.08181787137963,16.484026638719087,3.73395120468426,157.30140709796146,173.78543373668055,97.69333285275151,101.42728405743577,false,true
10,20.0,155.4231802556668,103.34338320436544,15.9642156424554,2.9468183163112087,148.496352670723,164.4605683131784,101.45226746226668,104.39908577857788,true,false
10,20.0,159.41388624232593,98.24094232899861,17.05455654705753,3.300172417901649,151.74293566180611,168.79749220886364,96.15303951514267,99.45321193304432,false,false
10,20.0,143.44429749462876,100.20909840660569,15.640706338399383,2.1397235247178514,136.61893928457894,152.25964562297833,98.8386841594515,100.97840768416935,true,true
10,20.0,160.53414425368112,98.51602647733532,18.53959095524607,3.288777225051774,151.73235702988836,170.27194798513443,96.39786925056515,99.68664647561693,false,false
10,20.0,146.27322526327382,101.06074986438509,13.966397378592347,2.415665856940606,140.19161743699127,154.1580148155836,99.54727514878638,101.96294100572699,true,true
10,20.0,157.26902527674048,100.77225308582382,17.005488029831895,3.212543537663038,150.1075599337478,167.1130479635797,98.69226479613411,101.90480833379715,false,true
10,20.0,163.89369095926622,98.86398062978662,16.8499877053425,3.605907990878535,155.91089332615965,172.76088103150215,96.59043395725467,100.19634194813321,false,true
10,20.0,141.34354730367434,99.7729121021008,16.82408292616708,2.2066104460966187,134.3486138364615,151.1726967626286,98.33482590264137,100.54143634873799,true,true
10,20.0,164.63146289932087,100.45437731806692,17.077622454467104,3.240569360475206,156.3975758404924,173.4751982949595,98.3770496581775,101.6176190186527,false,true
10,20.0,154.27416229581297,101.1954038624912,17.122939249205842,2.6847192638335855,146.778785298495,163.90172454770084,99.49892391158043,102.18364317541402,true,true
10,20.0,167.56619362266895,100.02711374013181,16.796053958159064,3.7075437711502133,159.78358256411605,176.5796365222751,97.62741990020197,101.33496367135218,false,true
10,20.0,151.13677173725108,99.3271973630925,18.062514460592126,2.739776604490217,143.007074625089,161.06958908568112,97.55643395401871,100.29621055850893,true,true
10,20.0,161.94160959040974,98.24477627101895,16.82822393034587,3.224765397375066,154.1460911248707,170.97431505521658,96.15428438704875,99.37904978442381,false,false
10,20.0,154.60109425384206,105.41804904069915,16.082521521593634,2.7163201544442472,147.54863651416926,163.6311580357629,103.70147710483693,106.41779725928117,true,false
10,20.0,144.83286865212452,103.17086268649378,16.722758579478494,2.1301272197338506,137.72438493138077,154.44714351085926,101.78013369366599,103.91026091339984,true,false
10,20.0,159.92656873536808,101.20698261794928,16.296320737764148,3.0285135285306524,152.43757678958332,168.73389752734747,99.27905449895187,102.30756802748252,false,true
10,20.0,160.62096344104518,101.446610396203,16.69910351446643,3.1626490117629515,153.0355349753874,169.73463848985384,99.39153210893137,102.55418112069432,false,true
10,20.0,153.459992200274,100.40264031382537,14.185130242487048,2.7314504947071896,147.6339859352642,161.81911617775125,98.62493271394791,101.3563832086551,true,true
10,20.0,157.6541291277334,103.94463519164756,16.100576573331125,2.979954531329028,150.31696424029295,166.41754081362407,102.01790917889483,104.99786371022385,false,false
10,20.0,149.94999332399553,98.80579698385617,18.246373225015333,2.746159635707002,141.96798188871904,160.21435511373437,97.03716390815494,99.78332354386194,true,false
10,20.0,162.73158894055825,100.71733645160732,15.118620203933148,3.3531323448865322,156.24517184606066,171.3637920499938,98.58089514410128,101.93402748898781,false,true
10,20.0,147.97721185395935,98.52555013076655,17.682252213483565,2.660691492580753,140.2144819036769,157.89673411716046,96.82799250423528,99.48868399681604,true,false
10,20.0,154.37514544399366,98.59397551348442,17.62002451003653,2.9887478001706995,146.37109408675383,163.99111859679036,96.67301192140721,99.66175972157791,true,false
10,20.0,163.58124435814773,98.3338874501905,16.59850358954958,3.391439704163872,155.61100780862463,172.20951139817421,96.21048598108757,99.60192568525144,false,false
10,20.0,147.94821443575117,103.66608335301476,16.60889305939415,2.381942733967662,140.70113730034697,157.31003035974112,102.09553280501723,104.47747553898489,true,false
10,20.0,149.85959570909912,99.08303250169172,17.853940497119112,2.7019411544044942,142.08938424876635,159.94332474588546,97.35427300938122,100.05621416378571,true,true
10,20.0,160.79334642446074,101.2711054079669,17.35317400585396,3.2172653817179366,152.894392753878,170.24756675973197,99.22601711713898,102.44328249885692,false,true
10,20.0,170.12768829296243,97.71554446571422,16.813259983663983,3.9960446877090163,162.48615404457007,179.29941402823405,95.1563373452162,99.15238203292522,false,false
10,20.0,130.86290462906086,99.6967703840794,15.454313242365544,1.7040287404770993,124.50447313988948,139.95878638225503,98.58814557810261,100.29217431857971,false,true
10,20.0,146.58175135818243,99.80000297309596,15.925465206582516,2.577952035821312,139.44261287961,155.36807808619253,98.10238880183417,100.68034083765548,true,true
10,20.0,160.52894331272608,102.7280584458731,15.891925016529228,2.958936118275375,153.09745890040136,168.9893839169306,100.82181238918855,103.78074850746393,false,false
10,20.0,166.0513099161464,98.15717483205991,15.48428610360483,3.481804408613158,159.22938351817535,174.71366962178018,95.95655667215172,99.43836108076488,false,false
10,20.0,157.09053057455088,98.67033317913697,16.198162072743145,2.9397171288918287,149.7218157581448,165.91997783088794,96.80456858390681,99.74428571279864,true,false
10,20.0,157.37404384722834,102.88147008774202,16.956283422611108,2.8815929271282243,149.69246728632132,166.64875070893243,101.00139975759296,103.88299268472119,true,false
10,20.0,158.23652052994092,99.05589729736573,17.8215060125693,3.115347849403861,150.56456794581788,168.3860739583872,97.04372991502392,100.15907776442778,false,true
10,20.0,165.76714108655216,99.5582956383954,15.484633659288306,3.73759060411939,158.63348684438728,174.11812050367558,97.14090474106182,100.87849534518121,false,true
10,20.0,155.95819043791596,101.8135432260439,16.26069001754226,2.6900643384186083,148.65490862633652,164.91559864387878,100.08867705403038,102.77874139244899,true,false
10,20.0,163.29391118975295,98.07343500541637,17.437644863355985,3.709820475501374,155.11206622663408,172.54971108999007,95.67565687093605,99.38547734643743,false,false
10,20.0,161.19384375848554,99.26340668810752,17.07329227663297,3.3735990851620414,153.40851945852035,170.48181173515331,97.01645717168694,100.39005625684898,false,true
10,20.0,155.7989320685143,100.77324040619061,16.058300190175288,3.149459077865856,148.61323526943113,164.67153545960642,98.72737017127253,101.87682924913838,true,true
10,20.0,159.78955407139625,98.59630801509985,18.799670273725496,3.0649760193348925,151.11329269698993,169.91296297071543,96.67111481374896,99.73609083308385,false,false
10,20.0,153.95121910488965,99.180930204791,16.101023262258025,2.8197615180406075,147.038993366182,163.14001662844004,97.38158697775533,100.20134849579594,true,true
10,20.0,155.11066926581861,101.12591659113193,18.09399722011554,3.071378721521995,146.9516579287405,165.04565514885604,99.14421896835208,102.21559768987407,true,true
10,20.0,169.12086671987723,99.5973866203806,17.37794800080431,3.9729262838117876,161.31861616315237,178.69656416395668,96.95498705821254,100.92791334202433,false,true
10,20.0,158.97883104129153,98.38874387933694,16.230882801952617,3.0360382382189783,151.5123206927582,167.74320349471083,96.42514244436221,99.46118068258119,false,false
10,20.0,150.65788648666847,102.450800770287,17.23335268372611,2.8357210647110804,143.03877025942475,160.27212294315086,100.60247242766775,103.43819349237883,true,false
10,20.0,159.3748777922881,100.87860049933786,17.645857698029346,3.0837934869361874,151.1679129624748,168.81377066050413,98.93740945387597,102.02120294081216,false,true
10,20.0,159.92126825688416,105.31326198332899,15.357586106938157,3.039238839380701,153.00641216907127,168.36399827600943,103.40138247286413,106.44062131224483,false,false
10,20.0,146.71647186725346,98.61084984443126,17.680671885427103,2.515649724049993,138.7864037654719,156.467075650899,97.01788096618152,99.53353069023152,true,false
10,20.0,157.43074194937884,98.88737620319003,14.697512516219263,3.0981185502102164,151.26155006644098,165.95906258266024,96.88021789839587,99.97833644860609,false,false
10,20.0,162.16888247572217,99.40803437453101,17.11928524046931,3.3143412749527243,154.47912647229543,171.59841171276474,97.27510120177674,100.58944247672946,false,true
10,20.0,153.976230627779,101.35544508779778,16.436180639713058,2.7108106062701296,146.67741309865804,163.1135937383711,99.66346628319681,102.37427688946694,true,true
10,20.0,157.95827243239705,106.65316859107753,16.550643043484484,2.7683443574238566,150.32674899827018,166.87739204175466,104.87065549863753,107.63899985606139,false,false
10,20.0,154.8292375291615,98.78898329566199,18.07069811668788,2.9733104273593796,146.2841089159358,164.35480703262368,96.84678573628665,99.82009616364603,true,false
10,20.0,162.62937463842184,98.14181558578596,16.62781356131248,3.4721189346302594,155.21459969512165,171.84241325643413,95.91722616840808,99.38934510303834,false,false
10,20.0,167.21443085623952,104.25529258090404,16.86810205896964,3.381920229991451,159.62926347437033,176.49736553333997,102.07864742904042,105.46056765903187,false,false
10,20.0,157.51508111639941,99.00237729313632,17.18553946109091,3.1176861712968815,150.07151942915033,167.25705889024124,96.97672154949069,100.09440772078757,false,true
10,20.0,160.79937395791933,100.9117662215796,15.64922719860516,3.0680789184708885,153.6062190428626,169.25544624146775,98.97080425964694,102.03888317811783,false,true
10,20.0,161.1987878957816,98.73963431563011,16.559400346640757,3.15706353383446,153.7817875618033,170.34118790844406,96.73596144855617,99.89302498239063,false,false
10,20.0,152.97983419545062,98.88106723612823,16.963390954538852,2.653301802809821,145.43887572306915,162.402266677608,97.21829603842818,99.871597841238,true,false
10,20.0,150.9135331944424,98.81007414064914,18.956025825340532,2.8484047414755764,142.3421106337257,161.29813645906623,96.96423538177083,99.81264012324641,true,false
10,20.0,148.9407356986771,98.94749146511899,17.183740939909086,2.590339294078589,140.8861838985333,158.06992483844238,97.2949722006045,99.8853114946831,true,false
10,20.0,147.90632295870336,99.38866166774532,17.882137150009896,2.538627422340241,139.63084587079902,157.51298302080892,97.69301478068539,100.23164220302563,true,true
10,20.0,167.04355574304958,104.00820117591654,15.84451441766987,3.4489900454244378,159.8991981496966,175.74371256736646,101.7920484314437,105.24103847686814,false,false
10,20.0,149.07472611531682,99.0306001565761,17.03557908098807,2.4396978026587703,141.2055100455936,158.24108912658167,97.4599890045447,99.89968680720347,true,false
10,20.0,140.97972165857107,99.93245782219893,15.906088074441612,2.1273167180466004,134.11490333662158,150.0209914110632,98.57751752349215,100.70483424153875,true,true
10,20.0,163.59848792187904,101.27743780760366,15.125886780559824,3.289206331098768,156.71501308138613,171.84089986194596,99.1711012720641,102.46030760316287,false,true
10,20.0,152.4404041776056,103.58705980087898,14.898301889797722,2.4977956528474863,145.65593684399096,160.55423873378868,102.01614294346474,104.51393859631223,true,false
10,20.0,169.90750552949532,98.04037408986173,17.09710467836905,3.58808983673444,162.23086482081112,179.32796949918017,95.77410372373036,99.3621935604648,false,false
10,20.0,167.39184170224206,100.32937507493281,17.790266543252187,3.835573016275873,158.59662965893173,176.38689620218392,97.83852322329409,101.67409623956996,false,true
10,20.0,160.87163619335558,100.07644275512337,16.60199676076516,3.258573995446085,153.488116964032,170.09011372479716,97.9297277147558,101.18830171020188,false,true
10,20.0,157.89376184704662,98.37101997555659,15.941068819312477,3.208327575652902,150.97046150699256,166.91153032630504,96.36700018059446,99.57532775624736,false,false
10,20.0,153.50331080212294,100.3435555919331,16.07426398986115,2.842174692132815,146.54323367722935,162.6174976670905,98.51256033330971,101.35473502544252,true,true
10,20.0,161.2873002991134,98.43573528388865,17.85773182070355,3.382799683417076,153.33725486021532,171.19498668091887,96.28166029551072,99.6644599789278,false,false
10,20.0,156.77013176647083,100.32840390374935,17.334442351791978,3.0884485721501136,148.7511897667735,166.08563211856548,98.33829730180528,101.4267458739554,true,true
10,20.0,149.7449247931721,98.38458540147369,18.062181608289706,2.800185464936817,141.33466931017168,159.39685091846138,96.57302668432035,99.37321214925717,true,false
10,20.0,158.34758205387365,101.23305516525538,17.72915022345711,3.1158622172803945,149.98683816947266,167.71598839292977,99.2124016190729,102.3282638363533,true,true
10,20.0,152.33281794947038,99.43176020981505,18.165117943688443,2.6696499004793566,144.18609648795655,162.351214431645,97.74686730697942,100.41651720745878,true,true
10,20.0,148.06698895651675,99.58359289671591,17.61297859379212,2.464870037554917,140.64536236591454,158.25834095970666,97.97716328906664,100.44203332662156,true,true
10,20.0,156.6438148613463,98.6833360848731,16.222749976861735,2.906898171266249,149.49716553686767,165.7199155137294,96.82629025708604,99.73318842835229,true,false
10,20.0,163.08059984518576,99.73127744195544,16.190952989646206,3.464587422866856,155.29952977796307,171.49048276760928,97.51156215274787,100.97614957561473,false,true
10,20.0,162.44286310655528,98.28484494302373,16.80421161203688,3.352809138997088,154.7272802935772,171.53149190561408,96.1030545510252,99.45586369002228,false,false
10,20.0,158.7705526401955,99.80584007497103,15.565409480582588,2.7926541191902317,151.4344620630902,166.99987154367278,98.01449294171853,100.80714706090876,false,true
10,20.0,160.68619853403692,101.11690091720874,15.557253567074042,3.2999825039640314,153.80406353377958,169.36131710085363,98.97087798514855,102.27086048911258,false,true
10,20.0,148.85653275924156,100.20803612671807,18.606484041284745,2.4967106091258415,140.18835138528587,158.79483542657061,98.59380386062017,101.09051446974601,true,true
10,20.0,159.47989201339126,99.5459899459456,16.997909210543554,3.080074168054793,151.6404987226956,168.63840793323917,97.65886298547998,100.73893715353478,false,true
10,20.0,148.68845162097907,109.50174343096302,14.543254345696141,1.8819736584090094,142.55734999218734,157.10060433788348,108.2830620644185,110.16503572282751,true,false
10,20.0,151.60142285790982,98.84008351915715,17.5717650978153,2.7614694693017157,143.42948461051594,161.00124970833124,97.05534359021502,99.81681305951673,true,false
10,20.0,146.1949551880407,100.1848225263139,13.776296411113833,2.33191055077846,140.53142707813006,154.3077234892439,98.68548674498712,101.01739729576558,true,true
10,20.0,168.61844955200462,98.83378774273378,16.62942750780013,3.6291358448526125,161.24955129029473,177.87897879809486,96.53659396265707,100.16572980750968,false,true
10,20.0,161.82575972114395,104.5172649664151,17.019149143572605,3.421051151673751,153.949234808691,170.9683839522636,102.32402159361433,105.74507274528808,false,false
10,20.0,154.60149165387898,100.43418071709571,16.798702569190027,2.906740040060612,147.2579209804029,164.05662354959293,98.55876147644216,101.46550151650277,true,true
10,20.0,146.91229256374672,104.93966784059137,16.402380085822898,2.179404528297951,140.05699948354848,156.45937956937138,103.56563705070349,105.74504157900144,true,false
10,20.0,144.5618250614418,98.91849939697258,16.8145247438444,2.382877364117846,137.41289471976762,154.22741946361202,97.35648729411882,99.73936465823667,true,false
10,20.0,165.38323313959205,99.3152257311313,17.04829622493486,3.429663497111221,157.73920349700998,174.78749972194484,97.11243040854188,100.5420939056531,false,true
10,20.0,156.72101267097847,100.22906973425845,17.593835954526924,3.08438513092068,148.87025407774308,166.46409003227,98.20578368633343,101.29016881725411,true,true
10,20.0,142.968227498646,99.11552654285796,17.529870350477808,2.332005347680976,135.15701860174704,152.68688895222485,97.62294848877862,99.9549538364596,true,false
10,20.0,137.19588142083052,99.37252042119832,15.019546911866598,1.890883770347159,130.80231075544094,145.82185766730754,98.14643469416336,100.03731846451052,false,true
10,20.0,159.17520873129618,99.14865707737985,17.26942783535469,3.1391256982346647,151.52354064416235,168.79296847951704,97.17539592625181,100.31452162448647,false,true
10,20.0,159.70302445675378,103.21394879540594,16.43455829462232,2.954865216117767,152.40721134688908,168.8417696415114,101.33263913487427,104.28750435099204,false,false
10,20.0,161.7761615045806,99.13320621842776,18.83905516510339,3.583766682993641,153.37162513715023,172.21068030225362,96.86127256284081,100.44503924583445,false,true
10,20.0,159.15027423634479,98.44548155403726,16.770256237998268,3.0148964754364016,151.26526651318417,168.03552275118244,96.51621013036704,99.53110660580344,false,false
10,20.0,164.0020606139584,98.06263562952078,17.688736129965804,3.3344270176552158,155.8440619974402,173.532798127406,95.913864341151,99.24829135880621,false,false
10,20.0,157.05394122092622,98.58434441558131,17.571282050054748,2.8890735834711023,148.94309273643552,166.51437478649027,96.73582849322257,99.62490207669367,true,false
10,20.0,147.08585707574315,98.98391152821208,16.3843643645138,2.6762796067687873,140.36083048189371,156.74519484640751,97.27144604679825,99.94772565356703,true,false
10,20.0,153.07447431943643,98.69981074549648,16.302266184912185,2.9142062253715864,145.76808601399046,162.07035219890264,96.87089063126535,99.78509685663694,true,false
10,20.0,156.87454002973428,98.25739922680886,17.690548701764357,2.9297644899344846,148.65321743781342,166.34376613957778,96.40388824613042,99.3336527360649,true,false
10,20.0,151.09452350274154,102.87807884770638,16.07472802288291,2.670729856879859,144.4245175510143,160.4992455738972,101.17625407301321,103.84698392989307,true,false
10,20.0,158.24575113300932,99.91356904074287,17.008940919926943,3.2080322969659676,150.28786146005035,167.2968023799773,97.8918834110483,101.09991570801427,false,true
10,20.0,160.12700888863026,98.8080632010284,17.47706575820075,3.2944543792811345,152.39471377738096,169.8717795355817,96.68235102309261,99.97680540237374,false,false
10,20.0,156.42017129254964,98.16423187413409,17.831423502336776,3.031842066673917,148.35122779680793,166.1826512991447,96.2362297178012,99.26807178447511,true,false
10,20.0,155.09713260862668,100.1117612161461,17.296581496501005,2.7661072146261603,147.2849198229615,164.58150131946252,98.35251985283455,101.11862706746071,true,true
10,20.0,149.65921232458544,100.9759824303937,17.330684059415518,2.7704058968064373,142.01917089880095,159.34985495821647,99.20419845705524,101.97460435386168,true,true
10,20.0,152.29008800994993,99.434018923738,17.360248018538385,2.809771496051596,144.83164926232902,162.1918972808674,97.61307018415337,100.42284168020497,true,true
10,20.0,167.56394356414185,97.78839431788327,16.331417555888464,3.658238156458637,159.74009951504007,176.07151707092854,95.4978235607597,99.15606171721834,false,false
10,20.0,164.99577478613037,100.11945273321828,17.96642827493099,3.592918155085613,156.96248374840297,174.92891202333396,97.85639637572592,101.44931453081153,false,true
10,20.0,156.60765580788149,99.01060072902052,17.228657235160796,3.3225871919338488,148.85638006555732,166.0850373007181,96.8593973727072,100.18198456464106,true,true
10,20.0,147.8264611465229,99.428194450831,14.69795415511345,2.5016571424523306,141.7015720907711,156.39952624588454,97.86030689132852,100.36196403378085,true,true
10,20.0,161.41552395401982,98.88183614214589,18.25186905836182,3.5478199756218203,152.63321501931742,170.88508407767924,96.60723720384783,100.15505717946965,false,true
10,20.0,155.85424623347717,99.79228384278025,17.082728669452877,2.933949115673556,147.91984391317308,165.00257258262596,97.88481701348721,100.81876612916076,true,true
10,20.0,160.7614366899637,99.06426057095356,15.44045050798519,3.1746309749044457,153.7692642834965,169.2097147914817,97.0310000454952,100.20563102039965,false,true
10,20.0,152.32991572830935,105.18780102174216,15.684963771656555,2.6673913222574726,145.15717861572006,160.8421423873766,103.4860993312974,106.15349065355487,true,false
10,20.0,150.5394712620801,99.25462481460812,16.683935189334647,2.709562513173651,143.1739201390821,159.85785532841675,97.53613185552146,100.24569436869511,true,true
10,20.0,142.04298727803967,101.65836151659099,16.24243898415824,2.0456265063335906,135.55984317234297,151.8022821565012,100.34349925264692,102.38912575898051,true,false
10,20.0,147.7690139632547,98.57865093755177,16.682191811036745,2.5228000096166596,140.81345003893423,157.49564184997098,96.94716770910894,99.4699677187256,true,false
10,20.0,156.02480591872052,102.5072182792787,16.304870970289812,3.011886745323565,148.24757099537422,164.55244196566403,100.55537279796283,103.5672595432864,true,false
10,20.0,153.52041882461407,99.58140573913565,17.041805664028715,3.1655737210562194,145.9541112474744,162.99591691150312,97.5298512633142,100.69542498437042,true,true
10,20.0,141.25545050266854,99.99076974093094,15.65044716521038,2.097508921995029,134.76690698243294,150.41735414764332,98.67205900712035,100.76956792911538,true,true
10,20.0,162.70255761100285,101.7853042851566,17.141766111714674,3.3091817311985494,155.08571569496644,172.2274818066811,99.65968110781944,102.96886283901799,false,true
10,20.0,151.09458466026058,100.272889303921,16.571158293861174,2.738258553644158,143.77091997987907,160.34207827374024,98.56266538613798,101.30092393978214,true,true
10,20.0,161.19145546100393,98.38619977295552,16.874270798431013,3.6191737829170023,153.75126621715825,170.62553701558926,96.05347645072627,99.67265023364327,false,false
10,20.0,162.76582850499804,100.18072036766577,17.064650632679303,3.2263539243464123,154.8339725146942,171.8986231473735,98.09894339273845,101.32529731708486,false,true
10,20.0,167.29862545750802,99.06595965256585,17.371454174181906,3.396487879380828,159.4659488937855,176.83740306796741,96.83972189727294,100.23620977665377,false,true
10,20.0,148.08928937903636,100.62023946432492,16.33837068760573,2.525644232692045,140.81974401260487,157.1581147002106,99.00783615081642,101.53348038350846,true,true
10,20.0,138.5769975815645,103.46429021448878,14.883995519480862,1.9094859828013,132.481337301745,147.36533282122585,102.24267927507773,104.15216525787903,false,false
10,20.0,145.76369794016713,98.97598019299686,16.973407577381323,2.5877211052399502,138.31343055663032,155.28683813401165,97.31891778155743,99.90663888679738,true,false
10,20.0,140.59373566186423,98.98631310990257,14.860131238655214,2.2224952644944835,134.4582885981078,149.318419836763,97.58075873919694,99.80325400369142,false,false
10,20.0,162.52681724333092,98.23649355729954,16.478373267891698,3.506471579524529,155.21881879790806,171.69719206579975,95.99331226245722,99.49978384198175,false,false
10,20.0,156.62958646502625,99.14021953269906,16.54037300464961,3.152422994533552,149.17617783816024,165.71655084280985,97.06376944831743,100.21619244285098,true,true
10,20.0,152.04776149392939,99.03627338341758,17.211159228502424,2.8688586989656812,144.1369364868434,161.34809571534583,97.22757615007464,100.09643484904032,true,true
10,20.0,166.83977125299998,99.21067902724445,17.1029524739821,3.6380662889746134,159.00265619265704,176.10560866663914,96.83665896694137,100.47472525591598,false,true
10,20.0,119.68960526394632,102.43686930290488,7.8259053516595145,0.9460466707754307,116.76507935806748,124.590984709727,101.82875347160842,102.77480014238385,false,false
10,20.0,144.73040559436603,99.44736965279452,16.522838112807563,2.445218210052815,137.42987291787634,153.9527110306839,97.83925224558546,100.28447045563827,true,true
10,20.0,158.02008473604877,102.28718592578099,17.33953100653713,2.928147564232191,150.51562250748793,167.85515351402506,100.42116123300649,103.34930879723868,false,false
10,20.0,154.92165232681884,98.61235150613328,18.022736330919486,2.949237826414162,147.12555790354412,165.1482942344636,96.73368755186448,99.68292537827864,true,false
10,20.0,136.77245011908542,100.67524269135329,15.221547670784275,1.9577862515087503,130.18655312475445,145.40810079553873,99.387914350058,101.34570060156675,false,true
10,20.0,154.0688147339753,101.22812281789595,17.2479899813942,2.949383734160506,146.21708338637538,163.46507336776958,99.29886582014709,102.24824955430759,true,true
10,20.0,167.23353309439636,98.97334524025105,15.740184565810864,3.9125663427932693,160.04590544748885,175.7860900132997,96.41591682884832,100.3284831716416,false,true
10,20.0,150.87109075359,99.67976641275501,17.88501288170943,2.5213660665705504,142.82719933150779,160.7122122132172,98.05076118888238,100.57212725545293,true,true
10,20.0,153.1252758704852,99.84350575995924,16.349602142187734,2.707357777751497,145.90569760401883,162.25529974620656,98.12005430285451,100.82741208060601,true,true
10,20.0,158.98149775859366,98.71682533134646,15.84905478932302,3.4028826500444183,151.87382021157015,167.72287500089317,96.51251905025302,99.91540170029744,false,false
10,20.0,164.786652816592,100.06300433169525,16.92699011538764,3.664309442828298,157.08134748779025,174.0083376031779,97.75079982678878,101.41510926961708,false,true
10,20.0,166.47878302349335,102.82575696227963,16.843007391118675,3.2657641080519113,158.73035701826785,175.57336440938653,100.71742295468042,103.98318706273233,false,false
10,20.0,153.47883765103336,100.69629422713376,16.739625670906292,2.747933516870674,146.05894824134793,162.79857391225423,98.89692125948568,101.64485477635635,true,true
10,20.0,144.82671675881016,99.98901793551052,16.683386807140977,2.428598454435601,137.4230645200109,154.1064513271519,98.39005244331092,100.81865089774652,true,true
10,20.0,139.9512046506876,99.36600563395638,16.77292645766471,2.0536936159491006,132.65098750427697,149.42391396194168,98.02803571910174,100.08172933505084,false,true
10,20.0,129.8019864458678,103.29735784159604,11.81745778095015,1.4184833321073,124.83658995789736,136.6540477388475,102.3666514709346,103.7851348030419,false,false
10,20.0,165.95184005937392,98.82787829281841,15.57467935545236,3.500198628576328,158.9034119922025,174.47809134765487,96.63296027336692,100.13315890194325,false,true
10,20.0,159.32647020023592,98.71838540769562,18.200894823712616,3.3070352568592796,151.02835787187334,169.22925269558596,96.57436436608636,99.88139962294564,false,false
10,20.0,148.89551063626067,99.73745150432151,16.17033532911654,2.540023906004322,141.5719048444116,157.74224017352813,98.10735883351002,100.64738273951434,true,true
10,20.0,156.03728650906982,98.72342657323783,15.956758888085915,3.0333874135012024,149.16793301058033,165.12469189866624,96.78273961646336,99.81612702996456,true,false
10,20.0,147.3384252820442,100.83745085883353,16.044041929096807,2.4565584017803985,140.26285299271984,156.30689492181665,99.2583914588906,101.714949860671,true,true
10,20.0,146.27259736127567,98.62565316030633,17.19506157844816,2.495488718505598,138.96745248587538,156.16251406432355,97.0019556760748,99.4974443945804,true,false
10,20.0,151.52012439179344,98.38082178449262,16.194459951515057,2.9414638604119006,144.46314338409428,160.65760333560934,96.49814986071021,99.43961372112211,true,false
10,20.0,152.09114733233358,102.18046797497178,16.22343622488043,2.7294796940709176,144.74842828890263,160.97186451378306,100.40774977425563,103.13722946832655,true,false
10,20.0,163.5396869943857,101.27556571573399,18.027497576096124,3.051757380550228,154.9938345949424,173.02133217103852,99.35395727583523,102.40571465638546,false,true
10,20.0,152.01086519230512,100.80739528644096,16.798672516415962,2.7967482576921725,144.2718122966191,161.07048481303505,99.00885175557812,101.8056000132703,true,true
10,20.0,168.58039463973415,98.27286606761137,16.587641624233385,3.7177914598499058,161.18793155471042,177.7755731789438,95.87118824613447,99.58897970598437,false,false
10,20.0,158.0875284889902,102.21574010296288,17.477012427487125,3.120624433007407,150.10413551545088,167.581147942938,100.2014332662516,103.322057699259,false,false
10,20.0,167.36618247022,98.93768765537841,16.430734910208884,3.6385331763456037,160.3129431708831,176.74367808109199,96.62213894026053,100.26067211660613,false,true
10,20.0,158.2278212018529,100.09426899475702,16.299612412884784,2.908031261766638,150.87513318720346,167.17474560008824,98.24148187316754,101.14951313493418,false,true
10,20.0,144.5781895138496,99.26369381809477,16.406423877437334,2.371033927199889,137.4002844014707,153.80670827890805,97.7721434105491,100.143177337749,true,true
10,20.0,137.57974127407425,102.64547969155794,13.745102090324167,1.8471561140681274,131.78760962362333,145.5327117139475,101.45400067851318,103.30115679258131,false,false
10,20.0,148.87682467299726,99.3969830048919,17.99748381747756,2.629262352461666,140.8492439580936,158.84672777557117,97.72120716703238,100.35046951949404,true,true
10,20.0,151.96464873837945,100.20007315458967,19.08683374370179,2.7304631364256693,143.32334930254163,162.41018304624342,98.42679302337528,101.15725615980095,true,true
10,20.0,160.7464848526813,99.62587305490112,18.02200835328466,3.1048418611604376,152.64093337316115,170.6629417264458,97.60217560979954,100.70701747095998,false,true
10,20.0,158.52610042432383,98.47340009112042,17.288594880374063,3.250736110511582,150.4331694472277,167.72176432760176,96.39438743906084,99.64512354957242,false,false
10,20.0,159.32887134725235,101.86678155396605,15.925908713600904,3.0721949626539953,152.2510400070862,168.1769487206871,99.86888611468905,102.94108107734304,false,true
10,20.0,152.41192009896835,100.79282426284712,14.48612226414997,2.8927237148252516,146.21417530795293,160.7002975721029,98.91652590964264,101.8092496244679,true,true
10,20.0,161.46038723080517,98.41935435517252,17.6443184334168,3.1361916573476094,153.2235364097096,170.8678548431264,96.39937127929578,99.53556293664339,false,false
10,20.0,144.56114919594853,98.59832835520851,15.934038882335443,2.639530372441399,137.60629111226683,153.54032999460227,96.87302364623284,99.51255401867424,true,false
10,20.0,151.67574058312462,98.45053834216408,17.346291436591002,2.9199848417456167,143.86304220321526,161.20933363980626,96.5884416869359,99.50842652868151,true,false
10,20.0,165.5814614000198,99.94433146199229,16.92484585872839,3.3666539127936232,157.63880138719048,174.56364724591887,97.80281668821183,101.16947060100546,false,true
10,20.0,149.90383862672377,100.84421370434791,15.610204131488018,2.4217788265823827,143.15411833168648,158.7643224631745,99.22974073850419,101.65151956508657,true,true
10,20.0,162.5421920234316,98.13839022353767,16.347172373335212,3.47746622652285,154.88155542282016,171.22872779615537,95.90253515920787,99.38000138573072,false,false
10,20.0,152.48238781740494,99.13506354774174,16.465986415049343,2.635530977079455,145.1350061961253,161.60099261117463,97.46355087264674,100.09908184972619,true,true
10,20.0,164.04660758879464,100.606975710717,17.112759358293573,3.315265967371758,156.37641314398158,173.48917250227515,98.47661871515925,101.791884682531,false,true
10,20.0,152.0825320255873,98.75012153364062,17.710920709886466,2.76636673592688,144.17571460972954,161.886635319616,97.01031931580752,99.7766860517344,true,false
10,20.0,159.14247972596243,99.7891503030169,15.905077003756048,3.2088047737395584,151.76351276147724,167.6685897652333,97.69692161264297,100.90572638638253,false,true
10,20.0,162.3629508591638,99.71403819289324,17.589730899602415,3.43394666873985,154.13277081736544,171.72250171696786,97.52776185977197,100.96170852851182,false,true
10,20.0,165.757841108742,105.76333487643561,16.829717614507786,3.3678547922405784,158.0978451873145,174.9275628018223,103.62677330982088,106.99462810206145,false,false
10,20.0,152.8229960256214,98.83474778057592,17.683097463877203,2.718008887580325,144.8060779685688,162.489175432446,97.06289858804895,99.78090747562928,true,false
10,20.0,144.84083372340783,110.2400039651246,13.88151847816826,1.8818280249717105,139.05665785499022,152.93817633315848,109.02906912932966,110.91089715430137,true,false
10,20.0,145.74356417606202,102.27380124371979,14.862913084900242,2.312732740404101,139.3727335252897,154.23564661018995,100.81565225181843,103.12838499222254,true,false
10,20.0,141.87090978460918,100.28272212102034,17.06202037936481,2.3041670711794353,134.23940831548572,151.30142869485053,98.79952928530027,101.1036963564797,true,true
10,20.0,134.4710858846871,99.16987436304044,14.74815854699915,1.9603640866699834,128.15197755959662,142.90013610659577,97.85847537687351,99.8188394635435,false,false
10,20.0,149.25845010755097,112.4814133331699,14.232504268068851,2.216045551275144,143.10323662544107,157.33574089350992,110.99807709888441,113.21412265015955,true,false
10,20.0,163.81116325775,104.657606585082,16.130403631314806,2.9918839597804094,156.26031850949968,172.3907221408145,102.73323434788217,105.72511830766258,false,false
10,20.0,158.1463412558318,99.52668759623806,17.586262081331995,3.04952329661117,150.47255755663167,168.05881963796367,97.53711683127531,100.58664012788648,false,true
10,20.0,150.5839484097594,101.6517196971325,16.171966124248456,2.7403221173876204,143.6252937429551,159.79725986720356,99.88138419815184,102.62170631553946,true,true
10,20.0,152.97478294385934,101.41284206172001,16.562968876650558,2.7163974250824197,145.55523865597198,162.11820753262253,99.6707540321465,102.38715145722892,true,true
10,20.0,160.19205679565647,99.19982054837202,17.415138875082704,3.3077197407375962,151.96328155868792,169.37842043377063,97.09134831701218,100.39906805774977,false,true
10,20.0,155.01213989867074,98.2654886268802,17.530835580552946,2.8669370359921658,147.3708172873637,164.90165286791665,96.46247636267437,99.32941339866653,true,false
10,20.0,158.3442971904177,100.44366697429935,16.111776033869518,3.055810548512227,151.2808085263379,167.3925845602074,98.51942589622628,101.57523644473851,false,true
10,20.0,162.77147499096804,98.31401161186129,17.607899887308463,3.317523271900754,154.4335436949841,172.04144358229257,96.18346094707121,99.50098421897196,false,false
10,20.0,166.26930425519134,98.01315962577851,16.63418973504065,3.6478404621132654,158.61829628260477,175.25248601764542,95.6876673258779,99.33550778799116,false,false
10,20.0,150.25411003294687,100.99962784595635,15.509342249410594,2.6447347169865765,143.85602136546757,159.36536361487816,99.33350490068742,101.97823961767399,true,true
10,20.0,153.6123028533541,100.7241433316063,17.74002396575267,2.804962180510998,145.35278052590593,163.0928044916586,98.88105869926491,101.68602087977591,true,true
10,20.0,149.38124614405996,100.25143386722337,16.250468705926806,2.5096741125356203,142.04484634672363,158.29531505265044,98.6770922880416,101.18676640057723,true,true
10,20.0,165.15568202225185,98.18785491725566,16.017365832444085,3.4497854402893893,157.90827575883998,173.92564159128406,96.01017848315874,99.45996392344813,false,false
10,20.0,158.91012842422657,98.84384449255234,18.25081257516777,3.0779846840607092,150.59213643048244,168.8429490056502,96.85424760824907,99.93223229230978,false,false
10,20.0,144.9089033732979,99.35192906281193,17.099121216868895,2.4335922646535124,137.58141307403054,154.68053429089943,97.77912751781341,100.21271978246692,true,true
10,20.0,171.16639990362637,99.35492504489136,17.47081714209628,3.8294427557165847,163.24546106021535,180.71627820231163,96.94396503510484,100.77340779082142,false,true
10,20.0,147.7839846224955,98.51100596537181,17.159641346460802,2.6080715469038154,140.21110979705966,157.37075114352047,96.7958460125428,99.40391755944661,true,false
10,20.0,166.27094147792747,99.36821363629574,16.285350548104162,3.7075269411928105,158.51583740386462,174.80118795196879,96.96069698643447,100.66822392762728,false,true
10,20.0,165.45474659544658,98.94104963555263,16.316048964968786,3.6481193424788785,158.08041466311334,174.39646362808213,96.5301044583461,100.17822380082498,false,true
10,20.0,154.96025937434436,98.41194059532839,15.698067018010363,2.947169684771069,148.19542499496941,163.89349201297978,96.55284083199672,99.50001051676779,true,false
10,20.0,159.20344160138208,103.77090653003765,15.362386201743732,3.5360547802885094,152.6405391781728,168.00292537991652,101.5325260439586,105.0685808242471,false,false
10,20.0,164.79914686468246,99.1747219094105,18.228297594768662,3.426219130217916,156.40100698655016,174.62930458131882,97.02162350683801,100.44784263705593,false,true
10,20.0,153.04333035548115,100.40200100274511,16.718610499180016,2.8751781868612483,145.64609346377833,162.36470396295834,98.6249593946003,101.50013758146154,true,true
10,20.0,164.63568763650414,99.10593937836029,17.947705685353327,3.527151767167723,156.18665591642906,174.1343616017824,96.8222248569136,100.34937662408133,false,true
10,20.0,156.4351821017986,98.660662399604,17.88572822230114,2.9691618540632163,148.30317656753815,166.18890478983928,96.76313705650429,99.73229891056751,true,false
10,20.0,150.50279315268182,99.43179371745367,17.78960314698793,2.6631526678856545,142.2495426587236,160.03914580571154,97.72391799462376,100.38707066250942,true,true
10,20.0,164.55406105622268,100.71388253629789,17.115027088013733,3.241073993871936,156.78956011814856,173.9045872061623,98.68641078844645,101.92748478231839,false,true
10,20.0,152.89228061917134,99.09122335895594,15.26346575316876,2.63071118348239,146.1197590499027,161.38322480307147,97.47191096832177,100.10262215180416,true,true
10,20.0,156.3223714317838,102.68486759985782,16.257891705777638,2.8833573531464936,149.108339078982,165.36623078475964,100.82814123124231,103.7114985843888,true,false
10,20.0,144.8016188950498,98.67198029745421,16.692569912430088,2.659976750016739,137.6489456870558,154.3415155994859,96.99036715614022,99.65034390615696,true,false
10,20.0,150.36127540749803,99.26586275590145,17.65739973691376,2.788876813680247,142.23862504349393,159.89602478040769,97.43049852113327,100.21937533481352,true,true
10,20.0,155.8137259044204,98.78073370551198,16.474591634417038,3.0749220588243276,148.5196256184233,164.99421725284034,96.85812005448389,99.93304211330822,true,false
10,20.0,144.9539766632094,100.36183173392249,16.333943838317538,2.3400839902284503,137.91660237360037,154.2505462119179,98.87398260145311,101.21406659168156,true,true
10,20.0,147.20403256651596,102.61179387014009,16.083084517535355,2.134128245388993,140.36492525423222,156.44800977176757,101.26213702753627,103.39626527292526,true,false
10,20.0,159.18291599916375,98.54536097956733,16.92037277070773,3.1688460426200606,151.14210948563607,168.0624822563438,96.53760622401276,99.70645226663282,false,false
10,20.0,141.85566286062436,103.41430982514416,15.601070396202658,2.186412712834567,134.96451112417748,150.56558152038014,101.97206865374301,104.15848136657758,true,false
10,20.0,161.56149283382683,98.17590850513889,17.158205300597274,3.2968005805789744,153.94447330688774,171.10267860748502,96.08809654861102,99.38489712919,false,false
10,20.0,153.87623379942897,99.3322146422609,16.807927875855142,2.7648677866825864,146.36668136910163,163.17460924495677,97.56246472147616,100.32733250815875,true,true
10,20.0,158.93602902198657,105.49654934998973,15.673017564233845,3.1125346329376242,151.95287442926718,167.62589199350103,103.45764708906836,106.57018172200598,false,false
10,20.0,157.54913278562088,98.63438341785636,17.15070316224282,3.0306159516084534,150.0671487158943,167.2178518781371,96.65398977865921,99.68460573026766,false,false
10,20.0,149.22913985945075,98.96783079312691,17.036503794068437,2.6484274065904856,141.76282413605708,158.79932793012551,97.28350586025996,99.93193326685045,true,false
10,20.0,156.78225255687403,98.85552190429283,17.531738269717067,3.1021872940652315,148.57852958395299,166.11026785367005,96.89874553149369,100.00093282555892,true,true
10,20.0,168.36415827530615,100.07653024020529,16.419910537463778,3.9065658969056187,160.62302314617335,177.04293368363713,97.56798418683042,101.47455008373603,false,true
10,20.0,152.1658454832239,99.62715356645336,17.992850354302334,2.5820072772730214,144.0785319666192,162.07138232092154,97.96957440336453,100.55158168063755,true,true
10,20.0,154.82329333374418,98.29887538377628,18.05407009315266,2.854268892784276,146.7398496279357,164.79391972108837,96.47339690508105,99.32766579786532,true,false
10,20.0,142.4176909472415,99.41352058713099,16.48073543133009,2.2179404385320822,135.3086307960512,151.7893662273813,97.96713186895165,100.18507230748374,true,true
10,20.0,170.8220733722054,97.66730802421007,17.404514249020764,3.8211783576914087,162.8084320834812,180.21294633250196,95.22560967243697,99.04678803012838,false,false
10,20.0,163.62466563857868,101.24729906379014,16.88756214667808,3.420977064744079,155.98193930180452,172.8695014484826,99.03326578410557,102.45424284884965,false,true
10,20.0,158.3621277761491,98.895209160073,16.177877866487762,3.2846653786308764,151.71020047280257,167.88807833929033,96.8276482554884,100.11231363411927,false,true
10,20.0,158.9291836199359,99.52849371356453,16.81528490407902,3.282826055286293,151.15349579946744,167.96878070354646,97.47792955801725,100.76075561330354,false,true
10,20.0,152.19115934000934,100.32392600921767,16.027343365648193,2.856854006689204,145.23704849211137,161.26439185775956,98.52955222977492,101.38640623646413,true,true
10,20.0,156.7108641786861,99.08394103750013,17.550379047167525,2.8791135696747148,148.9867318120698,166.53711085923732,97.23395608445371,100.11306965412842,true,true
10,20.0,151.9954895959712,99.50961736813892,16.43502060857287,2.932193545715336,144.71813708672698,161.15315769529985,97.62460331915054,100.55679686486587,true,true
10,20.0,142.50613368782507,100.70595300877017,16.570737854176144,2.2654049757146595,135.34153721856202,151.91227507273817,99.20810115293901,101.47350612865367,true,true
10,20.0,162.68715977676368,99.15976528783466,16.38647919601422,3.1643395847504934,155.2124663725322,171.5989455685464,97.12635105098575,100.29069063573624,false,true
10,20.0,140.79426457999455,100.23582127843252,16.285998026306487,2.0428663051104223,134.20973614758336,150.49573417388984,98.89348821971281,100.93635452482323,true,true
10,20.0,161.44931024197035,98.79674749687274,16.903663467490816,3.057076784530963,153.75176893955978,170.6554324070506,96.85173774184464,99.90881452637561,false,false
10,20.0,149.41551283063092,107.00774570142582,15.512432049731501,2.2299598655268227,142.67900183199217,158.19143388172367,105.51450009996988,107.7444599654967,true,false
10,20.0,155.70954664906148,98.5213659988843,16.58782437699901,2.876467831257301,148.31853669904663,164.90636107604564,96.70645633966768,99.58292417092498,true,false
10,20.0,154.81080942676334,98.50237681729487,17.13529204074908,2.983626632811095,147.27319778539254,164.40848982614162,96.58830030642879,99.57192693923989,true,false
10,20.0,134.45921526037424,100.13484035184266,14.891609679561697,1.740758703970485,128.11218978141778,143.00379946097948,99.00423287592201,100.7449915798925,false,true
10,20.0,150.9067489474706,98.8963588956689,17.438924589643648,2.7056618597277264,143.05612339278065,160.4950479824243,97.16589122032167,99.8715530800494,true,false
10,20.0,153.75886724782367,98.84825313351544,16.46507203498325,2.9760528541758333,146.59135967004207,163.05643170502532,96.9586158036928,99.93466865786863,true,false
10,20.0,165.8630063350888,98.57847260298631,15.883758572955514,3.548987457009332,158.5909699265718,174.47472849952732,96.3147084789054,99.86369593591473,false,false
10,20.0,159.3232845704874,99.86992343592294,17.136300662895565,3.0275689562292882,151.69437010952169,168.83067077241725,97.94552404898398,100.97309300521327,false,true
10,20.0,163.56678937075358,105.36838675078599,15.98062922522081,3.1324326756489853,156.33796282344036,172.31859204866117,103.33447541403683,106.46690808968582,false,false
10,20.0,146.87093214755012,100.29340892272069,16.384557969643737,2.416267960564795,139.79573401493076,156.1802919845745,98.68984337804736,101.10611133861215,true,true
10,20.0,168.5491948747677,102.20485276133005,15.628257565313106,3.5967904422447248,161.34531165206442,176.97356921737753,99.88691344107534,103.48370388332006,false,true
10,20.0,165.5326119767186,102.73670744763282,16.120352993665733,3.359826123226057,158.22103457870915,174.34138757237488,100.53851561581092,103.89834173903698,false,false
10,20.0,161.07083816653602,99.40817159839312,15.62502620397521,3.4105385284284324,154.43075021660957,170.05577642058478,97.25635136744657,100.666889895875,false,true
10,20.0,154.14186963747525,98.30550883039302,17.676982191376425,3.075596232527616,146.32347947932982,164.00046167070624,96.274831608997,99.35042784152462,true,false
10,20.0,163.7069431659084,98.66454939854086,17.104191686044118,3.3170944598165306,155.94899801374305,173.05318969978717,96.51120177323486,99.82829623305139,false,false
10,20.0,144.84547738406198,99.05589019220395,16.972381183898392,2.4939825517315626,137.1494916335606,154.12187281745898,97.40984085173352,99.90382340346508,true,false
10,20.0,159.10668746505928,99.37167757756795,16.409045963700294,3.1316616867409124,151.51110245908802,167.92014842278832,97.37850550278075,100.51016718952167,false,true
10,20.0,162.4944045162568,98.14555209865243,17.19950935926127,3.229479931758135,154.84764507923083,172.0471544384921,96.08027791041981,99.30975784217794,false,false
10,20.0,146.61593952942553,102.69880005267831,15.086385729509715,2.3400808408858182,140.4201716927084,155.50655742221812,101.20760753542484,103.54768837631066,true,false
10,20.0,158.11730270609695,107.200017357664,15.313991311035494,2.6671724134500607,151.27482034279612,166.5888116538316,105.48008182351026,108.14725423696032,false,false
10,20.0,159.5371285602666,104.65578664796251,17.181693751572254,3.007444715036584,151.88309930572905,169.0647930573013,102.69109077979145,105.69853549482804,false,false
10,20.0,151.85401047202052,98.48632977991518,17.753586252183027,2.9527140156855722,143.9269107314351,161.68049698361813,96.62384766321772,99.57656167890329,true,false
10,20.0,149.18612912132238,101.73655646418229,17.020546443339725,2.56444395942799,141.77318398491795,158.79373042825767,100.06807073688542,102.63251469631341,true,false
10,20.0,162.902425418677,98.34033442559627,17.277852334588005,3.3264266448345836,154.71566620818479,171.9935185427728,96.23487822380139,99.56130486863597,false,false
10,20.0,140.47729404126733,101.15078630395928,14.610788425509952,2.0892721615136907,134.44707166706036,149.0578600925703,99.79614567887612,101.8854178403898,false,true
10,20.0,149.37484218584063,103.05462160205296,15.07616445195157,2.4195042317732316,143.05095138412574,158.1271158360773,101.52146671516685,103.94097094694008,true,false
10,20.0,152.23647690447126,98.3067919712546,17.17198928762423,2.7478761598688095,144.99729457853908,162.1692838661633,96.55990182468676,99.30777798455557,true,false
10,20.0,156.2027817265504,100.47791861404465,16.555181077320867,2.8456755517022003,148.56329593486305,165.11847701218392,98.63953317051573,101.48520872221793,true,true
10,20.0,151.77006865164597,98.51905365644032,15.801505477924934,2.9394634729557083,144.67307194550435,160.47457742342928,96.6510076053004,99.59047107825612,true,false
10,20.0,133.85969973407097,102.7332854952026,12.870864272696053,1.541454293022042,128.72377727969013,141.59464155238618,101.74542066768737,103.28687496070941,false,false
10,20.0,162.91492779446816,98.7568484302895,17.569325524744016,3.0697671181903985,154.9814881804154,172.5508137051594,96.80412773415195,99.87389485234235,false,false
10,20.0,160.565585343892,98.24876444090162,17.624187496587922,3.331004906483571,152.68831841312328,170.3125059097112,96.12479460147799,99.45579950796156,false,false
10,20.0,165.95037132637592,104.12199346504585,15.390929836122638,3.5959291777649156,158.86455672320346,174.2554865593261,101.76834283256608,105.36427201033099,false,false
10,20.0,164.61061398456553,99.0890586960257,16.046701015529607,3.4754228462914227,157.47653552931848,173.5232365448481,96.88487956336283,100.36030240965425,false,true
10,20.0,159.37550324283123,100.52139256173334,17.549084485625855,2.9838967788567743,151.4234036440731,168.97248812969895,98.58649484219359,101.57039162105036,false,true
10,20.0,155.00675701928193,98.53560501119475,17.286273972668937,2.952171625394442,147.14821273363663,164.43448670630556,96.5927496893512,99.54492131474564,true,false
10,20.0,166.26455475188635,98.9832824964667,16.29246642028795,3.5852437590658894,158.7587518693182,175.05121828960614,96.65426912030824,100.23951287937413,false,true
10,20.0,159.91480785071656,98.72633360146992,16.457167596815225,3.2257081004308787,152.43714609554303,168.89431369235825,96.67154667884816,99.89725477927904,false,false
10,20.0,158.60936360218037,100.9989346343531,16.80537939774129,3.1073204764049365,151.26912495739464,168.07450435513593,99.05533124025592,102.16265171666086,false,true
10,20.0,158.88798337545091,101.6160489798554,17.53847640760705,3.2343680559403083,151.15117797001682,168.68965437762387,99.52385903570999,102.7582270916503,false,true
10,20.0,156.5124674404898,98.72201643154537,16.351764506334348,2.8721693417143115,148.86085055649949,165.21261506283383,96.87587473955244,99.74804408126676,true,false
10,20.0,148.38651068956312,100.30736165272833,17.863222695585904,2.6580462997530674,140.50451781880258,158.3677405143885,98.62596512650296,101.28401142625603,true,true
10,20.0,151.7045328990838,99.00919980750902,17.457372989217816,2.6369348659403613,143.68063524146504,161.13800823068286,97.32411718598952,99.96105205192988,true,false
10,20.0,160.01964119131628,101.96784622151546,16.936079679890327,3.063684337342252,151.7819836940526,168.71806337394293,99.97345290507623,103.03713724241848,false,true
10,20.0,155.8756248198186,98.19831783749784,16.063340243957015,3.1565805009567782,148.7992700673247,164.8626103112817,96.16064421821136,99.31722471916814,true,false
10,20.0,138.71185739008033,99.32759302325395,16.863536479825058,1.936359410224668,131.455335478164,148.31887195798905,98.04253721744779,99.97889662767246,false,false
10,20.0,160.17071868788454,99.73782399950426,17.235205129770208,3.284141628831705,152.45261009155854,169.68781522132875,97.60068112646617,100.88482275529788,false,true
10,20.0,146.2457469075033,100.00383184314113,18.03386154933304,2.477509840892324,138.30928721461714,156.34314876395018,98.3764484842502,100.85395832514253,true,true
10,20.0,157.26349429119972,99.15323764612654,15.310262026385487,3.146147954017181,150.28374027041548,165.59400229680097,97.1240257905928,100.27017374460998,false,true
10,20.0,159.76377682603407,97.99627858115542,16.804654888267436,3.388705407636394,152.03739999437042,168.84205488263785,95.84270987415283,99.23141528178922,false,false
10,20.0,154.62293943968677,98.98515562584264,17.27081013519168,2.963429578341348,146.62512227861464,163.89593241380632,97.10701634029397,100.07044591863531,true,true
10,20.0,164.22199665033503,101.64488689490699,15.124340220155375,3.533904811225284,157.34666539134446,172.47100561149983,99.42624023616375,102.96014504738903,false,true
10,20.0,147.89185217710258,100.61138166862008,16.71480921696093,2.4960372849246966,140.67618348203916,157.3909926990001,99.03584462624464,101.53188191116934,true,true
10,20.0,160.1346313151866,98.22458543326869,16.46897095679509,3.1694795064413768,152.0772848587515,168.5462558155466,96.181808225954,99.35128773239538,false,false
10,20.0,150.99595013014374,98.59767067975221,17.098714106549807,2.5562992754175298,143.5435297764624,160.6422438830122,96.97348523144626,99.52978450686379,true,false
10,20.0,161.4544309827334,98.74382653319671,16.688962098300095,3.3167864484081093,154.17542947486265,170.86439157316275,96.64979786695713,99.96658431536524,false,false
10,20.0,158.34970616456468,98.9608304349303,17.020902072095794,3.1908172579608873,150.44483569655773,167.46573776865353,96.87618028486182,100.0669975428227,false,true
10,20.0,165.4226031387193,100.0620424047139,18.54468331946501,3.390346994431198,156.986325459539,175.531008779004,97.88342481630521,101.2737718107364,false,true
10,20.0,146.9110134501188,98.68365637098967,18.070447854351187,2.463622047102163,138.6339706553755,156.70441850972668,97.08164331854294,99.54526536564511,true,false
10,20.0,152.81082892009863,101.67134699726421,16.013995681429464,2.606860868966578,145.79169501337466,161.80569069480413,100.00451007669076,102.61137094565734,true,false
10,20.0,151.5151268150935,99.07652936625922,15.613325068358819,2.8346274093136117,144.67748758147124,160.29081264983006,97.27840712340883,100.11303453272244,true,true
10,20.0,153.87723778313278,98.7898896344883,17.183777928041224,2.676676111962351,146.063001400676,163.24677932871722,97.04684345960673,99.72351957156908,true,false
10,20.0,162.87618136305537,98.92649159199074,17.332002853948154,3.2913255568353748,154.82397987526107,172.15598272920923,96.8762434808271,100.16756903766247,false,true
10,20.0,163.19845494059268,107.001558794365,14.855317901152688,3.0435931932397864,156.40253142598206,171.25784932713475,105.05673772694865,108.10033092018844,false,false
10,20.0,146.74919472705278,98.74769518488634,17.298359228027778,2.4908509738394855,139.09294166522693,156.3913008932547,97.13255931679694,99.62341029063643,true,false
10,20.0,149.9817839855159,101.30952178402669,15.696542176982035,2.579734885661196,143.14572404067346,158.8422662176555,99.67109413505233,102.25082902071352,true,true
10,20.0,150.73583566571884,100.32604602501189,17.157873676819122,2.691571485797013,143.13836898603648,160.2962426628556,98.61207979755297,101.30365128334998,true,true
10,20.0,170.1351584316347,102.17120135390371,16.588740647693754,3.819327669741611,162.72374741288812,179.31248806058187,99.75460026664238,103.573927936384,false,true
10,20.0,162.68238338310513,97.95034085694779,15.79264124993739,3.506764791566752,155.53730669950045,171.32994794943784,95.68398895192784,99.1907537434946,false,false
10,20.0,159.51021545779258,98.30695344870144,17.416782309208656,3.4247011637286704,151.42485275153703,168.8416350607457,96.16469430865162,99.58939547238029,false,false
10,20.0,160.38223258009205,99.98647062197105,16.633840835336343,3.364732826168364,152.99288348999738,169.62672432533373,97.84847096640588,101.21320379257425,false,true
10,20.0,155.68314652035258,100.15678869698527,17.795135561412764,2.92244882898585,147.5339062767142,165.32904183812695,98.3140106734389,101.23645950242475,true,true
10,20.0,157.88981535319473,102.02109210805438,17.516827738992163,2.8685170475014985,150.09225613793208,167.60908387692425,100.16657231470515,103.03508936220665,false,false
10,20.0,145.3185963304731,102.88013219610579,16.373013090604474,2.187963360173427,138.28671149588644,154.6597245864909,101.48529332730865,103.67325668748208,true,false
10,20.0,164.85312165150475,98.62553394372617,16.55838092872517,3.6056029471200617,157.43213575026036,173.99051667898553,96.26434397553899,99.86994692265905,false,false
10,20.0,165.7205531070686,98.10627335169656,15.679728762992426,3.6670312520582655,158.71578793522522,174.39551669821765,95.7332856456272,99.40031689768547,false,false
10,20.0,158.71263133654438,101.35175967220849,16.539401961958248,2.9594685858646415,151.32560262862984,167.8650045905881,99.51054335191131,102.47001193777595,false,true
10,20.0,156.19636542378743,98.26275542341278,16.930284011175416,3.105879528167847,148.9508127281418,165.88109673931723,96.2961683273373,99.40204785550515,true,false
10,20.0,152.47996233122677,102.66987457762798,16.68655326666226,2.655633607319814,145.21870011546702,161.90525338212927,100.9473373026974,103.60297091001722,true,false
10,20.0,166.7462465180961,101.40571600142611,17.174097594875974,3.4008667445051515,159.02783242544345,176.20193002031942,99.21670391499387,102.61757065949902,false,true
10,20.0,145.66793203001936,100.86460279401898,15.899811045909729,2.398992667478538,138.69609785109304,154.59590889700277,99.32914938831871,101.72814205579725,true,true
10,20.0,162.2987933703487,100.46584776850847,16.628602213465683,3.2107404505541552,154.59884885369985,171.22745106716553,98.41423745078438,101.62497790133854,false,true
10,20.0,146.94665433101295,106.09261320420588,14.374922466188877,2.054956330023103,140.77432794145497,155.14925040764385,104.7550357262309,106.809992056254,true,false
10,20.0,164.15766886365208,99.67596844548238,18.787678938645513,3.325403967202547,155.41962654199006,174.20730548063557,97.54689230432946,100.87229627153201,false,true
10,20.0,148.77152957719613,100.87889669336607,15.75059773155732,2.5046700013054704,141.9777662050597,157.72836393661703,99.25864586451533,101.7633158658208,true,true
10,20.0,158.85145837728314,98.51080209752598,17.441922952100697,3.1670001244899737,150.75960867288074,168.20153162498144,96.42537152580053,99.5923716502905,false,false
10,20.0,153.81839826657148,98.93359743064605,16.83439598608902,3.003410285874125,146.23907247561317,163.0734684617022,97.00203610416318,100.0054463900373,true,true
10,20.0,166.341308719826,103.41771432659613,15.472166083219776,3.4022086134967253,159.46540240765574,174.93756849087552,101.29155144279122,104.69376005628794,false,false
10,20.0,159.90330861548483,100.48053314514561,16.239448133357854,3.240127845217728,152.38467949140144,168.6241276247593,98.39918414365124,101.63931198886897,false,true
10,20.0,162.62964407501934,103.413652508767,15.018492664657487,3.135001387808188,155.68691378642384,170.70540645108133,101.40364356530088,104.53864495310907,false,false
10,20.0,159.68387434312743,99.17464798782277,17.589714097968283,3.1049684468123786,151.6561642130309,169.2458783109992,97.22808493726666,100.33305338407904,false,true
10,20.0,144.7116273315304,98.73656282998448,17.30615612254897,2.397949077825814,137.27636663280367,154.58252275535264,97.18704787269121,99.58499695051702,true,false
10,20.0,135.98732027954424,102.43683833916293,14.074665344567308,1.6910884255906353,130.4265612470815,144.50122659164882,101.35004923227383,103.04113765786447,false,false
10,20.0,161.79123191299288,104.94133219139347,14.512316952309163,3.046180960840047,155.64730089763083,170.15961784994,103.00023494486206,106.0464159057021,false,false
10,20.0,154.78330588126565,103.12662752971355,17.502347562338628,2.5019308631510313,146.77776495050887,164.2801125128475,101.51933978751985,104.02127065067089,true,false
10,20.0,146.7122741976547,102.69143965762329,15.884728235474626,2.2721942793006065,139.87387271590003,155.75860095137466,101.21671580523619,103.4889100845368,true,false
10,20.0,156.88178069150496,98.69376702491152,17.53287679232949,2.895402372343952,148.9736322044101,166.5065089967396,96.84727537627684,99.74267774862079,true,false
10,20.0,163.03803945500036,99.17236838291541,16.239538540442766,3.277583624095797,155.67104753753472,171.91058607797748,97.0941786935258,100.3717623176216,false,true
10,20.0,156.96767380838594,103.96275179029601,14.880695704715436,2.874886552851578,150.4793193269615,165.36001503167694,102.11844712034717,104.99333367319875,false,false
10,20.0,155.07335393420556,101.00698454113444,17.152145587471608,3.076302356433274,147.2868300398619,164.43897562733352,99.03880536582557,102.11510772225884,true,true
10,20.0,145.89982830166286,98.86955331688435,18.070041847782164,2.2932809790673616,137.74565570753256,155.81569755531473,97.41286830889905,99.70614928796641,true,false
10,20.0,165.58392561838963,102.22062623229843,14.768875440353355,3.30463679690331,158.98395623444966,173.75283167480302,100.10984337852318,103.41448017542649,false,false
10,20.0,156.96635908001457,100.91639627530807,16.364363901734777,3.0577848170087805,149.45806402047359,165.82242792220836,98.95738497583204,102.01516979284082,true,true
10,20.0,150.1432006394868,100.03215331872315,16.85703795434381,2.5502751002228905,142.31200479411586,159.16904274845967,98.3996069233694,100.9498820235923,true,true
10,20.0,170.89112285923946,98.1032013777,16.353550263563193,3.7553817737167066,163.08712318358053,179.44067344714372,95.70969207878768,99.46507385250439,false,false
10,20.0,159.88860774509436,98.13225285964748,18.907777556312027,3.1542083948936153,150.95756061778533,169.86533817409736,96.1219016054826,99.27611000037622,false,false
10,20.0,154.69324066593873,99.01086762375314,16.25441173226099,2.8442183520996025,147.21370172419117,163.46811345645216,97.20836548393197,100.05258383603157,true,true
10,20.0,155.56223528352257,99.94925942348239,16.67389043531108,3.0039265961740824,148.03732564893585,164.71121608424693,98.01493677419322,101.0188633703673,true,true
10,20.0,167.62540898834442,104.74515743263352,16.292365753875572,3.26410225996635,159.89366392828458,176.18602968216015,102.72001968660277,105.98412194656912,false,false
10,20.0,144.36807832566927,99.98129493692196,16.918746421285846,2.174884612682817,136.8234300274886,153.74217644877444,98.58725902970234,100.76214364238515,true,true
10,20.0,152.7091981039006,99.69219300738061,17.377594244165977,2.610895384428929,145.12241890999042,162.5000131541564,98.01391084062362,100.62480622505255,true,true
10,20.0,151.48722655092712,98.603122458315,17.547704250213485,2.8371208631692895,143.97541590755915,161.52312015777264,96.7944401137505,99.63156097691979,true,false
10,20.0,157.80129213954598,102.28122962865993,16.840736981807765,2.818098397776083,150.17782614630565,167.0185631281134,100.49007921621502,103.3081776139911,false,false
10,20.0,146.16975423857923,99.00655147011346,18.090942666222617,2.365845522409259,137.97358742376474,156.06453008998736,97.46466559737578,99.83051111978504,true,false
10,20.0,154.83360225403462,99.339089893318,18.202178865044942,2.892526272779932,146.50210212600192,164.70428099104686,97.44530220772316,100.33782848050309,true,true
10,20.0,158.0156887094555,103.8822321683552,16.701487810040334,2.8269808725624017,150.48449168102954,167.18597949106987,102.08511629561833,104.91209716818074,false,false
10,20.0,167.54118795754454,99.57407545195697,16.464741003992685,3.5624803324717362,159.966261692033,176.43100269602567,97.29684590846168,100.85932624093341,false,true
10,20.0,150.07867039003483,100.40315257461373,16.773347386515667,2.7168574836424,142.4810835347103,159.25443092122597,98.61910568764534,101.33596317128774,true,true
10,20.0,165.0876101706574,99.14187785478855,17.23268962388414,3.5075510006941926,157.00544867548743,174.23813829937157,96.8726779503597,100.3802289510539,false,true
10,20.0,159.21981844093744,98.86813954615951,14.28205480472937,3.1178133622138375,153.3150975885881,167.59715239331746,96.89133378834636,100.0091471505602,false,true
10,20.0,166.8690515536565,97.7670661829919,17.196809706184126,3.7779225389240025,159.07671845346982,176.27352815965395,95.36193744446891,99.13985998339291,false,false
10,20.0,155.44825536787266,99.60497693633776,16.745859739667566,2.943446820018494,147.9977714762259,164.74363121589346,97.73845854450819,100.68190536452668,true,true
10,20.0,164.19156980601673,99.1597946194427,15.815530063198992,3.21851870956786,157.16479421015404,172.98032427335303,97.08245843422272,100.30097714379058,false,true
10,20.0,172.07722509888129,102.36771326211894,16.488844038283645,3.6290984935142774,164.43622431192063,180.92506835020427,100.14076045299501,103.76985894650929,false,false
10,20.0,142.8313743662929,101.88425664101155,15.943312547470072,2.1775736498841667,136.0109412404017,151.95425378787178,100.47507887265313,102.6526525225373,true,false
10,20.0,166.8048665513008,99.07389446655233,16.54240452710914,3.4845945754365744,159.43481924393785,175.977223771047,96.82193106301776,100.30652563845433,false,true
10,20.0,162.38922204736932,99.5968045268618,17.34327965413027,3.239942333855055,154.44055345198763,171.7838331061179,97.52182771285761,100.76177004671267,false,true
10,20.0,159.21548562106364,101.75585116864306,16.701530177323434,3.0569142968273297,151.15309820232966,167.8546283796531,99.77062676017202,102.82754105699935,false,true
10,20.0,144.9064818459836,99.91369014291004,15.941701929398334,2.2915630949415515,138.24156815834056,154.1832700877389,98.41639149273784,100.7079545876794,true,true
10,20.0,160.14272479432077,98.9696675504349,16.586121317003204,3.1794889512386817,152.45091020850944,169.03703152551265,96.94018311193386,100.11967206317254,false,true
10,20.0,148.38842003773874,98.80498140894139,17.351999303311203,2.5659281849318774,140.31427350534335,157.66627280865455,97.17920932997846,99.74513751491034,true,false
10,20.0,137.84564194311784,102.46144739494812,14.340978961386156,1.941431823114911,131.82334833336574,146.1643272947519,101.21531085981158,103.15674268292649,false,false
10,20.0,147.2891309264481,102.05305839521758,15.757981568597359,2.4877869476296723,140.53985053899106,156.29783210758842,100.42825579314335,102.91604274077302,true,false
10,20.0,145.75386675840087,99.70249931893494,16.980216636857534,2.5072345008200756,138.1477719567638,155.12798859362132,98.10633021752815,100.61356471834823,true,true
10,20.0,168.91630431195284,99.57468589415669,15.802056060834133,3.568644093372626,161.78552463973887,177.587580700573,97.33079663951379,100.89944073288642,false,true
10,20.0,161.6150896825372,98.06904092781603,17.73571737392743,3.476975740918334,153.40905488378576,171.14477225771319,95.86601751842724,99.34299325934558,false,false
10,20.0,146.0077859917762,99.46766168527611,16.678087208078296,2.544109168316254,139.02932977896097,155.70741698703927,97.79037827187778,100.33448744019404,true,true
10,20.0,141.12567183341747,99.05307113726423,15.161699673902035,2.0653708865549163,134.69521536846747,149.8569150423695,97.76260139598298,99.8279722825379,false,false
10,20.0,162.61756392385462,98.42262094710372,18.535036442464303,3.4795561634757917,154.18466881342167,172.71970525588597,96.21978308461175,99.69933924808754,false,false
10,20.0,149.9883474700994,98.64064744090601,16.781567038621517,2.595884002220373,142.4083571057608,159.18992414438233,97.00897969284262,99.60486369506299,true,false
10,20.0,153.84315322844964,102.40102195884694,16.70446132988326,2.636404489887255,146.50846131507467,163.21292264495793,100.71615111207424,103.3525556019615,true,false
10,20.0,168.09596728415065,97.91582190368467,16.027533119876978,3.698482194976407,160.90873452565316,176.93626764553014,95.58135659242319,99.2798387873996,false,false
10,20.0,155.27412882134405,98.96805635685382,17.078615942991263,2.9284765412621994,147.85993801309598,164.93855395608725,97.05540712061385,99.98388366187605,true,false
10,20.0,165.59995573233974,99.13938377781653,16.34369032191222,3.6821366719256474,158.21756918315538,174.5612595050676,96.77053291413533,100.45266958606098,false,true
10,20.0,146.1145900857251,98.6277775561873,17.180304735282135,2.514599011126947,138.28885533239588,155.46916006767802,97.01873517664626,99.5333341877732,true,false
10,20.0,172.09344114076697,97.96218127007592,16.58218719621641,4.190791994882886,164.27065247272805,180.85283966894445,95.20800149797043,99.39879349285332,false,false
10,20.0,162.24159277835375,98.8556846323975,16.98995991936178,3.2464584329351567,154.37347852528444,171.36343844464622,96.72442617958963,99.97088461252478,false,false
10,20.0,149.4947707729337,99.11113897704183,16.453597396220232,2.7111042469945943,142.34919477299061,158.80279216921085,97.38081138303788,100.09191563003247,true,true
10,20.0,164.84625397707524,99.38209368583482,17.1356911888237,3.431098584797212,156.94362325693842,174.07931444576212,97.1946462352885,100.62574482008571,false,true
10,20.0,154.90586619246957,101.31449523313728,14.729301493908281,2.7775591511649935,148.5059806380316,163.23528213193987,99.51286431068917,102.29042346185416,true,true
10,20.0,151.65988489412854,100.42116840069505,16.578765657143464,2.6363340223245046,144.14796088124564,160.7267265383891,98.74899124300872,101.38532526533322,true,true
10,20.0,161.48448002702517,98.87683304003096,16.94520601570261,3.265012529002945,153.73797162970632,170.68317764540893,96.74118650646912,100.00619903547206,false,true
10,20.0,163.01719462108113,101.59790190587724,17.383717808572044,3.2435874198426404,155.1655547755372,172.54927258410925,99.52108921541137,102.764676635254,false,true
10,20.0,157.09314899784343,98.2795505718363,17.917288663235695,3.0874733007560025,148.63428239228023,166.55157105551592,96.27451513914491,99.36198843990091,true,false
10,20.0,165.61344106448797,97.87653282954466,17.005549900463336,3.515084929884935,157.71968054319257,174.7252304436559,95.68228613331193,99.19737106319687,false,false
10,20.0,152.17456013185824,98.73269577840753,16.267076680997434,2.8107157337965134,145.13094520509154,161.39802188608897,96.92995563263872,99.74067136643524,true,false
10,20.0,168.8105516542842,99.76665294863238,15.014149146903662,3.6470301593779766,161.91169487912472,176.9258440260284,97.45806093945873,101.10509109883671,false,true
10,20.0,147.28993761449922,100.65539119990194,16.50910786239936,2.6039747792023604,140.06267783899636,156.57178570139573,98.98218451458766,101.58615929379002,true,true
10,20.0,149.35055055607683,105.14577602396533,14.191319054960047,2.4025211890576657,143.2031507159477,157.39446977090773,103.61351250257772,106.01603369163539,true,false
10,20.0,171.7840414770552,98.37979327632418,17.464235014328693,4.021092868826685,163.7588067491528,181.2230417634815,95.8195447085386,99.84063757736529,false,false
10,20.0,162.60674001655718,98.22387563734632,17.00749427801773,3.4503089380866214,155.0222056655689,172.02969994358662,96.03999167164784,99.49030060973446,false,false
10,20.0,167.13559687634415,98.11518756637807,16.7148549079659,3.614478434920386,159.44266677450005,176.15752168246595,95.78080033219487,99.39527876711526,false,false
10,20.0,151.06192767762184,99.14650222875912,16.677935193631583,2.445854625067412,143.48271378319916,160.16064897683074,97.5950961430481,100.04095076811551,true,true
10,20.0,157.04867357611312,100.47594493913165,16.860293148642825,2.918658772520672,149.5255670481462,166.38586019678903,98.63067190936324,101.54933068188392,true,true
10,20.0,160.39740431231894,103.54915172637592,16.77367302018922,3.0556030654548323,152.87345664797613,169.64712966816535,101.60936545961907,104.6649685250739,false,false
10,20.0,144.5556638617458,100.60214617369121,16.967847143976286,2.3921863780907273,137.5062729250026,154.4741200689789,99.04418562897834,101.43637200706907,true,true
10,20.0,172.37887129427696,100.81048700086433,16.07236377167439,4.041205209500532,164.92914346380707,181.00150723548145,98.15129325980661,102.19249846930714,false,true
10,20.0,155.6018716430247,99.48674985475736,17.701758034911194,3.095654454343048,147.4753997878316,165.1771578227428,97.45920315470985,100.5548576090529,true,true
10,20.0,157.83843658585718,98.79256205243234,17.297114233689058,3.158544837862351,149.89137534765484,167.1884895813439,96.76641404348298,99.92495888134533,true,false
10,20.0,164.48410851552165,102.53817411393263,14.666393945192908,3.3119270835486816,157.62795781463305,172.29435175982596,100.41686928658302,103.7287963701317,false,false
10,20.0,144.90977271144058,98.7278859483811,17.22863181627605,2.3220927596294416,137.0070528820664,154.23568469834245,97.23912790884513,99.56122066847458,true,false
10,20.0,145.38655546175693,98.6100371437553,17.06290022223962,2.370822730319645,137.9705915716787,155.03349179391833,97.09335844967354,99.46418117999319,true,false
10,20.0,168.3398818712017,98.30461097297996,16.703096853243267,3.611059241942911,160.68964649605772,177.39274334930099,96.05997010058755,99.67102934253046,false,false
10,20.0,149.92016518521783,100.51765767795538,16.96800680622576,2.4936500061805447,142.13315616030658,159.10116296653234,98.89083055362957,101.38448055981011,true,true
10,20.0,170.43664241364357,99.07186503594278,16.55984848716352,3.6383494210279963,162.97806159284454,179.53791008000806,96.82559263674108,100.46394205776907,false,true
10,20.0,160.4321943051845,100.06551416488777,15.76773814931505,3.209843836066298,153.3059049585282,169.07364310784325,98.01572678206438,101.22557061813067,false,true
10,20.0,157.8770253418822,101.544477869912,17.24460685320355,2.8592636734449854,150.13230152029624,167.3769083734998,99.72062122829166,102.57988490173665,false,true
10,20.0,161.698108289592,98.51329173441968,17.71651744393543,3.5436285781083257,153.55960595097474,171.27612339491017,96.2883453656136,99.83197394372192,false,false
10,20.0,149.13125998396333,101.54445252086643,17.031480517039853,2.5793762133100415,141.53281347491298,158.56429399195284,99.86159212690002,102.44096834021006,true,true
10,20.0,158.58689562372933,99.58315702150225,17.320295337191396,3.0229824472730513,150.77578392806754,168.09607926525894,97.69297637396035,100.7159588212334,false,true
10,20.0,136.43072335884307,101.58797623690177,14.62513882711869,1.7522122973377208,130.62408301770753,145.24922184482622,100.45298730910872,102.20519960644644,false,false
10,20.0,165.4724010070858,101.4582316847653,15.545307138814849,3.745424224408737,158.6944794702911,174.23978660910595,99.04657516246763,102.79199938687637,false,true
10,20.0,154.93867987571173,98.54941899178635,17.542332379308277,2.823924750323769,147.17022260719764,164.71255498650592,96.69036149693383,99.5142862472576,true,false
10,20.0,161.3329928794569,98.69285513762838,16.360887164673642,3.257935209227,153.94291696261172,170.30380412728536,96.66988930064757,99.92782450987457,false,false
10,20.0,159.29012008586176,100.82602016663007,17.036131978530904,3.2917898569942423,151.74865710085868,168.78478907938958,98.74992308825848,102.04171294525273,false,true
10,20.0,166.24136909666834,99.2231938625836,17.564812150810127,3.517292624973365,158.06304365461173,175.62785580542186,97.03589100391119,100.55318362888455,false,true
10,20.0,154.7264262981357,101.21649905607134,15.541454455478885,2.8359790611541484,147.82315728542653,163.36461174090542,99.45764961890777,102.29362868006191,true,true
10,20.0,146.79419424937635,101.8543091373077,14.951763958996168,2.5424434427080342,140.1666068554418,155.11837081443798,100.19500448175597,102.737447924464,true,false
10,20.0,163.293851599272,98.77994616665897,17.411351882799323,3.5656107458475077,155.52119883191287,172.9325507147122,96.48881872490544,100.05442947075295,false,true
10,20.0,146.13359927215794,98.98975339804238,16.27866010354694,2.5813509297651223,139.09791895290812,155.37657905645506,97.34787282694452,99.92922375670965,true,false
10,20.0,160.2179826704406,97.97646863035676,16.141625180926155,3.3374833296474122,152.93004514240397,169.07167032333012,95.87198961181295,99.20947294146036,false,false
