ndata,sigma,theta1_median,theta2_median,theta1_iqrs,theta2_iqrs,quartiles1_1,quartiles3_1,quartiles1_2,quartiles3_2,theta1_coverage,theta2_coverage
500,1.0,167.02986497318034,98.07576708453003,1.3554815011453627,1.551790393242328,166.36047585001566,167.71595735116102,97.26139449638436,98.81318488962668,false,false
500,1.0,166.58516814439952,98.20907502368915,1.3275779377992762,1.5238842377922737,165.9142834807591,167.2418614185584,97.40179198199893,98.9256762197912,false,false
500,1.0,166.96480211616586,98.07085833787238,1.351881565699955,1.5134485700457816,166.29168550883648,167.64356707453643,97.29997188940968,98.81342045945546,false,false
500,1.0,166.81199190127,98.1267916355966,1.3397626538186955,1.5086661935398666,166.1374473599077,167.4772100137264,97.33618638393017,98.84485257747004,false,false
500,1.0,166.71174559072102,98.18008568956583,1.3467288237394541,1.5840614238113062,166.0430351001034,167.38976392384285,97.37723401071285,98.96129543452416,false,false
500,1.0,166.7798674339393,98.17327881185004,1.339359472097243,1.5225878166852738,166.1088685209389,167.44822799303614,97.37946428416085,98.90205210084612,false,false
500,1.0,167.0302923079525,98.07458107877868,1.3704017381864162,1.5240537332519608,166.32655789820058,167.696959636387,97.31411970988404,98.838173443136,false,false
500,1.0,166.69554602398046,98.18429438676563,1.352830176708295,1.5235583482465245,166.03874546847615,167.39157564518445,97.39802215780253,98.92158050604905,false,false
500,1.0,166.80286638708932,98.11690988387133,1.3818794486675756,1.4975328258498735,166.12332935125323,167.5052087999208,97.3472083920457,98.84474121789557,false,false
500,1.0,166.95241675360742,98.10517292192819,1.3557623275440847,1.5145661508627626,166.27387567412887,167.62963800167296,97.32200175568782,98.83656790655058,false,false
500,1.0,167.05384073399674,98.07070633707573,1.3457334570641422,1.5412786435218777,166.36322725931709,167.70896071638123,97.29283453140062,98.83411317492249,false,false
500,1.0,166.80751157794384,98.14659162733794,1.3759247632567337,1.5354951319909844,166.1337405917893,167.50966535504602,97.35687925797892,98.8923743899699,false,false
500,1.0,166.77382724037665,98.17092246450518,1.3444171237059948,1.549571668543578,166.0880238170687,167.43244094077468,97.38128750617523,98.9308591747188,false,false
500,1.0,166.7641773079497,98.15106892046632,1.3960372109400794,1.5224294599400423,166.07370642738027,167.46974363832035,97.36649910661913,98.88892856655917,false,false
500,1.0,166.94756168676673,98.0946589603675,1.3466261173215628,1.5204621291696157,166.30223551781586,167.64886163513742,97.31511469113734,98.83557682030695,false,false
500,1.0,166.8933706330387,98.1006226618036,1.3581846793087209,1.487289281804408,166.213053439633,167.57123811894172,97.34681595080204,98.83410523260645,false,false
500,1.0,167.16524780728588,98.02244279820201,1.3369531477347607,1.5264623424406238,166.47490887767827,167.81186202541303,97.22923760589164,98.75569994833226,false,false
500,1.0,166.79908537824244,98.13657319569953,1.3738775753549533,1.5049985222547235,166.1111259512576,167.48500352661256,97.357639063564,98.86263758581872,false,false
500,1.0,166.85767222378044,98.14704244777717,1.3633415323440374,1.53690721333804,166.1898380339406,167.55317956628463,97.34195889261618,98.87886610595422,false,false
500,1.0,166.94498122749098,98.09094471449257,1.3626325396100754,1.5210396806892987,166.27427679342054,167.63690933303062,97.30963222620791,98.83067190689721,false,false
500,1.0,166.95857744294872,98.08343448008368,1.3667344873379648,1.5346001321308194,166.28089954296806,167.64763403030602,97.30113522712682,98.83573535925764,false,false
500,1.0,167.1561546598306,98.05121189076968,1.352920709972409,1.521334623238019,166.48583070259048,167.83875141256289,97.2532210301201,98.77455565335812,false,false
500,1.0,166.60491608177023,98.20207902171967,1.396988814694339,1.5301116978947675,165.9236590323764,167.32064784707075,97.42163189945711,98.95174359735188,false,false
500,1.0,166.72153159404138,98.15423840872052,1.3552459012635438,1.4769442163797066,166.06570166460654,167.42094756587008,97.40150480784399,98.8784490242237,false,false
500,1.0,166.84298206063832,98.09459784237988,1.333615051057592,1.5207648920159613,166.18563088516984,167.51924593622743,97.31264472962025,98.8334096216362,false,false
500,1.0,166.96531198361652,98.09422001052505,1.3507310878248973,1.5260350303667707,166.29104233240434,167.64177342022924,97.34583259810084,98.87186762846761,false,false
500,1.0,167.32949270896015,98.02608935041428,1.3608418769458126,1.5279777878293714,166.63071703156425,167.99155890851006,97.2298033459186,98.75778113374797,false,false
500,1.0,166.96956943287256,98.0733030853433,1.351874676486915,1.5290419387414005,166.29301165078377,167.64488632727068,97.29332822896293,98.82237016770434,false,false
500,1.0,167.0829055746778,98.0893699128479,1.3267154839833495,1.4939799627574644,166.41822230622523,167.74493779020858,97.31926696981671,98.81324693257417,false,false
500,1.0,167.14669625460675,98.06253742662685,1.3736052597899686,1.5678164067423523,166.46008492386156,167.83369018365153,97.24263884413114,98.81045525087349,false,false
500,1.0,166.77490779953774,98.17762832559129,1.3792598416553972,1.5301751071492191,166.09615794514505,167.47541778680045,97.36061879898902,98.89079390613824,false,false
500,1.0,166.4420333442044,98.24045105838889,1.3863481019877497,1.5388233742819182,165.75361511071506,167.1399632127028,97.4639541715052,99.00277754578711,false,false
500,1.0,166.78806494869195,98.15015440967059,1.3572220722344355,1.5611951554100614,166.11397864952562,167.47120072176006,97.3656345528889,98.92682970829897,false,false
500,1.0,167.25282442454773,97.98740135439505,1.3289392740640267,1.552068408874817,166.60459103085438,167.9335303049184,97.19695198705477,98.74902039592959,false,false
500,1.0,166.87560588697613,98.14496827655567,1.3801876934231814,1.5544878876498416,166.17816511782348,167.55835281124666,97.3350329280938,98.88952081574364,false,false
500,1.0,166.907721676471,98.11155159315294,1.3843739335491705,1.5149039989575641,166.2247919764758,167.60916591002498,97.32101658108152,98.83592058003909,false,false
500,1.0,166.9712106526352,98.11275191923028,1.343820650865382,1.5260915046848993,166.29788183337115,167.64170248423653,97.31784944184028,98.84394094652518,false,false
500,1.0,166.5457631358631,98.27280635785047,1.3447534915712254,1.5604705173993096,165.87870750218627,167.2234609937575,97.48255092246022,99.04302143985953,false,false
500,1.0,167.07766831076884,98.05366773107944,1.318592505148814,1.528766994845924,166.4301269607365,167.7487194658853,97.26147179497086,98.79023878981678,false,false
500,1.0,166.9415080289548,98.10226429959522,1.35876071758085,1.5026048693508045,166.26003628621098,167.61879700379183,97.34147289625004,98.84407776560084,false,false
500,1.0,166.79503051236128,98.13280170978024,1.3585278877205837,1.488773065185086,166.1210716538686,167.47959954158918,97.36014347974022,98.8489165449253,false,false
500,1.0,167.16384665430027,98.03156079367541,1.35842963051644,1.5472461874008445,166.49446814240818,167.85289777292462,97.24724931778789,98.79449550518873,false,false
500,1.0,166.86452672150034,98.12325492255783,1.3567249275033362,1.5581201863018208,166.1935524090953,167.55027733659864,97.33106482299449,98.88918500929631,false,false
500,1.0,166.81204513123032,98.12601643994904,1.3756015119611504,1.5268516027240224,166.13010860115156,167.5057101131127,97.33237766070053,98.85922926342455,false,false
500,1.0,166.56460483649,98.20440925218743,1.4005036607783268,1.5050176438657132,165.8704219867661,167.27092564754443,97.42756407056679,98.9325817144325,false,false
500,1.0,166.9633786394515,98.1345650411316,1.3774155527633525,1.512536136651775,166.2589159199195,167.63633147268285,97.35723358909858,98.86976972575036,false,false
500,1.0,166.9760385645202,98.08812330200274,1.3588192906613017,1.5293076139646047,166.30200104347261,167.66082033413392,97.29011153717491,98.81941915113951,false,false
500,1.0,166.6818828505199,98.1800953184453,1.3709980308925935,1.5156611041377204,165.99493128576813,167.36592931666073,97.39814345010254,98.91380455424026,false,false
500,1.0,167.11573400330045,98.06139862841141,1.3627454810227846,1.541864361598627,166.42477625556813,167.78752173659092,97.25374271609321,98.79560707769184,false,false
500,1.0,166.88549764059454,98.10295481095767,1.3173255962172732,1.5268376734536417,166.23243506593877,167.54976066215605,97.30873692015238,98.83557459360603,false,false
500,1.0,167.10346333979174,98.0534314449092,1.3798739120461505,1.52723011827797,166.44591731844184,167.825791230488,97.24138965536628,98.76861977364425,false,false
500,1.0,166.67029780326934,98.18157796702698,1.347223884210706,1.4950228458675383,166.0031551467995,167.3503790310102,97.40315317640693,98.89817602227447,false,false
500,1.0,166.97609115652944,98.06522501561619,1.334971548022736,1.4862709647550076,166.30696571091204,167.64193725893477,97.31440388848276,98.80067485323777,false,false
500,1.0,167.00344856789073,98.0960926161173,1.384382082459723,1.510626856855339,166.30180135312864,167.68618343558836,97.31150113772395,98.82212799457929,false,false
500,1.0,166.72891852450016,98.19366425212992,1.3761656922474117,1.5183389733807928,166.0407478774549,167.4169135697023,97.39752118850393,98.91586016188472,false,false
500,1.0,166.86596073278488,98.1424756466044,1.381846943148048,1.4942463842538558,166.16071036086444,167.5425573040125,97.3592586746566,98.85350505891046,false,false
500,1.0,166.81834000156562,98.1497935013889,1.401228527773867,1.5431032931187758,166.11465746231607,167.51588599008994,97.34985752441267,98.89296081753145,false,false
500,1.0,166.72454554655098,98.15883949680153,1.3733550180611758,1.4981989246469425,166.04506938915534,167.41842440721652,97.37597116367112,98.87417008831807,false,false
500,1.0,166.7151534030114,98.20470304512565,1.3466507781910764,1.5017582902037674,166.03021730624206,167.37686808443314,97.4123001326012,98.91405842280497,false,false
500,1.0,166.7633759113328,98.12200089938369,1.361408943440864,1.5155085132702624,166.07755384255893,167.4389627859998,97.34165461119993,98.85716312447019,false,false
500,1.0,166.87735447724077,98.14042511282582,1.3421677018453977,1.5234337393711286,166.1939511200763,167.5361188219217,97.339900597421,98.86333433679214,false,false
500,1.0,167.08189928574026,98.0376819506983,1.3641826699706598,1.5550623965044252,166.4035870778793,167.76776974784997,97.24405215297003,98.79911454947445,false,false
500,1.0,166.9040432908359,98.12331900613708,1.3377538735497865,1.4978651608344506,166.21513126812042,167.5528851416702,97.3553185272973,98.85318368813175,false,false
500,1.0,166.98958475468368,98.11669605995591,1.3389712434156422,1.5744266984467572,166.3197359154695,167.65870715888514,97.29384919491488,98.86827589336164,false,false
500,1.0,166.99402222138664,98.09342806073187,1.382217063086074,1.5658173153383217,166.29618576323819,167.67840282632426,97.27267738320747,98.83849469854579,false,false
500,1.0,166.82118170410365,98.14568713418157,1.387201709509469,1.5000715855407378,166.1283698932699,167.51557160277937,97.36618183309356,98.8662534186343,false,false
500,1.0,166.70789077354345,98.18324727918812,1.413775432481458,1.5441037169329235,165.9920738545121,167.40584928699357,97.38006469014313,98.92416840707605,false,false
500,1.0,166.8366976211363,98.10251658686869,1.3414875276056364,1.5001425721298602,166.1669130022728,167.50840052987843,97.33984140953396,98.83998398166382,false,false
500,1.0,166.84298429196673,98.14747044379236,1.3853923154370307,1.5289704029622584,166.1485295221298,167.53392183756682,97.34337401186541,98.87234441482767,false,false
500,1.0,167.2092456123806,98.0081262673609,1.3521678948816032,1.5023679304743496,166.52579384815402,167.87796174303563,97.24969507414232,98.75206300461667,false,false
500,1.0,166.85032141752015,98.12762121992273,1.3824108667577946,1.557074427325773,166.15441387272196,167.53682473947975,97.32785003579323,98.884924463119,false,false
500,1.0,166.98850769845572,98.0665956848001,1.3501569299155278,1.5293873406470055,166.30717800357166,167.6573349334872,97.2557234713909,98.7851108120379,false,false
500,1.0,166.8355457575776,98.1407965372178,1.3891567896876893,1.4797717676798214,166.12497704976442,167.51413383945211,97.3991032486137,98.87887501629352,false,false
500,1.0,166.97135885803482,98.11710583809716,1.3531448103063326,1.528771872888484,166.29268374945923,167.64582855976556,97.33157679566847,98.86034866855695,false,false
500,1.0,167.01107557275833,98.0605259155509,1.3335095345929062,1.4974696739072328,166.34959367207466,167.68310320666757,97.31848979097627,98.8159594648835,false,false
500,1.0,166.82082994862554,98.1467833940238,1.3675703879636956,1.556145266610116,166.13098534145308,167.49855572941678,97.34785967550823,98.90400494211835,false,false
500,1.0,166.72880711667403,98.180379627981,1.3516450119536216,1.5281542805455501,166.0535175966411,167.4051626085947,97.38062456425533,98.90877884480088,false,false
500,1.0,166.4146906842533,98.25271603438554,1.377218506492568,1.514365474491342,165.73315502503212,167.1103735315247,97.46806116187972,98.98242663637106,false,false
500,1.0,166.98190838463796,98.10310128921432,1.3459449773731365,1.51618835246164,166.30109209161284,167.64703706898598,97.32454193209827,98.84073028455991,false,false
500,1.0,166.6094434130812,98.1959823295592,1.3456648342910569,1.5096182758347396,165.91718415683155,167.2628489911226,97.42282519582442,98.93244347165916,false,false
500,1.0,166.9038158923277,98.08379312049055,1.3708393007367476,1.5088497075883822,166.2126881609378,167.58352746167455,97.32017614127258,98.82902584886097,false,false
500,1.0,166.96706710325412,98.0820876406684,1.3492703729956474,1.5341122460772851,166.3113927616591,167.66066313465475,97.31879394992723,98.85290619600451,false,false
500,1.0,167.10726917109304,98.04111540389553,1.3783717584746285,1.5626993899943358,166.4419620805407,167.82033383901532,97.25142680378075,98.81412619377508,false,false
500,1.0,167.09439664634175,98.07476069171489,1.3751906753549576,1.5647534411094028,166.4071273449525,167.78231802030746,97.27644233209776,98.84119577320716,false,false
500,1.0,166.66458837998755,98.20428936167006,1.4047443196635356,1.535903852052428,165.96129530855274,167.36603962821627,97.41988560457834,98.95578945663077,false,false
500,1.0,166.93010393067493,98.088978144384,1.3487582277871013,1.5063117006567097,166.2721847663017,167.6209429940888,97.34122154621575,98.84753324687246,false,false
500,1.0,166.97207818141868,98.1208184592404,1.3166424503593248,1.5449253879255167,166.30487562539014,167.62151807574946,97.33536711905583,98.88029250698135,false,false
500,1.0,166.85858570879427,98.12733140872197,1.3805351128235372,1.512667424119229,166.1677738699319,167.54830898275543,97.34777019324704,98.86043761736627,false,false
500,1.0,166.7722880265902,98.15285080040353,1.3474757946052591,1.4393419019014715,166.0825434602864,167.43001925489165,97.43357159793577,98.87291349983724,false,false
500,1.0,167.20451855576084,97.98930376835304,1.3498637906179738,1.551610943405933,166.54106185512572,167.8909256457437,97.20441604149447,98.7560269849004,false,false
500,1.0,166.94917353992872,98.11547700549735,1.3383186404458343,1.4784667296028147,166.26512033815646,167.6034389786023,97.36751001053523,98.84597674013804,false,false
500,1.0,167.0188294045575,98.07427473085474,1.3790703839492835,1.5767379329855657,166.32556274273995,167.70463312668923,97.2727243267016,98.84946225968717,false,false
500,1.0,166.92239429379185,98.1178378392795,1.324211976206982,1.5149595830866218,166.25093600744137,167.57514798364835,97.34482794550647,98.85978752859309,false,false
500,1.0,166.989372311716,98.0642029147815,1.3475174806656867,1.567490688385874,166.32544995403794,167.67296743470362,97.2639007620829,98.83139145046877,false,false
500,1.0,166.594216297654,98.19301855977837,1.370357153808385,1.488943701168779,165.89062003508255,167.26097718889093,97.42489919042791,98.91384289159669,false,false
500,1.0,166.8272966033462,98.15787750928743,1.3465030998596603,1.544819552543899,166.15148830027374,167.4979914001334,97.36349119932494,98.90831075186884,false,false
500,1.0,166.8804252894381,98.10534727377735,1.3439434819555345,1.5413265983238063,166.2039885022238,167.54793198417934,97.31614115254943,98.85746775087324,false,false
500,1.0,166.8520371966128,98.09611406835609,1.3536004885363297,1.5467407562902764,166.17387257698886,167.5274730655252,97.28764667109124,98.83438742738151,false,false
500,1.0,166.78592359519098,98.15427248023019,1.3634065641508073,1.5340076803117597,166.10558310651462,167.46898967066542,97.37546807194883,98.90947575226059,false,false
500,1.0,167.03123857914875,98.04173600915007,1.3409005810666201,1.5270504847640467,166.35742227796777,167.6983228590344,97.25555745479959,98.78260793956363,false,false
500,1.0,166.4315837067168,98.25573525577266,1.3732175931617405,1.5012984212687996,165.75628272316814,167.12950031632988,97.46542139542446,98.96671981669326,false,false
500,1.0,166.98842799011595,98.07273270210163,1.3620738361431108,1.5342430998310448,166.29129470268597,167.65336853882908,97.30892648191423,98.84316958174527,false,false
500,1.0,166.49098257964377,98.2087514544609,1.3520319246017038,1.5294340473768528,165.81767854450467,167.16971046910638,97.41253508831896,98.94196913569581,false,false
500,1.0,166.39718574404986,98.26361700564038,1.3744195559581271,1.4908559664242205,165.699970859477,167.07439041543512,97.48574837714244,98.97660434356666,false,false
500,1.0,167.18327712647863,98.04013309555522,1.3273796947904657,1.5087717372898908,166.50608633195603,167.8334660267465,97.24964662403579,98.75841836132568,false,false
500,1.0,167.1189393044726,98.00829208847219,1.3572501929649547,1.541776582835439,166.44316575597668,167.80041594894163,97.22428701940287,98.7660636022383,false,false
500,1.0,166.59474969772168,98.20588339680054,1.397962661931075,1.4711738132030945,165.87744519727366,167.27540785920473,97.43587455068621,98.9070483638893,false,false
500,1.0,166.94640316604662,98.09381753560626,1.353106551424645,1.5211105225845785,166.26848715757592,167.62159370900056,97.31841187694657,98.83952239953115,false,false
500,1.0,166.79200600716956,98.11809412953164,1.3561971082894786,1.5269659346563742,166.1078423840042,167.46403949229367,97.32756315759443,98.8545290922508,false,false
500,1.0,166.97315955731614,98.08729092816434,1.3442977155831954,1.5249573329518569,166.28021177680415,167.62450949238735,97.30494931933033,98.82990665228219,false,false
500,1.0,166.93689119763755,98.06367881710266,1.344867544082689,1.5840197780297842,166.27036846448425,167.61523600856694,97.25713593601785,98.84115571404763,false,false
500,1.0,166.9167646979832,98.09763012816046,1.3353060563329109,1.5097194177240993,166.24547492232335,167.58078097865626,97.32382865937278,98.83354807709688,false,false
500,1.0,167.06547601138675,98.06275417007036,1.3728216003161435,1.5229789881288553,166.37224672193506,167.7450683222512,97.28017196516248,98.80315095329134,false,false
500,1.0,166.5507343522082,98.204951252277,1.353628452153572,1.484481015822837,165.861086354488,167.21471480664158,97.4524744721065,98.93695548792934,false,false
500,1.0,167.1398168380328,98.04189517764834,1.3257044623419176,1.5764494501314772,166.48895229502628,167.8146567573682,97.23084671704119,98.80729616717267,false,false
500,1.0,166.94788753427622,98.09987775575952,1.3468645825426506,1.5482717429876232,166.28012571548064,167.6269902980233,97.29613280780436,98.84440455079198,false,false
500,1.0,167.02522973369037,98.07713335832386,1.3509343327321233,1.5178049334261345,166.35918305748595,167.71011739021807,97.2949861560496,98.81279108947574,false,false
500,1.0,166.6749097585075,98.19403884543759,1.3311901933639945,1.5343823315098462,166.0067030270708,167.3378932204348,97.38322723140217,98.91760956291202,false,false
500,1.0,167.0894257032332,98.074705328606,1.349456309171046,1.5475407086748305,166.429315212013,167.77877152118404,97.27845747686894,98.82599818554377,false,false
500,1.0,166.69397128889244,98.17917977248848,1.375830791985237,1.5378313627235656,165.99913253499452,167.37496332697975,97.38936076025908,98.92719212298265,false,false
500,1.0,166.78151391586687,98.19311289097266,1.3913279666414837,1.4830898999490927,166.07738170335227,167.46870966999376,97.43456667506521,98.9176565750143,false,false
500,1.0,166.90631163113403,98.0944275043447,1.4016338048409978,1.5210346285178815,166.21307556257142,167.61470936741242,97.32594354240291,98.84697817092079,false,false
500,1.0,166.77400694301787,98.16310550189215,1.391831100822884,1.4886614458837784,166.05760976057886,167.44944086140174,97.40245988324368,98.89112132912746,false,false
500,1.0,166.77455310126248,98.13380065883061,1.3741492208586124,1.5396542054143652,166.10643401314746,167.48058323400608,97.35847647594903,98.8981306813634,false,false
500,1.0,166.6930165071916,98.15937721484588,1.379186050041369,1.495580401216671,165.999566982885,167.37875303292637,97.39001146921785,98.88559187043452,false,false
500,1.0,167.11111480158158,98.06498933928316,1.3606055715983416,1.5366652835896843,166.41541022431645,167.7760157959148,97.2738068885087,98.81047217209839,false,false
500,1.0,166.96323471800713,98.09096876083102,1.3103099338886182,1.51745942939138,166.29721029387622,167.60752022776484,97.28881143422431,98.8062708636157,false,false
500,1.0,166.6263940367257,98.21103608943304,1.3892726835934184,1.4921573294997046,165.944294222657,167.3335669062504,97.4323241369595,98.9244814664592,false,false
500,1.0,167.05287108406657,98.07593538615,1.3394437782437194,1.5465420662303586,166.3853208183054,167.7247645965491,97.27736697944377,98.82390904567413,false,false
500,1.0,166.8337765401964,98.12221155341356,1.3866084040893725,1.522386321413805,166.11984043270144,167.5064488367908,97.3261861854834,98.8485725068972,false,false
500,1.0,166.8354701172623,98.10782035643561,1.3319808628686474,1.520224585544213,166.15702179334323,167.48900265621188,97.3283660475945,98.84859063313871,false,false
500,1.0,166.53292840213956,98.22946165713951,1.3330663522774557,1.4896673832794392,165.8733475029219,167.20641385519934,97.45717266331773,98.94684004659717,false,false
500,1.0,167.1959738023399,98.04186447199352,1.31723115176041,1.5232238706584837,166.54592660629993,167.86315775806034,97.25759511734579,98.78081898800427,false,false
500,1.0,167.0756758247116,98.08161502803236,1.3771229747847542,1.5159820066814405,166.3921305526041,167.76925352738886,97.30926940350662,98.82525141018806,false,false
500,1.0,166.98726117368463,98.11888873604472,1.3538963837970641,1.5504191446998306,166.28830870669384,167.6422050904909,97.3069365615857,98.85735570628553,false,false
500,1.0,166.78281249703406,98.18928100176745,1.3485027841370822,1.5567785093968496,166.09507970314004,167.44358248727713,97.37963616682998,98.93641467622683,false,false
500,1.0,167.14059980483728,98.03551155046735,1.364627236192149,1.5205154586772807,166.44384473202894,167.80847196822108,97.26642234532127,98.78693780399855,false,false
500,1.0,166.69368737517726,98.11968721425296,1.3354656478767595,1.5137164743745188,166.03524183014693,167.3707074780237,97.34954460568316,98.86326108005768,false,false
500,1.0,166.84426799001955,98.14121187705513,1.3870932741647266,1.5141394793420488,166.1416138032665,167.52870707743122,97.34647837018122,98.86061784952327,false,false
500,1.0,166.77548865253516,98.14886048751936,1.3287058634689402,1.498633888162118,166.13070407299276,167.4594099364617,97.38147522810803,98.88010911627015,false,false
500,1.0,166.68150311976464,98.18476741846715,1.3429803638689748,1.5460931952977433,166.00968293735463,167.3526633012236,97.406674935661,98.95276813095875,false,false
500,1.0,166.66004986480738,98.17534997198263,1.335683218351761,1.4890268333581105,165.98765624440856,167.32333946276032,97.40995553363409,98.8989823669922,false,false
500,1.0,167.31543339463474,97.9734293197723,1.3764553868838618,1.5974512106130305,166.63238445209936,168.00883983898322,97.17094456047016,98.76839577108319,false,false
500,1.0,166.3923583765379,98.26320209826365,1.4038907810812304,1.4841637323990255,165.68450976062542,167.08840054170665,97.50776904748771,98.99193277988674,false,false
500,1.0,166.713837475124,98.17894303687143,1.3880263062709162,1.526034981310076,166.03508602796654,167.42311233423746,97.40423345568274,98.93026843699282,false,false
500,1.0,166.82129635418747,98.14142121137414,1.3593251321414925,1.4940893600685996,166.13963535193133,167.49896048407282,97.36568012049021,98.85976948055881,false,false
500,1.0,166.95572451006626,98.08771630089448,1.3783242439796481,1.5174961053350131,166.2625886031588,167.64091284713845,97.30812973938335,98.82562584471836,false,false
500,1.0,166.84856320641606,98.12490058492492,1.4018112237348817,1.5406067012476683,166.13367252272243,167.53548374645732,97.34204107189697,98.88264777314464,false,false
500,1.0,166.88735766905558,98.08157634723432,1.3879429227891649,1.5379824835684985,166.20794661656197,167.59588953935113,97.3232949291569,98.8612774127254,false,false
500,1.0,166.86111562363942,98.09852115239009,1.303351380397146,1.5184241930520272,166.22216074781136,167.5255121282085,97.32072500964556,98.83914920269758,false,false
500,1.0,166.65804606854311,98.19852638413437,1.372855522123018,1.5140650343004864,165.9771574304499,167.3500129525729,97.39843189317483,98.91249692747532,false,false
500,1.0,167.20468654018893,98.01948203405114,1.3359547116940007,1.5519551458795604,166.53564750085928,167.87160221255328,97.21835608580275,98.77031123168231,false,false
500,1.0,166.78356718966,98.17503204742414,1.3401358683180433,1.526125887010295,166.1073575091029,167.44749337742095,97.38824303746864,98.91436892447894,false,false
500,1.0,166.798633519017,98.15599066395399,1.4018850110901724,1.5170444992194803,166.0909377437755,167.49282275486567,97.37509724629341,98.89214174551289,false,false
500,1.0,166.96386481714572,98.07829436126423,1.3811176354413135,1.519686005019949,166.2544399228099,167.6355575582512,97.30411806737621,98.82380407239616,false,false
500,1.0,167.13176339845518,98.01746259343393,1.3807533376619574,1.5677987813388796,166.43053505784246,167.81128839550442,97.22591860108065,98.79371738241953,false,false
500,1.0,166.83412830983775,98.11432407365868,1.3795508161607017,1.5499812264117736,166.14637724504496,167.52592806120566,97.32747174362615,98.87745297003792,false,false
500,1.0,166.62427036436816,98.18213145009405,1.3818705093840435,1.5018966234358686,165.93855976712854,167.32043027651258,97.41919107106031,98.92108769449618,false,false
500,1.0,167.22315273420224,98.00646988514949,1.329028224470477,1.5469099195312452,166.5708181270236,167.8998463514941,97.22527535070091,98.77218527023216,false,false
500,1.0,166.92542239327236,98.11401718565737,1.381339720248178,1.5387104042538908,166.23279809130085,167.61413781154903,97.32169507403424,98.86040547828813,false,false
500,1.0,166.8619837090834,98.08207986278387,1.353068528507265,1.5362947418430508,166.18697660913142,167.54004513763869,97.3063817966739,98.84267653851695,false,false
500,1.0,167.135618142098,98.05003472809422,1.3435063156516662,1.5138523642951753,166.47169443436383,167.8152007500155,97.2746429580599,98.78849532235508,false,false
500,1.0,167.22477573739295,98.00751277725368,1.364975868009168,1.575887754549413,166.5446333661333,167.90960923414247,97.19825436748859,98.774142122038,false,false
500,1.0,166.85408154904843,98.12279956805595,1.3724467706497876,1.536435641637695,166.18845149053763,167.56089826118742,97.33185838632338,98.86829402796107,false,false
500,1.0,167.01104225169024,98.06991695281184,1.3780366930843968,1.5318269186930706,166.3083895708501,167.6864262639345,97.28227452582983,98.8141014445229,false,false
500,1.0,167.02067051007242,98.09470591838289,1.339328038911077,1.527839001595865,166.35502495629498,167.69435299520606,97.30848041210639,98.83631941370226,false,false
500,1.0,167.06854312808983,98.08586396871709,1.3299704413636562,1.4983117860790571,166.40392223822974,167.7338926795934,97.32579707136372,98.82410885744278,false,false
500,1.0,167.2916835590283,97.99335247824934,1.3605999102744875,1.5331339622959632,166.5973397922258,167.95793970250028,97.22787327145116,98.76100723374712,false,false
500,1.0,166.78284820740123,98.14755485336403,1.3897814659231642,1.5193026518081467,166.07477269219595,167.4645541581191,97.34650676999499,98.86580942180314,false,false
500,1.0,166.9090957106006,98.1250398642887,1.3280880452301744,1.572751555732495,166.25157771450202,167.5796657597322,97.30246891626906,98.87522047200156,false,false
500,1.0,166.94026327425013,98.10724382172819,1.3444379371971138,1.5368154582622253,166.2836265336722,167.6280644708693,97.31191498371314,98.84873044197536,false,false
500,1.0,166.75586060635897,98.16867293328491,1.332332217582831,1.492388714568449,166.07910229345742,167.41143451104026,97.41569770455041,98.90808641911886,false,false
500,1.0,166.8416923269083,98.1441936932882,1.3679063166178196,1.499869764818044,166.146471274213,167.51437759083083,97.37281788529731,98.87268765011535,false,false
500,1.0,166.78582807500928,98.1762539534842,1.3739224061636435,1.521722049025641,166.0868784325415,167.46080083870515,97.38279651276555,98.90451856179119,false,false
500,1.0,166.49559562810356,98.26008386610215,1.3594805861345378,1.4866108568372027,165.82051885613885,167.17999944227338,97.47959970020827,98.96621055704547,false,false
500,1.0,167.06088201885495,98.04436659524006,1.352318150621528,1.5089888131212064,166.37450881831847,167.72682696894,97.27472076975745,98.78370958287866,false,false
500,1.0,167.0213944238647,98.09834238142868,1.3797204352430867,1.5430360737445028,166.31850571901418,167.69822615425727,97.30820133427622,98.85123740802072,false,false
500,1.0,166.6766715469625,98.21211552430361,1.36644861036865,1.4876937950669458,165.98937132131732,167.35581993168597,97.44568710484047,98.93338089990742,false,false
500,1.0,166.78056974664153,98.16419012139869,1.375007170665242,1.4958133961541051,166.08707487969505,167.4620820503603,97.38509909023851,98.88091248639262,false,false
500,1.0,166.69979733272953,98.1947039994341,1.4072992113199803,1.5602468754803027,165.98189380779985,167.38919301911983,97.38248859265244,98.94273546813274,false,false
500,1.0,166.982369113247,98.08514613049803,1.3606828096776837,1.537783265587933,166.30387369219287,167.66455650187055,97.29030972978194,98.82809299536987,false,false
500,1.0,166.88523354770018,98.1432681183986,1.3332722660922514,1.5540112950334475,166.20848339050147,167.54175565659372,97.32826647379116,98.88227776882461,false,false
500,1.0,167.01094177805743,98.07077962292712,1.3286126114664398,1.5429649440306719,166.3407340661364,167.66934667760285,97.2968625929156,98.83982753694627,false,false
500,1.0,167.16254990410533,98.03504375885583,1.3699355429442903,1.5227529001386841,166.46888102222704,167.83881656517133,97.25716578418249,98.77991868432117,false,false
500,1.0,166.55830817472463,98.20818931546239,1.4055619920249285,1.5310269801965717,165.85283794726627,167.2583999392912,97.43758577969513,98.9686127598917,false,false
500,1.0,166.89052163190468,98.13312008837872,1.3469228346452553,1.472913078608471,166.21013646300148,167.55705929764673,97.38392368912787,98.85683676773634,false,false
500,1.0,166.50137075927802,98.23838670220891,1.3519292562972112,1.5159871269127763,165.85122170858244,167.20315096487965,97.44735574557309,98.96334287248587,false,false
500,1.0,167.17872799155555,98.05367830339836,1.3783380755411088,1.4691203901965793,166.48554167994075,167.86387975548186,97.28880847415144,98.75792886434802,false,false
500,1.0,166.75873095137305,98.16555119156119,1.3667374440934452,1.5159522769673828,166.0814097830692,167.44814722716265,97.38832152472624,98.90427380169362,false,false
500,1.0,166.7554507910807,98.14350962207928,1.3607674482577465,1.4816210375156231,166.07987538185066,167.4406428301084,97.3966636609743,98.87828469848992,false,false
500,1.0,166.74152919676857,98.1570431805086,1.3310697807842757,1.5404191412258825,166.07668168074116,167.40775146152544,97.33752446636288,98.87794360758876,false,false
500,1.0,167.05786556989355,98.0970829938355,1.3743554897162369,1.5135093836961602,166.36273051755612,167.73708600727235,97.31454130692723,98.82805069062339,false,false
500,1.0,167.01773987499806,98.04842384235155,1.3366272430652941,1.5688783636995964,166.34566505484355,167.68229229790884,97.24717974185157,98.81605810555116,false,false
500,1.0,167.15497789661885,98.03735509276959,1.3641438008156115,1.5160505007098806,166.47212239524936,167.83626619606497,97.26245818474032,98.7785086854502,false,false
500,1.0,166.61079633163232,98.18586629268074,1.371488641599342,1.4964919047106235,165.91222300006635,167.2837116416657,97.4135445322934,98.91003643700402,false,false
500,1.0,167.2940475935965,97.97177659337612,1.3211800339115598,1.5348370772516375,166.63590703540763,167.9570870693192,97.18150692848468,98.71634400573632,false,false
500,1.0,166.77073908856931,98.15624060195634,1.3470022646462212,1.5062402105942851,166.1268628573403,167.47386512198653,97.36734447224042,98.8735846828347,false,false
500,1.0,167.22181361455324,98.00037891759138,1.330240963530855,1.5242194969203382,166.55738804452434,167.8876290080552,97.22858880307888,98.75280829999922,false,false
500,1.0,166.83448971278932,98.12720119799926,1.3370147837862874,1.5102543646632967,166.13312667824596,167.47014146203225,97.35370682979604,98.86396119445934,false,false
500,1.0,166.81398174457118,98.1102933470988,1.397402378159029,1.5419616703754144,166.13143540496395,167.52883778312298,97.32868499612371,98.87064666649913,false,false
500,1.0,167.14196594363287,98.03664232863034,1.3392525362114043,1.5346367771530822,166.4760176647814,167.8152702009928,97.24591167352266,98.78054845067574,false,false
500,1.0,167.04341065539245,98.04756486291168,1.3379585405735384,1.5442807812137858,166.38099987580188,167.71895841637541,97.25364500878254,98.79792578999633,false,false
500,1.0,166.65276669466226,98.19113280485905,1.3839480920427718,1.537581462883395,165.96936098559223,167.353309077635,97.39474356406669,98.93232502695008,false,false
500,1.0,167.00652849407007,98.09435497808244,1.3717598312037182,1.5185026714143248,166.30577449519987,167.6775343264036,97.30954456000546,98.82804723141979,false,false
500,1.0,166.93208263865546,98.1217149127646,1.3549817326386346,1.55749122226959,166.24368991505176,167.5986716476904,97.30244626675443,98.85993748902402,false,false
500,1.0,167.0046880391887,98.11473661669177,1.317889972791221,1.544733624701479,166.3394153072681,167.65730528005932,97.29853708564909,98.84327071035057,false,false
500,1.0,166.62605449728255,98.17640451883156,1.3832837490269299,1.5247300976532472,165.9223185717588,167.30560232078574,97.38741512669404,98.91214522434728,false,false
500,1.0,166.80770324652948,98.13324039599038,1.3721443820361685,1.5248602521561452,166.11563958638166,167.48778396841783,97.37154775880919,98.89640801096533,false,false
500,1.0,167.06109373665237,98.06104170039421,1.3195766272073968,1.5488474454821386,166.40203930184015,167.72161592904754,97.27714066280083,98.82598810828297,false,false
500,1.0,167.06888679204144,98.05240993851959,1.3649444269600508,1.5034477078844901,166.38938095946105,167.7543253864211,97.28488571043039,98.78833341831488,false,false
500,1.0,166.97935483049852,98.10555815271226,1.3721690573055412,1.5511550043120792,166.29888556043358,167.67105461773912,97.31348140704065,98.86463641135273,false,false
500,1.0,167.09404896022613,98.03646671270968,1.3160143047547876,1.5439762116594267,166.4507799920612,167.766794296816,97.25211140722776,98.79608761888719,false,false
500,1.0,166.66372180992815,98.1798964950852,1.3852168505488294,1.5334439484559965,165.96804272002686,167.3532595705757,97.38910508921143,98.92254903766742,false,false
500,1.0,167.46323978822937,97.95178356315813,1.3609570165797322,1.5964183317270226,166.7708734097066,168.13183042628634,97.12630938241118,98.7227277141382,false,false
500,1.0,167.11346559008587,98.06933739704147,1.347215612513537,1.5215442310674092,166.43969874180303,167.78691435431656,97.29661909362669,98.8181633246941,false,false
500,1.0,166.83483624672297,98.1269033288742,1.3547173005039213,1.5567708173812491,166.16060881182432,167.51532611232824,97.33246652608283,98.88923734346407,false,false
500,1.0,166.92287069920783,98.09649952181573,1.3431969283263925,1.5263455238520152,166.24247587953016,167.58567280785655,97.31566775054429,98.84201327439631,false,false
500,1.0,166.82324143428113,98.10262078239649,1.3136306453652935,1.5353219131502698,166.17184039369104,167.48547103905634,97.32742406661792,98.86274597976819,false,false
500,1.0,167.1159397999672,98.04048761287959,1.395361900710526,1.578975227562708,166.4135607866423,167.80892268735283,97.22033432194553,98.79930954950824,false,false
500,1.0,166.668449458298,98.16519370735432,1.3683614953857557,1.5046343428879112,165.9829128246025,167.35127431998825,97.39782860400302,98.90246294689094,false,false
500,1.0,167.2795507758143,98.00236905982015,1.3415814687507464,1.5296642721726812,166.60905283078023,167.95063429953098,97.21424525695684,98.74390952912952,false,false
500,1.0,166.6513947511272,98.15319051419914,1.3889209025878415,1.5401097289543202,165.9696060528186,167.35852695540643,97.3702759509609,98.91038567991522,false,false
500,1.0,166.77267493641784,98.17463971601236,1.3454625261209685,1.5496135743126587,166.10722614385855,167.45268866997952,97.3789112110328,98.92852478534546,false,false
500,1.0,166.77375316648005,98.16962463251353,1.35679835881146,1.5488568071824602,166.08107928314908,167.43787764196054,97.3593571462122,98.90821395339466,false,false
500,1.0,166.6965768423895,98.18899031031597,1.3355608411247317,1.5262074520419588,166.02965651756972,167.36521735869445,97.40486897165974,98.9310764237017,false,false
500,1.0,166.78715292693767,98.14127167608339,1.363880240741679,1.510887850020083,166.1164440389605,167.4803242797022,97.3659028925502,98.87679074257028,false,false
500,1.0,166.615023347347,98.17141691738087,1.3675074507069667,1.51809870534872,165.93764596349203,167.305153414199,97.41062997699947,98.9287286823482,false,false
500,1.0,166.95220800290832,98.10334669925673,1.3296415722309973,1.5331402613711305,166.28205040449092,167.61169197672191,97.3184314378621,98.85157169923323,false,false
500,1.0,166.72346698681537,98.14725295153877,1.3923368585589913,1.509590608800906,166.02734273231147,167.41967959087046,97.36348014482422,98.87307075362513,false,false
500,1.0,166.93490020618208,98.13083744413439,1.3390733196733038,1.544817079103538,166.2780582870768,167.6171316067501,97.32365409035329,98.86847116945683,false,false
500,1.0,166.81333113953534,98.15703916802927,1.3885945432836593,1.528675925162858,166.11648803926676,167.50508258255041,97.36100845691915,98.88968438208201,false,false
500,1.0,166.91533134749972,98.10551683701888,1.3569448385508167,1.5287129277988072,166.23942448357712,167.59636932212794,97.33104492398137,98.85975785178017,false,false
500,1.0,167.06737175987976,98.061063014508,1.331866041692905,1.499002534405406,166.40781027600676,167.73967631769966,97.30796808947764,98.80697062388305,false,false
500,1.0,167.27348506450576,98.01436513802574,1.356178910463683,1.5660665366417135,166.59370839615616,167.94988730661984,97.20436319972785,98.77042973636956,false,false
500,1.0,167.03232591908656,98.05424855639454,1.3581642929123348,1.5370617089244831,166.35700312033217,167.7151674132445,97.27724405821377,98.81430576713825,false,false
500,1.0,166.74438400345707,98.15458972538039,1.3640111205296535,1.513644982227106,166.06389363453508,167.42790475506473,97.38050737302837,98.89415235525547,false,false
500,1.0,166.71640761538686,98.18649068649925,1.3702817139497085,1.5354182047122862,166.0303222626826,167.4006039766323,97.37801671829382,98.91343492300611,false,false
500,1.0,166.72680669430568,98.17868935271619,1.3928245875366656,1.5455556142074016,166.0251999445955,167.41802453213216,97.37724123882873,98.92279685303613,false,false
500,1.0,166.8026441407851,98.1739365286748,1.3770636899104431,1.5382568479470677,166.11308441542317,167.49014810533362,97.38333595964949,98.92159280759655,false,false
500,1.0,166.89172470538915,98.11465568322805,1.3597410740814269,1.530879995918582,166.19201834751146,167.5517594215929,97.33162376146598,98.86250375738456,false,false
500,1.0,166.7405420859879,98.15490718761487,1.3753897032660234,1.5236254147077375,166.0701637690368,167.44555347230283,97.36990851215785,98.89353392686559,false,false
500,1.0,166.7976251232098,98.14045332424081,1.3335196837579133,1.5299265282581302,166.13530875125394,167.46882843501186,97.35898789266597,98.8889144209241,false,false
500,1.0,166.62819943976544,98.20547114716123,1.3855832817713463,1.4924140284298062,165.93451436600492,167.32009764777627,97.41730300169638,98.90971703012619,false,false
500,1.0,166.9387507165389,98.10367330544652,1.341400442240797,1.5687247086726757,166.2741005315759,167.6155009738167,97.30500768703031,98.87373239570299,false,false
500,1.0,166.87391673606584,98.13639358550871,1.3537813640772924,1.5326690206016025,166.17987016080576,167.53365152488306,97.33748498893807,98.87015400953968,false,false
500,1.0,167.03401904191065,98.08179076219574,1.323861228842901,1.5382167215923062,166.38314680265,167.7070080314929,97.2785562077077,98.8167729293,false,false
500,1.0,166.76560324408192,98.15622671506753,1.3782358537285972,1.4791959987287555,166.07324207412066,167.45147792784925,97.39160162427146,98.87079762300021,false,false
500,1.0,166.7791237813169,98.180779162397,1.3569743222480497,1.502065687161874,166.1140742425726,167.47104856482065,97.41125401831518,98.91331970547705,false,false
500,1.0,166.92573235452457,98.10831766265846,1.3292289684735863,1.5084014521247013,166.25745010165764,167.58667907013123,97.32033678731587,98.82873823944057,false,false
500,1.0,166.70199929286946,98.16408128244123,1.3448495731176706,1.5595965992864649,166.02952860770606,167.37437818082373,97.3649287009947,98.92452530028116,false,false
500,1.0,166.87421431546613,98.1248421256781,1.3959970593043636,1.5201579493121784,166.15391569123307,167.54991275053743,97.35736654795112,98.8775244972633,false,false
500,1.0,166.70715415801405,98.1618346282476,1.3550056737944942,1.52356548868201,166.04287643855957,167.39788211235407,97.38273128363382,98.90629677231583,false,false
500,1.0,167.04346996084763,98.07050931359393,1.3811442044026592,1.5421868423439236,166.35886922170724,167.7400134261099,97.27124567553214,98.81343251787607,false,false
500,1.0,167.10184520613092,98.04632420606097,1.3858226735717665,1.5433135729112877,166.42946672939246,167.81528940296423,97.25776242236411,98.8010759952754,false,false
500,1.0,166.7612641331924,98.1473359197229,1.3507092542378132,1.4983470313835454,166.09456516196494,167.44527441620275,97.38090292359361,98.87924995497715,false,false
500,1.0,166.69316389011993,98.21089154026416,1.3241922744545604,1.4901761187119575,166.01909164636226,167.34328392081682,97.45238081941295,98.94255693812491,false,false
500,1.0,167.16624404029636,98.05051061844887,1.3377173679153316,1.5636382135705702,166.4859312937275,167.82364866164284,97.24107296661043,98.804711180181,false,false
500,1.0,166.70511847726416,98.14609924189796,1.3927356586463304,1.5240047837982047,166.03985198631162,167.43258764495795,97.34896193818703,98.87296672198524,false,false
500,1.0,166.59496990148318,98.21178255930687,1.35128243991619,1.473834673374185,165.90041236656597,167.25169480648216,97.4623625950879,98.93619726846208,false,false
500,1.0,166.6755968514127,98.18134435719186,1.37720848093835,1.521990259093684,165.96855740628797,167.34576588722632,97.39343811990344,98.91542837899712,false,false
500,1.0,166.922005749273,98.11502446502561,1.3362351023432666,1.4998897650873744,166.25075374721285,167.58698884955612,97.32562192546011,98.82551169054749,false,false
500,1.0,167.07058211851938,98.04968166371786,1.3828975475379366,1.4948342771355811,166.37016784259015,167.75306539012809,97.27619959557364,98.77103387270922,false,false
500,1.0,167.00389447545354,98.07397941350405,1.3380030741988094,1.5143724667706522,166.3269982819941,167.6650013561929,97.29481071773971,98.80918318451036,false,false
500,1.0,166.9117788359806,98.12237320663294,1.3378805439155883,1.49952494477607,166.24527721826226,167.58315776217785,97.32990972162897,98.82943466640504,false,false
500,1.0,166.96774773741163,98.0824671904421,1.3823921223388993,1.5540853028213064,166.25891335793813,167.64130548027703,97.2730222999077,98.827107602729,false,false
500,1.0,166.57896197921,98.1678035166245,1.3684899744752101,1.53296926286734,165.9025775286161,167.2710675030913,97.39016950080932,98.92313876367666,false,false
500,1.0,166.97568548745218,98.08248648942734,1.3291472464633785,1.5126524265827754,166.30356090449553,167.6327081509589,97.33169193090404,98.84434435748682,false,false
500,1.0,167.01256428520165,98.09193531184718,1.3405257156289565,1.513082165691543,166.3398631724934,167.68038888812237,97.30028049351509,98.81336265920663,false,false
500,1.0,166.8230836257696,98.1146536791459,1.3805144210249694,1.5194227035841834,166.14452935832287,167.52504377934784,97.33960472318596,98.85902742677014,false,false
500,1.0,166.57857407583458,98.23882294314575,1.3638855019796097,1.536310075594514,165.89195723070395,167.25584273268356,97.44291148383611,98.97922155943063,false,false
500,1.0,166.7030569351134,98.15595968196818,1.3954523957073945,1.5124935056333584,165.9694544159048,167.3649068116122,97.38118489671447,98.89367840234783,false,false
500,1.0,166.66167359137427,98.17434061124763,1.3663108011505187,1.4983350219616227,165.9781697972016,167.3444805983521,97.41956188692154,98.91789690888316,false,false
500,1.0,167.08535526637314,98.04180046916619,1.3559672925536574,1.5391648414821617,166.4070958219765,167.76306311453015,97.25663855560556,98.79580339708772,false,false
500,1.0,166.75788133368334,98.1507066237026,1.3706219586464101,1.5092414850285536,166.07522238338612,167.44584434203253,97.37675470396972,98.88599618899828,false,false
500,1.0,166.7416583797702,98.15064551868221,1.3832433909396684,1.4940398014076521,166.04306917545304,167.4263125663927,97.39293046836292,98.88697026977057,false,false
500,1.0,167.09258731484695,98.05878408755495,1.3539801868091388,1.5480575561741148,166.4035730008139,167.75755318762305,97.28333297651514,98.83139053268926,false,false
500,1.0,166.78449976182713,98.15517981592797,1.384962614173702,1.5254985784310406,166.1096036661145,167.4945662802882,97.3401101432643,98.86560872169534,false,false
500,1.0,166.62747160270862,98.17563640080397,1.348027325934254,1.4968817225132085,165.9572579434999,167.30528526943417,97.40153350148721,98.89841522400042,false,false
500,1.0,167.1531847164627,98.02083080419706,1.3622584736913552,1.5507462790988882,166.46265760164638,167.82491607533774,97.23290730351297,98.78365358261186,false,false
500,1.0,166.93968992911374,98.12023168641616,1.347296734008097,1.5034812352726732,166.2573410191254,167.6046377531335,97.35775722460895,98.86123845988162,false,false
500,1.0,166.39032946195476,98.25661519619062,1.3601134503067556,1.5214797355947667,165.70235220942692,167.06246565973368,97.48080004660356,99.00227978219833,false,false
500,1.0,166.91283392492727,98.09629735471898,1.342970480004169,1.5294812605143733,166.24678076919554,167.5897512491997,97.33350999850207,98.86299125901644,false,false
500,1.0,166.94930227907736,98.10278633129934,1.3771304468010044,1.5447163670418576,166.2557968923461,167.6329273391471,97.31178014523417,98.85649651227602,false,false
500,1.0,166.90676415898253,98.12679361494824,1.37948939242915,1.5346616707519303,166.21216806887088,167.59165746130003,97.33267282641445,98.86733449716638,false,false
500,1.0,166.76915792011673,98.14492910288871,1.343806500034077,1.5085803524850547,166.1123505186734,167.45615701870747,97.36048026732414,98.86906061980919,false,false
500,1.0,166.87000835463655,98.1631413781826,1.3817650605095082,1.5030880062611516,166.19109131104722,167.57285637155672,97.36441374510152,98.86750175136267,false,false
500,1.0,166.58870342526996,98.1966900603058,1.3634706781051023,1.5364660275071031,165.904567380292,167.2680380583971,97.40087562580689,98.937341653314,false,false
500,1.0,166.79830687074434,98.14592324312012,1.3913473017502156,1.5351629834317606,166.1155139567096,167.50686125845982,97.34876327789951,98.88392626133127,false,false
500,1.0,166.87979325683511,98.12585872872987,1.3704226250066824,1.5731640598087182,166.19912973359547,167.56955235860215,97.30775400722797,98.88091806703669,false,false
500,1.0,167.3441192405122,98.00457890296268,1.3759019783454676,1.5441312199132824,166.6481048746337,168.02400685297917,97.220250076329,98.76438129624228,false,false
500,1.0,166.8055411529872,98.16178980625867,1.3708270219578367,1.5255641300600757,166.13887326113456,167.5097002830924,97.37534420187957,98.90090833193965,false,false
500,1.0,166.97096276337697,98.09703033888876,1.3294880987564284,1.5635960810793392,166.3020669927611,167.63155509151753,97.28475153084531,98.84834761192465,false,false
500,1.0,166.67905067735134,98.1776335383527,1.3470092663316109,1.5321433125976824,166.01327054755927,167.36027981389088,97.41063392533862,98.9427772379363,false,false
500,1.0,166.76406926138833,98.16821246277888,1.3303980732777063,1.5078856954204838,166.0889327313198,167.4193308045975,97.384890930352,98.89277662577248,false,false
500,1.0,167.16204327863176,98.0216369314099,1.3301739840370033,1.5538889672273086,166.52044277405466,167.85061675809166,97.2259776054509,98.7798665726782,false,false
500,1.0,166.8751315614825,98.13329535287119,1.3649833526197028,1.5199028348713313,166.1864661200646,167.5514494726843,97.36355648405589,98.88345931892722,false,false
500,1.0,166.78386618294252,98.1349933748016,1.3415546610650324,1.5125719370526696,166.11761277373455,167.45916743479958,97.3723977777507,98.88496971480338,false,false
500,1.0,166.72686280900155,98.15713244865307,1.3735743633445452,1.4873752211105398,166.0356682383802,167.40924260172474,97.38693855407539,98.87431377518593,false,false
500,1.0,166.9303784570661,98.08168998608008,1.3528564266113676,1.5728099391862713,166.2558466419751,167.60870306858646,97.28131884792333,98.8541287871096,false,false
500,1.0,167.11620300259162,98.04083029142663,1.3574511525783066,1.5420893139018403,166.4389151818014,167.7963663343797,97.2790036942659,98.82109300816774,false,false
500,1.0,166.81326743411492,98.16314818075409,1.357848714497237,1.5078152247460253,166.13338487617537,167.4912335906726,97.38352608940781,98.89134131415383,false,false
500,1.0,166.8181881681696,98.12843039139213,1.3575095447181695,1.54542162812956,166.13353877502783,167.491048319746,97.33478093300766,98.88020256113722,false,false
500,1.0,167.27395436633688,97.98706324744113,1.372430112642121,1.5516300698754009,166.58240719898308,167.9548373116252,97.19668434653425,98.74831441640966,false,false
500,1.0,166.9838318925062,98.07333146109178,1.3382009921051292,1.55937385530504,166.2991109806433,167.63731197274842,97.27985444453296,98.839228299838,false,false
500,1.0,166.6034910578333,98.21800867458924,1.344040426727446,1.4668191744294887,165.92103966326226,167.2650800899897,97.45638066050667,98.92319983493616,false,false
500,1.0,166.73793599363597,98.1879525099143,1.35458446336375,1.570460056611978,166.08094962970134,167.4355340930651,97.37564254739453,98.94610260400651,false,false
500,1.0,167.21704143327128,98.01370960288045,1.344140778506528,1.5663155529814219,166.54362162374827,167.8877624022548,97.21292223658438,98.7792377895658,false,false
500,1.0,166.77796239723165,98.14933710029439,1.382688444415777,1.5104149639099091,166.08278706601192,167.4654755104277,97.36469842856297,98.87511339247288,false,false
500,1.0,166.95632890442127,98.10701275341137,1.3663759775492679,1.5316250784444065,166.26874542689285,167.63512140444212,97.31634282586202,98.84796790430643,false,false
500,1.0,166.96900234847695,98.09531906519376,1.3661556207949275,1.5180868149254678,166.28398909302177,167.6501447138167,97.32836139371413,98.8464482086396,false,false
500,1.0,166.78585281902656,98.15143046235474,1.3369511325656163,1.49999493267282,166.10556460558593,167.44251573815154,97.36696342670447,98.86695835937729,false,false
500,1.0,167.14993930495984,98.03614227637291,1.3486007470927746,1.5360525332645096,166.48142418930485,167.83002493639762,97.22707944438253,98.76313197764703,false,false
500,1.0,166.81784026151644,98.16229923965585,1.3850444759516165,1.5670740521668307,166.11483694857188,167.4998814245235,97.34388586678857,98.9109599189554,false,false
500,1.0,166.9322829140733,98.10610227258383,1.3377417433939627,1.511499660297332,166.27723110058682,167.61497284398078,97.32672107958844,98.83822073988577,false,false
500,1.0,166.96441656993898,98.07897150311777,1.372391230996243,1.5355585357610408,166.2493951419992,167.62178637299544,97.29386420042765,98.82942273618869,false,false
500,1.0,167.0330458650181,98.0631210926887,1.3935607747811787,1.524612169503797,166.33406701928902,167.7276277940702,97.2844267847496,98.8090389542534,false,false
500,1.0,166.70229065358717,98.15827656997597,1.358333589964019,1.5174585553912436,166.0267774431397,167.38511103310373,97.40047701942235,98.9179355748136,false,false
500,1.0,166.71663393570788,98.16201082522826,1.3586286089482087,1.5046955926732153,166.04262805533438,167.40125666428258,97.39005429196871,98.89474988464193,false,false
500,1.0,166.63765618953624,98.17451239037223,1.372334737578484,1.529064549825975,165.95205405518755,167.32438879276603,97.40700283622267,98.93606738604865,false,false
500,1.0,167.09892498828202,98.0339376509339,1.32044789602827,1.5455692446247724,166.43813102118702,167.7585789172153,97.22270161205245,98.76827085667722,false,false
500,1.0,166.85326348243098,98.11519806725082,1.3527450048522383,1.5264401491344586,166.16758985638666,167.5203348612389,97.33141481640513,98.85785496553959,false,false
500,1.0,166.8299612410159,98.11644948669941,1.374682095059029,1.5378461163234505,166.13569018395708,167.5103722790161,97.339470561154,98.87731667747745,false,false
500,1.0,166.8699543753798,98.10605185425318,1.3391546677389385,1.516368288955519,166.19709097475004,167.53624564248898,97.35367284068157,98.87004112963709,false,false
500,1.0,166.83616638583274,98.1434760415961,1.3569729003209545,1.551825840784545,166.14612944495036,167.50310234527132,97.33008461461759,98.88191045540214,false,false
500,1.0,167.1056260315834,98.03330178493235,1.359753058924582,1.5447925322116731,166.40900410579673,167.7687571647213,97.24662375783618,98.79141629004785,false,false
500,1.0,166.86125769794617,98.13741230437526,1.3663798613451945,1.515206856584527,166.15882649658664,167.52520635793184,97.34574902854806,98.86095588513258,false,false
500,1.0,166.7745479904857,98.17520763904807,1.3225662392751474,1.4826066557508,166.09781633789711,167.42038257717226,97.39609741402967,98.87870406978047,false,false
500,1.0,166.728880537341,98.17380532317,1.3480534116499712,1.5353307701077767,166.05832360856067,167.40637702021064,97.39546821231332,98.9307989824211,false,false
500,1.0,166.9344555617165,98.11815010568571,1.3270012002208489,1.530271077736657,166.26839885146006,167.5954000516809,97.31882598527676,98.84909706301342,false,false
500,1.0,167.01741803861864,98.0809011644144,1.3584907063194294,1.5445260602380557,166.3280406905954,167.68653139691483,97.29789535438711,98.84242141462516,false,false
500,1.0,166.98752547514962,98.08081252252629,1.331908067409529,1.5140835726390094,166.34094777288556,167.67285584029509,97.29677157055117,98.81085514319018,false,false
500,1.0,166.93844938643053,98.09751872271059,1.3582549098538834,1.5397926487559488,166.25740256345512,167.615657473309,97.3178598644397,98.85765251319565,false,false
500,1.0,166.7416912609635,98.13664433964944,1.3326069742065556,1.5440839510911673,166.0934702508656,167.42607722507216,97.342506363504,98.88659031459517,false,false
500,1.0,166.25715675180632,98.30782683259542,1.3966963541783741,1.5084591154255236,165.57876802828505,166.97546438246343,97.53490482066877,99.0433639360943,false,false
500,1.0,167.0770132880644,98.08717927783563,1.3280481966426692,1.5315925668283796,166.39497716415573,167.7230253607984,97.30014275331617,98.83173532014455,false,false
500,1.0,167.0297827950539,98.0312056583231,1.3226534060473512,1.5472359350071656,166.37114265947832,167.69379606552567,97.25137389117005,98.79860982617721,false,false
500,1.0,166.94204868083574,98.07973897692395,1.365841690369166,1.5635066475678627,166.2739741711278,167.63981586149697,97.27002750631881,98.83353415388667,false,false
500,1.0,166.96488473943805,98.09961751099645,1.3589663291519969,1.483215036040832,166.27483483087016,167.63380116002216,97.34970749458475,98.83292253062558,false,false
500,1.0,166.89233839864045,98.11948760096925,1.3754634143150781,1.5187444792971974,166.20861352937845,167.58407694369353,97.31559142677685,98.83433590607405,false,false
500,1.0,166.8920281574686,98.12527726810734,1.3464900480914253,1.516756422992728,166.2031460811612,167.54963612925263,97.32818729011296,98.84494371310569,false,false
500,1.0,166.92280580933908,98.1081309717423,1.372252784604143,1.5498132303029024,166.25538047181908,167.62763325642322,97.32214926203054,98.87196249233344,false,false
500,1.0,167.15942344039433,98.04930563187125,1.3193542245982144,1.5140364625871854,166.49344909482522,167.81280331942344,97.26745674623652,98.7814932088237,false,false
500,1.0,166.80330423766088,98.12058039170745,1.3538650528720382,1.5156008041698215,166.13670282311512,167.49056787598715,97.34426956019672,98.85987036436654,false,false
500,1.0,166.95523360625293,98.0926692819951,1.3455407832913977,1.5515894561092978,166.30144762774975,167.64698841104115,97.28741115677208,98.83900061288138,false,false
500,1.0,166.98437093897002,98.10767609191322,1.3768781948011224,1.51297295801335,166.2996016467539,167.67647984155502,97.3325955009494,98.84556845896275,false,false
500,1.0,166.51938132912727,98.22031631054665,1.3564149680887283,1.478249554973118,165.84321216315206,167.1996271312408,97.46082713699874,98.93907669197186,false,false
500,1.0,166.9875004783123,98.08947639160706,1.3156737350263654,1.524120988165862,166.3289806511846,167.64465438621096,97.304446582438,98.82856757060387,false,false
500,1.0,167.00576749959222,98.1067390976784,1.3333271750514086,1.513236103293579,166.34818166036294,167.68150883541435,97.35318510531907,98.86642120861265,false,false
500,1.0,167.094259701662,98.05011339615376,1.3465061915025558,1.577084521029306,166.4288633605732,167.77536955207574,97.22928901280233,98.80637353383163,false,false
500,1.0,166.75778876499095,98.1513638898127,1.3708815853819374,1.531766863145748,166.09013428855064,167.46101587393258,97.35660109726416,98.88836796040991,false,false
500,1.0,166.76231632072867,98.14713464926828,1.3564118292546823,1.5164981876039434,166.092200541002,167.44861237025668,97.34434038551441,98.86083857311836,false,false
500,1.0,167.17527789154968,98.05174666576349,1.343620842755712,1.5682191450165988,166.50535041331463,167.84897125607034,97.24207870426831,98.81029784928491,false,false
500,1.0,167.09035557040755,98.04191725468218,1.3464363987691286,1.518397546396514,166.44286777072625,167.78930416949538,97.25554062595288,98.77393817234939,false,false
500,1.0,166.56450915669672,98.20059990372613,1.3193817663180596,1.457345708727118,165.90398030786216,167.22336207418022,97.45187040151984,98.90921611024696,false,false
500,1.0,166.86908642174666,98.15149794588343,1.3556866488055448,1.5358846447769565,166.19148213459277,167.54716878339832,97.3350523162248,98.87093696100176,false,false
500,1.0,166.78218786408274,98.12101006991264,1.373002903173358,1.5431859515894502,166.0896616201479,167.46266452332125,97.35466151588946,98.89784746747891,false,false
500,1.0,167.16363666219706,98.02152379561821,1.3251652501660658,1.4932192242988407,166.51187278972714,167.8370380398932,97.24833465299854,98.74155387729738,false,false
500,1.0,166.95003146354378,98.05041856055834,1.3227731484920753,1.5374446920420155,166.30618250377304,167.62895565226512,97.28124456176994,98.81868925381195,false,false
500,1.0,166.80634472066583,98.15462711543117,1.33307847532609,1.4782935356080174,166.13958376385142,167.4726622391775,97.38865824748653,98.86695178309455,false,false
500,1.0,166.76924965899985,98.17577892146303,1.319004393721201,1.491399567939041,166.10454798757763,167.42355238129883,97.4013208143841,98.89272038232315,false,false
500,1.0,166.9584092124129,98.08116268582341,1.3354912350717143,1.528813716852298,166.29565678189928,167.631148016971,97.3021937906923,98.8310075075446,false,false
500,1.0,167.2474925235001,98.01786160525637,1.3632078385843442,1.5546910745258486,166.56212691809202,167.92533475667636,97.22696355619581,98.78165463072166,false,false
500,1.0,166.85180751807542,98.12338899725589,1.3785094225046919,1.5127394935159089,166.16473747407753,167.54324689658222,97.34496691254432,98.85770640606023,false,false
500,1.0,167.20593011168947,98.01617958517882,1.3401038160967005,1.6004189854598252,166.55447156172517,167.89457537782187,97.18779346710177,98.7882124525616,false,false
500,1.0,167.08715418656456,98.0493971130768,1.3635982931443777,1.5402930654929463,166.41526923558385,167.77886752872823,97.28568355392063,98.82597661941358,false,false
500,1.0,167.1608413187987,98.08972504313246,1.327414051568212,1.5755647970971722,166.50323189558452,167.83064594715273,97.26335735938312,98.8389221564803,false,false
500,1.0,167.04076262408196,98.03993291257666,1.3262406147536012,1.5347522151768658,166.40028133082694,167.72652194558054,97.28657074359168,98.82132295876855,false,false
500,1.0,166.97231612178837,98.0794572012226,1.3489343891274643,1.5364018836169606,166.29510428938062,167.64403867850808,97.30850056731278,98.84490245092974,false,false
500,1.0,166.5901307813641,98.2052279433367,1.3907770347300925,1.499822154098453,165.89660232134526,167.28737935607535,97.42652846902853,98.92635062312698,false,false
500,1.0,166.9093957945052,98.08375087126642,1.3378830993734425,1.5367369662137662,166.24559952595808,167.58348262533153,97.30342218941661,98.84015915563037,false,false
500,1.0,166.88591838348947,98.11715102255951,1.299661098092514,1.4803245550218094,166.24326198772943,167.54292308582194,97.35742203742308,98.83774659244489,false,false
500,1.0,166.5380229756875,98.23165860694493,1.3058908121417403,1.4923208724656973,165.8973456823964,167.20323649453815,97.44451781184165,98.93683868430735,false,false
500,1.0,166.7167292152604,98.16756230908291,1.3682002471149417,1.5318843884359836,166.03942143661837,167.4076216837333,97.35669886176724,98.88858325020323,false,false
500,1.0,167.0028608887994,98.09470837830469,1.3437261881220763,1.543657785274334,166.34165666818367,167.68538285630575,97.28325588333168,98.82691366860601,false,false
500,1.0,166.77747100405895,98.12618872349411,1.3845754868308404,1.5271339310121164,166.08561998809253,167.47019547492337,97.33908767586573,98.86622160687784,false,false
500,1.0,167.00678450285412,98.05786579790274,1.3367162147748957,1.5236659951285958,166.33519210260266,167.67190831737756,97.28257474675914,98.80624074188773,false,false
500,1.0,167.15859001245116,98.08455111833422,1.3376566371961474,1.5473063869867474,166.4569040862586,167.79456072345474,97.28230280467868,98.82960919166543,false,false
500,1.0,166.45768744473764,98.2417487249548,1.3677178827472005,1.4878589191690992,165.76364811021884,167.13136599296604,97.4625455679534,98.9504044871225,false,false
500,1.0,166.968079259538,98.09648359248254,1.369865795546957,1.5234108737365233,166.29191874754133,167.6617845430883,97.30124238573582,98.82465325947234,false,false
500,1.0,166.7999578850562,98.15254020886931,1.3423590968574217,1.5253363906319493,166.12838791164683,167.47074700850425,97.37785184059472,98.90318823122666,false,false
500,1.0,166.67691505542842,98.17330758563395,1.3988770333862135,1.4961277422397643,165.98423612560424,167.38311315899045,97.41229052287459,98.90841826511435,false,false
500,1.0,167.011600611997,98.0941473129724,1.3293921282254644,1.547569691796653,166.35207681514325,167.6814689433687,97.30356468028084,98.8511343720775,false,false
500,1.0,166.90875886949703,98.1369196980861,1.3635823581380748,1.473930519456104,166.22799166515043,167.5915740232885,97.36008995836903,98.83402047782513,false,false
500,1.0,166.74958051559565,98.16762307534083,1.342511373087433,1.5232720414291379,166.07067540096443,167.41318677405187,97.39078562187638,98.91405766330551,false,false
500,1.0,166.78222684097256,98.14700272918962,1.3555130728139204,1.5275821885192187,166.14213604387317,167.49764911668709,97.36372446698317,98.89130665550239,false,false
500,1.0,166.8855075614371,98.14215859553744,1.3756872017569322,1.503108800203961,166.19402425624105,167.56971145799798,97.34946001183722,98.85256881204118,false,false
500,1.0,166.88897231152697,98.10560820728682,1.3775928866301967,1.5400470279588632,166.2202065981707,167.5977994848009,97.31989969806035,98.85994672601922,false,false
500,1.0,166.8053139772175,98.1414638784999,1.3558260848264752,1.5091847639025815,166.1174075942876,167.4732336791141,97.37772457871748,98.88690934262006,false,false
500,1.0,166.90882306904115,98.11921336674708,1.339452344931999,1.5345846694298046,166.2541616552404,167.5936140001724,97.33026421342794,98.86484888285774,false,false
500,1.0,166.55752048015816,98.19771721224812,1.3651701647803804,1.5014364475054833,165.87797583975492,167.2431460045353,97.41935221324084,98.92078866074633,false,false
500,1.0,166.4847397138964,98.23224153791261,1.3799578144603686,1.510561869321009,165.8050433539904,167.18500116845078,97.44575077430468,98.9563126436257,false,false
500,1.0,166.9120126786365,98.10746300361805,1.3728888314821575,1.529419598868941,166.230872307872,167.60376113935416,97.33098387108993,98.86040346995887,false,false
500,1.0,166.39705349333772,98.26710141784353,1.3230395391314858,1.5241394991877257,165.72187836906582,167.0449179081973,97.47887012681115,99.00300962599887,false,false
500,1.0,166.7913300185662,98.16467696659184,1.3618346882334436,1.5064443085511527,166.1050947457199,167.46692943395334,97.38336180567146,98.88980611422261,false,false
500,1.0,166.91517222437463,98.11963594251795,1.3575915762248485,1.5339264137702884,166.25308004815244,167.6106716243773,97.33482887624946,98.86875529001975,false,false
500,1.0,167.02012323469475,98.05568001660751,1.3491588167390205,1.5605207189330628,166.34180852398606,167.69096734072508,97.24420075703486,98.80472147596792,false,false
500,1.0,166.70833755608626,98.18401759514455,1.378945192286949,1.522542943297239,166.01690583742095,167.3958510297079,97.3875445378988,98.91008748119604,false,false
500,1.0,166.75409566461053,98.13670576226812,1.361453393972397,1.4837488477218415,166.07620728028533,167.43766067425773,97.35996729155093,98.84371613927277,false,false
500,1.0,166.90656307325196,98.12356054117684,1.3776804837627026,1.5347265381576563,166.21808904657235,167.59576953033505,97.3329436319285,98.86767017008616,false,false
500,1.0,166.78828088080002,98.14403929183717,1.3669248252550688,1.5274415516853423,166.10751103686496,167.47443586212003,97.3492938241769,98.87673537586224,false,false
500,1.0,166.72159193826897,98.17696626304789,1.34068587863743,1.4945608038885894,166.036817015218,167.37750289385542,97.41728818599663,98.91184898988521,false,false
500,1.0,166.6740064135705,98.20146293706935,1.3910338527886097,1.5143301567562446,165.972926533892,167.36396038668062,97.41871834621702,98.93304850297326,false,false
500,1.0,167.03395264913345,98.0731029757645,1.3005073066131274,1.5205584840827981,166.3925035292396,167.69301083585273,97.30084141605899,98.82139990014178,false,false
500,1.0,167.12928951469704,98.02491047127938,1.3798034477262888,1.5386908833052786,166.44150847385433,167.82131192158062,97.2495342635392,98.78822514684448,false,false
500,1.0,166.80080509090178,98.14180276612242,1.3742696020366338,1.5301362908811313,166.1106845591753,167.48495416121193,97.35855928024613,98.88869557112726,false,false
500,1.0,166.96694207452242,98.09150446310962,1.365161910589876,1.510487529037988,166.2898394823955,167.65500139298538,97.31545352091166,98.82594104994965,false,false
500,1.0,167.02119351010296,98.08223961616865,1.3686082992304307,1.5344061907941438,166.33034359679084,167.69895189602127,97.27636452668004,98.81077071747418,false,false
500,1.0,166.93995346722977,98.13524881970733,1.3586475246218868,1.559094347947294,166.26692351814748,167.62557104276937,97.30538147551498,98.86447582346227,false,false
500,1.0,167.08601525980768,98.04289929732246,1.3358509563290966,1.519892476057862,166.4235414291864,167.7593923855155,97.27803134113506,98.79792381719292,false,false
500,1.0,166.90308093078573,98.10609565000578,1.3684654648555465,1.5265200836905422,166.223170826486,167.59163629134156,97.32486622350065,98.85138630719119,false,false
500,1.0,166.70935954434293,98.16379672104483,1.372712808542559,1.5130831733996075,166.02854671639895,167.4012595249415,97.39238657773748,98.90546975113709,false,false
500,1.0,167.02239635940322,98.06913839360249,1.3354565857584078,1.5038371084387876,166.36589548513194,167.70135207089035,97.29886280995046,98.80269991838925,false,false
500,1.0,166.64212517013456,98.18779759840497,1.336792857453787,1.5092814443488152,165.98301915705613,167.31981201450992,97.40464365460592,98.91392509895473,false,false
500,1.0,166.97695242572496,98.06241128391261,1.3521388173792275,1.5035908389880888,166.30296053891803,167.65509935629726,97.2939919164483,98.7975827554364,false,false
500,1.0,166.6522067933977,98.19766609322103,1.3575200230124551,1.5184154903940623,165.99139944736237,167.34891947037482,97.3975128196808,98.91592831007486,false,false
500,1.0,166.8213258416529,98.14364914118357,1.3044871830970521,1.5564659472933045,166.17686813242068,167.48135531551773,97.32356392407105,98.88002987136436,false,false
500,1.0,167.02146555672275,98.08517157746053,1.3876154928713902,1.534923348859536,166.32294354415893,167.71055903703032,97.31533655471173,98.85025990357127,false,false
500,1.0,166.94686168064925,98.05672216983773,1.3989215117643141,1.5665332311754838,166.24558168538474,167.64450319714905,97.28181469956019,98.84834793073567,false,false
500,1.0,166.80603327329962,98.16206675483446,1.3455108147135775,1.4895318798825485,166.13813444797455,167.48364526268813,97.38243247481559,98.87196435469814,false,false
500,1.0,166.53666915685795,98.21637852652792,1.339661256725634,1.5782617503260923,165.86901791331096,167.2086791700366,97.41015126983213,98.98841302015822,false,false
500,1.0,167.04119316609228,98.09271105617621,1.3877618742213258,1.563628258779417,166.33882276183817,167.7265846360595,97.28006066531093,98.84368892409034,false,false
500,1.0,166.77494695175034,98.16700757296206,1.3320511950418563,1.5036429396895414,166.10378758453314,167.435838779575,97.40458764789649,98.90823058758603,false,false
500,1.0,167.00963795565403,98.07479833191591,1.3564595409698939,1.5291713631445418,166.33402711356774,167.69048665453764,97.26724309425786,98.7964144574024,false,false
500,1.0,167.0644640498203,98.0471697836814,1.3300781128117762,1.5305578300370968,166.41809127707862,167.7481693898904,97.27019617621556,98.80075400625266,false,false
500,1.0,166.94413420737862,98.11474899456678,1.351622647102829,1.531182009775165,166.2510180087089,167.60264065581174,97.31084829436645,98.84203030414162,false,false
500,1.0,167.01803606222032,98.03963826593028,1.4017744143659172,1.5634640565777005,166.31078775484877,167.7125621692147,97.25516239880223,98.81862645537993,false,false
500,1.0,166.93118946352251,98.13647580322271,1.3620929263726396,1.5385231539954702,166.2453446728839,167.60743759925654,97.35095677210667,98.88947992610214,false,false
500,1.0,167.0858904458385,98.04952100067972,1.3986953483308469,1.512481052466768,166.3831784117446,167.78187376007546,97.27808633259079,98.79056738505756,false,false
500,1.0,166.68675225137818,98.15860346148563,1.3693812604653317,1.5592292205142257,166.00801900474534,167.37740026521067,97.32855135027322,98.88778057078744,false,false
500,1.0,166.861225291489,98.14630815041836,1.370292667142337,1.4913995359983119,166.1813407239993,167.55163339114165,97.37711277900857,98.86851231500688,false,false
500,1.0,167.00214871047226,98.1106189768893,1.3403985477607705,1.490671692426929,166.3252848286813,167.66568337644208,97.31801739432558,98.80868908675251,false,false
500,1.0,166.77976882688495,98.1380517948198,1.3655062892754586,1.5571811358380359,166.0987047932507,167.46421108252616,97.35267940126562,98.90986053710365,false,false
500,1.0,166.8781743557065,98.1226725371034,1.349471904939179,1.544274357856267,166.2159166799191,167.56538858485828,97.33118012668241,98.87545448453868,false,false
500,1.0,166.6330158808655,98.20997461633371,1.3976763426903744,1.5178314954567185,165.93377833358824,167.3314546762786,97.41363536603805,98.93146686149477,false,false
500,1.0,167.09822851992305,98.04332163525396,1.3728766800702203,1.5545246151011156,166.41201240362292,167.78488908369314,97.23768422669282,98.79220884179394,false,false
500,1.0,167.23610161481932,98.02082543249854,1.309088761733392,1.4951928834702244,166.58154044490536,167.89062920663875,97.24570592192043,98.74089880539066,false,false
500,1.0,166.80185416242236,98.1370479717742,1.3645664774558952,1.5261354007843693,166.10520780445378,167.46977428190968,97.37689167584725,98.90302707663162,false,false
500,1.0,166.62995925746344,98.1729425147937,1.3609538342526548,1.5060331933380269,165.96492526561738,167.32587909987004,97.39830776998684,98.90434096332487,false,false
500,1.0,166.93750993810417,98.12580392332535,1.3310774913746855,1.515208856100415,166.26605690562482,167.5971343969995,97.34859110400974,98.86379996011016,false,false
500,1.0,167.09493805580868,98.02190389071686,1.345649225319022,1.5285054874275659,166.4231002504403,167.76874947575934,97.24218946695387,98.77069495438144,false,false
500,1.0,166.65080327622863,98.17195548692148,1.3839302660296653,1.5203898934171747,165.95631048661863,167.3402407526483,97.40114780758113,98.9215377009983,false,false
500,1.0,167.15628249402835,98.0316406544176,1.3844198964361851,1.560227639431659,166.47531274720717,167.85973264364335,97.23443577226202,98.79466341169368,false,false
500,1.0,166.4637661592499,98.27430426365339,1.3763107508113706,1.502229918938184,165.79843333808097,167.17474408889234,97.4807857479015,98.98301566683969,false,false
500,1.0,166.73510379207852,98.1611748616377,1.364446423929678,1.4732131314388255,166.06787463730615,167.43232106123583,97.39230508021562,98.86551821165445,false,false
500,1.0,166.53060224818964,98.23825487614798,1.3662875819504166,1.5322353914086335,165.85142218235217,167.21770976430258,97.46741788919705,98.99965328060568,false,false
500,1.0,166.95796294322633,98.09054837294347,1.3600121478297638,1.504296294625334,166.27411965159075,167.63413179942052,97.32959211689712,98.83388841152245,false,false
500,1.0,166.93214067473565,98.09148695555729,1.3919169693557762,1.5373300002637649,166.24676704193783,167.6386840112936,97.31282036596397,98.85015036622774,false,false
500,1.0,166.94755165652998,98.08420399198502,1.3590529891153267,1.5391271552595214,166.26222909469323,167.62128208380855,97.29134790630117,98.83047506156069,false,false
500,1.0,166.84143305715236,98.13257870762315,1.3370635256900698,1.4825159699701658,166.17149010943697,167.50855363512704,97.36905687865543,98.8515728486256,false,false
500,1.0,166.7531373071949,98.17036440668328,1.3590441533435467,1.5726245183817582,166.07204275685058,167.43108691019413,97.34761723530778,98.92024175368954,false,false
500,1.0,166.89121108488803,98.10307817654005,1.3034794095211737,1.529791206788147,166.24382647849706,167.54730588801823,97.3000139474067,98.82980515419484,false,false
500,1.0,166.76642387001647,98.13745898820872,1.3740032643279392,1.5388957376034966,166.07736144766042,167.45136471198836,97.35031062837932,98.88920636598282,false,false
500,1.0,166.86757723124964,98.12317015718409,1.3844265525831645,1.5503125703575762,166.17150785826004,167.5559344108432,97.32231244553832,98.87262501589589,false,false
500,1.0,167.17828447891878,98.04451992343651,1.3331772645350668,1.5336871079251893,166.49602574005667,167.82920300459173,97.25666618659452,98.7903532945197,false,false
500,1.0,166.8664142058401,98.12682302987375,1.3224278489649919,1.5119885631292505,166.19149089117343,167.51391874013842,97.35193255825742,98.86392112138667,false,false
500,1.0,166.9324125190704,98.09853189505337,1.3291126292305364,1.5563888523636678,166.2746832818394,167.60379591106994,97.29006308053603,98.8464519328997,false,false
500,1.0,166.89661896246054,98.15474879934311,1.3755139158823795,1.5043082471260618,166.19217887173036,167.56769278761274,97.36637196158043,98.87068020870649,false,false
500,1.0,166.53219890889454,98.21749002450879,1.3542443557158776,1.5092304501099107,165.852283546718,167.2065279024339,97.43013195950499,98.9393624096149,false,false
500,1.0,167.11604916948616,98.04057176966936,1.3335641959549775,1.5056780895996695,166.45249926767337,167.78606346362835,97.27963273607385,98.78531082567352,false,false
500,1.0,166.94577181423836,98.12403681569698,1.3629131140510253,1.4866210211437902,166.25743341274801,167.62034652679904,97.35809187183362,98.84471289297741,false,false
500,1.0,166.6867906200378,98.18810339447725,1.367192587980412,1.5180854076322987,166.00476738474885,167.37195997272926,97.40251424575197,98.92059965338427,false,false
500,1.0,166.96864145196216,98.06329503496934,1.3260687268216316,1.4794840704635988,166.31883677559648,167.6449055024181,97.32486990405665,98.80435397452025,false,false
500,1.0,166.67084490209785,98.15972616930816,1.3685619599995675,1.4872633574914857,165.98535842957716,167.35392038957673,97.401806456658,98.88906981414948,false,false
500,1.0,166.62625642301498,98.19032126485078,1.379007351345706,1.4954084009776238,165.92959486783312,167.30860221917882,97.422357885732,98.91776628670962,false,false
500,1.0,166.9260068538232,98.10493145847907,1.3528072281621064,1.5176909677456933,166.2483764212233,167.6011836493854,97.32673650235593,98.84442747010162,false,false
500,1.0,166.8317349221581,98.13513472582596,1.368338801834767,1.5488254531769883,166.1559078640141,167.52424666584886,97.32651610870525,98.87534156188224,false,false
500,1.0,166.78912188278207,98.1926098070335,1.3592951663598,1.520044207168013,166.10272893358194,167.46202409994174,97.39827868573956,98.91832289290757,false,false
500,1.0,166.44155486386035,98.26464598266216,1.394286238301902,1.4939000760606689,165.75165174242227,167.14593798072417,97.4860349069894,98.97993498305007,false,false
500,1.0,166.73382680321146,98.14246112935892,1.3327267277975352,1.514871496993024,166.07973925146507,167.4124659792626,97.3734033695161,98.88827486650912,false,false
500,1.0,166.9188946592056,98.11665886354987,1.3519835613786597,1.5108133054249464,166.23781000360094,167.5897935649796,97.34133950713795,98.85215281256289,false,false
500,1.0,166.97534918850704,98.09603842346785,1.3530636017703443,1.5285615136324964,166.30747529312254,167.66053889489288,97.3159968062892,98.8445583199217,false,false
500,1.0,166.88789339051158,98.11575608395596,1.3156929392509653,1.509900479465756,166.23119755201392,167.5468904912649,97.34671396750912,98.85661444697487,false,false
500,1.0,166.70984473178464,98.16022151662804,1.38501743468251,1.532084758002469,166.01507941355956,167.40009684824207,97.37029063323249,98.90237539123495,false,false
500,1.0,166.92984587892292,98.10300302895982,1.3794079596024744,1.5330047677433498,166.24778569851503,167.6271936581175,97.29547502625047,98.82847979399382,false,false
500,1.0,167.16090957123322,98.02400847646464,1.3421992442555677,1.5915083231978002,166.5022112044013,167.84441044865687,97.20580644391963,98.79731476711743,false,false
500,1.0,166.8196273270138,98.17756472092198,1.3762555169486177,1.569815175938814,166.1336585815007,167.50991409844931,97.36514080578495,98.93495598172376,false,false
500,1.0,167.05628865244938,98.08240002122054,1.3119974922535675,1.5401581311084982,166.39789534992786,167.70989284218143,97.31241220917967,98.85257034028817,false,false
500,1.0,166.77823342400325,98.18047544882043,1.3356084111964606,1.5292517690122907,166.11036223128193,167.4459706424784,97.38294201990016,98.91219378891245,false,false
500,1.0,167.03405486578404,98.07445739328371,1.3181009057607014,1.5282850731513662,166.36564586598334,167.68374677174404,97.26583824122699,98.79412331437835,false,false
500,1.0,167.01216673353258,98.06347880376251,1.3753579959332,1.5245207519132578,166.34715069045507,167.72250868638827,97.29702710547146,98.82154785738472,false,false
500,1.0,167.3488776773955,97.95706341112664,1.3748464583024997,1.5280606723675163,166.67883939548125,168.05368585378375,97.18088629514747,98.70894696751499,false,false
500,1.0,166.81186466590952,98.12881361714477,1.355448456006883,1.5214210254179648,166.1262925532114,167.4817410092183,97.3355134884196,98.85693451383756,false,false
500,1.0,166.78514210992307,98.13351878673048,1.38326286273022,1.5390864947197542,166.07036494569215,167.45362780842237,97.36121205391115,98.9002985486309,false,false
500,1.0,167.07012443012104,98.08587355478969,1.394366518258039,1.5511473606775326,166.36205465809525,167.75642117635329,97.28210783896446,98.833255199642,false,false
500,1.0,167.1213636231597,98.09401957428565,1.3564920809840544,1.5622750020598204,166.42541753640563,167.7819096173897,97.28246416553763,98.84473916759745,false,false
500,1.0,166.7115462960393,98.19343888045083,1.3585008343488312,1.5675208146886632,166.0298649768735,167.38836581122234,97.38423549561382,98.95175631030249,false,false
500,1.0,167.16192277297444,98.05873892456248,1.3481375587934963,1.5311325779496343,166.4879317810026,167.8360693397961,97.24446955164974,98.77560212959938,false,false
500,1.0,166.8135415752136,98.13892143206195,1.3478070988606135,1.517201294936271,166.14002241206984,167.48782951093045,97.35816312238329,98.87536441731956,false,false
500,1.0,166.52130547614297,98.24217281844878,1.3518421359929675,1.5113099302048028,165.8481337197863,167.19997585577926,97.47655834677991,98.98786827698471,false,false
500,1.0,167.13377120411326,98.03936771475165,1.317444492152248,1.5764456616415714,166.47426445299536,167.7917089451476,97.22347400489082,98.79991966653239,false,false
500,1.0,166.96717260242505,98.10979348654172,1.3556306622552654,1.5216431031437168,166.28348400815946,167.63911467041473,97.30830439911615,98.82994750225987,false,false
500,1.0,166.6612229041607,98.22601646255244,1.3842498924218773,1.5240628365229583,165.9612953091749,167.34554520159676,97.4275041815392,98.95156701806216,false,false
500,1.0,166.8742117560314,98.08990233934736,1.3744776814490933,1.5620584596124587,166.19112427416667,167.56560195561576,97.30471542465811,98.86677388427057,false,false
500,1.0,166.83420167912124,98.11126116391083,1.3483398405036553,1.5253784053223995,166.16372685663654,167.5120666971402,97.33019347948144,98.85557188480384,false,false
500,1.0,166.8973149665171,98.12548817969099,1.3393429577308495,1.5135766921548992,166.2295101675863,167.56885312531716,97.34403470602159,98.85761139817649,false,false
500,1.0,166.80763645645982,98.11888793270856,1.3710005417444222,1.5298255402894796,166.1247896583149,167.49579020005933,97.33295268154932,98.8627782218388,false,false
500,1.0,167.03190678776764,98.07085645631608,1.315756497672794,1.545238957488067,166.37423326784062,167.68998976551342,97.28130376779015,98.82654272527822,false,false
500,1.0,166.8214205331572,98.13800075184804,1.3846255615255245,1.506587004117776,166.13852751618157,167.5231530777071,97.3645681716173,98.87115517573507,false,false
500,1.0,166.96699514954133,98.1207664717574,1.3451832056341004,1.5371480698378548,166.2854420788766,167.6306252845107,97.32559517179149,98.86274324162935,false,false
500,1.0,166.6843594719936,98.19527318472238,1.344241270593301,1.525848249949732,166.0205666545809,167.3648079251742,97.4141506618096,98.93999891175933,false,false
500,1.0,167.27738562309335,98.01782533656473,1.3475837895470875,1.5485301076679576,166.60308037209353,167.95066416164062,97.22970959065572,98.77823969832367,false,false
500,1.0,166.83341792950608,98.13396098998632,1.3773599276524067,1.5114136130365665,166.1301485372461,167.5075084648985,97.35074341926757,98.86215703230414,false,false
500,1.0,167.03461081989025,98.06627390717092,1.3531529171009709,1.5131277827448457,166.3444928022683,167.69764571936926,97.30523112839722,98.81835891114207,false,false
500,1.0,166.87814904015843,98.12307987320511,1.3586124537768853,1.5188270649123865,166.19092053834729,167.54953299212417,97.34573547156364,98.86456253647603,false,false
500,1.0,166.89527947493133,98.10009091089722,1.345810068689616,1.5200322536852298,166.22688442336948,167.5726944920591,97.34293746185813,98.86296971554336,false,false
500,1.0,167.0137740084706,98.1231116541903,1.3968366267231431,1.5475374054435633,166.3067901309712,167.70362675769434,97.32693280577446,98.87447021121802,false,false
500,1.0,167.06615383996657,98.06830748483972,1.3834051238024472,1.5198767341668002,166.36160993524751,167.74501505904996,97.29500554503791,98.81488227920471,false,false
500,1.0,166.92684615918304,98.10159980193288,1.3569932394993316,1.4845592207519616,166.2593083117698,167.61630155126912,97.34963348228499,98.83419270303695,false,false
500,1.0,166.74560461032183,98.16675784976898,1.380365971030983,1.4977686576758487,166.04871101688684,167.42907698791782,97.39786513185891,98.89563378953476,false,false
500,1.0,167.1468426076749,98.03557899066185,1.3476898408938212,1.5466590216446008,166.4682914412242,167.81598128211803,97.23837051514161,98.78502953678621,false,false
500,1.0,167.0092855208477,98.07617858803852,1.4003555761642872,1.526712089261821,166.30080854894229,167.70116412510657,97.29949156693797,98.8262036561998,false,false
500,1.0,166.84157697157298,98.15973668656126,1.3998486181730527,1.523369202608606,166.1436065063312,167.54345512450425,97.38169717627002,98.90506637887863,false,false
500,1.0,166.72751032182373,98.20062838338674,1.369216807555489,1.5458359845906244,166.03220431928872,167.4014211268442,97.41785606043946,98.96369204503009,false,false
500,1.0,166.68807172964404,98.17435214215499,1.3691617244188024,1.5390868652944505,165.9984948201334,167.3676565445522,97.39863404535333,98.93772091064778,false,false
500,1.0,167.10497510760723,98.04212459876324,1.3725367303619578,1.5247076582896426,166.42941066673427,167.80194739709623,97.26844322137977,98.79315087966941,false,false
500,1.0,166.6782133705039,98.20408476543676,1.3760775684883697,1.4709565905530866,165.9885551239349,167.36463269242327,97.4354152719884,98.90637186254149,false,false
500,1.0,166.88997116733466,98.14742906508712,1.354738077481386,1.518967550193679,166.2100599247645,167.56479800224588,97.34745245571887,98.86642000591254,false,false
500,1.0,166.94060458056003,98.08881263178856,1.364847240107423,1.5046500250876136,166.27449441124992,167.63934165135734,97.3199664320583,98.82461645714591,false,false
500,1.0,166.71472381256953,98.1547214730409,1.350901522511549,1.503588956712548,166.06619521114166,167.4170967336532,97.38529577727485,98.8888847339874,false,false
500,1.0,166.84772202759382,98.15137659232327,1.3247077009505404,1.5113890369875804,166.18847536685033,167.51318306780087,97.37390663093787,98.88529566792545,false,false
500,1.0,166.85175118431408,98.13270152909453,1.3555419882514173,1.5145851814778553,166.16941641313304,167.52495840138445,97.33207726807042,98.84666244954828,false,false
500,1.0,167.36587941954662,97.9611634942035,1.3557884319621678,1.5798040961184086,166.69130718408675,168.04709561604892,97.16768725915796,98.74749135527637,false,false
500,1.0,167.22848687482065,97.99847409426602,1.3562744910296942,1.5672200377840113,166.5818177680691,167.9380922590988,97.20709690234949,98.7743169401335,false,false
500,1.0,166.82536287819272,98.14019686192688,1.3770913631122994,1.5059957916699176,166.13097643293924,167.50806779605153,97.35793363482901,98.86392942649893,false,false
500,1.0,166.65517320202355,98.17436433497315,1.3719140948198003,1.5306659614857239,165.97154973107536,167.34346382589516,97.37385509088556,98.90452105237128,false,false
500,1.0,166.68642713324874,98.21390131961199,1.3357826071944032,1.5795749373702677,166.02207257403003,167.35785518122444,97.38996675206437,98.96954168943464,false,false
500,1.0,166.84832781554195,98.12834204714272,1.3142002262278254,1.5155848657187505,166.194055493439,167.50825571966683,97.33429849314639,98.84988335886514,false,false
500,1.0,166.59556462946966,98.21120204668057,1.373001165940991,1.53816774528633,165.92041438577144,167.29341555171243,97.41412130238413,98.95228904767046,false,false
500,1.0,167.03763543722187,98.08608226861492,1.360546001378026,1.5416946153331708,166.3553313472219,167.71587734859992,97.30819018970084,98.84988480503401,false,false
500,1.0,166.61245301795827,98.19454669634304,1.3476650488767916,1.5046913134604694,165.9536872338809,167.3013522827577,97.40786221908195,98.91255353254242,false,false
500,1.0,167.02976655706252,98.0945561445973,1.3300476466179418,1.4885465058593326,166.36607091965942,167.69611856627736,97.31843360529545,98.80698011115479,false,false
500,1.0,166.99533383183336,98.11155146733354,1.348247955770205,1.5081295071960596,166.31718264910202,167.66543060487223,97.34052816244512,98.84865766964118,false,false
500,1.0,166.8936732318945,98.12617110589147,1.3547838698737849,1.549093941673192,166.22695487812283,167.5817387479966,97.32150154383334,98.87059548550653,false,false
500,1.0,166.7584914460125,98.17972883073949,1.3965117726603182,1.5194398598946464,166.06020414859643,167.45671592125674,97.3984659221367,98.91790578203134,false,false
500,1.0,166.91138975087836,98.10790639795975,1.364902315377293,1.5437205209428981,166.24681630386996,167.61171861924726,97.2928571464378,98.8365776673807,false,false
500,1.0,166.6902116411065,98.18872954531085,1.3569882236666047,1.4999958643338687,166.0093363135872,167.3663245372538,97.4255713330727,98.92556719740656,false,false
500,1.0,167.14196633045927,98.01723271358193,1.3373031994401572,1.533316739210079,166.50180267293075,167.8391058723709,97.22820407784437,98.76152081705445,false,false
500,1.0,167.09967020560862,98.07067666208357,1.363702429219984,1.4985694605899482,166.42109175078292,167.7847941800029,97.30403834765097,98.80260780824092,false,false
500,1.0,166.92194623247002,98.12000939255192,1.3701727948759128,1.5411835986848672,166.22654380666435,167.59671660154027,97.34853842570249,98.88972202438735,false,false
500,1.0,167.26627379321556,98.01977270771616,1.3411385576752366,1.5523149168574122,166.58106642470807,167.9222049823833,97.21632518909988,98.76864010595729,false,false
500,1.0,166.83183841600896,98.12576718740704,1.3600628622930344,1.5088287868668715,166.1468638199268,167.50692668221984,97.35403241414585,98.86286120101272,false,false
500,1.0,167.07271153613982,98.04118661276797,1.3243375910447526,1.499383770329132,166.41557229645912,167.73990988750387,97.29800548460736,98.79738925493649,false,false
500,1.0,166.8811948387014,98.12631828308089,1.3410405982062912,1.5465041863354116,166.20750537886752,167.54854597707381,97.30560628736086,98.85211047369627,false,false
500,1.0,166.8663935555358,98.08807673965549,1.4020461557404644,1.517300963200725,166.17372236569855,167.57576852143902,97.30464060258002,98.82194156578075,false,false
500,1.0,166.61676297292502,98.21745109372556,1.3928252922435718,1.4715044412814535,165.90314557629483,167.2959708685384,97.45311180243564,98.9246162437171,false,false
500,1.0,167.05850965976606,98.07499500919783,1.3483114876426328,1.5317394636492594,166.38796418525217,167.7362756728948,97.27677937191898,98.80851883556824,false,false
500,1.0,166.71363365729087,98.18639913914755,1.3399735660192107,1.4952477579514039,166.03418018216857,167.37415374818778,97.40079931018869,98.89604706814009,false,false
500,1.0,166.6773937927005,98.18947762967728,1.393917093456281,1.5363935287203674,165.97781942266022,167.3717365161165,97.39184128108573,98.9282348098061,false,false
500,1.0,166.62382123589936,98.1997012476259,1.3545647186239762,1.5156777655446945,165.95059357575042,167.3051582943744,97.40819371462669,98.92387148017139,false,false
500,1.0,166.72807929996947,98.15094012520532,1.3413679467936959,1.514608910943977,166.0540990185516,167.3954669653453,97.37717582961079,98.89178474055477,false,false
500,1.0,166.6107115454647,98.19579451017597,1.3934928367911255,1.5154332667847115,165.90120277702948,167.2946956138206,97.40978756315235,98.92522082993706,false,false
500,1.0,167.01932342566806,98.1066037854898,1.3784754474333454,1.5232232863825743,166.32340464469942,167.70188009213277,97.31324418509524,98.83646747147782,false,false
500,1.0,166.7712494244586,98.15185092175608,1.3965824881578612,1.5302433819535537,166.074034632196,167.47061712035386,97.36947619809987,98.89971958005343,false,false
500,1.0,167.1944077911195,98.0009166781303,1.3824112634787582,1.5464107160551208,166.5069596927659,167.88937095624465,97.22342436767576,98.76983508373088,false,false
500,1.0,167.09429598388996,98.0474589461239,1.3508161429993777,1.5408359356841572,166.42823648257948,167.77905262557886,97.27174831464424,98.8125842503284,false,false
500,1.0,166.80319336735639,98.18173029079236,1.387140370869929,1.5426545113804764,166.08457368742313,167.47171405829306,97.37724893651163,98.91990344789211,false,false
500,1.0,167.04316078704886,98.07059640336846,1.377335019023974,1.53267394108083,166.34244325491088,167.71977827393485,97.29131868563232,98.82399262671315,false,false
500,1.0,167.1123458911741,98.01426490722548,1.346654749095336,1.5582657363466978,166.44449741581533,167.79115216491067,97.20429366908729,98.76255940543399,false,false
500,1.0,167.15131766328642,98.03438724001055,1.3429466785648856,1.52936763486629,166.4837089504464,167.8266556290113,97.26233040432625,98.79169803919254,false,false
500,1.0,166.90596524914844,98.11150155761753,1.3803577195219248,1.5086770545593566,166.20953610871385,167.58989382823577,97.34133710271193,98.85001415727129,false,false
500,1.0,167.00394764113918,98.09777066751758,1.3841194074668692,1.5439200868212026,166.32795285681698,167.71207226428385,97.31695487051284,98.86087495733405,false,false
500,1.0,166.48083019092576,98.20824527482583,1.3881388350895065,1.5267142513682757,165.79703410338476,167.18517293847427,97.41544929085947,98.94216354222775,false,false
500,1.0,166.83843858921023,98.1374850355525,1.3664338442957842,1.4864884094104553,166.1470219949852,167.513455839281,97.3740320294503,98.86052043886076,false,false
500,1.0,166.89367170587954,98.13199343708723,1.3695507072807231,1.49965801547782,166.21667757503462,167.58622828231535,97.34158764871238,98.8412456641902,false,false
500,1.0,166.52698738211092,98.21232223996248,1.3546445862751284,1.5148168876005457,165.84906242255192,167.20370700882705,97.41234614326439,98.92716303086493,false,false
500,1.0,167.00901150047724,98.08830517018669,1.3325718441023184,1.592804358546914,166.33120848890562,167.66378033300794,97.25326903682452,98.84607339537143,false,false
500,1.0,166.7095785302887,98.14920626888065,1.3625209036287913,1.5068137316993528,166.0269687594662,167.389489663095,97.36673255624366,98.87354628794301,false,false
500,1.0,167.044926412654,98.05627486621302,1.3430403551823815,1.559608273458906,166.3640409129589,167.70708126814128,97.25431809478718,98.81392636824609,false,false
500,1.0,166.99830825337645,98.10241721222656,1.3918935953320215,1.5019752525419108,166.286390708664,167.678284303996,97.34168087243756,98.84365612497947,false,false
500,1.0,167.00868988509364,98.09445272031036,1.32486005129428,1.5347306000575145,166.34954290504064,167.67440295633492,97.30183404434788,98.8365646444054,false,false
500,1.0,167.06823902447655,98.07106983333469,1.3387151105705755,1.5799407380297623,166.4103219823721,167.74903709294267,97.25058852904925,98.83052926707902,false,false
500,1.0,166.90643314395265,98.13329346641481,1.3428086614527217,1.5481674558622416,166.24230369726598,167.5851123587187,97.33646918605154,98.88463664191379,false,false
500,1.0,166.6825820343803,98.19059308241444,1.351286777183958,1.561789885068677,165.99641649368738,167.34770327087134,97.39112634368233,98.95291622875101,false,false
500,1.0,166.7527134603127,98.1604681955647,1.384828587568819,1.5465745959143646,166.04867543034283,167.43350401791164,97.35176694667126,98.89834154258563,false,false
500,1.0,166.92438241080646,98.09351631415936,1.345181182047611,1.5110285274853368,166.2376186851543,167.5827998672019,97.32420564351233,98.83523417099767,false,false
500,1.0,167.11090123852597,98.06920929893468,1.3469045319496615,1.5119381813248935,166.42225344798086,167.76915797993053,97.29316380485251,98.8051019861774,false,false
500,1.0,166.80931967949778,98.12753492614314,1.3607115669187522,1.5662090670321476,166.13662398498994,167.4973355519087,97.32676990060496,98.8929789676371,false,false
500,1.0,166.77204327400938,98.18138045506353,1.3242851760114434,1.5132447076435227,166.12994418016865,167.4542293561801,97.38130043312336,98.89454514076688,false,false
500,1.0,166.86256646434484,98.11631409862716,1.3915386662678202,1.537869623114787,166.14806909071154,167.53960775697936,97.34114183402181,98.8790114571366,false,false
500,1.0,166.84761038607166,98.14992774208805,1.3909673526142399,1.5181637249343254,166.15768543024657,167.5486527828608,97.37536430924821,98.89352803418254,false,false
500,1.0,166.91298228561868,98.11368341165823,1.3701106317891174,1.5224787522231793,166.22004304517347,167.5901536769626,97.32384300368682,98.84632175591,false,false
500,1.0,166.87406669525205,98.11147959421686,1.35212516717786,1.547128828113955,166.21244142265135,167.5645665898292,97.3120147884501,98.85914361656405,false,false
500,1.0,166.95598438476136,98.09253077576881,1.3764226312311507,1.5258975077670982,166.27727860372192,167.65370123495308,97.29093676446661,98.8168342722337,false,false
500,1.0,166.46282227524878,98.2740385575351,1.4393351361609632,1.5439935203642818,165.74948724597374,167.1888223821347,97.47588576398513,99.01987928434941,false,false
500,1.0,166.8793387512539,98.1382849463376,1.324702666883553,1.5091502136437214,166.2232428964765,167.54794556336006,97.35461532274127,98.86376553638499,false,false
500,1.0,166.70252916890155,98.17200122995614,1.3975878541444615,1.4880868761487847,166.0017177026036,167.39930555674806,97.41135140877644,98.89943828492522,false,false
500,1.0,166.7995948786927,98.13403139587837,1.3650737672211335,1.5011710194022214,166.13468314973838,167.4997569169595,97.3522265918366,98.85339761123882,false,false
500,1.0,166.81139816902527,98.11812136525384,1.3622134835253519,1.5741885530707975,166.11924554517088,167.48145902869624,97.30452503551578,98.87871358858658,false,false
500,1.0,166.70976516657745,98.17868491493174,1.3555967566819334,1.520752967733614,166.02926636250623,167.38486311918817,97.40256096864822,98.92331393638183,false,false
500,1.0,166.70356070841592,98.20010422006706,1.3280466312529313,1.5001680717771961,166.04462594801413,167.37267257926706,97.40977561388877,98.90994368566597,false,false
500,1.0,167.2273587506844,98.02636982356546,1.3211769319683526,1.5160645557787404,166.5717961118296,167.89297304379795,97.25148783833495,98.7675523941137,false,false
500,1.0,166.75585711165002,98.16167736435305,1.3576367866205885,1.5412737497599096,166.08577511822517,167.44341190484576,97.37738559230638,98.91865934206629,false,false
500,1.0,166.9463711492362,98.09915927246283,1.361141209794141,1.5092356438788812,166.27154100778333,167.63268221757747,97.3271950276961,98.83643067157499,false,false
500,1.0,167.1264062589998,98.04556709411217,1.371459776334234,1.5170649553142255,166.4357627372505,167.80722251358475,97.24629656635983,98.76336152167406,false,false
500,1.0,166.92776373216907,98.0961079495739,1.3325359174314428,1.5511313951670047,166.26861125016504,167.60114716759648,97.30672173459993,98.85785312976694,false,false
500,1.0,167.03619824894764,98.04987345370478,1.3517177171522974,1.5372946848705737,166.36302897361625,167.71474669076855,97.27493953144395,98.81223421631452,false,false
500,1.0,166.69281285137222,98.19375285360343,1.3697873768155944,1.519639536551935,166.0082818898515,167.3780692666671,97.41597341441721,98.93561295096914,false,false
500,1.0,166.84736805323507,98.11231358203264,1.3645775137398743,1.4943214450156432,166.1631729945449,167.52775050828478,97.34563447529024,98.83995592030588,false,false
500,1.0,167.03883924910076,98.03801943278103,1.3603318405918685,1.5394368487753667,166.36388730675682,167.7242191473487,97.26753122883532,98.80696807761069,false,false
500,1.0,166.9479017602156,98.10809297029407,1.3703396045254124,1.5826443540404398,166.2704482171592,167.64078782168463,97.29327788650934,98.87592224054978,false,false
500,1.0,166.85970534743808,98.11840531254681,1.349967886610841,1.4879254794537786,166.18589477310985,167.5358626597207,97.35611181621015,98.84403729566392,false,false
500,1.0,167.0265791205207,98.0610211538559,1.4084245418453065,1.5414044731114274,166.326724096641,167.7351486384863,97.27851473211891,98.81991920523033,false,false
500,1.0,166.71818108414806,98.1922776042341,1.3931021901971405,1.4930337113255234,166.01239478139595,167.4054969715931,97.40412254094862,98.89715625227414,false,false
500,1.0,166.76115313501404,98.13515431056803,1.3779260409769165,1.53917147330489,166.08420226263112,167.46212830360804,97.35323247083576,98.89240394414065,false,false
500,1.0,167.25115256834937,98.0028986074582,1.365102457522994,1.5180674735107829,166.56677872803692,167.93188118555992,97.22582801605353,98.74389548956431,false,false
500,1.0,167.0570345524526,98.05374449587404,1.3660820944143097,1.523975775492957,166.37406877881955,167.74015087323386,97.27362292412025,98.7975986996132,false,false
500,1.0,166.74796221729474,98.15424230096816,1.3471796490418058,1.5187968266629497,166.08980757657426,167.43698722561606,97.36322060243671,98.88201742909966,false,false
500,1.0,166.9900574452187,98.09855728454653,1.369279731435796,1.5425569752629258,166.31528246210573,167.68456219354152,97.29895899429849,98.84151596956141,false,false
500,1.0,166.92513641048285,98.10190873532599,1.3613842184799978,1.494136097555355,166.24008341586176,167.60146763434176,97.32564053794036,98.81977663549571,false,false
500,1.0,166.97930327617388,98.09594701629342,1.3642693831111217,1.5612606990929692,166.30856661197765,167.67283599508878,97.30072770418852,98.86198840328149,false,false
500,1.0,166.6050580215272,98.19763981397361,1.3517691117575907,1.4895400433494075,165.95755353082055,167.30932264257814,97.40489761857101,98.89443766192042,false,false
500,1.0,166.89669700708959,98.08110307332522,1.3828718303666108,1.5466309713916218,166.21013365584386,167.59300548621047,97.29887466485548,98.8455056362471,false,false
500,1.0,166.83498862666062,98.09766916437877,1.3740203594364004,1.5160529800943863,166.14706552715737,167.52108588659377,97.32820782264945,98.84426080274383,false,false
500,1.0,166.8980843151798,98.08976403158292,1.3484361475042306,1.5334522542309372,166.21687310685604,167.56530925436027,97.32027375169866,98.8537260059296,false,false
500,1.0,166.77364441544938,98.1529379176879,1.3730177514568709,1.464832159846182,166.06530218842568,167.43831993988255,97.42597083054443,98.89080299039061,false,false
500,1.0,167.06246397541497,98.05510142281122,1.299556494084186,1.52540023059899,166.41306253987057,167.71261903395475,97.2777587828989,98.80315901349789,false,false
500,1.0,166.65887144564613,98.1907350804011,1.3298721785167231,1.5176201204644713,165.97114910695646,167.30102128547318,97.42362988705803,98.9412500075225,false,false
500,1.0,166.794331922308,98.14496837496915,1.3718382458911549,1.5349521526278096,166.0965117194488,167.46834996533997,97.339439610988,98.8743917636158,false,false
500,1.0,166.65143562132602,98.18060484540568,1.3646274439522301,1.473593109136587,165.98884281601437,167.3534702599666,97.4207559355875,98.89434904472408,false,false
500,1.0,166.83053055000667,98.14805115967445,1.3731140768317118,1.5380252876219629,166.1359956710526,167.5091097478843,97.34931468919895,98.88733997682091,false,false
500,1.0,166.69830646768477,98.16948962244896,1.355508762092711,1.52601274527305,166.0192086079689,167.3747173700616,97.37720156208022,98.90321430735327,false,false
500,1.0,167.13760907141662,98.0471665228753,1.3332546546211574,1.520573004628801,166.47142821900536,167.80468287362652,97.2536159464058,98.7741889510346,false,false
500,1.0,167.04413257438102,98.05533048163404,1.3661989400183643,1.5351351472349961,166.36977203257476,167.73597097259312,97.25701853968181,98.7921536869168,false,false
500,1.0,166.68894341958338,98.2077374844635,1.3249044413379067,1.4970260238675195,166.0368904092443,167.3617948505822,97.42436454673313,98.92139057060065,false,false
500,1.0,166.99981096039477,98.075820553429,1.3601549853066786,1.5105630370734673,166.28273564380578,167.64289062911246,97.30585913276079,98.81642216983425,false,false
500,1.0,166.79896255055473,98.14227402750632,1.3720676662471476,1.5108993283192405,166.13077356039472,167.50284122664186,97.37547849989703,98.88637782821627,false,false
500,1.0,166.96625483269545,98.07664042564267,1.3650510656746064,1.497282401032848,166.29284031797954,167.65789138365415,97.30240933276583,98.79969173379868,false,false
500,1.0,166.90294940355923,98.14188030560902,1.4219413312068525,1.5629976487977615,166.18291162112124,167.6048529523281,97.32304853320585,98.88604618200361,false,false
500,1.0,166.6220470197005,98.17865956525475,1.3779716383320704,1.5380190353881744,165.94324540125135,167.32121703958342,97.38202547031628,98.92004450570445,false,false
500,1.0,167.16274110240255,98.03981443585818,1.3256777247316052,1.5232691697247418,166.49627603745387,167.82195376218547,97.27311468143671,98.79638385116145,false,false
500,1.0,166.80712520428963,98.15509647858842,1.3484303216208104,1.535770113387457,166.14004830389416,167.48847862551497,97.3490881645655,98.88485827795296,false,false
500,1.0,166.8650124014725,98.13631167954198,1.3643302136452462,1.52173348597033,166.18023422237087,167.54456443601612,97.36783125210566,98.88956473807599,false,false
500,1.0,166.9430863333694,98.10253930979025,1.3709572465371878,1.5023464916976366,166.2701253822597,167.64108262879688,97.3220023601668,98.82434885186444,false,false
500,1.0,166.7019802256808,98.19273532631539,1.366283896030211,1.537994777461023,166.02085411569905,167.38713801172926,97.40840311895295,98.94639789641397,false,false
500,1.0,166.87589440096053,98.12502912895164,1.3667236717768958,1.5097696930847633,166.1856017604156,167.5523254321925,97.34972568467043,98.8594953777552,false,false
500,1.0,166.94537080582103,98.10860858970565,1.3456119227534202,1.5487259949393604,166.2570461333274,167.60265805608083,97.30729091890282,98.85601691384218,false,false
500,1.0,167.30573856145878,98.00203765234782,1.347922228267464,1.5336164015507165,166.63263866263793,167.9805608909054,97.2191239568516,98.75274035840232,false,false
500,1.0,166.68283124892156,98.16466767252867,1.3857299909738856,1.5049477459768354,165.9956780664004,167.38140805737427,97.41512006032542,98.92006780630226,false,false
500,1.0,166.74724789465324,98.1811530341673,1.3559847701459375,1.5085695702039743,166.05650492589484,167.41248969604078,97.39862030109668,98.90718987130066,false,false
500,1.0,166.8775916353446,98.12306566300751,1.366776794681158,1.5195856164491062,166.20981505442876,167.57659184910992,97.31765532159646,98.83724093804557,false,false
500,1.0,167.03415572377108,98.07459827446891,1.384205757176204,1.5261646838689558,166.343884693287,167.7280904504632,97.28901064315312,98.81517532702208,false,false
500,1.0,166.94137205376768,98.10048989344503,1.3548300559083941,1.5330071687642004,166.2848296173884,167.6396596732968,97.32111440722893,98.85412157599313,false,false
500,1.0,166.80697103037215,98.1349980968599,1.3312299736680018,1.5318305441384439,166.13751371539874,167.46874368906674,97.3515014644701,98.88333200860855,false,false
500,1.0,166.94868545022177,98.11074703007027,1.3377182685332514,1.4819294502919718,166.28227423977478,167.61999250830803,97.36646505304002,98.84839450333199,false,false
500,1.0,167.18170598321058,98.05670844658641,1.3308491379199836,1.548362483081462,166.53112531896778,167.86197445688776,97.26088582147037,98.80924830455183,false,false
500,1.0,166.60115927445278,98.21021541957005,1.365583076038945,1.456689337793776,165.91334809388977,167.2789311699287,97.45932404810351,98.91601338589729,false,false
500,1.0,166.96954667377292,98.10611606844941,1.3384019666652023,1.567042025529176,166.28821857251077,167.62662053917597,97.31185320688311,98.87889523241229,false,false
500,1.0,166.68819189916894,98.19146966781348,1.3207444858628605,1.504734440733074,166.03579998309672,167.35654446895958,97.40534265147198,98.91007709220506,false,false
500,1.0,166.53257780802477,98.2059029624476,1.385413874472988,1.5149881041589452,165.84255989513946,167.22797376961245,97.41203130270878,98.92701940686773,false,false
500,1.0,167.00427086210482,98.06821022920596,1.3545047257707665,1.5298956178348249,166.3282364852099,167.68274121098068,97.27199648000749,98.80189209784231,false,false
500,1.0,166.98228190676843,98.08578945883863,1.3838064352858908,1.5608377998025844,166.28886253028668,167.67266896557257,97.26833165860695,98.82916945840954,false,false
500,1.0,166.56927711255594,98.18227410756595,1.3681800486529312,1.494547299337782,165.9061040877132,167.27428413636613,97.42291312760683,98.91746042694461,false,false
500,1.0,166.63838926262616,98.18657223689888,1.3945157140261983,1.5323753818903896,165.9266192445628,167.321134958589,97.39702589583997,98.92940127773036,false,false
500,1.0,166.95315199373272,98.0997152977479,1.3503531759457985,1.484539442423852,166.275557601301,167.6259107772468,97.3335138029604,98.81805324538425,false,false
500,1.0,166.83011666848924,98.14457384362831,1.3703917332915694,1.5160106469056842,166.1608349256822,167.53122665897376,97.35664790895105,98.87265855585673,false,false
500,1.0,166.80190589286937,98.15525491328586,1.3551902179191302,1.4999878081294753,166.1323713867492,167.48756160466834,97.36119265528436,98.86118046341383,false,false
500,1.0,166.68097558989825,98.20032772952351,1.37383690072528,1.4969450456136997,165.98139162085087,167.35522852157615,97.4145998407354,98.9115448863491,false,false
500,1.0,166.96565457764711,98.08161988604255,1.3818026802953511,1.5526579804050442,166.27966079858166,167.661463478877,97.30155842112603,98.85421640153108,false,false
500,1.0,166.65929247668944,98.17871624539723,1.3598390540466312,1.4694814851924747,165.95473358334323,167.31457263738986,97.42697020250945,98.89645168770193,false,false
500,1.0,166.28455162502632,98.3116324818605,1.4271045340427406,1.4773331391013613,165.58028424163695,167.0073887756797,97.53865714097883,99.01599028008019,false,false
500,1.0,166.9780915371938,98.12140682232075,1.3290499691473485,1.48934908180253,166.28994938441284,167.61899935356018,97.34305781118394,98.83240689298647,false,false
500,1.0,167.0899074437209,98.05067710831106,1.34747199977474,1.5330363820569204,166.40987157185953,167.75734357163427,97.26369553260083,98.79673191465776,false,false
500,1.0,167.04632513394864,98.06258527765141,1.348326041756593,1.5561211030159825,166.3797493256105,167.7280753673671,97.26810644817269,98.82422755118867,false,false
500,1.0,166.97927141260928,98.07958027977489,1.3360058958614616,1.5424259280451054,166.30762234156387,167.64362823742533,97.2886753709221,98.83110129896721,false,false
500,1.0,166.78871969281548,98.14056386463501,1.365867966063007,1.5162144734217264,166.10827597360498,167.47414393966798,97.36518161368242,98.88139608710415,false,false
500,1.0,166.93970385942544,98.12837257926523,1.3606659681288136,1.5682607269569218,166.26262182721624,167.62328779534505,97.30834059386802,98.87660132082495,false,false
500,1.0,166.74911575786615,98.1351041980219,1.3326388284175152,1.5303066507294716,166.08865044109058,167.4212892695081,97.34949110901414,98.87979775974361,false,false
500,1.0,166.81541665976908,98.16288625626487,1.3324724947403865,1.50500950679357,166.13906572692923,167.47153822166962,97.39533500836515,98.90034451515872,false,false
500,1.0,166.73974846126347,98.17200155505628,1.3489888913469485,1.5289245015808461,166.0763065865088,167.42529547785574,97.36907657956357,98.89800108114441,false,false
500,1.0,167.27580455270987,97.98528069056931,1.323483547957096,1.5442838918678774,166.62265334511875,167.94613689307585,97.1836074133578,98.72789130522568,false,false
500,1.0,166.98352945315636,98.11349878067611,1.3175071123212945,1.4772063820698094,166.31549630133352,167.63300341365482,97.35669618247633,98.83390256454614,false,false
500,1.0,167.06264859777454,98.10391295588838,1.3599284949571881,1.5287581191595478,166.37173529349965,167.73166378845684,97.31638790124347,98.84514602040302,false,false
500,1.0,167.30054758722576,98.00020983437912,1.3772882597909586,1.5766740451379064,166.63183548280688,168.00912374259784,97.18356789319871,98.76024193833662,false,false
500,1.0,166.85740572952145,98.13329093497543,1.3506639610949094,1.5254732005764708,166.17563853193158,167.5263024930265,97.3420601244747,98.86753332505117,false,false
500,1.0,166.86832779622216,98.08924335052791,1.3688502587899052,1.5263150689504243,166.19776044006588,167.56661069885578,97.31790480058342,98.84421986953384,false,false
500,1.0,166.986236867957,98.11490068165625,1.3816085495813013,1.535290623380945,166.28660652723596,167.66821507681726,97.32586132506458,98.86115194844552,false,false
500,1.0,166.828723868949,98.170273430257,1.3229735175171413,1.5478667123520324,166.1652149037314,167.48818842124854,97.36306432236412,98.91093103471616,false,false
500,1.0,166.99677264372167,98.10742810641528,1.3661519109382425,1.5260408120515478,166.32787049955334,167.69402241049158,97.33048608152282,98.85652689357437,false,false
500,1.0,166.66849225385891,98.16790732927058,1.349376391890047,1.515595823969548,166.00114597363978,167.35052236552983,97.38969432532163,98.90529014929118,false,false
500,1.0,166.89705689451773,98.13349206155935,1.3694458709917114,1.5260969188106088,166.18403839134416,167.55348426233587,97.36367549472727,98.88977241353788,false,false
500,1.0,167.04725995560824,98.04125283094328,1.3512859903701724,1.4947732735828936,166.3867544047214,167.73804039509156,97.29490811492022,98.78968138850311,false,false
500,1.0,166.60876880115939,98.17679071995448,1.3883422568616197,1.4898174039885816,165.91493631186756,167.30327856872918,97.40027087696282,98.8900882809514,false,false
500,1.0,167.11013379019067,98.02009696659687,1.3423991804409354,1.512161175211773,166.45314854222994,167.79554772267088,97.25046599282143,98.7626271680332,false,false
500,1.0,167.22971741357787,97.99929270848277,1.3478383382321226,1.526019795168338,166.53663104586832,167.88446938410044,97.23357646368271,98.75959625885105,false,false
500,1.0,166.92157977721257,98.11968001623796,1.3969138524791447,1.5565089202673335,166.23426267572407,167.6311765282032,97.32850437733036,98.8850132975977,false,false
500,1.0,166.74561054756487,98.16487003101808,1.3691065349077292,1.5360195848181633,166.07791789831666,167.44702443322439,97.37163330775861,98.90765289257678,false,false
500,1.0,166.9227252411227,98.127997975038,1.3709553419569147,1.5413078382331804,166.2438813100003,167.6148366519572,97.32180499849001,98.86311283672319,false,false
500,1.0,166.95203964134055,98.07640438040701,1.3355944375020101,1.5353125364826496,166.30165664071444,167.63725107821645,97.31834689348054,98.85365942996319,false,false
500,1.0,166.77199685909375,98.16367087090984,1.3690204108625323,1.5202722739123402,166.07693556288032,167.44595597374285,97.36771004048275,98.88798231439509,false,false
500,1.0,166.68904657063143,98.18748984068158,1.3763385074942391,1.5279644536899895,165.98382185112723,167.36016035862147,97.3950278305256,98.9229922842156,false,false
500,1.0,167.01721685650824,98.06394810513169,1.376718917450603,1.5630153682461128,166.31690102530257,167.69361994275317,97.27223816150529,98.8352535297514,false,false
500,1.0,166.76955373552906,98.15335092611667,1.3565306054032362,1.5253738243558104,166.09527378751366,167.4518043929169,97.37251065673593,98.89788448109174,false,false
500,1.0,167.15689594711642,98.01988097398333,1.3619818593949162,1.554342342023915,166.46578085070257,167.8277627100975,97.23535263991229,98.78969498193621,false,false
500,1.0,166.90804017257392,98.10153352028749,1.3658869308171688,1.5506760183237986,166.22606137376295,167.59194830458011,97.30477463712185,98.85545065544565,false,false
500,1.0,166.85325820395315,98.11901069331698,1.3285472320444853,1.5323573588175492,166.1923163288798,167.52086356092428,97.33665021383034,98.86900757264789,false,false
500,1.0,167.02639696361462,98.09640463018798,1.349647118470017,1.5064255362799628,166.3470606143839,167.69670773285392,97.31308629554455,98.81951183182451,false,false
500,1.0,166.99727330956983,98.07933121520642,1.363979698425453,1.5218029517275085,166.31799434754103,167.68197404596648,97.30289472035464,98.82469767208215,false,false
500,1.0,167.13529891490768,98.03093669630529,1.337503419705257,1.4963884137494716,166.4590257394978,167.79652915920306,97.27410132038028,98.77048973412975,false,false
500,1.0,166.83259730673737,98.13934737311625,1.359678079986793,1.5325366305076642,166.15961123410068,167.51928931408747,97.35780713009241,98.89034376060008,false,false
500,1.0,167.12671349273347,98.03155127153849,1.3484894575395572,1.5392829547941034,166.43247085937787,167.78096031691743,97.26429868803415,98.80358164282825,false,false
500,1.0,167.22992104831218,98.03088688679367,1.3537938182058724,1.5798924644553125,166.54188371738366,167.89567753558953,97.23606148642281,98.81595395087813,false,false
500,1.0,167.06540878773467,98.06636801050391,1.3761673122653235,1.5446495654944243,166.37083792727964,167.74700523954496,97.26533674352244,98.80998630901686,false,false
500,1.0,167.0868391343021,98.07513169648017,1.3279610593168911,1.5156582440521191,166.42158175492258,167.74954281423948,97.31492624669322,98.83058449074534,false,false
500,1.0,166.64829416336244,98.19138906890454,1.3127692461907543,1.5123189397501307,165.9883815283021,167.30115077449287,97.41736203850617,98.9296809782563,false,false
500,1.0,167.13458141298293,98.03897073052767,1.3155048363317121,1.5641647266772765,166.47496618743935,167.79047102377106,97.21627125294641,98.78043597962369,false,false
500,1.0,167.23961606371938,98.02850157850905,1.3632820842341005,1.5523379157137782,166.5492885291404,167.9125706133745,97.24814238843112,98.8004803041449,false,false
500,1.0,167.36694219749108,97.95959229211373,1.3410972454896921,1.5590917820873642,166.7018712283592,168.0429684738489,97.14478187170808,98.70387365379544,false,false
500,1.0,166.95313644866138,98.11915552573085,1.3391816574961695,1.5051038334827211,166.29427643414158,167.63345809163775,97.33908013347079,98.84418396695351,false,false
500,1.0,167.01900342385994,98.08404690723755,1.3450255144499295,1.5486957498058587,166.35010041882657,167.6951259332765,97.28597481149892,98.83467056130478,false,false
500,1.0,166.8712832092633,98.12771967869472,1.3907142591160095,1.5321781351974266,166.1741390697679,167.5648533288839,97.35374857762054,98.88592671281796,false,false
500,1.0,166.88296364970512,98.10387975724036,1.383110537724292,1.5312749881294394,166.1838217883511,167.5669323260754,97.31879937973154,98.85007436786098,false,false
500,1.0,166.87076944403447,98.12695234168703,1.3544102426446898,1.5124791941407807,166.196087958436,167.5504982010807,97.37529204177574,98.88777123591652,false,false
500,1.0,166.57230183578338,98.20495304148247,1.3712890274412075,1.5205584374599823,165.88132661887272,167.25261564631393,97.42629898030295,98.94685741776293,false,false
500,1.0,167.1696137799632,98.01240180448879,1.3485342308374015,1.5277849450118879,166.49105231158245,167.83958654241985,97.23716613023286,98.76495107524475,false,false
500,1.0,166.7271904988193,98.19064708706355,1.366008216645156,1.4982334549852396,166.04757305761476,167.4135812742599,97.42082589895523,98.91905935394047,false,false
500,1.0,166.55461204062806,98.20328090111319,1.3658374670796434,1.5174683711292118,165.88771695915483,167.25355442623447,97.43096660220152,98.94843497333073,false,false
500,1.0,166.48638195844615,98.2484947408783,1.3807258521235326,1.5272496623543645,165.80691814599555,167.18764399811909,97.42982606467001,98.95707572702437,false,false
500,1.0,166.6772064547165,98.18311360174829,1.3646521841969843,1.511752090092827,165.99330540326582,167.3579575874628,97.39240669722389,98.90415878731672,false,false
500,1.0,166.94836027335026,98.1144236880024,1.3676221101841861,1.5286498033128737,166.25628728510804,167.62390939529223,97.32820371413604,98.85685351744891,false,false
500,1.0,166.6420926574728,98.2127975982155,1.3876510579954413,1.5072533158718926,165.93631957462486,167.3239706326203,97.42887648183103,98.93612979770292,false,false
500,1.0,166.74972789527152,98.15238880668754,1.3266869845605243,1.5670582215819735,166.09828368254801,167.42497066710854,97.3561677453075,98.92322596688948,false,false
500,1.0,166.91907962202532,98.09830179346758,1.3527429965118074,1.5220328115887725,166.2325199190799,167.5852629155917,97.31306131550019,98.83509412708896,false,false
500,1.0,166.7568009709912,98.17313123045068,1.345255281175497,1.4970285678324302,166.10249745919552,167.44775274037102,97.40133861071938,98.89836717855181,false,false
500,1.0,166.72092834201618,98.12072983123616,1.384680259675065,1.5409493941639312,166.03025596643184,167.4149362261069,97.34178127161626,98.88273066578019,false,false
500,1.0,166.667570572667,98.18092149284104,1.3655809807102628,1.5190405640755387,166.00658229957875,167.37216328028902,97.39520385480932,98.91424441888486,false,false
500,1.0,166.80832087683018,98.16313239760794,1.3818685830444224,1.4560839765399578,166.12259315899206,167.50446174203648,97.3994144642248,98.85549844076476,false,false
500,1.0,166.93365732068116,98.11073979678258,1.3698652627564911,1.5073622961522233,166.25468851932922,167.6245537820857,97.34536290847453,98.85272520462675,false,false
500,1.0,166.96197774386792,98.1052370311684,1.3777873839793529,1.5476226619081785,166.26812271821274,167.6459101021921,97.30846928069188,98.85609194260006,false,false
500,1.0,166.68122300089564,98.16435634031438,1.3533944565725733,1.5371985839017839,166.0200353771685,167.37342983374108,97.36202661308329,98.89922519698507,false,false
500,1.0,166.66975085937065,98.19873471751251,1.4114714256618583,1.5515250555688453,165.96893361436167,167.38040504002353,97.40186830642782,98.95339336199666,false,false
500,1.0,166.66105796351272,98.18489348253138,1.3576769890230196,1.4876602616673154,165.9726804468067,167.3303574358297,97.4043736342045,98.89203389587182,false,false
500,1.0,166.89539527661634,98.13285409759871,1.316934000941302,1.5296052201890546,166.23266312694878,167.54959712789008,97.34430242549544,98.8739076456845,false,false
500,1.0,166.88916425005675,98.09307158744025,1.340983735609825,1.505935692946025,166.2246759234393,167.56565965904912,97.31354691413698,98.819482607083,false,false
500,1.0,167.02162333062546,98.07962757294202,1.3544105498835677,1.5548965970494635,166.35846114755276,167.71287169743633,97.27410411898694,98.8290007160364,false,false
500,1.0,166.8649937319087,98.13592774867116,1.3264088205446853,1.4721460722335848,166.21274121648582,167.5391500370305,97.38126589379557,98.85341196602916,false,false
500,1.0,166.7917357289672,98.13409096336468,1.364659767722003,1.5183606504053984,166.13849661965673,167.50315638737874,97.34497301502502,98.86333366543042,false,false
500,1.0,167.09691197741284,98.03954973775058,1.3860164148901504,1.5162653832074682,166.4207033091633,167.80671972405344,97.26563558444727,98.78190096765474,false,false
500,1.0,166.7149083499162,98.17871693799316,1.3821299279750008,1.5009129275585877,166.02079525074495,167.40292517871995,97.39497531440837,98.89588824196696,false,false
500,1.0,167.22957592940108,97.9925269923526,1.380337246586123,1.550877892366671,166.53965931210718,167.9199965586933,97.21163109220402,98.76250898457069,false,false
500,1.0,167.12251109602897,98.0418814138201,1.3362706593047164,1.544629383682377,166.44592100787412,167.78219166717884,97.24924810930122,98.7938774929836,false,false
500,1.0,166.95911031740945,98.09758370588537,1.34126607856075,1.5372473981196322,166.28204352648254,167.6233096050433,97.31321322735742,98.85046062547706,false,false
500,1.0,166.90597824362078,98.11710841720631,1.3681473966173314,1.5173281647942787,166.22383979373097,167.5919871903483,97.34471417035006,98.86204233514434,false,false
500,1.0,166.95534851882508,98.10320998385795,1.3439356706465162,1.5498803826001932,166.28324263547125,167.62717830611777,97.30023339295074,98.85011377555094,false,false
500,1.0,167.0610049004249,98.07599892722104,1.3678625854254278,1.4999142442390934,166.37570773114632,167.74357031657175,97.31074798375279,98.81066222799188,false,false
500,1.0,167.263278848112,97.99657476147573,1.3368351350906664,1.5100134040691273,166.60235910183383,167.9391942369245,97.20395955544456,98.71397295951368,false,false
500,1.0,166.56560208190777,98.18940388061756,1.3638223440191553,1.492992072117616,165.87268526268687,167.23650760670603,97.43778592954455,98.93077800166216,false,false
500,1.0,166.67083029150353,98.16445406957575,1.3711127707950084,1.5213348639055795,165.98711114309245,167.35822391388746,97.37591470727685,98.89724957118243,false,false
500,1.0,167.1459723991197,98.03218090173655,1.339226921501762,1.5057877443487087,166.46630744462053,167.8055343661223,97.26935954568432,98.77514729003303,false,false
500,1.0,166.91434294881168,98.16465925151857,1.401616975527105,1.4978256364279758,166.20196216195475,167.60357913748186,97.37444703098701,98.87227266741499,false,false
500,1.0,166.808805315649,98.12670368418779,1.3129734467640901,1.5064366571462244,166.16816860532202,167.4811420520861,97.34305329104805,98.84948994819428,false,false
500,1.0,166.88770321501033,98.08658687337748,1.3700774440979444,1.5020111973591241,166.21628904489893,167.58636648899687,97.31676877546535,98.81877997282447,false,false
500,1.0,167.0058699213048,98.09203147072424,1.3467355264676542,1.5425446287214157,166.31996627860468,167.66670180507234,97.29339056952294,98.83593519824436,false,false
500,1.0,166.68344146814854,98.19394719210024,1.3437866070615598,1.5081136498692302,166.00932755860782,167.35311416566938,97.43251803108016,98.9406316809494,false,false
500,1.0,166.73556539999342,98.15457487918503,1.3401843313076256,1.5344368914217057,166.0682809412354,167.40846527254303,97.36633886218894,98.90077575361065,false,false
500,1.0,166.8584176233901,98.1479929812018,1.340673385502953,1.5459084206289333,166.20364569217867,167.54431907768162,97.33970051638767,98.8856089370166,false,false
500,1.0,167.2067387581481,98.01401713556422,1.3582410845993422,1.5424756842296716,166.50606070439017,167.8643017889895,97.24482593618073,98.7873016204104,false,false
500,1.0,166.80683183175475,98.12480752598543,1.3520406393450628,1.5085787173245393,166.14999529879546,167.50203593814052,97.34838418909682,98.85696290642136,false,false
500,1.0,166.87520856003965,98.15161915393287,1.3505148768383322,1.5008635488438244,166.20087721704436,167.5513920938827,97.35993746728242,98.86080101612625,false,false
500,1.0,166.67011111146232,98.18526576186035,1.346650253147942,1.5161825338374086,166.012445888389,167.35909614153695,97.41883595194375,98.93501848578116,false,false
500,1.0,166.79098516699895,98.14496690809695,1.3360271421425125,1.5118264893940676,166.1175782603265,167.453605402469,97.35511152867079,98.86693801806486,false,false
500,1.0,166.81896818800502,98.13883376319825,1.3454285269446586,1.55245496264898,166.15912500869476,167.50455353563942,97.32341591978145,98.87587088243043,false,false
500,1.0,167.1136805163028,98.03963141466983,1.3729274939128118,1.5040811824479334,166.43867233690708,167.8115998308199,97.27744353075671,98.78152471320465,false,false
500,1.0,166.7403272574914,98.15718681328366,1.3462293322116636,1.5104953581979288,166.06064308928913,167.4068724215008,97.39499130532572,98.90548666352365,false,false
500,1.0,167.0766610959962,98.07045861504486,1.3286807834767558,1.5097595512873312,166.41089398022717,167.73957476370393,97.28335886446406,98.7931184157514,false,false
500,1.0,166.95573660913448,98.10181614463792,1.3421820697688247,1.543879333366874,166.27217749080182,167.61435956057065,97.31836719707573,98.8622465304426,false,false
500,1.0,167.0774536702571,98.06217309681077,1.3867325830492518,1.580519340359146,166.38104331995441,167.76777590300367,97.24564382647124,98.82616316683038,false,false
500,1.0,166.53968265678105,98.2260798472032,1.3933821147875562,1.4821013122364803,165.83647459947468,167.22985671426224,97.46508371911338,98.94718503134986,false,false
500,1.0,166.61278336374272,98.20966477133362,1.3630172542303,1.5136511624261288,165.93952348105364,167.30254073528394,97.4083836816547,98.92203484408083,false,false
500,1.0,166.54407406915502,98.20669288730612,1.3448184513870274,1.5035536957225304,165.88195658402785,167.22677503541487,97.42849182278508,98.9320455185076,false,false
500,1.0,166.81868820845682,98.16775024174751,1.3427549402300372,1.4794685835357768,166.13696130639985,167.4797162466299,97.39138340035049,98.87085198388627,false,false
500,1.0,167.09778447248883,98.05363826982995,1.345163898550851,1.5439217629420199,166.42553955437805,167.7707034529289,97.2570131231307,98.80093488607272,false,false
500,1.0,167.02455600510243,98.0464010136462,1.365315893560421,1.5178647285401183,166.34552579118358,167.710841684744,97.28597787521278,98.8038426037529,false,false
500,1.0,166.6769887677373,98.16809653799724,1.361836740559113,1.5160444015232883,166.00426384253635,167.36610058309546,97.38230675045412,98.89835115197741,false,false
500,1.0,167.07850455802685,98.08050905287985,1.3264212036069978,1.5016152783602479,166.41491394589576,167.74133514950276,97.27954279896721,98.78115807732746,false,false
500,1.0,167.20119257185206,98.02331712045489,1.321864120847863,1.5613565761296826,166.51787360702593,167.8397377278738,97.22287511293261,98.7842316890623,false,false
500,1.0,166.82710638356556,98.12022137492194,1.354960338451093,1.5024625379274426,166.1438267490767,167.4987870875278,97.36119250318353,98.86365504111097,false,false
500,1.0,166.91968530320247,98.10758304233104,1.3750854343679464,1.521654362428194,166.23108958021234,167.6061750145803,97.32015605343341,98.8418104158616,false,false
500,1.0,166.97025967510785,98.08996789764451,1.3618226115252412,1.4925582306824197,166.27619488700947,167.6380174985347,97.3358687884234,98.82842701910582,false,false
500,1.0,166.88133856109295,98.11271786851707,1.4022722874189526,1.5173422788411841,166.18342731302943,167.58569960044838,97.33144423582173,98.84878651466292,false,false
500,1.0,166.62307516818444,98.20018420878807,1.3512029814477273,1.5062814272340859,165.94054606283754,167.29174904428527,97.42717884088776,98.93346026812185,false,false
500,1.0,167.10966163101367,98.08003923150214,1.345822838713758,1.5658529027945463,166.44234148170216,167.78816432041592,97.27235812207908,98.83821102487363,false,false
500,1.0,166.92057697046098,98.09907729719467,1.3316314215347802,1.4899506719037703,166.26170258014093,167.59333400167571,97.3421097484681,98.83206042037187,false,false
500,1.0,167.11631875816198,98.05945114940359,1.3555481353870107,1.5016896188688662,166.43277188943438,167.7883200248214,97.26955367104726,98.77124328991613,false,false
500,1.0,166.70546050119327,98.19641403530622,1.3899950160637786,1.4822029254824685,165.99570361241706,167.38569862848084,97.42220423413293,98.9044071596154,false,false
500,1.0,166.85691681883526,98.14526516179737,1.376295160233525,1.5321408708734197,166.1839775754521,167.56027273568563,97.35159056745252,98.88373143832594,false,false
500,1.0,166.79638520753764,98.15247709719152,1.380996700397418,1.5094078562482025,166.11034500158917,167.49134170198658,97.353310525125,98.8627183813732,false,false
500,1.0,166.84961597281813,98.1282659164311,1.3754536684353411,1.5222695056759932,166.17645277532372,167.55190644375907,97.33672927425378,98.85899877992978,false,false
500,1.0,167.16800685843126,98.02277319535872,1.3568243202301176,1.5663248739965354,166.48836514888222,167.84518946911234,97.21766264818808,98.78398752218462,false,false
500,1.0,166.82405129727312,98.16783361832633,1.3316591453085778,1.5427691116546356,166.1520717233317,167.48373086864027,97.38651183038118,98.92928094203582,false,false
500,1.0,166.52262559306428,98.23616246642109,1.37940274151606,1.4631980950330359,165.83115360113183,167.2105563426479,97.47315466782085,98.93635276285389,false,false
500,1.0,166.90478692590426,98.13964308154465,1.3668291829372379,1.519658511625181,166.2279613844008,167.59479056733804,97.34735567146782,98.867014183093,false,false
500,1.0,167.15237622557692,98.00992123441952,1.3543003959613884,1.5183275340954907,166.49674402504877,167.85104442101016,97.24005863735678,98.75838617145227,false,false
500,1.0,167.08816789268667,98.08525226658165,1.3421975717340047,1.5398353590841793,166.42740364621477,167.76960121794878,97.28987779230309,98.82971315138727,false,false
500,1.0,166.93955881911546,98.1004410714344,1.3862962414758613,1.5737387767049995,166.24528998332937,167.63158622480523,97.26377908748798,98.83751786419298,false,false
500,1.0,166.7590732074757,98.15381140060965,1.3576950113470616,1.5257883218662442,166.08261160923018,167.44030662057725,97.35861544546694,98.88440376733318,false,false
500,1.0,167.24713589885792,98.00410667522925,1.3416199947659493,1.542404289578684,166.58948693933445,167.9311069341004,97.21089166839492,98.7532959579736,false,false
500,1.0,166.78675824791915,98.15429260160805,1.3491190497600485,1.5557555990141623,166.12650515375046,167.4756242035105,97.34330310412861,98.89905870314277,false,false
500,1.0,166.77018831774006,98.1365969859622,1.3590570723636404,1.499394208934234,166.08311112760134,167.44216819996498,97.3845743451622,98.88396855409644,false,false
500,1.0,166.97280124251998,98.11341496992368,1.3505200314932608,1.5340578076006324,166.29215435726118,167.64267438875444,97.32102992692398,98.85508773452462,false,false
500,1.0,166.81689482791694,98.17213252950702,1.3873980461245878,1.5240880444668647,166.12263986650197,167.51003791262656,97.39387036983709,98.91795841430395,false,false
500,1.0,166.7799095951485,98.1709850783836,1.3616935568268218,1.4979070422963616,166.10040566124994,167.46209921807676,97.3995448009878,98.89745184328416,false,false
500,1.0,167.05256110726512,98.0480057335751,1.3434342740054035,1.545375306103736,166.3934307013506,167.736864975356,97.26346375413188,98.80883906023561,false,false
500,1.0,167.15063362053522,98.0224407592812,1.3579138966784114,1.5469492050100797,166.460749347742,167.8186632444204,97.24204287400052,98.7889920790106,false,false
500,1.0,166.9068184573605,98.15547580506339,1.3587116609693908,1.5915026269755685,166.21670389067228,167.57541555164167,97.35947937327177,98.95098200024734,false,false
500,1.0,166.85652459149327,98.14385161299212,1.3340840452677583,1.5425370916810408,166.18483852942023,167.518922574688,97.33876320932694,98.88130030100798,false,false
500,1.0,166.83597745857145,98.12951379628375,1.3955774748692988,1.5186920653691658,166.1271544614406,167.5227319363099,97.35831797095861,98.87701003632777,false,false
500,1.0,167.02452233079487,98.10605242689866,1.3469874845415006,1.5211325683381602,166.36120864793511,167.70819613247662,97.32610967553876,98.84724224387692,false,false
500,1.0,166.9698980113238,98.07463171590739,1.3532174942585016,1.4991128537333935,166.2834681997,167.6366856939585,97.31337829016447,98.81249114389786,false,false
500,1.0,166.6946958244311,98.16006382317808,1.3559470887249745,1.555440594451909,166.02724719463149,167.38319428335646,97.36033545647982,98.91577605093173,false,false
500,1.0,166.8412353414572,98.13145205285885,1.3458193900867457,1.5233673286002727,166.18141156091735,167.5272309510041,97.34066310135697,98.86403042995724,false,false
500,1.0,166.77874651841609,98.16379157844466,1.403454639226993,1.4981388504801032,166.07143354450227,167.47488818372926,97.37733600445986,98.87547485493997,false,false
500,1.0,166.86737336445802,98.14280735450494,1.3714353227768754,1.5076022324695515,166.16361591548568,167.53505123826255,97.35613626048585,98.8637384929554,false,false
500,1.0,166.89694974144155,98.108051147416,1.3674879996528944,1.5777727327455864,166.2209009067675,167.5883889064204,97.29253037728174,98.87030311002732,false,false
500,1.0,166.75392119043065,98.18284820327187,1.381652701038547,1.5554642644498813,166.05315826675806,167.4348109677966,97.37138070538334,98.92684496983323,false,false
500,1.0,167.08164715362346,98.04762639685524,1.3643796022685137,1.534960477422402,166.38777754763692,167.75215714990543,97.28565470494743,98.82061518236983,false,false
500,1.0,167.08841084624305,98.05330655237914,1.3365813863392475,1.4860854405022081,166.423957207822,167.76053859416126,97.28437496616776,98.77046040666997,false,false
500,1.0,167.15838507419738,98.039079839768,1.3078339502920358,1.5492145500547139,166.50681520536597,167.814649155658,97.23718422455215,98.78639877460687,false,false
500,1.0,166.53093531944663,98.24129148438215,1.3820648058026848,1.516827009253845,165.83404604983133,167.216110855634,97.46836388061958,98.98519088987342,false,false
500,1.0,167.06435555656378,98.06732448924811,1.3322152971220191,1.5083967040116448,166.40722302075818,167.7394383178802,97.30124274655444,98.80963945056608,false,false
500,1.0,166.76300620083305,98.14934351147305,1.366076116394197,1.5149714083437829,166.08588063368228,167.45195675007648,97.37195304760768,98.88692445595146,false,false
500,1.0,167.03755062869072,98.0376255016431,1.325243900247898,1.5368772805564959,166.38507048062797,167.71031438087587,97.26189620372672,98.79877348428322,false,false
500,1.0,166.8704016853131,98.10979877335856,1.3419614857279498,1.5158616356469423,166.19870062093395,167.5406621066619,97.34639398960984,98.86225562525678,false,false
500,1.0,166.85048191985186,98.12010638308695,1.3691835565826977,1.5171221406257018,166.17600729394815,167.54519085053084,97.3493859060772,98.8665080467029,false,false
500,1.0,166.81981220729654,98.13427090481215,1.3352695549812097,1.5152940883034915,166.15605643544782,167.49132599042903,97.36359130891888,98.87888539722238,false,false
500,1.0,166.80659133445124,98.1849362434898,1.3687744670563688,1.5328471079855746,166.12137782870045,167.49015229575681,97.39857498611575,98.93142209410132,false,false
500,1.0,166.85523513030117,98.09136318907147,1.3247878428234117,1.509600809268406,166.1913925126764,167.5161803554998,97.3154096213395,98.8250104306079,false,false
500,1.0,166.70760226318927,98.15947353063447,1.363804791736186,1.511607523046223,166.03340692467765,167.39721171641384,97.37453803234168,98.8861455553879,false,false
500,1.0,166.89968577521867,98.13096438008785,1.3852971029039907,1.5306413916192696,166.19525712207638,167.58055422498038,97.34792900194631,98.87857039356558,false,false
500,1.0,166.6142152609321,98.21554320518602,1.3432263327185012,1.5713885766772364,165.93482011911306,167.27804645183156,97.39709447486538,98.96848305154262,false,false
500,1.0,167.1053930055104,98.04957376088754,1.3538141401464259,1.558885690469097,166.43556229560653,167.78937643575296,97.24750997662915,98.80639566709824,false,false
500,1.0,167.0539240355446,98.0420871888943,1.3260966725271146,1.5520072316763134,166.38049290818003,167.70658958070715,97.23640636510919,98.7884135967855,false,false
500,1.0,166.62573968385618,98.21742799703206,1.376332965595168,1.5291603750413003,165.93109056192975,167.30742352752492,97.40527411716394,98.93443449220524,false,false
500,1.0,166.93168894359906,98.09355177447068,1.3982061706661284,1.5447185021826897,166.24070881684293,167.63891498750905,97.2896134204394,98.83433192262208,false,false
500,1.0,166.78379772182896,98.17980794392929,1.365258299127504,1.5088686521236099,166.0872392280342,167.4524975271617,97.3754624375275,98.88433108965111,false,false
500,1.0,166.89235002810827,98.09690391229114,1.3544181690767516,1.5433341575051571,166.20898861971745,167.5634067887942,97.29553940654664,98.8388735640518,false,false
500,1.0,166.70568222319758,98.15713131130249,1.3766123959801178,1.4823533643935178,166.00418681477367,167.3807992107538,97.4057278075056,98.88808117189912,false,false
500,1.0,167.4295292220338,97.97319316656724,1.3838429945135147,1.5894145980154661,166.74974869824143,168.13359169275495,97.13844560043673,98.72786019845219,false,false
500,1.0,166.94288003594332,98.1169593717612,1.344457678043284,1.545961599845839,166.26869120751013,167.61314888555341,97.31643234838376,98.8623939482296,false,false
500,1.0,166.98316173980737,98.09340613801794,1.3399938928045856,1.4906452402147892,166.3110494425301,167.6510433353347,97.32970110306853,98.82034634328332,false,false
500,1.0,166.8736636828179,98.11085296526444,1.3858586732059734,1.5202506288808024,166.18376557679676,167.56962425000273,97.32747249919464,98.84772312807544,false,false
500,1.0,166.9451372414386,98.09525493018383,1.4147483629003261,1.5241622274366335,166.24154928403246,167.65629764693279,97.31613518904508,98.84029741648172,false,false
500,1.0,167.21985632908934,98.03967374080085,1.3351308398497679,1.4828077594002735,166.54586490559691,167.88099574544668,97.27945730347209,98.76226506287236,false,false
500,1.0,166.82530565280882,98.15264111117841,1.3311613952831465,1.4998393301141988,166.1655653570066,167.49672675228976,97.37606401392797,98.87590334404217,false,false
500,1.0,166.83075365890795,98.12047596009842,1.2835535282313515,1.5097406483940574,166.20117685322023,167.48473038145158,97.34519825479316,98.85493890318722,false,false
500,1.0,166.8205991092055,98.12908570472604,1.3803901969399988,1.4833850988348871,166.13876172642975,167.51915192336975,97.35278975345166,98.83617485228655,false,false
500,1.0,166.78130154216845,98.1479666248726,1.3505792306636693,1.5425222968160028,166.1030700989934,167.45364932965708,97.35038511475273,98.89290741156873,false,false
500,1.0,166.6728658728319,98.16905506132767,1.4030377640883387,1.5231320589901003,165.98908336864537,167.3921211327337,97.39198505420954,98.91511711319964,false,false
500,1.0,166.93913976510996,98.13165940016549,1.3732181678366828,1.5515513565000418,166.24768871250092,167.6209068803376,97.33772651629998,98.88927787280002,false,false
500,1.0,166.79546383562297,98.14931870437803,1.3723558366318684,1.545019001318252,166.10757177132524,167.4799276079571,97.36012906324993,98.90514806456818,false,false
500,1.0,166.9093224008743,98.08218565759184,1.3457409815340782,1.4801031059856484,166.23652342689192,167.582264408426,97.32850172008881,98.80860482607446,false,false
500,1.0,166.78322681582114,98.16880838582684,1.3584194311519298,1.5287076697443354,166.10625203304642,167.46467146419835,97.37158531653729,98.90029298628163,false,false
500,1.0,166.8340082222866,98.11995936044664,1.3345472480354488,1.5628865507060823,166.16906404801833,167.50361129605378,97.31627392288345,98.87916047358954,false,false
500,1.0,166.62938924074257,98.18589851790625,1.3871809854699677,1.5270001475700923,165.9350108336099,167.32219181907988,97.397053790381,98.92405393795109,false,false
500,1.0,167.03448941635173,98.06654087599367,1.3719954322263277,1.5319962691602313,166.33999817723338,167.7119936094597,97.28030301079716,98.81229927995739,false,false
500,1.0,166.71855346507255,98.15671032605101,1.361880890930479,1.5053268223959861,166.03587410017263,167.3977549911031,97.38399011784777,98.88931694024376,false,false
500,1.0,166.84413869478195,98.10730549377516,1.3604867911899987,1.5299091658530983,166.1628271062599,167.5233138974499,97.32771467372748,98.85762383958058,false,false
500,1.0,166.81751951942613,98.14079083267535,1.3563399130219693,1.5390918208801736,166.1395981002887,167.49593801331068,97.36889917028381,98.90799099116398,false,false
500,1.0,167.10335168862554,98.06925701502934,1.3292933383847299,1.516360220206522,166.41864731873798,167.7479406571227,97.28800676656293,98.80436698676945,false,false
500,1.0,166.96898766866687,98.08451395334289,1.3654017851643516,1.5041747179920009,166.2854388999993,167.65084068516364,97.30557737350652,98.80975209149852,false,false
500,1.0,167.0783876875342,98.06118004773161,1.3334264959216,1.5325550043289553,166.41261530179838,167.74604179771998,97.28141770791174,98.8139727122407,false,false
500,1.0,167.16575994139066,98.0590051469379,1.3374889945948212,1.5529805133140968,166.491775746855,167.82926474144983,97.25576223487707,98.80874274819116,false,false
500,1.0,166.6805771417455,98.21494888185657,1.3383479747059823,1.5071241046268398,166.0065788512855,167.34492682599148,97.40919752697219,98.91632163159903,false,false
500,1.0,167.15503571236303,98.01959066352009,1.3110448342395387,1.4979243177536006,166.50195905094355,167.8130038851831,97.26374384612478,98.76166816387838,false,false
500,1.0,166.72660668574235,98.16089343863455,1.3597158590400795,1.5074823471690166,166.06076146487106,167.42047732391114,97.36932494544762,98.87680729261663,false,false
500,1.0,166.89545666003013,98.10714487259146,1.3485111465151647,1.5305867176658552,166.23349488760678,167.58200603412195,97.31106021166907,98.84164692933493,false,false
500,1.0,166.83050622388737,98.16906235541671,1.3540970850782799,1.5366357747735435,166.12353202010334,167.47762910518162,97.38448163935612,98.92111741412967,false,false
500,1.0,166.74107836130685,98.12733703154692,1.3510642072376982,1.4886997779515951,166.07295283052213,167.42401703775982,97.35823139489897,98.84693117285056,false,false
500,1.0,167.2662971365618,97.97104652972288,1.3068427626127743,1.51410663437386,166.60239176973465,167.90923453234743,97.21383269355383,98.72793932792769,false,false
500,1.0,166.78597623441104,98.12106733764597,1.4114114612540334,1.5416422958231095,166.09319792557403,167.50460938682806,97.33167703552033,98.87331933134344,false,false
500,1.0,166.71809871049174,98.18723838741892,1.3327482710943173,1.5498387095472026,166.0548323245344,167.38758059562872,97.38309213578034,98.93293084532755,false,false
500,1.0,167.08122458915824,98.04831936664301,1.3614011437864804,1.5016977233814401,166.40179770321961,167.7631988470061,97.2862993226459,98.78799704602734,false,false
500,1.0,166.71497083954694,98.1859129038307,1.3325218408327828,1.529622095652499,166.05354326122634,167.38606510205912,97.40163628262717,98.93125837827967,false,false
500,1.0,166.78661758012197,98.1594741639713,1.3490406187754331,1.5182025930228775,166.1152883135692,167.46432893234464,97.36985734417205,98.88805993719492,false,false
500,1.0,166.78392829293767,98.18216261107213,1.3872587051440632,1.5812309302503138,166.0858754989136,167.47313420405766,97.36023943952875,98.94147036977907,false,false
500,1.0,166.83016128640858,98.14600181092348,1.3961490220514179,1.5178238208354742,166.15376999198668,167.5499190140381,97.3686589180144,98.88648273884988,false,false
500,1.0,167.00184623278435,98.04825586311239,1.3392483753483475,1.515395679041049,166.34115793599932,167.68040631134767,97.28523653431711,98.80063221335816,false,false
500,1.0,167.00312772123652,98.09529344406751,1.365506851789661,1.5434494605842133,166.33178728016514,167.6972941319548,97.29299135085392,98.83644081143814,false,false
500,1.0,166.7625967035907,98.16401195378582,1.4264945125232487,1.5235836819509956,166.04792794658775,167.474422459111,97.387062118687,98.910645800638,false,false
500,1.0,167.01295300553622,98.10613544632143,1.3222781533466161,1.5379808336922878,166.33924760295758,167.6615257563042,97.3151285471029,98.85310938079519,false,false
500,1.0,166.8578160753675,98.1562596998247,1.3517418838026742,1.513791831392112,166.182551334793,167.53429321859568,97.35566327904819,98.8694551104403,false,false
500,1.0,166.99964917277688,98.09011543815805,1.363292755054232,1.5187419695658377,166.3362750096194,167.69956776467365,97.30720310399232,98.82594507355816,false,false
500,1.0,167.13740123041788,98.035842419734,1.3446785637166272,1.5292044112022012,166.4714447709194,167.81612333463602,97.24785601128796,98.77706042249017,false,false
500,1.0,166.96002536261506,98.0822768232489,1.3541077750606405,1.5529832031450042,166.27597699177045,167.6300847668311,97.29400156851277,98.84698477165777,false,false
500,1.0,167.1873301072424,98.02708494299324,1.329680200199249,1.5116265435423912,166.5222052465851,167.85188544678434,97.24725716173128,98.75888370527367,false,false
500,1.0,167.03000568812638,98.07348587813144,1.3268101983172755,1.5106687163455348,166.36066577500537,167.68747597332265,97.2892649137525,98.79993363009804,false,false
500,1.0,166.2537018072276,98.33391225211977,1.3651898379697798,1.5100939690038047,165.57090726228427,166.93609710025405,97.51787964088388,99.02797360988768,false,false
500,1.0,166.6358185316965,98.16700713285121,1.384137207632449,1.4937281056284917,165.9534934204734,167.33763062810584,97.40005971218804,98.89378781781653,false,false
500,1.0,167.11886244375472,98.05328077246045,1.2941795949761286,1.5071507092786192,166.47234180883243,167.76652140380855,97.27807400432283,98.78522471360145,false,false
500,1.0,166.4310782988953,98.23451186076326,1.3532747055804748,1.490271932454391,165.75381078354042,167.1070854891209,97.46222175374399,98.95249368619838,false,false
500,1.0,166.83203562367999,98.16800085940795,1.3254324334470482,1.5206998305165484,166.17962283482072,167.50505526826777,97.37888378224413,98.89958361276068,false,false
500,1.0,167.32102803806276,97.97985792230989,1.3641043593588904,1.5257952738526797,166.64635625368,168.0104606130389,97.2002934092097,98.72608868306239,false,false
500,1.0,166.673177473605,98.19354067061785,1.3964103018771254,1.5427313210471567,165.9434280706857,167.33983837256284,97.40884548338728,98.95157680443444,false,false
500,1.0,166.71950645148357,98.18701604019344,1.3984472072996823,1.4882647769788377,166.02349810349526,167.42194531079494,97.43059356379439,98.91885834077323,false,false
500,1.0,166.52608219297133,98.22980572777395,1.3917359803385523,1.5506600121360492,165.83344869722276,167.22518467756132,97.41836170747595,98.969021719612,false,false
500,1.0,167.22830664416387,97.98664188830523,1.3157391870272477,1.5241167039116448,166.56913506376992,167.88487425079717,97.20212957383615,98.72624627774779,false,false
500,1.0,166.92544727666967,98.10024428555869,1.3689782894196298,1.5298665281147947,166.2304014031346,167.59937969255424,97.31067445262839,98.84054098074319,false,false
500,1.0,166.95416972585684,98.09334048901513,1.3261490283993282,1.4903071984853398,166.27184047856798,167.5979895069673,97.33156695101542,98.82187414950076,false,false
500,1.0,166.81843199201057,98.14966063728468,1.3534693791466168,1.522800935892775,166.13915030309468,167.4926196822413,97.3463146656554,98.86911560154817,false,false
500,1.0,166.98174574310724,98.12302099382845,1.358717450208104,1.5420145057882877,166.28968186751055,167.64839931771866,97.31311988805774,98.85513439384603,false,false
500,1.0,167.19755376588125,97.9789034318278,1.3344223611721873,1.4979091476286612,166.54875516042102,167.8831775215932,97.22284664180926,98.72075578943792,false,false
500,1.0,166.88215796519802,98.13425964251856,1.351686636926928,1.5531940429661546,166.21246976655178,167.5641564034787,97.33734347088688,98.89053751385303,false,false
500,1.0,167.0569343419529,98.06057369605334,1.346211326168742,1.5610564712313817,166.39212104939705,167.7383323755658,97.27415582919866,98.83521230043004,false,false
500,1.0,167.05135894306682,98.07354429461736,1.3829273793392645,1.5444850094468876,166.3615490067221,167.74447638606136,97.28370934882386,98.82819435827075,false,false
500,1.0,166.52859409936525,98.24678759664445,1.3522377575214648,1.4971311839653225,165.86669062712576,167.21892838464723,97.4769381875826,98.97406937154793,false,false
500,1.0,166.91098913551025,98.12281332866198,1.3401857692164754,1.5357008486819126,166.2458774748998,167.58606324411627,97.34743863770748,98.8831394863894,false,false
500,1.0,166.46436034139583,98.22109944627191,1.310117746381195,1.5265568811437902,165.82029695811406,167.13041470449525,97.44791725943126,98.97447414057505,false,false
500,1.0,166.83998931343783,98.12324312759189,1.3665846762654041,1.5291442683366228,166.1442297798003,167.5108144560657,97.31061418269358,98.8397584510302,false,false
500,1.0,166.74060502449743,98.1403779454906,1.3945143343620714,1.5180092703475765,166.05585088901617,167.45036522337824,97.36345267083705,98.88146194118463,false,false
500,1.0,166.5930862367107,98.21847493819784,1.3738639472865373,1.511631129373498,165.91415188810126,167.2880158353878,97.43931185930967,98.95094298868317,false,false
500,1.0,166.86449268659132,98.1170073611145,1.396009405446648,1.5445178925416627,166.1662421346973,167.56225154014396,97.30903772557008,98.85355561811174,false,false
500,1.0,166.98288690416516,98.09205848109792,1.3523580913026194,1.5662639870632802,166.32361529076996,167.67597338207258,97.29327181005809,98.85953579712137,false,false
500,1.0,166.46953322804086,98.2398105056296,1.4391707806078102,1.4963173876811595,165.741007479092,167.1801782596998,97.46283515869091,98.95915254637207,false,false
500,1.0,167.05876620160328,98.03918982809108,1.3415869574116641,1.5163719618088862,166.39060171559177,167.73218867300344,97.25706445420957,98.77343641601846,false,false
500,1.0,166.68753889961982,98.18100134774977,1.4039339277622958,1.4995343716425396,165.9815832137184,167.3855171414807,97.3937146981324,98.89324906977494,false,false
500,1.0,166.74106582895888,98.15144829792558,1.3425117897947416,1.538354379020177,166.0663660617077,167.40887785150244,97.35642164323812,98.8947760222583,false,false
500,1.0,166.7060473191259,98.1829435762481,1.3706518688984204,1.5185637829412997,166.02663467924626,167.39728654814468,97.41341130554198,98.93197508848328,false,false
500,1.0,167.10286615174653,98.04147412682178,1.3733475629416887,1.5166481693621705,166.4051824640838,167.77853002702548,97.27599319501374,98.79264136437591,false,false
500,1.0,166.72338398307912,98.13524854886234,1.3688404676626362,1.501426157146085,166.03686439565755,167.40570486332018,97.36529005192023,98.86671620906631,false,false
500,1.0,166.89903783640955,98.14173876896041,1.3479283696762536,1.5484012199607236,166.21400787757563,167.56193624725188,97.3356833854779,98.88408460543863,false,false
500,1.0,166.9183958316674,98.109705151291,1.3728392695456648,1.5038903383369018,166.21571555372898,167.58855482327465,97.34666701598933,98.85055735432623,false,false
500,1.0,166.91148424752527,98.11616950404968,1.344978068032134,1.5084535236327525,166.23462284160775,167.57960090963988,97.3498180125364,98.85827153616916,false,false
500,1.0,167.08174308143873,98.02919720888616,1.3335473479800157,1.5129000795515566,166.42206621606368,167.7556135640437,97.25373671048521,98.76663679003677,false,false
500,1.0,166.84324802637414,98.12007268154514,1.3986626247882157,1.510321976947111,166.14659343205463,167.54525605684285,97.35119498410403,98.86151696105114,false,false
500,1.0,166.7137025613925,98.15948229020046,1.4106968008162823,1.5130702577011874,165.99983987413236,167.41053667494864,97.38618565229417,98.89925590999536,false,false
500,1.0,166.68426447273492,98.13702932319626,1.3510306238565875,1.5096165395143544,165.99554683068723,167.34657745454382,97.3739666358706,98.88358317538496,false,false
500,1.0,166.56783600646446,98.22719237205112,1.3671727415754162,1.5002494732202223,165.88092949702462,167.24810223860004,97.44171015832833,98.94195963154856,false,false
500,1.0,167.00226460378832,98.052704997645,1.384042947927071,1.5278813733795005,166.3251855629307,167.70922851085777,97.2771104386116,98.8049918119911,false,false
500,1.0,166.91244320358845,98.11308203755468,1.3977222685062713,1.5070228414569158,166.2124643051932,167.61018657369948,97.33573302385105,98.84275586530796,false,false
500,1.0,166.72774435429596,98.15524702452302,1.3852305179597693,1.5164887976340964,166.04906115925763,167.4342916772174,97.37344000163043,98.88992879926452,false,false
500,1.0,166.84268943361818,98.16153984620773,1.3315340529100865,1.5144061671648075,166.164726445631,167.4962604985411,97.36050169511469,98.8749078622795,false,false
500,1.0,167.05258653057564,98.08037982774084,1.365438335957549,1.5059396481312461,166.36604491218068,167.73148324813823,97.28536123199461,98.79130088012586,false,false
500,1.0,166.6638187207854,98.16816347713578,1.358304890131194,1.5119722557299724,165.97466113510225,167.33296602523345,97.38766734720177,98.89963960293174,false,false
500,1.0,166.7356079141249,98.18213605980361,1.3581183188186685,1.5325696941033584,166.05182290998818,167.40994122880684,97.36541116262093,98.89798085672429,false,false
500,1.0,167.04352823442503,98.073104075593,1.3533086799821774,1.51623034160869,166.37104693699527,167.72435561697745,97.29002402258439,98.80625436419308,false,false
500,1.0,166.7553212995249,98.14043121105907,1.3576681844518816,1.5404440210929522,166.06065554221777,167.41832372666966,97.35101341116551,98.89145743225846,false,false
500,1.0,166.74363019822306,98.17475577597875,1.3669088110617054,1.5305077272915355,166.07125479222287,167.43816360328458,97.3685519810831,98.89905970837464,false,false
500,1.0,166.83903131679955,98.133019138805,1.3664686489380529,1.5678513825724707,166.14116367508097,167.50763232401903,97.31389259053714,98.88174397310961,false,false
500,1.0,166.90307802552294,98.1169764440854,1.355527030906245,1.5490776734871332,166.23822424876064,167.5937512796669,97.33412217901311,98.88319985250024,false,false
500,1.0,166.84790802004756,98.13517674128562,1.3529405225846176,1.4905026176067082,166.1663249885042,167.5192655110888,97.36172168987244,98.85222430747915,false,false
500,1.0,167.1135379878736,98.03545660991063,1.358811084233622,1.5340144008175827,166.43993073486786,167.79874181910148,97.23826107765562,98.7722754784732,false,false
500,1.0,166.93520906224785,98.09691014017073,1.3796071165791943,1.5561640215696144,166.2193407580662,167.5989478746454,97.28568426202882,98.84184828359844,false,false
500,1.0,166.60680384159693,98.19735451990564,1.380223835565971,1.476223018379173,165.91705018124358,167.29727401680955,97.41251437786875,98.88873739624792,false,false
500,1.0,166.9781467283596,98.0878937969764,1.3625313172060203,1.5396165862762956,166.30061635393966,167.66314767114568,97.311649171504,98.8512657577803,false,false
500,1.0,167.08654410749574,98.06026527139144,1.3201668108073648,1.5056828847986026,166.43413679471632,167.7543036055237,97.29640773208537,98.80209061688397,false,false
500,1.0,166.95988365724463,98.13004271326017,1.362652347262724,1.5413601067397593,166.27925498139078,167.6419073286535,97.33430625131723,98.87566635805699,false,false
500,1.0,166.8219833653501,98.12604898622538,1.3675968715659508,1.5158758512675519,166.14743590337298,167.51503277493893,97.35391030600374,98.86978615727129,false,false
500,1.0,167.13681000125894,98.04394511833524,1.3724995101920285,1.557071903922889,166.4286613650446,167.80116087523663,97.22544864494262,98.7825205488655,false,false
500,1.0,166.75136193366166,98.12921444461165,1.3870338632675043,1.5233803486247126,166.06652006407543,167.45355392734294,97.35365347624898,98.87703382487369,false,false
500,1.0,166.76613354468844,98.15928954207999,1.3902949406959806,1.545473419124093,166.07709044406982,167.4673853847658,97.35979145819138,98.90526487731547,false,false
500,1.0,166.97168632947728,98.06658065633769,1.3530131642482672,1.5260138444481584,166.3062858547591,167.65929901900736,97.27060581134808,98.79661965579623,false,false
500,1.0,166.59687100026414,98.24458500918766,1.3631314224232085,1.502168243178133,165.9206048722673,167.2837362946905,97.44680456583188,98.94897280901002,false,false
500,1.0,167.050942373976,98.07568179102947,1.3699799106429396,1.5657795249179998,166.36204979981005,167.732029710453,97.2679014237647,98.8336809486827,false,false
500,1.0,166.92432056757562,98.12632808166899,1.336125544691157,1.5160595358193376,166.24744524099302,167.58357078568417,97.35261351579861,98.86867305161795,false,false
500,1.0,166.54575790818433,98.21195339347685,1.393877303337291,1.4947275849036288,165.84478179287933,167.23865909621662,97.45357631722483,98.94830390212846,false,false
500,1.0,166.95859511574906,98.07533993561863,1.3526526185123942,1.5211732567651808,166.29661309020648,167.64926570871887,97.30075751956458,98.82193077632976,false,false
500,1.0,166.78400471954774,98.17068222059262,1.365733144155655,1.535138872170407,166.0950357541845,167.46076889834015,97.38387205127273,98.91901092344314,false,false
500,1.0,166.9951531501872,98.06729096332924,1.329229308764667,1.5401870122369843,166.3205813161584,167.64981062492308,97.28570657661764,98.82589358885463,false,false
500,1.0,167.3051060752843,97.99432638001618,1.3638484625076899,1.5359265260979384,166.6081837364198,167.97203219892748,97.20378941296815,98.73971593906609,false,false
500,1.0,166.80122628768726,98.19148589378099,1.4078213680044769,1.5635882906166785,166.1061658445202,167.51398721252468,97.38355663345929,98.94714492407597,false,false
500,1.0,166.70934160905904,98.14003715194352,1.3757538436905747,1.5306604140094464,166.01325338931804,167.3890072330086,97.37400924554781,98.90466965955726,false,false
500,1.0,166.6121026864964,98.20595263477351,1.3997857039929045,1.4900462792786442,165.91526459730798,167.3150503013009,97.42486038820813,98.91490666748678,false,false
500,1.0,166.98609131424215,98.10148762617078,1.3618028494510668,1.4912810853795975,166.3084070356024,167.67020988505345,97.31931304083093,98.81059412621053,false,false
500,1.0,166.9146104603718,98.1223959986653,1.3497351886093156,1.5091919734238246,166.233363373036,167.58309856164533,97.33569726861411,98.84488924203794,false,false
500,1.0,166.83406315453576,98.1250891265289,1.3499371996528282,1.539523621477855,166.16155998963856,167.5114971892914,97.33347870372053,98.87300232519839,false,false
500,1.0,167.17102990208346,98.0284087097931,1.3518871731541822,1.5652665735587306,166.48234084649798,167.83422801965216,97.22119050574459,98.78645707930332,false,false
500,1.0,166.85912276603096,98.14290577998413,1.3667724001927581,1.5231125867385344,166.1745586854725,167.54133108566526,97.35938706398598,98.88249965072451,false,false
500,1.0,166.82068529460588,98.14982203171192,1.3528367749202346,1.5144717979478344,166.1463594655871,167.49919624050733,97.37516475189557,98.8896365498434,false,false
500,1.0,166.64543491309257,98.17161833753862,1.3661942364943798,1.4878833527690603,165.9455912606675,167.31178549716188,97.4099374682801,98.89782082104917,false,false
500,1.0,167.3545665771557,97.99465441755092,1.350610111178554,1.5091337762183343,166.66220992448478,168.01282003566334,97.21553435400108,98.72466813021941,false,false
500,1.0,166.86748595590655,98.15600057346967,1.3615495073498778,1.5624659370891294,166.19618579422723,167.5577353015771,97.33858960196864,98.90105553905777,false,false
500,1.0,167.15396095896944,98.048675008548,1.3541274826278595,1.5371299649783623,166.47901827874085,167.8331457613687,97.23233569505061,98.76946566002897,false,false
500,1.0,166.96326416868874,98.0749824533811,1.3442785123372687,1.5012587969044517,166.29658879019325,167.64086730253052,97.2971339975515,98.79839279445595,false,false
500,1.0,166.65360858364147,98.15060984641212,1.3906576330080895,1.5173397530829362,165.95479578762112,167.3454534206292,97.38386686547473,98.90120661855767,false,false
500,1.0,166.85353469594548,98.13195805372324,1.3523836742505182,1.5046046813482121,166.15205417110906,167.50443784535958,97.38042519923633,98.88502988058454,false,false
500,1.0,166.7864407881014,98.14825176218926,1.3350007523378338,1.5021981106770284,166.1360990205114,167.47109977284924,97.3714068897216,98.87360500039863,false,false
500,1.0,166.84494178124106,98.09186931689787,1.3846684952166015,1.5203733046356547,166.14600246510338,167.53067096031998,97.34262517382703,98.86299847846269,false,false
500,1.0,167.0860815594345,98.03730028849245,1.3433974791850574,1.5364872185947291,166.41247974059553,167.7558772197806,97.2338697998603,98.77035701845503,false,false
500,1.0,166.8145677150158,98.12700413182759,1.3817829855344996,1.5552295365754105,166.12134991591623,167.50313290145073,97.31913803415749,98.8743675707329,false,false
500,1.0,166.92964718626718,98.09093747361953,1.3561540500401748,1.4960661396326032,166.26515853848548,167.62131258852565,97.33742801631192,98.83349415594452,false,false
500,1.0,166.85624907798626,98.13417250332843,1.3535379750614993,1.5560630297336502,166.18006115408446,167.53359912914595,97.33281332237274,98.8888763521064,false,false
500,1.0,166.71389227884669,98.21544976330644,1.3470382704311703,1.5268847492173734,166.03869286657468,167.38573113700585,97.42313320407203,98.9500179532894,false,false
500,1.0,166.97291611473315,98.08292159016409,1.3317796422322772,1.5051108268327624,166.3130372868576,167.64481692908987,97.30819179316228,98.81330261999504,false,false
500,1.0,166.85695868393478,98.10209863321964,1.3238480284588547,1.4713967082145274,166.18929611816753,167.5131441466264,97.34464441618653,98.81604112440105,false,false
500,1.0,167.3178656202423,97.99047483198031,1.346482334197077,1.5500769995789057,166.62808739276562,167.9745697269627,97.19863498647128,98.74871198605018,false,false
500,1.0,166.61531704506046,98.2006218160222,1.3627249070675589,1.5050563856455312,165.92675041810253,167.2894753251701,97.43084455540416,98.9359009410497,false,false
500,1.0,167.07041182254255,98.02709928003648,1.3395863017377394,1.53614266006565,166.40098567334692,167.74057197508466,97.242069445156,98.77821210522166,false,false
500,1.0,166.83735919531512,98.09458869288218,1.394319166541834,1.5259583424564482,166.14021236630722,167.53453153284906,97.31808505280836,98.8440433952648,false,false
500,1.0,166.773261283694,98.13326461960824,1.367297691281351,1.5358749304993893,166.0928655561916,167.46016324747296,97.35848744368336,98.89436237418275,false,false
500,1.0,166.92113249196353,98.09346746562429,1.3749302524822156,1.5383259502661417,166.21257554055666,167.58750579303887,97.30980627150916,98.8481322217753,false,false
500,1.0,166.84367514717218,98.10850400920074,1.356900289310488,1.5140744089102185,166.18896538419384,167.54586567350432,97.33827756486147,98.85235197377169,false,false
500,1.0,166.8923042612535,98.14987489745218,1.348286714368811,1.5052728062440792,166.2226276527311,167.5709143670999,97.366644227064,98.87191703330808,false,false
500,1.0,166.71082829965331,98.18961091878352,1.3611934993268733,1.503032178163835,166.02897970546744,167.3901732047943,97.41611071468529,98.91914289284912,false,false
500,1.0,167.03568435151243,98.07299003114784,1.374755254702393,1.5738608552374984,166.35908122581628,167.73383648051868,97.26949335024646,98.84335420548396,false,false
500,1.0,167.0511806317949,98.07955130267048,1.3308451771918328,1.471628375005892,166.37928511079556,167.7101302879874,97.32259631440942,98.79422468941532,false,false
500,1.0,166.9813182583095,98.0757483306109,1.3395347933509072,1.5705534629516649,166.32503468172615,167.66456947507706,97.2704410096825,98.84099447263416,false,false
500,1.0,166.90382425062182,98.11977899296028,1.3691302792364866,1.5224671647481642,166.2018129175075,167.570943196744,97.33280200820504,98.8552691729532,false,false
500,1.0,166.3382924315651,98.29309371092333,1.374778958188699,1.465223488173578,165.66188266196747,167.03666162015617,97.5224832963113,98.98770678448487,false,false
500,1.0,166.78491294881826,98.16791580509563,1.3549737579811563,1.5173074326653477,166.1190125340762,167.47398629205736,97.37431264864969,98.89162008131504,false,false
500,1.0,166.85148922116724,98.10237483590592,1.3607798405913343,1.495056218590662,166.1752956223325,167.53607546292383,97.32182223744502,98.81687845603568,false,false
500,1.0,166.92677213955528,98.06136724543626,1.3242072025154243,1.5205706303736832,166.2514561599884,167.57566336250383,97.30660093782235,98.82717156819604,false,false
